mtllib material.mtl
usemtl material_diff_wheel_2
v -46.69364077 -5.35759796 -14.95000185
v -54.68841080 -5.84614421 -14.95000220
v -46.99999935 -0.00000205 -14.95000186
v -54.99999935 -0.00000240 -14.95000221
v -54.68841131 5.84613942 -14.95000220
v -53.75718954 -11.62604281 -14.95000216
v -45.77855952 -10.64535246 -14.95000181
v -52.21686795 -17.27422180 -14.95000209
v -44.26668033 -15.79432204 -14.95000174
v -50.08490970 -22.72667150 -14.95000200
v -42.17772900 -20.73739236 -14.95000165
v -47.38546947 -27.92162149 -14.95000188
v -39.53890815 -25.41012174 -14.95000154
v -44.14913732 -32.80020335 -14.95000174
v -36.38464923 -29.75159232 -14.95000140
v -40.41257630 -37.30715356 -14.95000158
v -32.75605943 -33.70519018 -14.95000124
v -36.21811811 -41.39139334 -14.95000139
v -28.70044862 -37.21939975 -14.95000106
v -31.61330724 -45.00665040 -14.95000119
v -24.27067706 -40.24840270 -14.95000087
v -26.65029632 -48.11197016 -14.95000097
v -19.52450691 -42.75270166 -14.95000066
v -21.38532733 -50.67216204 -14.95000074
v -14.52379729 -44.69965045 -14.95000044
v -15.87805739 -52.65821145 -14.95000050
v -9.33374901 -46.06388133 -14.95000022
v -10.19087681 -54.04763076 -14.95000025
v -4.02202241 -46.82759112 -14.94999999
v -4.38823300 -54.82466145 -14.95000000
v 1.34213671 -46.98083109 -14.94999975
v 1.46413203 -54.98051065 -14.94999975
v 7.29990691 -54.51340834 -14.94999949
v 6.68879968 -46.52160997 -14.94999952
v 13.05297292 -53.42863789 -14.94999924
v 11.94826295 -45.45589776 -14.94999929
v 18.65814310 -51.73850932 -14.94999899
v 17.05196256 -43.79761049 -14.94999906
v 24.05190368 -49.46215715 -14.94999876
v 21.93337306 -41.56833934 -14.94999885
v 29.17315180 -46.62539927 -14.94999853
v 26.52883192 -38.79717902 -14.94999865
v 33.96385066 -43.26034016 -14.94999832
v 30.77845222 -35.52022799 -14.94999846
v 38.36973428 -39.40511917 -14.94999813
v 34.62683310 -31.78021852 -14.94999830
v 42.34087209 -35.10342985 -14.94999796
v 38.02380176 -27.62590814 -14.94999815
v 45.83227356 -30.40399733 -14.94999781
v 40.92506194 -23.11144841 -14.94999802
v 48.80436120 -25.36008812 -14.94999768
v 43.29280999 -18.29569818 -14.94999792
v 51.22349320 -20.02882734 -14.94999757
v 45.09616975 -13.24142831 -14.94999784
v 53.06223044 -14.47063786 -14.94999749
v 46.31163125 -8.01454056 -14.94999778
v 54.29975995 -8.74849177 -14.94999744
v 46.92335206 -2.68317184 -14.94999776
v 54.92205126 -2.92721771 -14.94999741
v 46.92335182 2.68317595 -14.94999776
v 54.92205100 2.92722251 -14.94999741
v 54.29975918 8.74849652 -14.94999744
v 46.31163055 8.01454460 -14.94999778
v 53.06222918 14.47064250 -14.94999749
v 45.09616859 13.24143225 -14.94999784
v 51.22349145 20.02883181 -14.94999757
v 43.29280839 18.29570197 -14.94999792
v 48.80435898 25.36009239 -14.94999768
v 40.92505992 23.11145198 -14.94999802
v 45.83227090 30.40400133 -14.94999781
v 38.02379934 27.62591147 -14.94999815
v 42.34086902 35.10343355 -14.94999796
v 34.62683032 31.78022155 -14.94999830
v 38.36973083 39.40512253 -14.94999813
v 30.77844911 35.52023068 -14.94999846
v 33.96384688 43.26034313 -14.94999832
v 26.52882853 38.79718134 -14.94999865
v 29.17314772 46.62540182 -14.94999853
v 21.93336943 41.56834126 -14.94999885
v 24.05189936 49.46215925 -14.94999876
v 17.05195873 43.79761198 -14.94999906
v 18.65813857 51.73851095 -14.94999899
v 11.94825897 45.45589881 -14.94999929
v 13.05296825 53.42863903 -14.94999924
v 6.68879562 46.52161055 -14.94999952
v 7.29990214 54.51340898 -14.94999949
v 1.34213260 46.98083120 -14.94999975
v 1.46412722 54.98051078 -14.94999975
v -4.38823779 54.82466106 -14.95000000
v -4.02202650 46.82759077 -14.94999999
v -10.19088153 54.04762986 -14.95000025
v -9.33375304 46.06388051 -14.95000022
v -15.87806199 52.65821006 -14.95000050
v -14.52380120 44.69964918 -14.95000044
v -21.38533176 50.67216017 -14.95000074
v -19.52451065 42.75269995 -14.95000066
v -26.65030052 48.11196783 -14.95000097
v -24.27068058 40.24840058 -14.95000087
v -31.61331117 45.00664764 -14.95000119
v -28.70045187 37.21939724 -14.95000106
v -36.21812173 41.39139017 -14.95000139
v -32.75606237 33.70518732 -14.95000124
v -40.41257956 37.30715003 -14.95000158
v -36.38465183 29.75158914 -14.95000140
v -44.14914018 32.80019949 -14.95000174
v -39.53891037 25.41011828 -14.95000154
v -47.38547191 27.92161734 -14.95000188
v -42.17773081 20.73738867 -14.95000165
v -50.08491169 22.72666712 -14.95000200
v -44.26668171 15.79431817 -14.95000174
v -52.21686946 17.27421723 -14.95000209
v -45.77856045 10.64534846 -14.95000181
v -53.75719056 11.62603811 -14.95000216
v -46.69364124 5.35759388 -14.95000185
v -46.69364161 -5.35759796 4.04999815
v -46.99999935 -0.00000205 -14.95000186
v -47.00000018 -0.00000205 4.04999814
v -46.69364124 5.35759388 -14.95000185
v -46.69364207 5.35759388 4.04999815
v -45.77856045 10.64534846 -14.95000181
v -45.77856128 10.64534846 4.04999819
v -44.26668171 15.79431817 -14.95000174
v -44.26668254 15.79431817 4.04999826
v -42.17773081 20.73738867 -14.95000165
v -42.17773164 20.73738867 4.04999835
v -39.53891037 25.41011828 -14.95000154
v -39.53891120 25.41011828 4.04999846
v -36.38465183 29.75158914 -14.95000140
v -36.38465266 29.75158914 4.04999860
v -32.75606237 33.70518732 -14.95000124
v -32.75606320 33.70518732 4.04999876
v -28.70045187 37.21939724 -14.95000106
v -28.70045270 37.21939724 4.04999894
v -24.27068058 40.24840058 -14.95000087
v -24.27068141 40.24840058 4.04999913
v -19.52451065 42.75269995 -14.95000066
v -19.52451148 42.75269995 4.04999934
v -14.52380120 44.69964918 -14.95000044
v -14.52380203 44.69964918 4.04999956
v -9.33375304 46.06388051 -14.95000022
v -9.33375387 46.06388051 4.04999978
v -4.02202650 46.82759077 -14.94999999
v -4.02202733 46.82759077 4.05000001
v 1.34213260 46.98083120 -14.94999975
v 1.34213177 46.98083120 4.05000025
v 6.68879562 46.52161055 -14.94999952
v 6.68879479 46.52161055 4.05000048
v 11.94825897 45.45589881 -14.94999929
v 11.94825814 45.45589881 4.05000071
v 17.05195873 43.79761198 -14.94999906
v 17.05195790 43.79761198 4.05000094
v 21.93336943 41.56834126 -14.94999885
v 21.93336860 41.56834126 4.05000115
v 26.52882853 38.79718134 -14.94999865
v 26.52882770 38.79718134 4.05000135
v 30.77844911 35.52023068 -14.94999846
v 30.77844828 35.52023068 4.05000154
v 34.62683032 31.78022155 -14.94999830
v 34.62682949 31.78022155 4.05000170
v 38.02379934 27.62591147 -14.94999815
v 38.02379851 27.62591147 4.05000185
v 40.92505992 23.11145198 -14.94999802
v 40.92505908 23.11145198 4.05000198
v 43.29280839 18.29570197 -14.94999792
v 43.29280756 18.29570197 4.05000208
v 45.09616859 13.24143225 -14.94999784
v 45.09616776 13.24143225 4.05000216
v 46.31163055 8.01454460 -14.94999778
v 46.31162972 8.01454460 4.05000222
v 46.92335182 2.68317595 -14.94999776
v 46.92335099 2.68317595 4.05000224
v 46.92335099 2.68317595 4.05000224
v 46.92335182 2.68317595 -14.94999776
v 46.92335206 -2.68317184 -14.94999776
v 46.92335123 -2.68317184 4.05000224
v 46.31163125 -8.01454056 -14.94999778
v 46.31163042 -8.01454056 4.05000222
v 45.09616975 -13.24142831 -14.94999784
v 45.09616892 -13.24142831 4.05000216
v 43.29280999 -18.29569818 -14.94999792
v 43.29280916 -18.29569818 4.05000208
v 40.92506194 -23.11144841 -14.94999802
v 40.92506111 -23.11144841 4.05000198
v 38.02380176 -27.62590814 -14.94999815
v 38.02380093 -27.62590814 4.05000185
v 34.62683310 -31.78021852 -14.94999830
v 34.62683227 -31.78021852 4.05000170
v 30.77845222 -35.52022799 -14.94999846
v 30.77845139 -35.52022799 4.05000154
v 26.52883192 -38.79717902 -14.94999865
v 26.52883109 -38.79717902 4.05000135
v 21.93337306 -41.56833934 -14.94999885
v 21.93337223 -41.56833934 4.05000115
v 17.05196256 -43.79761049 -14.94999906
v 17.05196173 -43.79761049 4.05000094
v 11.94826295 -45.45589776 -14.94999929
v 11.94826212 -45.45589776 4.05000071
v 6.68879968 -46.52160997 -14.94999952
v 6.68879885 -46.52160997 4.05000048
v 1.34213671 -46.98083109 -14.94999975
v 1.34213588 -46.98083109 4.05000025
v -4.02202241 -46.82759112 -14.94999999
v -4.02202324 -46.82759112 4.05000001
v -9.33374901 -46.06388133 -14.95000022
v -9.33374984 -46.06388133 4.04999978
v -14.52379729 -44.69965045 -14.95000044
v -14.52379812 -44.69965045 4.04999956
v -19.52450691 -42.75270166 -14.95000066
v -19.52450774 -42.75270166 4.04999934
v -24.27067706 -40.24840270 -14.95000087
v -24.27067789 -40.24840270 4.04999913
v -28.70044862 -37.21939975 -14.95000106
v -28.70044945 -37.21939975 4.04999894
v -32.75605943 -33.70519018 -14.95000124
v -32.75606026 -33.70519018 4.04999876
v -36.38464923 -29.75159232 -14.95000140
v -36.38465006 -29.75159232 4.04999860
v -39.53890815 -25.41012174 -14.95000154
v -39.53890898 -25.41012174 4.04999846
v -42.17772900 -20.73739236 -14.95000165
v -42.17772983 -20.73739236 4.04999835
v -44.26668033 -15.79432204 -14.95000174
v -44.26668116 -15.79432204 4.04999826
v -45.77855952 -10.64535246 -14.95000181
v -45.77856035 -10.64535246 4.04999819
v -46.69364077 -5.35759796 -14.95000185
v -20.18856051 -3.55978887 4.04999931
v -46.69364161 -5.35759796 4.04999815
v -20.50000018 -0.00000090 4.04999929
v -47.00000018 -0.00000205 4.04999814
v -46.69364207 5.35759388 4.04999815
v -45.77856035 -10.64535246 4.04999819
v -19.26370036 -7.01141394 4.04999935
v -44.26668116 -15.79432204 4.04999826
v -42.17772983 -20.73739236 4.04999835
v -17.75351879 -10.25000078 4.04999941
v -39.53890898 -25.41012174 4.04999846
v -15.70390948 -13.17715046 4.04999950
v -36.38465006 -29.75159232 4.04999860
v -32.75606026 -33.70519018 4.04999876
v -13.17714926 -15.70391045 4.04999961
v -28.70044945 -37.21939975 4.04999894
v -10.24999940 -17.75351951 4.04999974
v -24.27067789 -40.24840270 4.04999913
v -19.52450774 -42.75270166 4.04999934
v -7.01141243 -19.26370079 4.04999988
v -14.52379812 -44.69965045 4.04999956
v -3.55978728 -20.18856064 4.05000004
v -9.33374984 -46.06388133 4.04999978
v -4.02202324 -46.82759112 4.05000001
v 0.00000072 -20.50000000 4.05000019
v 1.34213588 -46.98083109 4.05000025
v 6.68879885 -46.52160997 4.05000048
v 3.55978869 -20.18856033 4.05000035
v 11.94826212 -45.45589776 4.05000071
v 7.01141376 -19.26370018 4.05000050
v 17.05196173 -43.79761049 4.05000094
v 21.93337223 -41.56833934 4.05000115
v 10.25000060 -17.75351861 4.05000064
v 26.52883109 -38.79717902 4.05000135
v 13.17715028 -15.70390930 4.05000077
v 30.77845139 -35.52022799 4.05000154
v 34.62683227 -31.78021852 4.05000170
v 15.70391027 -13.17714909 4.05000088
v 38.02380093 -27.62590814 4.05000185
v 17.75351933 -10.24999922 4.05000097
v 40.92506111 -23.11144841 4.05000198
v 43.29280916 -18.29569818 4.05000208
v 19.26370061 -7.01141226 4.05000103
v 45.09616892 -13.24142831 4.05000216
v 20.18856046 -3.55978711 4.05000107
v 46.31163042 -8.01454056 4.05000222
v 46.92335123 -2.68317184 4.05000224
v 20.49999982 0.00000090 4.05000109
v 46.92335099 2.68317595 4.05000224
v 20.18856015 3.55978887 4.05000107
v 46.31162972 8.01454460 4.05000222
v 45.09616776 13.24143225 4.05000216
v 19.26370000 7.01141394 4.05000103
v 43.29280756 18.29570197 4.05000208
v 17.75351843 10.25000078 4.05000097
v 40.92505908 23.11145198 4.05000198
v 38.02379851 27.62591147 4.05000185
v 15.70390912 13.17715046 4.05000088
v 34.62682949 31.78022155 4.05000170
v 13.17714891 15.70391045 4.05000077
v 30.77844828 35.52023068 4.05000154
v 26.52882770 38.79718134 4.05000135
v 10.24999905 17.75351951 4.05000064
v 21.93336860 41.56834126 4.05000115
v 7.01141208 19.26370079 4.05000050
v 17.05195790 43.79761198 4.05000094
v 11.94825814 45.45589881 4.05000071
v 3.55978693 20.18856064 4.05000035
v 6.68879479 46.52161055 4.05000048
v -0.00000107 20.50000000 4.05000019
v 1.34213177 46.98083120 4.05000025
v -4.02202733 46.82759077 4.05000001
v -3.55978905 20.18856033 4.05000004
v -9.33375387 46.06388051 4.04999978
v -14.52380203 44.69964918 4.04999956
v -7.01141412 19.26370018 4.04999988
v -19.52451148 42.75269995 4.04999934
v -10.25000095 17.75351861 4.04999974
v -24.27068141 40.24840058 4.04999913
v -28.70045270 37.21939724 4.04999894
v -13.17715064 15.70390930 4.04999961
v -32.75606320 33.70518732 4.04999876
v -15.70391063 13.17714909 4.04999950
v -36.38465266 29.75158914 4.04999860
v -39.53891120 25.41011828 4.04999846
v -17.75351968 10.24999922 4.04999941
v -42.17773164 20.73738867 4.04999835
v -19.26370097 7.01141226 4.04999935
v -44.26668254 15.79431817 4.04999826
v -45.77856128 10.64534846 4.04999819
v -20.18856082 3.55978711 4.04999931
v -19.69615941 -3.47296491 4.54999933
v -20.18856051 -3.55978887 4.04999931
v -20.00000020 -0.00000087 4.54999932
v -20.50000018 -0.00000090 4.04999929
v -19.69615971 3.47296319 4.54999933
v -20.18856082 3.55978711 4.04999931
v -18.79385044 6.84040226 4.54999937
v -19.26370097 7.01141226 4.04999935
v -17.32051150 9.99999924 4.54999943
v -17.75351968 10.24999922 4.04999941
v -15.32089119 12.85574941 4.54999952
v -15.70391063 13.17714909 4.04999950
v -12.85575095 15.32088986 4.54999963
v -13.17715064 15.70390930 4.04999961
v -10.00000096 17.32051043 4.54999975
v -10.25000095 17.75351861 4.04999974
v -6.84040410 18.79384965 4.54999989
v -7.01141412 19.26370018 4.04999988
v -3.47296511 19.69615921 4.55000004
v -3.55978905 20.18856033 4.05000004
v -0.00000107 20.00000000 4.55000019
v -0.00000107 20.50000000 4.05000019
v 3.47296299 19.69615951 4.55000034
v 3.55978693 20.18856064 4.05000035
v 6.84040206 18.79385024 4.55000049
v 7.01141208 19.26370079 4.05000050
v 9.99999904 17.32051130 4.55000063
v 10.24999905 17.75351951 4.05000064
v 12.85574922 15.32089099 4.55000075
v 13.17714891 15.70391045 4.05000077
v 15.32088967 12.85575075 4.55000086
v 15.70390912 13.17715046 4.05000088
v 17.32051023 10.00000076 4.55000095
v 17.75351843 10.25000078 4.05000097
v 18.79384945 6.84040390 4.55000101
v 19.26370000 7.01141394 4.05000103
v 19.69615901 3.47296491 4.55000105
v 20.18856015 3.55978887 4.05000107
v 19.99999980 0.00000087 4.55000106
v 20.49999982 0.00000090 4.05000109
v 19.99999980 0.00000087 4.55000106
v 20.49999982 0.00000090 4.05000109
v 19.69615932 -3.47296319 4.55000105
v 20.18856046 -3.55978711 4.05000107
v 18.79385005 -6.84040226 4.55000101
v 19.26370061 -7.01141226 4.05000103
v 17.32051110 -9.99999924 4.55000095
v 17.75351933 -10.24999922 4.05000097
v 15.32089079 -12.85574941 4.55000086
v 15.70391027 -13.17714909 4.05000088
v 12.85575055 -15.32088986 4.55000075
v 13.17715028 -15.70390930 4.05000077
v 10.00000056 -17.32051043 4.55000063
v 10.25000060 -17.75351861 4.05000064
v 6.84040370 -18.79384965 4.55000049
v 7.01141376 -19.26370018 4.05000050
v 3.47296471 -19.69615921 4.55000034
v 3.55978869 -20.18856033 4.05000035
v 0.00000068 -20.00000000 4.55000019
v 0.00000072 -20.50000000 4.05000019
v -3.47296339 -19.69615951 4.55000004
v -3.55978728 -20.18856064 4.05000004
v -6.84040246 -18.79385024 4.54999989
v -7.01141243 -19.26370079 4.04999988
v -9.99999944 -17.32051130 4.54999975
v -10.24999940 -17.75351951 4.04999974
v -12.85574961 -15.32089099 4.54999963
v -13.17714926 -15.70391045 4.04999961
v -15.32089006 -12.85575075 4.54999952
v -15.70390948 -13.17715046 4.04999950
v -17.32051063 -10.00000076 4.54999943
v -17.75351879 -10.25000078 4.04999941
v -18.79384984 -6.84040390 4.54999937
v -19.26370036 -7.01141394 4.04999935
v -19.69615950 -3.47296491 6.54999933
v -19.69615941 -3.47296491 4.54999933
v -20.00000029 -0.00000087 6.54999932
v -20.00000020 -0.00000087 4.54999932
v -19.69615980 3.47296319 6.54999933
v -19.69615971 3.47296319 4.54999933
v -18.79385053 6.84040226 6.54999937
v -18.79385044 6.84040226 4.54999937
v -17.32051159 9.99999924 6.54999943
v -17.32051150 9.99999924 4.54999943
v -15.32089127 12.85574941 6.54999952
v -15.32089119 12.85574941 4.54999952
v -12.85575104 15.32088986 6.54999963
v -12.85575095 15.32088986 4.54999963
v -10.00000104 17.32051043 6.54999975
v -10.00000096 17.32051043 4.54999975
v -6.84040419 18.79384965 6.54999989
v -6.84040410 18.79384965 4.54999989
v -3.47296520 19.69615921 6.55000004
v -3.47296511 19.69615921 4.55000004
v -0.00000116 20.00000000 6.55000019
v -0.00000107 20.00000000 4.55000019
v 3.47296290 19.69615951 6.55000034
v 3.47296299 19.69615951 4.55000034
v 6.84040197 18.79385024 6.55000049
v 6.84040206 18.79385024 4.55000049
v 9.99999896 17.32051130 6.55000063
v 9.99999904 17.32051130 4.55000063
v 12.85574913 15.32089099 6.55000075
v 12.85574922 15.32089099 4.55000075
v 15.32088958 12.85575075 6.55000086
v 15.32088967 12.85575075 4.55000086
v 17.32051014 10.00000076 6.55000095
v 17.32051023 10.00000076 4.55000095
v 18.79384936 6.84040390 6.55000101
v 18.79384945 6.84040390 4.55000101
v 19.69615892 3.47296491 6.55000105
v 19.69615901 3.47296491 4.55000105
v 19.99999971 0.00000087 6.55000106
v 19.99999980 0.00000087 4.55000106
v 19.99999971 0.00000087 6.55000106
v 19.99999980 0.00000087 4.55000106
v 19.69615923 -3.47296319 6.55000105
v 19.69615932 -3.47296319 4.55000105
v 18.79384996 -6.84040226 6.55000101
v 18.79385005 -6.84040226 4.55000101
v 17.32051102 -9.99999924 6.55000095
v 17.32051110 -9.99999924 4.55000095
v 15.32089070 -12.85574941 6.55000086
v 15.32089079 -12.85574941 4.55000086
v 12.85575047 -15.32088986 6.55000075
v 12.85575055 -15.32088986 4.55000075
v 10.00000047 -17.32051043 6.55000063
v 10.00000056 -17.32051043 4.55000063
v 6.84040362 -18.79384965 6.55000049
v 6.84040370 -18.79384965 4.55000049
v 3.47296462 -19.69615921 6.55000034
v 3.47296471 -19.69615921 4.55000034
v 0.00000059 -20.00000000 6.55000019
v 0.00000068 -20.00000000 4.55000019
v -3.47296347 -19.69615951 6.55000004
v -3.47296339 -19.69615951 4.55000004
v -6.84040254 -18.79385024 6.54999989
v -6.84040246 -18.79385024 4.54999989
v -9.99999953 -17.32051130 6.54999975
v -9.99999944 -17.32051130 4.54999975
v -12.85574970 -15.32089099 6.54999963
v -12.85574961 -15.32089099 4.54999963
v -15.32089015 -12.85575075 6.54999952
v -15.32089006 -12.85575075 4.54999952
v -17.32051071 -10.00000076 6.54999943
v -17.32051063 -10.00000076 4.54999943
v -18.79384993 -6.84040390 6.54999937
v -18.79384984 -6.84040390 4.54999937
v -9.94375486 8.65926890 6.54999976
v -6.83535527 4.15667075 6.54999989
v -11.13693112 8.38693379 6.54999970
v -13.59996069 1.71459639 6.54999960
v -14.55682031 2.47766336 6.54999955
v -5.46042544 5.84668756 6.54999995
v -8.98689531 9.42233428 6.54999980
v -3.68052065 7.10308202 6.55000003
v -8.45588282 10.52499925 6.54999982
v -1.19318083 13.27233977 6.55000014
v -2.15003795 14.03540030 6.55000010
v -8.45588287 11.74885999 6.54999982
v -2.68105292 15.13806999 6.55000007
v -8.98689546 12.85152968 6.54999980
v -6.84040419 18.79384965 6.54999989
v -10.00000104 17.32051043 6.54999975
v -9.94375508 13.61459975 6.54999976
v -11.13693136 13.88692998 6.54999970
v -12.85575104 15.32088986 6.54999963
v -12.33011048 13.61459964 6.54999965
v -13.28697099 12.85152949 6.54999961
v -15.32089127 12.85574941 6.54999952
v -13.81798061 11.74885976 6.54999959
v -17.32051159 9.99999924 6.54999943
v -13.81798056 10.52499901 6.54999959
v -13.28697084 9.42233409 6.54999961
v -18.79385053 6.84040226 6.54999937
v -12.33011026 8.65926879 6.54999965
v -15.75000041 2.74999931 6.54999950
v 1.19317910 13.27233987 6.55000024
v 0.54593839 7.98134997 6.55000021
v -0.00000085 13.00000000 6.55000019
v -1.62764862 7.83267300 6.55000012
v 2.67903648 7.53808701 6.55000031
v 2.15003615 14.03540048 6.55000028
v 8.45588133 10.52499999 6.55000056
v 8.45588127 11.74886073 6.55000056
v 2.68105102 15.13807022 6.55000031
v 8.98689376 12.85153047 6.55000058
v 6.84040197 18.79385024 6.55000049
v 9.99999896 17.32051130 6.55000063
v 2.68105097 16.36193096 6.55000031
v 2.15003600 17.46459970 6.55000028
v 3.47296290 19.69615951 6.55000034
v 1.19317888 18.22767072 6.55000024
v -0.00000116 20.00000000 6.55000019
v -0.00000109 18.50000000 6.55000019
v -1.19318105 18.22767062 6.55000014
v -3.47296520 19.69615921 6.55000004
v -2.15003810 17.46459952 6.55000010
v -2.68105297 16.36193073 6.55000007
v 12.33010893 8.65926987 6.55000073
v 7.92548766 1.08933340 6.55000054
v 11.13692981 8.38693477 6.55000068
v 7.33769040 3.18720921 6.55000051
v 9.94375353 8.65926977 6.55000063
v 6.20569035 5.04870442 6.55000046
v 8.98689391 9.42233506 6.55000058
v 4.61344233 6.53575917 6.55000039
v 13.28696944 9.42233525 6.55000077
v 18.79384936 6.84040390 6.55000101
v 19.69615892 3.47296491 6.55000105
v 19.99999971 0.00000087 6.55000106
v 7.92548776 -1.08933271 6.55000054
v 19.69615923 -3.47296319 6.55000105
v 12.33010969 -8.65926879 6.55000073
v 18.79384996 -6.84040226 6.55000101
v 13.28697026 -9.42233409 6.55000077
v 17.32051102 -9.99999924 6.55000095
v 13.81797999 -10.52499901 6.55000079
v 13.81798004 -11.74885976 6.55000079
v 15.32089070 -12.85574941 6.55000086
v 13.28697041 -12.85152949 6.55000077
v 12.85575047 -15.32088986 6.55000075
v 12.33010991 -13.61459964 6.55000073
v 11.13693079 -13.88692998 6.55000068
v 10.00000047 -17.32051043 6.55000063
v 9.94375450 -13.61459975 6.55000063
v 8.98689488 -12.85152968 6.55000058
v 6.84040362 -18.79384965 6.55000049
v 2.68105234 -15.13806999 6.55000031
v 2.68105240 -16.36193073 6.55000031
v 2.15003753 -17.46459952 6.55000028
v 3.47296462 -19.69615921 6.55000034
v 1.19318048 -18.22767062 6.55000024
v 0.00000059 -20.00000000 6.55000019
v 0.00000052 -18.50000000 6.55000019
v -1.19317945 -18.22767072 6.55000014
v -3.47296347 -19.69615951 6.55000004
v -2.15003657 -17.46459970 6.55000010
v -6.84040254 -18.79385024 6.54999989
v -2.68105154 -16.36193096 6.55000007
v -2.68105159 -15.13807022 6.55000007
v -8.98689433 -12.85153047 6.54999980
v -8.45588185 -11.74886073 6.54999982
v 17.32051014 10.00000076 6.55000095
v 13.81797907 10.52500022 6.55000079
v 13.81797901 11.74886096 6.55000079
v 15.32088958 12.85575075 6.55000086
v 13.28696929 12.85153066 6.55000077
v 12.85574913 15.32089099 6.55000075
v 12.33010871 13.61460072 6.55000073
v 11.13692957 13.88693095 6.55000068
v 9.94375331 13.61460062 6.55000063
v 11.13693055 -8.38693379 6.55000068
v 7.33769068 -3.18720857 6.55000051
v 9.94375429 -8.65926890 6.55000063
v 6.20569080 -5.04870388 6.55000046
v 8.98689473 -9.42233428 6.55000058
v 4.61344290 -6.53575877 6.55000039
v 8.45588225 -10.52499925 6.55000056
v 2.67903714 -7.53808677 6.55000031
v 2.15003738 -14.03540030 6.55000028
v 1.19318026 -13.27233977 6.55000024
v 8.45588230 -11.74885999 6.55000056
v 0.54593909 -7.98134992 6.55000021
v 0.00000028 -13.00000000 6.55000019
v -1.62764794 -7.83267314 6.55000012
v -1.19317967 -13.27233987 6.55000014
v -3.68052003 -7.10308234 6.55000003
v -8.45588190 -10.52499999 6.54999982
v -8.98689448 -9.42233506 6.54999980
v -2.15003672 -14.03540048 6.55000010
v -9.94375389 -13.61460062 6.54999976
v -9.99999953 -17.32051130 6.54999975
v -11.13693014 -13.88693095 6.54999970
v -12.85574970 -15.32089099 6.54999963
v -12.33010929 -13.61460072 6.54999965
v -13.28696986 -12.85153066 6.54999961
v -15.32089015 -12.85575075 6.54999952
v -13.81797959 -11.74886096 6.54999959
v -17.32051071 -10.00000076 6.54999943
v -13.81797964 -10.52500022 6.54999959
v -13.28697001 -9.42233525 6.54999961
v -18.79384993 -6.84040390 6.54999937
v -12.33010950 -8.65926987 6.54999965
v -15.75000017 -2.75000069 6.54999950
v -14.55682009 -2.47766463 6.54999955
v -5.46042493 -5.84668803 6.54999995
v -9.94375410 -8.65926977 6.54999976
v -6.83535491 -4.15667135 6.54999989
v -11.13693039 -8.38693477 6.54999970
v -13.59996054 -1.71459758 6.54999960
v -7.70333834 -2.15837441 6.54999985
v -13.06894996 -0.61193356 6.54999962
v -8.00000029 -0.00000035 6.54999984
v -13.06895001 0.61193242 6.54999962
v -7.70333853 2.15837373 6.54999985
v -16.94318048 2.47766325 6.54999945
v -19.69615980 3.47296319 6.54999933
v -17.90004003 1.71459620 6.54999941
v -18.43104966 0.61193219 6.54999939
v -20.00000029 -0.00000087 6.54999932
v -18.43104961 -0.61193380 6.54999939
v -19.69615950 -3.47296491 6.54999933
v -17.90003988 -1.71459777 6.54999941
v -16.94318026 -2.47766473 6.54999945
v -7.70333849 -2.15837441 10.04999985
v -8.00000029 -0.00000035 6.54999984
v -8.00000044 -0.00000035 10.04999984
v -7.70333853 2.15837373 6.54999985
v -7.70333868 2.15837373 10.04999985
v -6.83535527 4.15667075 6.54999989
v -6.83535543 4.15667075 10.04999989
v -5.46042544 5.84668756 6.54999995
v -5.46042559 5.84668756 10.04999995
v -3.68052065 7.10308202 6.55000003
v -3.68052081 7.10308202 10.05000003
v -1.62764862 7.83267300 6.55000012
v -1.62764878 7.83267300 10.05000012
v 0.54593839 7.98134997 6.55000021
v 0.54593824 7.98134997 10.05000021
v 2.67903648 7.53808701 6.55000031
v 2.67903633 7.53808701 10.05000031
v 4.61344233 6.53575917 6.55000039
v 4.61344217 6.53575917 10.05000039
v 6.20569035 5.04870442 6.55000046
v 6.20569020 5.04870442 10.05000046
v 7.33769040 3.18720921 6.55000051
v 7.33769025 3.18720921 10.05000051
v 7.92548766 1.08933340 6.55000054
v 7.92548751 1.08933340 10.05000054
v 7.92548751 1.08933340 10.05000054
v 7.92548766 1.08933340 6.55000054
v 7.92548776 -1.08933271 6.55000054
v 7.92548760 -1.08933271 10.05000054
v 7.33769068 -3.18720857 6.55000051
v 7.33769053 -3.18720857 10.05000051
v 6.20569080 -5.04870388 6.55000046
v 6.20569064 -5.04870388 10.05000046
v 4.61344290 -6.53575877 6.55000039
v 4.61344274 -6.53575877 10.05000039
v 2.67903714 -7.53808677 6.55000031
v 2.67903698 -7.53808677 10.05000031
v 0.54593909 -7.98134992 6.55000021
v 0.54593894 -7.98134992 10.05000021
v -1.62764794 -7.83267314 6.55000012
v -1.62764809 -7.83267314 10.05000012
v -3.68052003 -7.10308234 6.55000003
v -3.68052019 -7.10308234 10.05000003
v -5.46042493 -5.84668803 6.54999995
v -5.46042508 -5.84668803 10.04999995
v -6.83535491 -4.15667135 6.54999989
v -6.83535506 -4.15667135 10.04999989
v -7.70333834 -2.15837441 6.54999985
v -9.35842914 16.02333028 10.04999978
v -4.50333338 18.35000018 10.04999999
v -11.13693162 16.33692883 10.04999970
v -3.34249722 19.73343072 10.05000004
v -19.52451174 42.75269995 10.04999934
v -14.52380229 44.69964918 10.04999956
v -1.77850631 20.63640015 10.05000011
v -9.33375413 46.06388051 10.04999978
v -4.02202759 46.82759077 10.05000001
v -0.00000136 20.95000076 10.05000019
v 1.34213151 46.98083120 10.05000025
v 6.68879452 46.52161055 10.05000048
v 1.77850363 20.63640030 10.05000027
v 11.94825788 45.45589881 10.05000071
v 3.34249462 19.73343101 10.05000034
v 17.05195764 43.79761198 10.05000094
v 11.13692931 16.33692981 10.05000068
v 21.93336833 41.56834126 10.05000115
v 12.91543847 16.02333125 10.05000076
v 26.52882744 38.79718134 10.05000135
v 14.47942910 15.12036101 10.05000082
v 30.77844802 35.52023068 10.05000154
v 34.62682923 31.78022155 10.05000170
v 15.64025870 13.73693058 10.05000087
v 38.02379825 27.62591147 10.05000185
v 40.92505882 23.11145198 10.05000198
v 16.25792979 12.03990054 10.05000090
v 43.29280729 18.29570197 10.05000208
v 16.25792987 10.23396086 10.05000090
v 45.09616750 13.24143225 10.05000216
v 46.31162946 8.01454460 10.05000222
v 15.64025893 8.53693268 10.05000087
v 46.92335073 2.68317595 10.05000224
v 15.64025968 -8.53693131 10.05000087
v 46.92335097 -2.68317184 10.05000224
v 46.31163016 -8.01454056 10.05000222
v 16.25793076 -10.23395944 10.05000090
v 45.09616866 -13.24142831 10.05000216
v 43.29280889 -18.29569818 10.05000208
v 16.25793084 -12.03989912 10.05000090
v 40.92506084 -23.11144841 10.05000198
v 15.64025990 -13.73692921 10.05000087
v 38.02380066 -27.62590814 10.05000185
v 34.62683200 -31.78021852 10.05000170
v 14.47943042 -15.12035974 10.05000082
v 30.77845113 -35.52022799 10.05000154
v 26.52883083 -38.79717902 10.05000135
v 12.91543987 -16.02333012 10.05000076
v 21.93337197 -41.56833934 10.05000115
v 11.13693074 -16.33692883 10.05000068
v 17.05196147 -43.79761049 10.05000094
v 3.34249634 -19.73343072 10.05000034
v 11.94826185 -45.45589776 10.05000071
v 1.77850543 -20.63640015 10.05000027
v 6.68879859 -46.52160997 10.05000048
v 0.00000048 -20.95000076 10.05000019
v 1.34213561 -46.98083109 10.05000025
v -4.02202350 -46.82759112 10.05000001
v -1.77850450 -20.63640030 10.05000011
v -9.33375010 -46.06388133 10.04999978
v -14.52379838 -44.69965045 10.04999956
v -3.34249549 -19.73343101 10.05000004
v -19.52450800 -42.75270166 10.04999934
v -11.13693019 -16.33692981 10.04999970
v -12.91543934 -16.02333125 10.04999963
v -5.12100098 16.65296914 10.04999997
v -7.79443708 15.12036003 10.04999985
v -5.12100090 14.84702946 10.04999997
v -6.63360127 13.73692960 10.04999990
v -4.50333315 13.14999942 10.04999999
v -6.01593210 12.03989956 10.04999993
v -3.34249687 11.76656995 10.05000004
v -6.01593202 10.23395989 10.04999993
v -3.68052081 7.10308202 10.05000003
v -6.63360105 8.53693170 10.04999990
v -5.46042559 5.84668756 10.04999995
v -7.79443673 7.15350069 10.04999985
v -6.83535543 4.15667075 10.04999989
v -9.35842871 6.25052936 10.04999978
v -7.70333868 2.15837373 10.04999985
v -11.24667032 2.59999941 10.04999970
v -10.62900019 0.90297056 10.04999973
v -11.13693116 5.93693160 10.04999970
v -12.40750088 3.98343056 10.04999965
v -12.91544032 6.25052920 10.04999963
v -13.97150105 4.88640152 10.04999958
v -14.47943095 7.15350040 10.04999956
v -15.75000067 5.19999912 10.04999950
v -15.64026056 8.53693131 10.04999951
v -17.52850979 4.88640136 10.04999942
v -16.25793164 10.23395944 10.04999948
v -19.09250130 3.98343027 10.04999936
v -16.25793172 12.03989912 10.04999948
v -44.26668280 15.79431817 10.04999826
v -42.17773191 20.73738867 10.04999835
v -39.53891146 25.41011828 10.04999846
v -15.64026078 13.73692921 10.04999951
v -36.38465292 29.75158914 10.04999860
v -14.47943130 15.12035974 10.04999956
v -32.75606347 33.70518732 10.04999876
v -28.70045296 37.21939724 10.04999894
v -12.91544075 16.02333012 10.04999963
v -24.27068167 40.24840058 10.04999913
v 4.50333090 18.35000058 10.05000039
v 9.35842686 16.02333110 10.05000060
v 5.12099865 16.65296958 10.05000041
v 7.79443488 15.12036072 10.05000053
v 5.12099872 14.84702991 10.05000041
v 6.63359920 13.73693018 10.05000048
v 4.50333112 13.14999982 10.05000039
v 6.01593016 12.03990009 10.05000045
v 3.34249496 11.76657024 10.05000034
v 6.01593024 10.23396041 10.05000045
v 2.67903633 7.53808701 10.05000031
v 6.63359942 8.53693228 10.05000048
v 4.61344217 6.53575917 10.05000039
v 7.79443523 7.15350137 10.05000053
v 6.20569020 5.04870442 10.05000046
v 9.35842729 6.25053018 10.05000060
v 7.33769025 3.18720921 10.05000051
v 11.13692977 5.93693257 10.05000068
v 7.92548751 1.08933340 10.05000054
v 12.91543889 6.25053033 10.05000076
v 7.92548760 -1.08933271 10.05000054
v 12.91543944 -6.25052920 10.05000076
v 11.13693029 -5.93693160 10.05000068
v 7.33769053 -3.18720857 10.05000051
v 9.35842784 -6.25052936 10.05000060
v 6.20569064 -5.04870388 10.05000046
v 7.79443585 -7.15350069 10.05000053
v 4.61344274 -6.53575877 10.05000039
v 6.63360017 -8.53693170 10.05000048
v 2.67903698 -7.53808677 10.05000031
v 6.01593114 -10.23395989 10.05000045
v 3.34249599 -11.76656995 10.05000034
v 6.01593122 -12.03989956 10.05000045
v 4.50333227 -13.14999942 10.05000039
v 6.63360040 -13.73692960 10.05000048
v 5.12100002 -14.84702946 10.05000041
v 7.79443620 -15.12036003 10.05000053
v 5.12100010 -16.65296914 10.05000041
v 9.35842826 -16.02333028 10.05000060
v 4.50333250 -18.35000018 10.05000039
v 1.77850405 10.86359985 10.05000027
v 0.54593824 7.98134997 10.05000021
v -0.00000090 10.55000019 10.05000019
v -1.62764878 7.83267300 10.05000012
v -1.77850588 10.86359970 10.05000011
v 14.47943007 -7.15350040 10.05000082
v 14.47942945 7.15350167 10.05000082
v 1.77850500 -10.86359970 10.05000027
v 0.54593894 -7.98134992 10.05000021
v 0.00000002 -10.55000019 10.05000019
v -1.62764809 -7.83267314 10.05000012
v -1.77850493 -10.86359985 10.05000011
v -3.68052019 -7.10308234 10.05000003
v -3.34249584 -11.76657024 10.05000004
v -6.01593112 -10.23396041 10.04999993
v -6.01593104 -12.03990009 10.04999993
v -4.50333178 -18.35000058 10.04999999
v -9.35842774 -16.02333110 10.04999978
v -5.12099952 -16.65296958 10.04999997
v -7.79443576 -15.12036072 10.04999985
v -5.12099960 -14.84702991 10.04999997
v -6.63360007 -13.73693018 10.04999990
v -4.50333200 -13.14999982 10.04999999
v -9.35842817 -6.25053018 10.04999978
v -11.24667009 -2.60000040 10.04999970
v -11.13693065 -5.93693257 10.04999970
v -12.40750053 -3.98343164 10.04999965
v -12.91543977 -6.25053033 10.04999963
v -13.97150062 -4.88640274 10.04999958
v -14.47943033 -7.15350167 10.04999956
v -15.75000021 -5.20000050 10.04999950
v -15.64025981 -8.53693268 10.04999951
v -17.52850937 -4.88640290 10.04999942
v -16.25793075 -10.23396086 10.04999948
v -19.09250095 -3.98343194 10.04999936
v -16.25793067 -12.03990054 10.04999948
v -44.26668142 -15.79432204 10.04999826
v -42.17773009 -20.73739236 10.04999835
v -7.79443610 -7.15350137 10.04999985
v -6.83535506 -4.15667135 10.04999989
v -7.70333849 -2.15837441 10.04999985
v -10.62900011 -0.90297149 10.04999973
v -8.00000044 -0.00000035 10.04999984
v -5.46042508 -5.84668803 10.04999995
v -6.63360030 -8.53693228 10.04999990
v -14.47942998 -15.12036101 10.04999956
v -28.70044971 -37.21939975 10.04999894
v -24.27067815 -40.24840270 10.04999913
v -15.64025958 -13.73693058 10.04999951
v -36.38465032 -29.75159232 10.04999860
v -32.75606052 -33.70519018 10.04999876
v -39.53890924 -25.41012174 10.04999846
v -20.25333056 -2.60000079 10.04999931
v -45.77856061 -10.64535246 10.04999819
v -20.87100069 -0.90297194 10.04999928
v -46.69364187 -5.35759796 10.04999815
v -47.00000044 -0.00000205 10.04999814
v -20.87100077 0.90297012 10.04999928
v -46.69364234 5.35759388 10.04999815
v -45.77856154 10.64534846 10.04999819
v -20.25333078 2.59999902 10.04999931
v -46.69364209 -5.35759796 15.04999815
v -47.00000044 -0.00000205 10.04999814
v -47.00000066 -0.00000205 15.04999814
v -46.69364234 5.35759388 10.04999815
v -46.69364255 5.35759388 15.04999815
v -45.77856154 10.64534846 10.04999819
v -45.77856176 10.64534846 15.04999819
v -44.26668280 15.79431817 10.04999826
v -44.26668302 15.79431817 15.04999826
v -42.17773191 20.73738867 10.04999835
v -42.17773212 20.73738867 15.04999835
v -39.53891146 25.41011828 10.04999846
v -39.53891168 25.41011828 15.04999846
v -36.38465292 29.75158914 10.04999860
v -36.38465314 29.75158914 15.04999860
v -32.75606347 33.70518732 10.04999876
v -32.75606369 33.70518732 15.04999876
v -28.70045296 37.21939724 10.04999894
v -28.70045318 37.21939724 15.04999894
v -24.27068167 40.24840058 10.04999913
v -24.27068189 40.24840058 15.04999913
v -19.52451174 42.75269995 10.04999934
v -19.52451196 42.75269995 15.04999934
v -14.52380229 44.69964918 10.04999956
v -14.52380251 44.69964918 15.04999956
v -9.33375413 46.06388051 10.04999978
v -9.33375435 46.06388051 15.04999978
v -4.02202759 46.82759077 10.05000001
v -4.02202781 46.82759077 15.05000001
v 1.34213151 46.98083120 10.05000025
v 1.34213129 46.98083120 15.05000025
v 6.68879452 46.52161055 10.05000048
v 6.68879431 46.52161055 15.05000048
v 11.94825788 45.45589881 10.05000071
v 11.94825766 45.45589881 15.05000071
v 17.05195764 43.79761198 10.05000094
v 17.05195742 43.79761198 15.05000094
v 21.93336833 41.56834126 10.05000115
v 21.93336812 41.56834126 15.05000115
v 26.52882744 38.79718134 10.05000135
v 26.52882722 38.79718134 15.05000135
v 30.77844802 35.52023068 10.05000154
v 30.77844780 35.52023068 15.05000154
v 34.62682923 31.78022155 10.05000170
v 34.62682901 31.78022155 15.05000170
v 38.02379825 27.62591147 10.05000185
v 38.02379803 27.62591147 15.05000185
v 40.92505882 23.11145198 10.05000198
v 40.92505860 23.11145198 15.05000198
v 43.29280729 18.29570197 10.05000208
v 43.29280708 18.29570197 15.05000208
v 45.09616750 13.24143225 10.05000216
v 45.09616728 13.24143225 15.05000216
v 46.31162946 8.01454460 10.05000222
v 46.31162924 8.01454460 15.05000222
v 46.92335073 2.68317595 10.05000224
v 46.92335051 2.68317595 15.05000224
v 46.92335051 2.68317595 15.05000224
v 46.92335073 2.68317595 10.05000224
v 46.92335097 -2.68317184 10.05000224
v 46.92335075 -2.68317184 15.05000224
v 46.31163016 -8.01454056 10.05000222
v 46.31162994 -8.01454056 15.05000222
v 45.09616866 -13.24142831 10.05000216
v 45.09616844 -13.24142831 15.05000216
v 43.29280889 -18.29569818 10.05000208
v 43.29280867 -18.29569818 15.05000208
v 40.92506084 -23.11144841 10.05000198
v 40.92506062 -23.11144841 15.05000198
v 38.02380066 -27.62590814 10.05000185
v 38.02380045 -27.62590814 15.05000185
v 34.62683200 -31.78021852 10.05000170
v 34.62683179 -31.78021852 15.05000170
v 30.77845113 -35.52022799 10.05000154
v 30.77845091 -35.52022799 15.05000154
v 26.52883083 -38.79717902 10.05000135
v 26.52883061 -38.79717902 15.05000135
v 21.93337197 -41.56833934 10.05000115
v 21.93337175 -41.56833934 15.05000115
v 17.05196147 -43.79761049 10.05000094
v 17.05196125 -43.79761049 15.05000094
v 11.94826185 -45.45589776 10.05000071
v 11.94826164 -45.45589776 15.05000071
v 6.68879859 -46.52160997 10.05000048
v 6.68879837 -46.52160997 15.05000048
v 1.34213561 -46.98083109 10.05000025
v 1.34213539 -46.98083109 15.05000025
v -4.02202350 -46.82759112 10.05000001
v -4.02202372 -46.82759112 15.05000001
v -9.33375010 -46.06388133 10.04999978
v -9.33375032 -46.06388133 15.04999978
v -14.52379838 -44.69965045 10.04999956
v -14.52379860 -44.69965045 15.04999956
v -19.52450800 -42.75270166 10.04999934
v -19.52450822 -42.75270166 15.04999934
v -24.27067815 -40.24840270 10.04999913
v -24.27067837 -40.24840270 15.04999913
v -28.70044971 -37.21939975 10.04999894
v -28.70044993 -37.21939975 15.04999894
v -32.75606052 -33.70519018 10.04999876
v -32.75606074 -33.70519018 15.04999876
v -36.38465032 -29.75159232 10.04999860
v -36.38465054 -29.75159232 15.04999860
v -39.53890924 -25.41012174 10.04999846
v -39.53890946 -25.41012174 15.04999846
v -42.17773009 -20.73739236 10.04999835
v -42.17773031 -20.73739236 15.04999835
v -44.26668142 -15.79432204 10.04999826
v -44.26668164 -15.79432204 15.04999826
v -45.77856061 -10.64535246 10.04999819
v -45.77856083 -10.64535246 15.04999819
v -46.69364187 -5.35759796 10.04999815
v -54.68841263 5.84613942 15.04999780
v -55.00000066 -0.00000240 15.04999779
v -47.00000066 -0.00000205 15.04999814
v -54.68841211 -5.84614421 15.04999780
v -46.69364209 -5.35759796 15.04999815
v -53.75719085 -11.62604281 15.04999784
v -45.77856083 -10.64535246 15.04999819
v -52.21686926 -17.27422180 15.04999791
v -44.26668164 -15.79432204 15.04999826
v -50.08491101 -22.72667150 15.04999800
v -42.17773031 -20.73739236 15.04999835
v -47.38547078 -27.92162149 15.04999812
v -39.53890946 -25.41012174 15.04999846
v -44.14913863 -32.80020335 15.04999826
v -36.38465054 -29.75159232 15.04999860
v -40.41257761 -37.30715356 15.04999842
v -32.75606074 -33.70519018 15.04999876
v -36.21811942 -41.39139334 15.04999861
v -28.70044993 -37.21939975 15.04999894
v -31.61330855 -45.00665040 15.04999881
v -24.27067837 -40.24840270 15.04999913
v -26.65029763 -48.11197016 15.04999903
v -19.52450822 -42.75270166 15.04999934
v -21.38532864 -50.67216204 15.04999926
v -14.52379860 -44.69965045 15.04999956
v -15.87805870 -52.65821145 15.04999950
v -9.33375032 -46.06388133 15.04999978
v -10.19087812 -54.04763076 15.04999975
v -4.02202372 -46.82759112 15.05000001
v -4.38823431 -54.82466145 15.05000000
v 1.34213539 -46.98083109 15.05000025
v 1.46413072 -54.98051065 15.05000025
v 7.29990559 -54.51340834 15.05000051
v 6.68879837 -46.52160997 15.05000048
v 13.05297161 -53.42863789 15.05000076
v 11.94826164 -45.45589776 15.05000071
v 18.65814179 -51.73850932 15.05000101
v 17.05196125 -43.79761049 15.05000094
v 24.05190237 -49.46215715 15.05000124
v 21.93337175 -41.56833934 15.05000115
v 29.17315049 -46.62539927 15.05000147
v 26.52883061 -38.79717902 15.05000135
v 33.96384935 -43.26034016 15.05000168
v 30.77845091 -35.52022799 15.05000154
v 38.36973297 -39.40511917 15.05000187
v 34.62683179 -31.78021852 15.05000170
v 42.34087078 -35.10342985 15.05000204
v 38.02380045 -27.62590814 15.05000185
v 45.83227225 -30.40399733 15.05000219
v 40.92506062 -23.11144841 15.05000198
v 48.80435989 -25.36008812 15.05000232
v 43.29280867 -18.29569818 15.05000208
v 51.22349189 -20.02882734 15.05000243
v 45.09616844 -13.24142831 15.05000216
v 53.06222913 -14.47063786 15.05000251
v 46.31162994 -8.01454056 15.05000222
v 54.29975864 -8.74849177 15.05000256
v 46.92335075 -2.68317184 15.05000224
v 54.92204995 -2.92721771 15.05000259
v 54.92204969 2.92722251 15.05000259
v 46.92335051 2.68317595 15.05000224
v 54.29975787 8.74849652 15.05000256
v 46.31162924 8.01454460 15.05000222
v 53.06222787 14.47064250 15.05000251
v 45.09616728 13.24143225 15.05000216
v 51.22349014 20.02883181 15.05000243
v 43.29280708 18.29570197 15.05000208
v 48.80435767 25.36009239 15.05000232
v 40.92505860 23.11145198 15.05000198
v 45.83226959 30.40400133 15.05000219
v 38.02379803 27.62591147 15.05000185
v 42.34086771 35.10343355 15.05000204
v 34.62682901 31.78022155 15.05000170
v 38.36972952 39.40512253 15.05000187
v 30.77844780 35.52023068 15.05000154
v 33.96384557 43.26034313 15.05000168
v 26.52882722 38.79718134 15.05000135
v 29.17314641 46.62540182 15.05000147
v 21.93336812 41.56834126 15.05000115
v 24.05189804 49.46215925 15.05000124
v 17.05195742 43.79761198 15.05000094
v 18.65813726 51.73851095 15.05000101
v 11.94825766 45.45589881 15.05000071
v 13.05296694 53.42863903 15.05000076
v 6.68879431 46.52161055 15.05000048
v 7.29990083 54.51340898 15.05000051
v 1.34213129 46.98083120 15.05000025
v 1.46412591 54.98051078 15.05000025
v -4.38823910 54.82466106 15.05000000
v -4.02202781 46.82759077 15.05000001
v -10.19088284 54.04762986 15.04999975
v -9.33375435 46.06388051 15.04999978
v -15.87806330 52.65821006 15.04999950
v -14.52380251 44.69964918 15.04999956
v -21.38533307 50.67216017 15.04999926
v -19.52451196 42.75269995 15.04999934
v -26.65030183 48.11196783 15.04999903
v -24.27068189 40.24840058 15.04999913
v -31.61331249 45.00664764 15.04999881
v -28.70045318 37.21939724 15.04999894
v -36.21812304 41.39139017 15.04999861
v -32.75606369 33.70518732 15.04999876
v -40.41258087 37.30715003 15.04999842
v -36.38465314 29.75158914 15.04999860
v -44.14914150 32.80019949 15.04999826
v -39.53891168 25.41011828 15.04999846
v -47.38547322 27.92161734 15.04999812
v -42.17773212 20.73738867 15.04999835
v -50.08491300 22.72666712 15.04999800
v -44.26668302 15.79431817 15.04999826
v -52.21687077 17.27421723 15.04999791
v -45.77856176 10.64534846 15.04999819
v -53.75719187 11.62603811 15.04999784
v -46.69364255 5.35759388 15.04999815
v -54.68841080 -5.84614421 -14.95000220
v -55.00000066 -0.00000240 15.04999779
v -54.99999935 -0.00000240 -14.95000221
v -54.68841263 5.84613942 15.04999780
v -54.68841131 5.84613942 -14.95000220
v -53.75719187 11.62603811 15.04999784
v -53.75719056 11.62603811 -14.95000216
v -52.21687077 17.27421723 15.04999791
v -52.21686946 17.27421723 -14.95000209
v -50.08491300 22.72666712 15.04999800
v -50.08491169 22.72666712 -14.95000200
v -47.38547322 27.92161734 15.04999812
v -47.38547191 27.92161734 -14.95000188
v -44.14914150 32.80019949 15.04999826
v -44.14914018 32.80019949 -14.95000174
v -40.41258087 37.30715003 15.04999842
v -40.41257956 37.30715003 -14.95000158
v -36.21812304 41.39139017 15.04999861
v -36.21812173 41.39139017 -14.95000139
v -31.61331249 45.00664764 15.04999881
v -31.61331117 45.00664764 -14.95000119
v -26.65030183 48.11196783 15.04999903
v -26.65030052 48.11196783 -14.95000097
v -21.38533307 50.67216017 15.04999926
v -21.38533176 50.67216017 -14.95000074
v -15.87806330 52.65821006 15.04999950
v -15.87806199 52.65821006 -14.95000050
v -10.19088284 54.04762986 15.04999975
v -10.19088153 54.04762986 -14.95000025
v -4.38823910 54.82466106 15.05000000
v -4.38823779 54.82466106 -14.95000000
v 1.46412591 54.98051078 15.05000025
v 1.46412722 54.98051078 -14.94999975
v 7.29990083 54.51340898 15.05000051
v 7.29990214 54.51340898 -14.94999949
v 13.05296694 53.42863903 15.05000076
v 13.05296825 53.42863903 -14.94999924
v 18.65813726 51.73851095 15.05000101
v 18.65813857 51.73851095 -14.94999899
v 24.05189804 49.46215925 15.05000124
v 24.05189936 49.46215925 -14.94999876
v 29.17314641 46.62540182 15.05000147
v 29.17314772 46.62540182 -14.94999853
v 33.96384557 43.26034313 15.05000168
v 33.96384688 43.26034313 -14.94999832
v 38.36972952 39.40512253 15.05000187
v 38.36973083 39.40512253 -14.94999813
v 42.34086771 35.10343355 15.05000204
v 42.34086902 35.10343355 -14.94999796
v 45.83226959 30.40400133 15.05000219
v 45.83227090 30.40400133 -14.94999781
v 48.80435767 25.36009239 15.05000232
v 48.80435898 25.36009239 -14.94999768
v 51.22349014 20.02883181 15.05000243
v 51.22349145 20.02883181 -14.94999757
v 53.06222787 14.47064250 15.05000251
v 53.06222918 14.47064250 -14.94999749
v 54.29975787 8.74849652 15.05000256
v 54.29975918 8.74849652 -14.94999744
v 54.92204969 2.92722251 15.05000259
v 54.92205100 2.92722251 -14.94999741
v 54.92205100 2.92722251 -14.94999741
v 54.92204969 2.92722251 15.05000259
v 54.92204995 -2.92721771 15.05000259
v 54.92205126 -2.92721771 -14.94999741
v 54.29975864 -8.74849177 15.05000256
v 54.29975995 -8.74849177 -14.94999744
v 53.06222913 -14.47063786 15.05000251
v 53.06223044 -14.47063786 -14.94999749
v 51.22349189 -20.02882734 15.05000243
v 51.22349320 -20.02882734 -14.94999757
v 48.80435989 -25.36008812 15.05000232
v 48.80436120 -25.36008812 -14.94999768
v 45.83227225 -30.40399733 15.05000219
v 45.83227356 -30.40399733 -14.94999781
v 42.34087078 -35.10342985 15.05000204
v 42.34087209 -35.10342985 -14.94999796
v 38.36973297 -39.40511917 15.05000187
v 38.36973428 -39.40511917 -14.94999813
v 33.96384935 -43.26034016 15.05000168
v 33.96385066 -43.26034016 -14.94999832
v 29.17315049 -46.62539927 15.05000147
v 29.17315180 -46.62539927 -14.94999853
v 24.05190237 -49.46215715 15.05000124
v 24.05190368 -49.46215715 -14.94999876
v 18.65814179 -51.73850932 15.05000101
v 18.65814310 -51.73850932 -14.94999899
v 13.05297161 -53.42863789 15.05000076
v 13.05297292 -53.42863789 -14.94999924
v 7.29990559 -54.51340834 15.05000051
v 7.29990691 -54.51340834 -14.94999949
v 1.46413072 -54.98051065 15.05000025
v 1.46413203 -54.98051065 -14.94999975
v -4.38823431 -54.82466145 15.05000000
v -4.38823300 -54.82466145 -14.95000000
v -10.19087812 -54.04763076 15.04999975
v -10.19087681 -54.04763076 -14.95000025
v -15.87805870 -52.65821145 15.04999950
v -15.87805739 -52.65821145 -14.95000050
v -21.38532864 -50.67216204 15.04999926
v -21.38532733 -50.67216204 -14.95000074
v -26.65029763 -48.11197016 15.04999903
v -26.65029632 -48.11197016 -14.95000097
v -31.61330855 -45.00665040 15.04999881
v -31.61330724 -45.00665040 -14.95000119
v -36.21811942 -41.39139334 15.04999861
v -36.21811811 -41.39139334 -14.95000139
v -40.41257761 -37.30715356 15.04999842
v -40.41257630 -37.30715356 -14.95000158
v -44.14913863 -32.80020335 15.04999826
v -44.14913732 -32.80020335 -14.95000174
v -47.38547078 -27.92162149 15.04999812
v -47.38546947 -27.92162149 -14.95000188
v -50.08491101 -22.72667150 15.04999800
v -50.08490970 -22.72667150 -14.95000200
v -52.21686926 -17.27422180 15.04999791
v -52.21686795 -17.27422180 -14.95000209
v -53.75719085 -11.62604281 15.04999784
v -53.75718954 -11.62604281 -14.95000216
v -54.68841211 -5.84614421 15.04999780
vt 0.53575999 -0.43063599
vt 0.58461398 0.36884099
vt 0.00000000 -0.40000001
vt 0.00000000 0.40000001
vt -0.58461398 0.36884099
vt 1.16260397 0.27571899
vt 1.06453502 -0.52214402
vt 1.72742200 0.12168700
vt 1.57943201 -0.67333102
vt 2.27266693 -0.09150898
vt 2.07373905 -0.88222700
vt 2.79216194 -0.36145300
vt 2.54101205 -1.14610803
vt 3.28002000 -0.68508601
vt 2.97515798 -1.46153402
vt 3.73071504 -1.05874205
vt 3.37051892 -1.82439303
vt 4.13913918 -1.47818696
vt 3.72194099 -2.22995496
vt 4.50066519 -1.93866897
vt 4.02483988 -2.67293191
vt 4.81119680 -2.43496990
vt 4.27526999 -3.14754891
vt 5.06721592 -2.96146703
vt 4.46996498 -3.64761996
vt 5.26582098 -3.51219392
vt 4.60638809 -4.16662502
vt 5.40476322 -4.08091211
vt 4.68275881 -4.69779682
vt 5.48246622 -4.66117620
vt 4.69808292 -5.23421288
vt 5.49805117 -5.24641323
vt 5.45134115 -5.82998991
vt 4.65216112 -5.76887989
vt 5.34286499 -6.40529680
vt 4.54558992 -6.29482603
vt 5.17385101 -6.96581411
vt 4.37976122 -6.80519581
vt 4.94621706 -7.50518990
vt 4.15683508 -7.29333591
vt 4.66253901 -8.01731491
vt 3.87971807 -7.75288296
vt 4.32603407 -8.49638557
vt 3.55202293 -8.17784500
vt 3.94051194 -8.93697357
vt 3.17802191 -8.56268501
vt 3.51034307 -9.33408928
vt 2.76259089 -8.90237999
vt 3.04040003 -9.68322659
vt 2.31114507 -9.19250679
vt 2.53600907 -9.98043823
vt 1.82956898 -9.42928314
vt 2.00288296 -10.22235012
vt 1.32414305 -9.60961914
vt 1.44706404 -10.40622044
vt 0.80145401 -9.73116302
vt 0.87484902 -10.52997971
vt 0.26831701 -9.79233456
vt 0.29272199 -10.59220028
vt -0.26831701 -9.79233456
vt -0.29272199 -10.59220028
vt -0.87484902 -10.52997971
vt -0.80145401 -9.73116302
vt -1.44706404 -10.40622044
vt -1.32414305 -9.60961914
vt -2.00288296 -10.22235012
vt -1.82956898 -9.42928314
vt -2.53600907 -9.98043823
vt -2.31114507 -9.19250679
vt -3.04040003 -9.68322659
vt -2.76259089 -8.90237999
vt -3.51034307 -9.33408928
vt -3.17802191 -8.56268501
vt -3.94051194 -8.93697357
vt -3.55202293 -8.17784500
vt -4.32603407 -8.49638557
vt -3.87971807 -7.75288296
vt -4.66253901 -8.01731491
vt -4.15683508 -7.29333591
vt -4.94621706 -7.50518990
vt -4.37976122 -6.80519581
vt -5.17385101 -6.96581411
vt -4.54558992 -6.29482603
vt -5.34286499 -6.40529680
vt -4.65216112 -5.76887989
vt -5.45134115 -5.82998991
vt -4.69808292 -5.23421288
vt -5.49805117 -5.24641323
vt -5.48246622 -4.66117620
vt -4.68275881 -4.69779682
vt -5.40476322 -4.08091211
vt -4.60638809 -4.16662502
vt -5.26582098 -3.51219392
vt -4.46996498 -3.64761996
vt -5.06721592 -2.96146703
vt -4.27526999 -3.14754891
vt -4.81119680 -2.43496990
vt -4.02483988 -2.67293191
vt -4.50066519 -1.93866897
vt -3.72194099 -2.22995496
vt -4.13913918 -1.47818696
vt -3.37051892 -1.82439303
vt -3.73071504 -1.05874205
vt -2.97515798 -1.46153402
vt -3.28002000 -0.68508601
vt -2.54101205 -1.14610803
vt -2.79216194 -0.36145300
vt -2.07373905 -0.88222700
vt -2.27266693 -0.09150898
vt -1.57943201 -0.67333102
vt -1.72742200 0.12168700
vt -1.06453502 -0.52214402
vt -1.16260397 0.27571899
vt -0.53575999 -0.43063599
vt -0.94999999 -0.53692698
vt 0.94999999 0.00000000
vt -0.94999999 0.00000000
vt 0.94999999 0.53692698
vt -0.94999999 0.53692698
vt 0.94999999 1.07385302
vt -0.94999999 1.07385302
vt 0.94999999 1.61078000
vt -0.94999999 1.61078000
vt 0.94999999 2.14770699
vt -0.94999999 2.14770699
vt 0.94999999 2.68463302
vt -0.94999999 2.68463302
vt 0.94999999 3.22156000
vt -0.94999999 3.22156000
vt 0.94999999 3.75848699
vt -0.94999999 3.75848699
vt 0.94999999 4.29541302
vt -0.94999999 4.29541302
vt 0.94999999 4.83234119
vt -0.94999999 4.83234119
vt 0.94999999 5.36926699
vt -0.94999999 5.36926699
vt 0.94999999 5.90619421
vt -0.94999999 5.90619421
vt 0.94999999 6.44312000
vt -0.94999999 6.44312000
vt 0.94999999 6.98004723
vt -0.94999999 6.98004723
vt 0.94999999 7.51697397
vt -0.94999999 7.51697397
vt 0.94999999 8.05390072
vt -0.94999999 8.05390072
vt 0.94999999 8.59082699
vt -0.94999999 8.59082699
vt 0.94999999 9.12775612
vt -0.94999999 9.12775612
vt 0.94999999 9.66468334
vt -0.94999999 9.66468334
vt 0.94999999 10.20160961
vt -0.94999999 10.20160961
vt 0.94999999 10.73853016
vt -0.94999999 10.73853016
vt 0.94999999 11.27546024
vt -0.94999999 11.27546024
vt 0.94999999 11.81239033
vt -0.94999999 11.81239033
vt 0.94999999 12.34930992
vt -0.94999999 12.34930992
vt 0.94999999 12.88624001
vt -0.94999999 12.88624001
vt 0.94999999 13.42317009
vt -0.94999999 13.42317009
vt 0.94999999 13.96008968
vt -0.94999999 13.96008968
vt 0.94999999 14.49701977
vt -0.94999999 14.49701977
vt -0.94999999 -15.03394985
vt 0.94999999 -15.03394985
vt 0.94999999 -14.49701977
vt -0.94999999 -14.49701977
vt 0.94999999 -13.96008968
vt -0.94999999 -13.96008968
vt 0.94999999 -13.42317009
vt -0.94999999 -13.42317009
vt 0.94999999 -12.88624001
vt -0.94999999 -12.88624001
vt 0.94999999 -12.34930992
vt -0.94999999 -12.34930992
vt 0.94999999 -11.81239033
vt -0.94999999 -11.81239033
vt 0.94999999 -11.27546024
vt -0.94999999 -11.27546024
vt 0.94999999 -10.73853016
vt -0.94999999 -10.73853016
vt 0.94999999 -10.20160961
vt -0.94999999 -10.20160961
vt 0.94999999 -9.66468334
vt -0.94999999 -9.66468334
vt 0.94999999 -9.12775612
vt -0.94999999 -9.12775612
vt 0.94999999 -8.59082699
vt -0.94999999 -8.59082699
vt 0.94999999 -8.05390072
vt -0.94999999 -8.05390072
vt 0.94999999 -7.51697397
vt -0.94999999 -7.51697397
vt 0.94999999 -6.98004723
vt -0.94999999 -6.98004723
vt 0.94999999 -6.44312000
vt -0.94999999 -6.44312000
vt 0.94999999 -5.90619421
vt -0.94999999 -5.90619421
vt 0.94999999 -5.36926699
vt -0.94999999 -5.36926699
vt 0.94999999 -4.83234119
vt -0.94999999 -4.83234119
vt 0.94999999 -4.29541302
vt -0.94999999 -4.29541302
vt 0.94999999 -3.75848699
vt -0.94999999 -3.75848699
vt 0.94999999 -3.22156000
vt -0.94999999 -3.22156000
vt 0.94999999 -2.68463302
vt -0.94999999 -2.68463302
vt 0.94999999 -2.14770699
vt -0.94999999 -2.14770699
vt 0.94999999 -1.61078000
vt -0.94999999 -1.61078000
vt 0.94999999 -1.07385302
vt -0.94999999 -1.07385302
vt 0.94999999 -0.53692698
vt 0.35597900 -1.35614395
vt 0.53575999 1.29436398
vt 0.00000000 -1.32500005
vt 0.00000000 1.32500005
vt -0.53575999 1.29436398
vt 1.06453502 1.20285594
vt 0.70114100 -1.44862998
vt 1.57943201 1.05166900
vt 2.07373905 0.84277302
vt 1.02499998 -1.59964800
vt 2.54101205 0.57889199
vt 1.31771505 -1.80460894
vt 2.97515798 0.26346600
vt 3.37051892 -0.09939301
vt 1.57039106 -2.05728507
vt 3.72194099 -0.50495499
vt 1.77535200 -2.34999990
vt 4.02483988 -0.94793200
vt 4.27526999 -1.42254901
vt 1.92637002 -2.67385888
vt 4.46996498 -1.92262006
vt 2.01885605 -3.01902103
vt 4.60638809 -2.44162512
vt 4.68275881 -2.97279692
vt 2.04999995 -3.37500000
vt 4.69808292 -3.50921297
vt 4.65216112 -4.04387999
vt 2.01885605 -3.73097897
vt 4.54558992 -4.56982613
vt 1.92637002 -4.07614088
vt 4.37976122 -5.08019590
vt 4.15683508 -5.56833601
vt 1.77535200 -4.40000010
vt 3.87971807 -6.02788305
vt 1.57039106 -4.69271517
vt 3.55202293 -6.45284605
vt 3.17802191 -6.83768320
vt 1.31771505 -4.94539118
vt 2.76259089 -7.17738008
vt 1.02499998 -5.15035200
vt 2.31114507 -7.46750593
vt 1.82956898 -7.70428085
vt 0.70114100 -5.30137014
vt 1.32414305 -7.88461685
vt 0.35597900 -5.39385605
vt 0.80145401 -8.00616264
vt 0.26831701 -8.06733704
vt 0.00000000 -5.42500019
vt -0.26831701 -8.06733704
vt -0.35597900 -5.39385605
vt -0.80145401 -8.00616264
vt -1.32414305 -7.88461685
vt -0.70114100 -5.30137014
vt -1.82956898 -7.70428085
vt -1.02499998 -5.15035200
vt -2.31114507 -7.46750593
vt -2.76259089 -7.17738008
vt -1.31771505 -4.94539118
vt -3.17802191 -6.83768320
vt -1.57039106 -4.69271517
vt -3.55202293 -6.45284605
vt -3.87971807 -6.02788305
vt -1.77535200 -4.40000010
vt -4.15683508 -5.56833601
vt -1.92637002 -4.07614088
vt -4.37976122 -5.08019590
vt -4.54558992 -4.56982613
vt -2.01885605 -3.73097897
vt -4.65216112 -4.04387999
vt -2.04999995 -3.37500000
vt -4.69808292 -3.50921297
vt -4.68275881 -2.97279692
vt -2.01885605 -3.01902103
vt -4.60638809 -2.44162512
vt -4.46996498 -1.92262006
vt -1.92637002 -2.67385888
vt -4.27526999 -1.42254901
vt -1.77535200 -2.34999990
vt -4.02483988 -0.94793200
vt -3.72194099 -0.50495499
vt -1.57039106 -2.05728507
vt -3.37051892 -0.09939301
vt -1.31771505 -1.80460894
vt -2.97515798 0.26346600
vt -2.54101205 0.57889199
vt -1.02499998 -1.59964800
vt -2.07373905 0.84277302
vt -0.70114100 -1.44862998
vt -1.57943201 1.05166900
vt -1.06453502 1.20285594
vt -0.35597900 -1.35614395
vt -0.03535497 -0.35342899
vt 0.03535497 -0.35342899
vt -0.03535497 0.00000000
vt 0.03535497 0.00000000
vt -0.03535497 0.35342899
vt 0.03535497 0.35342899
vt -0.03535497 0.70685798
vt 0.03535497 0.70685798
vt -0.03535497 1.06028795
vt 0.03535497 1.06028795
vt -0.03535497 1.41371703
vt 0.03535497 1.41371703
vt -0.03535497 1.76714599
vt 0.03535497 1.76714599
vt -0.03535497 2.12057495
vt 0.03535497 2.12057495
vt -0.03535497 2.47400403
vt 0.03535497 2.47400403
vt -0.03535497 2.82743311
vt 0.03535497 2.82743311
vt -0.03535497 3.18086290
vt 0.03535497 3.18086290
vt -0.03535497 3.53429198
vt 0.03535497 3.53429198
vt -0.03535497 3.88772106
vt 0.03535497 3.88772106
vt -0.03535497 4.24114990
vt 0.03535497 4.24114990
vt -0.03535497 4.59458017
vt 0.03535497 4.59458017
vt -0.03535497 4.94800901
vt 0.03535497 4.94800901
vt -0.03535497 5.30143785
vt 0.03535497 5.30143785
vt -0.03535497 5.65486717
vt 0.03535497 5.65486717
vt -0.03535497 6.00829601
vt 0.03535497 6.00829601
vt -0.03535497 6.36172581
vt 0.03535497 6.36172581
vt -0.03535497 -6.36172581
vt 0.03535497 -6.36172581
vt -0.03535497 -6.00829601
vt 0.03535497 -6.00829601
vt -0.03535497 -5.65486717
vt 0.03535497 -5.65486717
vt -0.03535497 -5.30143785
vt 0.03535497 -5.30143785
vt -0.03535497 -4.94800901
vt 0.03535497 -4.94800901
vt -0.03535497 -4.59458017
vt 0.03535497 -4.59458017
vt -0.03535497 -4.24114990
vt 0.03535497 -4.24114990
vt -0.03535497 -3.88772106
vt 0.03535497 -3.88772106
vt -0.03535497 -3.53429198
vt 0.03535497 -3.53429198
vt -0.03535497 -3.18086290
vt 0.03535497 -3.18086290
vt -0.03535497 -2.82743311
vt 0.03535497 -2.82743311
vt -0.03535497 -2.47400403
vt 0.03535497 -2.47400403
vt -0.03535497 -2.12057495
vt 0.03535497 -2.12057495
vt -0.03535497 -1.76714599
vt 0.03535497 -1.76714599
vt -0.03535497 -1.41371703
vt 0.03535497 -1.41371703
vt -0.03535497 -1.06028795
vt 0.03535497 -1.06028795
vt -0.03535497 -0.70685798
vt 0.03535497 -0.70685798
vt -0.10000000 -0.34906599
vt 0.10000000 -0.34906599
vt -0.10000000 0.00000000
vt 0.10000000 0.00000000
vt -0.10000000 0.34906599
vt 0.10000000 0.34906599
vt -0.10000000 0.69813198
vt 0.10000000 0.69813198
vt -0.10000000 1.04719806
vt 0.10000000 1.04719806
vt -0.10000000 1.39626300
vt 0.10000000 1.39626300
vt -0.10000000 1.74532902
vt 0.10000000 1.74532902
vt -0.10000000 2.09439492
vt 0.10000000 2.09439492
vt -0.10000000 2.44346094
vt 0.10000000 2.44346094
vt -0.10000000 2.79252696
vt 0.10000000 2.79252696
vt -0.10000000 3.14159298
vt 0.10000000 3.14159298
vt -0.10000000 3.49065900
vt 0.10000000 3.49065900
vt -0.10000000 3.83972406
vt 0.10000000 3.83972406
vt -0.10000000 4.18878984
vt 0.10000000 4.18878984
vt -0.10000000 4.53785610
vt 0.10000000 4.53785610
vt -0.10000000 4.88692188
vt 0.10000000 4.88692188
vt -0.10000000 5.23598814
vt 0.10000000 5.23598814
vt -0.10000000 5.58505297
vt 0.10000000 5.58505297
vt -0.10000000 5.93411922
vt 0.10000000 5.93411922
vt -0.10000000 6.28318501
vt 0.10000000 6.28318501
vt -0.10000000 -6.28318501
vt 0.10000000 -6.28318501
vt -0.10000000 -5.93411922
vt 0.10000000 -5.93411922
vt -0.10000000 -5.58505297
vt 0.10000000 -5.58505297
vt -0.10000000 -5.23598814
vt 0.10000000 -5.23598814
vt -0.10000000 -4.88692188
vt 0.10000000 -4.88692188
vt -0.10000000 -4.53785610
vt 0.10000000 -4.53785610
vt -0.10000000 -4.18878984
vt 0.10000000 -4.18878984
vt -0.10000000 -3.83972406
vt 0.10000000 -3.83972406
vt -0.10000000 -3.49065900
vt 0.10000000 -3.49065900
vt -0.10000000 -3.14159298
vt 0.10000000 -3.14159298
vt -0.10000000 -2.79252696
vt 0.10000000 -2.79252696
vt -0.10000000 -2.44346094
vt 0.10000000 -2.44346094
vt -0.10000000 -2.09439492
vt 0.10000000 -2.09439492
vt -0.10000000 -1.74532902
vt 0.10000000 -1.74532902
vt -0.10000000 -1.39626300
vt 0.10000000 -1.39626300
vt -0.10000000 -1.04719806
vt 0.10000000 -1.04719806
vt -0.10000000 -0.69813198
vt 0.10000000 -0.69813198
vt -0.86592698 -0.40562499
vt -0.41566700 -0.71646398
vt -0.83869302 -0.28630701
vt -0.17146000 -0.04000389
vt -0.24776600 0.05568200
vt -0.58466899 -0.85395700
vt -0.94223398 -0.50130999
vt -0.71030802 -1.03194797
vt -1.05250001 -0.55441201
vt -1.32723403 -1.28068197
vt -1.40354002 -1.18499601
vt -1.17488599 -0.55441201
vt -1.51380706 -1.13189495
vt -1.28515303 -0.50130999
vt -1.87938499 -0.71596003
vt -1.73205101 -0.40000001
vt -1.36145997 -0.40562499
vt -1.38869298 -0.28630701
vt -1.53208899 -0.11442500
vt -1.36145997 -0.16698900
vt -1.28515303 -0.07130300
vt -1.28557503 0.13208900
vt -1.17488599 -0.01820188
vt -1.00000000 0.33205101
vt -1.05250001 -0.01820188
vt -0.94223398 -0.07130300
vt -0.68404001 0.47938499
vt -0.86592698 -0.16698900
vt -0.27500001 0.17500000
vt -1.32723403 -1.51931798
vt -0.79813498 -1.45459402
vt -1.29999995 -1.39999998
vt -0.78326702 -1.23723495
vt -0.75380898 -1.66790402
vt -1.40354002 -1.61500394
vt -1.05250001 -2.24558806
vt -1.17488599 -2.24558806
vt -1.51380706 -1.66810501
vt -1.28515303 -2.29869008
vt -1.87938499 -2.08403993
vt -1.73205101 -2.40000010
vt -1.63619304 -1.66810501
vt -1.74645996 -1.61500394
vt -1.96961498 -1.74729598
vt -1.82276595 -1.51931798
vt -2.00000000 -1.39999998
vt -1.85000002 -1.39999998
vt -1.82276595 -1.28068197
vt -1.96961498 -1.05270398
vt -1.74645996 -1.18499601
vt -1.63619304 -1.13189495
vt -0.86592698 -2.63301110
vt -0.10893300 -2.19254899
vt -0.83869302 -2.51369309
vt -0.31872100 -2.13376904
vt -0.86592698 -2.39437509
vt -0.50487000 -2.02056909
vt -0.94223398 -2.29869008
vt -0.65357602 -1.86134398
vt -0.94223398 -2.72869706
vt -0.68404001 -3.27938509
vt -0.34729600 -3.36961603
vt 0.00000000 -3.40000010
vt 0.10893300 -2.19254899
vt 0.34729600 -3.36961603
vt 0.86592698 -2.63301110
vt 0.68404001 -3.27938509
vt 0.94223398 -2.72869706
vt 1.00000000 -3.13205099
vt 1.05250001 -2.78179789
vt 1.17488599 -2.78179789
vt 1.28557503 -2.93208909
vt 1.28515303 -2.72869706
vt 1.53208899 -2.68557501
vt 1.36145997 -2.63301110
vt 1.38869298 -2.51369309
vt 1.73205101 -2.40000010
vt 1.36145997 -2.39437509
vt 1.28515303 -2.29869008
vt 1.87938499 -2.08403993
vt 1.51380706 -1.66810501
vt 1.63619304 -1.66810501
vt 1.74645996 -1.61500394
vt 1.96961498 -1.74729598
vt 1.82276595 -1.51931798
vt 2.00000000 -1.39999998
vt 1.85000002 -1.39999998
vt 1.82276595 -1.28068197
vt 1.96961498 -1.05270398
vt 1.74645996 -1.18499601
vt 1.87938499 -0.71596003
vt 1.63619304 -1.13189495
vt 1.51380706 -1.13189495
vt 1.28515303 -0.50130999
vt 1.17488599 -0.55441201
vt -1.00000000 -3.13205099
vt -1.05250001 -2.78179789
vt -1.17488599 -2.78179789
vt -1.28557503 -2.93208909
vt -1.28515303 -2.72869706
vt -1.53208899 -2.68557501
vt -1.36145997 -2.63301110
vt -1.38869298 -2.51369309
vt -1.36145997 -2.39437509
vt 0.83869302 -2.51369309
vt 0.31872100 -2.13376904
vt 0.86592698 -2.39437509
vt 0.50487000 -2.02056909
vt 0.94223398 -2.29869008
vt 0.65357602 -1.86134398
vt 1.05250001 -2.24558806
vt 0.75380898 -1.66790402
vt 1.40354002 -1.61500394
vt 1.32723403 -1.51931798
vt 1.17488599 -2.24558806
vt 0.79813498 -1.45459402
vt 1.29999995 -1.39999998
vt 0.78326702 -1.23723495
vt 1.32723403 -1.28068197
vt 0.71030802 -1.03194797
vt 1.05250001 -0.55441201
vt 0.94223398 -0.50130999
vt 1.40354002 -1.18499601
vt 1.36145997 -0.40562499
vt 1.73205101 -0.40000001
vt 1.38869298 -0.28630701
vt 1.53208899 -0.11442500
vt 1.36145997 -0.16698900
vt 1.28515303 -0.07130300
vt 1.28557503 0.13208900
vt 1.17488599 -0.01820188
vt 1.00000000 0.33205101
vt 1.05250001 -0.01820188
vt 0.94223398 -0.07130300
vt 0.68404001 0.47938499
vt 0.86592698 -0.16698900
vt 0.27500001 0.17500000
vt 0.24776600 0.05568200
vt 0.58466899 -0.85395700
vt 0.86592698 -0.40562499
vt 0.41566700 -0.71646398
vt 0.83869302 -0.28630701
vt 0.17146000 -0.04000389
vt 0.21583700 -0.62966597
vt 0.06119292 -0.09310495
vt 0.00000000 -0.60000002
vt -0.06119292 -0.09310495
vt -0.21583700 -0.62966597
vt -0.24776600 0.29431799
vt -0.34729600 0.56961501
vt -0.17146000 0.39000401
vt -0.06119292 0.44310501
vt 0.00000000 0.60000002
vt 0.06119292 0.44310501
vt 0.34729600 0.56961501
vt 0.17146000 0.39000401
vt 0.24776600 0.29431799
vt -0.17500000 -0.21854600
vt 0.17500000 0.00000000
vt -0.17500000 0.00000000
vt 0.17500000 0.21854600
vt -0.17500000 0.21854600
vt 0.17500000 0.43709099
vt -0.17500000 0.43709099
vt 0.17500000 0.65563703
vt -0.17500000 0.65563703
vt 0.17500000 0.87418199
vt -0.17500000 0.87418199
vt 0.17500000 1.09272802
vt -0.17500000 1.09272802
vt 0.17500000 1.31127298
vt -0.17500000 1.31127298
vt 0.17500000 1.52981901
vt -0.17500000 1.52981901
vt 0.17500000 1.74836504
vt -0.17500000 1.74836504
vt 0.17500000 1.96691000
vt -0.17500000 1.96691000
vt 0.17500000 2.18545604
vt -0.17500000 2.18545604
vt 0.17500000 2.40400100
vt -0.17500000 2.40400100
vt -0.17500000 -2.62254691
vt 0.17500000 -2.62254691
vt 0.17500000 -2.40400100
vt -0.17500000 -2.40400100
vt 0.17500000 -2.18545604
vt -0.17500000 -2.18545604
vt 0.17500000 -1.96691000
vt -0.17500000 -1.96691000
vt 0.17500000 -1.74836504
vt -0.17500000 -1.74836504
vt 0.17500000 -1.52981901
vt -0.17500000 -1.52981901
vt 0.17500000 -1.31127298
vt -0.17500000 -1.31127298
vt 0.17500000 -1.09272802
vt -0.17500000 -1.09272802
vt 0.17500000 -0.87418199
vt -0.17500000 -0.87418199
vt 0.17500000 -0.65563703
vt -0.17500000 -0.65563703
vt 0.17500000 -0.43709099
vt -0.17500000 -0.43709099
vt 0.17500000 -0.21854600
vt 1.60233295 -1.81415701
vt 1.83500004 -2.29966688
vt 1.63369298 -1.63630700
vt 1.97334301 -2.41575098
vt 4.27526999 -0.79754901
vt 4.46996498 -1.29762006
vt 2.06364012 -2.57214999
vt 4.60638809 -1.81662500
vt 4.68275881 -2.34779692
vt 2.09500003 -2.75000000
vt 4.69808292 -2.88421297
vt 4.65216112 -3.41887999
vt 2.06364012 -2.92785001
vt 4.54558992 -3.94482589
vt 1.97334301 -3.08424902
vt 4.37976122 -4.45519590
vt 1.63369298 -3.86369300
vt 4.15683508 -4.94333601
vt 1.60233295 -4.04154301
vt 3.87971807 -5.40288305
vt 1.51203597 -4.19794321
vt 3.55202293 -5.82784605
vt 3.17802191 -6.21268320
vt 1.37369299 -4.31402588
vt 2.76259089 -6.55238008
vt 2.31114507 -6.84250593
vt 1.20398998 -4.37579298
vt 1.82956898 -7.07928085
vt 1.02339602 -4.37579298
vt 1.32414305 -7.25961685
vt 0.80145401 -7.38116312
vt 0.85369301 -4.31402588
vt 0.26831701 -7.44233513
vt -0.85369301 -4.31402588
vt -0.26831701 -7.44233513
vt -0.80145401 -7.38116312
vt -1.02339602 -4.37579298
vt -1.32414305 -7.25961685
vt -1.82956898 -7.07928085
vt -1.20398998 -4.37579298
vt -2.31114507 -6.84250593
vt -1.37369299 -4.31402588
vt -2.76259089 -6.55238008
vt -3.17802191 -6.21268320
vt -1.51203597 -4.19794321
vt -3.55202293 -5.82784605
vt -3.87971807 -5.40288305
vt -1.60233295 -4.04154301
vt -4.15683508 -4.94333601
vt -1.63369298 -3.86369300
vt -4.37976122 -4.45519590
vt -1.97334301 -3.08424902
vt -4.54558992 -3.94482589
vt -2.06364012 -2.92785001
vt -4.65216112 -3.41887999
vt -2.09500003 -2.75000000
vt -4.69808292 -2.88421297
vt -4.68275881 -2.34779692
vt -2.06364012 -2.57214999
vt -4.60638809 -1.81662500
vt -4.46996498 -1.29762006
vt -1.97334301 -2.41575098
vt -4.27526999 -0.79754901
vt -1.63369298 -1.63630700
vt -1.60233295 -1.45845604
vt 1.66529703 -2.23790002
vt 1.51203597 -1.97055602
vt 1.48470294 -2.23790002
vt 1.37369299 -2.08663988
vt 1.31500006 -2.29966688
vt 1.20398998 -2.14840698
vt 1.17665696 -2.41575098
vt 1.02339602 -2.14840698
vt 0.71030802 -2.38194799
vt 0.85369301 -2.08663988
vt 0.58466899 -2.20395803
vt 0.71534997 -1.97055602
vt 0.41566700 -2.06646395
vt 0.62505299 -1.81415701
vt 0.21583700 -1.97966599
vt 0.25999999 -1.62533295
vt 0.09029698 -1.68710005
vt 0.59369302 -1.63630700
vt 0.39834300 -1.50925004
vt 0.62505299 -1.45845604
vt 0.48864001 -1.35284996
vt 0.71534997 -1.30205703
vt 0.51999998 -1.17499995
vt 0.85369301 -1.18597400
vt 0.48864001 -0.99715000
vt 1.02339602 -1.12420702
vt 0.39834300 -0.84074998
vt 1.20398998 -1.12420702
vt 1.57943201 1.67666900
vt 2.07373905 1.46777296
vt 2.54101205 1.20389199
vt 1.37369299 -1.18597400
vt 2.97515798 0.88846600
vt 1.51203597 -1.30205703
vt 3.37051892 0.52560699
vt 3.72194099 0.12004500
vt 1.60233295 -1.45845604
vt 4.02483988 -0.32293200
vt 1.83500004 -3.20033312
vt 1.60233295 -3.68584299
vt 1.66529703 -3.26209998
vt 1.51203597 -3.52944398
vt 1.48470294 -3.26209998
vt 1.37369299 -3.41336012
vt 1.31500006 -3.20033312
vt 1.20398998 -3.35159302
vt 1.17665696 -3.08424902
vt 1.02339602 -3.35159302
vt 0.75380898 -3.01790404
vt 0.85369301 -3.41336012
vt 0.65357602 -3.21134400
vt 0.71534997 -3.52944398
vt 0.50487000 -3.37056899
vt 0.62505299 -3.68584299
vt 0.31872100 -3.48376894
vt 0.59369302 -3.86369300
vt 0.10893300 -3.54254889
vt 0.62505299 -4.04154301
vt -0.10893300 -3.54254889
vt -0.62505299 -4.04154301
vt -0.59369302 -3.86369300
vt -0.31872100 -3.48376894
vt -0.62505299 -3.68584299
vt -0.50487000 -3.37056899
vt -0.71534997 -3.52944398
vt -0.65357602 -3.21134400
vt -0.85369301 -3.41336012
vt -0.75380898 -3.01790404
vt -1.02339602 -3.35159302
vt -1.17665696 -3.08424902
vt -1.20398998 -3.35159302
vt -1.31500006 -3.20033312
vt -1.37369299 -3.41336012
vt -1.48470294 -3.26209998
vt -1.51203597 -3.52944398
vt -1.66529703 -3.26209998
vt -1.60233295 -3.68584299
vt -1.83500004 -3.20033312
vt 1.08635998 -2.92785001
vt 0.79813498 -2.80459404
vt 1.05499995 -2.75000000
vt 0.78326702 -2.58723497
vt 1.08635998 -2.57214999
vt -0.71534997 -4.19794321
vt 0.71534997 -4.19794321
vt -1.08635998 -2.92785001
vt -0.79813498 -2.80459404
vt -1.05499995 -2.75000000
vt -0.78326702 -2.58723497
vt -1.08635998 -2.57214999
vt -0.71030802 -2.38194799
vt -1.17665696 -2.41575098
vt -1.02339602 -2.14840698
vt -1.20398998 -2.14840698
vt -1.83500004 -2.29966688
vt -1.60233295 -1.81415701
vt -1.66529703 -2.23790002
vt -1.51203597 -1.97055602
vt -1.48470294 -2.23790002
vt -1.37369299 -2.08663988
vt -1.31500006 -2.29966688
vt -0.62505299 -1.81415701
vt -0.25999999 -1.62533295
vt -0.59369302 -1.63630700
vt -0.39834300 -1.50925004
vt -0.62505299 -1.45845604
vt -0.48864001 -1.35284996
vt -0.71534997 -1.30205703
vt -0.51999998 -1.17499995
vt -0.85369301 -1.18597400
vt -0.48864001 -0.99715000
vt -1.02339602 -1.12420702
vt -0.39834300 -0.84074998
vt -1.20398998 -1.12420702
vt -1.57943201 1.67666900
vt -2.07373905 1.46777296
vt -0.71534997 -1.97055602
vt -0.41566700 -2.06646395
vt -0.21583700 -1.97966599
vt -0.09029698 -1.68710005
vt 0.00000000 -1.95000005
vt -0.58466899 -2.20395803
vt -0.85369301 -2.08663988
vt -1.51203597 -1.30205703
vt -3.72194099 0.12004500
vt -4.02483988 -0.32293200
vt -1.37369299 -1.18597400
vt -2.97515798 0.88846600
vt -3.37051892 0.52560699
vt -2.54101205 1.20389199
vt -0.25999999 -0.72466701
vt -1.06453502 1.82785594
vt -0.09029698 -0.66289997
vt -0.53575999 1.91936398
vt 0.00000000 1.95000005
vt 0.09029698 -0.66289997
vt 0.53575999 1.91936398
vt 1.06453502 1.82785594
vt 0.25999999 -0.72466701
vt -0.25000000 -0.53692698
vt 0.25000000 0.00000000
vt -0.25000000 0.00000000
vt 0.25000000 0.53692698
vt -0.25000000 0.53692698
vt 0.25000000 1.07385302
vt -0.25000000 1.07385302
vt 0.25000000 1.61078000
vt -0.25000000 1.61078000
vt 0.25000000 2.14770699
vt -0.25000000 2.14770699
vt 0.25000000 2.68463302
vt -0.25000000 2.68463302
vt 0.25000000 3.22156000
vt -0.25000000 3.22156000
vt 0.25000000 3.75848699
vt -0.25000000 3.75848699
vt 0.25000000 4.29541302
vt -0.25000000 4.29541302
vt 0.25000000 4.83234119
vt -0.25000000 4.83234119
vt 0.25000000 5.36926699
vt -0.25000000 5.36926699
vt 0.25000000 5.90619421
vt -0.25000000 5.90619421
vt 0.25000000 6.44312000
vt -0.25000000 6.44312000
vt 0.25000000 6.98004723
vt -0.25000000 6.98004723
vt 0.25000000 7.51697397
vt -0.25000000 7.51697397
vt 0.25000000 8.05390072
vt -0.25000000 8.05390072
vt 0.25000000 8.59082699
vt -0.25000000 8.59082699
vt 0.25000000 9.12775612
vt -0.25000000 9.12775612
vt 0.25000000 9.66468334
vt -0.25000000 9.66468334
vt 0.25000000 10.20160961
vt -0.25000000 10.20160961
vt 0.25000000 10.73853016
vt -0.25000000 10.73853016
vt 0.25000000 11.27546024
vt -0.25000000 11.27546024
vt 0.25000000 11.81239033
vt -0.25000000 11.81239033
vt 0.25000000 12.34930992
vt -0.25000000 12.34930992
vt 0.25000000 12.88624001
vt -0.25000000 12.88624001
vt 0.25000000 13.42317009
vt -0.25000000 13.42317009
vt 0.25000000 13.96008968
vt -0.25000000 13.96008968
vt 0.25000000 14.49701977
vt -0.25000000 14.49701977
vt -0.25000000 -15.03394985
vt 0.25000000 -15.03394985
vt 0.25000000 -14.49701977
vt -0.25000000 -14.49701977
vt 0.25000000 -13.96008968
vt -0.25000000 -13.96008968
vt 0.25000000 -13.42317009
vt -0.25000000 -13.42317009
vt 0.25000000 -12.88624001
vt -0.25000000 -12.88624001
vt 0.25000000 -12.34930992
vt -0.25000000 -12.34930992
vt 0.25000000 -11.81239033
vt -0.25000000 -11.81239033
vt 0.25000000 -11.27546024
vt -0.25000000 -11.27546024
vt 0.25000000 -10.73853016
vt -0.25000000 -10.73853016
vt 0.25000000 -10.20160961
vt -0.25000000 -10.20160961
vt 0.25000000 -9.66468334
vt -0.25000000 -9.66468334
vt 0.25000000 -9.12775612
vt -0.25000000 -9.12775612
vt 0.25000000 -8.59082699
vt -0.25000000 -8.59082699
vt 0.25000000 -8.05390072
vt -0.25000000 -8.05390072
vt 0.25000000 -7.51697397
vt -0.25000000 -7.51697397
vt 0.25000000 -6.98004723
vt -0.25000000 -6.98004723
vt 0.25000000 -6.44312000
vt -0.25000000 -6.44312000
vt 0.25000000 -5.90619421
vt -0.25000000 -5.90619421
vt 0.25000000 -5.36926699
vt -0.25000000 -5.36926699
vt 0.25000000 -4.83234119
vt -0.25000000 -4.83234119
vt 0.25000000 -4.29541302
vt -0.25000000 -4.29541302
vt 0.25000000 -3.75848699
vt -0.25000000 -3.75848699
vt 0.25000000 -3.22156000
vt -0.25000000 -3.22156000
vt 0.25000000 -2.68463302
vt -0.25000000 -2.68463302
vt 0.25000000 -2.14770699
vt -0.25000000 -2.14770699
vt 0.25000000 -1.61078000
vt -0.25000000 -1.61078000
vt 0.25000000 -1.07385302
vt -0.25000000 -1.07385302
vt 0.25000000 -0.53692698
vt 0.58461398 0.36884099
vt 0.00000000 0.40000001
vt 0.00000000 -0.40000001
vt -0.58461398 0.36884099
vt -0.53575999 -0.43063599
vt -1.16260397 0.27571899
vt -1.06453502 -0.52214402
vt -1.72742200 0.12168700
vt -1.57943201 -0.67333102
vt -2.27266693 -0.09150898
vt -2.07373905 -0.88222700
vt -2.79216194 -0.36145300
vt -2.54101205 -1.14610803
vt -3.28002000 -0.68508601
vt -2.97515798 -1.46153402
vt -3.73071504 -1.05874205
vt -3.37051892 -1.82439303
vt -4.13913918 -1.47818696
vt -3.72194099 -2.22995496
vt -4.50066519 -1.93866897
vt -4.02483988 -2.67293191
vt -4.81119680 -2.43496990
vt -4.27526999 -3.14754891
vt -5.06721592 -2.96146703
vt -4.46996498 -3.64761996
vt -5.26582098 -3.51219392
vt -4.60638809 -4.16662502
vt -5.40476322 -4.08091211
vt -4.68275881 -4.69779682
vt -5.48246622 -4.66117620
vt -4.69808292 -5.23421288
vt -5.49805117 -5.24641323
vt -5.45134115 -5.82998991
vt -4.65216112 -5.76887989
vt -5.34286499 -6.40529680
vt -4.54558992 -6.29482603
vt -5.17385101 -6.96581411
vt -4.37976122 -6.80519581
vt -4.94621706 -7.50518990
vt -4.15683508 -7.29333591
vt -4.66253901 -8.01731491
vt -3.87971807 -7.75288296
vt -4.32603407 -8.49638557
vt -3.55202293 -8.17784500
vt -3.94051194 -8.93697357
vt -3.17802191 -8.56268501
vt -3.51034307 -9.33408928
vt -2.76259089 -8.90237999
vt -3.04040003 -9.68322659
vt -2.31114507 -9.19250679
vt -2.53600907 -9.98043823
vt -1.82956898 -9.42928314
vt -2.00288296 -10.22235012
vt -1.32414305 -9.60961914
vt -1.44706404 -10.40622044
vt -0.80145401 -9.73116302
vt -0.87484902 -10.52997971
vt -0.26831701 -9.79233456
vt -0.29272199 -10.59220028
vt 0.29272199 -10.59220028
vt 0.26831701 -9.79233456
vt 0.87484902 -10.52997971
vt 0.80145401 -9.73116302
vt 1.44706404 -10.40622044
vt 1.32414305 -9.60961914
vt 2.00288296 -10.22235012
vt 1.82956898 -9.42928314
vt 2.53600907 -9.98043823
vt 2.31114507 -9.19250679
vt 3.04040003 -9.68322659
vt 2.76259089 -8.90237999
vt 3.51034307 -9.33408928
vt 3.17802191 -8.56268501
vt 3.94051194 -8.93697357
vt 3.55202293 -8.17784500
vt 4.32603407 -8.49638557
vt 3.87971807 -7.75288296
vt 4.66253901 -8.01731491
vt 4.15683508 -7.29333591
vt 4.94621706 -7.50518990
vt 4.37976122 -6.80519581
vt 5.17385101 -6.96581411
vt 4.54558992 -6.29482603
vt 5.34286499 -6.40529680
vt 4.65216112 -5.76887989
vt 5.45134115 -5.82998991
vt 4.69808292 -5.23421288
vt 5.49805117 -5.24641323
vt 5.48246622 -4.66117620
vt 4.68275881 -4.69779682
vt 5.40476322 -4.08091211
vt 4.60638809 -4.16662502
vt 5.26582098 -3.51219392
vt 4.46996498 -3.64761996
vt 5.06721592 -2.96146703
vt 4.27526999 -3.14754891
vt 4.81119680 -2.43496990
vt 4.02483988 -2.67293191
vt 4.50066519 -1.93866897
vt 3.72194099 -2.22995496
vt 4.13913918 -1.47818696
vt 3.37051892 -1.82439303
vt 3.73071504 -1.05874205
vt 2.97515798 -1.46153402
vt 3.28002000 -0.68508601
vt 2.54101205 -1.14610803
vt 2.79216194 -0.36145300
vt 2.07373905 -0.88222700
vt 2.27266693 -0.09150898
vt 1.57943201 -0.67333102
vt 1.72742200 0.12168700
vt 1.06453502 -0.52214402
vt 1.16260397 0.27571899
vt 0.53575999 -0.43063599
vt -1.50000000 -0.58572102
vt 1.50000000 0.00000000
vt -1.50000000 0.00000000
vt 1.50000000 0.58572102
vt -1.50000000 0.58572102
vt 1.50000000 1.17144096
vt -1.50000000 1.17144096
vt 1.50000000 1.75716197
vt -1.50000000 1.75716197
vt 1.50000000 2.34288311
vt -1.50000000 2.34288311
vt 1.50000000 2.92860293
vt -1.50000000 2.92860293
vt 1.50000000 3.51432395
vt -1.50000000 3.51432395
vt 1.50000000 4.10004520
vt -1.50000000 4.10004520
vt 1.50000000 4.68576479
vt -1.50000000 4.68576479
vt 1.50000000 5.27148581
vt -1.50000000 5.27148581
vt 1.50000000 5.85720587
vt -1.50000000 5.85720587
vt 1.50000000 6.44292688
vt -1.50000000 6.44292688
vt 1.50000000 7.02864790
vt -1.50000000 7.02864790
vt 1.50000000 7.61436796
vt -1.50000000 7.61436796
vt 1.50000000 8.20009041
vt -1.50000000 8.20009041
vt 1.50000000 8.78581238
vt -1.50000000 8.78581238
vt 1.50000000 9.37153053
vt -1.50000000 9.37153053
vt 1.50000000 9.95725155
vt -1.50000000 9.95725155
vt 1.50000000 10.54296970
vt -1.50000000 10.54296970
vt 1.50000000 11.12868977
vt -1.50000000 11.12868977
vt 1.50000000 11.71440983
vt -1.50000000 11.71440983
vt 1.50000000 12.30012989
vt -1.50000000 12.30012989
vt 1.50000000 12.88584995
vt -1.50000000 12.88584995
vt 1.50000000 13.47157001
vt -1.50000000 13.47157001
vt 1.50000000 14.05729961
vt -1.50000000 14.05729961
vt 1.50000000 14.64301968
vt -1.50000000 14.64301968
vt 1.50000000 15.22873974
vt -1.50000000 15.22873974
vt 1.50000000 15.81445980
vt -1.50000000 15.81445980
vt 1.50000000 16.40018082
vt -1.50000000 16.40018082
vt 1.50000000 16.98590088
vt -1.50000000 16.98590088
vt -1.50000000 -17.57162094
vt 1.50000000 -17.57162094
vt 1.50000000 -16.98590088
vt -1.50000000 -16.98590088
vt 1.50000000 -16.40018082
vt -1.50000000 -16.40018082
vt 1.50000000 -15.81445980
vt -1.50000000 -15.81445980
vt 1.50000000 -15.22873974
vt -1.50000000 -15.22873974
vt 1.50000000 -14.64301968
vt -1.50000000 -14.64301968
vt 1.50000000 -14.05729961
vt -1.50000000 -14.05729961
vt 1.50000000 -13.47157001
vt -1.50000000 -13.47157001
vt 1.50000000 -12.88584995
vt -1.50000000 -12.88584995
vt 1.50000000 -12.30012989
vt -1.50000000 -12.30012989
vt 1.50000000 -11.71440983
vt -1.50000000 -11.71440983
vt 1.50000000 -11.12868977
vt -1.50000000 -11.12868977
vt 1.50000000 -10.54296970
vt -1.50000000 -10.54296970
vt 1.50000000 -9.95725155
vt -1.50000000 -9.95725155
vt 1.50000000 -9.37153053
vt -1.50000000 -9.37153053
vt 1.50000000 -8.78581238
vt -1.50000000 -8.78581238
vt 1.50000000 -8.20009041
vt -1.50000000 -8.20009041
vt 1.50000000 -7.61436796
vt -1.50000000 -7.61436796
vt 1.50000000 -7.02864790
vt -1.50000000 -7.02864790
vt 1.50000000 -6.44292688
vt -1.50000000 -6.44292688
vt 1.50000000 -5.85720587
vt -1.50000000 -5.85720587
vt 1.50000000 -5.27148581
vt -1.50000000 -5.27148581
vt 1.50000000 -4.68576479
vt -1.50000000 -4.68576479
vt 1.50000000 -4.10004520
vt -1.50000000 -4.10004520
vt 1.50000000 -3.51432395
vt -1.50000000 -3.51432395
vt 1.50000000 -2.92860293
vt -1.50000000 -2.92860293
vt 1.50000000 -2.34288311
vt -1.50000000 -2.34288311
vt 1.50000000 -1.75716197
vt -1.50000000 -1.75716197
vt 1.50000000 -1.17144096
vt -1.50000000 -1.17144096
vt 1.50000000 -0.58572102
f 1/1 2/2 3/3
f 3/3 2/2 4/4
f 3/3 4/4 5/5
f 2/2 1/1 6/6
f 6/6 1/1 7/7
f 6/6 7/7 8/8
f 8/8 7/7 9/9
f 8/8 9/9 10/10
f 10/10 9/9 11/11
f 10/10 11/11 12/12
f 12/12 11/11 13/13
f 12/12 13/13 14/14
f 14/14 13/13 15/15
f 14/14 15/15 16/16
f 16/16 15/15 17/17
f 16/16 17/17 18/18
f 18/18 17/17 19/19
f 18/18 19/19 20/20
f 20/20 19/19 21/21
f 20/20 21/21 22/22
f 22/22 21/21 23/23
f 22/22 23/23 24/24
f 24/24 23/23 25/25
f 24/24 25/25 26/26
f 26/26 25/25 27/27
f 26/26 27/27 28/28
f 28/28 27/27 29/29
f 28/28 29/29 30/30
f 30/30 29/29 31/31
f 30/30 31/31 32/32
f 32/32 31/31 33/33
f 33/33 31/31 34/34
f 33/33 34/34 35/35
f 35/35 34/34 36/36
f 35/35 36/36 37/37
f 37/37 36/36 38/38
f 37/37 38/38 39/39
f 39/39 38/38 40/40
f 39/39 40/40 41/41
f 41/41 40/40 42/42
f 41/41 42/42 43/43
f 43/43 42/42 44/44
f 43/43 44/44 45/45
f 45/45 44/44 46/46
f 45/45 46/46 47/47
f 47/47 46/46 48/48
f 47/47 48/48 49/49
f 49/49 48/48 50/50
f 49/49 50/50 51/51
f 51/51 50/50 52/52
f 51/51 52/52 53/53
f 53/53 52/52 54/54
f 53/53 54/54 55/55
f 55/55 54/54 56/56
f 55/55 56/56 57/57
f 57/57 56/56 58/58
f 57/57 58/58 59/59
f 59/59 58/58 60/60
f 59/59 60/60 61/61
f 61/61 60/60 62/62
f 62/62 60/60 63/63
f 62/62 63/63 64/64
f 64/64 63/63 65/65
f 64/64 65/65 66/66
f 66/66 65/65 67/67
f 66/66 67/67 68/68
f 68/68 67/67 69/69
f 68/68 69/69 70/70
f 70/70 69/69 71/71
f 70/70 71/71 72/72
f 72/72 71/71 73/73
f 72/72 73/73 74/74
f 74/74 73/73 75/75
f 74/74 75/75 76/76
f 76/76 75/75 77/77
f 76/76 77/77 78/78
f 78/78 77/77 79/79
f 78/78 79/79 80/80
f 80/80 79/79 81/81
f 80/80 81/81 82/82
f 82/82 81/81 83/83
f 82/82 83/83 84/84
f 84/84 83/83 85/85
f 84/84 85/85 86/86
f 86/86 85/85 87/87
f 86/86 87/87 88/88
f 88/88 87/87 89/89
f 89/89 87/87 90/90
f 89/89 90/90 91/91
f 91/91 90/90 92/92
f 91/91 92/92 93/93
f 93/93 92/92 94/94
f 93/93 94/94 95/95
f 95/95 94/94 96/96
f 95/95 96/96 97/97
f 97/97 96/96 98/98
f 97/97 98/98 99/99
f 99/99 98/98 100/100
f 99/99 100/100 101/101
f 101/101 100/100 102/102
f 101/101 102/102 103/103
f 103/103 102/102 104/104
f 103/103 104/104 105/105
f 105/105 104/104 106/106
f 105/105 106/106 107/107
f 107/107 106/106 108/108
f 107/107 108/108 109/109
f 109/109 108/108 110/110
f 109/109 110/110 111/111
f 111/111 110/110 112/112
f 111/111 112/112 113/113
f 113/113 112/112 114/114
f 113/113 114/114 5/5
f 5/5 114/114 3/3
f 115/115 116/116 117/117
f 117/117 116/116 118/118
f 117/117 118/118 119/119
f 119/119 118/118 120/120
f 119/119 120/120 121/121
f 121/121 120/120 122/122
f 121/121 122/122 123/123
f 123/123 122/122 124/124
f 123/123 124/124 125/125
f 125/125 124/124 126/126
f 125/125 126/126 127/127
f 127/127 126/126 128/128
f 127/127 128/128 129/129
f 129/129 128/128 130/130
f 129/129 130/130 131/131
f 131/131 130/130 132/132
f 131/131 132/132 133/133
f 133/133 132/132 134/134
f 133/133 134/134 135/135
f 135/135 134/134 136/136
f 135/135 136/136 137/137
f 137/137 136/136 138/138
f 137/137 138/138 139/139
f 139/139 138/138 140/140
f 139/139 140/140 141/141
f 141/141 140/140 142/142
f 141/141 142/142 143/143
f 143/143 142/142 144/144
f 143/143 144/144 145/145
f 145/145 144/144 146/146
f 145/145 146/146 147/147
f 147/147 146/146 148/148
f 147/147 148/148 149/149
f 149/149 148/148 150/150
f 149/149 150/150 151/151
f 151/151 150/150 152/152
f 151/151 152/152 153/153
f 153/153 152/152 154/154
f 153/153 154/154 155/155
f 155/155 154/154 156/156
f 155/155 156/156 157/157
f 157/157 156/156 158/158
f 157/157 158/158 159/159
f 159/159 158/158 160/160
f 159/159 160/160 161/161
f 161/161 160/160 162/162
f 161/161 162/162 163/163
f 163/163 162/162 164/164
f 163/163 164/164 165/165
f 165/165 164/164 166/166
f 165/165 166/166 167/167
f 167/167 166/166 168/168
f 167/167 168/168 169/169
f 169/169 168/168 170/170
f 169/169 170/170 171/171
f 172/172 173/173 174/174
f 172/172 174/174 175/175
f 175/175 174/174 176/176
f 175/175 176/176 177/177
f 177/177 176/176 178/178
f 177/177 178/178 179/179
f 179/179 178/178 180/180
f 179/179 180/180 181/181
f 181/181 180/180 182/182
f 181/181 182/182 183/183
f 183/183 182/182 184/184
f 183/183 184/184 185/185
f 185/185 184/184 186/186
f 185/185 186/186 187/187
f 187/187 186/186 188/188
f 187/187 188/188 189/189
f 189/189 188/188 190/190
f 189/189 190/190 191/191
f 191/191 190/190 192/192
f 191/191 192/192 193/193
f 193/193 192/192 194/194
f 193/193 194/194 195/195
f 195/195 194/194 196/196
f 195/195 196/196 197/197
f 197/197 196/196 198/198
f 197/197 198/198 199/199
f 199/199 198/198 200/200
f 199/199 200/200 201/201
f 201/201 200/200 202/202
f 201/201 202/202 203/203
f 203/203 202/202 204/204
f 203/203 204/204 205/205
f 205/205 204/204 206/206
f 205/205 206/206 207/207
f 207/207 206/206 208/208
f 207/207 208/208 209/209
f 209/209 208/208 210/210
f 209/209 210/210 211/211
f 211/211 210/210 212/212
f 211/211 212/212 213/213
f 213/213 212/212 214/214
f 213/213 214/214 215/215
f 215/215 214/214 216/216
f 215/215 216/216 217/217
f 217/217 216/216 218/218
f 217/217 218/218 219/219
f 219/219 218/218 220/220
f 219/219 220/220 221/221
f 221/221 220/220 222/222
f 221/221 222/222 223/223
f 223/223 222/222 224/224
f 223/223 224/224 225/225
f 225/225 224/224 226/226
f 225/225 226/226 115/115
f 115/115 226/226 116/116
f 227/227 228/228 229/229
f 229/229 228/228 230/230
f 229/229 230/230 231/231
f 228/228 227/227 232/232
f 232/232 227/227 233/233
f 232/232 233/233 234/234
f 234/234 233/233 235/235
f 235/235 233/233 236/236
f 235/235 236/236 237/237
f 237/237 236/236 238/238
f 237/237 238/238 239/239
f 239/239 238/238 240/240
f 240/240 238/238 241/241
f 240/240 241/241 242/242
f 242/242 241/241 243/243
f 242/242 243/243 244/244
f 244/244 243/243 245/245
f 245/245 243/243 246/246
f 245/245 246/246 247/247
f 247/247 246/246 248/248
f 247/247 248/248 249/249
f 249/249 248/248 250/250
f 250/250 248/248 251/251
f 250/250 251/251 252/252
f 252/252 251/251 253/253
f 253/253 251/251 254/254
f 253/253 254/254 255/255
f 255/255 254/254 256/256
f 255/255 256/256 257/257
f 257/257 256/256 258/258
f 258/258 256/256 259/259
f 258/258 259/259 260/260
f 260/260 259/259 261/261
f 260/260 261/261 262/262
f 262/262 261/261 263/263
f 263/263 261/261 264/264
f 263/263 264/264 265/265
f 265/265 264/264 266/266
f 265/265 266/266 267/267
f 267/267 266/266 268/268
f 268/268 266/266 269/269
f 268/268 269/269 270/270
f 270/270 269/269 271/271
f 270/270 271/271 272/272
f 272/272 271/271 273/273
f 273/273 271/271 274/274
f 273/273 274/274 275/275
f 275/275 274/274 276/276
f 275/275 276/276 277/277
f 277/277 276/276 278/278
f 278/278 276/276 279/279
f 278/278 279/279 280/280
f 280/280 279/279 281/281
f 280/280 281/281 282/282
f 282/282 281/281 283/283
f 283/283 281/281 284/284
f 283/283 284/284 285/285
f 285/285 284/284 286/286
f 285/285 286/286 287/287
f 287/287 286/286 288/288
f 288/288 286/286 289/289
f 288/288 289/289 290/290
f 290/290 289/289 291/291
f 290/290 291/291 292/292
f 292/292 291/291 293/293
f 293/293 291/291 294/294
f 293/293 294/294 295/295
f 295/295 294/294 296/296
f 295/295 296/296 297/297
f 297/297 296/296 298/298
f 298/298 296/296 299/299
f 298/298 299/299 300/300
f 300/300 299/299 301/301
f 301/301 299/299 302/302
f 301/301 302/302 303/303
f 303/303 302/302 304/304
f 303/303 304/304 305/305
f 305/305 304/304 306/306
f 306/306 304/304 307/307
f 306/306 307/307 308/308
f 308/308 307/307 309/309
f 308/308 309/309 310/310
f 310/310 309/309 311/311
f 311/311 309/309 312/312
f 311/311 312/312 313/313
f 313/313 312/312 314/314
f 313/313 314/314 315/315
f 315/315 314/314 316/316
f 316/316 314/314 317/317
f 316/316 317/317 231/231
f 231/231 317/317 229/229
f 318/318 319/319 320/320
f 320/320 319/319 321/321
f 320/320 321/321 322/322
f 322/322 321/321 323/323
f 322/322 323/323 324/324
f 324/324 323/323 325/325
f 324/324 325/325 326/326
f 326/326 325/325 327/327
f 326/326 327/327 328/328
f 328/328 327/327 329/329
f 328/328 329/329 330/330
f 330/330 329/329 331/331
f 330/330 331/331 332/332
f 332/332 331/331 333/333
f 332/332 333/333 334/334
f 334/334 333/333 335/335
f 334/334 335/335 336/336
f 336/336 335/335 337/337
f 336/336 337/337 338/338
f 338/338 337/337 339/339
f 338/338 339/339 340/340
f 340/340 339/339 341/341
f 340/340 341/341 342/342
f 342/342 341/341 343/343
f 342/342 343/343 344/344
f 344/344 343/343 345/345
f 344/344 345/345 346/346
f 346/346 345/345 347/347
f 346/346 347/347 348/348
f 348/348 347/347 349/349
f 348/348 349/349 350/350
f 350/350 349/349 351/351
f 350/350 351/351 352/352
f 352/352 351/351 353/353
f 352/352 353/353 354/354
f 354/354 353/353 355/355
f 354/354 355/355 356/356
f 356/356 355/355 357/357
f 358/358 359/359 360/360
f 360/360 359/359 361/361
f 360/360 361/361 362/362
f 362/362 361/361 363/363
f 362/362 363/363 364/364
f 364/364 363/363 365/365
f 364/364 365/365 366/366
f 366/366 365/365 367/367
f 366/366 367/367 368/368
f 368/368 367/367 369/369
f 368/368 369/369 370/370
f 370/370 369/369 371/371
f 370/370 371/371 372/372
f 372/372 371/371 373/373
f 372/372 373/373 374/374
f 374/374 373/373 375/375
f 374/374 375/375 376/376
f 376/376 375/375 377/377
f 376/376 377/377 378/378
f 378/378 377/377 379/379
f 378/378 379/379 380/380
f 380/380 379/379 381/381
f 380/380 381/381 382/382
f 382/382 381/381 383/383
f 382/382 383/383 384/384
f 384/384 383/383 385/385
f 384/384 385/385 386/386
f 386/386 385/385 387/387
f 386/386 387/387 388/388
f 388/388 387/387 389/389
f 388/388 389/389 390/390
f 390/390 389/389 391/391
f 390/390 391/391 318/318
f 318/318 391/391 319/319
f 392/392 393/393 394/394
f 394/394 393/393 395/395
f 394/394 395/395 396/396
f 396/396 395/395 397/397
f 396/396 397/397 398/398
f 398/398 397/397 399/399
f 398/398 399/399 400/400
f 400/400 399/399 401/401
f 400/400 401/401 402/402
f 402/402 401/401 403/403
f 402/402 403/403 404/404
f 404/404 403/403 405/405
f 404/404 405/405 406/406
f 406/406 405/405 407/407
f 406/406 407/407 408/408
f 408/408 407/407 409/409
f 408/408 409/409 410/410
f 410/410 409/409 411/411
f 410/410 411/411 412/412
f 412/412 411/411 413/413
f 412/412 413/413 414/414
f 414/414 413/413 415/415
f 414/414 415/415 416/416
f 416/416 415/415 417/417
f 416/416 417/417 418/418
f 418/418 417/417 419/419
f 418/418 419/419 420/420
f 420/420 419/419 421/421
f 420/420 421/421 422/422
f 422/422 421/421 423/423
f 422/422 423/423 424/424
f 424/424 423/423 425/425
f 424/424 425/425 426/426
f 426/426 425/425 427/427
f 426/426 427/427 428/428
f 428/428 427/427 429/429
f 428/428 429/429 430/430
f 430/430 429/429 431/431
f 432/432 433/433 434/434
f 434/434 433/433 435/435
f 434/434 435/435 436/436
f 436/436 435/435 437/437
f 436/436 437/437 438/438
f 438/438 437/437 439/439
f 438/438 439/439 440/440
f 440/440 439/439 441/441
f 440/440 441/441 442/442
f 442/442 441/441 443/443
f 442/442 443/443 444/444
f 444/444 443/443 445/445
f 444/444 445/445 446/446
f 446/446 445/445 447/447
f 446/446 447/447 448/448
f 448/448 447/447 449/449
f 448/448 449/449 450/450
f 450/450 449/449 451/451
f 450/450 451/451 452/452
f 452/452 451/451 453/453
f 452/452 453/453 454/454
f 454/454 453/453 455/455
f 454/454 455/455 456/456
f 456/456 455/455 457/457
f 456/456 457/457 458/458
f 458/458 457/457 459/459
f 458/458 459/459 460/460
f 460/460 459/459 461/461
f 460/460 461/461 462/462
f 462/462 461/461 463/463
f 462/462 463/463 464/464
f 464/464 463/463 465/465
f 464/464 465/465 392/392
f 392/392 465/465 393/393
f 466/466 467/467 468/468
f 468/468 467/467 469/469
f 468/468 469/469 470/470
f 467/467 466/466 471/471
f 471/471 466/466 472/472
f 471/471 472/472 473/473
f 473/473 472/472 474/474
f 473/473 474/474 475/475
f 475/475 474/474 476/476
f 476/476 474/474 477/477
f 476/476 477/477 478/478
f 478/478 477/477 479/479
f 478/478 479/479 480/480
f 480/480 479/479 481/481
f 481/481 479/479 482/482
f 481/481 482/482 483/483
f 481/481 483/483 484/484
f 484/484 483/483 485/485
f 484/484 485/485 486/486
f 484/484 486/486 487/487
f 487/487 486/486 488/488
f 487/487 488/488 489/489
f 489/489 488/488 490/490
f 489/489 490/490 491/491
f 489/489 491/491 492/492
f 492/492 491/491 493/493
f 492/492 493/493 494/494
f 494/494 493/493 470/470
f 470/470 493/493 468/468
f 495/495 496/496 497/497
f 497/497 496/496 498/498
f 497/497 498/498 475/475
f 475/475 498/498 473/473
f 496/496 495/495 499/499
f 499/499 495/495 500/500
f 499/499 500/500 501/501
f 501/501 500/500 502/502
f 502/502 500/500 503/503
f 502/502 503/503 504/504
f 504/504 503/503 505/505
f 504/504 505/505 506/506
f 503/503 507/507 505/505
f 505/505 507/507 508/508
f 505/505 508/508 509/509
f 509/509 508/508 510/510
f 509/509 510/510 511/511
f 511/511 510/510 512/512
f 511/511 512/512 513/513
f 511/511 513/513 514/514
f 514/514 513/513 515/515
f 514/514 515/515 480/480
f 480/480 515/515 516/516
f 480/480 516/516 478/478
f 517/517 518/518 519/519
f 519/519 518/518 520/520
f 519/519 520/520 521/521
f 521/521 520/520 522/522
f 521/521 522/522 523/523
f 523/523 522/522 524/524
f 523/523 524/524 501/501
f 501/501 524/524 499/499
f 525/525 526/526 517/517
f 517/517 526/526 527/527
f 517/517 527/527 518/518
f 518/518 527/527 528/528
f 518/518 528/528 529/529
f 529/529 528/528 530/530
f 529/529 530/530 531/531
f 531/531 530/530 532/532
f 531/531 532/532 533/533
f 533/533 532/532 534/534
f 533/533 534/534 535/535
f 535/535 534/534 536/536
f 536/536 534/534 537/537
f 536/536 537/537 538/538
f 538/538 537/537 539/539
f 538/538 539/539 540/540
f 540/540 539/539 541/541
f 541/541 539/539 542/542
f 541/541 542/542 543/543
f 543/543 542/542 544/544
f 544/544 542/542 545/545
f 544/544 545/545 546/546
f 546/546 545/545 547/547
f 547/547 545/545 548/548
f 548/548 545/545 549/549
f 548/548 549/549 550/550
f 550/550 549/549 551/551
f 550/550 551/551 552/552
f 552/552 551/551 553/553
f 553/553 551/551 554/554
f 553/553 554/554 555/555
f 555/555 554/554 556/556
f 555/555 556/556 557/557
f 557/557 556/556 558/558
f 558/558 556/556 559/559
f 558/558 559/559 560/560
f 526/526 525/525 561/561
f 561/561 525/525 562/562
f 561/561 562/562 563/563
f 561/561 563/563 564/564
f 564/564 563/563 565/565
f 564/564 565/565 566/566
f 566/566 565/565 567/567
f 566/566 567/567 568/568
f 566/566 568/568 506/506
f 506/506 568/568 569/569
f 506/506 569/569 504/504
f 531/531 570/570 529/529
f 529/529 570/570 571/571
f 571/571 570/570 572/572
f 571/571 572/572 573/573
f 573/573 572/572 574/574
f 573/573 574/574 575/575
f 575/575 574/574 576/576
f 575/575 576/576 577/577
f 577/577 576/576 578/578
f 577/577 578/578 579/579
f 576/576 580/580 578/578
f 578/578 580/580 546/546
f 546/546 580/580 544/544
f 577/577 579/579 581/581
f 581/581 579/579 582/582
f 581/581 582/582 583/583
f 583/583 582/582 584/584
f 583/583 584/584 585/585
f 585/585 584/584 586/586
f 585/585 586/586 587/587
f 584/584 588/588 586/586
f 586/586 588/588 560/560
f 560/560 588/588 558/558
f 589/589 590/590 591/591
f 591/591 590/590 592/592
f 591/591 592/592 593/593
f 593/593 592/592 594/594
f 594/594 592/592 595/595
f 594/594 595/595 596/596
f 596/596 595/595 597/597
f 596/596 597/597 598/598
f 598/598 597/597 599/599
f 599/599 597/597 600/600
f 599/599 600/600 601/601
f 601/601 600/600 602/602
f 601/601 602/602 603/603
f 589/589 559/559 590/590
f 590/590 559/559 556/556
f 585/585 587/587 604/604
f 604/604 587/587 605/605
f 604/604 605/605 606/606
f 606/606 605/605 607/607
f 606/606 607/607 608/608
f 608/608 607/607 603/603
f 603/603 607/607 601/601
f 606/606 608/608 609/609
f 609/609 608/608 610/610
f 609/609 610/610 611/611
f 611/611 610/610 612/612
f 611/611 612/612 613/613
f 613/613 612/612 469/469
f 613/613 469/469 467/467
f 494/494 614/614 492/492
f 492/492 614/614 615/615
f 615/615 614/614 616/616
f 615/615 616/616 617/617
f 615/615 617/617 618/618
f 618/618 617/617 619/619
f 618/618 619/619 620/620
f 620/620 619/619 621/621
f 620/620 621/621 622/622
f 620/620 622/622 600/600
f 600/600 622/622 602/602
f 623/623 624/624 625/625
f 625/625 624/624 626/626
f 625/625 626/626 627/627
f 627/627 626/626 628/628
f 627/627 628/628 629/629
f 629/629 628/628 630/630
f 629/629 630/630 631/631
f 631/631 630/630 632/632
f 631/631 632/632 633/633
f 633/633 632/632 634/634
f 633/633 634/634 635/635
f 635/635 634/634 636/636
f 635/635 636/636 637/637
f 637/637 636/636 638/638
f 637/637 638/638 639/639
f 639/639 638/638 640/640
f 639/639 640/640 641/641
f 641/641 640/640 642/642
f 641/641 642/642 643/643
f 643/643 642/642 644/644
f 643/643 644/644 645/645
f 645/645 644/644 646/646
f 645/645 646/646 647/647
f 648/648 649/649 650/650
f 648/648 650/650 651/651
f 651/651 650/650 652/652
f 651/651 652/652 653/653
f 653/653 652/652 654/654
f 653/653 654/654 655/655
f 655/655 654/654 656/656
f 655/655 656/656 657/657
f 657/657 656/656 658/658
f 657/657 658/658 659/659
f 659/659 658/658 660/660
f 659/659 660/660 661/661
f 661/661 660/660 662/662
f 661/661 662/662 663/663
f 663/663 662/662 664/664
f 663/663 664/664 665/665
f 665/665 664/664 666/666
f 665/665 666/666 667/667
f 667/667 666/666 668/668
f 667/667 668/668 669/669
f 669/669 668/668 670/670
f 669/669 670/670 623/623
f 623/623 670/670 624/624
f 671/671 672/672 673/673
f 673/673 672/672 674/674
f 673/673 674/674 675/675
f 675/675 674/674 676/676
f 676/676 674/674 677/677
f 676/676 677/677 678/678
f 678/678 677/677 679/679
f 679/679 677/677 680/680
f 679/679 680/680 681/681
f 681/681 680/680 682/682
f 682/682 680/680 683/683
f 682/682 683/683 684/684
f 684/684 683/683 685/685
f 684/684 685/685 686/686
f 686/686 685/685 687/687
f 686/686 687/687 688/688
f 688/688 687/687 689/689
f 688/688 689/689 690/690
f 690/690 689/689 691/691
f 690/690 691/691 692/692
f 692/692 691/691 693/693
f 693/693 691/691 694/694
f 693/693 694/694 695/695
f 695/695 694/694 696/696
f 696/696 694/694 697/697
f 696/696 697/697 698/698
f 698/698 697/697 699/699
f 698/698 699/699 700/700
f 700/700 699/699 701/701
f 701/701 699/699 702/702
f 701/701 702/702 703/703
f 703/703 702/702 704/704
f 703/703 704/704 705/705
f 705/705 704/704 706/706
f 706/706 704/704 707/707
f 706/706 707/707 708/708
f 708/708 707/707 709/709
f 709/709 707/707 710/710
f 709/709 710/710 711/711
f 711/711 710/710 712/712
f 711/711 712/712 713/713
f 713/713 712/712 714/714
f 714/714 712/712 715/715
f 714/714 715/715 716/716
f 716/716 715/715 717/717
f 717/717 715/715 718/718
f 717/717 718/718 719/719
f 719/719 718/718 720/720
f 719/719 720/720 721/721
f 721/721 720/720 722/722
f 721/721 722/722 723/723
f 723/723 722/722 724/724
f 723/723 724/724 725/725
f 725/725 724/724 726/726
f 725/725 726/726 727/727
f 727/727 726/726 728/728
f 728/728 726/726 729/729
f 728/728 729/729 730/730
f 730/730 729/729 731/731
f 731/731 729/729 732/732
f 731/731 732/732 733/733
f 733/733 732/732 734/734
f 733/733 734/734 735/735
f 672/672 671/671 736/736
f 736/736 671/671 737/737
f 736/736 737/737 738/738
f 738/738 737/737 739/739
f 738/738 739/739 740/740
f 740/740 739/739 741/741
f 740/740 741/741 742/742
f 742/742 741/741 743/743
f 742/742 743/743 744/744
f 744/744 743/743 745/745
f 744/744 745/745 746/746
f 746/746 745/745 747/747
f 746/746 747/747 748/748
f 748/748 747/747 749/749
f 748/748 749/749 750/750
f 750/750 749/749 751/751
f 750/750 751/751 752/752
f 749/749 753/753 751/751
f 751/751 753/753 754/754
f 754/754 753/753 755/755
f 754/754 755/755 756/756
f 756/756 755/755 757/757
f 756/756 757/757 758/758
f 758/758 757/757 759/759
f 758/758 759/759 760/760
f 760/760 759/759 761/761
f 760/760 761/761 762/762
f 762/762 761/761 763/763
f 762/762 763/763 764/764
f 764/764 763/763 765/765
f 765/765 763/763 766/766
f 766/766 763/763 767/767
f 766/766 767/767 768/768
f 768/768 767/767 769/769
f 768/768 769/769 770/770
f 770/770 769/769 771/771
f 771/771 769/769 772/772
f 771/771 772/772 773/773
f 773/773 772/772 675/675
f 675/675 772/772 673/673
f 685/685 774/774 687/687
f 687/687 774/774 775/775
f 775/775 774/774 776/776
f 775/775 776/776 777/777
f 777/777 776/776 778/778
f 777/777 778/778 779/779
f 779/779 778/778 780/780
f 779/779 780/780 781/781
f 781/781 780/780 782/782
f 781/781 782/782 783/783
f 783/783 782/782 784/784
f 783/783 784/784 785/785
f 785/785 784/784 786/786
f 785/785 786/786 787/787
f 787/787 786/786 788/788
f 787/787 788/788 789/789
f 789/789 788/788 790/790
f 789/789 790/790 791/791
f 791/791 790/790 792/792
f 791/791 792/792 793/793
f 793/793 792/792 794/794
f 793/793 794/794 795/795
f 795/795 794/794 796/796
f 796/796 794/794 797/797
f 796/796 797/797 798/798
f 798/798 797/797 799/799
f 798/798 799/799 800/800
f 800/800 799/799 801/801
f 800/800 801/801 802/802
f 802/802 801/801 803/803
f 802/802 803/803 804/804
f 804/804 803/803 805/805
f 804/804 805/805 806/806
f 806/806 805/805 807/807
f 806/806 807/807 808/808
f 808/808 807/807 809/809
f 808/808 809/809 810/810
f 810/810 809/809 811/811
f 810/810 811/811 812/812
f 812/812 811/811 813/813
f 812/812 813/813 720/720
f 720/720 813/813 722/722
f 782/782 814/814 784/784
f 784/784 814/814 815/815
f 815/815 814/814 816/816
f 815/815 816/816 817/817
f 817/817 816/816 818/818
f 817/817 818/818 744/744
f 744/744 818/818 742/742
f 704/704 702/702 819/819
f 819/819 702/702 820/820
f 819/819 820/820 795/795
f 795/795 820/820 793/793
f 821/821 822/822 823/823
f 823/823 822/822 824/824
f 823/823 824/824 825/825
f 825/825 824/824 826/826
f 825/825 826/826 827/827
f 827/827 826/826 828/828
f 827/827 828/828 829/829
f 822/822 821/821 803/803
f 803/803 821/821 805/805
f 732/732 830/830 734/734
f 734/734 830/830 831/831
f 831/831 830/830 832/832
f 831/831 832/832 833/833
f 833/833 832/832 834/834
f 833/833 834/834 835/835
f 835/835 834/834 836/836
f 835/835 836/836 829/829
f 829/829 836/836 827/827
f 837/837 838/838 839/839
f 839/839 838/838 840/840
f 839/839 840/840 841/841
f 841/841 840/840 842/842
f 841/841 842/842 843/843
f 843/843 842/842 844/844
f 843/843 844/844 845/845
f 845/845 844/844 846/846
f 845/845 846/846 847/847
f 847/847 846/846 848/848
f 847/847 848/848 849/849
f 849/849 848/848 850/850
f 849/849 850/850 851/851
f 852/852 853/853 837/837
f 837/837 853/853 854/854
f 837/837 854/854 838/838
f 838/838 854/854 855/855
f 855/855 854/854 856/856
f 855/855 856/856 752/752
f 752/752 856/856 750/750
f 853/853 852/852 857/857
f 857/857 852/852 858/858
f 857/857 858/858 826/826
f 826/826 858/858 828/828
f 859/859 860/860 735/735
f 735/735 860/860 861/861
f 735/735 861/861 733/733
f 862/862 863/863 859/859
f 859/859 863/863 864/864
f 859/859 864/864 860/860
f 863/863 862/862 865/865
f 865/865 862/862 849/849
f 865/865 849/849 851/851
f 848/848 866/866 850/850
f 850/850 866/866 867/867
f 867/867 866/866 868/868
f 867/867 868/868 869/869
f 869/869 868/868 870/870
f 870/870 868/868 871/871
f 870/870 871/871 872/872
f 872/872 871/871 873/873
f 873/873 871/871 874/874
f 873/873 874/874 764/764
f 764/764 874/874 762/762
f 875/875 876/876 877/877
f 877/877 876/876 878/878
f 877/877 878/878 879/879
f 879/879 878/878 880/880
f 879/879 880/880 881/881
f 881/881 880/880 882/882
f 881/881 882/882 883/883
f 883/883 882/882 884/884
f 883/883 884/884 885/885
f 885/885 884/884 886/886
f 885/885 886/886 887/887
f 887/887 886/886 888/888
f 887/887 888/888 889/889
f 889/889 888/888 890/890
f 889/889 890/890 891/891
f 891/891 890/890 892/892
f 891/891 892/892 893/893
f 893/893 892/892 894/894
f 893/893 894/894 895/895
f 895/895 894/894 896/896
f 895/895 896/896 897/897
f 897/897 896/896 898/898
f 897/897 898/898 899/899
f 899/899 898/898 900/900
f 899/899 900/900 901/901
f 901/901 900/900 902/902
f 901/901 902/902 903/903
f 903/903 902/902 904/904
f 903/903 904/904 905/905
f 905/905 904/904 906/906
f 905/905 906/906 907/907
f 907/907 906/906 908/908
f 907/907 908/908 909/909
f 909/909 908/908 910/910
f 909/909 910/910 911/911
f 911/911 910/910 912/912
f 911/911 912/912 913/913
f 913/913 912/912 914/914
f 913/913 914/914 915/915
f 915/915 914/914 916/916
f 915/915 916/916 917/917
f 917/917 916/916 918/918
f 917/917 918/918 919/919
f 919/919 918/918 920/920
f 919/919 920/920 921/921
f 921/921 920/920 922/922
f 921/921 922/922 923/923
f 923/923 922/922 924/924
f 923/923 924/924 925/925
f 925/925 924/924 926/926
f 925/925 926/926 927/927
f 927/927 926/926 928/928
f 927/927 928/928 929/929
f 929/929 928/928 930/930
f 929/929 930/930 931/931
f 932/932 933/933 934/934
f 932/932 934/934 935/935
f 935/935 934/934 936/936
f 935/935 936/936 937/937
f 937/937 936/936 938/938
f 937/937 938/938 939/939
f 939/939 938/938 940/940
f 939/939 940/940 941/941
f 941/941 940/940 942/942
f 941/941 942/942 943/943
f 943/943 942/942 944/944
f 943/943 944/944 945/945
f 945/945 944/944 946/946
f 945/945 946/946 947/947
f 947/947 946/946 948/948
f 947/947 948/948 949/949
f 949/949 948/948 950/950
f 949/949 950/950 951/951
f 951/951 950/950 952/952
f 951/951 952/952 953/953
f 953/953 952/952 954/954
f 953/953 954/954 955/955
f 955/955 954/954 956/956
f 955/955 956/956 957/957
f 957/957 956/956 958/958
f 957/957 958/958 959/959
f 959/959 958/958 960/960
f 959/959 960/960 961/961
f 961/961 960/960 962/962
f 961/961 962/962 963/963
f 963/963 962/962 964/964
f 963/963 964/964 965/965
f 965/965 964/964 966/966
f 965/965 966/966 967/967
f 967/967 966/966 968/968
f 967/967 968/968 969/969
f 969/969 968/968 970/970
f 969/969 970/970 971/971
f 971/971 970/970 972/972
f 971/971 972/972 973/973
f 973/973 972/972 974/974
f 973/973 974/974 975/975
f 975/975 974/974 976/976
f 975/975 976/976 977/977
f 977/977 976/976 978/978
f 977/977 978/978 979/979
f 979/979 978/978 980/980
f 979/979 980/980 981/981
f 981/981 980/980 982/982
f 981/981 982/982 983/983
f 983/983 982/982 984/984
f 983/983 984/984 985/985
f 985/985 984/984 986/986
f 985/985 986/986 875/875
f 875/875 986/986 876/876
f 987/987 988/988 989/989
f 989/989 988/988 990/990
f 989/989 990/990 991/991
f 991/991 990/990 992/992
f 991/991 992/992 993/993
f 993/993 992/992 994/994
f 993/993 994/994 995/995
f 995/995 994/994 996/996
f 995/995 996/996 997/997
f 997/997 996/996 998/998
f 997/997 998/998 999/999
f 999/999 998/998 1000/1000
f 999/999 1000/1000 1001/1001
f 1001/1001 1000/1000 1002/1002
f 1001/1001 1002/1002 1003/1003
f 1003/1003 1002/1002 1004/1004
f 1003/1003 1004/1004 1005/1005
f 1005/1005 1004/1004 1006/1006
f 1005/1005 1006/1006 1007/1007
f 1007/1007 1006/1006 1008/1008
f 1007/1007 1008/1008 1009/1009
f 1009/1009 1008/1008 1010/1010
f 1009/1009 1010/1010 1011/1011
f 1011/1011 1010/1010 1012/1012
f 1011/1011 1012/1012 1013/1013
f 1013/1013 1012/1012 1014/1014
f 1013/1013 1014/1014 1015/1015
f 1015/1015 1014/1014 1016/1016
f 1015/1015 1016/1016 1017/1017
f 1017/1017 1016/1016 1018/1018
f 1017/1017 1018/1018 1019/1019
f 1017/1017 1019/1019 1020/1020
f 1020/1020 1019/1019 1021/1021
f 1020/1020 1021/1021 1022/1022
f 1022/1022 1021/1021 1023/1023
f 1022/1022 1023/1023 1024/1024
f 1024/1024 1023/1023 1025/1025
f 1024/1024 1025/1025 1026/1026
f 1026/1026 1025/1025 1027/1027
f 1026/1026 1027/1027 1028/1028
f 1028/1028 1027/1027 1029/1029
f 1028/1028 1029/1029 1030/1030
f 1030/1030 1029/1029 1031/1031
f 1030/1030 1031/1031 1032/1032
f 1032/1032 1031/1031 1033/1033
f 1032/1032 1033/1033 1034/1034
f 1034/1034 1033/1033 1035/1035
f 1034/1034 1035/1035 1036/1036
f 1036/1036 1035/1035 1037/1037
f 1036/1036 1037/1037 1038/1038
f 1038/1038 1037/1037 1039/1039
f 1038/1038 1039/1039 1040/1040
f 1040/1040 1039/1039 1041/1041
f 1040/1040 1041/1041 1042/1042
f 1042/1042 1041/1041 1043/1043
f 1042/1042 1043/1043 1044/1044
f 1044/1044 1043/1043 1045/1045
f 1044/1044 1045/1045 1046/1046
f 1044/1044 1046/1046 1047/1047
f 1047/1047 1046/1046 1048/1048
f 1047/1047 1048/1048 1049/1049
f 1049/1049 1048/1048 1050/1050
f 1049/1049 1050/1050 1051/1051
f 1051/1051 1050/1050 1052/1052
f 1051/1051 1052/1052 1053/1053
f 1053/1053 1052/1052 1054/1054
f 1053/1053 1054/1054 1055/1055
f 1055/1055 1054/1054 1056/1056
f 1055/1055 1056/1056 1057/1057
f 1057/1057 1056/1056 1058/1058
f 1057/1057 1058/1058 1059/1059
f 1059/1059 1058/1058 1060/1060
f 1059/1059 1060/1060 1061/1061
f 1061/1061 1060/1060 1062/1062
f 1061/1061 1062/1062 1063/1063
f 1063/1063 1062/1062 1064/1064
f 1063/1063 1064/1064 1065/1065
f 1065/1065 1064/1064 1066/1066
f 1065/1065 1066/1066 1067/1067
f 1067/1067 1066/1066 1068/1068
f 1067/1067 1068/1068 1069/1069
f 1069/1069 1068/1068 1070/1070
f 1069/1069 1070/1070 1071/1071
f 1071/1071 1070/1070 1072/1072
f 1071/1071 1072/1072 1073/1073
f 1073/1073 1072/1072 1074/1074
f 1073/1073 1074/1074 1075/1075
f 1073/1073 1075/1075 1076/1076
f 1076/1076 1075/1075 1077/1077
f 1076/1076 1077/1077 1078/1078
f 1078/1078 1077/1077 1079/1079
f 1078/1078 1079/1079 1080/1080
f 1080/1080 1079/1079 1081/1081
f 1080/1080 1081/1081 1082/1082
f 1082/1082 1081/1081 1083/1083
f 1082/1082 1083/1083 1084/1084
f 1084/1084 1083/1083 1085/1085
f 1084/1084 1085/1085 1086/1086
f 1086/1086 1085/1085 1087/1087
f 1086/1086 1087/1087 1088/1088
f 1088/1088 1087/1087 1089/1089
f 1088/1088 1089/1089 1090/1090
f 1090/1090 1089/1089 1091/1091
f 1090/1090 1091/1091 1092/1092
f 1092/1092 1091/1091 1093/1093
f 1092/1092 1093/1093 1094/1094
f 1094/1094 1093/1093 1095/1095
f 1094/1094 1095/1095 1096/1096
f 1096/1096 1095/1095 1097/1097
f 1096/1096 1097/1097 1098/1098
f 1098/1098 1097/1097 1099/1099
f 1098/1098 1099/1099 1100/1100
f 1100/1100 1099/1099 987/987
f 1100/1100 987/987 989/989
f 1101/1101 1102/1102 1103/1103
f 1103/1103 1102/1102 1104/1104
f 1103/1103 1104/1104 1105/1105
f 1105/1105 1104/1104 1106/1106
f 1105/1105 1106/1106 1107/1107
f 1107/1107 1106/1106 1108/1108
f 1107/1107 1108/1108 1109/1109
f 1109/1109 1108/1108 1110/1110
f 1109/1109 1110/1110 1111/1111
f 1111/1111 1110/1110 1112/1112
f 1111/1111 1112/1112 1113/1113
f 1113/1113 1112/1112 1114/1114
f 1113/1113 1114/1114 1115/1115
f 1115/1115 1114/1114 1116/1116
f 1115/1115 1116/1116 1117/1117
f 1117/1117 1116/1116 1118/1118
f 1117/1117 1118/1118 1119/1119
f 1119/1119 1118/1118 1120/1120
f 1119/1119 1120/1120 1121/1121
f 1121/1121 1120/1120 1122/1122
f 1121/1121 1122/1122 1123/1123
f 1123/1123 1122/1122 1124/1124
f 1123/1123 1124/1124 1125/1125
f 1125/1125 1124/1124 1126/1126
f 1125/1125 1126/1126 1127/1127
f 1127/1127 1126/1126 1128/1128
f 1127/1127 1128/1128 1129/1129
f 1129/1129 1128/1128 1130/1130
f 1129/1129 1130/1130 1131/1131
f 1131/1131 1130/1130 1132/1132
f 1131/1131 1132/1132 1133/1133
f 1133/1133 1132/1132 1134/1134
f 1133/1133 1134/1134 1135/1135
f 1135/1135 1134/1134 1136/1136
f 1135/1135 1136/1136 1137/1137
f 1137/1137 1136/1136 1138/1138
f 1137/1137 1138/1138 1139/1139
f 1139/1139 1138/1138 1140/1140
f 1139/1139 1140/1140 1141/1141
f 1141/1141 1140/1140 1142/1142
f 1141/1141 1142/1142 1143/1143
f 1143/1143 1142/1142 1144/1144
f 1143/1143 1144/1144 1145/1145
f 1145/1145 1144/1144 1146/1146
f 1145/1145 1146/1146 1147/1147
f 1147/1147 1146/1146 1148/1148
f 1147/1147 1148/1148 1149/1149
f 1149/1149 1148/1148 1150/1150
f 1149/1149 1150/1150 1151/1151
f 1151/1151 1150/1150 1152/1152
f 1151/1151 1152/1152 1153/1153
f 1153/1153 1152/1152 1154/1154
f 1153/1153 1154/1154 1155/1155
f 1155/1155 1154/1154 1156/1156
f 1155/1155 1156/1156 1157/1157
f 1157/1157 1156/1156 1158/1158
f 1157/1157 1158/1158 1159/1159
f 1159/1159 1158/1158 1160/1160
f 1159/1159 1160/1160 1161/1161
f 1162/1162 1163/1163 1164/1164
f 1162/1162 1164/1164 1165/1165
f 1165/1165 1164/1164 1166/1166
f 1165/1165 1166/1166 1167/1167
f 1167/1167 1166/1166 1168/1168
f 1167/1167 1168/1168 1169/1169
f 1169/1169 1168/1168 1170/1170
f 1169/1169 1170/1170 1171/1171
f 1171/1171 1170/1170 1172/1172
f 1171/1171 1172/1172 1173/1173
f 1173/1173 1172/1172 1174/1174
f 1173/1173 1174/1174 1175/1175
f 1175/1175 1174/1174 1176/1176
f 1175/1175 1176/1176 1177/1177
f 1177/1177 1176/1176 1178/1178
f 1177/1177 1178/1178 1179/1179
f 1179/1179 1178/1178 1180/1180
f 1179/1179 1180/1180 1181/1181
f 1181/1181 1180/1180 1182/1182
f 1181/1181 1182/1182 1183/1183
f 1183/1183 1182/1182 1184/1184
f 1183/1183 1184/1184 1185/1185
f 1185/1185 1184/1184 1186/1186
f 1185/1185 1186/1186 1187/1187
f 1187/1187 1186/1186 1188/1188
f 1187/1187 1188/1188 1189/1189
f 1189/1189 1188/1188 1190/1190
f 1189/1189 1190/1190 1191/1191
f 1191/1191 1190/1190 1192/1192
f 1191/1191 1192/1192 1193/1193
f 1193/1193 1192/1192 1194/1194
f 1193/1193 1194/1194 1195/1195
f 1195/1195 1194/1194 1196/1196
f 1195/1195 1196/1196 1197/1197
f 1197/1197 1196/1196 1198/1198
f 1197/1197 1198/1198 1199/1199
f 1199/1199 1198/1198 1200/1200
f 1199/1199 1200/1200 1201/1201
f 1201/1201 1200/1200 1202/1202
f 1201/1201 1202/1202 1203/1203
f 1203/1203 1202/1202 1204/1204
f 1203/1203 1204/1204 1205/1205
f 1205/1205 1204/1204 1206/1206
f 1205/1205 1206/1206 1207/1207
f 1207/1207 1206/1206 1208/1208
f 1207/1207 1208/1208 1209/1209
f 1209/1209 1208/1208 1210/1210
f 1209/1209 1210/1210 1211/1211
f 1211/1211 1210/1210 1212/1212
f 1211/1211 1212/1212 1213/1213
f 1213/1213 1212/1212 1214/1214
f 1213/1213 1214/1214 1215/1215
f 1215/1215 1214/1214 1216/1216
f 1215/1215 1216/1216 1217/1217
f 1217/1217 1216/1216 1218/1218
f 1217/1217 1218/1218 1219/1219
f 1219/1219 1218/1218 1220/1220
f 1219/1219 1220/1220 1101/1101
f 1101/1101 1220/1220 1102/1102

