# https://github.com/mikedh/trimesh
mtllib mtl_diff_wheel

o Rad_Räder_Vogel_150x30_PLFE_2-mesh
usemtl material_diff_wheel_0
v 7.79550507 71.67852054 14.95000015
v 7.79091037 72.88101993 11.54976021
v -0.00000381 72.10118103 14.94999981
v -0.00000371 73.29625702 11.54975986
v -0.00000381 72.10118103 14.94999981
v -0.00000371 73.29625702 11.54975986
v -7.79091775 72.88101925 11.54975952
v -0.00000351 74.57176971 5.83737278
v -7.92649666 74.14930690 5.83737243
v -0.00000328 75.00000000 -0.00000000
v -7.97201530 74.57511104 -0.00000035
v -0.00000300 74.57176971 -5.83737278
v -7.92649615 74.14930690 -5.83737313
v -0.00000270 73.29625702 -11.54975986
v -7.79091674 72.88101925 -11.54976021
v -0.00000250 72.10118103 -14.94999981
v -7.79551134 71.67851986 -14.95000015
v 15.49354666 71.64000770 11.54976054
v 15.49961671 70.41548987 14.95000049
v 23.02064732 69.58728891 11.54976087
v 23.02201670 68.32691293 14.95000082
v 30.28690568 66.74611796 11.54976119
v 30.27449638 65.43727244 14.95000113
v 37.20999582 63.14868327 11.54976149
v 37.17203568 61.78041239 14.95000143
v 43.71148755 58.83575249 11.54976178
v 43.63377827 57.39925194 14.95000172
v 49.71771717 53.85619190 11.54976204
v 49.58393566 52.34513309 14.95000198
v 55.16061903 48.26641324 11.54976228
v 54.95277898 46.67731335 14.95000221
v 59.97852854 42.12976336 11.54976249
v 59.67734667 40.46225236 14.95000242
v 64.11685738 35.51576132 11.54976267
v 63.70225693 33.77280323 14.95000259
v 67.52871529 28.49936208 11.54976282
v 66.98032197 26.68740375 14.95000274
v 70.17545176 21.16004297 11.54976293
v 69.47308963 19.28911322 14.95000285
v 72.02706036 13.58097296 11.54976301
v 71.15135839 11.66467310 14.95000292
v 73.06259079 5.84802613 11.54976306
v 71.99543680 3.90348225 14.95000296
v 73.27027851 -1.95118179 11.54976307
v 71.99543714 -3.90347595 14.95000296
v 72.64778892 -9.72828071 11.54976304
v 71.15135941 -11.66466688 14.95000292
v 71.20217158 -17.39515756 11.54976298
v 69.47309132 -19.28910715 14.95000285
v 68.94980680 -24.86493763 11.54976288
v 66.98032430 -26.68739789 14.95000274
v 65.91620726 -32.05298708 11.54976275
v 63.70225989 -33.77279766 14.95000259
v 62.13576246 -38.87785831 11.54976258
v 59.67735021 -40.46224715 14.95000242
v 57.65128092 -45.26223884 11.54976238
v 54.95278306 -46.67730854 14.95000221
v 52.51359350 -51.13377914 11.54976216
v 49.58394023 -52.34512875 14.95000198
v 46.78091245 -56.42594705 11.54976191
v 43.63378329 -57.39924812 14.95000172
v 40.51817157 -61.07878699 11.54976164
v 37.17204108 -61.78040914 14.95000143
v 33.79635091 -65.03957982 11.54976134
v 30.27450210 -65.43726979 14.95000113
v 26.69161282 -68.26344946 11.54976103
v 23.02202267 -68.32691092 14.95000082
v 19.28443214 -70.71388160 11.54976071
v 15.49962286 -70.41548852 14.95000049
v 11.65876273 -72.36306712 11.54976037
v 7.79551134 -71.67851986 14.95000015
v 3.90098865 -73.19238264 11.54976004
v 0.00000250 -72.10118103 14.94999981
v -3.90098326 -73.19238298 11.54975969
v -7.79550638 -71.67852054 14.94999947
v -11.65875741 -72.36306814 11.54975936
v -15.49961801 -70.41548987 14.94999913
v -19.28442696 -70.71388329 11.54975902
v -23.02201801 -68.32691293 14.94999880
v -26.69160786 -68.26345179 11.54975870
v -30.27449769 -65.43727244 14.94999849
v -33.79634623 -65.03958278 11.54975839
v -37.17203698 -61.78041239 14.94999818
v -40.51816724 -61.07879053 11.54975809
v -43.63377958 -57.39925194 14.94999790
v -46.78090853 -56.42595114 11.54975782
v -49.58393696 -52.34513309 14.94999764
v -52.51359004 -51.13378373 11.54975757
v -54.95278029 -46.67731335 14.94999741
v -57.65127798 -45.26224388 11.54975734
v -59.67734798 -40.46225236 14.94999720
v -62.13576007 -38.87786374 11.54975715
v -63.70225824 -33.77280323 14.94999702
v -65.91620546 -32.05299284 11.54975698
v -66.98032328 -26.68740375 14.94999688
v -68.94980563 -24.86494366 11.54975685
v -69.47309094 -19.28911322 14.94999677
v -71.20217107 -17.39516379 11.54975675
v -71.15135970 -11.66467310 14.94999670
v -72.64778908 -9.72828706 11.54975669
v -71.99543810 -3.90348225 14.94999666
v -73.27027935 -1.95118819 11.54975666
v -71.99543845 3.90347595 14.94999666
v -73.06259231 5.84801974 11.54975667
v -71.15136072 11.66466688 14.94999670
v -72.02706256 13.58096666 11.54975672
v -69.47309262 19.28910715 14.94999677
v -70.17545462 21.16003683 11.54975680
v -66.98032561 26.68739789 14.94999688
v -67.52871879 28.49935618 11.54975691
v -63.70226119 33.77279766 14.94999702
v -64.11686149 35.51575571 11.54975706
v -59.67735151 40.46224715 14.94999720
v -59.97853323 42.12975812 11.54975724
v -54.95278437 46.67730854 14.94999741
v -55.16062426 48.26640842 11.54975745
v -49.58394154 52.34512875 14.94999764
v -49.71772289 53.85618755 11.54975769
v -43.63378460 57.39924812 14.94999790
v -43.71149371 58.83574867 11.54975795
v -37.17204239 61.78040914 14.94999818
v -37.21000235 63.14868001 11.54975824
v -30.27450341 65.43726979 14.94999849
v -30.28691253 66.74611531 11.54975854
v -23.02202398 68.32691092 14.94999880
v -23.02065441 69.58728690 11.54975886
v -15.49962417 70.41548852 14.94999913
v -15.49355394 71.64000634 11.54975919
v -7.79551265 71.67851986 14.94999947
v -15.49355293 71.64000634 -11.54976054
v -15.49962286 70.41548852 -14.95000049
v -23.02065340 69.58728690 -11.54976087
v -23.02202267 68.32691092 -14.95000082
v -30.28691152 66.74611531 -11.54976119
v -30.27450210 65.43726979 -14.95000113
v -37.21000134 63.14868001 -11.54976149
v -37.17204108 61.78040914 -14.95000143
v -43.71149270 58.83574867 -11.54976178
v -43.63378329 57.39924812 -14.95000172
v -49.71772188 53.85618755 -11.54976204
v -49.58394023 52.34512875 -14.95000198
v -55.16062325 48.26640842 -11.54976228
v -54.95278306 46.67730854 -14.95000221
v -59.97853222 42.12975812 -11.54976249
v -59.67735021 40.46224715 -14.95000242
v -64.11686048 35.51575571 -11.54976267
v -63.70225989 33.77279766 -14.95000259
v -67.52871778 28.49935618 -11.54976282
v -66.98032430 26.68739789 -14.95000274
v -70.17545361 21.16003683 -11.54976293
v -69.47309132 19.28910715 -14.95000285
v -72.02706155 13.58096666 -11.54976301
v -71.15135941 11.66466688 -14.95000292
v -73.06259130 5.84801974 -11.54976306
v -71.99543714 3.90347595 -14.95000296
v -73.27027834 -1.95118819 -11.54976307
v -71.99543680 -3.90348225 -14.95000296
v -72.64778807 -9.72828706 -11.54976304
v -71.15135839 -11.66467310 -14.95000292
v -71.20217006 -17.39516379 -11.54976298
v -69.47308963 -19.28911322 -14.95000285
v -68.94980462 -24.86494366 -11.54976288
v -66.98032197 -26.68740375 -14.95000274
v -65.91620445 -32.05299284 -11.54976275
v -63.70225693 -33.77280323 -14.95000259
v -62.13575906 -38.87786374 -11.54976258
v -59.67734667 -40.46225236 -14.95000242
v -57.65127697 -45.26224388 -11.54976238
v -54.95277898 -46.67731335 -14.95000221
v -52.51358903 -51.13378373 -11.54976216
v -49.58393566 -52.34513309 -14.95000198
v -46.78090752 -56.42595114 -11.54976191
v -43.63377827 -57.39925194 -14.95000172
v -40.51816623 -61.07879053 -11.54976164
v -37.17203568 -61.78041239 -14.95000143
v -33.79634522 -65.03958278 -11.54976134
v -30.27449638 -65.43727244 -14.95000113
v -26.69160685 -68.26345179 -11.54976103
v -23.02201670 -68.32691293 -14.95000082
v -19.28442595 -70.71388329 -11.54976071
v -15.49961671 -70.41548987 -14.95000049
v -11.65875640 -72.36306814 -11.54976037
v -7.79550507 -71.67852054 -14.95000015
v -3.90098225 -73.19238298 -11.54976004
v 0.00000381 -72.10118103 -14.94999981
v 3.90098966 -73.19238264 -11.54975969
v 7.79551265 -71.67851986 -14.94999947
v 11.65876374 -72.36306712 -11.54975936
v 15.49962417 -70.41548852 -14.94999913
v 19.28443315 -70.71388160 -11.54975902
v 23.02202398 -68.32691092 -14.94999880
v 26.69161383 -68.26344946 -11.54975870
v 30.27450341 -65.43726979 -14.94999849
v 33.79635192 -65.03957982 -11.54975839
v 37.17204239 -61.78040914 -14.94999818
v 40.51817258 -61.07878699 -11.54975809
v 43.63378460 -57.39924812 -14.94999790
v 46.78091346 -56.42594705 -11.54975782
v 49.58394154 -52.34512875 -14.94999764
v 52.51359451 -51.13377914 -11.54975757
v 54.95278437 -46.67730854 -14.94999741
v 57.65128193 -45.26223884 -11.54975734
v 59.67735151 -40.46224715 -14.94999720
v 62.13576347 -38.87785831 -11.54975715
v 63.70226119 -33.77279766 -14.94999702
v 65.91620827 -32.05298708 -11.54975698
v 66.98032561 -26.68739789 -14.94999688
v 68.94980781 -24.86493763 -11.54975685
v 69.47309262 -19.28910715 -14.94999677
v 71.20217259 -17.39515756 -11.54975675
v 71.15136072 -11.66466688 -14.94999670
v 72.64778993 -9.72828071 -11.54975669
v 71.99543845 -3.90347595 -14.94999666
v 73.27027952 -1.95118179 -11.54975666
v 71.99543810 3.90348225 -14.94999666
v 73.06259180 5.84802613 -11.54975667
v 71.15135970 11.66467310 -14.94999670
v 72.02706137 13.58097296 -11.54975672
v 69.47309094 19.28911322 -14.94999677
v 70.17545277 21.16004297 -11.54975680
v 66.98032328 26.68740375 -14.94999688
v 67.52871630 28.49936208 -11.54975691
v 63.70225824 33.77280323 -14.94999702
v 64.11685839 35.51576132 -11.54975706
v 59.67734798 40.46225236 -14.94999720
v 59.97852955 42.12976336 -11.54975724
v 54.95278029 46.67731335 -14.94999741
v 55.16062004 48.26641324 -11.54975745
v 49.58393696 52.34513309 -14.94999764
v 49.71771818 53.85619190 -11.54975769
v 43.63377958 57.39925194 -14.94999790
v 43.71148856 58.83575249 -11.54975795
v 37.17203698 61.78041239 -14.94999818
v 37.20999683 63.14868327 -11.54975824
v 30.27449769 65.43727244 -14.94999849
v 30.28690669 66.74611796 -11.54975854
v 23.02201801 68.32691293 -14.94999880
v 23.02064833 69.58728891 -11.54975886
v 15.49961801 70.41548987 -14.94999913
v 15.49354767 71.64000770 -11.54975919
v 7.79550638 71.67852054 -14.94999947
v 7.79091138 72.88101993 -11.54975952
v -0.00000250 72.10118103 -14.94999981
v 7.79091138 72.88101993 -11.54975952
v 7.92648967 74.14930760 5.83737313
v 7.92648967 74.14930760 5.83737313
v 15.76317634 72.88671181 5.83737347
v 23.42125748 70.79827220 5.83737380
v 30.81395590 67.90765516 5.83737413
v 37.85753707 64.24761365 5.83737443
v 44.47216891 59.85963253 5.83737472
v 50.58290598 54.79341347 5.83737499
v 56.12052677 49.10636384 5.83737523
v 61.02227952 42.86291389 5.83737545
v 65.23264129 36.13381099 5.83737563
v 68.70387116 28.99531283 5.83737578
v 71.39665103 21.52827384 5.83737590
v 73.28050146 13.81731354 5.83737598
v 74.33403727 5.94979420 5.83737603
v 74.54534132 -1.98513575 5.83737604
v 73.91203326 -9.89757692 5.83737601
v 72.44125418 -17.69786709 5.83737595
v 70.14968194 -25.29763678 5.83737585
v 67.06330226 -32.61077588 5.83737571
v 63.21706156 -39.55442534 5.83737554
v 58.65454277 -46.04989749 5.83737534
v 53.42745029 -52.02361827 5.83737512
v 47.59500347 -57.40788824 5.83737486
v 41.22328432 -62.14168750 5.83737458
v 34.38448216 -66.17141573 5.83737428
v 27.15610210 -69.45139194 5.83737397
v 19.62002280 -71.94444952 5.83737364
v 11.86165343 -73.62235971 5.83737330
v 3.96887507 -74.46607954 5.83737295
v -3.96886907 -74.46607989 5.83737261
v -11.86164750 -73.62236075 5.83737226
v -19.62001702 -71.94445124 5.83737192
v -27.15609654 -69.45139431 5.83737159
v -34.38447689 -66.17141874 5.83737128
v -41.22327940 -62.14169110 5.83737098
v -47.59499897 -57.40789240 5.83737070
v -53.42744625 -52.02362294 5.83737044
v -58.65453926 -46.04990262 5.83737022
v -63.21705862 -39.55443086 5.83737002
v -67.06329992 -32.61078174 5.83736985
v -70.14968024 -25.29764291 5.83736971
v -72.44125314 -17.69787342 5.83736961
v -73.91203290 -9.89758338 5.83736955
v -74.54534166 -1.98514227 5.83736952
v -74.33403830 5.94978771 5.83736953
v -73.28050318 13.81730713 5.83736958
v -71.39665342 21.52826760 5.83736966
v -68.70387420 28.99530683 5.83736978
v -65.23264496 36.13380528 5.83736993
v -61.02228378 42.86290856 5.83737011
v -56.12053158 49.10635894 5.83737033
v -50.58291128 54.79340904 5.83737057
v -44.47217466 59.85962864 5.83737084
v -37.85754319 64.24761034 5.83737113
v -30.81396235 67.90765246 5.83737143
v -23.42126418 70.79827016 5.83737176
v -15.76318322 72.88671043 5.83737209
v 7.97200878 74.57511174 0.00000035
v 7.97200878 74.57511174 0.00000035
v -0.00000351 74.57176971 5.83737278
v 15.85369648 73.30525277 0.00000069
v 23.55574678 71.20481976 0.00000103
v 30.99090659 68.29760878 0.00000135
v 38.07492546 64.61656355 0.00000166
v 44.72754788 60.20337110 0.00000196
v 50.87338779 55.10806115 0.00000222
v 56.44280790 49.38835391 0.00000247
v 61.37270930 43.10905343 0.00000268
v 65.60722955 36.34131146 0.00000287
v 69.09839503 29.16181294 0.00000302
v 71.80666257 21.65190248 0.00000314
v 73.70130860 13.89665354 0.00000322
v 74.76090977 5.98396104 0.00000327
v 74.97341928 -1.99653572 0.00000328
v 74.33647199 -9.95441303 0.00000325
v 72.85723955 -17.79949633 0.00000318
v 70.55252186 -25.44291760 0.00000308
v 67.44841147 -32.79804698 0.00000295
v 63.58007986 -39.78156766 0.00000278
v 58.99136174 -46.31433611 0.00000258
v 53.73426285 -52.32235864 0.00000235
v 47.86831154 -57.73754674 0.00000209
v 41.46000182 -62.49854860 0.00000181
v 34.58194261 -66.55140535 0.00000151
v 27.31204338 -69.85021090 0.00000119
v 19.73269397 -72.35758886 0.00000086
v 11.92976322 -74.04512735 0.00000052
v 3.99166625 -74.89369947 0.00000017
v -3.99165971 -74.89369982 -0.00000017
v -11.92975674 -74.04512839 -0.00000052
v -19.73268765 -72.35759058 -0.00000086
v -27.31203728 -69.85021329 -0.00000119
v -34.58193679 -66.55140837 -0.00000151
v -41.45999635 -62.49855223 -0.00000181
v -47.86830650 -57.73755092 -0.00000209
v -53.73425827 -52.32236334 -0.00000235
v -58.99135769 -46.31434126 -0.00000258
v -63.58007639 -39.78157321 -0.00000278
v -67.44840860 -32.79805288 -0.00000295
v -70.55251964 -25.44292377 -0.00000308
v -72.85723799 -17.79950270 -0.00000318
v -74.33647112 -9.95441952 -0.00000325
v -74.97341910 -1.99654227 -0.00000328
v -74.76091030 5.98395450 -0.00000327
v -73.70130981 13.89664709 -0.00000322
v -71.80666446 21.65189620 -0.00000314
v -69.09839758 29.16180690 -0.00000302
v -65.60723273 36.34130573 -0.00000287
v -61.37271307 43.10904807 -0.00000268
v -56.44281222 49.38834897 -0.00000247
v -50.87339261 55.10805671 -0.00000222
v -44.72755314 60.20336719 -0.00000196
v -38.07493111 64.61656023 -0.00000166
v -30.99091256 68.29760607 -0.00000135
v -23.55575301 71.20481770 -0.00000103
v -15.85370289 73.30525138 -0.00000069
v 7.92649018 74.14930760 -5.83737243
v 7.92649018 74.14930760 -5.83737243
v -0.00000328 75.00000000 -0.00000000
v 15.76317685 72.88671181 -5.83737209
v 23.42125799 70.79827220 -5.83737176
v 30.81395641 67.90765516 -5.83737143
v 37.85753758 64.24761365 -5.83737113
v 44.47216942 59.85963253 -5.83737084
v 50.58290649 54.79341347 -5.83737057
v 56.12052728 49.10636384 -5.83737033
v 61.02228003 42.86291389 -5.83737011
v 65.23264180 36.13381099 -5.83736993
v 68.70387167 28.99531283 -5.83736978
v 71.39665154 21.52827384 -5.83736966
v 73.28050197 13.81731354 -5.83736958
v 74.33403778 5.94979420 -5.83736953
v 74.54534183 -1.98513575 -5.83736952
v 73.91203377 -9.89757692 -5.83736955
v 72.44125469 -17.69786709 -5.83736961
v 70.14968245 -25.29763678 -5.83736971
v 67.06330277 -32.61077588 -5.83736985
v 63.21706207 -39.55442534 -5.83737002
v 58.65454328 -46.04989749 -5.83737022
v 53.42745080 -52.02361827 -5.83737044
v 47.59500399 -57.40788824 -5.83737070
v 41.22328483 -62.14168750 -5.83737098
v 34.38448267 -66.17141573 -5.83737128
v 27.15610261 -69.45139194 -5.83737159
v 19.62002331 -71.94444952 -5.83737192
v 11.86165394 -73.62235971 -5.83737226
v 3.96887558 -74.46607954 -5.83737261
v -3.96886856 -74.46607989 -5.83737295
v -11.86164699 -73.62236075 -5.83737330
v -19.62001651 -71.94445124 -5.83737364
v -27.15609603 -69.45139431 -5.83737397
v -34.38447638 -66.17141874 -5.83737428
v -41.22327889 -62.14169110 -5.83737458
v -47.59499846 -57.40789240 -5.83737486
v -53.42744574 -52.02362294 -5.83737512
v -58.65453875 -46.04990262 -5.83737534
v -63.21705810 -39.55443086 -5.83737554
v -67.06329941 -32.61078174 -5.83737571
v -70.14967973 -25.29764291 -5.83737585
v -72.44125263 -17.69787342 -5.83737595
v -73.91203239 -9.89758338 -5.83737601
v -74.54534115 -1.98514227 -5.83737604
v -74.33403779 5.94978771 -5.83737603
v -73.28050267 13.81730713 -5.83737598
v -71.39665291 21.52826760 -5.83737590
v -68.70387369 28.99530683 -5.83737578
v -65.23264445 36.13380528 -5.83737563
v -61.02228327 42.86290856 -5.83737545
v -56.12053107 49.10635894 -5.83737523
v -50.58291077 54.79340904 -5.83737499
v -44.47217414 59.85962864 -5.83737472
v -37.85754268 64.24761034 -5.83737443
v -30.81396183 67.90765246 -5.83737413
v -23.42126367 70.79827016 -5.83737380
v -15.76318271 72.88671043 -5.83737347
v -0.00000300 74.57176971 -5.83737278
v 7.79550638 71.67852054 -14.94999947
v 1.69372622 54.97391136 -14.94999974
v -0.00000250 72.10118103 -14.94999981
v -5.07476170 54.76538064 -14.95000003
v -7.79551134 71.67851986 -14.95000015
v -11.76632192 53.72666117 -14.95000032
v -15.49962286 70.41548852 -14.95000049
v -23.02202267 68.32691092 -14.95000082
v -18.27952165 51.87348858 -14.95000061
v -30.27450210 65.43726979 -14.95000113
v -24.51561124 49.23397720 -14.95000088
v -37.17204108 61.78040914 -14.95000143
v -30.38007108 45.84812794 -14.95000114
v -43.63378329 57.39924812 -14.95000172
v -35.78400157 41.76726757 -14.95000137
v -49.58394023 52.34512875 -14.95000198
v -40.64548971 37.05325903 -14.95000159
v -54.95278306 46.67730854 -14.95000221
v -44.89083173 31.77755732 -14.95000177
v -59.67735021 40.46224715 -14.95000242
v -48.45566989 26.02014711 -14.95000193
v -63.70225989 33.77279766 -14.95000259
v -66.98032430 26.68739789 -14.95000274
v -51.28596900 19.86828771 -14.95000205
v -69.47309132 19.28910715 -14.95000285
v -53.33882897 13.41524749 -14.95000214
v -71.15135941 11.66466688 -14.95000292
v -54.58312952 6.75885343 -14.95000220
v -71.99543714 3.90347595 -14.95000296
v -54.99999935 -0.00000240 -14.95000221
v -71.99543680 -3.90348225 -14.95000296
v -54.58312893 -6.75885821 -14.95000220
v -71.15135839 -11.66467310 -14.95000292
v -53.33882780 -13.41525216 -14.95000214
v -69.47308963 -19.28911322 -14.95000285
v -51.28596726 -19.86829219 -14.95000205
v -66.98032197 -26.68740375 -14.95000274
v -48.45566761 -26.02015135 -14.95000193
v -63.70225693 -33.77280323 -14.95000259
v -59.67734667 -40.46225236 -14.95000242
v -44.89082895 -31.77756124 -14.95000177
v -54.95277898 -46.67731335 -14.95000221
v -40.64548647 -37.05326258 -14.95000159
v -49.58393566 -52.34513309 -14.95000198
v -35.78399792 -41.76727070 -14.95000137
v -43.63377827 -57.39925194 -14.95000172
v -30.38006708 -45.84813060 -14.95000114
v -37.17203568 -61.78041239 -14.95000143
v -24.51560694 -49.23397934 -14.95000088
v -30.27449638 -65.43727244 -14.95000113
v -18.27951711 -51.87349018 -14.95000061
v -23.02201670 -68.32691293 -14.95000082
v -11.76631723 -53.72666220 -14.95000032
v -15.49961671 -70.41548987 -14.95000049
v -7.79550507 -71.67852054 -14.95000015
v -5.07475691 -54.76538108 -14.95000003
v 0.00000381 -72.10118103 -14.94999981
v 1.69373103 -54.97391121 -14.94999974
v 7.79551265 -71.67851986 -14.94999947
v 8.43654363 -54.34909784 -14.94999944
v 15.49962417 -70.41548852 -14.94999913
v 15.05146323 -52.90040904 -14.94999915
v 23.02202398 -68.32691092 -14.94999880
v 21.43822194 -50.64979841 -14.94999887
v 30.27450341 -65.43726979 -14.94999849
v 27.50000274 -47.63139986 -14.94999861
v 37.17204239 -61.78040914 -14.94999818
v 33.14490385 -43.89094780 -14.94999836
v 43.63378460 -57.39924812 -14.94999790
v 49.58394154 -52.34512875 -14.94999764
v 38.28737115 -39.48515915 -14.94999814
v 54.95278437 -46.67730854 -14.94999741
v 42.84943224 -34.48080639 -14.94999794
v 59.67735151 -40.46224715 -14.94999720
v 46.76194192 -28.95376764 -14.94999777
v 63.70226119 -33.77279766 -14.94999702
v 49.96559309 -22.98781749 -14.94999763
v 66.98032561 -26.68739789 -14.94999688
v 52.41181321 -16.67339859 -14.94999752
v 69.47309262 -19.28910715 -14.94999677
v 54.06351962 -10.10621788 -14.94999745
v 71.15136072 -11.66466688 -14.94999670
v 54.89568028 -3.38584755 -14.94999741
v 71.99543845 -3.90347595 -14.94999666
v 54.89567998 3.38585235 -14.94999741
v 71.99543810 3.90348225 -14.94999666
v 71.15135970 11.66467310 -14.94999670
v 54.06351874 10.10622261 -14.94999745
v 69.47309094 19.28911322 -14.94999677
v 52.41181175 16.67340317 -14.94999752
v 66.98032328 26.68740375 -14.94999688
v 49.96559108 22.98782186 -14.94999763
v 63.70225824 33.77280323 -14.94999702
v 46.76193939 28.95377173 -14.94999777
v 59.67734798 40.46225236 -14.94999720
v 42.84942923 34.48081013 -14.94999794
v 54.95278029 46.67731335 -14.94999741
v 38.28736770 39.48516250 -14.94999814
v 49.58393696 52.34513309 -14.94999764
v 33.14490001 43.89095070 -14.94999836
v 43.63377958 57.39925194 -14.94999790
v 37.17203698 61.78041239 -14.94999818
v 27.49999857 47.63140226 -14.94999861
v 30.27449769 65.43727244 -14.94999849
v 21.43821751 50.64980028 -14.94999887
v 23.02201801 68.32691293 -14.94999880
v 15.05145861 52.90041036 -14.94999915
v 15.49961801 70.41548987 -14.94999913
v 8.43653888 54.34909857 -14.94999944
v -7.79551265 71.67851986 14.94999947
v -5.07476301 54.76538064 14.94999959
v -0.00000381 72.10118103 14.94999981
v 1.69372491 54.97391136 14.94999988
v 7.79550507 71.67852054 14.95000015
v 8.43653757 54.34909857 14.95000018
v 15.49961671 70.41548987 14.95000049
v 15.05145730 52.90041036 14.95000047
v 23.02201670 68.32691293 14.95000082
v 21.43821620 50.64980028 14.95000075
v 30.27449638 65.43727244 14.95000113
v 27.49999726 47.63140226 14.95000101
v 37.17203568 61.78041239 14.95000143
v 33.14489870 43.89095070 14.95000126
v 43.63377827 57.39925194 14.95000172
v 49.58393566 52.34513309 14.95000198
v 38.28736639 39.48516250 14.95000148
v 54.95277898 46.67731335 14.95000221
v 42.84942792 34.48081013 14.95000168
v 59.67734667 40.46225236 14.95000242
v 46.76193808 28.95377173 14.95000185
v 63.70225693 33.77280323 14.95000259
v 49.96558977 22.98782186 14.95000199
v 66.98032197 26.68740375 14.95000274
v 52.41181045 16.67340317 14.95000210
v 69.47308963 19.28911322 14.95000285
v 54.06351743 10.10622261 14.95000217
v 71.15135839 11.66467310 14.95000292
v 54.89567867 3.38585235 14.95000221
v 71.99543680 3.90348225 14.95000296
v 54.89567897 -3.38584755 14.95000221
v 71.99543714 -3.90347595 14.95000296
v 71.15135941 -11.66466688 14.95000292
v 54.06351831 -10.10621788 14.95000217
v 69.47309132 -19.28910715 14.95000285
v 52.41181190 -16.67339859 14.95000210
v 66.98032430 -26.68739789 14.95000274
v 49.96559178 -22.98781749 14.95000199
v 63.70225989 -33.77279766 14.95000259
v 46.76194061 -28.95376764 14.95000185
v 59.67735021 -40.46224715 14.95000242
v 42.84943094 -34.48080639 14.95000168
v 54.95278306 -46.67730854 14.95000221
v 38.28736985 -39.48515915 14.95000148
v 49.58394023 -52.34512875 14.95000198
v 33.14490254 -43.89094780 14.95000126
v 43.63378329 -57.39924812 14.95000172
v 37.17204108 -61.78040914 14.95000143
v 27.50000143 -47.63139986 14.95000101
v 30.27450210 -65.43726979 14.95000113
v 21.43822063 -50.64979841 14.95000075
v 23.02202267 -68.32691092 14.95000082
v 15.05146192 -52.90040904 14.95000047
v 15.49962286 -70.41548852 14.95000049
v 8.43654233 -54.34909784 14.95000018
v 7.79551134 -71.67851986 14.95000015
v 1.69372972 -54.97391121 14.94999988
v 0.00000250 -72.10118103 14.94999981
v -5.07475822 -54.76538108 14.94999959
v -7.79550638 -71.67852054 14.94999947
v -11.76631853 -53.72666220 14.94999929
v -15.49961801 -70.41548987 14.94999913
v -23.02201801 -68.32691293 14.94999880
v -18.27951842 -51.87349018 14.94999901
v -30.27449769 -65.43727244 14.94999849
v -24.51560824 -49.23397934 14.94999874
v -37.17203698 -61.78041239 14.94999818
v -30.38006838 -45.84813060 14.94999848
v -43.63377958 -57.39925194 14.94999790
v -35.78399922 -41.76727070 14.94999825
v -49.58393696 -52.34513309 14.94999764
v -40.64548777 -37.05326258 14.94999803
v -54.95278029 -46.67731335 14.94999741
v -44.89083026 -31.77756124 14.94999785
v -59.67734798 -40.46225236 14.94999720
v -48.45566892 -26.02015135 14.94999769
v -63.70225824 -33.77280323 14.94999702
v -66.98032328 -26.68740375 14.94999688
v -51.28596857 -19.86829219 14.94999757
v -69.47309094 -19.28911322 14.94999677
v -53.33882911 -13.41525216 14.94999748
v -71.15135970 -11.66467310 14.94999670
v -54.58313024 -6.75885821 14.94999742
v -71.99543810 -3.90348225 14.94999666
v -55.00000065 -0.00000240 14.94999741
v -71.99543845 3.90347595 14.94999666
v -54.58313083 6.75885343 14.94999742
v -71.15136072 11.66466688 14.94999670
v -53.33883028 13.41524749 14.94999748
v -69.47309262 19.28910715 14.94999677
v -51.28597030 19.86828771 14.94999757
v -66.98032561 26.68739789 14.94999688
v -48.45567119 26.02014711 14.94999769
v -63.70226119 33.77279766 14.94999702
v -59.67735151 40.46224715 14.94999720
v -44.89083304 31.77755732 14.94999785
v -54.95278437 46.67730854 14.94999741
v -40.64549101 37.05325903 14.94999803
v -49.58394154 52.34512875 14.94999764
v -35.78400288 41.76726757 14.94999825
v -43.63378460 57.39924812 14.94999790
v -30.38007239 45.84812794 14.94999848
v -37.17204239 61.78040914 14.94999818
v -24.51561255 49.23397720 14.94999874
v -30.27450341 65.43726979 14.94999849
v -18.27952296 51.87348858 14.94999901
v -23.02202398 68.32691092 14.94999880
v -11.76632323 53.72666117 14.94999929
v -15.49962417 70.41548852 14.94999913
v -54.58312952 6.75885343 -14.95000220
v -55.00000065 -0.00000240 14.94999741
v -54.99999935 -0.00000240 -14.95000221
v -54.58313024 -6.75885821 14.94999742
v -54.58312893 -6.75885821 -14.95000220
v -53.33882911 -13.41525216 14.94999748
v -53.33882780 -13.41525216 -14.95000214
v -51.28596857 -19.86829219 14.94999757
v -51.28596726 -19.86829219 -14.95000205
v -48.45566892 -26.02015135 14.94999769
v -48.45566761 -26.02015135 -14.95000193
v -44.89083026 -31.77756124 14.94999785
v -44.89082895 -31.77756124 -14.95000177
v -40.64548777 -37.05326258 14.94999803
v -40.64548647 -37.05326258 -14.95000159
v -35.78399922 -41.76727070 14.94999825
v -35.78399792 -41.76727070 -14.95000137
v -30.38006838 -45.84813060 14.94999848
v -30.38006708 -45.84813060 -14.95000114
v -24.51560824 -49.23397934 14.94999874
v -24.51560694 -49.23397934 -14.95000088
v -18.27951842 -51.87349018 14.94999901
v -18.27951711 -51.87349018 -14.95000061
v -11.76631853 -53.72666220 14.94999929
v -11.76631723 -53.72666220 -14.95000032
v -5.07475822 -54.76538108 14.94999959
v -5.07475691 -54.76538108 -14.95000003
v 1.69372972 -54.97391121 14.94999988
v 1.69373103 -54.97391121 -14.94999974
v 8.43654233 -54.34909784 14.95000018
v 8.43654363 -54.34909784 -14.94999944
v 15.05146192 -52.90040904 14.95000047
v 15.05146323 -52.90040904 -14.94999915
v 21.43822063 -50.64979841 14.95000075
v 21.43822194 -50.64979841 -14.94999887
v 27.50000143 -47.63139986 14.95000101
v 27.50000274 -47.63139986 -14.94999861
v 33.14490254 -43.89094780 14.95000126
v 33.14490385 -43.89094780 -14.94999836
v 38.28736985 -39.48515915 14.95000148
v 38.28737115 -39.48515915 -14.94999814
v 42.84943094 -34.48080639 14.95000168
v 42.84943224 -34.48080639 -14.94999794
v 46.76194061 -28.95376764 14.95000185
v 46.76194192 -28.95376764 -14.94999777
v 49.96559178 -22.98781749 14.95000199
v 49.96559309 -22.98781749 -14.94999763
v 52.41181190 -16.67339859 14.95000210
v 52.41181321 -16.67339859 -14.94999752
v 54.06351831 -10.10621788 14.95000217
v 54.06351962 -10.10621788 -14.94999745
v 54.89567897 -3.38584755 14.95000221
v 54.89568028 -3.38584755 -14.94999741
v 54.89568028 -3.38584755 -14.94999741
v 54.89567897 -3.38584755 14.95000221
v 54.89567867 3.38585235 14.95000221
v 54.89567998 3.38585235 -14.94999741
v 54.06351743 10.10622261 14.95000217
v 54.06351874 10.10622261 -14.94999745
v 52.41181045 16.67340317 14.95000210
v 52.41181175 16.67340317 -14.94999752
v 49.96558977 22.98782186 14.95000199
v 49.96559108 22.98782186 -14.94999763
v 46.76193808 28.95377173 14.95000185
v 46.76193939 28.95377173 -14.94999777
v 42.84942792 34.48081013 14.95000168
v 42.84942923 34.48081013 -14.94999794
v 38.28736639 39.48516250 14.95000148
v 38.28736770 39.48516250 -14.94999814
v 33.14489870 43.89095070 14.95000126
v 33.14490001 43.89095070 -14.94999836
v 27.49999726 47.63140226 14.95000101
v 27.49999857 47.63140226 -14.94999861
v 21.43821620 50.64980028 14.95000075
v 21.43821751 50.64980028 -14.94999887
v 15.05145730 52.90041036 14.95000047
v 15.05145861 52.90041036 -14.94999915
v 8.43653757 54.34909857 14.95000018
v 8.43653888 54.34909857 -14.94999944
v 1.69372491 54.97391136 14.94999988
v 1.69372622 54.97391136 -14.94999974
v -5.07476301 54.76538064 14.94999959
v -5.07476170 54.76538064 -14.95000003
v -11.76632323 53.72666117 14.94999929
v -11.76632192 53.72666117 -14.95000032
v -18.27952296 51.87348858 14.94999901
v -18.27952165 51.87348858 -14.95000061
v -24.51561255 49.23397720 14.94999874
v -24.51561124 49.23397720 -14.95000088
v -30.38007239 45.84812794 14.94999848
v -30.38007108 45.84812794 -14.95000114
v -35.78400288 41.76726757 14.94999825
v -35.78400157 41.76726757 -14.95000137
v -40.64549101 37.05325903 14.94999803
v -40.64548971 37.05325903 -14.95000159
v -44.89083304 31.77755732 14.94999785
v -44.89083173 31.77755732 -14.95000177
v -48.45567119 26.02014711 14.94999769
v -48.45566989 26.02014711 -14.95000193
v -51.28597030 19.86828771 14.94999757
v -51.28596900 19.86828771 -14.95000205
v -53.33883028 13.41524749 14.94999748
v -53.33882897 13.41524749 -14.95000214
v -54.58313083 6.75885343 14.94999742
vt 1.53219497 -22.74946022
vt 1.17165899 -22.76324081
vt 1.53219497 -23.56195068
vt 1.17165899 -23.56195068
vt 1.53219497 23.56195068
vt 1.17165899 23.56195068
vt 1.17165899 22.76324081
vt 0.58582902 23.56195068
vt 0.58582902 22.76324081
vt 0.00000000 23.56195068
vt 0.00000000 22.76324081
vt -0.58582902 23.56195068
vt -0.58582902 22.76324081
vt -1.17165899 23.56195068
vt -1.17165899 22.76324081
vt -1.53219497 23.56195068
vt -1.53219497 22.74946022
vt 1.17165899 -21.96453094
vt 1.53219497 -21.93697929
vt 1.17165899 -21.16581917
vt 1.53219497 -21.12450027
vt 1.17165899 -20.36710930
vt 1.53219497 -20.31201935
vt 1.17165899 -19.56839943
vt 1.53219497 -19.49954033
vt 1.17165899 -18.76968956
vt 1.53219497 -18.68705940
vt 1.17165899 -17.97097969
vt 1.53219497 -17.87458038
vt 1.17165899 -17.17226982
vt 1.53219497 -17.06209946
vt 1.17165899 -16.37355995
vt 1.53219497 -16.24962044
vt 1.17165899 -15.57485008
vt 1.53219497 -15.43714046
vt 1.17165899 -14.77612972
vt 1.53219497 -14.62465000
vt 1.17165899 -13.97741985
vt 1.53219497 -13.81217003
vt 1.17165899 -13.17870998
vt 1.53219497 -12.99969006
vt 1.17165899 -12.38000011
vt 1.53219497 -12.18721008
vt 1.17165899 -11.58129025
vt 1.53219497 -11.37473011
vt 1.17165899 -10.78258038
vt 1.53219497 -10.56225014
vt 1.17165899 -9.98387718
vt 1.53219497 -9.74977207
vt 1.17165899 -9.18516636
vt 1.53219497 -8.93729115
vt 1.17165899 -8.38645458
vt 1.53219497 -8.12481117
vt 1.17165899 -7.58774519
vt 1.53219497 -7.31232691
vt 1.17165899 -6.78903484
vt 1.53219497 -6.49984694
vt 1.17165899 -5.99032497
vt 1.53219497 -5.68736601
vt 1.17165899 -5.19161510
vt 1.53219497 -4.87488508
vt 1.17165899 -4.39290524
vt 1.53219497 -4.06240511
vt 1.17165899 -3.59419489
vt 1.53219497 -3.24992299
vt 1.17165899 -2.79548502
vt 1.53219497 -2.43744302
vt 1.17165899 -1.99677503
vt 1.53219497 -1.62496197
vt 1.17165899 -1.19806504
vt 1.53219497 -0.81248099
vt 1.17165899 -0.39935499
vt 1.53219497 0.00000000
vt 1.17165899 0.39935499
vt 1.53219497 0.81248099
vt 1.17165899 1.19806504
vt 1.53219497 1.62496197
vt 1.17165899 1.99677503
vt 1.53219497 2.43744302
vt 1.17165899 2.79548502
vt 1.53219497 3.24992299
vt 1.17165899 3.59419489
vt 1.53219497 4.06240511
vt 1.17165899 4.39290524
vt 1.53219497 4.87488508
vt 1.17165899 5.19161510
vt 1.53219497 5.68736601
vt 1.17165899 5.99032497
vt 1.53219497 6.49984694
vt 1.17165899 6.78903484
vt 1.53219497 7.31232691
vt 1.17165899 7.58774519
vt 1.53219497 8.12481117
vt 1.17165899 8.38645458
vt 1.53219497 8.93729115
vt 1.17165899 9.18516636
vt 1.53219497 9.74977207
vt 1.17165899 9.98387718
vt 1.53219497 10.56225014
vt 1.17165899 10.78258038
vt 1.53219497 11.37473011
vt 1.17165899 11.58129025
vt 1.53219497 12.18721008
vt 1.17165899 12.38000011
vt 1.53219497 12.99969006
vt 1.17165899 13.17870998
vt 1.53219497 13.81217003
vt 1.17165899 13.97741985
vt 1.53219497 14.62465000
vt 1.17165899 14.77612972
vt 1.53219497 15.43714046
vt 1.17165899 15.57485008
vt 1.53219497 16.24962044
vt 1.17165899 16.37355995
vt 1.53219497 17.06209946
vt 1.17165899 17.17226982
vt 1.53219497 17.87458038
vt 1.17165899 17.97097969
vt 1.53219497 18.68705940
vt 1.17165899 18.76968956
vt 1.53219497 19.49954033
vt 1.17165899 19.56839943
vt 1.53219497 20.31201935
vt 1.17165899 20.36710930
vt 1.53219497 21.12450027
vt 1.17165899 21.16581917
vt 1.53219497 21.93697929
vt 1.17165899 21.96453094
vt 1.53219497 22.74946022
vt -1.17165899 21.96453094
vt -1.53219497 21.93697929
vt -1.17165899 21.16581917
vt -1.53219497 21.12450027
vt -1.17165899 20.36710930
vt -1.53219497 20.31201935
vt -1.17165899 19.56839943
vt -1.53219497 19.49954033
vt -1.17165899 18.76968956
vt -1.53219497 18.68705940
vt -1.17165899 17.97097969
vt -1.53219497 17.87458038
vt -1.17165899 17.17226982
vt -1.53219497 17.06209946
vt -1.17165899 16.37355995
vt -1.53219497 16.24962044
vt -1.17165899 15.57485008
vt -1.53219497 15.43714046
vt -1.17165899 14.77612972
vt -1.53219497 14.62465000
vt -1.17165899 13.97741985
vt -1.53219497 13.81217003
vt -1.17165899 13.17870998
vt -1.53219497 12.99969006
vt -1.17165899 12.38000011
vt -1.53219497 12.18721008
vt -1.17165899 11.58129025
vt -1.53219497 11.37473011
vt -1.17165899 10.78258038
vt -1.53219497 10.56225014
vt -1.17165899 9.98387718
vt -1.53219497 9.74977207
vt -1.17165899 9.18516636
vt -1.53219497 8.93729115
vt -1.17165899 8.38645458
vt -1.53219497 8.12481117
vt -1.17165899 7.58774519
vt -1.53219497 7.31232691
vt -1.17165899 6.78903484
vt -1.53219497 6.49984694
vt -1.17165899 5.99032497
vt -1.53219497 5.68736601
vt -1.17165899 5.19161510
vt -1.53219497 4.87488508
vt -1.17165899 4.39290524
vt -1.53219497 4.06240511
vt -1.17165899 3.59419489
vt -1.53219497 3.24992299
vt -1.17165899 2.79548502
vt -1.53219497 2.43744302
vt -1.17165899 1.99677503
vt -1.53219497 1.62496197
vt -1.17165899 1.19806504
vt -1.53219497 0.81248099
vt -1.17165899 0.39935499
vt -1.53219497 0.00000000
vt -1.17165899 -0.39935499
vt -1.53219497 -0.81248099
vt -1.17165899 -1.19806504
vt -1.53219497 -1.62496197
vt -1.17165899 -1.99677503
vt -1.53219497 -2.43744302
vt -1.17165899 -2.79548502
vt -1.53219497 -3.24992299
vt -1.17165899 -3.59419489
vt -1.53219497 -4.06240511
vt -1.17165899 -4.39290524
vt -1.53219497 -4.87488508
vt -1.17165899 -5.19161510
vt -1.53219497 -5.68736601
vt -1.17165899 -5.99032497
vt -1.53219497 -6.49984694
vt -1.17165899 -6.78903484
vt -1.53219497 -7.31232691
vt -1.17165899 -7.58774519
vt -1.53219497 -8.12481117
vt -1.17165899 -8.38645458
vt -1.53219497 -8.93729115
vt -1.17165899 -9.18516636
vt -1.53219497 -9.74977207
vt -1.17165899 -9.98387718
vt -1.53219497 -10.56225014
vt -1.17165899 -10.78258038
vt -1.53219497 -11.37473011
vt -1.17165899 -11.58129025
vt -1.53219497 -12.18721008
vt -1.17165899 -12.38000011
vt -1.53219497 -12.99969006
vt -1.17165899 -13.17870998
vt -1.53219497 -13.81217003
vt -1.17165899 -13.97741985
vt -1.53219497 -14.62465000
vt -1.17165899 -14.77612972
vt -1.53219497 -15.43714046
vt -1.17165899 -15.57485008
vt -1.53219497 -16.24962044
vt -1.17165899 -16.37355995
vt -1.53219497 -17.06209946
vt -1.17165899 -17.17226982
vt -1.53219497 -17.87458038
vt -1.17165899 -17.97097969
vt -1.53219497 -18.68705940
vt -1.17165899 -18.76968956
vt -1.53219497 -19.49954033
vt -1.17165899 -19.56839943
vt -1.53219497 -20.31201935
vt -1.17165899 -20.36710930
vt -1.53219497 -21.12450027
vt -1.17165899 -21.16581917
vt -1.53219497 -21.93697929
vt -1.17165899 -21.96453094
vt -1.53219497 -22.74946022
vt -1.17165899 -22.76324081
vt -1.53219497 -23.56195068
vt -1.17165899 24.36066055
vt 0.58582902 24.36066055
vt 0.58582902 -22.76324081
vt 0.58582902 -21.96453094
vt 0.58582902 -21.16581917
vt 0.58582902 -20.36710930
vt 0.58582902 -19.56839943
vt 0.58582902 -18.76968956
vt 0.58582902 -17.97097969
vt 0.58582902 -17.17226982
vt 0.58582902 -16.37355995
vt 0.58582902 -15.57485008
vt 0.58582902 -14.77612972
vt 0.58582902 -13.97741985
vt 0.58582902 -13.17870998
vt 0.58582902 -12.38000011
vt 0.58582902 -11.58129025
vt 0.58582902 -10.78258038
vt 0.58582902 -9.98387718
vt 0.58582902 -9.18516636
vt 0.58582902 -8.38645458
vt 0.58582902 -7.58774519
vt 0.58582902 -6.78903484
vt 0.58582902 -5.99032497
vt 0.58582902 -5.19161510
vt 0.58582902 -4.39290524
vt 0.58582902 -3.59419489
vt 0.58582902 -2.79548502
vt 0.58582902 -1.99677503
vt 0.58582902 -1.19806504
vt 0.58582902 -0.39935499
vt 0.58582902 0.39935499
vt 0.58582902 1.19806504
vt 0.58582902 1.99677503
vt 0.58582902 2.79548502
vt 0.58582902 3.59419489
vt 0.58582902 4.39290524
vt 0.58582902 5.19161510
vt 0.58582902 5.99032497
vt 0.58582902 6.78903484
vt 0.58582902 7.58774519
vt 0.58582902 8.38645458
vt 0.58582902 9.18516636
vt 0.58582902 9.98387718
vt 0.58582902 10.78258038
vt 0.58582902 11.58129025
vt 0.58582902 12.38000011
vt 0.58582902 13.17870998
vt 0.58582902 13.97741985
vt 0.58582902 14.77612972
vt 0.58582902 15.57485008
vt 0.58582902 16.37355995
vt 0.58582902 17.17226982
vt 0.58582902 17.97097969
vt 0.58582902 18.76968956
vt 0.58582902 19.56839943
vt 0.58582902 20.36710930
vt 0.58582902 21.16581917
vt 0.58582902 21.96453094
vt 0.00000000 24.36066055
vt 0.00000000 -22.76324081
vt 0.58582902 -23.56195068
vt 0.00000000 -21.96453094
vt 0.00000000 -21.16581917
vt 0.00000000 -20.36710930
vt 0.00000000 -19.56839943
vt 0.00000000 -18.76968956
vt 0.00000000 -17.97097969
vt 0.00000000 -17.17226982
vt 0.00000000 -16.37355995
vt 0.00000000 -15.57485008
vt 0.00000000 -14.77612972
vt 0.00000000 -13.97741985
vt 0.00000000 -13.17870998
vt 0.00000000 -12.38000011
vt 0.00000000 -11.58129025
vt 0.00000000 -10.78258038
vt 0.00000000 -9.98387718
vt 0.00000000 -9.18516636
vt 0.00000000 -8.38645458
vt 0.00000000 -7.58774519
vt 0.00000000 -6.78903484
vt 0.00000000 -5.99032497
vt 0.00000000 -5.19161510
vt 0.00000000 -4.39290524
vt 0.00000000 -3.59419489
vt 0.00000000 -2.79548502
vt 0.00000000 -1.99677503
vt 0.00000000 -1.19806504
vt 0.00000000 -0.39935499
vt 0.00000000 0.39935499
vt 0.00000000 1.19806504
vt 0.00000000 1.99677503
vt 0.00000000 2.79548502
vt 0.00000000 3.59419489
vt 0.00000000 4.39290524
vt 0.00000000 5.19161510
vt 0.00000000 5.99032497
vt 0.00000000 6.78903484
vt 0.00000000 7.58774519
vt 0.00000000 8.38645458
vt 0.00000000 9.18516636
vt 0.00000000 9.98387718
vt 0.00000000 10.78258038
vt 0.00000000 11.58129025
vt 0.00000000 12.38000011
vt 0.00000000 13.17870998
vt 0.00000000 13.97741985
vt 0.00000000 14.77612972
vt 0.00000000 15.57485008
vt 0.00000000 16.37355995
vt 0.00000000 17.17226982
vt 0.00000000 17.97097969
vt 0.00000000 18.76968956
vt 0.00000000 19.56839943
vt 0.00000000 20.36710930
vt 0.00000000 21.16581917
vt 0.00000000 21.96453094
vt -0.58582902 24.36066055
vt -0.58582902 -22.76324081
vt 0.00000000 -23.56195068
vt -0.58582902 -21.96453094
vt -0.58582902 -21.16581917
vt -0.58582902 -20.36710930
vt -0.58582902 -19.56839943
vt -0.58582902 -18.76968956
vt -0.58582902 -17.97097969
vt -0.58582902 -17.17226982
vt -0.58582902 -16.37355995
vt -0.58582902 -15.57485008
vt -0.58582902 -14.77612972
vt -0.58582902 -13.97741985
vt -0.58582902 -13.17870998
vt -0.58582902 -12.38000011
vt -0.58582902 -11.58129025
vt -0.58582902 -10.78258038
vt -0.58582902 -9.98387718
vt -0.58582902 -9.18516636
vt -0.58582902 -8.38645458
vt -0.58582902 -7.58774519
vt -0.58582902 -6.78903484
vt -0.58582902 -5.99032497
vt -0.58582902 -5.19161510
vt -0.58582902 -4.39290524
vt -0.58582902 -3.59419489
vt -0.58582902 -2.79548502
vt -0.58582902 -1.99677503
vt -0.58582902 -1.19806504
vt -0.58582902 -0.39935499
vt -0.58582902 0.39935499
vt -0.58582902 1.19806504
vt -0.58582902 1.99677503
vt -0.58582902 2.79548502
vt -0.58582902 3.59419489
vt -0.58582902 4.39290524
vt -0.58582902 5.19161510
vt -0.58582902 5.99032497
vt -0.58582902 6.78903484
vt -0.58582902 7.58774519
vt -0.58582902 8.38645458
vt -0.58582902 9.18516636
vt -0.58582902 9.98387718
vt -0.58582902 10.78258038
vt -0.58582902 11.58129025
vt -0.58582902 12.38000011
vt -0.58582902 13.17870998
vt -0.58582902 13.97741985
vt -0.58582902 14.77612972
vt -0.58582902 15.57485008
vt -0.58582902 16.37355995
vt -0.58582902 17.17226982
vt -0.58582902 17.97097969
vt -0.58582902 18.76968956
vt -0.58582902 19.56839943
vt -0.58582902 20.36710930
vt -0.58582902 21.16581917
vt -0.58582902 21.96453094
vt -0.58582902 -23.56195068
vt -7.16785192 -7.25455093
vt -5.49739122 -6.64437294
vt -7.21011782 -6.47499990
vt -5.47653818 -5.96752405
vt -7.16785192 -5.69544888
vt -5.37266588 -5.29836798
vt -7.04154921 -4.92503786
vt -6.83269119 -4.17279816
vt -5.18734884 -4.64704800
vt -6.54372597 -3.44755006
vt -4.92339802 -4.02343893
vt -6.17804098 -2.75779605
vt -4.58481312 -3.43699288
vt -5.73992491 -2.11162305
vt -4.17672682 -2.89659905
vt -5.23451281 -1.51660597
vt -3.70532608 -2.41045094
vt -4.66773081 -0.97972202
vt -3.17775607 -1.98591697
vt -4.04622507 -0.50726497
vt -2.60201502 -1.62943304
vt -3.37728000 -0.10477390
vt -2.66874003 0.22303189
vt -1.98682904 -1.34640300
vt -1.92891097 0.47230899
vt -1.34152496 -1.14111698
vt -1.16646695 0.64013600
vt -0.67588598 -1.01668704
vt -0.39034799 0.72454399
vt 0.00000000 -0.97500002
vt 0.39034799 0.72454399
vt 0.67588598 -1.01668704
vt 1.16646695 0.64013600
vt 1.34152496 -1.14111698
vt 1.92891097 0.47230899
vt 1.98682904 -1.34640300
vt 2.66874003 0.22303189
vt 2.60201502 -1.62943304
vt 3.37728000 -0.10477390
vt 4.04622507 -0.50726497
vt 3.17775607 -1.98591697
vt 4.66773081 -0.97972202
vt 3.70532608 -2.41045094
vt 5.23451281 -1.51660597
vt 4.17672682 -2.89659905
vt 5.73992491 -2.11162305
vt 4.58481312 -3.43699288
vt 6.17804098 -2.75779605
vt 4.92339802 -4.02343893
vt 6.54372597 -3.44755006
vt 5.18734884 -4.64704800
vt 6.83269119 -4.17279816
vt 5.37266588 -5.29836798
vt 7.04154921 -4.92503786
vt 7.16785192 -5.69544888
vt 5.47653818 -5.96752405
vt 7.21011782 -6.47499990
vt 5.49739122 -6.64437294
vt 7.16785192 -7.25455093
vt 5.43490982 -7.31865406
vt 7.04154921 -8.02496433
vt 5.29004097 -7.98014593
vt 6.83269119 -8.77720165
vt 5.06498098 -8.61882401
vt 6.54372597 -9.50244999
vt 4.76314020 -9.22500229
vt 6.17804098 -10.19219971
vt 4.38909483 -9.78949070
vt 5.73992491 -10.83837986
vt 5.23451281 -11.43338966
vt 3.94851589 -10.30373955
vt 4.66773081 -11.97027969
vt 3.44808102 -10.75994015
vt 4.04622507 -12.44274044
vt 2.89537692 -11.15118980
vt 3.37728000 -12.84523010
vt 2.29878211 -11.47155952
vt 2.66874003 -13.17302990
vt 1.66734004 -11.71617985
vt 1.92891097 -13.42230988
vt 1.01062202 -11.88134956
vt 1.16646695 -13.59014034
vt 0.33858499 -11.96457005
vt 0.39034799 -13.67453957
vt -0.33858499 -11.96457005
vt -0.39034799 -13.67453957
vt -1.16646695 -13.59014034
vt -1.01062202 -11.88134956
vt -1.92891097 -13.42230988
vt -1.66734004 -11.71617985
vt -2.66874003 -13.17302990
vt -2.29878211 -11.47155952
vt -3.37728000 -12.84523010
vt -2.89537692 -11.15118980
vt -4.04622507 -12.44274044
vt -3.44808102 -10.75994015
vt -4.66773081 -11.97027969
vt -3.94851589 -10.30373955
vt -5.23451281 -11.43338966
vt -4.38909483 -9.78949070
vt -5.73992491 -10.83837986
vt -6.17804098 -10.19219971
vt -4.76314020 -9.22500229
vt -6.54372597 -9.50244999
vt -5.06498098 -8.61882401
vt -6.83269119 -8.77720165
vt -5.29004097 -7.98014593
vt -7.04154921 -8.02496433
vt -5.43490982 -7.31865406
vt 7.16785192 -5.69544888
vt 5.47653818 -5.96752405
vt 7.21011782 -6.47499990
vt 5.49739122 -6.64437294
vt 7.16785192 -7.25455093
vt 5.43490982 -7.31865406
vt 7.04154921 -8.02496433
vt 5.29004097 -7.98014593
vt 6.83269119 -8.77720165
vt 5.06498098 -8.61882401
vt 6.54372597 -9.50244999
vt 4.76314020 -9.22500229
vt 6.17804098 -10.19219971
vt 4.38909483 -9.78949070
vt 5.73992491 -10.83837986
vt 5.23451281 -11.43338966
vt 3.94851589 -10.30373955
vt 4.66773081 -11.97027969
vt 3.44808102 -10.75994015
vt 4.04622507 -12.44274044
vt 2.89537692 -11.15118980
vt 3.37728000 -12.84523010
vt 2.29878211 -11.47155952
vt 2.66874003 -13.17302990
vt 1.66734004 -11.71617985
vt 1.92891097 -13.42230988
vt 1.01062202 -11.88134956
vt 1.16646695 -13.59014034
vt 0.33858499 -11.96457005
vt 0.39034799 -13.67453957
vt -0.33858499 -11.96457005
vt -0.39034799 -13.67453957
vt -1.16646695 -13.59014034
vt -1.01062202 -11.88134956
vt -1.92891097 -13.42230988
vt -1.66734004 -11.71617985
vt -2.66874003 -13.17302990
vt -2.29878211 -11.47155952
vt -3.37728000 -12.84523010
vt -2.89537692 -11.15118980
vt -4.04622507 -12.44274044
vt -3.44808102 -10.75994015
vt -4.66773081 -11.97027969
vt -3.94851589 -10.30373955
vt -5.23451281 -11.43338966
vt -4.38909483 -9.78949070
vt -5.73992491 -10.83837986
vt -6.17804098 -10.19219971
vt -4.76314020 -9.22500229
vt -6.54372597 -9.50244999
vt -5.06498098 -8.61882401
vt -6.83269119 -8.77720165
vt -5.29004097 -7.98014593
vt -7.04154921 -8.02496433
vt -5.43490982 -7.31865406
vt -7.16785192 -7.25455093
vt -5.49739122 -6.64437294
vt -7.21011782 -6.47499990
vt -5.47653818 -5.96752405
vt -7.16785192 -5.69544888
vt -5.37266588 -5.29836798
vt -7.04154921 -4.92503786
vt -6.83269119 -4.17279816
vt -5.18734884 -4.64704800
vt -6.54372597 -3.44755006
vt -4.92339802 -4.02343893
vt -6.17804098 -2.75779605
vt -4.58481312 -3.43699288
vt -5.73992491 -2.11162305
vt -4.17672682 -2.89659905
vt -5.23451281 -1.51660597
vt -3.70532608 -2.41045094
vt -4.66773081 -0.97972202
vt -3.17775607 -1.98591697
vt -4.04622507 -0.50726497
vt -2.60201502 -1.62943304
vt -3.37728000 -0.10477390
vt -2.66874003 0.22303189
vt -1.98682904 -1.34640300
vt -1.92891097 0.47230899
vt -1.34152496 -1.14111698
vt -1.16646695 0.64013600
vt -0.67588598 -1.01668704
vt -0.39034799 0.72454399
vt 0.00000000 -0.97500002
vt 0.39034799 0.72454399
vt 0.67588598 -1.01668704
vt 1.16646695 0.64013600
vt 1.34152496 -1.14111698
vt 1.92891097 0.47230899
vt 1.98682904 -1.34640300
vt 2.66874003 0.22303189
vt 2.60201502 -1.62943304
vt 3.37728000 -0.10477390
vt 4.04622507 -0.50726497
vt 3.17775607 -1.98591697
vt 4.66773081 -0.97972202
vt 3.70532608 -2.41045094
vt 5.23451281 -1.51660597
vt 4.17672682 -2.89659905
vt 5.73992491 -2.11162305
vt 4.58481312 -3.43699288
vt 6.17804098 -2.75779605
vt 4.92339802 -4.02343893
vt 6.54372597 -3.44755006
vt 5.18734884 -4.64704800
vt 6.83269119 -4.17279816
vt 5.37266588 -5.29836798
vt 7.04154921 -4.92503786
vt -1.49500000 -0.67759800
vt 1.49500000 0.00000000
vt -1.49500000 0.00000000
vt 1.49500000 0.67759800
vt -1.49500000 0.67759800
vt 1.49500000 1.35519695
vt -1.49500000 1.35519695
vt 1.49500000 2.03279495
vt -1.49500000 2.03279495
vt 1.49500000 2.71039391
vt -1.49500000 2.71039391
vt 1.49500000 3.38799191
vt -1.49500000 3.38799191
vt 1.49500000 4.06558990
vt -1.49500000 4.06558990
vt 1.49500000 4.74318886
vt -1.49500000 4.74318886
vt 1.49500000 5.42078686
vt -1.49500000 5.42078686
vt 1.49500000 6.09838581
vt -1.49500000 6.09838581
vt 1.49500000 6.77598381
vt -1.49500000 6.77598381
vt 1.49500000 7.45358276
vt -1.49500000 7.45358276
vt 1.49500000 8.13118076
vt -1.49500000 8.13118076
vt 1.49500000 8.80877972
vt -1.49500000 8.80877972
vt 1.49500000 9.48637772
vt -1.49500000 9.48637772
vt 1.49500000 10.16397953
vt -1.49500000 10.16397953
vt 1.49500000 10.84156990
vt -1.49500000 10.84156990
vt 1.49500000 11.51916981
vt -1.49500000 11.51916981
vt 1.49500000 12.19676971
vt -1.49500000 12.19676971
vt 1.49500000 12.87436962
vt -1.49500000 12.87436962
vt 1.49500000 13.55196953
vt -1.49500000 13.55196953
vt 1.49500000 14.22957039
vt -1.49500000 14.22957039
vt 1.49500000 14.90717030
vt -1.49500000 14.90717030
vt 1.49500000 15.58475971
vt -1.49500000 15.58475971
vt 1.49500000 16.26235962
vt -1.49500000 16.26235962
vt 1.49500000 16.93996048
vt -1.49500000 16.93996048
vt -1.49500000 -17.61755943
vt 1.49500000 -17.61755943
vt 1.49500000 -16.93996048
vt -1.49500000 -16.93996048
vt 1.49500000 -16.26235962
vt -1.49500000 -16.26235962
vt 1.49500000 -15.58475971
vt -1.49500000 -15.58475971
vt 1.49500000 -14.90717030
vt -1.49500000 -14.90717030
vt 1.49500000 -14.22957039
vt -1.49500000 -14.22957039
vt 1.49500000 -13.55196953
vt -1.49500000 -13.55196953
vt 1.49500000 -12.87436962
vt -1.49500000 -12.87436962
vt 1.49500000 -12.19676971
vt -1.49500000 -12.19676971
vt 1.49500000 -11.51916981
vt -1.49500000 -11.51916981
vt 1.49500000 -10.84156990
vt -1.49500000 -10.84156990
vt 1.49500000 -10.16397953
vt -1.49500000 -10.16397953
vt 1.49500000 -9.48637772
vt -1.49500000 -9.48637772
vt 1.49500000 -8.80877972
vt -1.49500000 -8.80877972
vt 1.49500000 -8.13118076
vt -1.49500000 -8.13118076
vt 1.49500000 -7.45358276
vt -1.49500000 -7.45358276
vt 1.49500000 -6.77598381
vt -1.49500000 -6.77598381
vt 1.49500000 -6.09838581
vt -1.49500000 -6.09838581
vt 1.49500000 -5.42078686
vt -1.49500000 -5.42078686
vt 1.49500000 -4.74318886
vt -1.49500000 -4.74318886
vt 1.49500000 -4.06558990
vt -1.49500000 -4.06558990
vt 1.49500000 -3.38799191
vt -1.49500000 -3.38799191
vt 1.49500000 -2.71039391
vt -1.49500000 -2.71039391
vt 1.49500000 -2.03279495
vt -1.49500000 -2.03279495
vt 1.49500000 -1.35519695
vt -1.49500000 -1.35519695
vt 1.49500000 -0.67759800
f 1/1 2/2 3/3
f 3/3 2/2 4/4
f 5/5 6/6 7/7
f 7/7 6/6 8/8
f 7/7 8/8 9/9
f 9/9 8/8 10/10
f 9/9 10/10 11/11
f 11/11 10/10 12/12
f 11/11 12/12 13/13
f 13/13 12/12 14/14
f 13/13 14/14 15/15
f 15/15 14/14 16/16
f 15/15 16/16 17/17
f 2/2 1/1 18/18
f 18/18 1/1 19/19
f 18/18 19/19 20/20
f 20/20 19/19 21/21
f 20/20 21/21 22/22
f 22/22 21/21 23/23
f 22/22 23/23 24/24
f 24/24 23/23 25/25
f 24/24 25/25 26/26
f 26/26 25/25 27/27
f 26/26 27/27 28/28
f 28/28 27/27 29/29
f 28/28 29/29 30/30
f 30/30 29/29 31/31
f 30/30 31/31 32/32
f 32/32 31/31 33/33
f 32/32 33/33 34/34
f 34/34 33/33 35/35
f 34/34 35/35 36/36
f 36/36 35/35 37/37
f 36/36 37/37 38/38
f 38/38 37/37 39/39
f 38/38 39/39 40/40
f 40/40 39/39 41/41
f 40/40 41/41 42/42
f 42/42 41/41 43/43
f 42/42 43/43 44/44
f 44/44 43/43 45/45
f 44/44 45/45 46/46
f 46/46 45/45 47/47
f 46/46 47/47 48/48
f 48/48 47/47 49/49
f 48/48 49/49 50/50
f 50/50 49/49 51/51
f 50/50 51/51 52/52
f 52/52 51/51 53/53
f 52/52 53/53 54/54
f 54/54 53/53 55/55
f 54/54 55/55 56/56
f 56/56 55/55 57/57
f 56/56 57/57 58/58
f 58/58 57/57 59/59
f 58/58 59/59 60/60
f 60/60 59/59 61/61
f 60/60 61/61 62/62
f 62/62 61/61 63/63
f 62/62 63/63 64/64
f 64/64 63/63 65/65
f 64/64 65/65 66/66
f 66/66 65/65 67/67
f 66/66 67/67 68/68
f 68/68 67/67 69/69
f 68/68 69/69 70/70
f 70/70 69/69 71/71
f 70/70 71/71 72/72
f 72/72 71/71 73/73
f 72/72 73/73 74/74
f 74/74 73/73 75/75
f 74/74 75/75 76/76
f 76/76 75/75 77/77
f 76/76 77/77 78/78
f 78/78 77/77 79/79
f 78/78 79/79 80/80
f 80/80 79/79 81/81
f 80/80 81/81 82/82
f 82/82 81/81 83/83
f 82/82 83/83 84/84
f 84/84 83/83 85/85
f 84/84 85/85 86/86
f 86/86 85/85 87/87
f 86/86 87/87 88/88
f 88/88 87/87 89/89
f 88/88 89/89 90/90
f 90/90 89/89 91/91
f 90/90 91/91 92/92
f 92/92 91/91 93/93
f 92/92 93/93 94/94
f 94/94 93/93 95/95
f 94/94 95/95 96/96
f 96/96 95/95 97/97
f 96/96 97/97 98/98
f 98/98 97/97 99/99
f 98/98 99/99 100/100
f 100/100 99/99 101/101
f 100/100 101/101 102/102
f 102/102 101/101 103/103
f 102/102 103/103 104/104
f 104/104 103/103 105/105
f 104/104 105/105 106/106
f 106/106 105/105 107/107
f 106/106 107/107 108/108
f 108/108 107/107 109/109
f 108/108 109/109 110/110
f 110/110 109/109 111/111
f 110/110 111/111 112/112
f 112/112 111/111 113/113
f 112/112 113/113 114/114
f 114/114 113/113 115/115
f 114/114 115/115 116/116
f 116/116 115/115 117/117
f 116/116 117/117 118/118
f 118/118 117/117 119/119
f 118/118 119/119 120/120
f 120/120 119/119 121/121
f 120/120 121/121 122/122
f 122/122 121/121 123/123
f 122/122 123/123 124/124
f 124/124 123/123 125/125
f 124/124 125/125 126/126
f 126/126 125/125 127/127
f 126/126 127/127 128/128
f 128/128 127/127 129/129
f 128/128 129/129 7/7
f 7/7 129/129 5/5
f 15/15 17/17 130/130
f 130/130 17/17 131/131
f 130/130 131/131 132/132
f 132/132 131/131 133/133
f 132/132 133/133 134/134
f 134/134 133/133 135/135
f 134/134 135/135 136/136
f 136/136 135/135 137/137
f 136/136 137/137 138/138
f 138/138 137/137 139/139
f 138/138 139/139 140/140
f 140/140 139/139 141/141
f 140/140 141/141 142/142
f 142/142 141/141 143/143
f 142/142 143/143 144/144
f 144/144 143/143 145/145
f 144/144 145/145 146/146
f 146/146 145/145 147/147
f 146/146 147/147 148/148
f 148/148 147/147 149/149
f 148/148 149/149 150/150
f 150/150 149/149 151/151
f 150/150 151/151 152/152
f 152/152 151/151 153/153
f 152/152 153/153 154/154
f 154/154 153/153 155/155
f 154/154 155/155 156/156
f 156/156 155/155 157/157
f 156/156 157/157 158/158
f 158/158 157/157 159/159
f 158/158 159/159 160/160
f 160/160 159/159 161/161
f 160/160 161/161 162/162
f 162/162 161/161 163/163
f 162/162 163/163 164/164
f 164/164 163/163 165/165
f 164/164 165/165 166/166
f 166/166 165/165 167/167
f 166/166 167/167 168/168
f 168/168 167/167 169/169
f 168/168 169/169 170/170
f 170/170 169/169 171/171
f 170/170 171/171 172/172
f 172/172 171/171 173/173
f 172/172 173/173 174/174
f 174/174 173/173 175/175
f 174/174 175/175 176/176
f 176/176 175/175 177/177
f 176/176 177/177 178/178
f 178/178 177/177 179/179
f 178/178 179/179 180/180
f 180/180 179/179 181/181
f 180/180 181/181 182/182
f 182/182 181/181 183/183
f 182/182 183/183 184/184
f 184/184 183/183 185/185
f 184/184 185/185 186/186
f 186/186 185/185 187/187
f 186/186 187/187 188/188
f 188/188 187/187 189/189
f 188/188 189/189 190/190
f 190/190 189/189 191/191
f 190/190 191/191 192/192
f 192/192 191/191 193/193
f 192/192 193/193 194/194
f 194/194 193/193 195/195
f 194/194 195/195 196/196
f 196/196 195/195 197/197
f 196/196 197/197 198/198
f 198/198 197/197 199/199
f 198/198 199/199 200/200
f 200/200 199/199 201/201
f 200/200 201/201 202/202
f 202/202 201/201 203/203
f 202/202 203/203 204/204
f 204/204 203/203 205/205
f 204/204 205/205 206/206
f 206/206 205/205 207/207
f 206/206 207/207 208/208
f 208/208 207/207 209/209
f 208/208 209/209 210/210
f 210/210 209/209 211/211
f 210/210 211/211 212/212
f 212/212 211/211 213/213
f 212/212 213/213 214/214
f 214/214 213/213 215/215
f 214/214 215/215 216/216
f 216/216 215/215 217/217
f 216/216 217/217 218/218
f 218/218 217/217 219/219
f 218/218 219/219 220/220
f 220/220 219/219 221/221
f 220/220 221/221 222/222
f 222/222 221/221 223/223
f 222/222 223/223 224/224
f 224/224 223/223 225/225
f 224/224 225/225 226/226
f 226/226 225/225 227/227
f 226/226 227/227 228/228
f 228/228 227/227 229/229
f 228/228 229/229 230/230
f 230/230 229/229 231/231
f 230/230 231/231 232/232
f 232/232 231/231 233/233
f 232/232 233/233 234/234
f 234/234 233/233 235/235
f 234/234 235/235 236/236
f 236/236 235/235 237/237
f 236/236 237/237 238/238
f 238/238 237/237 239/239
f 238/238 239/239 240/240
f 240/240 239/239 241/241
f 240/240 241/241 242/242
f 242/242 241/241 243/243
f 244/244 16/16 14/14
f 8/8 6/6 245/245
f 246/246 4/4 2/2
f 246/246 2/2 247/247
f 247/247 2/2 18/18
f 247/247 18/18 248/248
f 248/248 18/18 20/20
f 248/248 20/20 249/249
f 249/249 20/20 22/22
f 249/249 22/22 250/250
f 250/250 22/22 24/24
f 250/250 24/24 251/251
f 251/251 24/24 26/26
f 251/251 26/26 252/252
f 252/252 26/26 28/28
f 252/252 28/28 253/253
f 253/253 28/28 30/30
f 253/253 30/30 254/254
f 254/254 30/30 32/32
f 254/254 32/32 255/255
f 255/255 32/32 34/34
f 255/255 34/34 256/256
f 256/256 34/34 36/36
f 256/256 36/36 257/257
f 257/257 36/36 38/38
f 257/257 38/38 258/258
f 258/258 38/38 40/40
f 258/258 40/40 259/259
f 259/259 40/40 42/42
f 259/259 42/42 260/260
f 260/260 42/42 44/44
f 260/260 44/44 261/261
f 261/261 44/44 46/46
f 261/261 46/46 262/262
f 262/262 46/46 48/48
f 262/262 48/48 263/263
f 263/263 48/48 50/50
f 263/263 50/50 264/264
f 264/264 50/50 52/52
f 264/264 52/52 265/265
f 265/265 52/52 54/54
f 265/265 54/54 266/266
f 266/266 54/54 56/56
f 266/266 56/56 267/267
f 267/267 56/56 58/58
f 267/267 58/58 268/268
f 268/268 58/58 60/60
f 268/268 60/60 269/269
f 269/269 60/60 62/62
f 269/269 62/62 270/270
f 270/270 62/62 64/64
f 270/270 64/64 271/271
f 271/271 64/64 66/66
f 271/271 66/66 272/272
f 272/272 66/66 68/68
f 272/272 68/68 273/273
f 273/273 68/68 70/70
f 273/273 70/70 274/274
f 274/274 70/70 72/72
f 274/274 72/72 275/275
f 275/275 72/72 74/74
f 275/275 74/74 276/276
f 276/276 74/74 76/76
f 276/276 76/76 277/277
f 277/277 76/76 78/78
f 277/277 78/78 278/278
f 278/278 78/78 80/80
f 278/278 80/80 279/279
f 279/279 80/80 82/82
f 279/279 82/82 280/280
f 280/280 82/82 84/84
f 280/280 84/84 281/281
f 281/281 84/84 86/86
f 281/281 86/86 282/282
f 282/282 86/86 88/88
f 282/282 88/88 283/283
f 283/283 88/88 90/90
f 283/283 90/90 284/284
f 284/284 90/90 92/92
f 284/284 92/92 285/285
f 285/285 92/92 94/94
f 285/285 94/94 286/286
f 286/286 94/94 96/96
f 286/286 96/96 287/287
f 287/287 96/96 98/98
f 287/287 98/98 288/288
f 288/288 98/98 100/100
f 288/288 100/100 289/289
f 289/289 100/100 102/102
f 289/289 102/102 290/290
f 290/290 102/102 104/104
f 290/290 104/104 291/291
f 291/291 104/104 106/106
f 291/291 106/106 292/292
f 292/292 106/106 108/108
f 292/292 108/108 293/293
f 293/293 108/108 110/110
f 293/293 110/110 294/294
f 294/294 110/110 112/112
f 294/294 112/112 295/295
f 295/295 112/112 114/114
f 295/295 114/114 296/296
f 296/296 114/114 116/116
f 296/296 116/116 297/297
f 297/297 116/116 118/118
f 297/297 118/118 298/298
f 298/298 118/118 120/120
f 298/298 120/120 299/299
f 299/299 120/120 122/122
f 299/299 122/122 300/300
f 300/300 122/122 124/124
f 300/300 124/124 301/301
f 301/301 124/124 126/126
f 301/301 126/126 302/302
f 302/302 126/126 128/128
f 302/302 128/128 9/9
f 9/9 128/128 7/7
f 10/10 8/8 303/303
f 304/304 305/305 246/246
f 304/304 246/246 306/306
f 306/306 246/246 247/247
f 306/306 247/247 307/307
f 307/307 247/247 248/248
f 307/307 248/248 308/308
f 308/308 248/248 249/249
f 308/308 249/249 309/309
f 309/309 249/249 250/250
f 309/309 250/250 310/310
f 310/310 250/250 251/251
f 310/310 251/251 311/311
f 311/311 251/251 252/252
f 311/311 252/252 312/312
f 312/312 252/252 253/253
f 312/312 253/253 313/313
f 313/313 253/253 254/254
f 313/313 254/254 314/314
f 314/314 254/254 255/255
f 314/314 255/255 315/315
f 315/315 255/255 256/256
f 315/315 256/256 316/316
f 316/316 256/256 257/257
f 316/316 257/257 317/317
f 317/317 257/257 258/258
f 317/317 258/258 318/318
f 318/318 258/258 259/259
f 318/318 259/259 319/319
f 319/319 259/259 260/260
f 319/319 260/260 320/320
f 320/320 260/260 261/261
f 320/320 261/261 321/321
f 321/321 261/261 262/262
f 321/321 262/262 322/322
f 322/322 262/262 263/263
f 322/322 263/263 323/323
f 323/323 263/263 264/264
f 323/323 264/264 324/324
f 324/324 264/264 265/265
f 324/324 265/265 325/325
f 325/325 265/265 266/266
f 325/325 266/266 326/326
f 326/326 266/266 267/267
f 326/326 267/267 327/327
f 327/327 267/267 268/268
f 327/327 268/268 328/328
f 328/328 268/268 269/269
f 328/328 269/269 329/329
f 329/329 269/269 270/270
f 329/329 270/270 330/330
f 330/330 270/270 271/271
f 330/330 271/271 331/331
f 331/331 271/271 272/272
f 331/331 272/272 332/332
f 332/332 272/272 273/273
f 332/332 273/273 333/333
f 333/333 273/273 274/274
f 333/333 274/274 334/334
f 334/334 274/274 275/275
f 334/334 275/275 335/335
f 335/335 275/275 276/276
f 335/335 276/276 336/336
f 336/336 276/276 277/277
f 336/336 277/277 337/337
f 337/337 277/277 278/278
f 337/337 278/278 338/338
f 338/338 278/278 279/279
f 338/338 279/279 339/339
f 339/339 279/279 280/280
f 339/339 280/280 340/340
f 340/340 280/280 281/281
f 340/340 281/281 341/341
f 341/341 281/281 282/282
f 341/341 282/282 342/342
f 342/342 282/282 283/283
f 342/342 283/283 343/343
f 343/343 283/283 284/284
f 343/343 284/284 344/344
f 344/344 284/284 285/285
f 344/344 285/285 345/345
f 345/345 285/285 286/286
f 345/345 286/286 346/346
f 346/346 286/286 287/287
f 346/346 287/287 347/347
f 347/347 287/287 288/288
f 347/347 288/288 348/348
f 348/348 288/288 289/289
f 348/348 289/289 349/349
f 349/349 289/289 290/290
f 349/349 290/290 350/350
f 350/350 290/290 291/291
f 350/350 291/291 351/351
f 351/351 291/291 292/292
f 351/351 292/292 352/352
f 352/352 292/292 293/293
f 352/352 293/293 353/353
f 353/353 293/293 294/294
f 353/353 294/294 354/354
f 354/354 294/294 295/295
f 354/354 295/295 355/355
f 355/355 295/295 296/296
f 355/355 296/296 356/356
f 356/356 296/296 297/297
f 356/356 297/297 357/357
f 357/357 297/297 298/298
f 357/357 298/298 358/358
f 358/358 298/298 299/299
f 358/358 299/299 359/359
f 359/359 299/299 300/300
f 359/359 300/300 360/360
f 360/360 300/300 301/301
f 360/360 301/301 361/361
f 361/361 301/301 302/302
f 361/361 302/302 11/11
f 11/11 302/302 9/9
f 244/244 14/14 12/12
f 12/12 10/10 362/362
f 363/363 364/364 304/304
f 363/363 304/304 365/365
f 365/365 304/304 306/306
f 365/365 306/306 366/366
f 366/366 306/306 307/307
f 366/366 307/307 367/367
f 367/367 307/307 308/308
f 367/367 308/308 368/368
f 368/368 308/308 309/309
f 368/368 309/309 369/369
f 369/369 309/309 310/310
f 369/369 310/310 370/370
f 370/370 310/310 311/311
f 370/370 311/311 371/371
f 371/371 311/311 312/312
f 371/371 312/312 372/372
f 372/372 312/312 313/313
f 372/372 313/313 373/373
f 373/373 313/313 314/314
f 373/373 314/314 374/374
f 374/374 314/314 315/315
f 374/374 315/315 375/375
f 375/375 315/315 316/316
f 375/375 316/316 376/376
f 376/376 316/316 317/317
f 376/376 317/317 377/377
f 377/377 317/317 318/318
f 377/377 318/318 378/378
f 378/378 318/318 319/319
f 378/378 319/319 379/379
f 379/379 319/319 320/320
f 379/379 320/320 380/380
f 380/380 320/320 321/321
f 380/380 321/321 381/381
f 381/381 321/321 322/322
f 381/381 322/322 382/382
f 382/382 322/322 323/323
f 382/382 323/323 383/383
f 383/383 323/323 324/324
f 383/383 324/324 384/384
f 384/384 324/324 325/325
f 384/384 325/325 385/385
f 385/385 325/325 326/326
f 385/385 326/326 386/386
f 386/386 326/326 327/327
f 386/386 327/327 387/387
f 387/387 327/327 328/328
f 387/387 328/328 388/388
f 388/388 328/328 329/329
f 388/388 329/329 389/389
f 389/389 329/329 330/330
f 389/389 330/330 390/390
f 390/390 330/330 331/331
f 390/390 331/331 391/391
f 391/391 331/331 332/332
f 391/391 332/332 392/392
f 392/392 332/332 333/333
f 392/392 333/333 393/393
f 393/393 333/333 334/334
f 393/393 334/334 394/394
f 394/394 334/334 335/335
f 394/394 335/335 395/395
f 395/395 335/335 336/336
f 395/395 336/336 396/396
f 396/396 336/336 337/337
f 396/396 337/337 397/397
f 397/397 337/337 338/338
f 397/397 338/338 398/398
f 398/398 338/338 339/339
f 398/398 339/339 399/399
f 399/399 339/339 340/340
f 399/399 340/340 400/400
f 400/400 340/340 341/341
f 400/400 341/341 401/401
f 401/401 341/341 342/342
f 401/401 342/342 402/402
f 402/402 342/342 343/343
f 402/402 343/343 403/403
f 403/403 343/343 344/344
f 403/403 344/344 404/404
f 404/404 344/344 345/345
f 404/404 345/345 405/405
f 405/405 345/345 346/346
f 405/405 346/346 406/406
f 406/406 346/346 347/347
f 406/406 347/347 407/407
f 407/407 347/347 348/348
f 407/407 348/348 408/408
f 408/408 348/348 349/349
f 408/408 349/349 409/409
f 409/409 349/349 350/350
f 409/409 350/350 410/410
f 410/410 350/350 351/351
f 410/410 351/351 411/411
f 411/411 351/351 352/352
f 411/411 352/352 412/412
f 412/412 352/352 353/353
f 412/412 353/353 413/413
f 413/413 353/353 354/354
f 413/413 354/354 414/414
f 414/414 354/354 355/355
f 414/414 355/355 415/415
f 415/415 355/355 356/356
f 415/415 356/356 416/416
f 416/416 356/356 357/357
f 416/416 357/357 417/417
f 417/417 357/357 358/358
f 417/417 358/358 418/418
f 418/418 358/358 359/359
f 418/418 359/359 419/419
f 419/419 359/359 360/360
f 419/419 360/360 420/420
f 420/420 360/360 361/361
f 420/420 361/361 13/13
f 13/13 361/361 11/11
f 240/240 242/242 363/363
f 363/363 242/242 421/421
f 240/240 363/363 365/365
f 238/238 240/240 365/365
f 238/238 365/365 366/366
f 236/236 238/238 366/366
f 236/236 366/366 367/367
f 234/234 236/236 367/367
f 234/234 367/367 368/368
f 232/232 234/234 368/368
f 232/232 368/368 369/369
f 230/230 232/232 369/369
f 230/230 369/369 370/370
f 228/228 230/230 370/370
f 228/228 370/370 371/371
f 226/226 228/228 371/371
f 226/226 371/371 372/372
f 224/224 226/226 372/372
f 224/224 372/372 373/373
f 222/222 224/224 373/373
f 222/222 373/373 374/374
f 220/220 222/222 374/374
f 220/220 374/374 375/375
f 218/218 220/220 375/375
f 218/218 375/375 376/376
f 216/216 218/218 376/376
f 216/216 376/376 377/377
f 214/214 216/216 377/377
f 214/214 377/377 378/378
f 212/212 214/214 378/378
f 212/212 378/378 379/379
f 210/210 212/212 379/379
f 210/210 379/379 380/380
f 208/208 210/210 380/380
f 208/208 380/380 381/381
f 206/206 208/208 381/381
f 206/206 381/381 382/382
f 204/204 206/206 382/382
f 204/204 382/382 383/383
f 202/202 204/204 383/383
f 202/202 383/383 384/384
f 200/200 202/202 384/384
f 200/200 384/384 385/385
f 198/198 200/200 385/385
f 198/198 385/385 386/386
f 196/196 198/198 386/386
f 196/196 386/386 387/387
f 194/194 196/196 387/387
f 194/194 387/387 388/388
f 192/192 194/194 388/388
f 192/192 388/388 389/389
f 190/190 192/192 389/389
f 190/190 389/389 390/390
f 188/188 190/190 390/390
f 188/188 390/390 391/391
f 186/186 188/188 391/391
f 186/186 391/391 392/392
f 184/184 186/186 392/392
f 184/184 392/392 393/393
f 182/182 184/184 393/393
f 182/182 393/393 394/394
f 180/180 182/182 394/394
f 180/180 394/394 395/395
f 178/178 180/180 395/395
f 178/178 395/395 396/396
f 176/176 178/178 396/396
f 176/176 396/396 397/397
f 174/174 176/176 397/397
f 174/174 397/397 398/398
f 172/172 174/174 398/398
f 172/172 398/398 399/399
f 170/170 172/172 399/399
f 170/170 399/399 400/400
f 168/168 170/170 400/400
f 168/168 400/400 401/401
f 166/166 168/168 401/401
f 166/166 401/401 402/402
f 164/164 166/166 402/402
f 164/164 402/402 403/403
f 162/162 164/164 403/403
f 162/162 403/403 404/404
f 160/160 162/162 404/404
f 160/160 404/404 405/405
f 158/158 160/160 405/405
f 158/158 405/405 406/406
f 156/156 158/158 406/406
f 156/156 406/406 407/407
f 154/154 156/156 407/407
f 154/154 407/407 408/408
f 152/152 154/154 408/408
f 152/152 408/408 409/409
f 150/150 152/152 409/409
f 150/150 409/409 410/410
f 148/148 150/150 410/410
f 148/148 410/410 411/411
f 146/146 148/148 411/411
f 146/146 411/411 412/412
f 144/144 146/146 412/412
f 144/144 412/412 413/413
f 142/142 144/144 413/413
f 142/142 413/413 414/414
f 140/140 142/142 414/414
f 140/140 414/414 415/415
f 138/138 140/140 415/415
f 138/138 415/415 416/416
f 136/136 138/138 416/416
f 136/136 416/416 417/417
f 134/134 136/136 417/417
f 134/134 417/417 418/418
f 132/132 134/134 418/418
f 132/132 418/418 419/419
f 130/130 132/132 419/419
f 130/130 419/419 420/420
f 15/15 130/130 420/420
f 15/15 420/420 13/13
f 422/422 423/423 424/424
f 424/424 423/423 425/425
f 424/424 425/425 426/426
f 426/426 425/425 427/427
f 426/426 427/427 428/428
f 428/428 427/427 429/429
f 429/429 427/427 430/430
f 429/429 430/430 431/431
f 431/431 430/430 432/432
f 431/431 432/432 433/433
f 433/433 432/432 434/434
f 433/433 434/434 435/435
f 435/435 434/434 436/436
f 435/435 436/436 437/437
f 437/437 436/436 438/438
f 437/437 438/438 439/439
f 439/439 438/438 440/440
f 439/439 440/440 441/441
f 441/441 440/440 442/442
f 441/441 442/442 443/443
f 443/443 442/442 444/444
f 444/444 442/442 445/445
f 444/444 445/445 446/446
f 446/446 445/445 447/447
f 446/446 447/447 448/448
f 448/448 447/447 449/449
f 448/448 449/449 450/450
f 450/450 449/449 451/451
f 450/450 451/451 452/452
f 452/452 451/451 453/453
f 452/452 453/453 454/454
f 454/454 453/453 455/455
f 454/454 455/455 456/456
f 456/456 455/455 457/457
f 456/456 457/457 458/458
f 458/458 457/457 459/459
f 458/458 459/459 460/460
f 460/460 459/459 461/461
f 461/461 459/459 462/462
f 461/461 462/462 463/463
f 463/463 462/462 464/464
f 463/463 464/464 465/465
f 465/465 464/464 466/466
f 465/465 466/466 467/467
f 467/467 466/466 468/468
f 467/467 468/468 469/469
f 469/469 468/468 470/470
f 469/469 470/470 471/471
f 471/471 470/470 472/472
f 471/471 472/472 473/473
f 473/473 472/472 474/474
f 473/473 474/474 475/475
f 475/475 474/474 476/476
f 476/476 474/474 477/477
f 476/476 477/477 478/478
f 478/478 477/477 479/479
f 478/478 479/479 480/480
f 480/480 479/479 481/481
f 480/480 481/481 482/482
f 482/482 481/481 483/483
f 482/482 483/483 484/484
f 484/484 483/483 485/485
f 484/484 485/485 486/486
f 486/486 485/485 487/487
f 486/486 487/487 488/488
f 488/488 487/487 489/489
f 488/488 489/489 490/490
f 490/490 489/489 491/491
f 491/491 489/489 492/492
f 491/491 492/492 493/493
f 493/493 492/492 494/494
f 493/493 494/494 495/495
f 495/495 494/494 496/496
f 495/495 496/496 497/497
f 497/497 496/496 498/498
f 497/497 498/498 499/499
f 499/499 498/498 500/500
f 499/499 500/500 501/501
f 501/501 500/500 502/502
f 501/501 502/502 503/503
f 503/503 502/502 504/504
f 503/503 504/504 505/505
f 505/505 504/504 506/506
f 505/505 506/506 507/507
f 507/507 506/506 508/508
f 508/508 506/506 509/509
f 508/508 509/509 510/510
f 510/510 509/509 511/511
f 510/510 511/511 512/512
f 512/512 511/511 513/513
f 512/512 513/513 514/514
f 514/514 513/513 515/515
f 514/514 515/515 516/516
f 516/516 515/515 517/517
f 516/516 517/517 518/518
f 518/518 517/517 519/519
f 518/518 519/519 520/520
f 520/520 519/519 521/521
f 520/520 521/521 522/522
f 522/522 521/521 523/523
f 523/523 521/521 524/524
f 523/523 524/524 525/525
f 525/525 524/524 526/526
f 525/525 526/526 527/527
f 527/527 526/526 528/528
f 527/527 528/528 529/529
f 529/529 528/528 530/530
f 529/529 530/530 422/422
f 422/422 530/530 423/423
f 531/531 532/532 533/533
f 533/533 532/532 534/534
f 533/533 534/534 535/535
f 535/535 534/534 536/536
f 535/535 536/536 537/537
f 537/537 536/536 538/538
f 537/537 538/538 539/539
f 539/539 538/538 540/540
f 539/539 540/540 541/541
f 541/541 540/540 542/542
f 541/541 542/542 543/543
f 543/543 542/542 544/544
f 543/543 544/544 545/545
f 545/545 544/544 546/546
f 546/546 544/544 547/547
f 546/546 547/547 548/548
f 548/548 547/547 549/549
f 548/548 549/549 550/550
f 550/550 549/549 551/551
f 550/550 551/551 552/552
f 552/552 551/551 553/553
f 552/552 553/553 554/554
f 554/554 553/553 555/555
f 554/554 555/555 556/556
f 556/556 555/555 557/557
f 556/556 557/557 558/558
f 558/558 557/557 559/559
f 558/558 559/559 560/560
f 560/560 559/559 561/561
f 560/560 561/561 562/562
f 562/562 561/561 563/563
f 563/563 561/561 564/564
f 563/563 564/564 565/565
f 565/565 564/564 566/566
f 565/565 566/566 567/567
f 567/567 566/566 568/568
f 567/567 568/568 569/569
f 569/569 568/568 570/570
f 569/569 570/570 571/571
f 571/571 570/570 572/572
f 571/571 572/572 573/573
f 573/573 572/572 574/574
f 573/573 574/574 575/575
f 575/575 574/574 576/576
f 575/575 576/576 577/577
f 577/577 576/576 578/578
f 578/578 576/576 579/579
f 578/578 579/579 580/580
f 580/580 579/579 581/581
f 580/580 581/581 582/582
f 582/582 581/581 583/583
f 582/582 583/583 584/584
f 584/584 583/583 585/585
f 584/584 585/585 586/586
f 586/586 585/585 587/587
f 586/586 587/587 588/588
f 588/588 587/587 589/589
f 588/588 589/589 590/590
f 590/590 589/589 591/591
f 590/590 591/591 592/592
f 592/592 591/591 593/593
f 593/593 591/591 594/594
f 593/593 594/594 595/595
f 595/595 594/594 596/596
f 595/595 596/596 597/597
f 597/597 596/596 598/598
f 597/597 598/598 599/599
f 599/599 598/598 600/600
f 599/599 600/600 601/601
f 601/601 600/600 602/602
f 601/601 602/602 603/603
f 603/603 602/602 604/604
f 603/603 604/604 605/605
f 605/605 604/604 606/606
f 605/605 606/606 607/607
f 607/607 606/606 608/608
f 608/608 606/606 609/609
f 608/608 609/609 610/610
f 610/610 609/609 611/611
f 610/610 611/611 612/612
f 612/612 611/611 613/613
f 612/612 613/613 614/614
f 614/614 613/613 615/615
f 614/614 615/615 616/616
f 616/616 615/615 617/617
f 616/616 617/617 618/618
f 618/618 617/617 619/619
f 618/618 619/619 620/620
f 620/620 619/619 621/621
f 620/620 621/621 622/622
f 622/622 621/621 623/623
f 622/622 623/623 624/624
f 624/624 623/623 625/625
f 625/625 623/623 626/626
f 625/625 626/626 627/627
f 627/627 626/626 628/628
f 627/627 628/628 629/629
f 629/629 628/628 630/630
f 629/629 630/630 631/631
f 631/631 630/630 632/632
f 631/631 632/632 633/633
f 633/633 632/632 634/634
f 633/633 634/634 635/635
f 635/635 634/634 636/636
f 635/635 636/636 637/637
f 637/637 636/636 638/638
f 637/637 638/638 639/639
f 639/639 638/638 531/531
f 531/531 638/638 532/532
f 640/640 641/641 642/642
f 642/642 641/641 643/643
f 642/642 643/643 644/644
f 644/644 643/643 645/645
f 644/644 645/645 646/646
f 646/646 645/645 647/647
f 646/646 647/647 648/648
f 648/648 647/647 649/649
f 648/648 649/649 650/650
f 650/650 649/649 651/651
f 650/650 651/651 652/652
f 652/652 651/651 653/653
f 652/652 653/653 654/654
f 654/654 653/653 655/655
f 654/654 655/655 656/656
f 656/656 655/655 657/657
f 656/656 657/657 658/658
f 658/658 657/657 659/659
f 658/658 659/659 660/660
f 660/660 659/659 661/661
f 660/660 661/661 662/662
f 662/662 661/661 663/663
f 662/662 663/663 664/664
f 664/664 663/663 665/665
f 664/664 665/665 666/666
f 666/666 665/665 667/667
f 666/666 667/667 668/668
f 668/668 667/667 669/669
f 668/668 669/669 670/670
f 670/670 669/669 671/671
f 670/670 671/671 672/672
f 672/672 671/671 673/673
f 672/672 673/673 674/674
f 674/674 673/673 675/675
f 674/674 675/675 676/676
f 676/676 675/675 677/677
f 676/676 677/677 678/678
f 678/678 677/677 679/679
f 678/678 679/679 680/680
f 680/680 679/679 681/681
f 680/680 681/681 682/682
f 682/682 681/681 683/683
f 682/682 683/683 684/684
f 684/684 683/683 685/685
f 684/684 685/685 686/686
f 686/686 685/685 687/687
f 686/686 687/687 688/688
f 688/688 687/687 689/689
f 688/688 689/689 690/690
f 690/690 689/689 691/691
f 690/690 691/691 692/692
f 693/693 694/694 695/695
f 693/693 695/695 696/696
f 696/696 695/695 697/697
f 696/696 697/697 698/698
f 698/698 697/697 699/699
f 698/698 699/699 700/700
f 700/700 699/699 701/701
f 700/700 701/701 702/702
f 702/702 701/701 703/703
f 702/702 703/703 704/704
f 704/704 703/703 705/705
f 704/704 705/705 706/706
f 706/706 705/705 707/707
f 706/706 707/707 708/708
f 708/708 707/707 709/709
f 708/708 709/709 710/710
f 710/710 709/709 711/711
f 710/710 711/711 712/712
f 712/712 711/711 713/713
f 712/712 713/713 714/714
f 714/714 713/713 715/715
f 714/714 715/715 716/716
f 716/716 715/715 717/717
f 716/716 717/717 718/718
f 718/718 717/717 719/719
f 718/718 719/719 720/720
f 720/720 719/719 721/721
f 720/720 721/721 722/722
f 722/722 721/721 723/723
f 722/722 723/723 724/724
f 724/724 723/723 725/725
f 724/724 725/725 726/726
f 726/726 725/725 727/727
f 726/726 727/727 728/728
f 728/728 727/727 729/729
f 728/728 729/729 730/730
f 730/730 729/729 731/731
f 730/730 731/731 732/732
f 732/732 731/731 733/733
f 732/732 733/733 734/734
f 734/734 733/733 735/735
f 734/734 735/735 736/736
f 736/736 735/735 737/737
f 736/736 737/737 738/738
f 738/738 737/737 739/739
f 738/738 739/739 740/740
f 740/740 739/739 741/741
f 740/740 741/741 742/742
f 742/742 741/741 743/743
f 742/742 743/743 640/640
f 640/640 743/743 641/641

o Rad_Räder_Vogel_150x30_PLFE_2-mesh_1
usemtl material_diff_wheel_1
v -9.35842914 16.02333028 10.04999978
v -11.13693162 16.33692883 10.04999970
v -11.13693140 13.88692998 7.59999942
v -12.91544075 16.02333012 10.04999963
v -12.33011052 13.61459964 7.59999937
v -14.47943130 15.12035974 10.04999956
v -13.28697103 12.85152949 7.59999932
v -15.64026078 13.73692921 10.04999951
v -13.81798066 11.74885976 7.59999930
v -16.25793172 12.03989912 10.04999948
v -16.25793164 10.23395944 10.04999948
v -13.81798060 10.52499901 7.59999930
v -15.64026056 8.53693131 10.04999951
v -13.28697088 9.42233409 7.59999932
v -14.47943095 7.15350040 10.04999956
v -12.33011031 8.65926879 7.59999937
v -12.91544032 6.25052920 10.04999963
v -11.13693116 8.38693379 7.59999942
v -11.13693116 5.93693160 10.04999970
v -11.13693116 8.38693379 7.59999942
v -11.13693116 5.93693160 10.04999970
v -9.35842871 6.25052936 10.04999978
v -9.94375491 8.65926890 7.59999947
v -7.79443673 7.15350069 10.04999985
v -8.98689535 9.42233428 7.59999951
v -6.63360105 8.53693170 10.04999990
v -8.45588286 10.52499925 7.59999954
v -6.01593202 10.23395989 10.04999993
v -6.01593210 12.03989956 10.04999993
v -8.45588292 11.74885999 7.59999954
v -6.63360127 13.73692960 10.04999990
v -8.98689550 12.85152968 7.59999951
v -7.79443708 15.12036003 10.04999985
v -9.94375512 13.61459975 7.59999947
v -12.33011026 8.65926879 6.54999965
v -12.33011031 8.65926879 7.59999937
v -11.13693112 8.38693379 6.54999970
v -11.13693116 8.38693379 7.59999942
v -11.13693112 8.38693379 6.54999970
v -11.13693116 8.38693379 7.59999942
v -9.94375486 8.65926890 6.54999976
v -9.94375491 8.65926890 7.59999947
v -8.98689535 9.42233428 7.59999951
v -13.28697084 9.42233409 6.54999961
v -13.28697088 9.42233409 7.59999932
v -13.81798056 10.52499901 6.54999959
v -13.81798060 10.52499901 7.59999930
v -13.81798061 11.74885976 6.54999959
v -13.81798066 11.74885976 7.59999930
v -13.28697099 12.85152949 6.54999961
v -13.28697103 12.85152949 7.59999932
v -12.33011048 13.61459964 6.54999965
v -12.33011052 13.61459964 7.59999937
v -11.13693136 13.88692998 6.54999970
v -11.13693140 13.88692998 7.59999942
v -9.94375508 13.61459975 6.54999976
v -9.94375512 13.61459975 7.59999947
v -8.98689546 12.85152968 6.54999980
v -8.98689550 12.85152968 7.59999951
v -8.45588287 11.74885999 6.54999982
v -8.45588292 11.74885999 7.59999954
v -8.45588282 10.52499925 6.54999982
v -8.45588286 10.52499925 7.59999954
v -8.98689531 9.42233428 6.54999980
v 1.77850363 20.63640030 10.05000027
v -0.00000136 20.95000076 10.05000019
v -0.00000114 18.50000000 7.59999990
v -1.77850631 20.63640015 10.05000011
v -1.19318109 18.22767062 7.59999985
v -3.34249722 19.73343072 10.05000004
v -2.15003815 17.46459952 7.59999981
v -4.50333338 18.35000018 10.04999999
v -2.68105302 16.36193073 7.59999979
v -5.12100098 16.65296914 10.04999997
v -5.12100090 14.84702946 10.04999997
v -2.68105296 15.13806999 7.59999979
v -4.50333315 13.14999942 10.04999999
v -2.15003800 14.03540030 7.59999981
v -3.34249687 11.76656995 10.05000004
v -1.19318088 13.27233977 7.59999985
v -1.77850588 10.86359970 10.05000011
v -0.00000090 13.00000000 7.59999990
v -0.00000090 10.55000019 10.05000019
v -0.00000090 13.00000000 7.59999990
v -0.00000090 10.55000019 10.05000019
v 1.77850405 10.86359985 10.05000027
v 1.19317905 13.27233987 7.59999996
v 3.34249496 11.76657024 10.05000034
v 2.15003610 14.03540048 7.60000000
v 4.50333112 13.14999982 10.05000039
v 2.68105098 15.13807022 7.60000002
v 5.12099872 14.84702991 10.05000041
v 5.12099865 16.65296958 10.05000041
v 2.68105092 16.36193096 7.60000002
v 4.50333090 18.35000058 10.05000039
v 2.15003595 17.46459970 7.60000000
v 3.34249462 19.73343101 10.05000034
v 1.19317884 18.22767072 7.59999996
v -1.19318083 13.27233977 6.55000014
v -1.19318088 13.27233977 7.59999985
v -0.00000085 13.00000000 6.55000019
v -0.00000090 13.00000000 7.59999990
v -0.00000085 13.00000000 6.55000019
v -0.00000090 13.00000000 7.59999990
v 1.19317910 13.27233987 6.55000024
v 1.19317905 13.27233987 7.59999996
v 2.15003610 14.03540048 7.60000000
v -2.15003795 14.03540030 6.55000010
v -2.15003800 14.03540030 7.59999981
v -2.68105292 15.13806999 6.55000007
v -2.68105296 15.13806999 7.59999979
v -2.68105297 16.36193073 6.55000007
v -2.68105302 16.36193073 7.59999979
v -2.15003810 17.46459952 6.55000010
v -2.15003815 17.46459952 7.59999981
v -1.19318105 18.22767062 6.55000014
v -1.19318109 18.22767062 7.59999985
v -0.00000109 18.50000000 6.55000019
v -0.00000114 18.50000000 7.59999990
v 1.19317888 18.22767072 6.55000024
v 1.19317884 18.22767072 7.59999996
v 2.15003600 17.46459970 6.55000028
v 2.15003595 17.46459970 7.60000000
v 2.68105097 16.36193096 6.55000031
v 2.68105092 16.36193096 7.60000002
v 2.68105102 15.13807022 6.55000031
v 2.68105098 15.13807022 7.60000002
v 2.15003615 14.03540048 6.55000028
v 12.91543847 16.02333125 10.05000076
v 11.13692931 16.33692981 10.05000068
v 11.13692953 13.88693095 7.60000039
v 9.35842686 16.02333110 10.05000060
v 9.94375327 13.61460062 7.60000034
v 7.79443488 15.12036072 10.05000053
v 8.98689371 12.85153047 7.60000030
v 6.63359920 13.73693018 10.05000048
v 8.45588123 11.74886073 7.60000027
v 6.01593016 12.03990009 10.05000045
v 6.01593024 10.23396041 10.05000045
v 8.45588128 10.52499999 7.60000027
v 6.63359942 8.53693228 10.05000048
v 8.98689386 9.42233506 7.60000030
v 7.79443523 7.15350137 10.05000053
v 9.94375349 8.65926977 7.60000034
v 9.35842729 6.25053018 10.05000060
v 11.13692977 8.38693477 7.60000039
v 11.13692977 5.93693257 10.05000068
v 11.13692977 8.38693477 7.60000039
v 11.13692977 5.93693257 10.05000068
v 12.91543889 6.25053033 10.05000076
v 12.33010889 8.65926987 7.60000044
v 14.47942945 7.15350167 10.05000082
v 13.28696939 9.42233525 7.60000049
v 15.64025893 8.53693268 10.05000087
v 13.81797902 10.52500022 7.60000051
v 16.25792987 10.23396086 10.05000090
v 16.25792979 12.03990054 10.05000090
v 13.81797897 11.74886096 7.60000051
v 15.64025870 13.73693058 10.05000087
v 13.28696924 12.85153066 7.60000049
v 14.47942910 15.12036101 10.05000082
v 12.33010867 13.61460072 7.60000044
v 9.94375353 8.65926977 6.55000063
v 9.94375349 8.65926977 7.60000034
v 11.13692981 8.38693477 6.55000068
v 11.13692977 8.38693477 7.60000039
v 11.13692981 8.38693477 6.55000068
v 11.13692977 8.38693477 7.60000039
v 12.33010893 8.65926987 6.55000073
v 12.33010889 8.65926987 7.60000044
v 13.28696939 9.42233525 7.60000049
v 8.98689391 9.42233506 6.55000058
v 8.98689386 9.42233506 7.60000030
v 8.45588133 10.52499999 6.55000056
v 8.45588128 10.52499999 7.60000027
v 8.45588127 11.74886073 6.55000056
v 8.45588123 11.74886073 7.60000027
v 8.98689376 12.85153047 6.55000058
v 8.98689371 12.85153047 7.60000030
v 9.94375331 13.61460062 6.55000063
v 9.94375327 13.61460062 7.60000034
v 11.13692957 13.88693095 6.55000068
v 11.13692953 13.88693095 7.60000039
v 12.33010871 13.61460072 6.55000073
v 12.33010867 13.61460072 7.60000044
v 13.28696929 12.85153066 6.55000077
v 13.28696924 12.85153066 7.60000049
v 13.81797901 11.74886096 6.55000079
v 13.81797897 11.74886096 7.60000051
v 13.81797907 10.52500022 6.55000079
v 13.81797902 10.52500022 7.60000051
v 13.28696944 9.42233525 6.55000077
v 12.91543944 -6.25052920 10.05000076
v 11.13693029 -5.93693160 10.05000068
v 11.13693050 -8.38693379 7.60000039
v 9.35842784 -6.25052936 10.05000060
v 9.94375424 -8.65926890 7.60000034
v 7.79443585 -7.15350069 10.05000053
v 8.98689469 -9.42233428 7.60000030
v 6.63360017 -8.53693170 10.05000048
v 8.45588220 -10.52499925 7.60000027
v 6.01593114 -10.23395989 10.05000045
v 6.01593122 -12.03989956 10.05000045
v 8.45588225 -11.74885999 7.60000027
v 6.63360040 -13.73692960 10.05000048
v 8.98689484 -12.85152968 7.60000030
v 7.79443620 -15.12036003 10.05000053
v 9.94375446 -13.61459975 7.60000034
v 9.35842826 -16.02333028 10.05000060
v 11.13693074 -13.88692998 7.60000039
v 11.13693074 -16.33692883 10.05000068
v 11.13693074 -13.88692998 7.60000039
v 11.13693074 -16.33692883 10.05000068
v 12.91543987 -16.02333012 10.05000076
v 12.33010986 -13.61459964 7.60000044
v 14.47943042 -15.12035974 10.05000082
v 13.28697037 -12.85152949 7.60000049
v 15.64025990 -13.73692921 10.05000087
v 13.81797999 -11.74885976 7.60000051
v 16.25793084 -12.03989912 10.05000090
v 16.25793076 -10.23395944 10.05000090
v 13.81797994 -10.52499901 7.60000051
v 15.64025968 -8.53693131 10.05000087
v 13.28697022 -9.42233409 7.60000049
v 14.47943007 -7.15350040 10.05000082
v 12.33010964 -8.65926879 7.60000044
v 9.94375450 -13.61459975 6.55000063
v 9.94375446 -13.61459975 7.60000034
v 11.13693079 -13.88692998 6.55000068
v 11.13693074 -13.88692998 7.60000039
v 11.13693079 -13.88692998 6.55000068
v 11.13693074 -13.88692998 7.60000039
v 12.33010991 -13.61459964 6.55000073
v 12.33010986 -13.61459964 7.60000044
v 13.28697037 -12.85152949 7.60000049
v 8.98689488 -12.85152968 6.55000058
v 8.98689484 -12.85152968 7.60000030
v 8.45588230 -11.74885999 6.55000056
v 8.45588225 -11.74885999 7.60000027
v 8.45588225 -10.52499925 6.55000056
v 8.45588220 -10.52499925 7.60000027
v 8.98689473 -9.42233428 6.55000058
v 8.98689469 -9.42233428 7.60000030
v 9.94375429 -8.65926890 6.55000063
v 9.94375424 -8.65926890 7.60000034
v 11.13693055 -8.38693379 6.55000068
v 11.13693050 -8.38693379 7.60000039
v 12.33010969 -8.65926879 6.55000073
v 12.33010964 -8.65926879 7.60000044
v 13.28697026 -9.42233409 6.55000077
v 13.28697022 -9.42233409 7.60000049
v 13.81797999 -10.52499901 6.55000079
v 13.81797994 -10.52499901 7.60000051
v 13.81798004 -11.74885976 6.55000079
v 13.81797999 -11.74885976 7.60000051
v 13.28697041 -12.85152949 6.55000077
v 1.77850500 -10.86359970 10.05000027
v 0.00000002 -10.55000019 10.05000019
v 0.00000024 -13.00000000 7.59999990
v -1.77850493 -10.86359985 10.05000011
v -1.19317972 -13.27233987 7.59999985
v -3.34249584 -11.76657024 10.05000004
v -2.15003677 -14.03540048 7.59999981
v -4.50333200 -13.14999982 10.04999999
v -2.68105164 -15.13807022 7.59999979
v -5.12099960 -14.84702991 10.04999997
v -5.12099952 -16.65296958 10.04999997
v -2.68105159 -16.36193096 7.59999979
v -4.50333178 -18.35000058 10.04999999
v -2.15003662 -17.46459970 7.59999981
v -3.34249549 -19.73343101 10.05000004
v -1.19317950 -18.22767072 7.59999985
v -1.77850450 -20.63640030 10.05000011
v 0.00000048 -18.50000000 7.59999990
v 0.00000048 -20.95000076 10.05000019
v 0.00000048 -18.50000000 7.59999990
v 0.00000048 -20.95000076 10.05000019
v 1.77850543 -20.63640015 10.05000027
v 1.19318043 -18.22767062 7.59999996
v 3.34249634 -19.73343072 10.05000034
v 2.15003748 -17.46459952 7.60000000
v 4.50333250 -18.35000018 10.05000039
v 2.68105235 -16.36193073 7.60000002
v 5.12100010 -16.65296914 10.05000041
v 5.12100002 -14.84702946 10.05000041
v 2.68105230 -15.13806999 7.60000002
v 4.50333227 -13.14999942 10.05000039
v 2.15003733 -14.03540030 7.60000000
v 3.34249599 -11.76656995 10.05000034
v 1.19318021 -13.27233977 7.59999996
v -1.19317945 -18.22767072 6.55000014
v -1.19317950 -18.22767072 7.59999985
v 0.00000052 -18.50000000 6.55000019
v 0.00000048 -18.50000000 7.59999990
v 0.00000052 -18.50000000 6.55000019
v 0.00000048 -18.50000000 7.59999990
v 1.19318048 -18.22767062 6.55000024
v 1.19318043 -18.22767062 7.59999996
v 2.15003748 -17.46459952 7.60000000
v -2.15003657 -17.46459970 6.55000010
v -2.15003662 -17.46459970 7.59999981
v -2.68105154 -16.36193096 6.55000007
v -2.68105159 -16.36193096 7.59999979
v -2.68105159 -15.13807022 6.55000007
v -2.68105164 -15.13807022 7.59999979
v -2.15003672 -14.03540048 6.55000010
v -2.15003677 -14.03540048 7.59999981
v -1.19317967 -13.27233987 6.55000014
v -1.19317972 -13.27233987 7.59999985
v 0.00000028 -13.00000000 6.55000019
v 0.00000024 -13.00000000 7.59999990
v 1.19318026 -13.27233977 6.55000024
v 1.19318021 -13.27233977 7.59999996
v 2.15003738 -14.03540030 6.55000028
v 2.15003733 -14.03540030 7.60000000
v 2.68105234 -15.13806999 6.55000031
v 2.68105230 -15.13806999 7.60000002
v 2.68105240 -16.36193073 6.55000031
v 2.68105235 -16.36193073 7.60000002
v 2.15003753 -17.46459952 6.55000028
v -9.35842817 -6.25053018 10.04999978
v -11.13693065 -5.93693257 10.04999970
v -11.13693043 -8.38693477 7.59999942
v -12.91543977 -6.25053033 10.04999963
v -12.33010955 -8.65926987 7.59999937
v -14.47943033 -7.15350167 10.04999956
v -13.28697006 -9.42233525 7.59999932
v -15.64025981 -8.53693268 10.04999951
v -13.81797968 -10.52500022 7.59999930
v -16.25793075 -10.23396086 10.04999948
v -16.25793067 -12.03990054 10.04999948
v -13.81797963 -11.74886096 7.59999930
v -15.64025958 -13.73693058 10.04999951
v -13.28696991 -12.85153066 7.59999932
v -14.47942998 -15.12036101 10.04999956
v -12.33010933 -13.61460072 7.59999937
v -12.91543934 -16.02333125 10.04999963
v -11.13693019 -13.88693095 7.59999942
v -11.13693019 -16.33692981 10.04999970
v -11.13693019 -13.88693095 7.59999942
v -11.13693019 -16.33692981 10.04999970
v -9.35842774 -16.02333110 10.04999978
v -9.94375393 -13.61460062 7.59999947
v -7.79443576 -15.12036072 10.04999985
v -8.98689438 -12.85153047 7.59999951
v -6.63360007 -13.73693018 10.04999990
v -8.45588189 -11.74886073 7.59999954
v -6.01593104 -12.03990009 10.04999993
v -6.01593112 -10.23396041 10.04999993
v -8.45588194 -10.52499999 7.59999954
v -6.63360030 -8.53693228 10.04999990
v -8.98689453 -9.42233506 7.59999951
v -7.79443610 -7.15350137 10.04999985
v -9.94375415 -8.65926977 7.59999947
v -12.33010929 -13.61460072 6.54999965
v -12.33010933 -13.61460072 7.59999937
v -11.13693014 -13.88693095 6.54999970
v -11.13693019 -13.88693095 7.59999942
v -11.13693014 -13.88693095 6.54999970
v -11.13693019 -13.88693095 7.59999942
v -9.94375389 -13.61460062 6.54999976
v -9.94375393 -13.61460062 7.59999947
v -8.98689438 -12.85153047 7.59999951
v -13.28696986 -12.85153066 6.54999961
v -13.28696991 -12.85153066 7.59999932
v -13.81797959 -11.74886096 6.54999959
v -13.81797963 -11.74886096 7.59999930
v -13.81797964 -10.52500022 6.54999959
v -13.81797968 -10.52500022 7.59999930
v -13.28697001 -9.42233525 6.54999961
v -13.28697006 -9.42233525 7.59999932
v -12.33010950 -8.65926987 6.54999965
v -12.33010955 -8.65926987 7.59999937
v -11.13693039 -8.38693477 6.54999970
v -11.13693043 -8.38693477 7.59999942
v -9.94375410 -8.65926977 6.54999976
v -9.94375415 -8.65926977 7.59999947
v -8.98689448 -9.42233506 6.54999980
v -8.98689453 -9.42233506 7.59999951
v -8.45588190 -10.52499999 6.54999982
v -8.45588194 -10.52499999 7.59999954
v -8.45588185 -11.74886073 6.54999982
v -8.45588189 -11.74886073 7.59999954
v -8.98689433 -12.85153047 6.54999980
v -13.97150105 4.88640152 10.04999958
v -15.75000067 5.19999912 10.04999950
v -15.75000045 2.74999931 7.59999922
v -17.52850979 4.88640136 10.04999942
v -16.94318052 2.47766325 7.59999916
v -19.09250130 3.98343027 10.04999936
v -17.90004008 1.71459620 7.59999912
v -20.25333078 2.59999902 10.04999931
v -18.43104971 0.61193219 7.59999910
v -20.87100077 0.90297012 10.04999928
v -20.87100069 -0.90297194 10.04999928
v -18.43104965 -0.61193380 7.59999910
v -20.25333056 -2.60000079 10.04999931
v -17.90003993 -1.71459777 7.59999912
v -19.09250095 -3.98343194 10.04999936
v -16.94318031 -2.47766473 7.59999916
v -17.52850937 -4.88640290 10.04999942
v -15.75000021 -2.75000069 7.59999922
v -15.75000021 -5.20000050 10.04999950
v -15.75000021 -2.75000069 7.59999922
v -15.75000021 -5.20000050 10.04999950
v -13.97150062 -4.88640274 10.04999958
v -14.55682014 -2.47766463 7.59999927
v -12.40750053 -3.98343164 10.04999965
v -13.59996058 -1.71459758 7.59999931
v -11.24667009 -2.60000040 10.04999970
v -13.06895000 -0.61193356 7.59999933
v -10.62900011 -0.90297149 10.04999973
v -10.62900019 0.90297056 10.04999973
v -13.06895006 0.61193242 7.59999933
v -11.24667032 2.59999941 10.04999970
v -13.59996073 1.71459639 7.59999931
v -12.40750088 3.98343056 10.04999965
v -14.55682036 2.47766336 7.59999927
v -16.94318026 -2.47766473 6.54999945
v -16.94318031 -2.47766473 7.59999916
v -15.75000017 -2.75000069 6.54999950
v -15.75000021 -2.75000069 7.59999922
v -15.75000017 -2.75000069 6.54999950
v -15.75000021 -2.75000069 7.59999922
v -14.55682009 -2.47766463 6.54999955
v -14.55682014 -2.47766463 7.59999927
v -13.59996058 -1.71459758 7.59999931
v -17.90003988 -1.71459777 6.54999941
v -17.90003993 -1.71459777 7.59999912
v -18.43104961 -0.61193380 6.54999939
v -18.43104965 -0.61193380 7.59999910
v -18.43104966 0.61193219 6.54999939
v -18.43104971 0.61193219 7.59999910
v -17.90004003 1.71459620 6.54999941
v -17.90004008 1.71459620 7.59999912
v -16.94318048 2.47766325 6.54999945
v -16.94318052 2.47766325 7.59999916
v -15.75000041 2.74999931 6.54999950
v -15.75000045 2.74999931 7.59999922
v -14.55682031 2.47766336 6.54999955
v -14.55682036 2.47766336 7.59999927
v -13.59996069 1.71459639 6.54999960
v -13.59996073 1.71459639 7.59999931
v -13.06895001 0.61193242 6.54999962
v -13.06895006 0.61193242 7.59999933
v -13.06894996 -0.61193356 6.54999962
v -13.06895000 -0.61193356 7.59999933
v -13.59996054 -1.71459758 6.54999960
vt 0.17324100 -0.13875400
vt 0.17324100 0.00000000
vt -0.17324100 0.00000000
vt 0.17324100 0.13875400
vt -0.17324100 0.17839800
vt 0.17324100 0.27750701
vt -0.17324100 0.35679501
vt 0.17324100 0.41626099
vt -0.17324100 0.53519303
vt 0.17324100 0.55501503
vt 0.17324100 0.69376802
vt -0.17324100 0.71359003
vt 0.17324100 0.83252198
vt -0.17324100 0.89198798
vt 0.17324100 0.97127599
vt -0.17324100 1.07038498
vt 0.17324100 1.11002898
vt -0.17324100 1.24878299
vt 0.17324100 1.24878299
vt -0.17324100 -1.24878299
vt 0.17324100 -1.24878299
vt 0.17324100 -1.11002898
vt -0.17324100 -1.07038498
vt 0.17324100 -0.97127599
vt -0.17324100 -0.89198798
vt 0.17324100 -0.83252198
vt -0.17324100 -0.71359003
vt 0.17324100 -0.69376802
vt 0.17324100 -0.55501503
vt -0.17324100 -0.53519303
vt 0.17324100 -0.41626099
vt -0.17324100 -0.35679501
vt 0.17324100 -0.27750701
vt -0.17324100 -0.17839800
vt 15.49298000 0.74051797
vt 15.59797955 0.74051797
vt 15.49298000 0.86393797
vt 15.59797955 0.86393797
vt 15.49298000 -0.86393797
vt 15.59797955 -0.86393797
vt 15.49298000 -0.74051797
vt 15.59797955 -0.74051797
vt 15.59797955 -0.61709899
vt 15.49298000 0.61709899
vt 15.59797955 0.61709899
vt 15.49298000 0.49367899
vt 15.59797955 0.49367899
vt 15.49298000 0.37025899
vt 15.59797955 0.37025899
vt 15.49298000 0.24683900
vt 15.59797955 0.24683900
vt 15.49298000 0.12342000
vt 15.59797955 0.12342000
vt 15.49298000 0.00000000
vt 15.59797955 0.00000000
vt 15.49298000 -0.12342000
vt 15.59797955 -0.12342000
vt 15.49298000 -0.24683900
vt 15.59797955 -0.24683900
vt 15.49298000 -0.37025899
vt 15.59797955 -0.37025899
vt 15.49298000 -0.49367899
vt 15.59797955 -0.49367899
vt 15.49298000 -0.61709899
vt 0.17324100 -0.13875400
vt 0.17324100 0.00000000
vt -0.17324100 0.00000000
vt 0.17324100 0.13875400
vt -0.17324100 0.17839800
vt 0.17324100 0.27750701
vt -0.17324100 0.35679501
vt 0.17324100 0.41626099
vt -0.17324100 0.53519303
vt 0.17324100 0.55501503
vt 0.17324100 0.69376802
vt -0.17324100 0.71359003
vt 0.17324100 0.83252198
vt -0.17324100 0.89198798
vt 0.17324100 0.97127599
vt -0.17324100 1.07038498
vt 0.17324100 1.11002898
vt -0.17324100 1.24878299
vt 0.17324100 1.24878299
vt -0.17324100 -1.24878299
vt 0.17324100 -1.24878299
vt 0.17324100 -1.11002898
vt -0.17324100 -1.07038498
vt 0.17324100 -0.97127599
vt -0.17324100 -0.89198798
vt 0.17324100 -0.83252198
vt -0.17324100 -0.71359003
vt 0.17324100 -0.69376802
vt 0.17324100 -0.55501503
vt -0.17324100 -0.53519303
vt 0.17324100 -0.41626099
vt -0.17324100 -0.35679501
vt 0.17324100 -0.27750701
vt -0.17324100 -0.17839800
vt 15.49298000 0.74051797
vt 15.59797955 0.74051797
vt 15.49298000 0.86393797
vt 15.59797955 0.86393797
vt 15.49298000 -0.86393797
vt 15.59797955 -0.86393797
vt 15.49298000 -0.74051797
vt 15.59797955 -0.74051797
vt 15.59797955 -0.61709899
vt 15.49298000 0.61709899
vt 15.59797955 0.61709899
vt 15.49298000 0.49367899
vt 15.59797955 0.49367899
vt 15.49298000 0.37025899
vt 15.59797955 0.37025899
vt 15.49298000 0.24683900
vt 15.59797955 0.24683900
vt 15.49298000 0.12342000
vt 15.59797955 0.12342000
vt 15.49298000 0.00000000
vt 15.59797955 0.00000000
vt 15.49298000 -0.12342000
vt 15.59797955 -0.12342000
vt 15.49298000 -0.24683900
vt 15.59797955 -0.24683900
vt 15.49298000 -0.37025899
vt 15.59797955 -0.37025899
vt 15.49298000 -0.49367899
vt 15.59797955 -0.49367899
vt 15.49298000 -0.61709899
vt 0.17324100 -0.13875400
vt 0.17324100 0.00000000
vt -0.17324100 0.00000000
vt 0.17324100 0.13875400
vt -0.17324100 0.17839800
vt 0.17324100 0.27750701
vt -0.17324100 0.35679501
vt 0.17324100 0.41626099
vt -0.17324100 0.53519303
vt 0.17324100 0.55501503
vt 0.17324100 0.69376802
vt -0.17324100 0.71359003
vt 0.17324100 0.83252198
vt -0.17324100 0.89198798
vt 0.17324100 0.97127599
vt -0.17324100 1.07038498
vt 0.17324100 1.11002898
vt -0.17324100 1.24878299
vt 0.17324100 1.24878299
vt -0.17324100 -1.24878299
vt 0.17324100 -1.24878299
vt 0.17324100 -1.11002898
vt -0.17324100 -1.07038498
vt 0.17324100 -0.97127599
vt -0.17324100 -0.89198798
vt 0.17324100 -0.83252198
vt -0.17324100 -0.71359003
vt 0.17324100 -0.69376802
vt 0.17324100 -0.55501503
vt -0.17324100 -0.53519303
vt 0.17324100 -0.41626099
vt -0.17324100 -0.35679501
vt 0.17324100 -0.27750701
vt -0.17324100 -0.17839800
vt 15.49298000 0.74051797
vt 15.59797955 0.74051797
vt 15.49298000 0.86393797
vt 15.59797955 0.86393797
vt 15.49298000 -0.86393797
vt 15.59797955 -0.86393797
vt 15.49298000 -0.74051797
vt 15.59797955 -0.74051797
vt 15.59797955 -0.61709899
vt 15.49298000 0.61709899
vt 15.59797955 0.61709899
vt 15.49298000 0.49367899
vt 15.59797955 0.49367899
vt 15.49298000 0.37025899
vt 15.59797955 0.37025899
vt 15.49298000 0.24683900
vt 15.59797955 0.24683900
vt 15.49298000 0.12342000
vt 15.59797955 0.12342000
vt 15.49298000 0.00000000
vt 15.59797955 0.00000000
vt 15.49298000 -0.12342000
vt 15.59797955 -0.12342000
vt 15.49298000 -0.24683900
vt 15.59797955 -0.24683900
vt 15.49298000 -0.37025899
vt 15.59797955 -0.37025899
vt 15.49298000 -0.49367899
vt 15.59797955 -0.49367899
vt 15.49298000 -0.61709899
vt 0.17324100 -0.13875400
vt 0.17324100 0.00000000
vt -0.17324100 0.00000000
vt 0.17324100 0.13875400
vt -0.17324100 0.17839800
vt 0.17324100 0.27750701
vt -0.17324100 0.35679501
vt 0.17324100 0.41626099
vt -0.17324100 0.53519303
vt 0.17324100 0.55501503
vt 0.17324100 0.69376802
vt -0.17324100 0.71359003
vt 0.17324100 0.83252198
vt -0.17324100 0.89198798
vt 0.17324100 0.97127599
vt -0.17324100 1.07038498
vt 0.17324100 1.11002898
vt -0.17324100 1.24878299
vt 0.17324100 1.24878299
vt -0.17324100 -1.24878299
vt 0.17324100 -1.24878299
vt 0.17324100 -1.11002898
vt -0.17324100 -1.07038498
vt 0.17324100 -0.97127599
vt -0.17324100 -0.89198798
vt 0.17324100 -0.83252198
vt -0.17324100 -0.71359003
vt 0.17324100 -0.69376802
vt 0.17324100 -0.55501503
vt -0.17324100 -0.53519303
vt 0.17324100 -0.41626099
vt -0.17324100 -0.35679501
vt 0.17324100 -0.27750701
vt -0.17324100 -0.17839800
vt 15.49298000 0.74051797
vt 15.59797955 0.74051797
vt 15.49298000 0.86393797
vt 15.59797955 0.86393797
vt 15.49298000 -0.86393797
vt 15.59797955 -0.86393797
vt 15.49298000 -0.74051797
vt 15.59797955 -0.74051797
vt 15.59797955 -0.61709899
vt 15.49298000 0.61709899
vt 15.59797955 0.61709899
vt 15.49298000 0.49367899
vt 15.59797955 0.49367899
vt 15.49298000 0.37025899
vt 15.59797955 0.37025899
vt 15.49298000 0.24683900
vt 15.59797955 0.24683900
vt 15.49298000 0.12342000
vt 15.59797955 0.12342000
vt 15.49298000 0.00000000
vt 15.59797955 0.00000000
vt 15.49298000 -0.12342000
vt 15.59797955 -0.12342000
vt 15.49298000 -0.24683900
vt 15.59797955 -0.24683900
vt 15.49298000 -0.37025899
vt 15.59797955 -0.37025899
vt 15.49298000 -0.49367899
vt 15.59797955 -0.49367899
vt 15.49298000 -0.61709899
vt 0.17324100 -0.13875400
vt 0.17324100 0.00000000
vt -0.17324100 0.00000000
vt 0.17324100 0.13875400
vt -0.17324100 0.17839800
vt 0.17324100 0.27750701
vt -0.17324100 0.35679501
vt 0.17324100 0.41626099
vt -0.17324100 0.53519303
vt 0.17324100 0.55501503
vt 0.17324100 0.69376802
vt -0.17324100 0.71359003
vt 0.17324100 0.83252198
vt -0.17324100 0.89198798
vt 0.17324100 0.97127599
vt -0.17324100 1.07038498
vt 0.17324100 1.11002898
vt -0.17324100 1.24878299
vt 0.17324100 1.24878299
vt -0.17324100 -1.24878299
vt 0.17324100 -1.24878299
vt 0.17324100 -1.11002898
vt -0.17324100 -1.07038498
vt 0.17324100 -0.97127599
vt -0.17324100 -0.89198798
vt 0.17324100 -0.83252198
vt -0.17324100 -0.71359003
vt 0.17324100 -0.69376802
vt 0.17324100 -0.55501503
vt -0.17324100 -0.53519303
vt 0.17324100 -0.41626099
vt -0.17324100 -0.35679501
vt 0.17324100 -0.27750701
vt -0.17324100 -0.17839800
vt 15.49298000 0.74051797
vt 15.59797955 0.74051797
vt 15.49298000 0.86393797
vt 15.59797955 0.86393797
vt 15.49298000 -0.86393797
vt 15.59797955 -0.86393797
vt 15.49298000 -0.74051797
vt 15.59797955 -0.74051797
vt 15.59797955 -0.61709899
vt 15.49298000 0.61709899
vt 15.59797955 0.61709899
vt 15.49298000 0.49367899
vt 15.59797955 0.49367899
vt 15.49298000 0.37025899
vt 15.59797955 0.37025899
vt 15.49298000 0.24683900
vt 15.59797955 0.24683900
vt 15.49298000 0.12342000
vt 15.59797955 0.12342000
vt 15.49298000 0.00000000
vt 15.59797955 0.00000000
vt 15.49298000 -0.12342000
vt 15.59797955 -0.12342000
vt 15.49298000 -0.24683900
vt 15.59797955 -0.24683900
vt 15.49298000 -0.37025899
vt 15.59797955 -0.37025899
vt 15.49298000 -0.49367899
vt 15.59797955 -0.49367899
vt 15.49298000 -0.61709899
vt 0.17324100 -0.13875400
vt 0.17324100 0.00000000
vt -0.17324100 0.00000000
vt 0.17324100 0.13875400
vt -0.17324100 0.17839800
vt 0.17324100 0.27750701
vt -0.17324100 0.35679501
vt 0.17324100 0.41626099
vt -0.17324100 0.53519303
vt 0.17324100 0.55501503
vt 0.17324100 0.69376802
vt -0.17324100 0.71359003
vt 0.17324100 0.83252198
vt -0.17324100 0.89198798
vt 0.17324100 0.97127599
vt -0.17324100 1.07038498
vt 0.17324100 1.11002898
vt -0.17324100 1.24878299
vt 0.17324100 1.24878299
vt -0.17324100 -1.24878299
vt 0.17324100 -1.24878299
vt 0.17324100 -1.11002898
vt -0.17324100 -1.07038498
vt 0.17324100 -0.97127599
vt -0.17324100 -0.89198798
vt 0.17324100 -0.83252198
vt -0.17324100 -0.71359003
vt 0.17324100 -0.69376802
vt 0.17324100 -0.55501503
vt -0.17324100 -0.53519303
vt 0.17324100 -0.41626099
vt -0.17324100 -0.35679501
vt 0.17324100 -0.27750701
vt -0.17324100 -0.17839800
vt 15.49298000 0.74051797
vt 15.59797955 0.74051797
vt 15.49298000 0.86393797
vt 15.59797955 0.86393797
vt 15.49298000 -0.86393797
vt 15.59797955 -0.86393797
vt 15.49298000 -0.74051797
vt 15.59797955 -0.74051797
vt 15.59797955 -0.61709899
vt 15.49298000 0.61709899
vt 15.59797955 0.61709899
vt 15.49298000 0.49367899
vt 15.59797955 0.49367899
vt 15.49298000 0.37025899
vt 15.59797955 0.37025899
vt 15.49298000 0.24683900
vt 15.59797955 0.24683900
vt 15.49298000 0.12342000
vt 15.59797955 0.12342000
vt 15.49298000 0.00000000
vt 15.59797955 0.00000000
vt 15.49298000 -0.12342000
vt 15.59797955 -0.12342000
vt 15.49298000 -0.24683900
vt 15.59797955 -0.24683900
vt 15.49298000 -0.37025899
vt 15.59797955 -0.37025899
vt 15.49298000 -0.49367899
vt 15.59797955 -0.49367899
vt 15.49298000 -0.61709899
vt 0.17324100 -0.13875400
vt 0.17324100 0.00000000
vt -0.17324100 0.00000000
vt 0.17324100 0.13875400
vt -0.17324100 0.17839800
vt 0.17324100 0.27750701
vt -0.17324100 0.35679501
vt 0.17324100 0.41626099
vt -0.17324100 0.53519303
vt 0.17324100 0.55501503
vt 0.17324100 0.69376802
vt -0.17324100 0.71359003
vt 0.17324100 0.83252198
vt -0.17324100 0.89198798
vt 0.17324100 0.97127599
vt -0.17324100 1.07038498
vt 0.17324100 1.11002898
vt -0.17324100 1.24878299
vt 0.17324100 1.24878299
vt -0.17324100 -1.24878299
vt 0.17324100 -1.24878299
vt 0.17324100 -1.11002898
vt -0.17324100 -1.07038498
vt 0.17324100 -0.97127599
vt -0.17324100 -0.89198798
vt 0.17324100 -0.83252198
vt -0.17324100 -0.71359003
vt 0.17324100 -0.69376802
vt 0.17324100 -0.55501503
vt -0.17324100 -0.53519303
vt 0.17324100 -0.41626099
vt -0.17324100 -0.35679501
vt 0.17324100 -0.27750701
vt -0.17324100 -0.17839800
vt 15.49298000 0.74051797
vt 15.59797955 0.74051797
vt 15.49298000 0.86393797
vt 15.59797955 0.86393797
vt 15.49298000 -0.86393797
vt 15.59797955 -0.86393797
vt 15.49298000 -0.74051797
vt 15.59797955 -0.74051797
vt 15.59797955 -0.61709899
vt 15.49298000 0.61709899
vt 15.59797955 0.61709899
vt 15.49298000 0.49367899
vt 15.59797955 0.49367899
vt 15.49298000 0.37025899
vt 15.59797955 0.37025899
vt 15.49298000 0.24683900
vt 15.59797955 0.24683900
vt 15.49298000 0.12342000
vt 15.59797955 0.12342000
vt 15.49298000 0.00000000
vt 15.59797955 0.00000000
vt 15.49298000 -0.12342000
vt 15.59797955 -0.12342000
vt 15.49298000 -0.24683900
vt 15.59797955 -0.24683900
vt 15.49298000 -0.37025899
vt 15.59797955 -0.37025899
vt 15.49298000 -0.49367899
vt 15.59797955 -0.49367899
vt 15.49298000 -0.61709899
f 744/744 745/745 746/746
f 746/746 745/745 747/747
f 746/746 747/747 748/748
f 748/748 747/747 749/749
f 748/748 749/749 750/750
f 750/750 749/749 751/751
f 750/750 751/751 752/752
f 752/752 751/751 753/753
f 752/752 753/753 754/754
f 752/752 754/754 755/755
f 755/755 754/754 756/756
f 755/755 756/756 757/757
f 757/757 756/756 758/758
f 757/757 758/758 759/759
f 759/759 758/758 760/760
f 759/759 760/760 761/761
f 761/761 760/760 762/762
f 763/763 764/764 765/765
f 763/763 765/765 766/766
f 766/766 765/765 767/767
f 766/766 767/767 768/768
f 768/768 767/767 769/769
f 768/768 769/769 770/770
f 770/770 769/769 771/771
f 770/770 771/771 772/772
f 770/770 772/772 773/773
f 773/773 772/772 774/774
f 773/773 774/774 775/775
f 775/775 774/774 776/776
f 775/775 776/776 777/777
f 777/777 776/776 744/744
f 777/777 744/744 746/746
f 778/778 779/779 780/780
f 780/780 779/779 781/781
f 782/782 783/783 784/784
f 784/784 783/783 785/785
f 784/784 785/785 786/786
f 778/778 787/787 779/779
f 779/779 787/787 788/788
f 788/788 787/787 789/789
f 788/788 789/789 790/790
f 790/790 789/789 791/791
f 790/790 791/791 792/792
f 792/792 791/791 793/793
f 792/792 793/793 794/794
f 794/794 793/793 795/795
f 794/794 795/795 796/796
f 796/796 795/795 797/797
f 796/796 797/797 798/798
f 798/798 797/797 799/799
f 798/798 799/799 800/800
f 800/800 799/799 801/801
f 800/800 801/801 802/802
f 802/802 801/801 803/803
f 802/802 803/803 804/804
f 804/804 803/803 805/805
f 804/804 805/805 806/806
f 806/806 805/805 807/807
f 806/806 807/807 786/786
f 786/786 807/807 784/784
f 808/808 809/809 810/810
f 810/810 809/809 811/811
f 810/810 811/811 812/812
f 812/812 811/811 813/813
f 812/812 813/813 814/814
f 814/814 813/813 815/815
f 814/814 815/815 816/816
f 816/816 815/815 817/817
f 816/816 817/817 818/818
f 816/816 818/818 819/819
f 819/819 818/818 820/820
f 819/819 820/820 821/821
f 821/821 820/820 822/822
f 821/821 822/822 823/823
f 823/823 822/822 824/824
f 823/823 824/824 825/825
f 825/825 824/824 826/826
f 827/827 828/828 829/829
f 827/827 829/829 830/830
f 830/830 829/829 831/831
f 830/830 831/831 832/832
f 832/832 831/831 833/833
f 832/832 833/833 834/834
f 834/834 833/833 835/835
f 834/834 835/835 836/836
f 834/834 836/836 837/837
f 837/837 836/836 838/838
f 837/837 838/838 839/839
f 839/839 838/838 840/840
f 839/839 840/840 841/841
f 841/841 840/840 808/808
f 841/841 808/808 810/810
f 842/842 843/843 844/844
f 844/844 843/843 845/845
f 846/846 847/847 848/848
f 848/848 847/847 849/849
f 848/848 849/849 850/850
f 842/842 851/851 843/843
f 843/843 851/851 852/852
f 852/852 851/851 853/853
f 852/852 853/853 854/854
f 854/854 853/853 855/855
f 854/854 855/855 856/856
f 856/856 855/855 857/857
f 856/856 857/857 858/858
f 858/858 857/857 859/859
f 858/858 859/859 860/860
f 860/860 859/859 861/861
f 860/860 861/861 862/862
f 862/862 861/861 863/863
f 862/862 863/863 864/864
f 864/864 863/863 865/865
f 864/864 865/865 866/866
f 866/866 865/865 867/867
f 866/866 867/867 868/868
f 868/868 867/867 869/869
f 868/868 869/869 870/870
f 870/870 869/869 871/871
f 870/870 871/871 850/850
f 850/850 871/871 848/848
f 872/872 873/873 874/874
f 874/874 873/873 875/875
f 874/874 875/875 876/876
f 876/876 875/875 877/877
f 876/876 877/877 878/878
f 878/878 877/877 879/879
f 878/878 879/879 880/880
f 880/880 879/879 881/881
f 880/880 881/881 882/882
f 880/880 882/882 883/883
f 883/883 882/882 884/884
f 883/883 884/884 885/885
f 885/885 884/884 886/886
f 885/885 886/886 887/887
f 887/887 886/886 888/888
f 887/887 888/888 889/889
f 889/889 888/888 890/890
f 891/891 892/892 893/893
f 891/891 893/893 894/894
f 894/894 893/893 895/895
f 894/894 895/895 896/896
f 896/896 895/895 897/897
f 896/896 897/897 898/898
f 898/898 897/897 899/899
f 898/898 899/899 900/900
f 898/898 900/900 901/901
f 901/901 900/900 902/902
f 901/901 902/902 903/903
f 903/903 902/902 904/904
f 903/903 904/904 905/905
f 905/905 904/904 872/872
f 905/905 872/872 874/874
f 906/906 907/907 908/908
f 908/908 907/907 909/909
f 910/910 911/911 912/912
f 912/912 911/911 913/913
f 912/912 913/913 914/914
f 906/906 915/915 907/907
f 907/907 915/915 916/916
f 916/916 915/915 917/917
f 916/916 917/917 918/918
f 918/918 917/917 919/919
f 918/918 919/919 920/920
f 920/920 919/919 921/921
f 920/920 921/921 922/922
f 922/922 921/921 923/923
f 922/922 923/923 924/924
f 924/924 923/923 925/925
f 924/924 925/925 926/926
f 926/926 925/925 927/927
f 926/926 927/927 928/928
f 928/928 927/927 929/929
f 928/928 929/929 930/930
f 930/930 929/929 931/931
f 930/930 931/931 932/932
f 932/932 931/931 933/933
f 932/932 933/933 934/934
f 934/934 933/933 935/935
f 934/934 935/935 914/914
f 914/914 935/935 912/912
f 936/936 937/937 938/938
f 938/938 937/937 939/939
f 938/938 939/939 940/940
f 940/940 939/939 941/941
f 940/940 941/941 942/942
f 942/942 941/941 943/943
f 942/942 943/943 944/944
f 944/944 943/943 945/945
f 944/944 945/945 946/946
f 944/944 946/946 947/947
f 947/947 946/946 948/948
f 947/947 948/948 949/949
f 949/949 948/948 950/950
f 949/949 950/950 951/951
f 951/951 950/950 952/952
f 951/951 952/952 953/953
f 953/953 952/952 954/954
f 955/955 956/956 957/957
f 955/955 957/957 958/958
f 958/958 957/957 959/959
f 958/958 959/959 960/960
f 960/960 959/959 961/961
f 960/960 961/961 962/962
f 962/962 961/961 963/963
f 962/962 963/963 964/964
f 962/962 964/964 965/965
f 965/965 964/964 966/966
f 965/965 966/966 967/967
f 967/967 966/966 968/968
f 967/967 968/968 969/969
f 969/969 968/968 936/936
f 969/969 936/936 938/938
f 970/970 971/971 972/972
f 972/972 971/971 973/973
f 974/974 975/975 976/976
f 976/976 975/975 977/977
f 976/976 977/977 978/978
f 970/970 979/979 971/971
f 971/971 979/979 980/980
f 980/980 979/979 981/981
f 980/980 981/981 982/982
f 982/982 981/981 983/983
f 982/982 983/983 984/984
f 984/984 983/983 985/985
f 984/984 985/985 986/986
f 986/986 985/985 987/987
f 986/986 987/987 988/988
f 988/988 987/987 989/989
f 988/988 989/989 990/990
f 990/990 989/989 991/991
f 990/990 991/991 992/992
f 992/992 991/991 993/993
f 992/992 993/993 994/994
f 994/994 993/993 995/995
f 994/994 995/995 996/996
f 996/996 995/995 997/997
f 996/996 997/997 998/998
f 998/998 997/997 999/999
f 998/998 999/999 978/978
f 978/978 999/999 976/976
f 1000/1000 1001/1001 1002/1002
f 1002/1002 1001/1001 1003/1003
f 1002/1002 1003/1003 1004/1004
f 1004/1004 1003/1003 1005/1005
f 1004/1004 1005/1005 1006/1006
f 1006/1006 1005/1005 1007/1007
f 1006/1006 1007/1007 1008/1008
f 1008/1008 1007/1007 1009/1009
f 1008/1008 1009/1009 1010/1010
f 1008/1008 1010/1010 1011/1011
f 1011/1011 1010/1010 1012/1012
f 1011/1011 1012/1012 1013/1013
f 1013/1013 1012/1012 1014/1014
f 1013/1013 1014/1014 1015/1015
f 1015/1015 1014/1014 1016/1016
f 1015/1015 1016/1016 1017/1017
f 1017/1017 1016/1016 1018/1018
f 1019/1019 1020/1020 1021/1021
f 1019/1019 1021/1021 1022/1022
f 1022/1022 1021/1021 1023/1023
f 1022/1022 1023/1023 1024/1024
f 1024/1024 1023/1023 1025/1025
f 1024/1024 1025/1025 1026/1026
f 1026/1026 1025/1025 1027/1027
f 1026/1026 1027/1027 1028/1028
f 1026/1026 1028/1028 1029/1029
f 1029/1029 1028/1028 1030/1030
f 1029/1029 1030/1030 1031/1031
f 1031/1031 1030/1030 1032/1032
f 1031/1031 1032/1032 1033/1033
f 1033/1033 1032/1032 1000/1000
f 1033/1033 1000/1000 1002/1002
f 1034/1034 1035/1035 1036/1036
f 1036/1036 1035/1035 1037/1037
f 1038/1038 1039/1039 1040/1040
f 1040/1040 1039/1039 1041/1041
f 1040/1040 1041/1041 1042/1042
f 1034/1034 1043/1043 1035/1035
f 1035/1035 1043/1043 1044/1044
f 1044/1044 1043/1043 1045/1045
f 1044/1044 1045/1045 1046/1046
f 1046/1046 1045/1045 1047/1047
f 1046/1046 1047/1047 1048/1048
f 1048/1048 1047/1047 1049/1049
f 1048/1048 1049/1049 1050/1050
f 1050/1050 1049/1049 1051/1051
f 1050/1050 1051/1051 1052/1052
f 1052/1052 1051/1051 1053/1053
f 1052/1052 1053/1053 1054/1054
f 1054/1054 1053/1053 1055/1055
f 1054/1054 1055/1055 1056/1056
f 1056/1056 1055/1055 1057/1057
f 1056/1056 1057/1057 1058/1058
f 1058/1058 1057/1057 1059/1059
f 1058/1058 1059/1059 1060/1060
f 1060/1060 1059/1059 1061/1061
f 1060/1060 1061/1061 1062/1062
f 1062/1062 1061/1061 1063/1063
f 1062/1062 1063/1063 1042/1042
f 1042/1042 1063/1063 1040/1040
f 1064/1064 1065/1065 1066/1066
f 1066/1066 1065/1065 1067/1067
f 1066/1066 1067/1067 1068/1068
f 1068/1068 1067/1067 1069/1069
f 1068/1068 1069/1069 1070/1070
f 1070/1070 1069/1069 1071/1071
f 1070/1070 1071/1071 1072/1072
f 1072/1072 1071/1071 1073/1073
f 1072/1072 1073/1073 1074/1074
f 1072/1072 1074/1074 1075/1075
f 1075/1075 1074/1074 1076/1076
f 1075/1075 1076/1076 1077/1077
f 1077/1077 1076/1076 1078/1078
f 1077/1077 1078/1078 1079/1079
f 1079/1079 1078/1078 1080/1080
f 1079/1079 1080/1080 1081/1081
f 1081/1081 1080/1080 1082/1082
f 1083/1083 1084/1084 1085/1085
f 1083/1083 1085/1085 1086/1086
f 1086/1086 1085/1085 1087/1087
f 1086/1086 1087/1087 1088/1088
f 1088/1088 1087/1087 1089/1089
f 1088/1088 1089/1089 1090/1090
f 1090/1090 1089/1089 1091/1091
f 1090/1090 1091/1091 1092/1092
f 1090/1090 1092/1092 1093/1093
f 1093/1093 1092/1092 1094/1094
f 1093/1093 1094/1094 1095/1095
f 1095/1095 1094/1094 1096/1096
f 1095/1095 1096/1096 1097/1097
f 1097/1097 1096/1096 1064/1064
f 1097/1097 1064/1064 1066/1066
f 1098/1098 1099/1099 1100/1100
f 1100/1100 1099/1099 1101/1101
f 1102/1102 1103/1103 1104/1104
f 1104/1104 1103/1103 1105/1105
f 1104/1104 1105/1105 1106/1106
f 1098/1098 1107/1107 1099/1099
f 1099/1099 1107/1107 1108/1108
f 1108/1108 1107/1107 1109/1109
f 1108/1108 1109/1109 1110/1110
f 1110/1110 1109/1109 1111/1111
f 1110/1110 1111/1111 1112/1112
f 1112/1112 1111/1111 1113/1113
f 1112/1112 1113/1113 1114/1114
f 1114/1114 1113/1113 1115/1115
f 1114/1114 1115/1115 1116/1116
f 1116/1116 1115/1115 1117/1117
f 1116/1116 1117/1117 1118/1118
f 1118/1118 1117/1117 1119/1119
f 1118/1118 1119/1119 1120/1120
f 1120/1120 1119/1119 1121/1121
f 1120/1120 1121/1121 1122/1122
f 1122/1122 1121/1121 1123/1123
f 1122/1122 1123/1123 1124/1124
f 1124/1124 1123/1123 1125/1125
f 1124/1124 1125/1125 1126/1126
f 1126/1126 1125/1125 1127/1127
f 1126/1126 1127/1127 1106/1106
f 1106/1106 1127/1127 1104/1104
f 1128/1128 1129/1129 1130/1130
f 1130/1130 1129/1129 1131/1131
f 1130/1130 1131/1131 1132/1132
f 1132/1132 1131/1131 1133/1133
f 1132/1132 1133/1133 1134/1134
f 1134/1134 1133/1133 1135/1135
f 1134/1134 1135/1135 1136/1136
f 1136/1136 1135/1135 1137/1137
f 1136/1136 1137/1137 1138/1138
f 1136/1136 1138/1138 1139/1139
f 1139/1139 1138/1138 1140/1140
f 1139/1139 1140/1140 1141/1141
f 1141/1141 1140/1140 1142/1142
f 1141/1141 1142/1142 1143/1143
f 1143/1143 1142/1142 1144/1144
f 1143/1143 1144/1144 1145/1145
f 1145/1145 1144/1144 1146/1146
f 1147/1147 1148/1148 1149/1149
f 1147/1147 1149/1149 1150/1150
f 1150/1150 1149/1149 1151/1151
f 1150/1150 1151/1151 1152/1152
f 1152/1152 1151/1151 1153/1153
f 1152/1152 1153/1153 1154/1154
f 1154/1154 1153/1153 1155/1155
f 1154/1154 1155/1155 1156/1156
f 1154/1154 1156/1156 1157/1157
f 1157/1157 1156/1156 1158/1158
f 1157/1157 1158/1158 1159/1159
f 1159/1159 1158/1158 1160/1160
f 1159/1159 1160/1160 1161/1161
f 1161/1161 1160/1160 1128/1128
f 1161/1161 1128/1128 1130/1130
f 1162/1162 1163/1163 1164/1164
f 1164/1164 1163/1163 1165/1165
f 1166/1166 1167/1167 1168/1168
f 1168/1168 1167/1167 1169/1169
f 1168/1168 1169/1169 1170/1170
f 1162/1162 1171/1171 1163/1163
f 1163/1163 1171/1171 1172/1172
f 1172/1172 1171/1171 1173/1173
f 1172/1172 1173/1173 1174/1174
f 1174/1174 1173/1173 1175/1175
f 1174/1174 1175/1175 1176/1176
f 1176/1176 1175/1175 1177/1177
f 1176/1176 1177/1177 1178/1178
f 1178/1178 1177/1177 1179/1179
f 1178/1178 1179/1179 1180/1180
f 1180/1180 1179/1179 1181/1181
f 1180/1180 1181/1181 1182/1182
f 1182/1182 1181/1181 1183/1183
f 1182/1182 1183/1183 1184/1184
f 1184/1184 1183/1183 1185/1185
f 1184/1184 1185/1185 1186/1186
f 1186/1186 1185/1185 1187/1187
f 1186/1186 1187/1187 1188/1188
f 1188/1188 1187/1187 1189/1189
f 1188/1188 1189/1189 1190/1190
f 1190/1190 1189/1189 1191/1191
f 1190/1190 1191/1191 1170/1170
f 1170/1170 1191/1191 1168/1168

o Rad_Räder_Vogel_150x30_PLFE_2-mesh_2
usemtl material_diff_wheel_2
v -46.69364077 -5.35759796 -14.95000185
v -54.68841080 -5.84614421 -14.95000220
v -46.99999935 -0.00000205 -14.95000186
v -54.99999935 -0.00000240 -14.95000221
v -54.68841131 5.84613942 -14.95000220
v -53.75718954 -11.62604281 -14.95000216
v -45.77855952 -10.64535246 -14.95000181
v -52.21686795 -17.27422180 -14.95000209
v -44.26668033 -15.79432204 -14.95000174
v -50.08490970 -22.72667150 -14.95000200
v -42.17772900 -20.73739236 -14.95000165
v -47.38546947 -27.92162149 -14.95000188
v -39.53890815 -25.41012174 -14.95000154
v -44.14913732 -32.80020335 -14.95000174
v -36.38464923 -29.75159232 -14.95000140
v -40.41257630 -37.30715356 -14.95000158
v -32.75605943 -33.70519018 -14.95000124
v -36.21811811 -41.39139334 -14.95000139
v -28.70044862 -37.21939975 -14.95000106
v -31.61330724 -45.00665040 -14.95000119
v -24.27067706 -40.24840270 -14.95000087
v -26.65029632 -48.11197016 -14.95000097
v -19.52450691 -42.75270166 -14.95000066
v -21.38532733 -50.67216204 -14.95000074
v -14.52379729 -44.69965045 -14.95000044
v -15.87805739 -52.65821145 -14.95000050
v -9.33374901 -46.06388133 -14.95000022
v -10.19087681 -54.04763076 -14.95000025
v -4.02202241 -46.82759112 -14.94999999
v -4.38823300 -54.82466145 -14.95000000
v 1.34213671 -46.98083109 -14.94999975
v 1.46413203 -54.98051065 -14.94999975
v 7.29990691 -54.51340834 -14.94999949
v 6.68879968 -46.52160997 -14.94999952
v 13.05297292 -53.42863789 -14.94999924
v 11.94826295 -45.45589776 -14.94999929
v 18.65814310 -51.73850932 -14.94999899
v 17.05196256 -43.79761049 -14.94999906
v 24.05190368 -49.46215715 -14.94999876
v 21.93337306 -41.56833934 -14.94999885
v 29.17315180 -46.62539927 -14.94999853
v 26.52883192 -38.79717902 -14.94999865
v 33.96385066 -43.26034016 -14.94999832
v 30.77845222 -35.52022799 -14.94999846
v 38.36973428 -39.40511917 -14.94999813
v 34.62683310 -31.78021852 -14.94999830
v 42.34087209 -35.10342985 -14.94999796
v 38.02380176 -27.62590814 -14.94999815
v 45.83227356 -30.40399733 -14.94999781
v 40.92506194 -23.11144841 -14.94999802
v 48.80436120 -25.36008812 -14.94999768
v 43.29280999 -18.29569818 -14.94999792
v 51.22349320 -20.02882734 -14.94999757
v 45.09616975 -13.24142831 -14.94999784
v 53.06223044 -14.47063786 -14.94999749
v 46.31163125 -8.01454056 -14.94999778
v 54.29975995 -8.74849177 -14.94999744
v 46.92335206 -2.68317184 -14.94999776
v 54.92205126 -2.92721771 -14.94999741
v 46.92335182 2.68317595 -14.94999776
v 54.92205100 2.92722251 -14.94999741
v 54.29975918 8.74849652 -14.94999744
v 46.31163055 8.01454460 -14.94999778
v 53.06222918 14.47064250 -14.94999749
v 45.09616859 13.24143225 -14.94999784
v 51.22349145 20.02883181 -14.94999757
v 43.29280839 18.29570197 -14.94999792
v 48.80435898 25.36009239 -14.94999768
v 40.92505992 23.11145198 -14.94999802
v 45.83227090 30.40400133 -14.94999781
v 38.02379934 27.62591147 -14.94999815
v 42.34086902 35.10343355 -14.94999796
v 34.62683032 31.78022155 -14.94999830
v 38.36973083 39.40512253 -14.94999813
v 30.77844911 35.52023068 -14.94999846
v 33.96384688 43.26034313 -14.94999832
v 26.52882853 38.79718134 -14.94999865
v 29.17314772 46.62540182 -14.94999853
v 21.93336943 41.56834126 -14.94999885
v 24.05189936 49.46215925 -14.94999876
v 17.05195873 43.79761198 -14.94999906
v 18.65813857 51.73851095 -14.94999899
v 11.94825897 45.45589881 -14.94999929
v 13.05296825 53.42863903 -14.94999924
v 6.68879562 46.52161055 -14.94999952
v 7.29990214 54.51340898 -14.94999949
v 1.34213260 46.98083120 -14.94999975
v 1.46412722 54.98051078 -14.94999975
v -4.38823779 54.82466106 -14.95000000
v -4.02202650 46.82759077 -14.94999999
v -10.19088153 54.04762986 -14.95000025
v -9.33375304 46.06388051 -14.95000022
v -15.87806199 52.65821006 -14.95000050
v -14.52380120 44.69964918 -14.95000044
v -21.38533176 50.67216017 -14.95000074
v -19.52451065 42.75269995 -14.95000066
v -26.65030052 48.11196783 -14.95000097
v -24.27068058 40.24840058 -14.95000087
v -31.61331117 45.00664764 -14.95000119
v -28.70045187 37.21939724 -14.95000106
v -36.21812173 41.39139017 -14.95000139
v -32.75606237 33.70518732 -14.95000124
v -40.41257956 37.30715003 -14.95000158
v -36.38465183 29.75158914 -14.95000140
v -44.14914018 32.80019949 -14.95000174
v -39.53891037 25.41011828 -14.95000154
v -47.38547191 27.92161734 -14.95000188
v -42.17773081 20.73738867 -14.95000165
v -50.08491169 22.72666712 -14.95000200
v -44.26668171 15.79431817 -14.95000174
v -52.21686946 17.27421723 -14.95000209
v -45.77856045 10.64534846 -14.95000181
v -53.75719056 11.62603811 -14.95000216
v -46.69364124 5.35759388 -14.95000185
v -46.69364161 -5.35759796 4.04999815
v -46.99999935 -0.00000205 -14.95000186
v -47.00000018 -0.00000205 4.04999814
v -46.69364124 5.35759388 -14.95000185
v -46.69364207 5.35759388 4.04999815
v -45.77856045 10.64534846 -14.95000181
v -45.77856128 10.64534846 4.04999819
v -44.26668171 15.79431817 -14.95000174
v -44.26668254 15.79431817 4.04999826
v -42.17773081 20.73738867 -14.95000165
v -42.17773164 20.73738867 4.04999835
v -39.53891037 25.41011828 -14.95000154
v -39.53891120 25.41011828 4.04999846
v -36.38465183 29.75158914 -14.95000140
v -36.38465266 29.75158914 4.04999860
v -32.75606237 33.70518732 -14.95000124
v -32.75606320 33.70518732 4.04999876
v -28.70045187 37.21939724 -14.95000106
v -28.70045270 37.21939724 4.04999894
v -24.27068058 40.24840058 -14.95000087
v -24.27068141 40.24840058 4.04999913
v -19.52451065 42.75269995 -14.95000066
v -19.52451148 42.75269995 4.04999934
v -14.52380120 44.69964918 -14.95000044
v -14.52380203 44.69964918 4.04999956
v -9.33375304 46.06388051 -14.95000022
v -9.33375387 46.06388051 4.04999978
v -4.02202650 46.82759077 -14.94999999
v -4.02202733 46.82759077 4.05000001
v 1.34213260 46.98083120 -14.94999975
v 1.34213177 46.98083120 4.05000025
v 6.68879562 46.52161055 -14.94999952
v 6.68879479 46.52161055 4.05000048
v 11.94825897 45.45589881 -14.94999929
v 11.94825814 45.45589881 4.05000071
v 17.05195873 43.79761198 -14.94999906
v 17.05195790 43.79761198 4.05000094
v 21.93336943 41.56834126 -14.94999885
v 21.93336860 41.56834126 4.05000115
v 26.52882853 38.79718134 -14.94999865
v 26.52882770 38.79718134 4.05000135
v 30.77844911 35.52023068 -14.94999846
v 30.77844828 35.52023068 4.05000154
v 34.62683032 31.78022155 -14.94999830
v 34.62682949 31.78022155 4.05000170
v 38.02379934 27.62591147 -14.94999815
v 38.02379851 27.62591147 4.05000185
v 40.92505992 23.11145198 -14.94999802
v 40.92505908 23.11145198 4.05000198
v 43.29280839 18.29570197 -14.94999792
v 43.29280756 18.29570197 4.05000208
v 45.09616859 13.24143225 -14.94999784
v 45.09616776 13.24143225 4.05000216
v 46.31163055 8.01454460 -14.94999778
v 46.31162972 8.01454460 4.05000222
v 46.92335182 2.68317595 -14.94999776
v 46.92335099 2.68317595 4.05000224
v 46.92335099 2.68317595 4.05000224
v 46.92335182 2.68317595 -14.94999776
v 46.92335206 -2.68317184 -14.94999776
v 46.92335123 -2.68317184 4.05000224
v 46.31163125 -8.01454056 -14.94999778
v 46.31163042 -8.01454056 4.05000222
v 45.09616975 -13.24142831 -14.94999784
v 45.09616892 -13.24142831 4.05000216
v 43.29280999 -18.29569818 -14.94999792
v 43.29280916 -18.29569818 4.05000208
v 40.92506194 -23.11144841 -14.94999802
v 40.92506111 -23.11144841 4.05000198
v 38.02380176 -27.62590814 -14.94999815
v 38.02380093 -27.62590814 4.05000185
v 34.62683310 -31.78021852 -14.94999830
v 34.62683227 -31.78021852 4.05000170
v 30.77845222 -35.52022799 -14.94999846
v 30.77845139 -35.52022799 4.05000154
v 26.52883192 -38.79717902 -14.94999865
v 26.52883109 -38.79717902 4.05000135
v 21.93337306 -41.56833934 -14.94999885
v 21.93337223 -41.56833934 4.05000115
v 17.05196256 -43.79761049 -14.94999906
v 17.05196173 -43.79761049 4.05000094
v 11.94826295 -45.45589776 -14.94999929
v 11.94826212 -45.45589776 4.05000071
v 6.68879968 -46.52160997 -14.94999952
v 6.68879885 -46.52160997 4.05000048
v 1.34213671 -46.98083109 -14.94999975
v 1.34213588 -46.98083109 4.05000025
v -4.02202241 -46.82759112 -14.94999999
v -4.02202324 -46.82759112 4.05000001
v -9.33374901 -46.06388133 -14.95000022
v -9.33374984 -46.06388133 4.04999978
v -14.52379729 -44.69965045 -14.95000044
v -14.52379812 -44.69965045 4.04999956
v -19.52450691 -42.75270166 -14.95000066
v -19.52450774 -42.75270166 4.04999934
v -24.27067706 -40.24840270 -14.95000087
v -24.27067789 -40.24840270 4.04999913
v -28.70044862 -37.21939975 -14.95000106
v -28.70044945 -37.21939975 4.04999894
v -32.75605943 -33.70519018 -14.95000124
v -32.75606026 -33.70519018 4.04999876
v -36.38464923 -29.75159232 -14.95000140
v -36.38465006 -29.75159232 4.04999860
v -39.53890815 -25.41012174 -14.95000154
v -39.53890898 -25.41012174 4.04999846
v -42.17772900 -20.73739236 -14.95000165
v -42.17772983 -20.73739236 4.04999835
v -44.26668033 -15.79432204 -14.95000174
v -44.26668116 -15.79432204 4.04999826
v -45.77855952 -10.64535246 -14.95000181
v -45.77856035 -10.64535246 4.04999819
v -46.69364077 -5.35759796 -14.95000185
v -20.18856051 -3.55978887 4.04999931
v -46.69364161 -5.35759796 4.04999815
v -20.50000018 -0.00000090 4.04999929
v -47.00000018 -0.00000205 4.04999814
v -46.69364207 5.35759388 4.04999815
v -45.77856035 -10.64535246 4.04999819
v -19.26370036 -7.01141394 4.04999935
v -44.26668116 -15.79432204 4.04999826
v -42.17772983 -20.73739236 4.04999835
v -17.75351879 -10.25000078 4.04999941
v -39.53890898 -25.41012174 4.04999846
v -15.70390948 -13.17715046 4.04999950
v -36.38465006 -29.75159232 4.04999860
v -32.75606026 -33.70519018 4.04999876
v -13.17714926 -15.70391045 4.04999961
v -28.70044945 -37.21939975 4.04999894
v -10.24999940 -17.75351951 4.04999974
v -24.27067789 -40.24840270 4.04999913
v -19.52450774 -42.75270166 4.04999934
v -7.01141243 -19.26370079 4.04999988
v -14.52379812 -44.69965045 4.04999956
v -3.55978728 -20.18856064 4.05000004
v -9.33374984 -46.06388133 4.04999978
v -4.02202324 -46.82759112 4.05000001
v 0.00000072 -20.50000000 4.05000019
v 1.34213588 -46.98083109 4.05000025
v 6.68879885 -46.52160997 4.05000048
v 3.55978869 -20.18856033 4.05000035
v 11.94826212 -45.45589776 4.05000071
v 7.01141376 -19.26370018 4.05000050
v 17.05196173 -43.79761049 4.05000094
v 21.93337223 -41.56833934 4.05000115
v 10.25000060 -17.75351861 4.05000064
v 26.52883109 -38.79717902 4.05000135
v 13.17715028 -15.70390930 4.05000077
v 30.77845139 -35.52022799 4.05000154
v 34.62683227 -31.78021852 4.05000170
v 15.70391027 -13.17714909 4.05000088
v 38.02380093 -27.62590814 4.05000185
v 17.75351933 -10.24999922 4.05000097
v 40.92506111 -23.11144841 4.05000198
v 43.29280916 -18.29569818 4.05000208
v 19.26370061 -7.01141226 4.05000103
v 45.09616892 -13.24142831 4.05000216
v 20.18856046 -3.55978711 4.05000107
v 46.31163042 -8.01454056 4.05000222
v 46.92335123 -2.68317184 4.05000224
v 20.49999982 0.00000090 4.05000109
v 46.92335099 2.68317595 4.05000224
v 20.18856015 3.55978887 4.05000107
v 46.31162972 8.01454460 4.05000222
v 45.09616776 13.24143225 4.05000216
v 19.26370000 7.01141394 4.05000103
v 43.29280756 18.29570197 4.05000208
v 17.75351843 10.25000078 4.05000097
v 40.92505908 23.11145198 4.05000198
v 38.02379851 27.62591147 4.05000185
v 15.70390912 13.17715046 4.05000088
v 34.62682949 31.78022155 4.05000170
v 13.17714891 15.70391045 4.05000077
v 30.77844828 35.52023068 4.05000154
v 26.52882770 38.79718134 4.05000135
v 10.24999905 17.75351951 4.05000064
v 21.93336860 41.56834126 4.05000115
v 7.01141208 19.26370079 4.05000050
v 17.05195790 43.79761198 4.05000094
v 11.94825814 45.45589881 4.05000071
v 3.55978693 20.18856064 4.05000035
v 6.68879479 46.52161055 4.05000048
v -0.00000107 20.50000000 4.05000019
v 1.34213177 46.98083120 4.05000025
v -4.02202733 46.82759077 4.05000001
v -3.55978905 20.18856033 4.05000004
v -9.33375387 46.06388051 4.04999978
v -14.52380203 44.69964918 4.04999956
v -7.01141412 19.26370018 4.04999988
v -19.52451148 42.75269995 4.04999934
v -10.25000095 17.75351861 4.04999974
v -24.27068141 40.24840058 4.04999913
v -28.70045270 37.21939724 4.04999894
v -13.17715064 15.70390930 4.04999961
v -32.75606320 33.70518732 4.04999876
v -15.70391063 13.17714909 4.04999950
v -36.38465266 29.75158914 4.04999860
v -39.53891120 25.41011828 4.04999846
v -17.75351968 10.24999922 4.04999941
v -42.17773164 20.73738867 4.04999835
v -19.26370097 7.01141226 4.04999935
v -44.26668254 15.79431817 4.04999826
v -45.77856128 10.64534846 4.04999819
v -20.18856082 3.55978711 4.04999931
v -19.69615941 -3.47296491 4.54999933
v -20.18856051 -3.55978887 4.04999931
v -20.00000020 -0.00000087 4.54999932
v -20.50000018 -0.00000090 4.04999929
v -19.69615971 3.47296319 4.54999933
v -20.18856082 3.55978711 4.04999931
v -18.79385044 6.84040226 4.54999937
v -19.26370097 7.01141226 4.04999935
v -17.32051150 9.99999924 4.54999943
v -17.75351968 10.24999922 4.04999941
v -15.32089119 12.85574941 4.54999952
v -15.70391063 13.17714909 4.04999950
v -12.85575095 15.32088986 4.54999963
v -13.17715064 15.70390930 4.04999961
v -10.00000096 17.32051043 4.54999975
v -10.25000095 17.75351861 4.04999974
v -6.84040410 18.79384965 4.54999989
v -7.01141412 19.26370018 4.04999988
v -3.47296511 19.69615921 4.55000004
v -3.55978905 20.18856033 4.05000004
v -0.00000107 20.00000000 4.55000019
v -0.00000107 20.50000000 4.05000019
v 3.47296299 19.69615951 4.55000034
v 3.55978693 20.18856064 4.05000035
v 6.84040206 18.79385024 4.55000049
v 7.01141208 19.26370079 4.05000050
v 9.99999904 17.32051130 4.55000063
v 10.24999905 17.75351951 4.05000064
v 12.85574922 15.32089099 4.55000075
v 13.17714891 15.70391045 4.05000077
v 15.32088967 12.85575075 4.55000086
v 15.70390912 13.17715046 4.05000088
v 17.32051023 10.00000076 4.55000095
v 17.75351843 10.25000078 4.05000097
v 18.79384945 6.84040390 4.55000101
v 19.26370000 7.01141394 4.05000103
v 19.69615901 3.47296491 4.55000105
v 20.18856015 3.55978887 4.05000107
v 19.99999980 0.00000087 4.55000106
v 20.49999982 0.00000090 4.05000109
v 19.99999980 0.00000087 4.55000106
v 20.49999982 0.00000090 4.05000109
v 19.69615932 -3.47296319 4.55000105
v 20.18856046 -3.55978711 4.05000107
v 18.79385005 -6.84040226 4.55000101
v 19.26370061 -7.01141226 4.05000103
v 17.32051110 -9.99999924 4.55000095
v 17.75351933 -10.24999922 4.05000097
v 15.32089079 -12.85574941 4.55000086
v 15.70391027 -13.17714909 4.05000088
v 12.85575055 -15.32088986 4.55000075
v 13.17715028 -15.70390930 4.05000077
v 10.00000056 -17.32051043 4.55000063
v 10.25000060 -17.75351861 4.05000064
v 6.84040370 -18.79384965 4.55000049
v 7.01141376 -19.26370018 4.05000050
v 3.47296471 -19.69615921 4.55000034
v 3.55978869 -20.18856033 4.05000035
v 0.00000068 -20.00000000 4.55000019
v 0.00000072 -20.50000000 4.05000019
v -3.47296339 -19.69615951 4.55000004
v -3.55978728 -20.18856064 4.05000004
v -6.84040246 -18.79385024 4.54999989
v -7.01141243 -19.26370079 4.04999988
v -9.99999944 -17.32051130 4.54999975
v -10.24999940 -17.75351951 4.04999974
v -12.85574961 -15.32089099 4.54999963
v -13.17714926 -15.70391045 4.04999961
v -15.32089006 -12.85575075 4.54999952
v -15.70390948 -13.17715046 4.04999950
v -17.32051063 -10.00000076 4.54999943
v -17.75351879 -10.25000078 4.04999941
v -18.79384984 -6.84040390 4.54999937
v -19.26370036 -7.01141394 4.04999935
v -19.69615950 -3.47296491 6.54999933
v -19.69615941 -3.47296491 4.54999933
v -20.00000029 -0.00000087 6.54999932
v -20.00000020 -0.00000087 4.54999932
v -19.69615980 3.47296319 6.54999933
v -19.69615971 3.47296319 4.54999933
v -18.79385053 6.84040226 6.54999937
v -18.79385044 6.84040226 4.54999937
v -17.32051159 9.99999924 6.54999943
v -17.32051150 9.99999924 4.54999943
v -15.32089127 12.85574941 6.54999952
v -15.32089119 12.85574941 4.54999952
v -12.85575104 15.32088986 6.54999963
v -12.85575095 15.32088986 4.54999963
v -10.00000104 17.32051043 6.54999975
v -10.00000096 17.32051043 4.54999975
v -6.84040419 18.79384965 6.54999989
v -6.84040410 18.79384965 4.54999989
v -3.47296520 19.69615921 6.55000004
v -3.47296511 19.69615921 4.55000004
v -0.00000116 20.00000000 6.55000019
v -0.00000107 20.00000000 4.55000019
v 3.47296290 19.69615951 6.55000034
v 3.47296299 19.69615951 4.55000034
v 6.84040197 18.79385024 6.55000049
v 6.84040206 18.79385024 4.55000049
v 9.99999896 17.32051130 6.55000063
v 9.99999904 17.32051130 4.55000063
v 12.85574913 15.32089099 6.55000075
v 12.85574922 15.32089099 4.55000075
v 15.32088958 12.85575075 6.55000086
v 15.32088967 12.85575075 4.55000086
v 17.32051014 10.00000076 6.55000095
v 17.32051023 10.00000076 4.55000095
v 18.79384936 6.84040390 6.55000101
v 18.79384945 6.84040390 4.55000101
v 19.69615892 3.47296491 6.55000105
v 19.69615901 3.47296491 4.55000105
v 19.99999971 0.00000087 6.55000106
v 19.99999980 0.00000087 4.55000106
v 19.99999971 0.00000087 6.55000106
v 19.99999980 0.00000087 4.55000106
v 19.69615923 -3.47296319 6.55000105
v 19.69615932 -3.47296319 4.55000105
v 18.79384996 -6.84040226 6.55000101
v 18.79385005 -6.84040226 4.55000101
v 17.32051102 -9.99999924 6.55000095
v 17.32051110 -9.99999924 4.55000095
v 15.32089070 -12.85574941 6.55000086
v 15.32089079 -12.85574941 4.55000086
v 12.85575047 -15.32088986 6.55000075
v 12.85575055 -15.32088986 4.55000075
v 10.00000047 -17.32051043 6.55000063
v 10.00000056 -17.32051043 4.55000063
v 6.84040362 -18.79384965 6.55000049
v 6.84040370 -18.79384965 4.55000049
v 3.47296462 -19.69615921 6.55000034
v 3.47296471 -19.69615921 4.55000034
v 0.00000059 -20.00000000 6.55000019
v 0.00000068 -20.00000000 4.55000019
v -3.47296347 -19.69615951 6.55000004
v -3.47296339 -19.69615951 4.55000004
v -6.84040254 -18.79385024 6.54999989
v -6.84040246 -18.79385024 4.54999989
v -9.99999953 -17.32051130 6.54999975
v -9.99999944 -17.32051130 4.54999975
v -12.85574970 -15.32089099 6.54999963
v -12.85574961 -15.32089099 4.54999963
v -15.32089015 -12.85575075 6.54999952
v -15.32089006 -12.85575075 4.54999952
v -17.32051071 -10.00000076 6.54999943
v -17.32051063 -10.00000076 4.54999943
v -18.79384993 -6.84040390 6.54999937
v -18.79384984 -6.84040390 4.54999937
v -9.94375486 8.65926890 6.54999976
v -6.83535527 4.15667075 6.54999989
v -11.13693112 8.38693379 6.54999970
v -13.59996069 1.71459639 6.54999960
v -14.55682031 2.47766336 6.54999955
v -5.46042544 5.84668756 6.54999995
v -8.98689531 9.42233428 6.54999980
v -3.68052065 7.10308202 6.55000003
v -8.45588282 10.52499925 6.54999982
v -1.19318083 13.27233977 6.55000014
v -2.15003795 14.03540030 6.55000010
v -8.45588287 11.74885999 6.54999982
v -2.68105292 15.13806999 6.55000007
v -8.98689546 12.85152968 6.54999980
v -6.84040419 18.79384965 6.54999989
v -10.00000104 17.32051043 6.54999975
v -9.94375508 13.61459975 6.54999976
v -11.13693136 13.88692998 6.54999970
v -12.85575104 15.32088986 6.54999963
v -12.33011048 13.61459964 6.54999965
v -13.28697099 12.85152949 6.54999961
v -15.32089127 12.85574941 6.54999952
v -13.81798061 11.74885976 6.54999959
v -17.32051159 9.99999924 6.54999943
v -13.81798056 10.52499901 6.54999959
v -13.28697084 9.42233409 6.54999961
v -18.79385053 6.84040226 6.54999937
v -12.33011026 8.65926879 6.54999965
v -15.75000041 2.74999931 6.54999950
v 1.19317910 13.27233987 6.55000024
v 0.54593839 7.98134997 6.55000021
v -0.00000085 13.00000000 6.55000019
v -1.62764862 7.83267300 6.55000012
v 2.67903648 7.53808701 6.55000031
v 2.15003615 14.03540048 6.55000028
v 8.45588133 10.52499999 6.55000056
v 8.45588127 11.74886073 6.55000056
v 2.68105102 15.13807022 6.55000031
v 8.98689376 12.85153047 6.55000058
v 6.84040197 18.79385024 6.55000049
v 9.99999896 17.32051130 6.55000063
v 2.68105097 16.36193096 6.55000031
v 2.15003600 17.46459970 6.55000028
v 3.47296290 19.69615951 6.55000034
v 1.19317888 18.22767072 6.55000024
v -0.00000116 20.00000000 6.55000019
v -0.00000109 18.50000000 6.55000019
v -1.19318105 18.22767062 6.55000014
v -3.47296520 19.69615921 6.55000004
v -2.15003810 17.46459952 6.55000010
v -2.68105297 16.36193073 6.55000007
v 12.33010893 8.65926987 6.55000073
v 7.92548766 1.08933340 6.55000054
v 11.13692981 8.38693477 6.55000068
v 7.33769040 3.18720921 6.55000051
v 9.94375353 8.65926977 6.55000063
v 6.20569035 5.04870442 6.55000046
v 8.98689391 9.42233506 6.55000058
v 4.61344233 6.53575917 6.55000039
v 13.28696944 9.42233525 6.55000077
v 18.79384936 6.84040390 6.55000101
v 19.69615892 3.47296491 6.55000105
v 19.99999971 0.00000087 6.55000106
v 7.92548776 -1.08933271 6.55000054
v 19.69615923 -3.47296319 6.55000105
v 12.33010969 -8.65926879 6.55000073
v 18.79384996 -6.84040226 6.55000101
v 13.28697026 -9.42233409 6.55000077
v 17.32051102 -9.99999924 6.55000095
v 13.81797999 -10.52499901 6.55000079
v 13.81798004 -11.74885976 6.55000079
v 15.32089070 -12.85574941 6.55000086
v 13.28697041 -12.85152949 6.55000077
v 12.85575047 -15.32088986 6.55000075
v 12.33010991 -13.61459964 6.55000073
v 11.13693079 -13.88692998 6.55000068
v 10.00000047 -17.32051043 6.55000063
v 9.94375450 -13.61459975 6.55000063
v 8.98689488 -12.85152968 6.55000058
v 6.84040362 -18.79384965 6.55000049
v 2.68105234 -15.13806999 6.55000031
v 2.68105240 -16.36193073 6.55000031
v 2.15003753 -17.46459952 6.55000028
v 3.47296462 -19.69615921 6.55000034
v 1.19318048 -18.22767062 6.55000024
v 0.00000059 -20.00000000 6.55000019
v 0.00000052 -18.50000000 6.55000019
v -1.19317945 -18.22767072 6.55000014
v -3.47296347 -19.69615951 6.55000004
v -2.15003657 -17.46459970 6.55000010
v -6.84040254 -18.79385024 6.54999989
v -2.68105154 -16.36193096 6.55000007
v -2.68105159 -15.13807022 6.55000007
v -8.98689433 -12.85153047 6.54999980
v -8.45588185 -11.74886073 6.54999982
v 17.32051014 10.00000076 6.55000095
v 13.81797907 10.52500022 6.55000079
v 13.81797901 11.74886096 6.55000079
v 15.32088958 12.85575075 6.55000086
v 13.28696929 12.85153066 6.55000077
v 12.85574913 15.32089099 6.55000075
v 12.33010871 13.61460072 6.55000073
v 11.13692957 13.88693095 6.55000068
v 9.94375331 13.61460062 6.55000063
v 11.13693055 -8.38693379 6.55000068
v 7.33769068 -3.18720857 6.55000051
v 9.94375429 -8.65926890 6.55000063
v 6.20569080 -5.04870388 6.55000046
v 8.98689473 -9.42233428 6.55000058
v 4.61344290 -6.53575877 6.55000039
v 8.45588225 -10.52499925 6.55000056
v 2.67903714 -7.53808677 6.55000031
v 2.15003738 -14.03540030 6.55000028
v 1.19318026 -13.27233977 6.55000024
v 8.45588230 -11.74885999 6.55000056
v 0.54593909 -7.98134992 6.55000021
v 0.00000028 -13.00000000 6.55000019
v -1.62764794 -7.83267314 6.55000012
v -1.19317967 -13.27233987 6.55000014
v -3.68052003 -7.10308234 6.55000003
v -8.45588190 -10.52499999 6.54999982
v -8.98689448 -9.42233506 6.54999980
v -2.15003672 -14.03540048 6.55000010
v -9.94375389 -13.61460062 6.54999976
v -9.99999953 -17.32051130 6.54999975
v -11.13693014 -13.88693095 6.54999970
v -12.85574970 -15.32089099 6.54999963
v -12.33010929 -13.61460072 6.54999965
v -13.28696986 -12.85153066 6.54999961
v -15.32089015 -12.85575075 6.54999952
v -13.81797959 -11.74886096 6.54999959
v -17.32051071 -10.00000076 6.54999943
v -13.81797964 -10.52500022 6.54999959
v -13.28697001 -9.42233525 6.54999961
v -18.79384993 -6.84040390 6.54999937
v -12.33010950 -8.65926987 6.54999965
v -15.75000017 -2.75000069 6.54999950
v -14.55682009 -2.47766463 6.54999955
v -5.46042493 -5.84668803 6.54999995
v -9.94375410 -8.65926977 6.54999976
v -6.83535491 -4.15667135 6.54999989
v -11.13693039 -8.38693477 6.54999970
v -13.59996054 -1.71459758 6.54999960
v -7.70333834 -2.15837441 6.54999985
v -13.06894996 -0.61193356 6.54999962
v -8.00000029 -0.00000035 6.54999984
v -13.06895001 0.61193242 6.54999962
v -7.70333853 2.15837373 6.54999985
v -16.94318048 2.47766325 6.54999945
v -19.69615980 3.47296319 6.54999933
v -17.90004003 1.71459620 6.54999941
v -18.43104966 0.61193219 6.54999939
v -20.00000029 -0.00000087 6.54999932
v -18.43104961 -0.61193380 6.54999939
v -19.69615950 -3.47296491 6.54999933
v -17.90003988 -1.71459777 6.54999941
v -16.94318026 -2.47766473 6.54999945
v -7.70333849 -2.15837441 10.04999985
v -8.00000029 -0.00000035 6.54999984
v -8.00000044 -0.00000035 10.04999984
v -7.70333853 2.15837373 6.54999985
v -7.70333868 2.15837373 10.04999985
v -6.83535527 4.15667075 6.54999989
v -6.83535543 4.15667075 10.04999989
v -5.46042544 5.84668756 6.54999995
v -5.46042559 5.84668756 10.04999995
v -3.68052065 7.10308202 6.55000003
v -3.68052081 7.10308202 10.05000003
v -1.62764862 7.83267300 6.55000012
v -1.62764878 7.83267300 10.05000012
v 0.54593839 7.98134997 6.55000021
v 0.54593824 7.98134997 10.05000021
v 2.67903648 7.53808701 6.55000031
v 2.67903633 7.53808701 10.05000031
v 4.61344233 6.53575917 6.55000039
v 4.61344217 6.53575917 10.05000039
v 6.20569035 5.04870442 6.55000046
v 6.20569020 5.04870442 10.05000046
v 7.33769040 3.18720921 6.55000051
v 7.33769025 3.18720921 10.05000051
v 7.92548766 1.08933340 6.55000054
v 7.92548751 1.08933340 10.05000054
v 7.92548751 1.08933340 10.05000054
v 7.92548766 1.08933340 6.55000054
v 7.92548776 -1.08933271 6.55000054
v 7.92548760 -1.08933271 10.05000054
v 7.33769068 -3.18720857 6.55000051
v 7.33769053 -3.18720857 10.05000051
v 6.20569080 -5.04870388 6.55000046
v 6.20569064 -5.04870388 10.05000046
v 4.61344290 -6.53575877 6.55000039
v 4.61344274 -6.53575877 10.05000039
v 2.67903714 -7.53808677 6.55000031
v 2.67903698 -7.53808677 10.05000031
v 0.54593909 -7.98134992 6.55000021
v 0.54593894 -7.98134992 10.05000021
v -1.62764794 -7.83267314 6.55000012
v -1.62764809 -7.83267314 10.05000012
v -3.68052003 -7.10308234 6.55000003
v -3.68052019 -7.10308234 10.05000003
v -5.46042493 -5.84668803 6.54999995
v -5.46042508 -5.84668803 10.04999995
v -6.83535491 -4.15667135 6.54999989
v -6.83535506 -4.15667135 10.04999989
v -7.70333834 -2.15837441 6.54999985
v -9.35842914 16.02333028 10.04999978
v -4.50333338 18.35000018 10.04999999
v -11.13693162 16.33692883 10.04999970
v -3.34249722 19.73343072 10.05000004
v -19.52451174 42.75269995 10.04999934
v -14.52380229 44.69964918 10.04999956
v -1.77850631 20.63640015 10.05000011
v -9.33375413 46.06388051 10.04999978
v -4.02202759 46.82759077 10.05000001
v -0.00000136 20.95000076 10.05000019
v 1.34213151 46.98083120 10.05000025
v 6.68879452 46.52161055 10.05000048
v 1.77850363 20.63640030 10.05000027
v 11.94825788 45.45589881 10.05000071
v 3.34249462 19.73343101 10.05000034
v 17.05195764 43.79761198 10.05000094
v 11.13692931 16.33692981 10.05000068
v 21.93336833 41.56834126 10.05000115
v 12.91543847 16.02333125 10.05000076
v 26.52882744 38.79718134 10.05000135
v 14.47942910 15.12036101 10.05000082
v 30.77844802 35.52023068 10.05000154
v 34.62682923 31.78022155 10.05000170
v 15.64025870 13.73693058 10.05000087
v 38.02379825 27.62591147 10.05000185
v 40.92505882 23.11145198 10.05000198
v 16.25792979 12.03990054 10.05000090
v 43.29280729 18.29570197 10.05000208
v 16.25792987 10.23396086 10.05000090
v 45.09616750 13.24143225 10.05000216
v 46.31162946 8.01454460 10.05000222
v 15.64025893 8.53693268 10.05000087
v 46.92335073 2.68317595 10.05000224
v 15.64025968 -8.53693131 10.05000087
v 46.92335097 -2.68317184 10.05000224
v 46.31163016 -8.01454056 10.05000222
v 16.25793076 -10.23395944 10.05000090
v 45.09616866 -13.24142831 10.05000216
v 43.29280889 -18.29569818 10.05000208
v 16.25793084 -12.03989912 10.05000090
v 40.92506084 -23.11144841 10.05000198
v 15.64025990 -13.73692921 10.05000087
v 38.02380066 -27.62590814 10.05000185
v 34.62683200 -31.78021852 10.05000170
v 14.47943042 -15.12035974 10.05000082
v 30.77845113 -35.52022799 10.05000154
v 26.52883083 -38.79717902 10.05000135
v 12.91543987 -16.02333012 10.05000076
v 21.93337197 -41.56833934 10.05000115
v 11.13693074 -16.33692883 10.05000068
v 17.05196147 -43.79761049 10.05000094
v 3.34249634 -19.73343072 10.05000034
v 11.94826185 -45.45589776 10.05000071
v 1.77850543 -20.63640015 10.05000027
v 6.68879859 -46.52160997 10.05000048
v 0.00000048 -20.95000076 10.05000019
v 1.34213561 -46.98083109 10.05000025
v -4.02202350 -46.82759112 10.05000001
v -1.77850450 -20.63640030 10.05000011
v -9.33375010 -46.06388133 10.04999978
v -14.52379838 -44.69965045 10.04999956
v -3.34249549 -19.73343101 10.05000004
v -19.52450800 -42.75270166 10.04999934
v -11.13693019 -16.33692981 10.04999970
v -12.91543934 -16.02333125 10.04999963
v -5.12100098 16.65296914 10.04999997
v -7.79443708 15.12036003 10.04999985
v -5.12100090 14.84702946 10.04999997
v -6.63360127 13.73692960 10.04999990
v -4.50333315 13.14999942 10.04999999
v -6.01593210 12.03989956 10.04999993
v -3.34249687 11.76656995 10.05000004
v -6.01593202 10.23395989 10.04999993
v -3.68052081 7.10308202 10.05000003
v -6.63360105 8.53693170 10.04999990
v -5.46042559 5.84668756 10.04999995
v -7.79443673 7.15350069 10.04999985
v -6.83535543 4.15667075 10.04999989
v -9.35842871 6.25052936 10.04999978
v -7.70333868 2.15837373 10.04999985
v -11.24667032 2.59999941 10.04999970
v -10.62900019 0.90297056 10.04999973
v -11.13693116 5.93693160 10.04999970
v -12.40750088 3.98343056 10.04999965
v -12.91544032 6.25052920 10.04999963
v -13.97150105 4.88640152 10.04999958
v -14.47943095 7.15350040 10.04999956
v -15.75000067 5.19999912 10.04999950
v -15.64026056 8.53693131 10.04999951
v -17.52850979 4.88640136 10.04999942
v -16.25793164 10.23395944 10.04999948
v -19.09250130 3.98343027 10.04999936
v -16.25793172 12.03989912 10.04999948
v -44.26668280 15.79431817 10.04999826
v -42.17773191 20.73738867 10.04999835
v -39.53891146 25.41011828 10.04999846
v -15.64026078 13.73692921 10.04999951
v -36.38465292 29.75158914 10.04999860
v -14.47943130 15.12035974 10.04999956
v -32.75606347 33.70518732 10.04999876
v -28.70045296 37.21939724 10.04999894
v -12.91544075 16.02333012 10.04999963
v -24.27068167 40.24840058 10.04999913
v 4.50333090 18.35000058 10.05000039
v 9.35842686 16.02333110 10.05000060
v 5.12099865 16.65296958 10.05000041
v 7.79443488 15.12036072 10.05000053
v 5.12099872 14.84702991 10.05000041
v 6.63359920 13.73693018 10.05000048
v 4.50333112 13.14999982 10.05000039
v 6.01593016 12.03990009 10.05000045
v 3.34249496 11.76657024 10.05000034
v 6.01593024 10.23396041 10.05000045
v 2.67903633 7.53808701 10.05000031
v 6.63359942 8.53693228 10.05000048
v 4.61344217 6.53575917 10.05000039
v 7.79443523 7.15350137 10.05000053
v 6.20569020 5.04870442 10.05000046
v 9.35842729 6.25053018 10.05000060
v 7.33769025 3.18720921 10.05000051
v 11.13692977 5.93693257 10.05000068
v 7.92548751 1.08933340 10.05000054
v 12.91543889 6.25053033 10.05000076
v 7.92548760 -1.08933271 10.05000054
v 12.91543944 -6.25052920 10.05000076
v 11.13693029 -5.93693160 10.05000068
v 7.33769053 -3.18720857 10.05000051
v 9.35842784 -6.25052936 10.05000060
v 6.20569064 -5.04870388 10.05000046
v 7.79443585 -7.15350069 10.05000053
v 4.61344274 -6.53575877 10.05000039
v 6.63360017 -8.53693170 10.05000048
v 2.67903698 -7.53808677 10.05000031
v 6.01593114 -10.23395989 10.05000045
v 3.34249599 -11.76656995 10.05000034
v 6.01593122 -12.03989956 10.05000045
v 4.50333227 -13.14999942 10.05000039
v 6.63360040 -13.73692960 10.05000048
v 5.12100002 -14.84702946 10.05000041
v 7.79443620 -15.12036003 10.05000053
v 5.12100010 -16.65296914 10.05000041
v 9.35842826 -16.02333028 10.05000060
v 4.50333250 -18.35000018 10.05000039
v 1.77850405 10.86359985 10.05000027
v 0.54593824 7.98134997 10.05000021
v -0.00000090 10.55000019 10.05000019
v -1.62764878 7.83267300 10.05000012
v -1.77850588 10.86359970 10.05000011
v 14.47943007 -7.15350040 10.05000082
v 14.47942945 7.15350167 10.05000082
v 1.77850500 -10.86359970 10.05000027
v 0.54593894 -7.98134992 10.05000021
v 0.00000002 -10.55000019 10.05000019
v -1.62764809 -7.83267314 10.05000012
v -1.77850493 -10.86359985 10.05000011
v -3.68052019 -7.10308234 10.05000003
v -3.34249584 -11.76657024 10.05000004
v -6.01593112 -10.23396041 10.04999993
v -6.01593104 -12.03990009 10.04999993
v -4.50333178 -18.35000058 10.04999999
v -9.35842774 -16.02333110 10.04999978
v -5.12099952 -16.65296958 10.04999997
v -7.79443576 -15.12036072 10.04999985
v -5.12099960 -14.84702991 10.04999997
v -6.63360007 -13.73693018 10.04999990
v -4.50333200 -13.14999982 10.04999999
v -9.35842817 -6.25053018 10.04999978
v -11.24667009 -2.60000040 10.04999970
v -11.13693065 -5.93693257 10.04999970
v -12.40750053 -3.98343164 10.04999965
v -12.91543977 -6.25053033 10.04999963
v -13.97150062 -4.88640274 10.04999958
v -14.47943033 -7.15350167 10.04999956
v -15.75000021 -5.20000050 10.04999950
v -15.64025981 -8.53693268 10.04999951
v -17.52850937 -4.88640290 10.04999942
v -16.25793075 -10.23396086 10.04999948
v -19.09250095 -3.98343194 10.04999936
v -16.25793067 -12.03990054 10.04999948
v -44.26668142 -15.79432204 10.04999826
v -42.17773009 -20.73739236 10.04999835
v -7.79443610 -7.15350137 10.04999985
v -6.83535506 -4.15667135 10.04999989
v -7.70333849 -2.15837441 10.04999985
v -10.62900011 -0.90297149 10.04999973
v -8.00000044 -0.00000035 10.04999984
v -5.46042508 -5.84668803 10.04999995
v -6.63360030 -8.53693228 10.04999990
v -14.47942998 -15.12036101 10.04999956
v -28.70044971 -37.21939975 10.04999894
v -24.27067815 -40.24840270 10.04999913
v -15.64025958 -13.73693058 10.04999951
v -36.38465032 -29.75159232 10.04999860
v -32.75606052 -33.70519018 10.04999876
v -39.53890924 -25.41012174 10.04999846
v -20.25333056 -2.60000079 10.04999931
v -45.77856061 -10.64535246 10.04999819
v -20.87100069 -0.90297194 10.04999928
v -46.69364187 -5.35759796 10.04999815
v -47.00000044 -0.00000205 10.04999814
v -20.87100077 0.90297012 10.04999928
v -46.69364234 5.35759388 10.04999815
v -45.77856154 10.64534846 10.04999819
v -20.25333078 2.59999902 10.04999931
v -46.69364209 -5.35759796 15.04999815
v -47.00000044 -0.00000205 10.04999814
v -47.00000066 -0.00000205 15.04999814
v -46.69364234 5.35759388 10.04999815
v -46.69364255 5.35759388 15.04999815
v -45.77856154 10.64534846 10.04999819
v -45.77856176 10.64534846 15.04999819
v -44.26668280 15.79431817 10.04999826
v -44.26668302 15.79431817 15.04999826
v -42.17773191 20.73738867 10.04999835
v -42.17773212 20.73738867 15.04999835
v -39.53891146 25.41011828 10.04999846
v -39.53891168 25.41011828 15.04999846
v -36.38465292 29.75158914 10.04999860
v -36.38465314 29.75158914 15.04999860
v -32.75606347 33.70518732 10.04999876
v -32.75606369 33.70518732 15.04999876
v -28.70045296 37.21939724 10.04999894
v -28.70045318 37.21939724 15.04999894
v -24.27068167 40.24840058 10.04999913
v -24.27068189 40.24840058 15.04999913
v -19.52451174 42.75269995 10.04999934
v -19.52451196 42.75269995 15.04999934
v -14.52380229 44.69964918 10.04999956
v -14.52380251 44.69964918 15.04999956
v -9.33375413 46.06388051 10.04999978
v -9.33375435 46.06388051 15.04999978
v -4.02202759 46.82759077 10.05000001
v -4.02202781 46.82759077 15.05000001
v 1.34213151 46.98083120 10.05000025
v 1.34213129 46.98083120 15.05000025
v 6.68879452 46.52161055 10.05000048
v 6.68879431 46.52161055 15.05000048
v 11.94825788 45.45589881 10.05000071
v 11.94825766 45.45589881 15.05000071
v 17.05195764 43.79761198 10.05000094
v 17.05195742 43.79761198 15.05000094
v 21.93336833 41.56834126 10.05000115
v 21.93336812 41.56834126 15.05000115
v 26.52882744 38.79718134 10.05000135
v 26.52882722 38.79718134 15.05000135
v 30.77844802 35.52023068 10.05000154
v 30.77844780 35.52023068 15.05000154
v 34.62682923 31.78022155 10.05000170
v 34.62682901 31.78022155 15.05000170
v 38.02379825 27.62591147 10.05000185
v 38.02379803 27.62591147 15.05000185
v 40.92505882 23.11145198 10.05000198
v 40.92505860 23.11145198 15.05000198
v 43.29280729 18.29570197 10.05000208
v 43.29280708 18.29570197 15.05000208
v 45.09616750 13.24143225 10.05000216
v 45.09616728 13.24143225 15.05000216
v 46.31162946 8.01454460 10.05000222
v 46.31162924 8.01454460 15.05000222
v 46.92335073 2.68317595 10.05000224
v 46.92335051 2.68317595 15.05000224
v 46.92335051 2.68317595 15.05000224
v 46.92335073 2.68317595 10.05000224
v 46.92335097 -2.68317184 10.05000224
v 46.92335075 -2.68317184 15.05000224
v 46.31163016 -8.01454056 10.05000222
v 46.31162994 -8.01454056 15.05000222
v 45.09616866 -13.24142831 10.05000216
v 45.09616844 -13.24142831 15.05000216
v 43.29280889 -18.29569818 10.05000208
v 43.29280867 -18.29569818 15.05000208
v 40.92506084 -23.11144841 10.05000198
v 40.92506062 -23.11144841 15.05000198
v 38.02380066 -27.62590814 10.05000185
v 38.02380045 -27.62590814 15.05000185
v 34.62683200 -31.78021852 10.05000170
v 34.62683179 -31.78021852 15.05000170
v 30.77845113 -35.52022799 10.05000154
v 30.77845091 -35.52022799 15.05000154
v 26.52883083 -38.79717902 10.05000135
v 26.52883061 -38.79717902 15.05000135
v 21.93337197 -41.56833934 10.05000115
v 21.93337175 -41.56833934 15.05000115
v 17.05196147 -43.79761049 10.05000094
v 17.05196125 -43.79761049 15.05000094
v 11.94826185 -45.45589776 10.05000071
v 11.94826164 -45.45589776 15.05000071
v 6.68879859 -46.52160997 10.05000048
v 6.68879837 -46.52160997 15.05000048
v 1.34213561 -46.98083109 10.05000025
v 1.34213539 -46.98083109 15.05000025
v -4.02202350 -46.82759112 10.05000001
v -4.02202372 -46.82759112 15.05000001
v -9.33375010 -46.06388133 10.04999978
v -9.33375032 -46.06388133 15.04999978
v -14.52379838 -44.69965045 10.04999956
v -14.52379860 -44.69965045 15.04999956
v -19.52450800 -42.75270166 10.04999934
v -19.52450822 -42.75270166 15.04999934
v -24.27067815 -40.24840270 10.04999913
v -24.27067837 -40.24840270 15.04999913
v -28.70044971 -37.21939975 10.04999894
v -28.70044993 -37.21939975 15.04999894
v -32.75606052 -33.70519018 10.04999876
v -32.75606074 -33.70519018 15.04999876
v -36.38465032 -29.75159232 10.04999860
v -36.38465054 -29.75159232 15.04999860
v -39.53890924 -25.41012174 10.04999846
v -39.53890946 -25.41012174 15.04999846
v -42.17773009 -20.73739236 10.04999835
v -42.17773031 -20.73739236 15.04999835
v -44.26668142 -15.79432204 10.04999826
v -44.26668164 -15.79432204 15.04999826
v -45.77856061 -10.64535246 10.04999819
v -45.77856083 -10.64535246 15.04999819
v -46.69364187 -5.35759796 10.04999815
v -54.68841263 5.84613942 15.04999780
v -55.00000066 -0.00000240 15.04999779
v -47.00000066 -0.00000205 15.04999814
v -54.68841211 -5.84614421 15.04999780
v -46.69364209 -5.35759796 15.04999815
v -53.75719085 -11.62604281 15.04999784
v -45.77856083 -10.64535246 15.04999819
v -52.21686926 -17.27422180 15.04999791
v -44.26668164 -15.79432204 15.04999826
v -50.08491101 -22.72667150 15.04999800
v -42.17773031 -20.73739236 15.04999835
v -47.38547078 -27.92162149 15.04999812
v -39.53890946 -25.41012174 15.04999846
v -44.14913863 -32.80020335 15.04999826
v -36.38465054 -29.75159232 15.04999860
v -40.41257761 -37.30715356 15.04999842
v -32.75606074 -33.70519018 15.04999876
v -36.21811942 -41.39139334 15.04999861
v -28.70044993 -37.21939975 15.04999894
v -31.61330855 -45.00665040 15.04999881
v -24.27067837 -40.24840270 15.04999913
v -26.65029763 -48.11197016 15.04999903
v -19.52450822 -42.75270166 15.04999934
v -21.38532864 -50.67216204 15.04999926
v -14.52379860 -44.69965045 15.04999956
v -15.87805870 -52.65821145 15.04999950
v -9.33375032 -46.06388133 15.04999978
v -10.19087812 -54.04763076 15.04999975
v -4.02202372 -46.82759112 15.05000001
v -4.38823431 -54.82466145 15.05000000
v 1.34213539 -46.98083109 15.05000025
v 1.46413072 -54.98051065 15.05000025
v 7.29990559 -54.51340834 15.05000051
v 6.68879837 -46.52160997 15.05000048
v 13.05297161 -53.42863789 15.05000076
v 11.94826164 -45.45589776 15.05000071
v 18.65814179 -51.73850932 15.05000101
v 17.05196125 -43.79761049 15.05000094
v 24.05190237 -49.46215715 15.05000124
v 21.93337175 -41.56833934 15.05000115
v 29.17315049 -46.62539927 15.05000147
v 26.52883061 -38.79717902 15.05000135
v 33.96384935 -43.26034016 15.05000168
v 30.77845091 -35.52022799 15.05000154
v 38.36973297 -39.40511917 15.05000187
v 34.62683179 -31.78021852 15.05000170
v 42.34087078 -35.10342985 15.05000204
v 38.02380045 -27.62590814 15.05000185
v 45.83227225 -30.40399733 15.05000219
v 40.92506062 -23.11144841 15.05000198
v 48.80435989 -25.36008812 15.05000232
v 43.29280867 -18.29569818 15.05000208
v 51.22349189 -20.02882734 15.05000243
v 45.09616844 -13.24142831 15.05000216
v 53.06222913 -14.47063786 15.05000251
v 46.31162994 -8.01454056 15.05000222
v 54.29975864 -8.74849177 15.05000256
v 46.92335075 -2.68317184 15.05000224
v 54.92204995 -2.92721771 15.05000259
v 54.92204969 2.92722251 15.05000259
v 46.92335051 2.68317595 15.05000224
v 54.29975787 8.74849652 15.05000256
v 46.31162924 8.01454460 15.05000222
v 53.06222787 14.47064250 15.05000251
v 45.09616728 13.24143225 15.05000216
v 51.22349014 20.02883181 15.05000243
v 43.29280708 18.29570197 15.05000208
v 48.80435767 25.36009239 15.05000232
v 40.92505860 23.11145198 15.05000198
v 45.83226959 30.40400133 15.05000219
v 38.02379803 27.62591147 15.05000185
v 42.34086771 35.10343355 15.05000204
v 34.62682901 31.78022155 15.05000170
v 38.36972952 39.40512253 15.05000187
v 30.77844780 35.52023068 15.05000154
v 33.96384557 43.26034313 15.05000168
v 26.52882722 38.79718134 15.05000135
v 29.17314641 46.62540182 15.05000147
v 21.93336812 41.56834126 15.05000115
v 24.05189804 49.46215925 15.05000124
v 17.05195742 43.79761198 15.05000094
v 18.65813726 51.73851095 15.05000101
v 11.94825766 45.45589881 15.05000071
v 13.05296694 53.42863903 15.05000076
v 6.68879431 46.52161055 15.05000048
v 7.29990083 54.51340898 15.05000051
v 1.34213129 46.98083120 15.05000025
v 1.46412591 54.98051078 15.05000025
v -4.38823910 54.82466106 15.05000000
v -4.02202781 46.82759077 15.05000001
v -10.19088284 54.04762986 15.04999975
v -9.33375435 46.06388051 15.04999978
v -15.87806330 52.65821006 15.04999950
v -14.52380251 44.69964918 15.04999956
v -21.38533307 50.67216017 15.04999926
v -19.52451196 42.75269995 15.04999934
v -26.65030183 48.11196783 15.04999903
v -24.27068189 40.24840058 15.04999913
v -31.61331249 45.00664764 15.04999881
v -28.70045318 37.21939724 15.04999894
v -36.21812304 41.39139017 15.04999861
v -32.75606369 33.70518732 15.04999876
v -40.41258087 37.30715003 15.04999842
v -36.38465314 29.75158914 15.04999860
v -44.14914150 32.80019949 15.04999826
v -39.53891168 25.41011828 15.04999846
v -47.38547322 27.92161734 15.04999812
v -42.17773212 20.73738867 15.04999835
v -50.08491300 22.72666712 15.04999800
v -44.26668302 15.79431817 15.04999826
v -52.21687077 17.27421723 15.04999791
v -45.77856176 10.64534846 15.04999819
v -53.75719187 11.62603811 15.04999784
v -46.69364255 5.35759388 15.04999815
v -54.68841080 -5.84614421 -14.95000220
v -55.00000066 -0.00000240 15.04999779
v -54.99999935 -0.00000240 -14.95000221
v -54.68841263 5.84613942 15.04999780
v -54.68841131 5.84613942 -14.95000220
v -53.75719187 11.62603811 15.04999784
v -53.75719056 11.62603811 -14.95000216
v -52.21687077 17.27421723 15.04999791
v -52.21686946 17.27421723 -14.95000209
v -50.08491300 22.72666712 15.04999800
v -50.08491169 22.72666712 -14.95000200
v -47.38547322 27.92161734 15.04999812
v -47.38547191 27.92161734 -14.95000188
v -44.14914150 32.80019949 15.04999826
v -44.14914018 32.80019949 -14.95000174
v -40.41258087 37.30715003 15.04999842
v -40.41257956 37.30715003 -14.95000158
v -36.21812304 41.39139017 15.04999861
v -36.21812173 41.39139017 -14.95000139
v -31.61331249 45.00664764 15.04999881
v -31.61331117 45.00664764 -14.95000119
v -26.65030183 48.11196783 15.04999903
v -26.65030052 48.11196783 -14.95000097
v -21.38533307 50.67216017 15.04999926
v -21.38533176 50.67216017 -14.95000074
v -15.87806330 52.65821006 15.04999950
v -15.87806199 52.65821006 -14.95000050
v -10.19088284 54.04762986 15.04999975
v -10.19088153 54.04762986 -14.95000025
v -4.38823910 54.82466106 15.05000000
v -4.38823779 54.82466106 -14.95000000
v 1.46412591 54.98051078 15.05000025
v 1.46412722 54.98051078 -14.94999975
v 7.29990083 54.51340898 15.05000051
v 7.29990214 54.51340898 -14.94999949
v 13.05296694 53.42863903 15.05000076
v 13.05296825 53.42863903 -14.94999924
v 18.65813726 51.73851095 15.05000101
v 18.65813857 51.73851095 -14.94999899
v 24.05189804 49.46215925 15.05000124
v 24.05189936 49.46215925 -14.94999876
v 29.17314641 46.62540182 15.05000147
v 29.17314772 46.62540182 -14.94999853
v 33.96384557 43.26034313 15.05000168
v 33.96384688 43.26034313 -14.94999832
v 38.36972952 39.40512253 15.05000187
v 38.36973083 39.40512253 -14.94999813
v 42.34086771 35.10343355 15.05000204
v 42.34086902 35.10343355 -14.94999796
v 45.83226959 30.40400133 15.05000219
v 45.83227090 30.40400133 -14.94999781
v 48.80435767 25.36009239 15.05000232
v 48.80435898 25.36009239 -14.94999768
v 51.22349014 20.02883181 15.05000243
v 51.22349145 20.02883181 -14.94999757
v 53.06222787 14.47064250 15.05000251
v 53.06222918 14.47064250 -14.94999749
v 54.29975787 8.74849652 15.05000256
v 54.29975918 8.74849652 -14.94999744
v 54.92204969 2.92722251 15.05000259
v 54.92205100 2.92722251 -14.94999741
v 54.92205100 2.92722251 -14.94999741
v 54.92204969 2.92722251 15.05000259
v 54.92204995 -2.92721771 15.05000259
v 54.92205126 -2.92721771 -14.94999741
v 54.29975864 -8.74849177 15.05000256
v 54.29975995 -8.74849177 -14.94999744
v 53.06222913 -14.47063786 15.05000251
v 53.06223044 -14.47063786 -14.94999749
v 51.22349189 -20.02882734 15.05000243
v 51.22349320 -20.02882734 -14.94999757
v 48.80435989 -25.36008812 15.05000232
v 48.80436120 -25.36008812 -14.94999768
v 45.83227225 -30.40399733 15.05000219
v 45.83227356 -30.40399733 -14.94999781
v 42.34087078 -35.10342985 15.05000204
v 42.34087209 -35.10342985 -14.94999796
v 38.36973297 -39.40511917 15.05000187
v 38.36973428 -39.40511917 -14.94999813
v 33.96384935 -43.26034016 15.05000168
v 33.96385066 -43.26034016 -14.94999832
v 29.17315049 -46.62539927 15.05000147
v 29.17315180 -46.62539927 -14.94999853
v 24.05190237 -49.46215715 15.05000124
v 24.05190368 -49.46215715 -14.94999876
v 18.65814179 -51.73850932 15.05000101
v 18.65814310 -51.73850932 -14.94999899
v 13.05297161 -53.42863789 15.05000076
v 13.05297292 -53.42863789 -14.94999924
v 7.29990559 -54.51340834 15.05000051
v 7.29990691 -54.51340834 -14.94999949
v 1.46413072 -54.98051065 15.05000025
v 1.46413203 -54.98051065 -14.94999975
v -4.38823431 -54.82466145 15.05000000
v -4.38823300 -54.82466145 -14.95000000
v -10.19087812 -54.04763076 15.04999975
v -10.19087681 -54.04763076 -14.95000025
v -15.87805870 -52.65821145 15.04999950
v -15.87805739 -52.65821145 -14.95000050
v -21.38532864 -50.67216204 15.04999926
v -21.38532733 -50.67216204 -14.95000074
v -26.65029763 -48.11197016 15.04999903
v -26.65029632 -48.11197016 -14.95000097
v -31.61330855 -45.00665040 15.04999881
v -31.61330724 -45.00665040 -14.95000119
v -36.21811942 -41.39139334 15.04999861
v -36.21811811 -41.39139334 -14.95000139
v -40.41257761 -37.30715356 15.04999842
v -40.41257630 -37.30715356 -14.95000158
v -44.14913863 -32.80020335 15.04999826
v -44.14913732 -32.80020335 -14.95000174
v -47.38547078 -27.92162149 15.04999812
v -47.38546947 -27.92162149 -14.95000188
v -50.08491101 -22.72667150 15.04999800
v -50.08490970 -22.72667150 -14.95000200
v -52.21686926 -17.27422180 15.04999791
v -52.21686795 -17.27422180 -14.95000209
v -53.75719085 -11.62604281 15.04999784
v -53.75718954 -11.62604281 -14.95000216
v -54.68841211 -5.84614421 15.04999780
vt 0.53575999 -0.43063599
vt 0.58461398 0.36884099
vt 0.00000000 -0.40000001
vt 0.00000000 0.40000001
vt -0.58461398 0.36884099
vt 1.16260397 0.27571899
vt 1.06453502 -0.52214402
vt 1.72742200 0.12168700
vt 1.57943201 -0.67333102
vt 2.27266693 -0.09150898
vt 2.07373905 -0.88222700
vt 2.79216194 -0.36145300
vt 2.54101205 -1.14610803
vt 3.28002000 -0.68508601
vt 2.97515798 -1.46153402
vt 3.73071504 -1.05874205
vt 3.37051892 -1.82439303
vt 4.13913918 -1.47818696
vt 3.72194099 -2.22995496
vt 4.50066519 -1.93866897
vt 4.02483988 -2.67293191
vt 4.81119680 -2.43496990
vt 4.27526999 -3.14754891
vt 5.06721592 -2.96146703
vt 4.46996498 -3.64761996
vt 5.26582098 -3.51219392
vt 4.60638809 -4.16662502
vt 5.40476322 -4.08091211
vt 4.68275881 -4.69779682
vt 5.48246622 -4.66117620
vt 4.69808292 -5.23421288
vt 5.49805117 -5.24641323
vt 5.45134115 -5.82998991
vt 4.65216112 -5.76887989
vt 5.34286499 -6.40529680
vt 4.54558992 -6.29482603
vt 5.17385101 -6.96581411
vt 4.37976122 -6.80519581
vt 4.94621706 -7.50518990
vt 4.15683508 -7.29333591
vt 4.66253901 -8.01731491
vt 3.87971807 -7.75288296
vt 4.32603407 -8.49638557
vt 3.55202293 -8.17784500
vt 3.94051194 -8.93697357
vt 3.17802191 -8.56268501
vt 3.51034307 -9.33408928
vt 2.76259089 -8.90237999
vt 3.04040003 -9.68322659
vt 2.31114507 -9.19250679
vt 2.53600907 -9.98043823
vt 1.82956898 -9.42928314
vt 2.00288296 -10.22235012
vt 1.32414305 -9.60961914
vt 1.44706404 -10.40622044
vt 0.80145401 -9.73116302
vt 0.87484902 -10.52997971
vt 0.26831701 -9.79233456
vt 0.29272199 -10.59220028
vt -0.26831701 -9.79233456
vt -0.29272199 -10.59220028
vt -0.87484902 -10.52997971
vt -0.80145401 -9.73116302
vt -1.44706404 -10.40622044
vt -1.32414305 -9.60961914
vt -2.00288296 -10.22235012
vt -1.82956898 -9.42928314
vt -2.53600907 -9.98043823
vt -2.31114507 -9.19250679
vt -3.04040003 -9.68322659
vt -2.76259089 -8.90237999
vt -3.51034307 -9.33408928
vt -3.17802191 -8.56268501
vt -3.94051194 -8.93697357
vt -3.55202293 -8.17784500
vt -4.32603407 -8.49638557
vt -3.87971807 -7.75288296
vt -4.66253901 -8.01731491
vt -4.15683508 -7.29333591
vt -4.94621706 -7.50518990
vt -4.37976122 -6.80519581
vt -5.17385101 -6.96581411
vt -4.54558992 -6.29482603
vt -5.34286499 -6.40529680
vt -4.65216112 -5.76887989
vt -5.45134115 -5.82998991
vt -4.69808292 -5.23421288
vt -5.49805117 -5.24641323
vt -5.48246622 -4.66117620
vt -4.68275881 -4.69779682
vt -5.40476322 -4.08091211
vt -4.60638809 -4.16662502
vt -5.26582098 -3.51219392
vt -4.46996498 -3.64761996
vt -5.06721592 -2.96146703
vt -4.27526999 -3.14754891
vt -4.81119680 -2.43496990
vt -4.02483988 -2.67293191
vt -4.50066519 -1.93866897
vt -3.72194099 -2.22995496
vt -4.13913918 -1.47818696
vt -3.37051892 -1.82439303
vt -3.73071504 -1.05874205
vt -2.97515798 -1.46153402
vt -3.28002000 -0.68508601
vt -2.54101205 -1.14610803
vt -2.79216194 -0.36145300
vt -2.07373905 -0.88222700
vt -2.27266693 -0.09150898
vt -1.57943201 -0.67333102
vt -1.72742200 0.12168700
vt -1.06453502 -0.52214402
vt -1.16260397 0.27571899
vt -0.53575999 -0.43063599
vt -0.94999999 -0.53692698
vt 0.94999999 0.00000000
vt -0.94999999 0.00000000
vt 0.94999999 0.53692698
vt -0.94999999 0.53692698
vt 0.94999999 1.07385302
vt -0.94999999 1.07385302
vt 0.94999999 1.61078000
vt -0.94999999 1.61078000
vt 0.94999999 2.14770699
vt -0.94999999 2.14770699
vt 0.94999999 2.68463302
vt -0.94999999 2.68463302
vt 0.94999999 3.22156000
vt -0.94999999 3.22156000
vt 0.94999999 3.75848699
vt -0.94999999 3.75848699
vt 0.94999999 4.29541302
vt -0.94999999 4.29541302
vt 0.94999999 4.83234119
vt -0.94999999 4.83234119
vt 0.94999999 5.36926699
vt -0.94999999 5.36926699
vt 0.94999999 5.90619421
vt -0.94999999 5.90619421
vt 0.94999999 6.44312000
vt -0.94999999 6.44312000
vt 0.94999999 6.98004723
vt -0.94999999 6.98004723
vt 0.94999999 7.51697397
vt -0.94999999 7.51697397
vt 0.94999999 8.05390072
vt -0.94999999 8.05390072
vt 0.94999999 8.59082699
vt -0.94999999 8.59082699
vt 0.94999999 9.12775612
vt -0.94999999 9.12775612
vt 0.94999999 9.66468334
vt -0.94999999 9.66468334
vt 0.94999999 10.20160961
vt -0.94999999 10.20160961
vt 0.94999999 10.73853016
vt -0.94999999 10.73853016
vt 0.94999999 11.27546024
vt -0.94999999 11.27546024
vt 0.94999999 11.81239033
vt -0.94999999 11.81239033
vt 0.94999999 12.34930992
vt -0.94999999 12.34930992
vt 0.94999999 12.88624001
vt -0.94999999 12.88624001
vt 0.94999999 13.42317009
vt -0.94999999 13.42317009
vt 0.94999999 13.96008968
vt -0.94999999 13.96008968
vt 0.94999999 14.49701977
vt -0.94999999 14.49701977
vt -0.94999999 -15.03394985
vt 0.94999999 -15.03394985
vt 0.94999999 -14.49701977
vt -0.94999999 -14.49701977
vt 0.94999999 -13.96008968
vt -0.94999999 -13.96008968
vt 0.94999999 -13.42317009
vt -0.94999999 -13.42317009
vt 0.94999999 -12.88624001
vt -0.94999999 -12.88624001
vt 0.94999999 -12.34930992
vt -0.94999999 -12.34930992
vt 0.94999999 -11.81239033
vt -0.94999999 -11.81239033
vt 0.94999999 -11.27546024
vt -0.94999999 -11.27546024
vt 0.94999999 -10.73853016
vt -0.94999999 -10.73853016
vt 0.94999999 -10.20160961
vt -0.94999999 -10.20160961
vt 0.94999999 -9.66468334
vt -0.94999999 -9.66468334
vt 0.94999999 -9.12775612
vt -0.94999999 -9.12775612
vt 0.94999999 -8.59082699
vt -0.94999999 -8.59082699
vt 0.94999999 -8.05390072
vt -0.94999999 -8.05390072
vt 0.94999999 -7.51697397
vt -0.94999999 -7.51697397
vt 0.94999999 -6.98004723
vt -0.94999999 -6.98004723
vt 0.94999999 -6.44312000
vt -0.94999999 -6.44312000
vt 0.94999999 -5.90619421
vt -0.94999999 -5.90619421
vt 0.94999999 -5.36926699
vt -0.94999999 -5.36926699
vt 0.94999999 -4.83234119
vt -0.94999999 -4.83234119
vt 0.94999999 -4.29541302
vt -0.94999999 -4.29541302
vt 0.94999999 -3.75848699
vt -0.94999999 -3.75848699
vt 0.94999999 -3.22156000
vt -0.94999999 -3.22156000
vt 0.94999999 -2.68463302
vt -0.94999999 -2.68463302
vt 0.94999999 -2.14770699
vt -0.94999999 -2.14770699
vt 0.94999999 -1.61078000
vt -0.94999999 -1.61078000
vt 0.94999999 -1.07385302
vt -0.94999999 -1.07385302
vt 0.94999999 -0.53692698
vt 0.35597900 -1.35614395
vt 0.53575999 1.29436398
vt 0.00000000 -1.32500005
vt 0.00000000 1.32500005
vt -0.53575999 1.29436398
vt 1.06453502 1.20285594
vt 0.70114100 -1.44862998
vt 1.57943201 1.05166900
vt 2.07373905 0.84277302
vt 1.02499998 -1.59964800
vt 2.54101205 0.57889199
vt 1.31771505 -1.80460894
vt 2.97515798 0.26346600
vt 3.37051892 -0.09939301
vt 1.57039106 -2.05728507
vt 3.72194099 -0.50495499
vt 1.77535200 -2.34999990
vt 4.02483988 -0.94793200
vt 4.27526999 -1.42254901
vt 1.92637002 -2.67385888
vt 4.46996498 -1.92262006
vt 2.01885605 -3.01902103
vt 4.60638809 -2.44162512
vt 4.68275881 -2.97279692
vt 2.04999995 -3.37500000
vt 4.69808292 -3.50921297
vt 4.65216112 -4.04387999
vt 2.01885605 -3.73097897
vt 4.54558992 -4.56982613
vt 1.92637002 -4.07614088
vt 4.37976122 -5.08019590
vt 4.15683508 -5.56833601
vt 1.77535200 -4.40000010
vt 3.87971807 -6.02788305
vt 1.57039106 -4.69271517
vt 3.55202293 -6.45284605
vt 3.17802191 -6.83768320
vt 1.31771505 -4.94539118
vt 2.76259089 -7.17738008
vt 1.02499998 -5.15035200
vt 2.31114507 -7.46750593
vt 1.82956898 -7.70428085
vt 0.70114100 -5.30137014
vt 1.32414305 -7.88461685
vt 0.35597900 -5.39385605
vt 0.80145401 -8.00616264
vt 0.26831701 -8.06733704
vt 0.00000000 -5.42500019
vt -0.26831701 -8.06733704
vt -0.35597900 -5.39385605
vt -0.80145401 -8.00616264
vt -1.32414305 -7.88461685
vt -0.70114100 -5.30137014
vt -1.82956898 -7.70428085
vt -1.02499998 -5.15035200
vt -2.31114507 -7.46750593
vt -2.76259089 -7.17738008
vt -1.31771505 -4.94539118
vt -3.17802191 -6.83768320
vt -1.57039106 -4.69271517
vt -3.55202293 -6.45284605
vt -3.87971807 -6.02788305
vt -1.77535200 -4.40000010
vt -4.15683508 -5.56833601
vt -1.92637002 -4.07614088
vt -4.37976122 -5.08019590
vt -4.54558992 -4.56982613
vt -2.01885605 -3.73097897
vt -4.65216112 -4.04387999
vt -2.04999995 -3.37500000
vt -4.69808292 -3.50921297
vt -4.68275881 -2.97279692
vt -2.01885605 -3.01902103
vt -4.60638809 -2.44162512
vt -4.46996498 -1.92262006
vt -1.92637002 -2.67385888
vt -4.27526999 -1.42254901
vt -1.77535200 -2.34999990
vt -4.02483988 -0.94793200
vt -3.72194099 -0.50495499
vt -1.57039106 -2.05728507
vt -3.37051892 -0.09939301
vt -1.31771505 -1.80460894
vt -2.97515798 0.26346600
vt -2.54101205 0.57889199
vt -1.02499998 -1.59964800
vt -2.07373905 0.84277302
vt -0.70114100 -1.44862998
vt -1.57943201 1.05166900
vt -1.06453502 1.20285594
vt -0.35597900 -1.35614395
vt -0.03535497 -0.35342899
vt 0.03535497 -0.35342899
vt -0.03535497 0.00000000
vt 0.03535497 0.00000000
vt -0.03535497 0.35342899
vt 0.03535497 0.35342899
vt -0.03535497 0.70685798
vt 0.03535497 0.70685798
vt -0.03535497 1.06028795
vt 0.03535497 1.06028795
vt -0.03535497 1.41371703
vt 0.03535497 1.41371703
vt -0.03535497 1.76714599
vt 0.03535497 1.76714599
vt -0.03535497 2.12057495
vt 0.03535497 2.12057495
vt -0.03535497 2.47400403
vt 0.03535497 2.47400403
vt -0.03535497 2.82743311
vt 0.03535497 2.82743311
vt -0.03535497 3.18086290
vt 0.03535497 3.18086290
vt -0.03535497 3.53429198
vt 0.03535497 3.53429198
vt -0.03535497 3.88772106
vt 0.03535497 3.88772106
vt -0.03535497 4.24114990
vt 0.03535497 4.24114990
vt -0.03535497 4.59458017
vt 0.03535497 4.59458017
vt -0.03535497 4.94800901
vt 0.03535497 4.94800901
vt -0.03535497 5.30143785
vt 0.03535497 5.30143785
vt -0.03535497 5.65486717
vt 0.03535497 5.65486717
vt -0.03535497 6.00829601
vt 0.03535497 6.00829601
vt -0.03535497 6.36172581
vt 0.03535497 6.36172581
vt -0.03535497 -6.36172581
vt 0.03535497 -6.36172581
vt -0.03535497 -6.00829601
vt 0.03535497 -6.00829601
vt -0.03535497 -5.65486717
vt 0.03535497 -5.65486717
vt -0.03535497 -5.30143785
vt 0.03535497 -5.30143785
vt -0.03535497 -4.94800901
vt 0.03535497 -4.94800901
vt -0.03535497 -4.59458017
vt 0.03535497 -4.59458017
vt -0.03535497 -4.24114990
vt 0.03535497 -4.24114990
vt -0.03535497 -3.88772106
vt 0.03535497 -3.88772106
vt -0.03535497 -3.53429198
vt 0.03535497 -3.53429198
vt -0.03535497 -3.18086290
vt 0.03535497 -3.18086290
vt -0.03535497 -2.82743311
vt 0.03535497 -2.82743311
vt -0.03535497 -2.47400403
vt 0.03535497 -2.47400403
vt -0.03535497 -2.12057495
vt 0.03535497 -2.12057495
vt -0.03535497 -1.76714599
vt 0.03535497 -1.76714599
vt -0.03535497 -1.41371703
vt 0.03535497 -1.41371703
vt -0.03535497 -1.06028795
vt 0.03535497 -1.06028795
vt -0.03535497 -0.70685798
vt 0.03535497 -0.70685798
vt -0.10000000 -0.34906599
vt 0.10000000 -0.34906599
vt -0.10000000 0.00000000
vt 0.10000000 0.00000000
vt -0.10000000 0.34906599
vt 0.10000000 0.34906599
vt -0.10000000 0.69813198
vt 0.10000000 0.69813198
vt -0.10000000 1.04719806
vt 0.10000000 1.04719806
vt -0.10000000 1.39626300
vt 0.10000000 1.39626300
vt -0.10000000 1.74532902
vt 0.10000000 1.74532902
vt -0.10000000 2.09439492
vt 0.10000000 2.09439492
vt -0.10000000 2.44346094
vt 0.10000000 2.44346094
vt -0.10000000 2.79252696
vt 0.10000000 2.79252696
vt -0.10000000 3.14159298
vt 0.10000000 3.14159298
vt -0.10000000 3.49065900
vt 0.10000000 3.49065900
vt -0.10000000 3.83972406
vt 0.10000000 3.83972406
vt -0.10000000 4.18878984
vt 0.10000000 4.18878984
vt -0.10000000 4.53785610
vt 0.10000000 4.53785610
vt -0.10000000 4.88692188
vt 0.10000000 4.88692188
vt -0.10000000 5.23598814
vt 0.10000000 5.23598814
vt -0.10000000 5.58505297
vt 0.10000000 5.58505297
vt -0.10000000 5.93411922
vt 0.10000000 5.93411922
vt -0.10000000 6.28318501
vt 0.10000000 6.28318501
vt -0.10000000 -6.28318501
vt 0.10000000 -6.28318501
vt -0.10000000 -5.93411922
vt 0.10000000 -5.93411922
vt -0.10000000 -5.58505297
vt 0.10000000 -5.58505297
vt -0.10000000 -5.23598814
vt 0.10000000 -5.23598814
vt -0.10000000 -4.88692188
vt 0.10000000 -4.88692188
vt -0.10000000 -4.53785610
vt 0.10000000 -4.53785610
vt -0.10000000 -4.18878984
vt 0.10000000 -4.18878984
vt -0.10000000 -3.83972406
vt 0.10000000 -3.83972406
vt -0.10000000 -3.49065900
vt 0.10000000 -3.49065900
vt -0.10000000 -3.14159298
vt 0.10000000 -3.14159298
vt -0.10000000 -2.79252696
vt 0.10000000 -2.79252696
vt -0.10000000 -2.44346094
vt 0.10000000 -2.44346094
vt -0.10000000 -2.09439492
vt 0.10000000 -2.09439492
vt -0.10000000 -1.74532902
vt 0.10000000 -1.74532902
vt -0.10000000 -1.39626300
vt 0.10000000 -1.39626300
vt -0.10000000 -1.04719806
vt 0.10000000 -1.04719806
vt -0.10000000 -0.69813198
vt 0.10000000 -0.69813198
vt -0.86592698 -0.40562499
vt -0.41566700 -0.71646398
vt -0.83869302 -0.28630701
vt -0.17146000 -0.04000389
vt -0.24776600 0.05568200
vt -0.58466899 -0.85395700
vt -0.94223398 -0.50130999
vt -0.71030802 -1.03194797
vt -1.05250001 -0.55441201
vt -1.32723403 -1.28068197
vt -1.40354002 -1.18499601
vt -1.17488599 -0.55441201
vt -1.51380706 -1.13189495
vt -1.28515303 -0.50130999
vt -1.87938499 -0.71596003
vt -1.73205101 -0.40000001
vt -1.36145997 -0.40562499
vt -1.38869298 -0.28630701
vt -1.53208899 -0.11442500
vt -1.36145997 -0.16698900
vt -1.28515303 -0.07130300
vt -1.28557503 0.13208900
vt -1.17488599 -0.01820188
vt -1.00000000 0.33205101
vt -1.05250001 -0.01820188
vt -0.94223398 -0.07130300
vt -0.68404001 0.47938499
vt -0.86592698 -0.16698900
vt -0.27500001 0.17500000
vt -1.32723403 -1.51931798
vt -0.79813498 -1.45459402
vt -1.29999995 -1.39999998
vt -0.78326702 -1.23723495
vt -0.75380898 -1.66790402
vt -1.40354002 -1.61500394
vt -1.05250001 -2.24558806
vt -1.17488599 -2.24558806
vt -1.51380706 -1.66810501
vt -1.28515303 -2.29869008
vt -1.87938499 -2.08403993
vt -1.73205101 -2.40000010
vt -1.63619304 -1.66810501
vt -1.74645996 -1.61500394
vt -1.96961498 -1.74729598
vt -1.82276595 -1.51931798
vt -2.00000000 -1.39999998
vt -1.85000002 -1.39999998
vt -1.82276595 -1.28068197
vt -1.96961498 -1.05270398
vt -1.74645996 -1.18499601
vt -1.63619304 -1.13189495
vt -0.86592698 -2.63301110
vt -0.10893300 -2.19254899
vt -0.83869302 -2.51369309
vt -0.31872100 -2.13376904
vt -0.86592698 -2.39437509
vt -0.50487000 -2.02056909
vt -0.94223398 -2.29869008
vt -0.65357602 -1.86134398
vt -0.94223398 -2.72869706
vt -0.68404001 -3.27938509
vt -0.34729600 -3.36961603
vt 0.00000000 -3.40000010
vt 0.10893300 -2.19254899
vt 0.34729600 -3.36961603
vt 0.86592698 -2.63301110
vt 0.68404001 -3.27938509
vt 0.94223398 -2.72869706
vt 1.00000000 -3.13205099
vt 1.05250001 -2.78179789
vt 1.17488599 -2.78179789
vt 1.28557503 -2.93208909
vt 1.28515303 -2.72869706
vt 1.53208899 -2.68557501
vt 1.36145997 -2.63301110
vt 1.38869298 -2.51369309
vt 1.73205101 -2.40000010
vt 1.36145997 -2.39437509
vt 1.28515303 -2.29869008
vt 1.87938499 -2.08403993
vt 1.51380706 -1.66810501
vt 1.63619304 -1.66810501
vt 1.74645996 -1.61500394
vt 1.96961498 -1.74729598
vt 1.82276595 -1.51931798
vt 2.00000000 -1.39999998
vt 1.85000002 -1.39999998
vt 1.82276595 -1.28068197
vt 1.96961498 -1.05270398
vt 1.74645996 -1.18499601
vt 1.87938499 -0.71596003
vt 1.63619304 -1.13189495
vt 1.51380706 -1.13189495
vt 1.28515303 -0.50130999
vt 1.17488599 -0.55441201
vt -1.00000000 -3.13205099
vt -1.05250001 -2.78179789
vt -1.17488599 -2.78179789
vt -1.28557503 -2.93208909
vt -1.28515303 -2.72869706
vt -1.53208899 -2.68557501
vt -1.36145997 -2.63301110
vt -1.38869298 -2.51369309
vt -1.36145997 -2.39437509
vt 0.83869302 -2.51369309
vt 0.31872100 -2.13376904
vt 0.86592698 -2.39437509
vt 0.50487000 -2.02056909
vt 0.94223398 -2.29869008
vt 0.65357602 -1.86134398
vt 1.05250001 -2.24558806
vt 0.75380898 -1.66790402
vt 1.40354002 -1.61500394
vt 1.32723403 -1.51931798
vt 1.17488599 -2.24558806
vt 0.79813498 -1.45459402
vt 1.29999995 -1.39999998
vt 0.78326702 -1.23723495
vt 1.32723403 -1.28068197
vt 0.71030802 -1.03194797
vt 1.05250001 -0.55441201
vt 0.94223398 -0.50130999
vt 1.40354002 -1.18499601
vt 1.36145997 -0.40562499
vt 1.73205101 -0.40000001
vt 1.38869298 -0.28630701
vt 1.53208899 -0.11442500
vt 1.36145997 -0.16698900
vt 1.28515303 -0.07130300
vt 1.28557503 0.13208900
vt 1.17488599 -0.01820188
vt 1.00000000 0.33205101
vt 1.05250001 -0.01820188
vt 0.94223398 -0.07130300
vt 0.68404001 0.47938499
vt 0.86592698 -0.16698900
vt 0.27500001 0.17500000
vt 0.24776600 0.05568200
vt 0.58466899 -0.85395700
vt 0.86592698 -0.40562499
vt 0.41566700 -0.71646398
vt 0.83869302 -0.28630701
vt 0.17146000 -0.04000389
vt 0.21583700 -0.62966597
vt 0.06119292 -0.09310495
vt 0.00000000 -0.60000002
vt -0.06119292 -0.09310495
vt -0.21583700 -0.62966597
vt -0.24776600 0.29431799
vt -0.34729600 0.56961501
vt -0.17146000 0.39000401
vt -0.06119292 0.44310501
vt 0.00000000 0.60000002
vt 0.06119292 0.44310501
vt 0.34729600 0.56961501
vt 0.17146000 0.39000401
vt 0.24776600 0.29431799
vt -0.17500000 -0.21854600
vt 0.17500000 0.00000000
vt -0.17500000 0.00000000
vt 0.17500000 0.21854600
vt -0.17500000 0.21854600
vt 0.17500000 0.43709099
vt -0.17500000 0.43709099
vt 0.17500000 0.65563703
vt -0.17500000 0.65563703
vt 0.17500000 0.87418199
vt -0.17500000 0.87418199
vt 0.17500000 1.09272802
vt -0.17500000 1.09272802
vt 0.17500000 1.31127298
vt -0.17500000 1.31127298
vt 0.17500000 1.52981901
vt -0.17500000 1.52981901
vt 0.17500000 1.74836504
vt -0.17500000 1.74836504
vt 0.17500000 1.96691000
vt -0.17500000 1.96691000
vt 0.17500000 2.18545604
vt -0.17500000 2.18545604
vt 0.17500000 2.40400100
vt -0.17500000 2.40400100
vt -0.17500000 -2.62254691
vt 0.17500000 -2.62254691
vt 0.17500000 -2.40400100
vt -0.17500000 -2.40400100
vt 0.17500000 -2.18545604
vt -0.17500000 -2.18545604
vt 0.17500000 -1.96691000
vt -0.17500000 -1.96691000
vt 0.17500000 -1.74836504
vt -0.17500000 -1.74836504
vt 0.17500000 -1.52981901
vt -0.17500000 -1.52981901
vt 0.17500000 -1.31127298
vt -0.17500000 -1.31127298
vt 0.17500000 -1.09272802
vt -0.17500000 -1.09272802
vt 0.17500000 -0.87418199
vt -0.17500000 -0.87418199
vt 0.17500000 -0.65563703
vt -0.17500000 -0.65563703
vt 0.17500000 -0.43709099
vt -0.17500000 -0.43709099
vt 0.17500000 -0.21854600
vt 1.60233295 -1.81415701
vt 1.83500004 -2.29966688
vt 1.63369298 -1.63630700
vt 1.97334301 -2.41575098
vt 4.27526999 -0.79754901
vt 4.46996498 -1.29762006
vt 2.06364012 -2.57214999
vt 4.60638809 -1.81662500
vt 4.68275881 -2.34779692
vt 2.09500003 -2.75000000
vt 4.69808292 -2.88421297
vt 4.65216112 -3.41887999
vt 2.06364012 -2.92785001
vt 4.54558992 -3.94482589
vt 1.97334301 -3.08424902
vt 4.37976122 -4.45519590
vt 1.63369298 -3.86369300
vt 4.15683508 -4.94333601
vt 1.60233295 -4.04154301
vt 3.87971807 -5.40288305
vt 1.51203597 -4.19794321
vt 3.55202293 -5.82784605
vt 3.17802191 -6.21268320
vt 1.37369299 -4.31402588
vt 2.76259089 -6.55238008
vt 2.31114507 -6.84250593
vt 1.20398998 -4.37579298
vt 1.82956898 -7.07928085
vt 1.02339602 -4.37579298
vt 1.32414305 -7.25961685
vt 0.80145401 -7.38116312
vt 0.85369301 -4.31402588
vt 0.26831701 -7.44233513
vt -0.85369301 -4.31402588
vt -0.26831701 -7.44233513
vt -0.80145401 -7.38116312
vt -1.02339602 -4.37579298
vt -1.32414305 -7.25961685
vt -1.82956898 -7.07928085
vt -1.20398998 -4.37579298
vt -2.31114507 -6.84250593
vt -1.37369299 -4.31402588
vt -2.76259089 -6.55238008
vt -3.17802191 -6.21268320
vt -1.51203597 -4.19794321
vt -3.55202293 -5.82784605
vt -3.87971807 -5.40288305
vt -1.60233295 -4.04154301
vt -4.15683508 -4.94333601
vt -1.63369298 -3.86369300
vt -4.37976122 -4.45519590
vt -1.97334301 -3.08424902
vt -4.54558992 -3.94482589
vt -2.06364012 -2.92785001
vt -4.65216112 -3.41887999
vt -2.09500003 -2.75000000
vt -4.69808292 -2.88421297
vt -4.68275881 -2.34779692
vt -2.06364012 -2.57214999
vt -4.60638809 -1.81662500
vt -4.46996498 -1.29762006
vt -1.97334301 -2.41575098
vt -4.27526999 -0.79754901
vt -1.63369298 -1.63630700
vt -1.60233295 -1.45845604
vt 1.66529703 -2.23790002
vt 1.51203597 -1.97055602
vt 1.48470294 -2.23790002
vt 1.37369299 -2.08663988
vt 1.31500006 -2.29966688
vt 1.20398998 -2.14840698
vt 1.17665696 -2.41575098
vt 1.02339602 -2.14840698
vt 0.71030802 -2.38194799
vt 0.85369301 -2.08663988
vt 0.58466899 -2.20395803
vt 0.71534997 -1.97055602
vt 0.41566700 -2.06646395
vt 0.62505299 -1.81415701
vt 0.21583700 -1.97966599
vt 0.25999999 -1.62533295
vt 0.09029698 -1.68710005
vt 0.59369302 -1.63630700
vt 0.39834300 -1.50925004
vt 0.62505299 -1.45845604
vt 0.48864001 -1.35284996
vt 0.71534997 -1.30205703
vt 0.51999998 -1.17499995
vt 0.85369301 -1.18597400
vt 0.48864001 -0.99715000
vt 1.02339602 -1.12420702
vt 0.39834300 -0.84074998
vt 1.20398998 -1.12420702
vt 1.57943201 1.67666900
vt 2.07373905 1.46777296
vt 2.54101205 1.20389199
vt 1.37369299 -1.18597400
vt 2.97515798 0.88846600
vt 1.51203597 -1.30205703
vt 3.37051892 0.52560699
vt 3.72194099 0.12004500
vt 1.60233295 -1.45845604
vt 4.02483988 -0.32293200
vt 1.83500004 -3.20033312
vt 1.60233295 -3.68584299
vt 1.66529703 -3.26209998
vt 1.51203597 -3.52944398
vt 1.48470294 -3.26209998
vt 1.37369299 -3.41336012
vt 1.31500006 -3.20033312
vt 1.20398998 -3.35159302
vt 1.17665696 -3.08424902
vt 1.02339602 -3.35159302
vt 0.75380898 -3.01790404
vt 0.85369301 -3.41336012
vt 0.65357602 -3.21134400
vt 0.71534997 -3.52944398
vt 0.50487000 -3.37056899
vt 0.62505299 -3.68584299
vt 0.31872100 -3.48376894
vt 0.59369302 -3.86369300
vt 0.10893300 -3.54254889
vt 0.62505299 -4.04154301
vt -0.10893300 -3.54254889
vt -0.62505299 -4.04154301
vt -0.59369302 -3.86369300
vt -0.31872100 -3.48376894
vt -0.62505299 -3.68584299
vt -0.50487000 -3.37056899
vt -0.71534997 -3.52944398
vt -0.65357602 -3.21134400
vt -0.85369301 -3.41336012
vt -0.75380898 -3.01790404
vt -1.02339602 -3.35159302
vt -1.17665696 -3.08424902
vt -1.20398998 -3.35159302
vt -1.31500006 -3.20033312
vt -1.37369299 -3.41336012
vt -1.48470294 -3.26209998
vt -1.51203597 -3.52944398
vt -1.66529703 -3.26209998
vt -1.60233295 -3.68584299
vt -1.83500004 -3.20033312
vt 1.08635998 -2.92785001
vt 0.79813498 -2.80459404
vt 1.05499995 -2.75000000
vt 0.78326702 -2.58723497
vt 1.08635998 -2.57214999
vt -0.71534997 -4.19794321
vt 0.71534997 -4.19794321
vt -1.08635998 -2.92785001
vt -0.79813498 -2.80459404
vt -1.05499995 -2.75000000
vt -0.78326702 -2.58723497
vt -1.08635998 -2.57214999
vt -0.71030802 -2.38194799
vt -1.17665696 -2.41575098
vt -1.02339602 -2.14840698
vt -1.20398998 -2.14840698
vt -1.83500004 -2.29966688
vt -1.60233295 -1.81415701
vt -1.66529703 -2.23790002
vt -1.51203597 -1.97055602
vt -1.48470294 -2.23790002
vt -1.37369299 -2.08663988
vt -1.31500006 -2.29966688
vt -0.62505299 -1.81415701
vt -0.25999999 -1.62533295
vt -0.59369302 -1.63630700
vt -0.39834300 -1.50925004
vt -0.62505299 -1.45845604
vt -0.48864001 -1.35284996
vt -0.71534997 -1.30205703
vt -0.51999998 -1.17499995
vt -0.85369301 -1.18597400
vt -0.48864001 -0.99715000
vt -1.02339602 -1.12420702
vt -0.39834300 -0.84074998
vt -1.20398998 -1.12420702
vt -1.57943201 1.67666900
vt -2.07373905 1.46777296
vt -0.71534997 -1.97055602
vt -0.41566700 -2.06646395
vt -0.21583700 -1.97966599
vt -0.09029698 -1.68710005
vt 0.00000000 -1.95000005
vt -0.58466899 -2.20395803
vt -0.85369301 -2.08663988
vt -1.51203597 -1.30205703
vt -3.72194099 0.12004500
vt -4.02483988 -0.32293200
vt -1.37369299 -1.18597400
vt -2.97515798 0.88846600
vt -3.37051892 0.52560699
vt -2.54101205 1.20389199
vt -0.25999999 -0.72466701
vt -1.06453502 1.82785594
vt -0.09029698 -0.66289997
vt -0.53575999 1.91936398
vt 0.00000000 1.95000005
vt 0.09029698 -0.66289997
vt 0.53575999 1.91936398
vt 1.06453502 1.82785594
vt 0.25999999 -0.72466701
vt -0.25000000 -0.53692698
vt 0.25000000 0.00000000
vt -0.25000000 0.00000000
vt 0.25000000 0.53692698
vt -0.25000000 0.53692698
vt 0.25000000 1.07385302
vt -0.25000000 1.07385302
vt 0.25000000 1.61078000
vt -0.25000000 1.61078000
vt 0.25000000 2.14770699
vt -0.25000000 2.14770699
vt 0.25000000 2.68463302
vt -0.25000000 2.68463302
vt 0.25000000 3.22156000
vt -0.25000000 3.22156000
vt 0.25000000 3.75848699
vt -0.25000000 3.75848699
vt 0.25000000 4.29541302
vt -0.25000000 4.29541302
vt 0.25000000 4.83234119
vt -0.25000000 4.83234119
vt 0.25000000 5.36926699
vt -0.25000000 5.36926699
vt 0.25000000 5.90619421
vt -0.25000000 5.90619421
vt 0.25000000 6.44312000
vt -0.25000000 6.44312000
vt 0.25000000 6.98004723
vt -0.25000000 6.98004723
vt 0.25000000 7.51697397
vt -0.25000000 7.51697397
vt 0.25000000 8.05390072
vt -0.25000000 8.05390072
vt 0.25000000 8.59082699
vt -0.25000000 8.59082699
vt 0.25000000 9.12775612
vt -0.25000000 9.12775612
vt 0.25000000 9.66468334
vt -0.25000000 9.66468334
vt 0.25000000 10.20160961
vt -0.25000000 10.20160961
vt 0.25000000 10.73853016
vt -0.25000000 10.73853016
vt 0.25000000 11.27546024
vt -0.25000000 11.27546024
vt 0.25000000 11.81239033
vt -0.25000000 11.81239033
vt 0.25000000 12.34930992
vt -0.25000000 12.34930992
vt 0.25000000 12.88624001
vt -0.25000000 12.88624001
vt 0.25000000 13.42317009
vt -0.25000000 13.42317009
vt 0.25000000 13.96008968
vt -0.25000000 13.96008968
vt 0.25000000 14.49701977
vt -0.25000000 14.49701977
vt -0.25000000 -15.03394985
vt 0.25000000 -15.03394985
vt 0.25000000 -14.49701977
vt -0.25000000 -14.49701977
vt 0.25000000 -13.96008968
vt -0.25000000 -13.96008968
vt 0.25000000 -13.42317009
vt -0.25000000 -13.42317009
vt 0.25000000 -12.88624001
vt -0.25000000 -12.88624001
vt 0.25000000 -12.34930992
vt -0.25000000 -12.34930992
vt 0.25000000 -11.81239033
vt -0.25000000 -11.81239033
vt 0.25000000 -11.27546024
vt -0.25000000 -11.27546024
vt 0.25000000 -10.73853016
vt -0.25000000 -10.73853016
vt 0.25000000 -10.20160961
vt -0.25000000 -10.20160961
vt 0.25000000 -9.66468334
vt -0.25000000 -9.66468334
vt 0.25000000 -9.12775612
vt -0.25000000 -9.12775612
vt 0.25000000 -8.59082699
vt -0.25000000 -8.59082699
vt 0.25000000 -8.05390072
vt -0.25000000 -8.05390072
vt 0.25000000 -7.51697397
vt -0.25000000 -7.51697397
vt 0.25000000 -6.98004723
vt -0.25000000 -6.98004723
vt 0.25000000 -6.44312000
vt -0.25000000 -6.44312000
vt 0.25000000 -5.90619421
vt -0.25000000 -5.90619421
vt 0.25000000 -5.36926699
vt -0.25000000 -5.36926699
vt 0.25000000 -4.83234119
vt -0.25000000 -4.83234119
vt 0.25000000 -4.29541302
vt -0.25000000 -4.29541302
vt 0.25000000 -3.75848699
vt -0.25000000 -3.75848699
vt 0.25000000 -3.22156000
vt -0.25000000 -3.22156000
vt 0.25000000 -2.68463302
vt -0.25000000 -2.68463302
vt 0.25000000 -2.14770699
vt -0.25000000 -2.14770699
vt 0.25000000 -1.61078000
vt -0.25000000 -1.61078000
vt 0.25000000 -1.07385302
vt -0.25000000 -1.07385302
vt 0.25000000 -0.53692698
vt 0.58461398 0.36884099
vt 0.00000000 0.40000001
vt 0.00000000 -0.40000001
vt -0.58461398 0.36884099
vt -0.53575999 -0.43063599
vt -1.16260397 0.27571899
vt -1.06453502 -0.52214402
vt -1.72742200 0.12168700
vt -1.57943201 -0.67333102
vt -2.27266693 -0.09150898
vt -2.07373905 -0.88222700
vt -2.79216194 -0.36145300
vt -2.54101205 -1.14610803
vt -3.28002000 -0.68508601
vt -2.97515798 -1.46153402
vt -3.73071504 -1.05874205
vt -3.37051892 -1.82439303
vt -4.13913918 -1.47818696
vt -3.72194099 -2.22995496
vt -4.50066519 -1.93866897
vt -4.02483988 -2.67293191
vt -4.81119680 -2.43496990
vt -4.27526999 -3.14754891
vt -5.06721592 -2.96146703
vt -4.46996498 -3.64761996
vt -5.26582098 -3.51219392
vt -4.60638809 -4.16662502
vt -5.40476322 -4.08091211
vt -4.68275881 -4.69779682
vt -5.48246622 -4.66117620
vt -4.69808292 -5.23421288
vt -5.49805117 -5.24641323
vt -5.45134115 -5.82998991
vt -4.65216112 -5.76887989
vt -5.34286499 -6.40529680
vt -4.54558992 -6.29482603
vt -5.17385101 -6.96581411
vt -4.37976122 -6.80519581
vt -4.94621706 -7.50518990
vt -4.15683508 -7.29333591
vt -4.66253901 -8.01731491
vt -3.87971807 -7.75288296
vt -4.32603407 -8.49638557
vt -3.55202293 -8.17784500
vt -3.94051194 -8.93697357
vt -3.17802191 -8.56268501
vt -3.51034307 -9.33408928
vt -2.76259089 -8.90237999
vt -3.04040003 -9.68322659
vt -2.31114507 -9.19250679
vt -2.53600907 -9.98043823
vt -1.82956898 -9.42928314
vt -2.00288296 -10.22235012
vt -1.32414305 -9.60961914
vt -1.44706404 -10.40622044
vt -0.80145401 -9.73116302
vt -0.87484902 -10.52997971
vt -0.26831701 -9.79233456
vt -0.29272199 -10.59220028
vt 0.29272199 -10.59220028
vt 0.26831701 -9.79233456
vt 0.87484902 -10.52997971
vt 0.80145401 -9.73116302
vt 1.44706404 -10.40622044
vt 1.32414305 -9.60961914
vt 2.00288296 -10.22235012
vt 1.82956898 -9.42928314
vt 2.53600907 -9.98043823
vt 2.31114507 -9.19250679
vt 3.04040003 -9.68322659
vt 2.76259089 -8.90237999
vt 3.51034307 -9.33408928
vt 3.17802191 -8.56268501
vt 3.94051194 -8.93697357
vt 3.55202293 -8.17784500
vt 4.32603407 -8.49638557
vt 3.87971807 -7.75288296
vt 4.66253901 -8.01731491
vt 4.15683508 -7.29333591
vt 4.94621706 -7.50518990
vt 4.37976122 -6.80519581
vt 5.17385101 -6.96581411
vt 4.54558992 -6.29482603
vt 5.34286499 -6.40529680
vt 4.65216112 -5.76887989
vt 5.45134115 -5.82998991
vt 4.69808292 -5.23421288
vt 5.49805117 -5.24641323
vt 5.48246622 -4.66117620
vt 4.68275881 -4.69779682
vt 5.40476322 -4.08091211
vt 4.60638809 -4.16662502
vt 5.26582098 -3.51219392
vt 4.46996498 -3.64761996
vt 5.06721592 -2.96146703
vt 4.27526999 -3.14754891
vt 4.81119680 -2.43496990
vt 4.02483988 -2.67293191
vt 4.50066519 -1.93866897
vt 3.72194099 -2.22995496
vt 4.13913918 -1.47818696
vt 3.37051892 -1.82439303
vt 3.73071504 -1.05874205
vt 2.97515798 -1.46153402
vt 3.28002000 -0.68508601
vt 2.54101205 -1.14610803
vt 2.79216194 -0.36145300
vt 2.07373905 -0.88222700
vt 2.27266693 -0.09150898
vt 1.57943201 -0.67333102
vt 1.72742200 0.12168700
vt 1.06453502 -0.52214402
vt 1.16260397 0.27571899
vt 0.53575999 -0.43063599
vt -1.50000000 -0.58572102
vt 1.50000000 0.00000000
vt -1.50000000 0.00000000
vt 1.50000000 0.58572102
vt -1.50000000 0.58572102
vt 1.50000000 1.17144096
vt -1.50000000 1.17144096
vt 1.50000000 1.75716197
vt -1.50000000 1.75716197
vt 1.50000000 2.34288311
vt -1.50000000 2.34288311
vt 1.50000000 2.92860293
vt -1.50000000 2.92860293
vt 1.50000000 3.51432395
vt -1.50000000 3.51432395
vt 1.50000000 4.10004520
vt -1.50000000 4.10004520
vt 1.50000000 4.68576479
vt -1.50000000 4.68576479
vt 1.50000000 5.27148581
vt -1.50000000 5.27148581
vt 1.50000000 5.85720587
vt -1.50000000 5.85720587
vt 1.50000000 6.44292688
vt -1.50000000 6.44292688
vt 1.50000000 7.02864790
vt -1.50000000 7.02864790
vt 1.50000000 7.61436796
vt -1.50000000 7.61436796
vt 1.50000000 8.20009041
vt -1.50000000 8.20009041
vt 1.50000000 8.78581238
vt -1.50000000 8.78581238
vt 1.50000000 9.37153053
vt -1.50000000 9.37153053
vt 1.50000000 9.95725155
vt -1.50000000 9.95725155
vt 1.50000000 10.54296970
vt -1.50000000 10.54296970
vt 1.50000000 11.12868977
vt -1.50000000 11.12868977
vt 1.50000000 11.71440983
vt -1.50000000 11.71440983
vt 1.50000000 12.30012989
vt -1.50000000 12.30012989
vt 1.50000000 12.88584995
vt -1.50000000 12.88584995
vt 1.50000000 13.47157001
vt -1.50000000 13.47157001
vt 1.50000000 14.05729961
vt -1.50000000 14.05729961
vt 1.50000000 14.64301968
vt -1.50000000 14.64301968
vt 1.50000000 15.22873974
vt -1.50000000 15.22873974
vt 1.50000000 15.81445980
vt -1.50000000 15.81445980
vt 1.50000000 16.40018082
vt -1.50000000 16.40018082
vt 1.50000000 16.98590088
vt -1.50000000 16.98590088
vt -1.50000000 -17.57162094
vt 1.50000000 -17.57162094
vt 1.50000000 -16.98590088
vt -1.50000000 -16.98590088
vt 1.50000000 -16.40018082
vt -1.50000000 -16.40018082
vt 1.50000000 -15.81445980
vt -1.50000000 -15.81445980
vt 1.50000000 -15.22873974
vt -1.50000000 -15.22873974
vt 1.50000000 -14.64301968
vt -1.50000000 -14.64301968
vt 1.50000000 -14.05729961
vt -1.50000000 -14.05729961
vt 1.50000000 -13.47157001
vt -1.50000000 -13.47157001
vt 1.50000000 -12.88584995
vt -1.50000000 -12.88584995
vt 1.50000000 -12.30012989
vt -1.50000000 -12.30012989
vt 1.50000000 -11.71440983
vt -1.50000000 -11.71440983
vt 1.50000000 -11.12868977
vt -1.50000000 -11.12868977
vt 1.50000000 -10.54296970
vt -1.50000000 -10.54296970
vt 1.50000000 -9.95725155
vt -1.50000000 -9.95725155
vt 1.50000000 -9.37153053
vt -1.50000000 -9.37153053
vt 1.50000000 -8.78581238
vt -1.50000000 -8.78581238
vt 1.50000000 -8.20009041
vt -1.50000000 -8.20009041
vt 1.50000000 -7.61436796
vt -1.50000000 -7.61436796
vt 1.50000000 -7.02864790
vt -1.50000000 -7.02864790
vt 1.50000000 -6.44292688
vt -1.50000000 -6.44292688
vt 1.50000000 -5.85720587
vt -1.50000000 -5.85720587
vt 1.50000000 -5.27148581
vt -1.50000000 -5.27148581
vt 1.50000000 -4.68576479
vt -1.50000000 -4.68576479
vt 1.50000000 -4.10004520
vt -1.50000000 -4.10004520
vt 1.50000000 -3.51432395
vt -1.50000000 -3.51432395
vt 1.50000000 -2.92860293
vt -1.50000000 -2.92860293
vt 1.50000000 -2.34288311
vt -1.50000000 -2.34288311
vt 1.50000000 -1.75716197
vt -1.50000000 -1.75716197
vt 1.50000000 -1.17144096
vt -1.50000000 -1.17144096
vt 1.50000000 -0.58572102
f 1192/1192 1193/1193 1194/1194
f 1194/1194 1193/1193 1195/1195
f 1194/1194 1195/1195 1196/1196
f 1193/1193 1192/1192 1197/1197
f 1197/1197 1192/1192 1198/1198
f 1197/1197 1198/1198 1199/1199
f 1199/1199 1198/1198 1200/1200
f 1199/1199 1200/1200 1201/1201
f 1201/1201 1200/1200 1202/1202
f 1201/1201 1202/1202 1203/1203
f 1203/1203 1202/1202 1204/1204
f 1203/1203 1204/1204 1205/1205
f 1205/1205 1204/1204 1206/1206
f 1205/1205 1206/1206 1207/1207
f 1207/1207 1206/1206 1208/1208
f 1207/1207 1208/1208 1209/1209
f 1209/1209 1208/1208 1210/1210
f 1209/1209 1210/1210 1211/1211
f 1211/1211 1210/1210 1212/1212
f 1211/1211 1212/1212 1213/1213
f 1213/1213 1212/1212 1214/1214
f 1213/1213 1214/1214 1215/1215
f 1215/1215 1214/1214 1216/1216
f 1215/1215 1216/1216 1217/1217
f 1217/1217 1216/1216 1218/1218
f 1217/1217 1218/1218 1219/1219
f 1219/1219 1218/1218 1220/1220
f 1219/1219 1220/1220 1221/1221
f 1221/1221 1220/1220 1222/1222
f 1221/1221 1222/1222 1223/1223
f 1223/1223 1222/1222 1224/1224
f 1224/1224 1222/1222 1225/1225
f 1224/1224 1225/1225 1226/1226
f 1226/1226 1225/1225 1227/1227
f 1226/1226 1227/1227 1228/1228
f 1228/1228 1227/1227 1229/1229
f 1228/1228 1229/1229 1230/1230
f 1230/1230 1229/1229 1231/1231
f 1230/1230 1231/1231 1232/1232
f 1232/1232 1231/1231 1233/1233
f 1232/1232 1233/1233 1234/1234
f 1234/1234 1233/1233 1235/1235
f 1234/1234 1235/1235 1236/1236
f 1236/1236 1235/1235 1237/1237
f 1236/1236 1237/1237 1238/1238
f 1238/1238 1237/1237 1239/1239
f 1238/1238 1239/1239 1240/1240
f 1240/1240 1239/1239 1241/1241
f 1240/1240 1241/1241 1242/1242
f 1242/1242 1241/1241 1243/1243
f 1242/1242 1243/1243 1244/1244
f 1244/1244 1243/1243 1245/1245
f 1244/1244 1245/1245 1246/1246
f 1246/1246 1245/1245 1247/1247
f 1246/1246 1247/1247 1248/1248
f 1248/1248 1247/1247 1249/1249
f 1248/1248 1249/1249 1250/1250
f 1250/1250 1249/1249 1251/1251
f 1250/1250 1251/1251 1252/1252
f 1252/1252 1251/1251 1253/1253
f 1253/1253 1251/1251 1254/1254
f 1253/1253 1254/1254 1255/1255
f 1255/1255 1254/1254 1256/1256
f 1255/1255 1256/1256 1257/1257
f 1257/1257 1256/1256 1258/1258
f 1257/1257 1258/1258 1259/1259
f 1259/1259 1258/1258 1260/1260
f 1259/1259 1260/1260 1261/1261
f 1261/1261 1260/1260 1262/1262
f 1261/1261 1262/1262 1263/1263
f 1263/1263 1262/1262 1264/1264
f 1263/1263 1264/1264 1265/1265
f 1265/1265 1264/1264 1266/1266
f 1265/1265 1266/1266 1267/1267
f 1267/1267 1266/1266 1268/1268
f 1267/1267 1268/1268 1269/1269
f 1269/1269 1268/1268 1270/1270
f 1269/1269 1270/1270 1271/1271
f 1271/1271 1270/1270 1272/1272
f 1271/1271 1272/1272 1273/1273
f 1273/1273 1272/1272 1274/1274
f 1273/1273 1274/1274 1275/1275
f 1275/1275 1274/1274 1276/1276
f 1275/1275 1276/1276 1277/1277
f 1277/1277 1276/1276 1278/1278
f 1277/1277 1278/1278 1279/1279
f 1279/1279 1278/1278 1280/1280
f 1280/1280 1278/1278 1281/1281
f 1280/1280 1281/1281 1282/1282
f 1282/1282 1281/1281 1283/1283
f 1282/1282 1283/1283 1284/1284
f 1284/1284 1283/1283 1285/1285
f 1284/1284 1285/1285 1286/1286
f 1286/1286 1285/1285 1287/1287
f 1286/1286 1287/1287 1288/1288
f 1288/1288 1287/1287 1289/1289
f 1288/1288 1289/1289 1290/1290
f 1290/1290 1289/1289 1291/1291
f 1290/1290 1291/1291 1292/1292
f 1292/1292 1291/1291 1293/1293
f 1292/1292 1293/1293 1294/1294
f 1294/1294 1293/1293 1295/1295
f 1294/1294 1295/1295 1296/1296
f 1296/1296 1295/1295 1297/1297
f 1296/1296 1297/1297 1298/1298
f 1298/1298 1297/1297 1299/1299
f 1298/1298 1299/1299 1300/1300
f 1300/1300 1299/1299 1301/1301
f 1300/1300 1301/1301 1302/1302
f 1302/1302 1301/1301 1303/1303
f 1302/1302 1303/1303 1304/1304
f 1304/1304 1303/1303 1305/1305
f 1304/1304 1305/1305 1196/1196
f 1196/1196 1305/1305 1194/1194
f 1306/1306 1307/1307 1308/1308
f 1308/1308 1307/1307 1309/1309
f 1308/1308 1309/1309 1310/1310
f 1310/1310 1309/1309 1311/1311
f 1310/1310 1311/1311 1312/1312
f 1312/1312 1311/1311 1313/1313
f 1312/1312 1313/1313 1314/1314
f 1314/1314 1313/1313 1315/1315
f 1314/1314 1315/1315 1316/1316
f 1316/1316 1315/1315 1317/1317
f 1316/1316 1317/1317 1318/1318
f 1318/1318 1317/1317 1319/1319
f 1318/1318 1319/1319 1320/1320
f 1320/1320 1319/1319 1321/1321
f 1320/1320 1321/1321 1322/1322
f 1322/1322 1321/1321 1323/1323
f 1322/1322 1323/1323 1324/1324
f 1324/1324 1323/1323 1325/1325
f 1324/1324 1325/1325 1326/1326
f 1326/1326 1325/1325 1327/1327
f 1326/1326 1327/1327 1328/1328
f 1328/1328 1327/1327 1329/1329
f 1328/1328 1329/1329 1330/1330
f 1330/1330 1329/1329 1331/1331
f 1330/1330 1331/1331 1332/1332
f 1332/1332 1331/1331 1333/1333
f 1332/1332 1333/1333 1334/1334
f 1334/1334 1333/1333 1335/1335
f 1334/1334 1335/1335 1336/1336
f 1336/1336 1335/1335 1337/1337
f 1336/1336 1337/1337 1338/1338
f 1338/1338 1337/1337 1339/1339
f 1338/1338 1339/1339 1340/1340
f 1340/1340 1339/1339 1341/1341
f 1340/1340 1341/1341 1342/1342
f 1342/1342 1341/1341 1343/1343
f 1342/1342 1343/1343 1344/1344
f 1344/1344 1343/1343 1345/1345
f 1344/1344 1345/1345 1346/1346
f 1346/1346 1345/1345 1347/1347
f 1346/1346 1347/1347 1348/1348
f 1348/1348 1347/1347 1349/1349
f 1348/1348 1349/1349 1350/1350
f 1350/1350 1349/1349 1351/1351
f 1350/1350 1351/1351 1352/1352
f 1352/1352 1351/1351 1353/1353
f 1352/1352 1353/1353 1354/1354
f 1354/1354 1353/1353 1355/1355
f 1354/1354 1355/1355 1356/1356
f 1356/1356 1355/1355 1357/1357
f 1356/1356 1357/1357 1358/1358
f 1358/1358 1357/1357 1359/1359
f 1358/1358 1359/1359 1360/1360
f 1360/1360 1359/1359 1361/1361
f 1360/1360 1361/1361 1362/1362
f 1363/1363 1364/1364 1365/1365
f 1363/1363 1365/1365 1366/1366
f 1366/1366 1365/1365 1367/1367
f 1366/1366 1367/1367 1368/1368
f 1368/1368 1367/1367 1369/1369
f 1368/1368 1369/1369 1370/1370
f 1370/1370 1369/1369 1371/1371
f 1370/1370 1371/1371 1372/1372
f 1372/1372 1371/1371 1373/1373
f 1372/1372 1373/1373 1374/1374
f 1374/1374 1373/1373 1375/1375
f 1374/1374 1375/1375 1376/1376
f 1376/1376 1375/1375 1377/1377
f 1376/1376 1377/1377 1378/1378
f 1378/1378 1377/1377 1379/1379
f 1378/1378 1379/1379 1380/1380
f 1380/1380 1379/1379 1381/1381
f 1380/1380 1381/1381 1382/1382
f 1382/1382 1381/1381 1383/1383
f 1382/1382 1383/1383 1384/1384
f 1384/1384 1383/1383 1385/1385
f 1384/1384 1385/1385 1386/1386
f 1386/1386 1385/1385 1387/1387
f 1386/1386 1387/1387 1388/1388
f 1388/1388 1387/1387 1389/1389
f 1388/1388 1389/1389 1390/1390
f 1390/1390 1389/1389 1391/1391
f 1390/1390 1391/1391 1392/1392
f 1392/1392 1391/1391 1393/1393
f 1392/1392 1393/1393 1394/1394
f 1394/1394 1393/1393 1395/1395
f 1394/1394 1395/1395 1396/1396
f 1396/1396 1395/1395 1397/1397
f 1396/1396 1397/1397 1398/1398
f 1398/1398 1397/1397 1399/1399
f 1398/1398 1399/1399 1400/1400
f 1400/1400 1399/1399 1401/1401
f 1400/1400 1401/1401 1402/1402
f 1402/1402 1401/1401 1403/1403
f 1402/1402 1403/1403 1404/1404
f 1404/1404 1403/1403 1405/1405
f 1404/1404 1405/1405 1406/1406
f 1406/1406 1405/1405 1407/1407
f 1406/1406 1407/1407 1408/1408
f 1408/1408 1407/1407 1409/1409
f 1408/1408 1409/1409 1410/1410
f 1410/1410 1409/1409 1411/1411
f 1410/1410 1411/1411 1412/1412
f 1412/1412 1411/1411 1413/1413
f 1412/1412 1413/1413 1414/1414
f 1414/1414 1413/1413 1415/1415
f 1414/1414 1415/1415 1416/1416
f 1416/1416 1415/1415 1417/1417
f 1416/1416 1417/1417 1306/1306
f 1306/1306 1417/1417 1307/1307
f 1418/1418 1419/1419 1420/1420
f 1420/1420 1419/1419 1421/1421
f 1420/1420 1421/1421 1422/1422
f 1419/1419 1418/1418 1423/1423
f 1423/1423 1418/1418 1424/1424
f 1423/1423 1424/1424 1425/1425
f 1425/1425 1424/1424 1426/1426
f 1426/1426 1424/1424 1427/1427
f 1426/1426 1427/1427 1428/1428
f 1428/1428 1427/1427 1429/1429
f 1428/1428 1429/1429 1430/1430
f 1430/1430 1429/1429 1431/1431
f 1431/1431 1429/1429 1432/1432
f 1431/1431 1432/1432 1433/1433
f 1433/1433 1432/1432 1434/1434
f 1433/1433 1434/1434 1435/1435
f 1435/1435 1434/1434 1436/1436
f 1436/1436 1434/1434 1437/1437
f 1436/1436 1437/1437 1438/1438
f 1438/1438 1437/1437 1439/1439
f 1438/1438 1439/1439 1440/1440
f 1440/1440 1439/1439 1441/1441
f 1441/1441 1439/1439 1442/1442
f 1441/1441 1442/1442 1443/1443
f 1443/1443 1442/1442 1444/1444
f 1444/1444 1442/1442 1445/1445
f 1444/1444 1445/1445 1446/1446
f 1446/1446 1445/1445 1447/1447
f 1446/1446 1447/1447 1448/1448
f 1448/1448 1447/1447 1449/1449
f 1449/1449 1447/1447 1450/1450
f 1449/1449 1450/1450 1451/1451
f 1451/1451 1450/1450 1452/1452
f 1451/1451 1452/1452 1453/1453
f 1453/1453 1452/1452 1454/1454
f 1454/1454 1452/1452 1455/1455
f 1454/1454 1455/1455 1456/1456
f 1456/1456 1455/1455 1457/1457
f 1456/1456 1457/1457 1458/1458
f 1458/1458 1457/1457 1459/1459
f 1459/1459 1457/1457 1460/1460
f 1459/1459 1460/1460 1461/1461
f 1461/1461 1460/1460 1462/1462
f 1461/1461 1462/1462 1463/1463
f 1463/1463 1462/1462 1464/1464
f 1464/1464 1462/1462 1465/1465
f 1464/1464 1465/1465 1466/1466
f 1466/1466 1465/1465 1467/1467
f 1466/1466 1467/1467 1468/1468
f 1468/1468 1467/1467 1469/1469
f 1469/1469 1467/1467 1470/1470
f 1469/1469 1470/1470 1471/1471
f 1471/1471 1470/1470 1472/1472
f 1471/1471 1472/1472 1473/1473
f 1473/1473 1472/1472 1474/1474
f 1474/1474 1472/1472 1475/1475
f 1474/1474 1475/1475 1476/1476
f 1476/1476 1475/1475 1477/1477
f 1476/1476 1477/1477 1478/1478
f 1478/1478 1477/1477 1479/1479
f 1479/1479 1477/1477 1480/1480
f 1479/1479 1480/1480 1481/1481
f 1481/1481 1480/1480 1482/1482
f 1481/1481 1482/1482 1483/1483
f 1483/1483 1482/1482 1484/1484
f 1484/1484 1482/1482 1485/1485
f 1484/1484 1485/1485 1486/1486
f 1486/1486 1485/1485 1487/1487
f 1486/1486 1487/1487 1488/1488
f 1488/1488 1487/1487 1489/1489
f 1489/1489 1487/1487 1490/1490
f 1489/1489 1490/1490 1491/1491
f 1491/1491 1490/1490 1492/1492
f 1492/1492 1490/1490 1493/1493
f 1492/1492 1493/1493 1494/1494
f 1494/1494 1493/1493 1495/1495
f 1494/1494 1495/1495 1496/1496
f 1496/1496 1495/1495 1497/1497
f 1497/1497 1495/1495 1498/1498
f 1497/1497 1498/1498 1499/1499
f 1499/1499 1498/1498 1500/1500
f 1499/1499 1500/1500 1501/1501
f 1501/1501 1500/1500 1502/1502
f 1502/1502 1500/1500 1503/1503
f 1502/1502 1503/1503 1504/1504
f 1504/1504 1503/1503 1505/1505
f 1504/1504 1505/1505 1506/1506
f 1506/1506 1505/1505 1507/1507
f 1507/1507 1505/1505 1508/1508
f 1507/1507 1508/1508 1422/1422
f 1422/1422 1508/1508 1420/1420
f 1509/1509 1510/1510 1511/1511
f 1511/1511 1510/1510 1512/1512
f 1511/1511 1512/1512 1513/1513
f 1513/1513 1512/1512 1514/1514
f 1513/1513 1514/1514 1515/1515
f 1515/1515 1514/1514 1516/1516
f 1515/1515 1516/1516 1517/1517
f 1517/1517 1516/1516 1518/1518
f 1517/1517 1518/1518 1519/1519
f 1519/1519 1518/1518 1520/1520
f 1519/1519 1520/1520 1521/1521
f 1521/1521 1520/1520 1522/1522
f 1521/1521 1522/1522 1523/1523
f 1523/1523 1522/1522 1524/1524
f 1523/1523 1524/1524 1525/1525
f 1525/1525 1524/1524 1526/1526
f 1525/1525 1526/1526 1527/1527
f 1527/1527 1526/1526 1528/1528
f 1527/1527 1528/1528 1529/1529
f 1529/1529 1528/1528 1530/1530
f 1529/1529 1530/1530 1531/1531
f 1531/1531 1530/1530 1532/1532
f 1531/1531 1532/1532 1533/1533
f 1533/1533 1532/1532 1534/1534
f 1533/1533 1534/1534 1535/1535
f 1535/1535 1534/1534 1536/1536
f 1535/1535 1536/1536 1537/1537
f 1537/1537 1536/1536 1538/1538
f 1537/1537 1538/1538 1539/1539
f 1539/1539 1538/1538 1540/1540
f 1539/1539 1540/1540 1541/1541
f 1541/1541 1540/1540 1542/1542
f 1541/1541 1542/1542 1543/1543
f 1543/1543 1542/1542 1544/1544
f 1543/1543 1544/1544 1545/1545
f 1545/1545 1544/1544 1546/1546
f 1545/1545 1546/1546 1547/1547
f 1547/1547 1546/1546 1548/1548
f 1549/1549 1550/1550 1551/1551
f 1551/1551 1550/1550 1552/1552
f 1551/1551 1552/1552 1553/1553
f 1553/1553 1552/1552 1554/1554
f 1553/1553 1554/1554 1555/1555
f 1555/1555 1554/1554 1556/1556
f 1555/1555 1556/1556 1557/1557
f 1557/1557 1556/1556 1558/1558
f 1557/1557 1558/1558 1559/1559
f 1559/1559 1558/1558 1560/1560
f 1559/1559 1560/1560 1561/1561
f 1561/1561 1560/1560 1562/1562
f 1561/1561 1562/1562 1563/1563
f 1563/1563 1562/1562 1564/1564
f 1563/1563 1564/1564 1565/1565
f 1565/1565 1564/1564 1566/1566
f 1565/1565 1566/1566 1567/1567
f 1567/1567 1566/1566 1568/1568
f 1567/1567 1568/1568 1569/1569
f 1569/1569 1568/1568 1570/1570
f 1569/1569 1570/1570 1571/1571
f 1571/1571 1570/1570 1572/1572
f 1571/1571 1572/1572 1573/1573
f 1573/1573 1572/1572 1574/1574
f 1573/1573 1574/1574 1575/1575
f 1575/1575 1574/1574 1576/1576
f 1575/1575 1576/1576 1577/1577
f 1577/1577 1576/1576 1578/1578
f 1577/1577 1578/1578 1579/1579
f 1579/1579 1578/1578 1580/1580
f 1579/1579 1580/1580 1581/1581
f 1581/1581 1580/1580 1582/1582
f 1581/1581 1582/1582 1509/1509
f 1509/1509 1582/1582 1510/1510
f 1583/1583 1584/1584 1585/1585
f 1585/1585 1584/1584 1586/1586
f 1585/1585 1586/1586 1587/1587
f 1587/1587 1586/1586 1588/1588
f 1587/1587 1588/1588 1589/1589
f 1589/1589 1588/1588 1590/1590
f 1589/1589 1590/1590 1591/1591
f 1591/1591 1590/1590 1592/1592
f 1591/1591 1592/1592 1593/1593
f 1593/1593 1592/1592 1594/1594
f 1593/1593 1594/1594 1595/1595
f 1595/1595 1594/1594 1596/1596
f 1595/1595 1596/1596 1597/1597
f 1597/1597 1596/1596 1598/1598
f 1597/1597 1598/1598 1599/1599
f 1599/1599 1598/1598 1600/1600
f 1599/1599 1600/1600 1601/1601
f 1601/1601 1600/1600 1602/1602
f 1601/1601 1602/1602 1603/1603
f 1603/1603 1602/1602 1604/1604
f 1603/1603 1604/1604 1605/1605
f 1605/1605 1604/1604 1606/1606
f 1605/1605 1606/1606 1607/1607
f 1607/1607 1606/1606 1608/1608
f 1607/1607 1608/1608 1609/1609
f 1609/1609 1608/1608 1610/1610
f 1609/1609 1610/1610 1611/1611
f 1611/1611 1610/1610 1612/1612
f 1611/1611 1612/1612 1613/1613
f 1613/1613 1612/1612 1614/1614
f 1613/1613 1614/1614 1615/1615
f 1615/1615 1614/1614 1616/1616
f 1615/1615 1616/1616 1617/1617
f 1617/1617 1616/1616 1618/1618
f 1617/1617 1618/1618 1619/1619
f 1619/1619 1618/1618 1620/1620
f 1619/1619 1620/1620 1621/1621
f 1621/1621 1620/1620 1622/1622
f 1623/1623 1624/1624 1625/1625
f 1625/1625 1624/1624 1626/1626
f 1625/1625 1626/1626 1627/1627
f 1627/1627 1626/1626 1628/1628
f 1627/1627 1628/1628 1629/1629
f 1629/1629 1628/1628 1630/1630
f 1629/1629 1630/1630 1631/1631
f 1631/1631 1630/1630 1632/1632
f 1631/1631 1632/1632 1633/1633
f 1633/1633 1632/1632 1634/1634
f 1633/1633 1634/1634 1635/1635
f 1635/1635 1634/1634 1636/1636
f 1635/1635 1636/1636 1637/1637
f 1637/1637 1636/1636 1638/1638
f 1637/1637 1638/1638 1639/1639
f 1639/1639 1638/1638 1640/1640
f 1639/1639 1640/1640 1641/1641
f 1641/1641 1640/1640 1642/1642
f 1641/1641 1642/1642 1643/1643
f 1643/1643 1642/1642 1644/1644
f 1643/1643 1644/1644 1645/1645
f 1645/1645 1644/1644 1646/1646
f 1645/1645 1646/1646 1647/1647
f 1647/1647 1646/1646 1648/1648
f 1647/1647 1648/1648 1649/1649
f 1649/1649 1648/1648 1650/1650
f 1649/1649 1650/1650 1651/1651
f 1651/1651 1650/1650 1652/1652
f 1651/1651 1652/1652 1653/1653
f 1653/1653 1652/1652 1654/1654
f 1653/1653 1654/1654 1655/1655
f 1655/1655 1654/1654 1656/1656
f 1655/1655 1656/1656 1583/1583
f 1583/1583 1656/1656 1584/1584
f 1657/1657 1658/1658 1659/1659
f 1659/1659 1658/1658 1660/1660
f 1659/1659 1660/1660 1661/1661
f 1658/1658 1657/1657 1662/1662
f 1662/1662 1657/1657 1663/1663
f 1662/1662 1663/1663 1664/1664
f 1664/1664 1663/1663 1665/1665
f 1664/1664 1665/1665 1666/1666
f 1666/1666 1665/1665 1667/1667
f 1667/1667 1665/1665 1668/1668
f 1667/1667 1668/1668 1669/1669
f 1669/1669 1668/1668 1670/1670
f 1669/1669 1670/1670 1671/1671
f 1671/1671 1670/1670 1672/1672
f 1672/1672 1670/1670 1673/1673
f 1672/1672 1673/1673 1674/1674
f 1672/1672 1674/1674 1675/1675
f 1675/1675 1674/1674 1676/1676
f 1675/1675 1676/1676 1677/1677
f 1675/1675 1677/1677 1678/1678
f 1678/1678 1677/1677 1679/1679
f 1678/1678 1679/1679 1680/1680
f 1680/1680 1679/1679 1681/1681
f 1680/1680 1681/1681 1682/1682
f 1680/1680 1682/1682 1683/1683
f 1683/1683 1682/1682 1684/1684
f 1683/1683 1684/1684 1685/1685
f 1685/1685 1684/1684 1661/1661
f 1661/1661 1684/1684 1659/1659
f 1686/1686 1687/1687 1688/1688
f 1688/1688 1687/1687 1689/1689
f 1688/1688 1689/1689 1666/1666
f 1666/1666 1689/1689 1664/1664
f 1687/1687 1686/1686 1690/1690
f 1690/1690 1686/1686 1691/1691
f 1690/1690 1691/1691 1692/1692
f 1692/1692 1691/1691 1693/1693
f 1693/1693 1691/1691 1694/1694
f 1693/1693 1694/1694 1695/1695
f 1695/1695 1694/1694 1696/1696
f 1695/1695 1696/1696 1697/1697
f 1694/1694 1698/1698 1696/1696
f 1696/1696 1698/1698 1699/1699
f 1696/1696 1699/1699 1700/1700
f 1700/1700 1699/1699 1701/1701
f 1700/1700 1701/1701 1702/1702
f 1702/1702 1701/1701 1703/1703
f 1702/1702 1703/1703 1704/1704
f 1702/1702 1704/1704 1705/1705
f 1705/1705 1704/1704 1706/1706
f 1705/1705 1706/1706 1671/1671
f 1671/1671 1706/1706 1707/1707
f 1671/1671 1707/1707 1669/1669
f 1708/1708 1709/1709 1710/1710
f 1710/1710 1709/1709 1711/1711
f 1710/1710 1711/1711 1712/1712
f 1712/1712 1711/1711 1713/1713
f 1712/1712 1713/1713 1714/1714
f 1714/1714 1713/1713 1715/1715
f 1714/1714 1715/1715 1692/1692
f 1692/1692 1715/1715 1690/1690
f 1716/1716 1717/1717 1708/1708
f 1708/1708 1717/1717 1718/1718
f 1708/1708 1718/1718 1709/1709
f 1709/1709 1718/1718 1719/1719
f 1709/1709 1719/1719 1720/1720
f 1720/1720 1719/1719 1721/1721
f 1720/1720 1721/1721 1722/1722
f 1722/1722 1721/1721 1723/1723
f 1722/1722 1723/1723 1724/1724
f 1724/1724 1723/1723 1725/1725
f 1724/1724 1725/1725 1726/1726
f 1726/1726 1725/1725 1727/1727
f 1727/1727 1725/1725 1728/1728
f 1727/1727 1728/1728 1729/1729
f 1729/1729 1728/1728 1730/1730
f 1729/1729 1730/1730 1731/1731
f 1731/1731 1730/1730 1732/1732
f 1732/1732 1730/1730 1733/1733
f 1732/1732 1733/1733 1734/1734
f 1734/1734 1733/1733 1735/1735
f 1735/1735 1733/1733 1736/1736
f 1735/1735 1736/1736 1737/1737
f 1737/1737 1736/1736 1738/1738
f 1738/1738 1736/1736 1739/1739
f 1739/1739 1736/1736 1740/1740
f 1739/1739 1740/1740 1741/1741
f 1741/1741 1740/1740 1742/1742
f 1741/1741 1742/1742 1743/1743
f 1743/1743 1742/1742 1744/1744
f 1744/1744 1742/1742 1745/1745
f 1744/1744 1745/1745 1746/1746
f 1746/1746 1745/1745 1747/1747
f 1746/1746 1747/1747 1748/1748
f 1748/1748 1747/1747 1749/1749
f 1749/1749 1747/1747 1750/1750
f 1749/1749 1750/1750 1751/1751
f 1717/1717 1716/1716 1752/1752
f 1752/1752 1716/1716 1753/1753
f 1752/1752 1753/1753 1754/1754
f 1752/1752 1754/1754 1755/1755
f 1755/1755 1754/1754 1756/1756
f 1755/1755 1756/1756 1757/1757
f 1757/1757 1756/1756 1758/1758
f 1757/1757 1758/1758 1759/1759
f 1757/1757 1759/1759 1697/1697
f 1697/1697 1759/1759 1760/1760
f 1697/1697 1760/1760 1695/1695
f 1722/1722 1761/1761 1720/1720
f 1720/1720 1761/1761 1762/1762
f 1762/1762 1761/1761 1763/1763
f 1762/1762 1763/1763 1764/1764
f 1764/1764 1763/1763 1765/1765
f 1764/1764 1765/1765 1766/1766
f 1766/1766 1765/1765 1767/1767
f 1766/1766 1767/1767 1768/1768
f 1768/1768 1767/1767 1769/1769
f 1768/1768 1769/1769 1770/1770
f 1767/1767 1771/1771 1769/1769
f 1769/1769 1771/1771 1737/1737
f 1737/1737 1771/1771 1735/1735
f 1768/1768 1770/1770 1772/1772
f 1772/1772 1770/1770 1773/1773
f 1772/1772 1773/1773 1774/1774
f 1774/1774 1773/1773 1775/1775
f 1774/1774 1775/1775 1776/1776
f 1776/1776 1775/1775 1777/1777
f 1776/1776 1777/1777 1778/1778
f 1775/1775 1779/1779 1777/1777
f 1777/1777 1779/1779 1751/1751
f 1751/1751 1779/1779 1749/1749
f 1780/1780 1781/1781 1782/1782
f 1782/1782 1781/1781 1783/1783
f 1782/1782 1783/1783 1784/1784
f 1784/1784 1783/1783 1785/1785
f 1785/1785 1783/1783 1786/1786
f 1785/1785 1786/1786 1787/1787
f 1787/1787 1786/1786 1788/1788
f 1787/1787 1788/1788 1789/1789
f 1789/1789 1788/1788 1790/1790
f 1790/1790 1788/1788 1791/1791
f 1790/1790 1791/1791 1792/1792
f 1792/1792 1791/1791 1793/1793
f 1792/1792 1793/1793 1794/1794
f 1780/1780 1750/1750 1781/1781
f 1781/1781 1750/1750 1747/1747
f 1776/1776 1778/1778 1795/1795
f 1795/1795 1778/1778 1796/1796
f 1795/1795 1796/1796 1797/1797
f 1797/1797 1796/1796 1798/1798
f 1797/1797 1798/1798 1799/1799
f 1799/1799 1798/1798 1794/1794
f 1794/1794 1798/1798 1792/1792
f 1797/1797 1799/1799 1800/1800
f 1800/1800 1799/1799 1801/1801
f 1800/1800 1801/1801 1802/1802
f 1802/1802 1801/1801 1803/1803
f 1802/1802 1803/1803 1804/1804
f 1804/1804 1803/1803 1660/1660
f 1804/1804 1660/1660 1658/1658
f 1685/1685 1805/1805 1683/1683
f 1683/1683 1805/1805 1806/1806
f 1806/1806 1805/1805 1807/1807
f 1806/1806 1807/1807 1808/1808
f 1806/1806 1808/1808 1809/1809
f 1809/1809 1808/1808 1810/1810
f 1809/1809 1810/1810 1811/1811
f 1811/1811 1810/1810 1812/1812
f 1811/1811 1812/1812 1813/1813
f 1811/1811 1813/1813 1791/1791
f 1791/1791 1813/1813 1793/1793
f 1814/1814 1815/1815 1816/1816
f 1816/1816 1815/1815 1817/1817
f 1816/1816 1817/1817 1818/1818
f 1818/1818 1817/1817 1819/1819
f 1818/1818 1819/1819 1820/1820
f 1820/1820 1819/1819 1821/1821
f 1820/1820 1821/1821 1822/1822
f 1822/1822 1821/1821 1823/1823
f 1822/1822 1823/1823 1824/1824
f 1824/1824 1823/1823 1825/1825
f 1824/1824 1825/1825 1826/1826
f 1826/1826 1825/1825 1827/1827
f 1826/1826 1827/1827 1828/1828
f 1828/1828 1827/1827 1829/1829
f 1828/1828 1829/1829 1830/1830
f 1830/1830 1829/1829 1831/1831
f 1830/1830 1831/1831 1832/1832
f 1832/1832 1831/1831 1833/1833
f 1832/1832 1833/1833 1834/1834
f 1834/1834 1833/1833 1835/1835
f 1834/1834 1835/1835 1836/1836
f 1836/1836 1835/1835 1837/1837
f 1836/1836 1837/1837 1838/1838
f 1839/1839 1840/1840 1841/1841
f 1839/1839 1841/1841 1842/1842
f 1842/1842 1841/1841 1843/1843
f 1842/1842 1843/1843 1844/1844
f 1844/1844 1843/1843 1845/1845
f 1844/1844 1845/1845 1846/1846
f 1846/1846 1845/1845 1847/1847
f 1846/1846 1847/1847 1848/1848
f 1848/1848 1847/1847 1849/1849
f 1848/1848 1849/1849 1850/1850
f 1850/1850 1849/1849 1851/1851
f 1850/1850 1851/1851 1852/1852
f 1852/1852 1851/1851 1853/1853
f 1852/1852 1853/1853 1854/1854
f 1854/1854 1853/1853 1855/1855
f 1854/1854 1855/1855 1856/1856
f 1856/1856 1855/1855 1857/1857
f 1856/1856 1857/1857 1858/1858
f 1858/1858 1857/1857 1859/1859
f 1858/1858 1859/1859 1860/1860
f 1860/1860 1859/1859 1861/1861
f 1860/1860 1861/1861 1814/1814
f 1814/1814 1861/1861 1815/1815
f 1862/1862 1863/1863 1864/1864
f 1864/1864 1863/1863 1865/1865
f 1864/1864 1865/1865 1866/1866
f 1866/1866 1865/1865 1867/1867
f 1867/1867 1865/1865 1868/1868
f 1867/1867 1868/1868 1869/1869
f 1869/1869 1868/1868 1870/1870
f 1870/1870 1868/1868 1871/1871
f 1870/1870 1871/1871 1872/1872
f 1872/1872 1871/1871 1873/1873
f 1873/1873 1871/1871 1874/1874
f 1873/1873 1874/1874 1875/1875
f 1875/1875 1874/1874 1876/1876
f 1875/1875 1876/1876 1877/1877
f 1877/1877 1876/1876 1878/1878
f 1877/1877 1878/1878 1879/1879
f 1879/1879 1878/1878 1880/1880
f 1879/1879 1880/1880 1881/1881
f 1881/1881 1880/1880 1882/1882
f 1881/1881 1882/1882 1883/1883
f 1883/1883 1882/1882 1884/1884
f 1884/1884 1882/1882 1885/1885
f 1884/1884 1885/1885 1886/1886
f 1886/1886 1885/1885 1887/1887
f 1887/1887 1885/1885 1888/1888
f 1887/1887 1888/1888 1889/1889
f 1889/1889 1888/1888 1890/1890
f 1889/1889 1890/1890 1891/1891
f 1891/1891 1890/1890 1892/1892
f 1892/1892 1890/1890 1893/1893
f 1892/1892 1893/1893 1894/1894
f 1894/1894 1893/1893 1895/1895
f 1894/1894 1895/1895 1896/1896
f 1896/1896 1895/1895 1897/1897
f 1897/1897 1895/1895 1898/1898
f 1897/1897 1898/1898 1899/1899
f 1899/1899 1898/1898 1900/1900
f 1900/1900 1898/1898 1901/1901
f 1900/1900 1901/1901 1902/1902
f 1902/1902 1901/1901 1903/1903
f 1902/1902 1903/1903 1904/1904
f 1904/1904 1903/1903 1905/1905
f 1905/1905 1903/1903 1906/1906
f 1905/1905 1906/1906 1907/1907
f 1907/1907 1906/1906 1908/1908
f 1908/1908 1906/1906 1909/1909
f 1908/1908 1909/1909 1910/1910
f 1910/1910 1909/1909 1911/1911
f 1910/1910 1911/1911 1912/1912
f 1912/1912 1911/1911 1913/1913
f 1912/1912 1913/1913 1914/1914
f 1914/1914 1913/1913 1915/1915
f 1914/1914 1915/1915 1916/1916
f 1916/1916 1915/1915 1917/1917
f 1916/1916 1917/1917 1918/1918
f 1918/1918 1917/1917 1919/1919
f 1919/1919 1917/1917 1920/1920
f 1919/1919 1920/1920 1921/1921
f 1921/1921 1920/1920 1922/1922
f 1922/1922 1920/1920 1923/1923
f 1922/1922 1923/1923 1924/1924
f 1924/1924 1923/1923 1925/1925
f 1924/1924 1925/1925 1926/1926
f 1863/1863 1862/1862 1927/1927
f 1927/1927 1862/1862 1928/1928
f 1927/1927 1928/1928 1929/1929
f 1929/1929 1928/1928 1930/1930
f 1929/1929 1930/1930 1931/1931
f 1931/1931 1930/1930 1932/1932
f 1931/1931 1932/1932 1933/1933
f 1933/1933 1932/1932 1934/1934
f 1933/1933 1934/1934 1935/1935
f 1935/1935 1934/1934 1936/1936
f 1935/1935 1936/1936 1937/1937
f 1937/1937 1936/1936 1938/1938
f 1937/1937 1938/1938 1939/1939
f 1939/1939 1938/1938 1940/1940
f 1939/1939 1940/1940 1941/1941
f 1941/1941 1940/1940 1942/1942
f 1941/1941 1942/1942 1943/1943
f 1940/1940 1944/1944 1942/1942
f 1942/1942 1944/1944 1945/1945
f 1945/1945 1944/1944 1946/1946
f 1945/1945 1946/1946 1947/1947
f 1947/1947 1946/1946 1948/1948
f 1947/1947 1948/1948 1949/1949
f 1949/1949 1948/1948 1950/1950
f 1949/1949 1950/1950 1951/1951
f 1951/1951 1950/1950 1952/1952
f 1951/1951 1952/1952 1953/1953
f 1953/1953 1952/1952 1954/1954
f 1953/1953 1954/1954 1955/1955
f 1955/1955 1954/1954 1956/1956
f 1956/1956 1954/1954 1957/1957
f 1957/1957 1954/1954 1958/1958
f 1957/1957 1958/1958 1959/1959
f 1959/1959 1958/1958 1960/1960
f 1959/1959 1960/1960 1961/1961
f 1961/1961 1960/1960 1962/1962
f 1962/1962 1960/1960 1963/1963
f 1962/1962 1963/1963 1964/1964
f 1964/1964 1963/1963 1866/1866
f 1866/1866 1963/1963 1864/1864
f 1876/1876 1965/1965 1878/1878
f 1878/1878 1965/1965 1966/1966
f 1966/1966 1965/1965 1967/1967
f 1966/1966 1967/1967 1968/1968
f 1968/1968 1967/1967 1969/1969
f 1968/1968 1969/1969 1970/1970
f 1970/1970 1969/1969 1971/1971
f 1970/1970 1971/1971 1972/1972
f 1972/1972 1971/1971 1973/1973
f 1972/1972 1973/1973 1974/1974
f 1974/1974 1973/1973 1975/1975
f 1974/1974 1975/1975 1976/1976
f 1976/1976 1975/1975 1977/1977
f 1976/1976 1977/1977 1978/1978
f 1978/1978 1977/1977 1979/1979
f 1978/1978 1979/1979 1980/1980
f 1980/1980 1979/1979 1981/1981
f 1980/1980 1981/1981 1982/1982
f 1982/1982 1981/1981 1983/1983
f 1982/1982 1983/1983 1984/1984
f 1984/1984 1983/1983 1985/1985
f 1984/1984 1985/1985 1986/1986
f 1986/1986 1985/1985 1987/1987
f 1987/1987 1985/1985 1988/1988
f 1987/1987 1988/1988 1989/1989
f 1989/1989 1988/1988 1990/1990
f 1989/1989 1990/1990 1991/1991
f 1991/1991 1990/1990 1992/1992
f 1991/1991 1992/1992 1993/1993
f 1993/1993 1992/1992 1994/1994
f 1993/1993 1994/1994 1995/1995
f 1995/1995 1994/1994 1996/1996
f 1995/1995 1996/1996 1997/1997
f 1997/1997 1996/1996 1998/1998
f 1997/1997 1998/1998 1999/1999
f 1999/1999 1998/1998 2000/2000
f 1999/1999 2000/2000 2001/2001
f 2001/2001 2000/2000 2002/2002
f 2001/2001 2002/2002 2003/2003
f 2003/2003 2002/2002 2004/2004
f 2003/2003 2004/2004 1911/1911
f 1911/1911 2004/2004 1913/1913
f 1973/1973 2005/2005 1975/1975
f 1975/1975 2005/2005 2006/2006
f 2006/2006 2005/2005 2007/2007
f 2006/2006 2007/2007 2008/2008
f 2008/2008 2007/2007 2009/2009
f 2008/2008 2009/2009 1935/1935
f 1935/1935 2009/2009 1933/1933
f 1895/1895 1893/1893 2010/2010
f 2010/2010 1893/1893 2011/2011
f 2010/2010 2011/2011 1986/1986
f 1986/1986 2011/2011 1984/1984
f 2012/2012 2013/2013 2014/2014
f 2014/2014 2013/2013 2015/2015
f 2014/2014 2015/2015 2016/2016
f 2016/2016 2015/2015 2017/2017
f 2016/2016 2017/2017 2018/2018
f 2018/2018 2017/2017 2019/2019
f 2018/2018 2019/2019 2020/2020
f 2013/2013 2012/2012 1994/1994
f 1994/1994 2012/2012 1996/1996
f 1923/1923 2021/2021 1925/1925
f 1925/1925 2021/2021 2022/2022
f 2022/2022 2021/2021 2023/2023
f 2022/2022 2023/2023 2024/2024
f 2024/2024 2023/2023 2025/2025
f 2024/2024 2025/2025 2026/2026
f 2026/2026 2025/2025 2027/2027
f 2026/2026 2027/2027 2020/2020
f 2020/2020 2027/2027 2018/2018
f 2028/2028 2029/2029 2030/2030
f 2030/2030 2029/2029 2031/2031
f 2030/2030 2031/2031 2032/2032
f 2032/2032 2031/2031 2033/2033
f 2032/2032 2033/2033 2034/2034
f 2034/2034 2033/2033 2035/2035
f 2034/2034 2035/2035 2036/2036
f 2036/2036 2035/2035 2037/2037
f 2036/2036 2037/2037 2038/2038
f 2038/2038 2037/2037 2039/2039
f 2038/2038 2039/2039 2040/2040
f 2040/2040 2039/2039 2041/2041
f 2040/2040 2041/2041 2042/2042
f 2043/2043 2044/2044 2028/2028
f 2028/2028 2044/2044 2045/2045
f 2028/2028 2045/2045 2029/2029
f 2029/2029 2045/2045 2046/2046
f 2046/2046 2045/2045 2047/2047
f 2046/2046 2047/2047 1943/1943
f 1943/1943 2047/2047 1941/1941
f 2044/2044 2043/2043 2048/2048
f 2048/2048 2043/2043 2049/2049
f 2048/2048 2049/2049 2017/2017
f 2017/2017 2049/2049 2019/2019
f 2050/2050 2051/2051 1926/1926
f 1926/1926 2051/2051 2052/2052
f 1926/1926 2052/2052 1924/1924
f 2053/2053 2054/2054 2050/2050
f 2050/2050 2054/2054 2055/2055
f 2050/2050 2055/2055 2051/2051
f 2054/2054 2053/2053 2056/2056
f 2056/2056 2053/2053 2040/2040
f 2056/2056 2040/2040 2042/2042
f 2039/2039 2057/2057 2041/2041
f 2041/2041 2057/2057 2058/2058
f 2058/2058 2057/2057 2059/2059
f 2058/2058 2059/2059 2060/2060
f 2060/2060 2059/2059 2061/2061
f 2061/2061 2059/2059 2062/2062
f 2061/2061 2062/2062 2063/2063
f 2063/2063 2062/2062 2064/2064
f 2064/2064 2062/2062 2065/2065
f 2064/2064 2065/2065 1955/1955
f 1955/1955 2065/2065 1953/1953
f 2066/2066 2067/2067 2068/2068
f 2068/2068 2067/2067 2069/2069
f 2068/2068 2069/2069 2070/2070
f 2070/2070 2069/2069 2071/2071
f 2070/2070 2071/2071 2072/2072
f 2072/2072 2071/2071 2073/2073
f 2072/2072 2073/2073 2074/2074
f 2074/2074 2073/2073 2075/2075
f 2074/2074 2075/2075 2076/2076
f 2076/2076 2075/2075 2077/2077
f 2076/2076 2077/2077 2078/2078
f 2078/2078 2077/2077 2079/2079
f 2078/2078 2079/2079 2080/2080
f 2080/2080 2079/2079 2081/2081
f 2080/2080 2081/2081 2082/2082
f 2082/2082 2081/2081 2083/2083
f 2082/2082 2083/2083 2084/2084
f 2084/2084 2083/2083 2085/2085
f 2084/2084 2085/2085 2086/2086
f 2086/2086 2085/2085 2087/2087
f 2086/2086 2087/2087 2088/2088
f 2088/2088 2087/2087 2089/2089
f 2088/2088 2089/2089 2090/2090
f 2090/2090 2089/2089 2091/2091
f 2090/2090 2091/2091 2092/2092
f 2092/2092 2091/2091 2093/2093
f 2092/2092 2093/2093 2094/2094
f 2094/2094 2093/2093 2095/2095
f 2094/2094 2095/2095 2096/2096
f 2096/2096 2095/2095 2097/2097
f 2096/2096 2097/2097 2098/2098
f 2098/2098 2097/2097 2099/2099
f 2098/2098 2099/2099 2100/2100
f 2100/2100 2099/2099 2101/2101
f 2100/2100 2101/2101 2102/2102
f 2102/2102 2101/2101 2103/2103
f 2102/2102 2103/2103 2104/2104
f 2104/2104 2103/2103 2105/2105
f 2104/2104 2105/2105 2106/2106
f 2106/2106 2105/2105 2107/2107
f 2106/2106 2107/2107 2108/2108
f 2108/2108 2107/2107 2109/2109
f 2108/2108 2109/2109 2110/2110
f 2110/2110 2109/2109 2111/2111
f 2110/2110 2111/2111 2112/2112
f 2112/2112 2111/2111 2113/2113
f 2112/2112 2113/2113 2114/2114
f 2114/2114 2113/2113 2115/2115
f 2114/2114 2115/2115 2116/2116
f 2116/2116 2115/2115 2117/2117
f 2116/2116 2117/2117 2118/2118
f 2118/2118 2117/2117 2119/2119
f 2118/2118 2119/2119 2120/2120
f 2120/2120 2119/2119 2121/2121
f 2120/2120 2121/2121 2122/2122
f 2123/2123 2124/2124 2125/2125
f 2123/2123 2125/2125 2126/2126
f 2126/2126 2125/2125 2127/2127
f 2126/2126 2127/2127 2128/2128
f 2128/2128 2127/2127 2129/2129
f 2128/2128 2129/2129 2130/2130
f 2130/2130 2129/2129 2131/2131
f 2130/2130 2131/2131 2132/2132
f 2132/2132 2131/2131 2133/2133
f 2132/2132 2133/2133 2134/2134
f 2134/2134 2133/2133 2135/2135
f 2134/2134 2135/2135 2136/2136
f 2136/2136 2135/2135 2137/2137
f 2136/2136 2137/2137 2138/2138
f 2138/2138 2137/2137 2139/2139
f 2138/2138 2139/2139 2140/2140
f 2140/2140 2139/2139 2141/2141
f 2140/2140 2141/2141 2142/2142
f 2142/2142 2141/2141 2143/2143
f 2142/2142 2143/2143 2144/2144
f 2144/2144 2143/2143 2145/2145
f 2144/2144 2145/2145 2146/2146
f 2146/2146 2145/2145 2147/2147
f 2146/2146 2147/2147 2148/2148
f 2148/2148 2147/2147 2149/2149
f 2148/2148 2149/2149 2150/2150
f 2150/2150 2149/2149 2151/2151
f 2150/2150 2151/2151 2152/2152
f 2152/2152 2151/2151 2153/2153
f 2152/2152 2153/2153 2154/2154
f 2154/2154 2153/2153 2155/2155
f 2154/2154 2155/2155 2156/2156
f 2156/2156 2155/2155 2157/2157
f 2156/2156 2157/2157 2158/2158
f 2158/2158 2157/2157 2159/2159
f 2158/2158 2159/2159 2160/2160
f 2160/2160 2159/2159 2161/2161
f 2160/2160 2161/2161 2162/2162
f 2162/2162 2161/2161 2163/2163
f 2162/2162 2163/2163 2164/2164
f 2164/2164 2163/2163 2165/2165
f 2164/2164 2165/2165 2166/2166
f 2166/2166 2165/2165 2167/2167
f 2166/2166 2167/2167 2168/2168
f 2168/2168 2167/2167 2169/2169
f 2168/2168 2169/2169 2170/2170
f 2170/2170 2169/2169 2171/2171
f 2170/2170 2171/2171 2172/2172
f 2172/2172 2171/2171 2173/2173
f 2172/2172 2173/2173 2174/2174
f 2174/2174 2173/2173 2175/2175
f 2174/2174 2175/2175 2176/2176
f 2176/2176 2175/2175 2177/2177
f 2176/2176 2177/2177 2066/2066
f 2066/2066 2177/2177 2067/2067
f 2178/2178 2179/2179 2180/2180
f 2180/2180 2179/2179 2181/2181
f 2180/2180 2181/2181 2182/2182
f 2182/2182 2181/2181 2183/2183
f 2182/2182 2183/2183 2184/2184
f 2184/2184 2183/2183 2185/2185
f 2184/2184 2185/2185 2186/2186
f 2186/2186 2185/2185 2187/2187
f 2186/2186 2187/2187 2188/2188
f 2188/2188 2187/2187 2189/2189
f 2188/2188 2189/2189 2190/2190
f 2190/2190 2189/2189 2191/2191
f 2190/2190 2191/2191 2192/2192
f 2192/2192 2191/2191 2193/2193
f 2192/2192 2193/2193 2194/2194
f 2194/2194 2193/2193 2195/2195
f 2194/2194 2195/2195 2196/2196
f 2196/2196 2195/2195 2197/2197
f 2196/2196 2197/2197 2198/2198
f 2198/2198 2197/2197 2199/2199
f 2198/2198 2199/2199 2200/2200
f 2200/2200 2199/2199 2201/2201
f 2200/2200 2201/2201 2202/2202
f 2202/2202 2201/2201 2203/2203
f 2202/2202 2203/2203 2204/2204
f 2204/2204 2203/2203 2205/2205
f 2204/2204 2205/2205 2206/2206
f 2206/2206 2205/2205 2207/2207
f 2206/2206 2207/2207 2208/2208
f 2208/2208 2207/2207 2209/2209
f 2208/2208 2209/2209 2210/2210
f 2208/2208 2210/2210 2211/2211
f 2211/2211 2210/2210 2212/2212
f 2211/2211 2212/2212 2213/2213
f 2213/2213 2212/2212 2214/2214
f 2213/2213 2214/2214 2215/2215
f 2215/2215 2214/2214 2216/2216
f 2215/2215 2216/2216 2217/2217
f 2217/2217 2216/2216 2218/2218
f 2217/2217 2218/2218 2219/2219
f 2219/2219 2218/2218 2220/2220
f 2219/2219 2220/2220 2221/2221
f 2221/2221 2220/2220 2222/2222
f 2221/2221 2222/2222 2223/2223
f 2223/2223 2222/2222 2224/2224
f 2223/2223 2224/2224 2225/2225
f 2225/2225 2224/2224 2226/2226
f 2225/2225 2226/2226 2227/2227
f 2227/2227 2226/2226 2228/2228
f 2227/2227 2228/2228 2229/2229
f 2229/2229 2228/2228 2230/2230
f 2229/2229 2230/2230 2231/2231
f 2231/2231 2230/2230 2232/2232
f 2231/2231 2232/2232 2233/2233
f 2233/2233 2232/2232 2234/2234
f 2233/2233 2234/2234 2235/2235
f 2235/2235 2234/2234 2236/2236
f 2235/2235 2236/2236 2237/2237
f 2235/2235 2237/2237 2238/2238
f 2238/2238 2237/2237 2239/2239
f 2238/2238 2239/2239 2240/2240
f 2240/2240 2239/2239 2241/2241
f 2240/2240 2241/2241 2242/2242
f 2242/2242 2241/2241 2243/2243
f 2242/2242 2243/2243 2244/2244
f 2244/2244 2243/2243 2245/2245
f 2244/2244 2245/2245 2246/2246
f 2246/2246 2245/2245 2247/2247
f 2246/2246 2247/2247 2248/2248
f 2248/2248 2247/2247 2249/2249
f 2248/2248 2249/2249 2250/2250
f 2250/2250 2249/2249 2251/2251
f 2250/2250 2251/2251 2252/2252
f 2252/2252 2251/2251 2253/2253
f 2252/2252 2253/2253 2254/2254
f 2254/2254 2253/2253 2255/2255
f 2254/2254 2255/2255 2256/2256
f 2256/2256 2255/2255 2257/2257
f 2256/2256 2257/2257 2258/2258
f 2258/2258 2257/2257 2259/2259
f 2258/2258 2259/2259 2260/2260
f 2260/2260 2259/2259 2261/2261
f 2260/2260 2261/2261 2262/2262
f 2262/2262 2261/2261 2263/2263
f 2262/2262 2263/2263 2264/2264
f 2264/2264 2263/2263 2265/2265
f 2264/2264 2265/2265 2266/2266
f 2264/2264 2266/2266 2267/2267
f 2267/2267 2266/2266 2268/2268
f 2267/2267 2268/2268 2269/2269
f 2269/2269 2268/2268 2270/2270
f 2269/2269 2270/2270 2271/2271
f 2271/2271 2270/2270 2272/2272
f 2271/2271 2272/2272 2273/2273
f 2273/2273 2272/2272 2274/2274
f 2273/2273 2274/2274 2275/2275
f 2275/2275 2274/2274 2276/2276
f 2275/2275 2276/2276 2277/2277
f 2277/2277 2276/2276 2278/2278
f 2277/2277 2278/2278 2279/2279
f 2279/2279 2278/2278 2280/2280
f 2279/2279 2280/2280 2281/2281
f 2281/2281 2280/2280 2282/2282
f 2281/2281 2282/2282 2283/2283
f 2283/2283 2282/2282 2284/2284
f 2283/2283 2284/2284 2285/2285
f 2285/2285 2284/2284 2286/2286
f 2285/2285 2286/2286 2287/2287
f 2287/2287 2286/2286 2288/2288
f 2287/2287 2288/2288 2289/2289
f 2289/2289 2288/2288 2290/2290
f 2289/2289 2290/2290 2291/2291
f 2291/2291 2290/2290 2178/2178
f 2291/2291 2178/2178 2180/2180
f 2292/2292 2293/2293 2294/2294
f 2294/2294 2293/2293 2295/2295
f 2294/2294 2295/2295 2296/2296
f 2296/2296 2295/2295 2297/2297
f 2296/2296 2297/2297 2298/2298
f 2298/2298 2297/2297 2299/2299
f 2298/2298 2299/2299 2300/2300
f 2300/2300 2299/2299 2301/2301
f 2300/2300 2301/2301 2302/2302
f 2302/2302 2301/2301 2303/2303
f 2302/2302 2303/2303 2304/2304
f 2304/2304 2303/2303 2305/2305
f 2304/2304 2305/2305 2306/2306
f 2306/2306 2305/2305 2307/2307
f 2306/2306 2307/2307 2308/2308
f 2308/2308 2307/2307 2309/2309
f 2308/2308 2309/2309 2310/2310
f 2310/2310 2309/2309 2311/2311
f 2310/2310 2311/2311 2312/2312
f 2312/2312 2311/2311 2313/2313
f 2312/2312 2313/2313 2314/2314
f 2314/2314 2313/2313 2315/2315
f 2314/2314 2315/2315 2316/2316
f 2316/2316 2315/2315 2317/2317
f 2316/2316 2317/2317 2318/2318
f 2318/2318 2317/2317 2319/2319
f 2318/2318 2319/2319 2320/2320
f 2320/2320 2319/2319 2321/2321
f 2320/2320 2321/2321 2322/2322
f 2322/2322 2321/2321 2323/2323
f 2322/2322 2323/2323 2324/2324
f 2324/2324 2323/2323 2325/2325
f 2324/2324 2325/2325 2326/2326
f 2326/2326 2325/2325 2327/2327
f 2326/2326 2327/2327 2328/2328
f 2328/2328 2327/2327 2329/2329
f 2328/2328 2329/2329 2330/2330
f 2330/2330 2329/2329 2331/2331
f 2330/2330 2331/2331 2332/2332
f 2332/2332 2331/2331 2333/2333
f 2332/2332 2333/2333 2334/2334
f 2334/2334 2333/2333 2335/2335
f 2334/2334 2335/2335 2336/2336
f 2336/2336 2335/2335 2337/2337
f 2336/2336 2337/2337 2338/2338
f 2338/2338 2337/2337 2339/2339
f 2338/2338 2339/2339 2340/2340
f 2340/2340 2339/2339 2341/2341
f 2340/2340 2341/2341 2342/2342
f 2342/2342 2341/2341 2343/2343
f 2342/2342 2343/2343 2344/2344
f 2344/2344 2343/2343 2345/2345
f 2344/2344 2345/2345 2346/2346
f 2346/2346 2345/2345 2347/2347
f 2346/2346 2347/2347 2348/2348
f 2348/2348 2347/2347 2349/2349
f 2348/2348 2349/2349 2350/2350
f 2350/2350 2349/2349 2351/2351
f 2350/2350 2351/2351 2352/2352
f 2353/2353 2354/2354 2355/2355
f 2353/2353 2355/2355 2356/2356
f 2356/2356 2355/2355 2357/2357
f 2356/2356 2357/2357 2358/2358
f 2358/2358 2357/2357 2359/2359
f 2358/2358 2359/2359 2360/2360
f 2360/2360 2359/2359 2361/2361
f 2360/2360 2361/2361 2362/2362
f 2362/2362 2361/2361 2363/2363
f 2362/2362 2363/2363 2364/2364
f 2364/2364 2363/2363 2365/2365
f 2364/2364 2365/2365 2366/2366
f 2366/2366 2365/2365 2367/2367
f 2366/2366 2367/2367 2368/2368
f 2368/2368 2367/2367 2369/2369
f 2368/2368 2369/2369 2370/2370
f 2370/2370 2369/2369 2371/2371
f 2370/2370 2371/2371 2372/2372
f 2372/2372 2371/2371 2373/2373
f 2372/2372 2373/2373 2374/2374
f 2374/2374 2373/2373 2375/2375
f 2374/2374 2375/2375 2376/2376
f 2376/2376 2375/2375 2377/2377
f 2376/2376 2377/2377 2378/2378
f 2378/2378 2377/2377 2379/2379
f 2378/2378 2379/2379 2380/2380
f 2380/2380 2379/2379 2381/2381
f 2380/2380 2381/2381 2382/2382
f 2382/2382 2381/2381 2383/2383
f 2382/2382 2383/2383 2384/2384
f 2384/2384 2383/2383 2385/2385
f 2384/2384 2385/2385 2386/2386
f 2386/2386 2385/2385 2387/2387
f 2386/2386 2387/2387 2388/2388
f 2388/2388 2387/2387 2389/2389
f 2388/2388 2389/2389 2390/2390
f 2390/2390 2389/2389 2391/2391
f 2390/2390 2391/2391 2392/2392
f 2392/2392 2391/2391 2393/2393
f 2392/2392 2393/2393 2394/2394
f 2394/2394 2393/2393 2395/2395
f 2394/2394 2395/2395 2396/2396
f 2396/2396 2395/2395 2397/2397
f 2396/2396 2397/2397 2398/2398
f 2398/2398 2397/2397 2399/2399
f 2398/2398 2399/2399 2400/2400
f 2400/2400 2399/2399 2401/2401
f 2400/2400 2401/2401 2402/2402
f 2402/2402 2401/2401 2403/2403
f 2402/2402 2403/2403 2404/2404
f 2404/2404 2403/2403 2405/2405
f 2404/2404 2405/2405 2406/2406
f 2406/2406 2405/2405 2407/2407
f 2406/2406 2407/2407 2408/2408
f 2408/2408 2407/2407 2409/2409
f 2408/2408 2409/2409 2410/2410
f 2410/2410 2409/2409 2411/2411
f 2410/2410 2411/2411 2292/2292
f 2292/2292 2411/2411 2293/2293

