# https://github.com/mikedh/trimesh
mtllib mtl_ur_to_robotiq_adapter

o shape0-mesh
usemtl material_ur_to_robotiq_adapter_0
v 0.03513246 -0.01172918 0.00500000
v 0.03584539 -0.01101619 0.00500000
v 0.03513360 -0.01199996 0.00500000
v 0.03551620 -0.01203536 0.00500000
v 0.03536605 -0.01246947 0.00500000
v 0.03551620 0.01203536 0.00500000
v 0.03584539 0.01101619 0.00500000
v 0.03511154 0.01174998 0.00500000
v 0.03502929 0.01174998 0.00500000
v 0.03502815 0.01199996 0.00500000
v 0.03540027 0.01237207 0.00500000
v 0.03502815 0.01199996 0.00000000
v 0.03502929 0.01174998 0.00000000
v 0.03379994 0.01174998 0.00000000
v 0.03079998 -0.01199996 0.00000000
v 0.03379994 -0.01174998 0.00000000
v 0.03513360 -0.01199996 0.00000000
v 0.03511154 -0.01174998 0.00000000
v 0.03513246 -0.01172918 0.00000000
v 0.03006196 0.01191508 0.00000000
v 0.03042858 0.01197868 0.00000000
v 0.03079998 0.01199996 0.00000000
v 0.03154259 0.00539106 0.00000000
v 0.03179645 0.00360358 0.00000000
v 0.03194910 0.00180465 0.00000000
v 0.02910715 -0.01220309 0.00000000
v -0.02328586 -0.02121365 0.00000000
v 0.02899944 0.01233947 0.00000000
v -0.02478826 -0.01943677 0.00000000
v 0.02891689 0.01249235 0.00000000
v -0.02615547 -0.01755386 0.00000000
v -0.02737987 -0.01557528 0.00000000
v 0.03154259 -0.00539106 0.00000000
v 0.03153544 -0.00547683 0.00000000
v 0.02989000 -0.01189047 0.00000000
v 0.03179645 -0.00360358 0.00000000
v 0.03153544 0.00547683 0.00000000
v 0.03194910 -0.00180465 0.00000000
v 0.03200000 0.00000000 0.00000000
v 0.03156536 -0.00564575 0.00000000
v 0.03154319 -0.00556260 0.00000000
v 0.03042858 -0.01197868 0.00000000
v 0.03006196 -0.01191508 0.00000000
v 0.03160154 -0.00572389 0.00000000
v 0.03165066 -0.00579464 0.00000000
v 0.03171116 -0.00585592 0.00000000
v 0.02923697 0.01208746 0.00000000
v 0.02954620 -0.01193159 0.00000000
v 0.02938479 -0.01199597 0.00000000
v 0.02791589 -0.01459288 0.00000000
v 0.02676248 -0.01661390 0.00000000
v 0.02891689 -0.01249235 0.00000000
v 0.02546298 -0.01854407 0.00000000
v -0.03013426 -0.00917470 0.00000000
v -0.03072929 -0.00692522 0.00000000
v -0.03115665 -0.00463790 0.00000000
v -0.03141409 0.00232530 0.00000000
v -0.03115665 0.00463790 0.00000000
v -0.03072929 0.00692522 0.00000000
v -0.03013426 0.00917470 0.00000000
v 0.02938479 0.01199597 0.00000000
v 0.02954620 0.01193159 0.00000000
v 0.02971625 -0.01189595 0.00000000
v 0.02910715 0.01220309 0.00000000
v 0.02923697 -0.01208746 0.00000000
v -0.03141409 -0.00232530 0.00000000
v -0.03149998 0.00000000 0.00000000
v -0.02845495 -0.01351159 0.00000000
v -0.02937477 -0.01137417 0.00000000
v -0.02328586 0.02121365 0.00000000
v -0.02165627 0.02287465 0.00000000
v 0.03178125 -0.00590587 0.00000000
v 0.03185898 -0.00594312 0.00000000
v 0.03232598 -0.00616705 0.00000000
v -0.02937477 0.01137417 0.00000000
v -0.02845495 0.01351159 0.00000000
v -0.02737987 0.01557528 0.00000000
v -0.02615547 0.01755386 0.00000000
v -0.02478826 0.01943677 0.00000000
v 0.02076309 0.02368837 0.00000000
v 0.02245515 0.02209109 0.00000000
v -0.00523460 0.03106194 0.00000000
v 0.02402460 0.02037316 0.00000000
v 0.00172234 -0.03145289 0.00000000
v -0.00060414 -0.03149420 0.00000000
v 0.02899944 -0.01233947 0.00000000
v -0.02165627 -0.02287465 0.00000000
v -0.01990866 -0.02441096 0.00000000
v -0.01990866 0.02441096 0.00000000
v -0.01805239 0.02581399 0.00000000
v -0.01609748 0.02707618 0.00000000
v -0.01405489 0.02819055 0.00000000
v -0.01193547 0.02915120 0.00000000
v -0.00975096 0.02995276 0.00000000
v -0.00751328 0.03059089 0.00000000
v 0.02791589 0.01459288 0.00000000
v 0.00403947 0.03123986 0.00000000
v 0.01296335 0.02870887 0.00000000
v 0.01504725 0.02767360 0.00000000
v 0.03171116 0.00585592 0.00000000
v 0.03165066 0.00579464 0.00000000
v 0.02971625 0.01189595 0.00000000
v -0.00292736 -0.03136366 0.00000000
v -0.00523460 -0.03106194 0.00000000
v -0.00751328 -0.03059089 0.00000000
v 0.03340560 -0.00726300 0.00000000
v 0.03362250 -0.00773335 0.00000000
v 0.01895779 0.02515649 0.00000000
v -0.00292736 0.03136366 0.00000000
v -0.00060414 0.03149420 0.00000000
v 0.00633454 0.03085649 0.00000000
v 0.00859511 0.03030467 0.00000000
v 0.01080864 0.02958744 0.00000000
v 0.00172234 0.03145289 0.00000000
v 0.01704907 0.02648729 0.00000000
v 0.02546298 0.01854407 0.00000000
v 0.02676248 0.01661390 0.00000000
v 0.03160154 0.00572389 0.00000000
v 0.03156536 0.00564575 0.00000000
v 0.03154319 0.00556260 0.00000000
v -0.00975096 -0.02995276 0.00000000
v -0.01193547 -0.02915120 0.00000000
v -0.01405489 -0.02819055 0.00000000
v 0.03274744 -0.00646806 0.00000000
v 0.03311097 -0.00683701 0.00000000
v 0.03375530 -0.00823396 0.00000000
v 0.03379994 -0.00874996 0.00000000
v 0.01704907 -0.02648729 0.00000000
v 0.02245515 -0.02209109 0.00000000
v 0.01895779 -0.02515649 0.00000000
v 0.02076309 -0.02368837 0.00000000
v 0.02402460 -0.02037316 0.00000000
v 0.01296335 -0.02870887 0.00000000
v 0.01504725 -0.02767360 0.00000000
v 0.01080864 -0.02958744 0.00000000
v 0.00859511 -0.03030467 0.00000000
v -0.01609748 -0.02707618 0.00000000
v -0.01805239 -0.02581399 0.00000000
v 0.02989000 0.01189047 0.00000000
v 0.03185898 0.00594312 0.00000000
v 0.03178125 0.00590587 0.00000000
v 0.00633454 -0.03085649 0.00000000
v 0.00403947 -0.03123986 0.00000000
v 0.03311097 0.00683701 0.00000000
v 0.03274744 0.00646806 0.00000000
v 0.03232598 0.00616705 0.00000000
v 0.03375530 0.00823396 0.00000000
v 0.03362250 0.00773335 0.00000000
v 0.03340560 0.00726300 0.00000000
v 0.03379994 0.00874996 0.00000000
v 0.03513246 -0.01172918 0.00500000
v 0.03513360 -0.01199996 0.00500000
v 0.03513246 -0.01172918 0.00000000
v 0.03513360 -0.01199996 0.00000000
v 0.03502929 0.01174998 0.00000000
v 0.03502815 0.01199996 0.00000000
v 0.03502929 0.01174998 0.00500000
v 0.03502815 0.01199996 0.00500000
v 0.03079998 -0.01199996 0.00000000
v 0.03079998 -0.01199996 -0.00250000
v 0.03042858 -0.01197868 0.00000000
v 0.03042858 -0.01197868 -0.00250000
v 0.03006196 -0.01191508 0.00000000
v 0.03006196 -0.01191508 -0.00250000
v 0.03482455 -0.01249998 -0.00299996
v 0.03079998 -0.01249998 -0.00299996
v 0.03503096 -0.01235437 -0.00285435
v 0.03079998 -0.01199996 -0.00250000
v 0.03523677 -0.01220828 -0.00270826
v 0.03513360 -0.01199996 -0.00250000
v 0.03042858 -0.01197868 -0.00250000
v 0.03037136 -0.01247537 -0.00299996
v 0.03006196 -0.01191508 -0.00250000
v 0.02994847 -0.01240199 -0.00299996
v 0.02937585 -0.01269066 -0.00299996
v 0.02891689 -0.01249235 -0.00250000
v 0.02899944 -0.01233947 -0.00250000
v 0.02941715 -0.01261419 -0.00299996
v 0.02910715 -0.01220309 -0.00250000
v 0.02947109 -0.01254600 -0.00299996
v 0.02923697 -0.01208746 -0.00250000
v 0.02953594 -0.01248818 -0.00299996
v 0.02938479 -0.01199597 -0.00250000
v 0.02960985 -0.01244246 -0.00299996
v 0.02954620 -0.01193159 -0.00250000
v 0.02969056 -0.01241028 -0.00299996
v 0.02971625 -0.01189595 -0.00250000
v 0.02977555 -0.01239246 -0.00299996
v 0.02989000 -0.01189047 -0.00250000
v 0.02986246 -0.01238965 -0.00299996
v 0.02791589 -0.01459288 -0.00250000
v 0.02835899 -0.01482456 -0.00299996
v 0.02676248 -0.01661390 -0.00250000
v 0.02718728 -0.01687759 -0.00299996
v 0.02546298 -0.01854407 -0.00250000
v 0.02586716 -0.01883846 -0.00299996
v 0.02402460 -0.02037316 -0.00250000
v 0.02440595 -0.02069658 -0.00299996
v 0.02245515 -0.02209109 -0.00250000
v 0.02281159 -0.02244168 -0.00299996
v 0.02076309 -0.02368837 -0.00250000
v 0.02109265 -0.02406436 -0.00299996
v 0.01895779 -0.02515649 -0.00250000
v 0.01925879 -0.02555578 -0.00299996
v 0.01704907 -0.02648729 -0.00250000
v 0.01731967 -0.02690780 -0.00299996
v 0.01504725 -0.02767360 -0.00250000
v 0.01528608 -0.02811288 -0.00299996
v 0.01296335 -0.02870887 -0.00250000
v 0.01316905 -0.02916455 -0.00299996
v 0.01080864 -0.02958744 -0.00250000
v 0.01098024 -0.03005719 -0.00299996
v 0.00859511 -0.03030467 -0.00250000
v 0.00873154 -0.03078567 -0.00299996
v 0.00633454 -0.03085649 -0.00250000
v 0.00643510 -0.03134626 -0.00299996
v 0.00403947 -0.03123986 -0.00250000
v 0.00410360 -0.03173577 -0.00299996
v 0.00172234 -0.03145289 -0.00250000
v 0.00174969 -0.03195208 -0.00299996
v -0.00060414 -0.03149420 -0.00250000
v -0.00061373 -0.03199410 -0.00299996
v -0.00292736 -0.03136366 -0.00250000
v -0.00297379 -0.03186148 -0.00299996
v -0.00523460 -0.03106194 -0.00250000
v -0.00531769 -0.03155505 -0.00299996
v -0.00751328 -0.03059089 -0.00250000
v -0.00763255 -0.03107637 -0.00299996
v -0.00975096 -0.02995276 -0.00250000
v -0.00990575 -0.03042817 -0.00299996
v -0.01193547 -0.02915120 -0.00250000
v -0.01212495 -0.02961385 -0.00299996
v -0.01405489 -0.02819055 -0.00250000
v -0.01427787 -0.02863806 -0.00299996
v -0.01609748 -0.02707618 -0.00250000
v -0.01635295 -0.02750599 -0.00299996
v -0.01805239 -0.02581399 -0.00250000
v -0.01833885 -0.02622377 -0.00299996
v -0.01990866 -0.02441096 -0.00250000
v -0.02022469 -0.02479839 -0.00299996
v -0.02165627 -0.02287465 -0.00250000
v -0.02200007 -0.02323776 -0.00299996
v -0.02328586 -0.02121365 -0.00250000
v -0.02365547 -0.02155035 -0.00299996
v -0.02478826 -0.01943677 -0.00250000
v -0.02518177 -0.01974529 -0.00299996
v -0.02615547 -0.01755386 -0.00250000
v -0.02657055 -0.01783257 -0.00299996
v -0.02737987 -0.01557528 -0.00250000
v -0.02781444 -0.01582247 -0.00299996
v -0.02845495 -0.01351159 -0.00250000
v -0.02890670 -0.01372605 -0.00299996
v -0.02937477 -0.01137417 -0.00250000
v -0.02984100 -0.01155477 -0.00299996
v -0.03013426 -0.00917470 -0.00250000
v -0.03061258 -0.00932038 -0.00299996
v -0.03072929 -0.00692522 -0.00250000
v -0.03121709 -0.00703514 -0.00299996
v -0.03115665 -0.00463790 -0.00250000
v -0.03165125 -0.00471151 -0.00299996
v -0.03141409 -0.00232530 -0.00250000
v -0.03191268 -0.00236219 -0.00299996
v -0.03149998 0.00000000 -0.00250000
v -0.03200000 0.00000000 -0.00299996
v 0.02994847 0.01240199 -0.00299996
v 0.03006196 0.01191508 -0.00250000
v 0.02989000 0.01189047 -0.00250000
v 0.02986246 0.01238965 -0.00299996
v 0.02971625 0.01189595 -0.00250000
v 0.02977555 0.01239246 -0.00299996
v 0.02954620 0.01193159 -0.00250000
v 0.02969056 0.01241028 -0.00299996
v 0.02938479 0.01199597 -0.00250000
v 0.02960985 0.01244246 -0.00299996
v 0.02923697 0.01208746 -0.00250000
v 0.02953594 0.01248818 -0.00299996
v 0.02910715 0.01220309 -0.00250000
v 0.02947109 0.01254600 -0.00299996
v 0.02899944 0.01233947 -0.00250000
v 0.02941715 0.01261419 -0.00299996
v 0.02891689 0.01249235 -0.00250000
v 0.02937585 0.01269066 -0.00299996
v 0.03042858 0.01197868 -0.00250000
v 0.03037136 0.01247537 -0.00299996
v 0.03079998 0.01199996 -0.00250000
v 0.03079998 0.01249998 -0.00299996
v 0.03523659 0.01220840 -0.00270837
v 0.03502815 0.01199996 -0.00250000
v 0.03503090 0.01235437 -0.00285441
v 0.03482455 0.01249998 -0.00299996
v 0.03006196 0.01191508 -0.00250000
v 0.03006196 0.01191508 0.00000000
v 0.02989000 0.01189047 0.00000000
v 0.02989000 0.01189047 -0.00250000
v 0.02971625 0.01189595 0.00000000
v 0.02971625 0.01189595 -0.00250000
v 0.02954620 0.01193159 0.00000000
v 0.02954620 0.01193159 -0.00250000
v 0.02938479 0.01199597 0.00000000
v 0.02938479 0.01199597 -0.00250000
v 0.02923697 0.01208746 0.00000000
v 0.02923697 0.01208746 -0.00250000
v 0.02910715 0.01220309 0.00000000
v 0.02910715 0.01220309 -0.00250000
v 0.02899944 0.01233947 0.00000000
v 0.02899944 0.01233947 -0.00250000
v 0.02891689 0.01249235 0.00000000
v 0.02891689 0.01249235 -0.00250000
v 0.02989000 -0.01189047 -0.00250000
v 0.02989000 -0.01189047 0.00000000
v 0.02971625 -0.01189595 -0.00250000
v 0.02971625 -0.01189595 0.00000000
v 0.02954620 -0.01193159 -0.00250000
v 0.02954620 -0.01193159 0.00000000
v 0.02938479 -0.01199597 -0.00250000
v 0.02938479 -0.01199597 0.00000000
v 0.02923697 -0.01208746 -0.00250000
v 0.02923697 -0.01208746 0.00000000
v 0.02910715 -0.01220309 -0.00250000
v 0.02910715 -0.01220309 0.00000000
v 0.02899944 -0.01233947 -0.00250000
v 0.02899944 -0.01233947 0.00000000
v 0.02891689 -0.01249235 -0.00250000
v 0.02891689 -0.01249235 0.00000000
v 0.03540027 0.01237207 -0.00250000
v 0.03540027 0.01237207 0.00500000
v 0.03502815 0.01199996 0.00000000
v 0.03502815 0.01199996 0.00500000
v 0.03502815 0.01199996 -0.00250000
v 0.03523659 0.01220840 -0.00270837
v 0.03531837 0.01229029 -0.00260419
v 0.03536605 -0.01246947 0.00500000
v 0.03523677 -0.01220828 -0.00270826
v 0.03513360 -0.01199996 -0.00250000
v 0.03530144 -0.01233899 -0.00260419
v 0.03536605 -0.01246947 -0.00250000
v 0.03513360 -0.01199996 0.00000000
v 0.03513360 -0.01199996 -0.00250000
v 0.03079998 0.01199996 0.00000000
v 0.03079998 0.01199996 -0.00250000
v 0.03502815 0.01199996 0.00000000
v 0.03502815 0.01199996 -0.00250000
v 0.03042858 0.01197868 0.00000000
v 0.03042858 0.01197868 -0.00250000
v 0.03624999 0.00082483 0.00032216
v 0.03624999 0.00080275 0.00031832
v 0.03748625 0.00101173 -0.00090025
v 0.03624999 0.00467783 0.00417513
v 0.03708517 0.00556213 0.00449264
v 0.03624999 0.00474566 0.00479835
v 0.03708285 0.00557780 0.00476301
v 0.03624999 0.00474995 0.00500000
v 0.03624999 0.00446349 0.00337535
v 0.03710889 0.00540167 0.00348925
v 0.03624999 0.00464338 0.00399923
v 0.03709846 0.00547278 0.00382048
v 0.03709417 0.00550210 0.00398934
v 0.03624999 0.00411361 0.00262499
v 0.03715348 0.00508606 0.00253135
v 0.03624999 0.00440746 0.00322890
v 0.03713375 0.00522756 0.00289935
v 0.03712886 0.00526273 0.00300294
v 0.03624999 0.00363868 0.00194675
v 0.03721380 0.00462455 0.00164425
v 0.03624999 0.00404471 0.00250953
v 0.03718608 0.00484186 0.00201869
v 0.03718197 0.00487327 0.00207818
v 0.03624999 0.00356567 0.00186175
v 0.03724789 0.00434095 0.00123239
v 0.03723257 0.00447029 0.00141120
v 0.03624999 0.00305319 0.00136125
v 0.03728276 0.00402999 0.00085271
v 0.03725069 0.00431693 0.00120056
v 0.03624999 0.00237495 0.00088638
v 0.03735226 0.00332439 0.00018351
v 0.03624999 0.00298405 0.00130433
v 0.03732126 0.00365704 0.00047082
v 0.03731817 0.00368810 0.00050000
v 0.03624999 0.00162458 0.00053646
v 0.03741478 0.00252694 -0.00034785
v 0.03624999 0.00231653 0.00085318
v 0.03738975 0.00287247 -0.00014195
v 0.03738498 0.00293416 -0.00010146
v 0.03748005 0.00122279 -0.00085370
v 0.03746294 0.00166595 -0.00072559
v 0.03624999 0.00158238 0.00052133
v 0.03744757 0.00198138 -0.00060789
v 0.03744089 0.00210446 -0.00055568
v 0.03624999 0.00000000 0.00025000
v 0.03749865 0.00031579 -0.00099040
v 0.03749209 0.00077044 -0.00094241
v 0.03624999 -0.00080275 0.00031832
v 0.03749716 -0.00045593 -0.00097994
v 0.03749996 0.00000000 -0.00099999
v 0.03624999 -0.00158238 0.00052133
v 0.03747558 -0.00135332 -0.00082034
v 0.03624999 -0.00082483 0.00032216
v 0.03748625 -0.00101173 -0.00090025
v 0.03748899 -0.00090808 -0.00091979
v 0.03624999 -0.00162458 0.00053646
v 0.03744757 -0.00198144 -0.00060789
v 0.03745728 -0.00178975 -0.00068213
v 0.03624999 -0.00231653 0.00085318
v 0.03740787 -0.00262630 -0.00029213
v 0.03743439 -0.00221741 -0.00050454
v 0.03624999 -0.00298405 0.00130433
v 0.03734546 -0.00340038 0.00024524
v 0.03624999 -0.00237495 0.00088638
v 0.03737789 -0.00302380 -0.00004044
v 0.03738975 -0.00287247 -0.00014193
v 0.03624999 -0.00356567 0.00186175
v 0.03727668 -0.00408596 0.00091642
v 0.03624999 -0.00305319 0.00136125
v 0.03731149 -0.00375521 0.00056464
v 0.03732126 -0.00365704 0.00047082
v 0.03624999 -0.00363868 0.00194675
v 0.03724259 -0.00438636 0.00129354
v 0.03725069 -0.00431693 0.00120056
v 0.03624999 -0.00404471 0.00250953
v 0.03720915 -0.00466067 0.00170249
v 0.03723269 -0.00446951 0.00141007
v 0.03624999 -0.00440746 0.00322890
v 0.03715026 -0.00510895 0.00258648
v 0.03624999 -0.00411361 0.00262499
v 0.03717827 -0.00490141 0.00213301
v 0.03718608 -0.00484186 0.00201869
v 0.03624999 -0.00464338 0.00399923
v 0.03710705 -0.00541413 0.00354147
v 0.03624999 -0.00446349 0.00337535
v 0.03712636 -0.00528026 0.00305694
v 0.03713375 -0.00522756 0.00289929
v 0.03624999 -0.00474566 0.00479835
v 0.03708469 -0.00556570 0.00453991
v 0.03624999 -0.00467783 0.00417513
v 0.03709298 -0.00550961 0.00403774
v 0.03709846 -0.00547278 0.00382042
v 0.03624999 -0.00471151 0.00560331
v 0.03708380 -0.00557166 0.00536764
v 0.03624999 -0.00474995 0.00500000
v 0.03708219 -0.00558215 0.00500000
v 0.03708285 -0.00557780 0.00476301
v 0.03624999 -0.00454175 0.00639087
v 0.03710365 -0.00543880 0.00634909
v 0.03624999 -0.00467783 0.00582480
v 0.03709095 -0.00552422 0.00586152
v 0.03708815 -0.00554293 0.00570983
v 0.03624999 -0.00424135 0.00713843
v 0.03714346 -0.00515878 0.00728798
v 0.03624999 -0.00446349 0.00662458
v 0.03712165 -0.00531328 0.00683641
v 0.03711390 -0.00536782 0.00664389
v 0.03624999 -0.00381899 0.00782448
v 0.03719735 -0.00475472 0.00813877
v 0.03624999 -0.00411361 0.00737494
v 0.03716856 -0.00497460 0.00771767
v 0.03715807 -0.00505221 0.00754732
v 0.03624999 -0.00363868 0.00805324
v 0.03722637 -0.00452226 0.00851285
v 0.03721719 -0.00459659 0.00839967
v 0.03624999 -0.00328666 0.00842929
v 0.03725999 -0.00423604 0.00890297
v 0.03723287 -0.00446862 0.00859123
v 0.03624999 -0.00305319 0.00863868
v 0.03728967 -0.00396556 0.00921839
v 0.03728568 -0.00400335 0.00917697
v 0.03624999 -0.00265986 0.00893539
v 0.03735208 -0.00332624 0.00981480
v 0.03732335 -0.00363284 0.00955129
v 0.03624999 -0.00195652 0.00932830
v 0.03740936 -0.00260514 0.01030409
v 0.03624999 -0.00237495 0.00911361
v 0.03738117 -0.00298250 0.01006877
v 0.03735619 -0.00327933 0.00985193
v 0.03624999 -0.00119686 0.00959671
v 0.03745704 -0.00179189 0.01068115
v 0.03624999 -0.00162458 0.00946349
v 0.03743350 -0.00223207 0.01049768
v 0.03742057 -0.00243872 0.01039499
v 0.03624999 -0.00082483 0.00967783
v 0.03747558 -0.00135171 0.01082068
v 0.03746980 -0.00150424 0.01077717
v 0.03624999 0.00000000 0.00974995
v 0.03749716 -0.00045659 0.01097977
v 0.03624999 -0.00040283 0.00973284
v 0.03749644 -0.00050856 0.01097488
v 0.03748875 -0.00091473 0.01091855
v 0.03624999 0.00040283 0.00973284
v 0.03749978 0.00012796 0.01099836
v 0.03749996 0.00000000 0.01099997
v 0.03624999 0.00082483 0.00967783
v 0.03749549 0.00057831 0.01096755
v 0.03749644 0.00050854 0.01097488
v 0.03624999 0.00119686 0.00959671
v 0.03747075 0.00148022 0.01078438
v 0.03748536 0.00104636 0.01089316
v 0.03624999 0.00195652 0.00932830
v 0.03742760 0.00232852 0.01045107
v 0.03624999 0.00162458 0.00946349
v 0.03745037 0.00192761 0.01062947
v 0.03746980 0.00150424 0.01077717
v 0.03624999 0.00237495 0.00911361
v 0.03740215 0.00270545 0.01024556
v 0.03742057 0.00243872 0.01039499
v 0.03624999 0.00305319 0.00863868
v 0.03734415 0.00341225 0.00974458
v 0.03624999 0.00265986 0.00893539
v 0.03735619 0.00327933 0.00985187
v 0.03737246 0.00309008 0.00999367
v 0.03624999 0.00363868 0.00805324
v 0.03727799 0.00407428 0.00909698
v 0.03624999 0.00328666 0.00842929
v 0.03728568 0.00400335 0.00917697
v 0.03731119 0.00375706 0.00943327
v 0.03624999 0.00381899 0.00782448
v 0.03723269 0.00446993 0.00858927
v 0.03724706 0.00434804 0.00875819
v 0.03624999 0.00411361 0.00737494
v 0.03721439 0.00461936 0.00836384
v 0.03721719 0.00459659 0.00839967
v 0.03624999 0.00446349 0.00662458
v 0.03715407 0.00508189 0.00747836
v 0.03624999 0.00424135 0.00713843
v 0.03715807 0.00505227 0.00754732
v 0.03718316 0.00486439 0.00793862
v 0.03624999 0.00467783 0.00582480
v 0.03710979 0.00539678 0.00653094
v 0.03624999 0.00454175 0.00639087
v 0.03711390 0.00536782 0.00664389
v 0.03713029 0.00525296 0.00702631
v 0.03708219 0.00558215 0.00500000
v 0.03708529 0.00556195 0.00551021
v 0.03624999 0.00471151 0.00560331
v 0.03708815 0.00554293 0.00570983
v 0.03709459 0.00550002 0.00602454
v 0.03624999 0.00000000 0.00025000
v 0.03624999 0.00080275 0.00031832
v 0.03549754 0.00041452 0.00026812
v 0.03549039 0.00082483 0.00032216
v 0.03624999 0.00082483 0.00032216
v 0.03547865 0.00123083 0.00041226
v 0.03624999 0.00158238 0.00052133
v 0.03546279 0.00162458 0.00053646
v 0.03624999 0.00162458 0.00053646
v 0.03544318 0.00200689 0.00069478
v 0.03624999 0.00231653 0.00085318
v 0.03542047 0.00237495 0.00088638
v 0.03624999 0.00237495 0.00088638
v 0.03539437 0.00273538 0.00111669
v 0.03624999 0.00298405 0.00130433
v 0.03536850 0.00305319 0.00136125
v 0.03624999 0.00305319 0.00136125
v 0.03534078 0.00335812 0.00164062
v 0.03624999 0.00356567 0.00186175
v 0.03531295 0.00363868 0.00194675
v 0.03624999 0.00363868 0.00194675
v 0.03528594 0.00389182 0.00227678
v 0.03624999 0.00404471 0.00250953
v 0.03526085 0.00411361 0.00262499
v 0.03624999 0.00411361 0.00262499
v 0.03523808 0.00430441 0.00299144
v 0.03624999 0.00440746 0.00322890
v 0.03521829 0.00446349 0.00337535
v 0.03624999 0.00446349 0.00337535
v 0.03520220 0.00458854 0.00377214
v 0.03624999 0.00464338 0.00399923
v 0.03519040 0.00467783 0.00417513
v 0.03624999 0.00467783 0.00417513
v 0.03518319 0.00473177 0.00458455
v 0.03624999 0.00474566 0.00479835
v 0.03518074 0.00474995 0.00500000
v 0.03624999 0.00474995 0.00500000
v 0.03518319 0.00473177 0.00541556
v 0.03624999 0.00471151 0.00560331
v 0.03519040 0.00467783 0.00582480
v 0.03624999 0.00467783 0.00582480
v 0.03520220 0.00458854 0.00622785
v 0.03624999 0.00454175 0.00639087
v 0.03521829 0.00446349 0.00662458
v 0.03624999 0.00446349 0.00662458
v 0.03523808 0.00430435 0.00700867
v 0.03624999 0.00424135 0.00713843
v 0.03526085 0.00411361 0.00737494
v 0.03624999 0.00411361 0.00737494
v 0.03528594 0.00389189 0.00772309
v 0.03624999 0.00381899 0.00782448
v 0.03531295 0.00363868 0.00805324
v 0.03624999 0.00363868 0.00805324
v 0.03534078 0.00335795 0.00835949
v 0.03624999 0.00328666 0.00842929
v 0.03536850 0.00305319 0.00863868
v 0.03624999 0.00305319 0.00863868
v 0.03539437 0.00273550 0.00888318
v 0.03624999 0.00265986 0.00893539
v 0.03541904 0.00239545 0.00910169
v 0.03624999 0.00237495 0.00911361
v 0.03542047 0.00237495 0.00911361
v 0.03544318 0.00200671 0.00930530
v 0.03624999 0.00195652 0.00932830
v 0.03546279 0.00162458 0.00946349
v 0.03624999 0.00162458 0.00946349
v 0.03547865 0.00123083 0.00958776
v 0.03624999 0.00119686 0.00959671
v 0.03549039 0.00082483 0.00967783
v 0.03624999 0.00082483 0.00967783
v 0.03549754 0.00041341 0.00973195
v 0.03624999 0.00040283 0.00973284
v 0.03549998 0.00000000 0.00974995
v 0.03624999 0.00000000 0.00974995
v 0.03549736 -0.00042746 0.00973070
v 0.03624999 -0.00040283 0.00973284
v 0.03549039 -0.00082483 0.00967783
v 0.03624999 -0.00082483 0.00967783
v 0.03547865 -0.00122982 0.00958800
v 0.03624999 -0.00119686 0.00959671
v 0.03546279 -0.00162458 0.00946349
v 0.03624999 -0.00162458 0.00946349
v 0.03544318 -0.00200683 0.00930524
v 0.03624999 -0.00195652 0.00932830
v 0.03542047 -0.00237495 0.00911361
v 0.03624999 -0.00237495 0.00911361
v 0.03539240 -0.00276160 0.00886470
v 0.03624999 -0.00265986 0.00893539
v 0.03536850 -0.00305319 0.00863868
v 0.03624999 -0.00305319 0.00863868
v 0.03534078 -0.00335854 0.00835889
v 0.03624999 -0.00328666 0.00842929
v 0.03531295 -0.00363868 0.00805324
v 0.03624999 -0.00363868 0.00805324
v 0.03528606 -0.00389087 0.00772452
v 0.03624999 -0.00381899 0.00782448
v 0.03526085 -0.00411361 0.00737494
v 0.03624999 -0.00411361 0.00737494
v 0.03523796 -0.00430512 0.00700706
v 0.03624999 -0.00424135 0.00713843
v 0.03521829 -0.00446349 0.00662458
v 0.03624999 -0.00446349 0.00662458
v 0.03520226 -0.00458801 0.00622976
v 0.03624999 -0.00454175 0.00639087
v 0.03519040 -0.00467783 0.00582480
v 0.03624999 -0.00467783 0.00582480
v 0.03518319 -0.00473201 0.00541294
v 0.03624999 -0.00471151 0.00560331
v 0.03518074 -0.00474995 0.00500000
v 0.03624999 -0.00474995 0.00500000
v 0.03624999 -0.00474566 0.00479835
v 0.03518319 -0.00473195 0.00458652
v 0.03624999 -0.00467783 0.00417513
v 0.03519040 -0.00467783 0.00417513
v 0.03624999 -0.00464338 0.00399923
v 0.03520226 -0.00458777 0.00376916
v 0.03624999 -0.00446349 0.00337535
v 0.03521829 -0.00446349 0.00337535
v 0.03624999 -0.00440746 0.00322890
v 0.03523796 -0.00430524 0.00299317
v 0.03624999 -0.00411361 0.00262499
v 0.03526085 -0.00411361 0.00262499
v 0.03624999 -0.00404471 0.00250953
v 0.03528618 -0.00389004 0.00227415
v 0.03624999 -0.00363868 0.00194675
v 0.03531295 -0.00363868 0.00194675
v 0.03624999 -0.00356567 0.00186175
v 0.03534066 -0.00335944 0.00164193
v 0.03624999 -0.00305319 0.00136125
v 0.03624999 -0.00237495 0.00088638
v 0.03541505 -0.00245327 0.00093258
v 0.03624999 -0.00298405 0.00130433
v 0.03539246 -0.00276047 0.00113445
v 0.03536850 -0.00305319 0.00136125
v 0.03549998 0.00000000 0.00025000
v 0.03549998 -0.00002897 0.00025009
v 0.03624999 -0.00080275 0.00031832
v 0.03549736 -0.00042977 0.00026949
v 0.03624999 -0.00082483 0.00032216
v 0.03549039 -0.00082483 0.00032216
v 0.03624999 -0.00158238 0.00052133
v 0.03547877 -0.00122785 0.00041144
v 0.03624999 -0.00162458 0.00053646
v 0.03546279 -0.00162458 0.00053646
v 0.03624999 -0.00231653 0.00085318
v 0.03544306 -0.00200856 0.00069559
v 0.03542047 -0.00237501 0.00088638
v 0.02791589 -0.01459288 0.00000000
v 0.02791589 -0.01459288 -0.00250000
v 0.02676248 -0.01661390 0.00000000
v 0.02676248 -0.01661390 -0.00250000
v 0.02546298 -0.01854407 0.00000000
v 0.02546298 -0.01854407 -0.00250000
v 0.02402460 -0.02037316 0.00000000
v 0.02402460 -0.02037316 -0.00250000
v 0.02245515 -0.02209109 0.00000000
v 0.02245515 -0.02209109 -0.00250000
v 0.02076309 -0.02368837 0.00000000
v 0.02076309 -0.02368837 -0.00250000
v 0.01895779 -0.02515649 0.00000000
v 0.01895779 -0.02515649 -0.00250000
v 0.01704907 -0.02648729 0.00000000
v 0.01704907 -0.02648729 -0.00250000
v 0.01504725 -0.02767360 0.00000000
v 0.01504725 -0.02767360 -0.00250000
v 0.01296335 -0.02870887 0.00000000
v 0.01296335 -0.02870887 -0.00250000
v 0.01080864 -0.02958744 0.00000000
v 0.01080864 -0.02958744 -0.00250000
v 0.00859511 -0.03030467 0.00000000
v 0.00859511 -0.03030467 -0.00250000
v 0.00633454 -0.03085649 0.00000000
v 0.00633454 -0.03085649 -0.00250000
v 0.00403947 -0.03123986 0.00000000
v 0.00403947 -0.03123986 -0.00250000
v 0.00172234 -0.03145289 0.00000000
v 0.00172234 -0.03145289 -0.00250000
v -0.00060414 -0.03149420 0.00000000
v -0.00060414 -0.03149420 -0.00250000
v -0.00292736 -0.03136366 0.00000000
v -0.00292736 -0.03136366 -0.00250000
v -0.00523460 -0.03106194 0.00000000
v -0.00523460 -0.03106194 -0.00250000
v -0.00751328 -0.03059089 0.00000000
v -0.00751328 -0.03059089 -0.00250000
v -0.00975096 -0.02995276 0.00000000
v -0.00975096 -0.02995276 -0.00250000
v -0.01193547 -0.02915120 0.00000000
v -0.01193547 -0.02915120 -0.00250000
v -0.01405489 -0.02819055 0.00000000
v -0.01405489 -0.02819055 -0.00250000
v -0.01609748 -0.02707618 0.00000000
v -0.01609748 -0.02707618 -0.00250000
v -0.01805239 -0.02581399 0.00000000
v -0.01805239 -0.02581399 -0.00250000
v -0.01990866 -0.02441096 0.00000000
v -0.01990866 -0.02441096 -0.00250000
v -0.02165627 -0.02287465 0.00000000
v -0.02165627 -0.02287465 -0.00250000
v -0.02328586 -0.02121365 0.00000000
v -0.02328586 -0.02121365 -0.00250000
v -0.02478826 -0.01943677 0.00000000
v -0.02478826 -0.01943677 -0.00250000
v -0.02615547 -0.01755386 0.00000000
v -0.02615547 -0.01755386 -0.00250000
v -0.02737987 -0.01557528 0.00000000
v -0.02737987 -0.01557528 -0.00250000
v -0.02845495 -0.01351159 0.00000000
v -0.02845495 -0.01351159 -0.00250000
v -0.02937477 -0.01137417 0.00000000
v -0.02937477 -0.01137417 -0.00250000
v -0.03013426 -0.00917470 0.00000000
v -0.03013426 -0.00917470 -0.00250000
v -0.03072929 -0.00692522 0.00000000
v -0.03072929 -0.00692522 -0.00250000
v -0.03115665 -0.00463790 0.00000000
v -0.03115665 -0.00463790 -0.00250000
v -0.03141409 -0.00232530 0.00000000
v -0.03141409 -0.00232530 -0.00250000
v -0.03149998 0.00000000 0.00000000
v -0.03149998 0.00000000 -0.00250000
v 0.03549998 0.00000000 0.01339995
v 0.03599995 0.00000000 0.01389998
v 0.03541350 0.00247633 0.01339995
v 0.03591227 0.00251120 0.01389998
v 0.03515446 0.00494063 0.01339995
v 0.03564959 0.00501019 0.01389998
v 0.03472417 0.00738084 0.01339995
v 0.03521329 0.00748479 0.01389998
v 0.03412479 0.00978511 0.01339995
v 0.03460538 0.00992292 0.01389998
v 0.03335905 0.01214170 0.01339995
v 0.03382885 0.01231265 0.01389998
v 0.03243088 0.01443904 0.01339995
v 0.03288757 0.01464247 0.01389998
v 0.03134459 0.01666617 0.01339995
v 0.03178608 0.01690095 0.01389998
v 0.03010565 0.01881206 0.01339995
v 0.03052967 0.01907706 0.01389998
v 0.02872008 0.02086639 0.01339995
v 0.02912455 0.02116030 0.01389998
v 0.02719455 0.02281898 0.01339995
v 0.02757757 0.02314037 0.01389998
v 0.02553659 0.02466034 0.01339995
v 0.02589619 0.02500766 0.01389998
v 0.02375406 0.02638155 0.01339995
v 0.02408868 0.02675318 0.01389998
v 0.02185595 0.02797436 0.01339995
v 0.02216374 0.02836835 0.01389998
v 0.01985126 0.02943074 0.01339995
v 0.02013087 0.02984529 0.01389998
v 0.01774996 0.03074389 0.01339995
v 0.01799994 0.03117686 0.01389998
v 0.01556217 0.03190720 0.01339995
v 0.01578140 0.03235656 0.01389998
v 0.01329845 0.03291499 0.01339995
v 0.01348578 0.03337860 0.01389998
v 0.01097005 0.03376245 0.01339995
v 0.01112455 0.03423798 0.01389998
v 0.00858819 0.03444546 0.01339995
v 0.00870913 0.03493064 0.01389998
v 0.00616449 0.03496068 0.01339995
v 0.00625134 0.03545308 0.01389998
v 0.00371075 0.03530550 0.01339995
v 0.00376302 0.03580278 0.01389998
v 0.00123888 0.03547835 0.01339995
v 0.00125635 0.03597807 0.01389998
v -0.00123888 0.03547835 0.01339995
v -0.00125635 0.03597807 0.01389998
v -0.00371075 0.03530550 0.01339995
v -0.00376302 0.03580278 0.01389998
v -0.00616449 0.03496068 0.01339995
v -0.00625128 0.03545308 0.01389998
v -0.00858819 0.03444546 0.01339995
v -0.00870913 0.03493064 0.01389998
v -0.01097005 0.03376245 0.01339995
v -0.01112455 0.03423798 0.01389998
v -0.01329845 0.03291499 0.01339995
v -0.01348578 0.03337860 0.01389998
v -0.01556217 0.03190720 0.01339995
v -0.01578140 0.03235656 0.01389998
v -0.01774996 0.03074389 0.01339995
v -0.01799994 0.03117686 0.01389998
v -0.01985126 0.02943074 0.01339995
v -0.02013087 0.02984529 0.01389998
v -0.02185595 0.02797436 0.01339995
v -0.02216374 0.02836835 0.01389998
v -0.02375406 0.02638155 0.01339995
v -0.02408868 0.02675318 0.01389998
v -0.02553659 0.02466034 0.01339995
v -0.02589619 0.02500766 0.01389998
v -0.02719455 0.02281898 0.01339995
v -0.02757757 0.02314037 0.01389998
v -0.02872008 0.02086639 0.01339995
v -0.02912455 0.02116030 0.01389998
v -0.03010565 0.01881206 0.01339995
v -0.03052967 0.01907706 0.01389998
v -0.03134459 0.01666617 0.01339995
v -0.03178608 0.01690095 0.01389998
v -0.03243088 0.01443904 0.01339995
v -0.03288757 0.01464247 0.01389998
v -0.03335905 0.01214170 0.01339995
v -0.03382885 0.01231265 0.01389998
v -0.03412479 0.00978511 0.01339995
v -0.03460538 0.00992292 0.01389998
v -0.03472417 0.00738084 0.01339995
v -0.03521329 0.00748479 0.01389998
v -0.03515446 0.00494063 0.01339995
v -0.03564959 0.00501019 0.01389998
v -0.03541350 0.00247633 0.01339995
v -0.03591227 0.00251120 0.01389998
v -0.03549998 0.00000000 0.01339995
v -0.03599995 0.00000000 0.01389998
v 0.03531837 0.01229029 -0.00260419
v 0.03523659 0.01220840 -0.00270837
v 0.03503090 0.01235437 -0.00285441
v 0.03482455 0.01249998 -0.00299996
v 0.03451865 0.01332128 -0.00299996
v 0.03498518 0.01350128 -0.00250000
v 0.03540027 0.01237207 -0.00250000
v 0.03482455 -0.01249998 -0.00299996
v 0.03503096 -0.01235437 -0.00285435
v 0.03498530 -0.01350116 -0.00250000
v 0.03536605 -0.01246947 -0.00250000
v 0.03530144 -0.01233899 -0.00260419
v 0.03523677 -0.01220828 -0.00270826
v 0.03451877 -0.01332116 -0.00299996
v 0.03460019 -0.01445937 -0.00250000
v 0.03352636 -0.01565176 -0.00299996
v 0.03397947 -0.01586329 -0.00250000
v 0.03351897 -0.01681435 -0.00250000
v 0.03237688 -0.01790904 -0.00299996
v 0.03281438 -0.01815110 -0.00250000
v 0.03227776 -0.01908910 -0.00250000
v 0.03107565 -0.02008235 -0.00299996
v 0.03149557 -0.02035379 -0.00250000
v 0.03088247 -0.02127259 -0.00250000
v 0.02962869 -0.02216160 -0.00299996
v 0.03002905 -0.02246105 -0.00250000
v 0.02933967 -0.02335447 -0.00250000
v 0.02804285 -0.02413696 -0.00299996
v 0.02842187 -0.02446317 -0.00250000
v 0.02765667 -0.02532500 -0.00250000
v 0.02632570 -0.02599918 -0.00299996
v 0.02668136 -0.02635049 -0.00250000
v 0.02584177 -0.02717447 -0.00250000
v 0.02448499 -0.02773958 -0.00299996
v 0.02481585 -0.02811437 -0.00250000
v 0.02390336 -0.02889418 -0.00250000
v 0.02252966 -0.02934986 -0.00299996
v 0.02283406 -0.02974647 -0.00250000
v 0.02185088 -0.03047597 -0.00250000
v 0.02046865 -0.03082257 -0.00299996
v 0.02074515 -0.03123915 -0.00250000
v 0.01969408 -0.03191226 -0.00250000
v 0.01831167 -0.03215086 -0.00299996
v 0.01855915 -0.03258538 -0.00250000
v 0.01744318 -0.03319615 -0.00250000
v 0.01606887 -0.03332847 -0.00299996
v 0.01628607 -0.03377884 -0.00250000
v 0.01375085 -0.03434985 -0.00299996
v 0.01510900 -0.03432154 -0.00250000
v 0.01393669 -0.03481405 -0.00250000
v 0.01136827 -0.03521025 -0.00299996
v 0.01270270 -0.03528296 -0.00250000
v 0.01152187 -0.03568607 -0.00250000
v 0.00893247 -0.03590559 -0.00299996
v 0.01023566 -0.03607594 -0.00250000
v 0.00905317 -0.03639078 -0.00250000
v 0.00645476 -0.03643256 -0.00299996
v 0.00771981 -0.03669679 -0.00250000
v 0.00654197 -0.03692495 -0.00250000
v 0.00394678 -0.03678888 -0.00299996
v 0.00516713 -0.03714227 -0.00250000
v 0.00400013 -0.03728598 -0.00250000
v 0.00142038 -0.03697270 -0.00299996
v 0.00258970 -0.03741049 -0.00250000
v 0.00143957 -0.03747236 -0.00250000
v -0.00111270 -0.03698325 -0.00299996
v 0.00000000 -0.03749996 -0.00250000
v -0.00112772 -0.03748297 -0.00250000
v -0.00364053 -0.03682047 -0.00299996
v -0.00258970 -0.03741049 -0.00250000
v -0.00368976 -0.03731799 -0.00250000
v -0.00615138 -0.03648507 -0.00299996
v -0.00516713 -0.03714227 -0.00250000
v -0.00623453 -0.03697806 -0.00250000
v -0.00863338 -0.03597867 -0.00299996
v -0.00771981 -0.03669679 -0.00250000
v -0.00875008 -0.03646486 -0.00250000
v -0.01107490 -0.03530359 -0.00299996
v -0.01023566 -0.03607594 -0.00250000
v -0.01122456 -0.03578066 -0.00250000
v -0.01346457 -0.03446304 -0.00299996
v -0.01270270 -0.03528296 -0.00250000
v -0.01364648 -0.03492879 -0.00250000
v -0.01579105 -0.03346109 -0.00299996
v -0.01510900 -0.03432154 -0.00250000
v -0.01600450 -0.03391319 -0.00250000
v -0.01804345 -0.03230220 -0.00299996
v -0.01744318 -0.03319615 -0.00250000
v -0.01828736 -0.03273868 -0.00250000
v -0.02021145 -0.03099185 -0.00299996
v -0.01969408 -0.03191226 -0.00250000
v -0.02048456 -0.03141069 -0.00250000
v -0.02228456 -0.02953624 -0.00299996
v -0.02185088 -0.03047597 -0.00250000
v -0.02258574 -0.02993547 -0.00250000
v -0.02425336 -0.02794229 -0.00299996
v -0.02390336 -0.02889418 -0.00250000
v -0.02458107 -0.02831989 -0.00250000
v -0.02610838 -0.02621740 -0.00299996
v -0.02584177 -0.02717447 -0.00250000
v -0.02646118 -0.02657157 -0.00250000
v -0.02784109 -0.02436947 -0.00299996
v -0.02765667 -0.02532500 -0.00250000
v -0.02821725 -0.02469879 -0.00250000
v -0.02944326 -0.02240735 -0.00299996
v -0.02933967 -0.02335447 -0.00250000
v -0.02984118 -0.02271020 -0.00250000
v -0.03090745 -0.02034026 -0.00299996
v -0.03088247 -0.02127259 -0.00250000
v -0.03132510 -0.02061516 -0.00250000
v -0.03222680 -0.01817786 -0.00299996
v -0.03227776 -0.01908910 -0.00250000
v -0.03266227 -0.01842349 -0.00250000
v -0.03339499 -0.01593017 -0.00299996
v -0.03351908 -0.01681435 -0.00250000
v -0.03384625 -0.01614546 -0.00250000
v -0.03440678 -0.01360785 -0.00299996
v -0.03460019 -0.01445937 -0.00250000
v -0.03487169 -0.01379179 -0.00250000
v -0.03525716 -0.01122176 -0.00299996
v -0.03551620 -0.01203536 -0.00250000
v -0.03573369 -0.01137346 -0.00250000
v -0.03594237 -0.00878310 -0.00299996
v -0.03626245 -0.00955385 -0.00250000
v -0.03642809 -0.00890177 -0.00250000
v -0.03645908 -0.00630319 -0.00299996
v -0.03683578 -0.00702679 -0.00250000
v -0.03695178 -0.00638842 -0.00250000
v -0.03680497 -0.00379383 -0.00299996
v -0.03723305 -0.00446612 -0.00250000
v -0.03730225 -0.00384509 -0.00250000
v -0.03697830 -0.00126666 -0.00299996
v -0.03745257 -0.00188410 -0.00250000
v -0.03747797 -0.00128376 -0.00250000
v -0.03697830 0.00126642 -0.00299996
v -0.03749996 0.00000000 -0.00250000
v -0.03747797 0.00128353 -0.00250000
v -0.03745257 0.00188410 -0.00250000
v -0.03680497 0.00379366 -0.00299996
v -0.03730237 0.00384492 -0.00250000
v -0.03723305 0.00446612 -0.00250000
v -0.03645914 0.00630301 -0.00299996
v -0.03695189 0.00638825 -0.00250000
v -0.03683578 0.00702679 -0.00250000
v -0.03594249 0.00878292 -0.00299996
v -0.03642815 0.00890160 -0.00250000
v -0.03626245 0.00955385 -0.00250000
v -0.03525727 0.01122158 -0.00299996
v -0.03573369 0.01137328 -0.00250000
v -0.03551620 0.01203536 -0.00250000
v -0.03440678 0.01360768 -0.00299996
v -0.03487175 0.01379156 -0.00250000
v -0.03460019 0.01445937 -0.00250000
v -0.03339505 0.01593005 -0.00299996
v -0.03384637 0.01614528 -0.00250000
v -0.03351908 0.01681435 -0.00250000
v -0.03222686 0.01817768 -0.00299996
v -0.03266239 0.01842337 -0.00250000
v -0.03227776 0.01908910 -0.00250000
v -0.03090757 0.02034020 -0.00299996
v -0.03132516 0.02061498 -0.00250000
v -0.03088247 0.02127259 -0.00250000
v -0.02944338 0.02240729 -0.00299996
v -0.02984130 0.02271008 -0.00250000
v -0.02933967 0.02335447 -0.00250000
v -0.02784115 0.02436935 -0.00299996
v -0.02821749 0.02469867 -0.00250000
v -0.02765667 0.02532500 -0.00250000
v -0.02610856 0.02621716 -0.00299996
v -0.02646136 0.02657145 -0.00250000
v -0.02584177 0.02717447 -0.00250000
v -0.02425348 0.02794218 -0.00299996
v -0.02458125 0.02831977 -0.00250000
v -0.02390336 0.02889418 -0.00250000
v -0.02228480 0.02953618 -0.00299996
v -0.02258598 0.02993535 -0.00250000
v -0.02185088 0.03047597 -0.00250000
v -0.02021157 0.03099179 -0.00299996
v -0.02048480 0.03141057 -0.00250000
v -0.01969408 0.03191226 -0.00250000
v -0.01804369 0.03230208 -0.00299996
v -0.01828759 0.03273856 -0.00250000
v -0.01744318 0.03319615 -0.00250000
v -0.01579117 0.03346097 -0.00299996
v -0.01600456 0.03391319 -0.00250000
v -0.01510900 0.03432148 -0.00250000
v -0.01346468 0.03446298 -0.00299996
v -0.01364666 0.03492879 -0.00250000
v -0.01270270 0.03528296 -0.00250000
v -0.01107507 0.03530359 -0.00299996
v -0.01122474 0.03578054 -0.00250000
v -0.01023566 0.03607594 -0.00250000
v -0.00863355 0.03597855 -0.00299996
v -0.00875026 0.03646475 -0.00250000
v -0.00771981 0.03669679 -0.00250000
v -0.00615156 0.03648495 -0.00299996
v -0.00623470 0.03697806 -0.00250000
v -0.00516713 0.03714227 -0.00250000
v -0.00364077 0.03682035 -0.00299996
v -0.00368994 0.03731799 -0.00250000
v -0.00258970 0.03741049 -0.00250000
v -0.00111288 0.03698325 -0.00299996
v -0.00112790 0.03748297 -0.00250000
v 0.00000000 0.03749996 -0.00250000
v 0.00142020 0.03697270 -0.00299996
v 0.00143939 0.03747236 -0.00250000
v 0.00258970 0.03741049 -0.00250000
v 0.00394660 0.03678888 -0.00299996
v 0.00399995 0.03728610 -0.00250000
v 0.00516713 0.03714227 -0.00250000
v 0.00645459 0.03643256 -0.00299996
v 0.00654179 0.03692495 -0.00250000
v 0.00771981 0.03669679 -0.00250000
v 0.00893229 0.03590559 -0.00299996
v 0.00905299 0.03639078 -0.00250000
v 0.01023566 0.03607594 -0.00250000
v 0.01136809 0.03521025 -0.00299996
v 0.01152175 0.03568607 -0.00250000
v 0.01270270 0.03528296 -0.00250000
v 0.01375067 0.03434985 -0.00299996
v 0.01393646 0.03481405 -0.00250000
v 0.01510900 0.03432148 -0.00250000
v 0.01606875 0.03332859 -0.00299996
v 0.01628589 0.03377896 -0.00250000
v 0.01831156 0.03215098 -0.00299996
v 0.01744318 0.03319615 -0.00250000
v 0.01855897 0.03258550 -0.00250000
v 0.02046847 0.03082269 -0.00299996
v 0.01969408 0.03191226 -0.00250000
v 0.02074509 0.03123927 -0.00250000
v 0.02252948 0.02934998 -0.00299996
v 0.02185088 0.03047597 -0.00250000
v 0.02283400 0.02974659 -0.00250000
v 0.02448487 0.02773970 -0.00299996
v 0.02390336 0.02889418 -0.00250000
v 0.02481579 0.02811449 -0.00250000
v 0.02632546 0.02599924 -0.00299996
v 0.02584177 0.02717447 -0.00250000
v 0.02668130 0.02635067 -0.00250000
v 0.02804279 0.02413707 -0.00299996
v 0.02765667 0.02532500 -0.00250000
v 0.02842175 0.02446329 -0.00250000
v 0.02962857 0.02216178 -0.00299996
v 0.02933967 0.02335447 -0.00250000
v 0.03002899 0.02246129 -0.00250000
v 0.03107559 0.02008259 -0.00299996
v 0.03088247 0.02127259 -0.00250000
v 0.03149545 0.02035397 -0.00250000
v 0.03237676 0.01790916 -0.00299996
v 0.03227776 0.01908910 -0.00250000
v 0.03281426 0.01815128 -0.00250000
v 0.03352630 0.01565200 -0.00299996
v 0.03351897 0.01681435 -0.00250000
v 0.03397935 0.01586347 -0.00250000
v 0.03460019 0.01445937 -0.00250000
v 0.03749716 -0.00045659 0.01097977
v 0.03749996 0.00000000 0.01099997
v 0.03749996 0.00000000 0.01389998
v 0.03745257 -0.00188410 0.01389998
v 0.03745704 -0.00179189 0.01068115
v 0.03746980 -0.00150424 0.01077717
v 0.03747558 -0.00135171 0.01082068
v 0.03748875 -0.00091473 0.01091855
v 0.03749644 -0.00050856 0.01097488
v 0.03725999 -0.00423604 0.00890297
v 0.03728568 -0.00400335 0.00917697
v 0.03723305 -0.00446612 0.01389998
v 0.03728967 -0.00396556 0.00921839
v 0.03732335 -0.00363284 0.00955129
v 0.03735208 -0.00332624 0.00981480
v 0.03735619 -0.00327933 0.00985193
v 0.03738117 -0.00298250 0.01006877
v 0.03740936 -0.00260514 0.01030409
v 0.03742057 -0.00243872 0.01039499
v 0.03743350 -0.00223207 0.01049768
v 0.03718608 -0.00484186 0.00201869
v 0.03683578 -0.00702679 -0.00199997
v 0.03720915 -0.00466067 0.00170249
v 0.03689426 -0.00671255 -0.00199997
v 0.03723269 -0.00446951 0.00141007
v 0.03717827 -0.00490141 0.00213301
v 0.03715026 -0.00510895 0.00258648
v 0.03713375 -0.00522756 0.00289929
v 0.03712636 -0.00528026 0.00305694
v 0.03710705 -0.00541413 0.00354147
v 0.03709846 -0.00547278 0.00382042
v 0.03708219 -0.00558215 0.00500000
v 0.03708380 -0.00557166 0.00536764
v 0.03683578 -0.00702679 0.01389998
v 0.03709298 -0.00550961 0.00403774
v 0.03708469 -0.00556570 0.00453991
v 0.03708285 -0.00557780 0.00476301
v 0.03708815 -0.00554293 0.00570983
v 0.03709095 -0.00552422 0.00586152
v 0.03710365 -0.00543880 0.00634909
v 0.03711390 -0.00536782 0.00664389
v 0.03712165 -0.00531328 0.00683641
v 0.03714346 -0.00515878 0.00728798
v 0.03715807 -0.00505221 0.00754732
v 0.03716856 -0.00497460 0.00771767
v 0.03719735 -0.00475472 0.00813877
v 0.03721719 -0.00459659 0.00839967
v 0.03722637 -0.00452226 0.00851285
v 0.03723287 -0.00446862 0.00859123
v 0.03743249 -0.00224829 -0.00199997
v 0.03743439 -0.00221741 -0.00050454
v 0.03723305 -0.00446612 -0.00199997
v 0.03740787 -0.00262630 -0.00029213
v 0.03738975 -0.00287247 -0.00014193
v 0.03737789 -0.00302380 -0.00004044
v 0.03734546 -0.00340038 0.00024524
v 0.03732126 -0.00365704 0.00047082
v 0.03731149 -0.00375521 0.00056464
v 0.03727668 -0.00408596 0.00091642
v 0.03725069 -0.00431693 0.00120056
v 0.03723037 -0.00448847 -0.00199997
v 0.03724259 -0.00438636 0.00129354
v 0.03749996 0.00000000 -0.00199997
v 0.03749996 0.00000000 -0.00099999
v 0.03749716 -0.00045593 -0.00097994
v 0.03748625 -0.00101173 -0.00090025
v 0.03747558 -0.00135332 -0.00082034
v 0.03748899 -0.00090808 -0.00091979
v 0.03745728 -0.00178975 -0.00068213
v 0.03744757 -0.00198144 -0.00060789
v 0.03642547 -0.00891244 -0.00199997
v 0.03626257 -0.00955385 0.01389998
v 0.03626257 -0.00955385 -0.00199997
v 0.03498530 -0.01350116 -0.00250000
v 0.03536605 -0.01246947 -0.00250000
v 0.03536605 -0.01246947 0.00500000
v 0.03584539 -0.01101619 -0.00199997
v 0.03584539 -0.01101619 0.00500000
v 0.03551620 -0.01203536 0.00500000
v 0.03551620 -0.01203536 0.01389998
v 0.03460019 -0.01445937 0.01389998
v -0.03749996 0.00000000 -0.00250000
v -0.03747797 -0.00128376 -0.00250000
v -0.03749996 0.00000000 0.01389998
v -0.03745257 -0.00188410 0.01389998
v 0.03351897 -0.01681435 0.01389998
v 0.03397947 -0.01586329 -0.00250000
v 0.03460019 -0.01445937 -0.00250000
v 0.03227776 -0.01908910 0.01389998
v 0.03281438 -0.01815110 -0.00250000
v 0.03351897 -0.01681435 -0.00250000
v 0.03088247 -0.02127259 0.01389998
v 0.03149557 -0.02035379 -0.00250000
v 0.03227776 -0.01908910 -0.00250000
v 0.02933967 -0.02335447 0.01389998
v 0.03002905 -0.02246105 -0.00250000
v 0.03088247 -0.02127259 -0.00250000
v 0.02765667 -0.02532500 0.01389998
v 0.02842187 -0.02446317 -0.00250000
v 0.02933967 -0.02335447 -0.00250000
v 0.02584177 -0.02717447 0.01389998
v 0.02668136 -0.02635049 -0.00250000
v 0.02765667 -0.02532500 -0.00250000
v 0.02390336 -0.02889418 0.01389998
v 0.02481585 -0.02811437 -0.00250000
v 0.02584177 -0.02717447 -0.00250000
v 0.02185088 -0.03047597 0.01389998
v 0.02283406 -0.02974647 -0.00250000
v 0.02390336 -0.02889418 -0.00250000
v 0.01969408 -0.03191226 0.01389998
v 0.02074515 -0.03123915 -0.00250000
v 0.02185088 -0.03047597 -0.00250000
v 0.01744318 -0.03319615 0.01389998
v 0.01855915 -0.03258538 -0.00250000
v 0.01969408 -0.03191226 -0.00250000
v 0.01510900 -0.03432154 0.01389998
v 0.01628607 -0.03377884 -0.00250000
v 0.01744318 -0.03319615 -0.00250000
v 0.01270270 -0.03528296 0.01389998
v 0.01393669 -0.03481405 -0.00250000
v 0.01510900 -0.03432154 -0.00250000
v 0.01023566 -0.03607594 0.01389998
v 0.01152187 -0.03568607 -0.00250000
v 0.01270270 -0.03528296 -0.00250000
v 0.00771981 -0.03669679 0.01389998
v 0.00905317 -0.03639078 -0.00250000
v 0.01023566 -0.03607594 -0.00250000
v 0.00516713 -0.03714227 0.01389998
v 0.00654197 -0.03692495 -0.00250000
v 0.00771981 -0.03669679 -0.00250000
v 0.00258970 -0.03741049 0.01389998
v 0.00400013 -0.03728598 -0.00250000
v 0.00516713 -0.03714227 -0.00250000
v 0.00000000 -0.03749996 0.01389998
v 0.00143957 -0.03747236 -0.00250000
v 0.00258970 -0.03741049 -0.00250000
v -0.00258970 -0.03741049 0.01389998
v -0.00112772 -0.03748297 -0.00250000
v 0.00000000 -0.03749996 -0.00250000
v -0.00516713 -0.03714227 0.01389998
v -0.00368976 -0.03731799 -0.00250000
v -0.00258970 -0.03741049 -0.00250000
v -0.00771981 -0.03669679 0.01389998
v -0.00623453 -0.03697806 -0.00250000
v -0.00516713 -0.03714227 -0.00250000
v -0.01023566 -0.03607594 0.01389998
v -0.00875008 -0.03646486 -0.00250000
v -0.00771981 -0.03669679 -0.00250000
v -0.01270270 -0.03528296 0.01389998
v -0.01122456 -0.03578066 -0.00250000
v -0.01023566 -0.03607594 -0.00250000
v -0.01510900 -0.03432154 0.01389998
v -0.01364648 -0.03492879 -0.00250000
v -0.01270270 -0.03528296 -0.00250000
v -0.01744318 -0.03319615 0.01389998
v -0.01600450 -0.03391319 -0.00250000
v -0.01510900 -0.03432154 -0.00250000
v -0.01969408 -0.03191226 0.01389998
v -0.01828736 -0.03273868 -0.00250000
v -0.01744318 -0.03319615 -0.00250000
v -0.02185088 -0.03047597 0.01389998
v -0.02048456 -0.03141069 -0.00250000
v -0.01969408 -0.03191226 -0.00250000
v -0.02390336 -0.02889418 0.01389998
v -0.02258574 -0.02993547 -0.00250000
v -0.02185088 -0.03047597 -0.00250000
v -0.02584177 -0.02717447 0.01389998
v -0.02458107 -0.02831989 -0.00250000
v -0.02390336 -0.02889418 -0.00250000
v -0.02765667 -0.02532500 0.01389998
v -0.02646118 -0.02657157 -0.00250000
v -0.02584177 -0.02717447 -0.00250000
v -0.02933967 -0.02335447 0.01389998
v -0.02821725 -0.02469879 -0.00250000
v -0.02765667 -0.02532500 -0.00250000
v -0.03088247 -0.02127259 0.01389998
v -0.02984118 -0.02271020 -0.00250000
v -0.02933967 -0.02335447 -0.00250000
v -0.03227776 -0.01908910 0.01389998
v -0.03132510 -0.02061516 -0.00250000
v -0.03088247 -0.02127259 -0.00250000
v -0.03351908 -0.01681435 0.01389998
v -0.03266227 -0.01842349 -0.00250000
v -0.03227776 -0.01908910 -0.00250000
v -0.03460019 -0.01445937 0.01389998
v -0.03384625 -0.01614546 -0.00250000
v -0.03351908 -0.01681435 -0.00250000
v -0.03551620 -0.01203536 0.01389998
v -0.03487169 -0.01379179 -0.00250000
v -0.03460019 -0.01445937 -0.00250000
v -0.03626245 -0.00955385 0.01389998
v -0.03573369 -0.01137346 -0.00250000
v -0.03551620 -0.01203536 -0.00250000
v -0.03683578 -0.00702679 0.01389998
v -0.03642809 -0.00890177 -0.00250000
v -0.03626245 -0.00955385 -0.00250000
v -0.03723305 -0.00446612 0.01389998
v -0.03695178 -0.00638842 -0.00250000
v -0.03683578 -0.00702679 -0.00250000
v -0.03745257 -0.00188410 -0.00250000
v -0.03730225 -0.00384509 -0.00250000
v -0.03723305 -0.00446612 -0.00250000
v -0.03549998 0.00000000 0.01339995
v -0.03549998 0.00000000 0.01099997
v -0.03541350 0.00247633 0.01339995
v -0.03541350 0.00247633 0.01099997
v -0.03515446 0.00494063 0.01339995
v -0.03515446 0.00494063 0.01099997
v -0.03472417 0.00738084 0.01339995
v -0.03472417 0.00738084 0.01099997
v -0.03412479 0.00978511 0.01339995
v -0.03412479 0.00978511 0.01099997
v -0.03335905 0.01214170 0.01339995
v -0.03335905 0.01214170 0.01099997
v -0.03243088 0.01443904 0.01339995
v -0.03243088 0.01443904 0.01099997
v -0.03134459 0.01666617 0.01339995
v -0.03134459 0.01666617 0.01099997
v -0.03010565 0.01881206 0.01339995
v -0.03010565 0.01881206 0.01099997
v -0.02872008 0.02086639 0.01339995
v -0.02872008 0.02086639 0.01099997
v -0.02719455 0.02281898 0.01339995
v -0.02719455 0.02281898 0.01099997
v -0.02553659 0.02466034 0.01339995
v -0.02553659 0.02466034 0.01099997
v -0.02375406 0.02638155 0.01339995
v -0.02375406 0.02638155 0.01099997
v -0.02185595 0.02797436 0.01339995
v -0.02185595 0.02797436 0.01099997
v -0.01985126 0.02943074 0.01339995
v -0.01985126 0.02943074 0.01099997
v -0.01774996 0.03074389 0.01339995
v -0.01774996 0.03074389 0.01099997
v -0.01556217 0.03190720 0.01339995
v -0.01556217 0.03190720 0.01099997
v -0.01329845 0.03291499 0.01339995
v -0.01329845 0.03291499 0.01099997
v -0.01097005 0.03376245 0.01339995
v -0.01097005 0.03376245 0.01099997
v -0.00858819 0.03444546 0.01339995
v -0.00858819 0.03444546 0.01099997
v -0.00616449 0.03496068 0.01339995
v -0.00616449 0.03496068 0.01099997
v -0.00371075 0.03530550 0.01339995
v -0.00371075 0.03530550 0.01099997
v -0.00123888 0.03547835 0.01339995
v -0.00123888 0.03547835 0.01099997
v 0.00123888 0.03547835 0.01339995
v 0.00123888 0.03547835 0.01099997
v 0.00371075 0.03530550 0.01339995
v 0.00371075 0.03530550 0.01099997
v 0.00616449 0.03496068 0.01339995
v 0.00616449 0.03496068 0.01099997
v 0.00858819 0.03444546 0.01339995
v 0.00858819 0.03444546 0.01099997
v 0.01097005 0.03376245 0.01339995
v 0.01097005 0.03376245 0.01099997
v 0.01329845 0.03291499 0.01339995
v 0.01329845 0.03291499 0.01099997
v 0.01556217 0.03190720 0.01339995
v 0.01556217 0.03190720 0.01099997
v 0.01774996 0.03074389 0.01339995
v 0.01774996 0.03074389 0.01099997
v 0.01985126 0.02943074 0.01339995
v 0.01985126 0.02943074 0.01099997
v 0.02185595 0.02797436 0.01339995
v 0.02185595 0.02797436 0.01099997
v 0.02375406 0.02638155 0.01339995
v 0.02375406 0.02638155 0.01099997
v 0.02553659 0.02466034 0.01339995
v 0.02553659 0.02466034 0.01099997
v 0.02719455 0.02281898 0.01339995
v 0.02719455 0.02281898 0.01099997
v 0.02872008 0.02086639 0.01339995
v 0.02872008 0.02086639 0.01099997
v 0.03010565 0.01881206 0.01339995
v 0.03010565 0.01881206 0.01099997
v 0.03134459 0.01666617 0.01339995
v 0.03134459 0.01666617 0.01099997
v 0.03243088 0.01443904 0.01339995
v 0.03243088 0.01443904 0.01099997
v 0.03335905 0.01214170 0.01339995
v 0.03335905 0.01214170 0.01099997
v 0.03412479 0.00978511 0.01339995
v 0.03412479 0.00978511 0.01099997
v 0.03472417 0.00738084 0.01339995
v 0.03472417 0.00738084 0.01099997
v 0.03515446 0.00494063 0.01339995
v 0.03515446 0.00494063 0.01099997
v 0.03541350 0.00247633 0.01339995
v 0.03541350 0.00247633 0.01099997
v 0.03549998 0.00000000 0.01339995
v 0.03549998 0.00000000 0.01099997
v 0.00125635 0.03597807 0.01389998
v 0.00000000 0.03749996 0.01389998
v -0.00125635 0.03597807 0.01389998
v -0.00258970 0.03741049 0.01389998
v -0.00376302 0.03580278 0.01389998
v -0.00516713 0.03714227 0.01389998
v -0.00625128 0.03545308 0.01389998
v -0.00771981 0.03669679 0.01389998
v -0.00870913 0.03493064 0.01389998
v -0.01023566 0.03607594 0.01389998
v -0.01112455 0.03423798 0.01389998
v -0.01270270 0.03528296 0.01389998
v -0.01348578 0.03337860 0.01389998
v -0.01510900 0.03432148 0.01389998
v -0.01578140 0.03235656 0.01389998
v -0.01744318 0.03319615 0.01389998
v -0.01799994 0.03117686 0.01389998
v -0.01969408 0.03191226 0.01389998
v -0.02013087 0.02984529 0.01389998
v -0.02185088 0.03047597 0.01389998
v -0.02216374 0.02836835 0.01389998
v -0.02390336 0.02889418 0.01389998
v -0.02408868 0.02675318 0.01389998
v -0.02584177 0.02717447 0.01389998
v -0.02589619 0.02500766 0.01389998
v -0.02765667 0.02532500 0.01389998
v -0.02757757 0.02314037 0.01389998
v -0.02933967 0.02335447 0.01389998
v -0.02912455 0.02116030 0.01389998
v -0.03088247 0.02127259 0.01389998
v -0.03052967 0.01907706 0.01389998
v -0.03227776 0.01908910 0.01389998
v -0.03178608 0.01690095 0.01389998
v -0.03351908 0.01681435 0.01389998
v -0.03288757 0.01464247 0.01389998
v -0.03460019 0.01445937 0.01389998
v -0.03382885 0.01231265 0.01389998
v -0.03551620 0.01203536 0.01389998
v -0.03460538 0.00992292 0.01389998
v -0.03626245 0.00955385 0.01389998
v -0.03521329 0.00748479 0.01389998
v -0.03683578 0.00702679 0.01389998
v -0.03564959 0.00501019 0.01389998
v -0.03723305 0.00446612 0.01389998
v -0.03591227 0.00251120 0.01389998
v -0.03745257 0.00188410 0.01389998
v -0.03599995 0.00000000 0.01389998
v -0.03749996 0.00000000 0.01389998
v -0.03591227 -0.00251120 0.01389998
v -0.03745257 -0.00188410 0.01389998
v -0.03564959 -0.00501019 0.01389998
v -0.03723305 -0.00446612 0.01389998
v -0.03521329 -0.00748479 0.01389998
v -0.03683578 -0.00702679 0.01389998
v -0.03460538 -0.00992292 0.01389998
v -0.03626245 -0.00955385 0.01389998
v -0.03382885 -0.01231265 0.01389998
v -0.03551620 -0.01203536 0.01389998
v -0.03288757 -0.01464247 0.01389998
v -0.03460019 -0.01445937 0.01389998
v -0.03178608 -0.01690095 0.01389998
v -0.03351908 -0.01681435 0.01389998
v -0.03052967 -0.01907706 0.01389998
v -0.03227776 -0.01908910 0.01389998
v -0.02912455 -0.02116030 0.01389998
v -0.03088247 -0.02127259 0.01389998
v -0.02757757 -0.02314037 0.01389998
v -0.02933967 -0.02335447 0.01389998
v -0.02589619 -0.02500766 0.01389998
v -0.02765667 -0.02532500 0.01389998
v -0.02408868 -0.02675318 0.01389998
v -0.02584177 -0.02717447 0.01389998
v -0.02216374 -0.02836835 0.01389998
v -0.02390336 -0.02889418 0.01389998
v -0.02013087 -0.02984529 0.01389998
v -0.02185088 -0.03047597 0.01389998
v -0.01799994 -0.03117686 0.01389998
v -0.01969408 -0.03191226 0.01389998
v -0.01578140 -0.03235656 0.01389998
v -0.01744318 -0.03319615 0.01389998
v -0.01348578 -0.03337860 0.01389998
v -0.01510900 -0.03432154 0.01389998
v -0.01112455 -0.03423798 0.01389998
v -0.01270270 -0.03528296 0.01389998
v -0.00870913 -0.03493064 0.01389998
v -0.01023566 -0.03607594 0.01389998
v -0.00625128 -0.03545308 0.01389998
v -0.00771981 -0.03669679 0.01389998
v -0.00376302 -0.03580278 0.01389998
v -0.00516713 -0.03714227 0.01389998
v -0.00125635 -0.03597807 0.01389998
v -0.00258970 -0.03741049 0.01389998
v 0.00000000 -0.03749996 0.01389998
v 0.00125635 -0.03597807 0.01389998
v 0.00258970 -0.03741049 0.01389998
v 0.00376302 -0.03580278 0.01389998
v 0.00516713 -0.03714227 0.01389998
v 0.00625134 -0.03545308 0.01389998
v 0.00771981 -0.03669679 0.01389998
v 0.00870913 -0.03493064 0.01389998
v 0.01023566 -0.03607594 0.01389998
v 0.01112455 -0.03423798 0.01389998
v 0.01270270 -0.03528296 0.01389998
v 0.01348578 -0.03337860 0.01389998
v 0.01510900 -0.03432154 0.01389998
v 0.01578140 -0.03235656 0.01389998
v 0.01744318 -0.03319615 0.01389998
v 0.01799994 -0.03117686 0.01389998
v 0.01969408 -0.03191226 0.01389998
v 0.02013087 -0.02984529 0.01389998
v 0.02185088 -0.03047597 0.01389998
v 0.02216374 -0.02836835 0.01389998
v 0.02390336 -0.02889418 0.01389998
v 0.02408868 -0.02675318 0.01389998
v 0.02584177 -0.02717447 0.01389998
v 0.02589619 -0.02500766 0.01389998
v 0.02765667 -0.02532500 0.01389998
v 0.02757757 -0.02314037 0.01389998
v 0.02933967 -0.02335447 0.01389998
v 0.02912455 -0.02116030 0.01389998
v 0.03088247 -0.02127259 0.01389998
v 0.03052967 -0.01907706 0.01389998
v 0.03227776 -0.01908910 0.01389998
v 0.03178608 -0.01690095 0.01389998
v 0.03351897 -0.01681435 0.01389998
v 0.03288757 -0.01464247 0.01389998
v 0.03460019 -0.01445937 0.01389998
v 0.03382885 -0.01231265 0.01389998
v 0.03551620 -0.01203536 0.01389998
v 0.03460538 -0.00992292 0.01389998
v 0.03626257 -0.00955385 0.01389998
v 0.03521329 -0.00748479 0.01389998
v 0.03683578 -0.00702679 0.01389998
v 0.03564959 -0.00501019 0.01389998
v 0.03723305 -0.00446612 0.01389998
v 0.03591227 -0.00251120 0.01389998
v 0.03745257 -0.00188410 0.01389998
v 0.03599995 0.00000000 0.01389998
v 0.03749996 0.00000000 0.01389998
v 0.03591227 0.00251120 0.01389998
v 0.03745257 0.00188410 0.01389998
v 0.03564959 0.00501019 0.01389998
v 0.03723305 0.00446612 0.01389998
v 0.03521329 0.00748479 0.01389998
v 0.03683578 0.00702679 0.01389998
v 0.03460538 0.00992292 0.01389998
v 0.03626257 0.00955385 0.01389998
v 0.03382885 0.01231265 0.01389998
v 0.03551620 0.01203536 0.01389998
v 0.03288757 0.01464247 0.01389998
v 0.03460019 0.01445937 0.01389998
v 0.03178608 0.01690095 0.01389998
v 0.03351897 0.01681435 0.01389998
v 0.03052967 0.01907706 0.01389998
v 0.03227776 0.01908910 0.01389998
v 0.02912455 0.02116030 0.01389998
v 0.03088247 0.02127259 0.01389998
v 0.02757757 0.02314037 0.01389998
v 0.02933967 0.02335447 0.01389998
v 0.02589619 0.02500766 0.01389998
v 0.02765667 0.02532500 0.01389998
v 0.02408868 0.02675318 0.01389998
v 0.02584177 0.02717447 0.01389998
v 0.02216374 0.02836835 0.01389998
v 0.02390336 0.02889418 0.01389998
v 0.02013087 0.02984529 0.01389998
v 0.02185088 0.03047597 0.01389998
v 0.01799994 0.03117686 0.01389998
v 0.01969408 0.03191226 0.01389998
v 0.01578140 0.03235656 0.01389998
v 0.01744318 0.03319615 0.01389998
v 0.01348578 0.03337860 0.01389998
v 0.01510900 0.03432148 0.01389998
v 0.01112455 0.03423798 0.01389998
v 0.01270270 0.03528296 0.01389998
v 0.00870913 0.03493064 0.01389998
v 0.01023566 0.03607594 0.01389998
v 0.00625134 0.03545308 0.01389998
v 0.00771981 0.03669679 0.01389998
v 0.00376302 0.03580278 0.01389998
v 0.00516713 0.03714227 0.01389998
v 0.00258970 0.03741049 0.01389998
v 0.03243088 0.01443904 0.01099997
v -0.03412479 -0.00978511 0.01099997
v -0.03335905 -0.01214170 0.01099997
v 0.02872008 -0.02086639 0.01099997
v 0.03010565 -0.01881206 0.01099997
v -0.02719455 -0.02281898 0.01099997
v 0.02185595 0.02797436 0.01099997
v 0.01985126 0.02943074 0.01099997
v -0.03412479 0.00978511 0.01099997
v -0.03243088 -0.01443904 0.01099997
v -0.03134459 -0.01666617 0.01099997
v -0.03010565 -0.01881206 0.01099997
v -0.03515446 0.00494063 0.01099997
v -0.03541350 0.00247633 0.01099997
v -0.03549998 0.00000000 0.01099997
v -0.03541350 -0.00247633 0.01099997
v 0.03134459 -0.01666617 0.01099997
v 0.03243088 -0.01443904 0.01099997
v 0.03335905 -0.01214170 0.01099997
v 0.03134459 0.01666617 0.01099997
v -0.03472417 0.00738084 0.01099997
v -0.03515446 -0.00494063 0.01099997
v -0.03472417 -0.00738084 0.01099997
v -0.02553659 -0.02466034 0.01099997
v 0.01097005 -0.03376245 0.01099997
v -0.02375406 -0.02638155 0.01099997
v -0.02185595 -0.02797436 0.01099997
v 0.01329845 -0.03291499 0.01099997
v 0.01556217 -0.03190720 0.01099997
v 0.01774996 -0.03074389 0.01099997
v 0.03010565 0.01881206 0.01099997
v 0.02872008 0.02086639 0.01099997
v 0.02719455 0.02281898 0.01099997
v 0.01774996 0.03074389 0.01099997
v -0.03243088 0.01443904 0.01099997
v -0.03335905 0.01214170 0.01099997
v -0.02872008 0.02086639 0.01099997
v -0.03010565 0.01881206 0.01099997
v 0.00616449 0.03496068 0.01099997
v -0.01985126 -0.02943074 0.01099997
v -0.01774996 -0.03074389 0.01099997
v -0.01556217 -0.03190720 0.01099997
v -0.01329845 -0.03291499 0.01099997
v -0.01097005 -0.03376245 0.01099997
v -0.00858819 -0.03444546 0.01099997
v 0.00123888 -0.03547835 0.01099997
v 0.00371075 -0.03530550 0.01099997
v 0.00616449 -0.03496068 0.01099997
v 0.01985126 -0.02943074 0.01099997
v 0.02185595 -0.02797436 0.01099997
v 0.02375406 -0.02638155 0.01099997
v 0.02553659 -0.02466034 0.01099997
v 0.02719455 -0.02281898 0.01099997
v 0.03412479 -0.00978511 0.01099997
v 0.03472417 -0.00738084 0.01099997
v 0.03515446 -0.00494063 0.01099997
v 0.03541350 -0.00247633 0.01099997
v 0.03549998 0.00000000 0.01099997
v 0.03541350 0.00247633 0.01099997
v 0.02553659 0.02466034 0.01099997
v 0.02375406 0.02638155 0.01099997
v 0.01556217 0.03190720 0.01099997
v 0.01329845 0.03291499 0.01099997
v 0.01097005 0.03376245 0.01099997
v -0.00616449 -0.03496068 0.01099997
v -0.00371075 -0.03530550 0.01099997
v 0.00858819 -0.03444546 0.01099997
v -0.03134459 0.01666617 0.01099997
v 0.00858819 0.03444546 0.01099997
v 0.00371075 0.03530550 0.01099997
v 0.00123888 0.03547835 0.01099997
v -0.01556217 0.03190720 0.01099997
v -0.01985126 0.02943074 0.01099997
v -0.02185595 0.02797436 0.01099997
v -0.02375406 0.02638155 0.01099997
v -0.00123888 -0.03547835 0.01099997
v 0.03515446 0.00494063 0.01099997
v 0.03472417 0.00738084 0.01099997
v 0.03412479 0.00978511 0.01099997
v -0.02872008 -0.02086639 0.01099997
v 0.03335905 0.01214170 0.01099997
v -0.00858819 0.03444546 0.01099997
v -0.01097005 0.03376245 0.01099997
v -0.00616449 0.03496068 0.01099997
v -0.00371075 0.03530550 0.01099997
v -0.00123888 0.03547835 0.01099997
v -0.01329845 0.03291499 0.01099997
v -0.01774996 0.03074389 0.01099997
v -0.02553659 0.02466034 0.01099997
v -0.02719455 0.02281898 0.01099997
v 0.03482455 -0.01249998 -0.00299996
v 0.03451877 -0.01332116 -0.00299996
v 0.03079998 -0.01249998 -0.00299996
v 0.03352636 -0.01565176 -0.00299996
v 0.03037136 0.01247537 -0.00299996
v 0.02962857 0.02216178 -0.00299996
v 0.03079998 0.01249998 -0.00299996
v 0.03107559 0.02008259 -0.00299996
v 0.03237676 0.01790916 -0.00299996
v 0.03237688 -0.01790904 -0.00299996
v 0.03107565 -0.02008235 -0.00299996
v 0.03037136 -0.01247537 -0.00299996
v 0.02962869 -0.02216160 -0.00299996
v 0.02994847 -0.01240199 -0.00299996
v 0.03352630 0.01565200 -0.00299996
v 0.03451865 0.01332128 -0.00299996
v 0.03482455 0.01249998 -0.00299996
v -0.02022469 0.02479839 -0.00299996
v -0.02228480 0.02953618 -0.00299996
v -0.01833885 0.02622377 -0.00299996
v -0.02021157 0.03099179 -0.00299996
v -0.01635295 0.02750599 -0.00299996
v -0.01804369 0.03230208 -0.00299996
v -0.01427787 0.02863806 -0.00299996
v -0.01579117 0.03346097 -0.00299996
v -0.01212495 0.02961385 -0.00299996
v -0.01346468 0.03446298 -0.00299996
v -0.00990575 0.03042817 -0.00299996
v -0.01107507 0.03530359 -0.00299996
v -0.00763255 0.03107637 -0.00299996
v -0.00863355 0.03597855 -0.00299996
v -0.00531769 0.03155505 -0.00299996
v -0.00615156 0.03648495 -0.00299996
v -0.00297379 0.03186148 -0.00299996
v -0.00364077 0.03682035 -0.00299996
v -0.00061373 0.03199410 -0.00299996
v -0.00111288 0.03698325 -0.00299996
v 0.00174969 0.03195208 -0.00299996
v 0.00142020 0.03697270 -0.00299996
v 0.00410360 0.03173577 -0.00299996
v 0.00394660 0.03678888 -0.00299996
v 0.00643510 0.03134626 -0.00299996
v 0.00645459 0.03643256 -0.00299996
v 0.00873154 0.03078567 -0.00299996
v 0.02994847 0.01240199 -0.00299996
v 0.02937585 0.01269066 -0.00299996
v 0.02835899 0.01482456 -0.00299996
v 0.02718728 0.01687759 -0.00299996
v 0.02586716 0.01883846 -0.00299996
v 0.02804279 0.02413707 -0.00299996
v 0.02440595 0.02069658 -0.00299996
v 0.02632546 0.02599924 -0.00299996
v 0.02281159 0.02244168 -0.00299996
v 0.02448487 0.02773970 -0.00299996
v 0.02109265 0.02406436 -0.00299996
v 0.02252948 0.02934998 -0.00299996
v 0.01925879 0.02555578 -0.00299996
v 0.02046847 0.03082269 -0.00299996
v 0.01731967 0.02690780 -0.00299996
v 0.01831156 0.03215098 -0.00299996
v 0.01528608 0.02811288 -0.00299996
v 0.01606875 0.03332859 -0.00299996
v 0.01316905 0.02916455 -0.00299996
v 0.01375067 0.03434985 -0.00299996
v 0.01098024 0.03005719 -0.00299996
v 0.01136809 0.03521025 -0.00299996
v 0.00893229 0.03590559 -0.00299996
v 0.02986246 0.01238965 -0.00299996
v 0.02977555 0.01239246 -0.00299996
v 0.02969056 0.01241028 -0.00299996
v 0.02960985 0.01244246 -0.00299996
v 0.02953594 0.01248818 -0.00299996
v 0.02941715 0.01261419 -0.00299996
v 0.02947109 0.01254600 -0.00299996
v 0.02586716 -0.01883846 -0.00299996
v 0.02440595 -0.02069658 -0.00299996
v 0.02804285 -0.02413696 -0.00299996
v 0.02281159 -0.02244168 -0.00299996
v 0.02632570 -0.02599918 -0.00299996
v 0.02109265 -0.02406436 -0.00299996
v 0.02448499 -0.02773958 -0.00299996
v 0.01925879 -0.02555578 -0.00299996
v 0.02252966 -0.02934986 -0.00299996
v 0.01731967 -0.02690780 -0.00299996
v 0.02046865 -0.03082257 -0.00299996
v 0.01528608 -0.02811288 -0.00299996
v 0.01831167 -0.03215086 -0.00299996
v 0.01316905 -0.02916455 -0.00299996
v 0.01606887 -0.03332847 -0.00299996
v 0.01098024 -0.03005719 -0.00299996
v -0.03191268 -0.00236219 -0.00299996
v -0.03697830 -0.00126666 -0.00299996
v -0.03200000 0.00000000 -0.00299996
v -0.03697830 0.00126642 -0.00299996
v -0.03191268 0.00236219 -0.00299996
v -0.03680497 0.00379366 -0.00299996
v -0.03165125 0.00471151 -0.00299996
v -0.03645914 0.00630301 -0.00299996
v -0.03121709 0.00703514 -0.00299996
v -0.03594249 0.00878292 -0.00299996
v -0.03061258 0.00932038 -0.00299996
v -0.03525727 0.01122158 -0.00299996
v -0.02984100 0.01155477 -0.00299996
v -0.03440678 0.01360768 -0.00299996
v -0.02890670 0.01372605 -0.00299996
v -0.03339505 0.01593005 -0.00299996
v -0.02781444 0.01582247 -0.00299996
v -0.03222686 0.01817768 -0.00299996
v -0.02657055 0.01783257 -0.00299996
v -0.03090757 0.02034020 -0.00299996
v -0.02518177 0.01974529 -0.00299996
v -0.02944338 0.02240729 -0.00299996
v -0.02365547 0.02155035 -0.00299996
v -0.02784115 0.02436935 -0.00299996
v -0.02200007 0.02323776 -0.00299996
v -0.02610856 0.02621716 -0.00299996
v -0.02425348 0.02794218 -0.00299996
v 0.01375085 -0.03434985 -0.00299996
v 0.01136827 -0.03521025 -0.00299996
v 0.00873154 -0.03078567 -0.00299996
v 0.00893247 -0.03590559 -0.00299996
v 0.00643510 -0.03134626 -0.00299996
v 0.00645476 -0.03643256 -0.00299996
v 0.00410360 -0.03173577 -0.00299996
v 0.00394678 -0.03678888 -0.00299996
v 0.00174969 -0.03195208 -0.00299996
v 0.00142038 -0.03697270 -0.00299996
v -0.00061373 -0.03199410 -0.00299996
v -0.00111270 -0.03698325 -0.00299996
v -0.00297379 -0.03186148 -0.00299996
v -0.00364053 -0.03682047 -0.00299996
v -0.00531769 -0.03155505 -0.00299996
v -0.00615138 -0.03648507 -0.00299996
v -0.00763255 -0.03107637 -0.00299996
v -0.00863338 -0.03597867 -0.00299996
v -0.00990575 -0.03042817 -0.00299996
v -0.01107490 -0.03530359 -0.00299996
v -0.01212495 -0.02961385 -0.00299996
v -0.01346457 -0.03446304 -0.00299996
v -0.01427787 -0.02863806 -0.00299996
v -0.01579105 -0.03346109 -0.00299996
v -0.01635295 -0.02750599 -0.00299996
v -0.01804345 -0.03230220 -0.00299996
v -0.01833885 -0.02622377 -0.00299996
v 0.02941715 -0.01261419 -0.00299996
v 0.02947109 -0.01254600 -0.00299996
v 0.02953594 -0.01248818 -0.00299996
v 0.02960985 -0.01244246 -0.00299996
v 0.02718728 -0.01687759 -0.00299996
v 0.02835899 -0.01482456 -0.00299996
v 0.02937585 -0.01269066 -0.00299996
v 0.02969056 -0.01241028 -0.00299996
v 0.02977555 -0.01239246 -0.00299996
v 0.02986246 -0.01238965 -0.00299996
v -0.02021145 -0.03099185 -0.00299996
v -0.02228456 -0.02953624 -0.00299996
v -0.02022469 -0.02479839 -0.00299996
v -0.02425336 -0.02794229 -0.00299996
v -0.02200007 -0.02323776 -0.00299996
v -0.02610838 -0.02621740 -0.00299996
v -0.02365547 -0.02155035 -0.00299996
v -0.02784109 -0.02436947 -0.00299996
v -0.02518177 -0.01974529 -0.00299996
v -0.02944326 -0.02240735 -0.00299996
v -0.02657055 -0.01783257 -0.00299996
v -0.03090745 -0.02034026 -0.00299996
v -0.02781444 -0.01582247 -0.00299996
v -0.03222680 -0.01817786 -0.00299996
v -0.02890670 -0.01372605 -0.00299996
v -0.03339499 -0.01593017 -0.00299996
v -0.02984100 -0.01155477 -0.00299996
v -0.03440678 -0.01360785 -0.00299996
v -0.03061258 -0.00932038 -0.00299996
v -0.03525716 -0.01122176 -0.00299996
v -0.03121709 -0.00703514 -0.00299996
v -0.03594237 -0.00878310 -0.00299996
v -0.03165125 -0.00471151 -0.00299996
v -0.03645908 -0.00630319 -0.00299996
v -0.03680497 -0.00379383 -0.00299996
v 0.03541350 -0.00247633 0.01339995
v 0.03541350 -0.00247633 0.01099997
v 0.03515446 -0.00494063 0.01339995
v 0.03515446 -0.00494063 0.01099997
v 0.03472417 -0.00738084 0.01339995
v 0.03472417 -0.00738084 0.01099997
v 0.03412479 -0.00978511 0.01339995
v 0.03412479 -0.00978511 0.01099997
v 0.03335905 -0.01214170 0.01339995
v 0.03335905 -0.01214170 0.01099997
v 0.03243088 -0.01443904 0.01339995
v 0.03243088 -0.01443904 0.01099997
v 0.03134459 -0.01666617 0.01339995
v 0.03134459 -0.01666617 0.01099997
v 0.03010565 -0.01881206 0.01339995
v 0.03010565 -0.01881206 0.01099997
v 0.02872008 -0.02086639 0.01339995
v 0.02872008 -0.02086639 0.01099997
v 0.02719455 -0.02281898 0.01339995
v 0.02719455 -0.02281898 0.01099997
v 0.02553659 -0.02466034 0.01339995
v 0.02553659 -0.02466034 0.01099997
v 0.02375406 -0.02638155 0.01339995
v 0.02375406 -0.02638155 0.01099997
v 0.02185595 -0.02797436 0.01339995
v 0.02185595 -0.02797436 0.01099997
v 0.01985126 -0.02943074 0.01339995
v 0.01985126 -0.02943074 0.01099997
v 0.01774996 -0.03074389 0.01339995
v 0.01774996 -0.03074389 0.01099997
v 0.01556217 -0.03190720 0.01339995
v 0.01556217 -0.03190720 0.01099997
v 0.01329845 -0.03291499 0.01339995
v 0.01329845 -0.03291499 0.01099997
v 0.01097005 -0.03376245 0.01339995
v 0.01097005 -0.03376245 0.01099997
v 0.00858819 -0.03444546 0.01339995
v 0.00858819 -0.03444546 0.01099997
v 0.00616449 -0.03496068 0.01339995
v 0.00616449 -0.03496068 0.01099997
v 0.00371075 -0.03530550 0.01339995
v 0.00371075 -0.03530550 0.01099997
v 0.00123888 -0.03547835 0.01339995
v 0.00123888 -0.03547835 0.01099997
v -0.00123888 -0.03547835 0.01339995
v -0.00123888 -0.03547835 0.01099997
v -0.00371075 -0.03530550 0.01339995
v -0.00371075 -0.03530550 0.01099997
v -0.00616449 -0.03496068 0.01339995
v -0.00616449 -0.03496068 0.01099997
v -0.00858819 -0.03444546 0.01339995
v -0.00858819 -0.03444546 0.01099997
v -0.01097005 -0.03376245 0.01339995
v -0.01097005 -0.03376245 0.01099997
v -0.01329845 -0.03291499 0.01339995
v -0.01329845 -0.03291499 0.01099997
v -0.01556217 -0.03190720 0.01339995
v -0.01556217 -0.03190720 0.01099997
v -0.01774996 -0.03074389 0.01339995
v -0.01774996 -0.03074389 0.01099997
v -0.01985126 -0.02943074 0.01339995
v -0.01985126 -0.02943074 0.01099997
v -0.02185595 -0.02797436 0.01339995
v -0.02185595 -0.02797436 0.01099997
v -0.02375406 -0.02638155 0.01339995
v -0.02375406 -0.02638155 0.01099997
v -0.02553659 -0.02466034 0.01339995
v -0.02553659 -0.02466034 0.01099997
v -0.02719455 -0.02281898 0.01339995
v -0.02719455 -0.02281898 0.01099997
v -0.02872008 -0.02086639 0.01339995
v -0.02872008 -0.02086639 0.01099997
v -0.03010565 -0.01881206 0.01339995
v -0.03010565 -0.01881206 0.01099997
v -0.03134459 -0.01666617 0.01339995
v -0.03134459 -0.01666617 0.01099997
v -0.03243088 -0.01443904 0.01339995
v -0.03243088 -0.01443904 0.01099997
v -0.03335905 -0.01214170 0.01339995
v -0.03335905 -0.01214170 0.01099997
v -0.03412479 -0.00978511 0.01339995
v -0.03412479 -0.00978511 0.01099997
v -0.03472417 -0.00738084 0.01339995
v -0.03472417 -0.00738084 0.01099997
v -0.03515446 -0.00494063 0.01339995
v -0.03515446 -0.00494063 0.01099997
v -0.03541350 -0.00247633 0.01339995
v -0.03541350 -0.00247633 0.01099997
v 0.03724706 0.00434804 0.00875819
v 0.03723269 0.00446993 0.00858927
v 0.03723305 0.00446612 0.01389998
v 0.03749865 0.00031579 -0.00099040
v 0.03540027 0.01237207 -0.00250000
v 0.03498518 0.01350128 -0.00250000
v 0.03540027 0.01237207 0.00500000
v 0.03460019 0.01445937 0.01389998
v 0.03551620 0.01203536 0.00500000
v 0.03551620 0.01203536 0.01389998
v 0.03584539 0.01101619 0.00500000
v 0.03626257 0.00955385 0.01389998
v 0.03584539 0.01101619 -0.00199997
v 0.03626257 0.00955385 -0.00199997
v 0.03642547 0.00891244 -0.00199997
v 0.03683578 0.00702679 0.01389998
v 0.03721719 0.00459659 0.00839967
v 0.03721439 0.00461936 0.00836384
v 0.03718316 0.00486439 0.00793862
v 0.03715807 0.00505227 0.00754732
v 0.03715407 0.00508189 0.00747836
v 0.03713029 0.00525296 0.00702631
v 0.03711390 0.00536782 0.00664389
v 0.03710979 0.00539678 0.00653094
v 0.03709459 0.00550002 0.00602454
v 0.03708815 0.00554293 0.00570983
v 0.03708529 0.00556195 0.00551021
v 0.03708219 0.00558215 0.00500000
v 0.03683578 0.00702679 -0.00199997
v 0.03708285 0.00557780 0.00476301
v 0.03708517 0.00556213 0.00449264
v 0.03709417 0.00550210 0.00398934
v 0.03709846 0.00547278 0.00382048
v 0.03710889 0.00540167 0.00348925
v 0.03712886 0.00526273 0.00300294
v 0.03713375 0.00522756 0.00289935
v 0.03715348 0.00508606 0.00253135
v 0.03718197 0.00487327 0.00207818
v 0.03718608 0.00484186 0.00201869
v 0.03721380 0.00462455 0.00164425
v 0.03689426 0.00671255 -0.00199997
v 0.03723037 0.00448847 -0.00199997
v 0.03723257 0.00447029 0.00141120
v 0.03724789 0.00434095 0.00123239
v 0.03725069 0.00431693 0.00120056
v 0.03728276 0.00402999 0.00085271
v 0.03731817 0.00368810 0.00050000
v 0.03732126 0.00365704 0.00047082
v 0.03735226 0.00332439 0.00018351
v 0.03738498 0.00293416 -0.00010146
v 0.03738975 0.00287247 -0.00014195
v 0.03741478 0.00252694 -0.00034785
v 0.03743249 0.00224829 -0.00199997
v 0.03744089 0.00210446 -0.00055568
v 0.03744757 0.00198138 -0.00060789
v 0.03746294 0.00166595 -0.00072559
v 0.03748005 0.00122279 -0.00085370
v 0.03748625 0.00101173 -0.00090025
v 0.03749209 0.00077044 -0.00094241
v 0.03742057 0.00243872 0.01039499
v 0.03740215 0.00270545 0.01024556
v 0.03737246 0.00309008 0.00999367
v 0.03735619 0.00327933 0.00985187
v 0.03734415 0.00341225 0.00974458
v 0.03731119 0.00375706 0.00943327
v 0.03728568 0.00400335 0.00917697
v 0.03727799 0.00407428 0.00909698
v 0.03749978 0.00012796 0.01099836
v 0.03749644 0.00050854 0.01097488
v 0.03745257 0.00188410 0.01389998
v 0.03749549 0.00057831 0.01096755
v 0.03748536 0.00104636 0.01089316
v 0.03747075 0.00148022 0.01078438
v 0.03746980 0.00150424 0.01077717
v 0.03745037 0.00192761 0.01062947
v 0.03742760 0.00232852 0.01045107
v -0.03747797 0.00128353 -0.00250000
v -0.03745257 0.00188410 0.01389998
v -0.03723305 0.00446612 0.01389998
v -0.03730237 0.00384492 -0.00250000
v -0.03745257 0.00188410 -0.00250000
v -0.03683578 0.00702679 0.01389998
v -0.03695189 0.00638825 -0.00250000
v -0.03723305 0.00446612 -0.00250000
v -0.03626245 0.00955385 0.01389998
v -0.03642815 0.00890160 -0.00250000
v -0.03683578 0.00702679 -0.00250000
v -0.03551620 0.01203536 0.01389998
v -0.03573369 0.01137328 -0.00250000
v -0.03626245 0.00955385 -0.00250000
v -0.03460019 0.01445937 0.01389998
v -0.03487175 0.01379156 -0.00250000
v -0.03551620 0.01203536 -0.00250000
v -0.03351908 0.01681435 0.01389998
v -0.03384637 0.01614528 -0.00250000
v -0.03460019 0.01445937 -0.00250000
v -0.03227776 0.01908910 0.01389998
v -0.03266239 0.01842337 -0.00250000
v -0.03351908 0.01681435 -0.00250000
v -0.03088247 0.02127259 0.01389998
v -0.03132516 0.02061498 -0.00250000
v -0.03227776 0.01908910 -0.00250000
v -0.02933967 0.02335447 0.01389998
v -0.02984130 0.02271008 -0.00250000
v -0.03088247 0.02127259 -0.00250000
v -0.02765667 0.02532500 0.01389998
v -0.02821749 0.02469867 -0.00250000
v -0.02933967 0.02335447 -0.00250000
v -0.02584177 0.02717447 0.01389998
v -0.02646136 0.02657145 -0.00250000
v -0.02765667 0.02532500 -0.00250000
v -0.02390336 0.02889418 0.01389998
v -0.02458125 0.02831977 -0.00250000
v -0.02584177 0.02717447 -0.00250000
v -0.02185088 0.03047597 0.01389998
v -0.02258598 0.02993535 -0.00250000
v -0.02390336 0.02889418 -0.00250000
v -0.01969408 0.03191226 0.01389998
v -0.02048480 0.03141057 -0.00250000
v -0.02185088 0.03047597 -0.00250000
v -0.01744318 0.03319615 0.01389998
v -0.01828759 0.03273856 -0.00250000
v -0.01969408 0.03191226 -0.00250000
v -0.01510900 0.03432148 0.01389998
v -0.01600456 0.03391319 -0.00250000
v -0.01744318 0.03319615 -0.00250000
v -0.01270270 0.03528296 0.01389998
v -0.01364666 0.03492879 -0.00250000
v -0.01510900 0.03432148 -0.00250000
v -0.01023566 0.03607594 0.01389998
v -0.01122474 0.03578054 -0.00250000
v -0.01270270 0.03528296 -0.00250000
v -0.00771981 0.03669679 0.01389998
v -0.00875026 0.03646475 -0.00250000
v -0.01023566 0.03607594 -0.00250000
v -0.00516713 0.03714227 0.01389998
v -0.00623470 0.03697806 -0.00250000
v -0.00771981 0.03669679 -0.00250000
v -0.00258970 0.03741049 0.01389998
v -0.00368994 0.03731799 -0.00250000
v -0.00516713 0.03714227 -0.00250000
v 0.00000000 0.03749996 0.01389998
v -0.00112790 0.03748297 -0.00250000
v -0.00258970 0.03741049 -0.00250000
v 0.00258970 0.03741049 0.01389998
v 0.00143939 0.03747236 -0.00250000
v 0.00000000 0.03749996 -0.00250000
v 0.00516713 0.03714227 0.01389998
v 0.00399995 0.03728610 -0.00250000
v 0.00258970 0.03741049 -0.00250000
v 0.00771981 0.03669679 0.01389998
v 0.00654179 0.03692495 -0.00250000
v 0.00516713 0.03714227 -0.00250000
v 0.01023566 0.03607594 0.01389998
v 0.00905299 0.03639078 -0.00250000
v 0.00771981 0.03669679 -0.00250000
v 0.01270270 0.03528296 0.01389998
v 0.01152175 0.03568607 -0.00250000
v 0.01023566 0.03607594 -0.00250000
v 0.01510900 0.03432148 0.01389998
v 0.01393646 0.03481405 -0.00250000
v 0.01270270 0.03528296 -0.00250000
v 0.01744318 0.03319615 0.01389998
v 0.01628589 0.03377896 -0.00250000
v 0.01510900 0.03432148 -0.00250000
v 0.01969408 0.03191226 0.01389998
v 0.01855897 0.03258550 -0.00250000
v 0.01744318 0.03319615 -0.00250000
v 0.02185088 0.03047597 0.01389998
v 0.02074509 0.03123927 -0.00250000
v 0.01969408 0.03191226 -0.00250000
v 0.02390336 0.02889418 0.01389998
v 0.02283400 0.02974659 -0.00250000
v 0.02185088 0.03047597 -0.00250000
v 0.02584177 0.02717447 0.01389998
v 0.02481579 0.02811449 -0.00250000
v 0.02390336 0.02889418 -0.00250000
v 0.02765667 0.02532500 0.01389998
v 0.02668130 0.02635067 -0.00250000
v 0.02584177 0.02717447 -0.00250000
v 0.02933967 0.02335447 0.01389998
v 0.02842175 0.02446329 -0.00250000
v 0.02765667 0.02532500 -0.00250000
v 0.03088247 0.02127259 0.01389998
v 0.03002899 0.02246129 -0.00250000
v 0.02933967 0.02335447 -0.00250000
v 0.03227776 0.01908910 0.01389998
v 0.03149545 0.02035397 -0.00250000
v 0.03088247 0.02127259 -0.00250000
v 0.03351897 0.01681435 0.01389998
v 0.03281426 0.01815128 -0.00250000
v 0.03227776 0.01908910 -0.00250000
v 0.03460019 0.01445937 -0.00250000
v 0.03397935 0.01586347 -0.00250000
v 0.03351897 0.01681435 -0.00250000
v -0.03541350 -0.00247633 0.01339995
v -0.03591227 -0.00251120 0.01389998
v -0.03515446 -0.00494063 0.01339995
v -0.03564959 -0.00501019 0.01389998
v -0.03472417 -0.00738084 0.01339995
v -0.03521329 -0.00748479 0.01389998
v -0.03412479 -0.00978511 0.01339995
v -0.03460538 -0.00992292 0.01389998
v -0.03335905 -0.01214170 0.01339995
v -0.03382885 -0.01231265 0.01389998
v -0.03243088 -0.01443904 0.01339995
v -0.03288757 -0.01464247 0.01389998
v -0.03134459 -0.01666617 0.01339995
v -0.03178608 -0.01690095 0.01389998
v -0.03010565 -0.01881206 0.01339995
v -0.03052967 -0.01907706 0.01389998
v -0.02872008 -0.02086639 0.01339995
v -0.02912455 -0.02116030 0.01389998
v -0.02719455 -0.02281898 0.01339995
v -0.02757757 -0.02314037 0.01389998
v -0.02553659 -0.02466034 0.01339995
v -0.02589619 -0.02500766 0.01389998
v -0.02375406 -0.02638155 0.01339995
v -0.02408868 -0.02675318 0.01389998
v -0.02185595 -0.02797436 0.01339995
v -0.02216374 -0.02836835 0.01389998
v -0.01985126 -0.02943074 0.01339995
v -0.02013087 -0.02984529 0.01389998
v -0.01774996 -0.03074389 0.01339995
v -0.01799994 -0.03117686 0.01389998
v -0.01556217 -0.03190720 0.01339995
v -0.01578140 -0.03235656 0.01389998
v -0.01329845 -0.03291499 0.01339995
v -0.01348578 -0.03337860 0.01389998
v -0.01097005 -0.03376245 0.01339995
v -0.01112455 -0.03423798 0.01389998
v -0.00858819 -0.03444546 0.01339995
v -0.00870913 -0.03493064 0.01389998
v -0.00616449 -0.03496068 0.01339995
v -0.00625128 -0.03545308 0.01389998
v -0.00371075 -0.03530550 0.01339995
v -0.00376302 -0.03580278 0.01389998
v -0.00123888 -0.03547835 0.01339995
v -0.00125635 -0.03597807 0.01389998
v 0.00123888 -0.03547835 0.01339995
v 0.00125635 -0.03597807 0.01389998
v 0.00371075 -0.03530550 0.01339995
v 0.00376302 -0.03580278 0.01389998
v 0.00616449 -0.03496068 0.01339995
v 0.00625134 -0.03545308 0.01389998
v 0.00858819 -0.03444546 0.01339995
v 0.00870913 -0.03493064 0.01389998
v 0.01097005 -0.03376245 0.01339995
v 0.01112455 -0.03423798 0.01389998
v 0.01329845 -0.03291499 0.01339995
v 0.01348578 -0.03337860 0.01389998
v 0.01556217 -0.03190720 0.01339995
v 0.01578140 -0.03235656 0.01389998
v 0.01774996 -0.03074389 0.01339995
v 0.01799994 -0.03117686 0.01389998
v 0.01985126 -0.02943074 0.01339995
v 0.02013087 -0.02984529 0.01389998
v 0.02185595 -0.02797436 0.01339995
v 0.02216374 -0.02836835 0.01389998
v 0.02375406 -0.02638155 0.01339995
v 0.02408868 -0.02675318 0.01389998
v 0.02553659 -0.02466034 0.01339995
v 0.02589619 -0.02500766 0.01389998
v 0.02719455 -0.02281898 0.01339995
v 0.02757757 -0.02314037 0.01389998
v 0.02872008 -0.02086639 0.01339995
v 0.02912455 -0.02116030 0.01389998
v 0.03010565 -0.01881206 0.01339995
v 0.03052967 -0.01907706 0.01389998
v 0.03134459 -0.01666617 0.01339995
v 0.03178608 -0.01690095 0.01389998
v 0.03243088 -0.01443904 0.01339995
v 0.03288757 -0.01464247 0.01389998
v 0.03335905 -0.01214170 0.01339995
v 0.03382885 -0.01231265 0.01389998
v 0.03412479 -0.00978511 0.01339995
v 0.03460538 -0.00992292 0.01389998
v 0.03472417 -0.00738084 0.01339995
v 0.03521329 -0.00748479 0.01389998
v 0.03515446 -0.00494063 0.01339995
v 0.03564959 -0.00501019 0.01389998
v 0.03541350 -0.00247633 0.01339995
v 0.03591227 -0.00251120 0.01389998
v -0.03141409 0.00232530 0.00000000
v -0.03141409 0.00232530 -0.00250000
v -0.03115665 0.00463790 0.00000000
v -0.03115665 0.00463790 -0.00250000
v -0.03072929 0.00692522 0.00000000
v -0.03072929 0.00692522 -0.00250000
v -0.03013426 0.00917470 0.00000000
v -0.03013426 0.00917470 -0.00250000
v -0.02937477 0.01137417 0.00000000
v -0.02937477 0.01137417 -0.00250000
v -0.02845495 0.01351159 0.00000000
v -0.02845495 0.01351159 -0.00250000
v -0.02737987 0.01557528 0.00000000
v -0.02737987 0.01557528 -0.00250000
v -0.02615547 0.01755386 0.00000000
v -0.02615547 0.01755386 -0.00250000
v -0.02478826 0.01943677 0.00000000
v -0.02478826 0.01943677 -0.00250000
v -0.02328586 0.02121365 0.00000000
v -0.02328586 0.02121365 -0.00250000
v -0.02165627 0.02287465 0.00000000
v -0.02165627 0.02287465 -0.00250000
v -0.01990866 0.02441096 0.00000000
v -0.01990866 0.02441096 -0.00250000
v -0.01805239 0.02581399 0.00000000
v -0.01805239 0.02581399 -0.00250000
v -0.01609748 0.02707618 0.00000000
v -0.01609748 0.02707618 -0.00250000
v -0.01405489 0.02819055 0.00000000
v -0.01405489 0.02819055 -0.00250000
v -0.01193547 0.02915120 0.00000000
v -0.01193547 0.02915120 -0.00250000
v -0.00975096 0.02995276 0.00000000
v -0.00975096 0.02995276 -0.00250000
v -0.00751328 0.03059089 0.00000000
v -0.00751328 0.03059089 -0.00250000
v -0.00523460 0.03106194 0.00000000
v -0.00523460 0.03106194 -0.00250000
v -0.00292736 0.03136366 0.00000000
v -0.00292736 0.03136366 -0.00250000
v -0.00060414 0.03149420 0.00000000
v -0.00060414 0.03149420 -0.00250000
v 0.00172234 0.03145289 0.00000000
v 0.00172234 0.03145289 -0.00250000
v 0.00403947 0.03123986 0.00000000
v 0.00403947 0.03123986 -0.00250000
v 0.00633454 0.03085649 0.00000000
v 0.00633454 0.03085649 -0.00250000
v 0.00859511 0.03030467 0.00000000
v 0.00859511 0.03030467 -0.00250000
v 0.01080864 0.02958744 0.00000000
v 0.01080864 0.02958744 -0.00250000
v 0.01296335 0.02870887 0.00000000
v 0.01296335 0.02870887 -0.00250000
v 0.01504725 0.02767360 0.00000000
v 0.01504725 0.02767360 -0.00250000
v 0.01704907 0.02648729 0.00000000
v 0.01704907 0.02648729 -0.00250000
v 0.01895779 0.02515649 0.00000000
v 0.01895779 0.02515649 -0.00250000
v 0.02076309 0.02368837 0.00000000
v 0.02076309 0.02368837 -0.00250000
v 0.02245515 0.02209109 0.00000000
v 0.02245515 0.02209109 -0.00250000
v 0.02402460 0.02037316 0.00000000
v 0.02402460 0.02037316 -0.00250000
v 0.02546298 0.01854407 0.00000000
v 0.02546298 0.01854407 -0.00250000
v 0.02676248 0.01661390 0.00000000
v 0.02676248 0.01661390 -0.00250000
v 0.02791589 0.01459288 0.00000000
v 0.02791589 0.01459288 -0.00250000
v -0.03141409 0.00232530 -0.00250000
v -0.03191268 0.00236219 -0.00299996
v -0.03115665 0.00463790 -0.00250000
v -0.03165125 0.00471151 -0.00299996
v -0.03072929 0.00692522 -0.00250000
v -0.03121709 0.00703514 -0.00299996
v -0.03013426 0.00917470 -0.00250000
v -0.03061258 0.00932038 -0.00299996
v -0.02937477 0.01137417 -0.00250000
v -0.02984100 0.01155477 -0.00299996
v -0.02845495 0.01351159 -0.00250000
v -0.02890670 0.01372605 -0.00299996
v -0.02737987 0.01557528 -0.00250000
v -0.02781444 0.01582247 -0.00299996
v -0.02615547 0.01755386 -0.00250000
v -0.02657055 0.01783257 -0.00299996
v -0.02478826 0.01943677 -0.00250000
v -0.02518177 0.01974529 -0.00299996
v -0.02328586 0.02121365 -0.00250000
v -0.02365547 0.02155035 -0.00299996
v -0.02165627 0.02287465 -0.00250000
v -0.02200007 0.02323776 -0.00299996
v -0.01990866 0.02441096 -0.00250000
v -0.02022469 0.02479839 -0.00299996
v -0.01805239 0.02581399 -0.00250000
v -0.01833885 0.02622377 -0.00299996
v -0.01609748 0.02707618 -0.00250000
v -0.01635295 0.02750599 -0.00299996
v -0.01405489 0.02819055 -0.00250000
v -0.01427787 0.02863806 -0.00299996
v -0.01193547 0.02915120 -0.00250000
v -0.01212495 0.02961385 -0.00299996
v -0.00975096 0.02995276 -0.00250000
v -0.00990575 0.03042817 -0.00299996
v -0.00751328 0.03059089 -0.00250000
v -0.00763255 0.03107637 -0.00299996
v -0.00523460 0.03106194 -0.00250000
v -0.00531769 0.03155505 -0.00299996
v -0.00292736 0.03136366 -0.00250000
v -0.00297379 0.03186148 -0.00299996
v -0.00060414 0.03149420 -0.00250000
v -0.00061373 0.03199410 -0.00299996
v 0.00172234 0.03145289 -0.00250000
v 0.00174969 0.03195208 -0.00299996
v 0.00403947 0.03123986 -0.00250000
v 0.00410360 0.03173577 -0.00299996
v 0.00633454 0.03085649 -0.00250000
v 0.00643510 0.03134626 -0.00299996
v 0.00859511 0.03030467 -0.00250000
v 0.00873154 0.03078567 -0.00299996
v 0.01080864 0.02958744 -0.00250000
v 0.01098024 0.03005719 -0.00299996
v 0.01296335 0.02870887 -0.00250000
v 0.01316905 0.02916455 -0.00299996
v 0.01504725 0.02767360 -0.00250000
v 0.01528608 0.02811288 -0.00299996
v 0.01704907 0.02648729 -0.00250000
v 0.01731967 0.02690780 -0.00299996
v 0.01895779 0.02515649 -0.00250000
v 0.01925879 0.02555578 -0.00299996
v 0.02076309 0.02368837 -0.00250000
v 0.02109265 0.02406436 -0.00299996
v 0.02245515 0.02209109 -0.00250000
v 0.02281159 0.02244168 -0.00299996
v 0.02402460 0.02037316 -0.00250000
v 0.02440595 0.02069658 -0.00299996
v 0.02546298 0.01854407 -0.00250000
v 0.02586716 0.01883846 -0.00299996
v 0.02676248 0.01661390 -0.00250000
v 0.02718728 0.01687759 -0.00299996
v 0.02791589 0.01459288 -0.00250000
v 0.02835899 0.01482456 -0.00299996
v 0.03540366 0.01075077 -0.00250000
v 0.03490447 0.01124995 -0.00250000
v 0.03562456 0.01088339 -0.00224996
v 0.03511154 0.01174998 -0.00199997
v 0.03584539 0.01101619 -0.00199997
v 0.03626257 0.00955385 -0.00199997
v 0.03642547 0.00891244 -0.00199997
v 0.03593975 0.00879359 -0.00250000
v 0.03683578 0.00702679 -0.00199997
v 0.03640240 0.00662303 -0.00250000
v 0.03689426 0.00671255 -0.00199997
v 0.03723037 0.00448847 -0.00199997
v 0.03673398 0.00442863 -0.00250000
v 0.03743249 0.00224829 -0.00199997
v 0.03693336 0.00221831 -0.00250000
v 0.03749996 0.00000000 -0.00199997
v 0.03700000 0.00000000 -0.00250000
v 0.03511154 0.01174998 -0.00199997
v 0.03490447 0.01124995 -0.00250000
v 0.03379994 0.01174998 -0.00199997
v 0.03429996 0.01124995 -0.00250000
v 0.03584539 -0.01101619 -0.00199997
v 0.03511154 -0.01174998 -0.00199997
v 0.03562456 -0.01088339 -0.00224996
v 0.03490447 -0.01124995 -0.00250000
v 0.03540366 -0.01075077 -0.00250000
v 0.03379994 0.01174998 -0.00199997
v 0.03429996 0.01124995 -0.00250000
v 0.03379994 0.00874996 -0.00199997
v 0.03429996 0.00874996 -0.00250000
v 0.03490447 -0.01124995 -0.00250000
v 0.03511154 -0.01174998 -0.00199997
v 0.03429996 -0.01124995 -0.00250000
v 0.03379994 -0.01174998 -0.00199997
v 0.03375530 0.00823396 -0.00199997
v 0.03424775 0.00814795 -0.00250000
v 0.03362250 0.00773335 -0.00199997
v 0.03409290 0.00756389 -0.00250000
v 0.03340560 0.00726300 -0.00199997
v 0.03383976 0.00701517 -0.00250000
v 0.03311097 0.00683701 -0.00199997
v 0.03349608 0.00651819 -0.00250000
v 0.03274744 0.00646806 -0.00199997
v 0.03307205 0.00608772 -0.00250000
v 0.03232598 0.00616705 -0.00199997
v 0.03258025 0.00573659 -0.00250000
v 0.03185898 0.00594312 -0.00199997
v 0.03203547 0.00547528 -0.00250000
v 0.03429996 -0.01124995 -0.00250000
v 0.03379994 -0.01174998 -0.00199997
v 0.03429996 -0.00874996 -0.00250000
v 0.03379994 -0.00874996 -0.00199997
v 0.03178125 0.00590587 -0.00199997
v 0.03171116 0.00585592 -0.00199997
v 0.03165066 0.00579464 -0.00199997
v 0.03160154 0.00572389 -0.00199997
v 0.03156536 0.00564575 -0.00199997
v 0.03154319 0.00556260 -0.00199997
v 0.03153544 0.00547683 -0.00199997
v 0.03154259 0.00539106 -0.00199997
v 0.03185898 -0.00594312 -0.00199997
v 0.03203547 -0.00547528 -0.00250000
v 0.03232598 -0.00616705 -0.00199997
v 0.03258025 -0.00573659 -0.00250000
v 0.03274744 -0.00646806 -0.00199997
v 0.03307205 -0.00608772 -0.00250000
v 0.03311097 -0.00683701 -0.00199997
v 0.03349608 -0.00651819 -0.00250000
v 0.03340560 -0.00726300 -0.00199997
v 0.03383976 -0.00701517 -0.00250000
v 0.03362250 -0.00773335 -0.00199997
v 0.03409290 -0.00756389 -0.00250000
v 0.03375530 -0.00823396 -0.00199997
v 0.03424775 -0.00814795 -0.00250000
v 0.03154259 -0.00539106 -0.00199997
v 0.03233247 -0.00329524 -0.00250000
v 0.03183507 -0.00324452 -0.00199997
v 0.03248137 -0.00110006 -0.00250000
v 0.03194910 -0.00180465 -0.00199997
v 0.03198164 -0.00108314 -0.00199997
v 0.03200000 0.00000000 -0.00199997
v 0.03248137 0.00110006 -0.00250000
v 0.03183507 0.00324452 -0.00199997
v 0.03233247 0.00329524 -0.00250000
v 0.03194910 0.00180465 -0.00199997
v 0.03198164 0.00108314 -0.00199997
v 0.03153544 -0.00547683 -0.00199997
v 0.03154319 -0.00556260 -0.00199997
v 0.03156536 -0.00564575 -0.00199997
v 0.03160154 -0.00572389 -0.00199997
v 0.03165066 -0.00579464 -0.00199997
v 0.03171116 -0.00585592 -0.00199997
v 0.03178125 -0.00590587 -0.00199997
v 0.03511154 -0.01174998 0.00000000
v 0.03511154 -0.01174998 -0.00199997
v 0.03513246 -0.01172918 0.00000000
v 0.03513246 -0.01172918 0.00500000
v 0.03185898 -0.00594312 -0.00199997
v 0.03185898 -0.00594312 0.00000000
v 0.03178125 -0.00590587 0.00000000
v 0.03178125 -0.00590587 -0.00199997
v 0.03171116 -0.00585592 0.00000000
v 0.03171116 -0.00585592 -0.00199997
v 0.03165066 -0.00579464 0.00000000
v 0.03165066 -0.00579464 -0.00199997
v 0.03160154 -0.00572389 0.00000000
v 0.03160154 -0.00572389 -0.00199997
v 0.03156536 -0.00564575 0.00000000
v 0.03156536 -0.00564575 -0.00199997
v 0.03154319 -0.00556260 0.00000000
v 0.03154319 -0.00556260 -0.00199997
v 0.03153544 -0.00547683 0.00000000
v 0.03153544 -0.00547683 -0.00199997
v 0.03154259 -0.00539106 0.00000000
v 0.03154259 -0.00539106 -0.00199997
v 0.03154259 0.00539106 -0.00199997
v 0.03154259 0.00539106 0.00000000
v 0.03153544 0.00547683 0.00000000
v 0.03153544 0.00547683 -0.00199997
v 0.03154319 0.00556260 0.00000000
v 0.03154319 0.00556260 -0.00199997
v 0.03156536 0.00564575 0.00000000
v 0.03156536 0.00564575 -0.00199997
v 0.03160154 0.00572389 0.00000000
v 0.03160154 0.00572389 -0.00199997
v 0.03165066 0.00579464 0.00000000
v 0.03165066 0.00579464 -0.00199997
v 0.03171116 0.00585592 0.00000000
v 0.03171116 0.00585592 -0.00199997
v 0.03178125 0.00590587 0.00000000
v 0.03178125 0.00590587 -0.00199997
v 0.03185898 0.00594312 0.00000000
v 0.03185898 0.00594312 -0.00199997
v 0.03511154 0.01174998 -0.00199997
v 0.03511154 0.01174998 0.00500000
v 0.03379994 0.01174998 0.00000000
v 0.03379994 0.01174998 -0.00199997
v 0.03379994 0.00874996 0.00000000
v 0.03379994 0.00874996 -0.00199997
v 0.03375530 0.00823396 0.00000000
v 0.03375530 0.00823396 -0.00199997
v 0.03362250 0.00773335 0.00000000
v 0.03362250 0.00773335 -0.00199997
v 0.03340560 0.00726300 0.00000000
v 0.03340560 0.00726300 -0.00199997
v 0.03311097 0.00683701 0.00000000
v 0.03311097 0.00683701 -0.00199997
v 0.03274744 0.00646806 0.00000000
v 0.03274744 0.00646806 -0.00199997
v 0.03232598 0.00616705 0.00000000
v 0.03232598 0.00616705 -0.00199997
v 0.03379994 -0.00874996 -0.00199997
v 0.03379994 -0.01174998 -0.00199997
v 0.03379994 -0.00874996 0.00000000
v 0.03379994 -0.01174998 0.00000000
v 0.03232598 -0.00616705 0.00000000
v 0.03232598 -0.00616705 -0.00199997
v 0.03274744 -0.00646806 0.00000000
v 0.03274744 -0.00646806 -0.00199997
v 0.03311097 -0.00683701 0.00000000
v 0.03311097 -0.00683701 -0.00199997
v 0.03340560 -0.00726300 0.00000000
v 0.03340560 -0.00726300 -0.00199997
v 0.03362250 -0.00773335 0.00000000
v 0.03362250 -0.00773335 -0.00199997
v 0.03375530 -0.00823396 0.00000000
v 0.03375530 -0.00823396 -0.00199997
v 0.03379994 -0.01174998 -0.00199997
v 0.03511154 -0.01174998 -0.00199997
v 0.03379994 -0.01174998 0.00000000
v 0.03511154 -0.01174998 0.00000000
v 0.03179645 -0.00360358 0.00000000
v 0.03183507 -0.00324452 -0.00199997
v 0.03194910 -0.00180465 0.00000000
v 0.03194910 -0.00180465 -0.00199997
v 0.03198164 -0.00108314 -0.00199997
v 0.03200000 0.00000000 0.00000000
v 0.03200000 0.00000000 -0.00199997
v 0.03502929 0.01174998 0.00500000
v 0.03511154 0.01174998 0.00500000
v 0.03502929 0.01174998 0.00000000
v 0.03511154 0.01174998 -0.00199997
v 0.03379994 0.01174998 0.00000000
v 0.03379994 0.01174998 -0.00199997
v 0.03640240 0.00662303 -0.00250000
v 0.03673398 0.00442863 -0.00250000
v 0.03383976 0.00701517 -0.00250000
v 0.03700000 0.00000000 -0.00250000
v 0.03693336 -0.00221831 -0.00250000
v 0.03258025 0.00573659 -0.00250000
v 0.03429996 0.00874996 -0.00250000
v 0.03429996 0.01124995 -0.00250000
v 0.03490447 0.01124995 -0.00250000
v 0.03409290 0.00756389 -0.00250000
v 0.03424775 0.00814795 -0.00250000
v 0.03593975 0.00879359 -0.00250000
v 0.03540366 0.01075077 -0.00250000
v 0.03490447 -0.01124995 -0.00250000
v 0.03429996 -0.01124995 -0.00250000
v 0.03540366 -0.01075077 -0.00250000
v 0.03429996 -0.00874996 -0.00250000
v 0.03593975 -0.00879359 -0.00250000
v 0.03640240 -0.00662303 -0.00250000
v 0.03673398 -0.00442863 -0.00250000
v 0.03349608 -0.00651819 -0.00250000
v 0.03307205 -0.00608772 -0.00250000
v 0.03258025 -0.00573659 -0.00250000
v 0.03693336 0.00221831 -0.00250000
v 0.03307205 0.00608772 -0.00250000
v 0.03349608 0.00651819 -0.00250000
v 0.03424775 -0.00814795 -0.00250000
v 0.03409290 -0.00756389 -0.00250000
v 0.03383976 -0.00701517 -0.00250000
v 0.03203547 -0.00547528 -0.00250000
v 0.03233247 -0.00329524 -0.00250000
v 0.03248137 -0.00110006 -0.00250000
v 0.03203547 0.00547528 -0.00250000
v 0.03233247 0.00329524 -0.00250000
v 0.03248137 0.00110006 -0.00250000
v 0.03198164 0.00108314 -0.00199997
v 0.03194910 0.00180465 0.00000000
v 0.03194910 0.00180465 -0.00199997
v 0.03179645 0.00360358 0.00000000
v 0.03183507 0.00324452 -0.00199997
v 0.03743249 -0.00224829 -0.00199997
v 0.03593975 -0.00879359 -0.00250000
v 0.03693336 -0.00221831 -0.00250000
v 0.03723305 -0.00446612 -0.00199997
v 0.03673398 -0.00442863 -0.00250000
v 0.03723037 -0.00448847 -0.00199997
v 0.03689426 -0.00671255 -0.00199997
v 0.03640240 -0.00662303 -0.00250000
v 0.03683578 -0.00702679 -0.00199997
v 0.03642547 -0.00891244 -0.00199997
v 0.03626257 -0.00955385 -0.00199997
v 0.03548055 0.00117367 0.00468183
v 0.03549998 -0.00002897 0.00025009
v 0.03549998 0.00000000 0.00025000
v 0.03542047 0.00237495 0.00088638
v 0.03541904 0.00239545 0.00910169
v 0.03542047 0.00237495 0.00911361
f 1 2 3
f 3 2 4
f 3 4 5
f 6 7 8
f 9 10 8
f 8 10 11
f 8 11 6
f 12 13 14
f 15 16 17
f 17 16 18
f 17 18 19
f 20 21 14
f 14 21 22
f 14 22 12
f 23 24 25
f 26 27 28
f 28 27 29
f 28 29 30
f 30 29 31
f 30 31 32
f 33 34 35
f 36 37 38
f 38 37 23
f 38 23 39
f 39 23 25
f 40 15 41
f 41 15 42
f 41 42 34
f 34 42 43
f 34 43 35
f 40 44 15
f 15 44 45
f 15 45 46
f 47 48 49
f 50 51 52
f 52 51 53
f 54 55 30
f 30 55 56
f 57 58 30
f 30 58 59
f 30 59 60
f 47 61 48
f 48 61 62
f 48 62 63
f 28 64 26
f 26 64 47
f 26 47 65
f 65 47 49
f 56 66 30
f 30 66 67
f 30 67 57
f 32 68 30
f 30 68 69
f 30 69 54
f 30 70 71
f 46 72 15
f 15 72 73
f 15 73 74
f 60 75 30
f 30 75 76
f 30 76 77
f 77 78 30
f 30 78 79
f 30 79 70
f 80 81 82
f 82 81 83
f 84 85 52
f 26 86 27
f 27 86 52
f 27 52 87
f 87 52 88
f 71 89 30
f 30 89 90
f 30 90 91
f 91 92 30
f 30 92 93
f 30 93 94
f 94 95 30
f 30 95 82
f 30 82 96
f 97 98 99
f 100 101 102
f 85 103 52
f 52 103 104
f 52 104 105
f 15 106 107
f 80 82 108
f 108 82 109
f 108 109 110
f 97 111 98
f 98 111 112
f 98 112 113
f 110 114 108
f 108 114 97
f 108 97 115
f 115 97 99
f 83 116 82
f 82 116 117
f 82 117 96
f 101 118 102
f 102 118 119
f 102 119 120
f 105 121 52
f 52 121 122
f 52 122 123
f 74 124 15
f 15 124 125
f 15 125 106
f 107 126 15
f 15 126 127
f 15 127 16
f 62 102 63
f 63 102 120
f 63 120 35
f 35 120 37
f 35 37 33
f 33 37 36
f 128 129 130
f 130 129 131
f 53 132 133
f 133 132 129
f 133 129 134
f 134 129 128
f 53 133 52
f 52 133 135
f 52 135 136
f 123 137 52
f 52 137 138
f 52 138 88
f 139 140 102
f 102 140 141
f 102 141 100
f 136 142 52
f 52 142 143
f 52 143 84
f 144 145 139
f 139 145 146
f 139 146 140
f 147 148 139
f 139 148 149
f 139 149 144
f 20 14 139
f 139 14 150
f 139 150 147
f 151 152 153
f 153 152 154
f 155 156 157
f 157 156 158
f 159 160 161
f 161 160 162
f 161 162 163
f 163 162 164
f 165 166 167
f 167 166 168
f 167 168 169
f 169 168 170
f 168 166 171
f 171 166 172
f 171 172 173
f 173 172 174
f 175 176 177
f 175 177 178
f 178 177 179
f 178 179 180
f 180 179 181
f 180 181 182
f 182 181 183
f 182 183 184
f 184 183 185
f 184 185 186
f 186 185 187
f 186 187 188
f 188 187 189
f 188 189 190
f 190 189 173
f 190 173 174
f 176 175 191
f 191 175 192
f 191 192 193
f 193 192 194
f 193 194 195
f 195 194 196
f 195 196 197
f 197 196 198
f 197 198 199
f 199 198 200
f 199 200 201
f 201 200 202
f 201 202 203
f 203 202 204
f 203 204 205
f 205 204 206
f 205 206 207
f 207 206 208
f 207 208 209
f 209 208 210
f 209 210 211
f 211 210 212
f 211 212 213
f 213 212 214
f 213 214 215
f 215 214 216
f 215 216 217
f 217 216 218
f 217 218 219
f 219 218 220
f 219 220 221
f 221 220 222
f 221 222 223
f 223 222 224
f 223 224 225
f 225 224 226
f 225 226 227
f 227 226 228
f 227 228 229
f 229 228 230
f 229 230 231
f 231 230 232
f 231 232 233
f 233 232 234
f 233 234 235
f 235 234 236
f 235 236 237
f 237 236 238
f 237 238 239
f 239 238 240
f 239 240 241
f 241 240 242
f 241 242 243
f 243 242 244
f 243 244 245
f 245 244 246
f 245 246 247
f 247 246 248
f 247 248 249
f 249 248 250
f 249 250 251
f 251 250 252
f 251 252 253
f 253 252 254
f 253 254 255
f 255 254 256
f 255 256 257
f 257 256 258
f 257 258 259
f 259 258 260
f 259 260 261
f 261 260 262
f 261 262 263
f 263 262 264
f 265 266 267
f 265 267 268
f 268 267 269
f 268 269 270
f 270 269 271
f 270 271 272
f 272 271 273
f 272 273 274
f 274 273 275
f 274 275 276
f 276 275 277
f 276 277 278
f 278 277 279
f 278 279 280
f 280 279 281
f 280 281 282
f 266 265 283
f 283 265 284
f 283 284 285
f 285 284 286
f 287 288 289
f 289 288 285
f 289 285 290
f 290 285 286
f 291 292 293
f 291 293 294
f 294 293 295
f 294 295 296
f 296 295 297
f 296 297 298
f 298 297 299
f 298 299 300
f 300 299 301
f 300 301 302
f 302 301 303
f 302 303 304
f 304 303 305
f 304 305 306
f 306 305 307
f 306 307 308
f 163 164 309
f 163 309 310
f 310 309 311
f 310 311 312
f 312 311 313
f 312 313 314
f 314 313 315
f 314 315 316
f 316 315 317
f 316 317 318
f 318 317 319
f 318 319 320
f 320 319 321
f 320 321 322
f 322 321 323
f 322 323 324
f 325 326 327
f 327 326 328
f 329 330 327
f 327 330 331
f 327 331 325
f 154 152 332
f 333 334 335
f 335 334 154
f 335 154 336
f 336 154 332
f 337 338 159
f 159 338 160
f 339 340 341
f 341 340 342
f 292 291 343
f 343 291 344
f 343 344 339
f 339 344 340
f 345 346 347
f 348 349 350
f 350 349 351
f 350 351 352
f 353 354 355
f 355 354 356
f 355 356 348
f 348 356 357
f 348 357 349
f 358 359 360
f 360 359 361
f 360 361 353
f 353 361 362
f 353 362 354
f 363 364 365
f 365 364 366
f 365 366 358
f 358 366 367
f 358 367 359
f 368 369 363
f 363 369 370
f 363 370 364
f 371 372 368
f 368 372 373
f 368 373 369
f 374 375 376
f 376 375 377
f 376 377 371
f 371 377 378
f 371 378 372
f 379 380 381
f 381 380 382
f 381 382 374
f 374 382 383
f 374 383 375
f 347 384 345
f 345 384 385
f 345 385 386
f 386 385 387
f 386 387 379
f 379 387 388
f 379 388 380
f 389 390 346
f 346 390 391
f 346 391 347
f 392 393 389
f 389 393 394
f 389 394 390
f 395 396 397
f 397 396 398
f 397 398 392
f 392 398 399
f 392 399 393
f 400 401 395
f 395 401 402
f 395 402 396
f 403 404 400
f 400 404 405
f 400 405 401
f 406 407 408
f 408 407 409
f 408 409 403
f 403 409 410
f 403 410 404
f 411 412 413
f 413 412 414
f 413 414 406
f 406 414 415
f 406 415 407
f 416 417 411
f 411 417 418
f 411 418 412
f 419 420 416
f 416 420 421
f 416 421 417
f 422 423 424
f 424 423 425
f 424 425 419
f 419 425 426
f 419 426 420
f 427 428 429
f 429 428 430
f 429 430 422
f 422 430 431
f 422 431 423
f 432 433 434
f 434 433 435
f 434 435 427
f 427 435 436
f 427 436 428
f 437 438 439
f 439 438 440
f 439 440 432
f 432 440 441
f 432 441 433
f 442 443 444
f 444 443 445
f 444 445 437
f 437 445 446
f 437 446 438
f 447 448 449
f 449 448 450
f 449 450 442
f 442 450 451
f 442 451 443
f 452 453 454
f 454 453 455
f 454 455 447
f 447 455 456
f 447 456 448
f 457 458 452
f 452 458 459
f 452 459 453
f 460 461 457
f 457 461 462
f 457 462 458
f 463 464 460
f 460 464 465
f 460 465 461
f 466 467 463
f 463 467 468
f 463 468 464
f 469 470 471
f 471 470 472
f 471 472 466
f 466 472 473
f 466 473 467
f 474 475 476
f 476 475 477
f 476 477 469
f 469 477 478
f 469 478 470
f 479 480 474
f 474 480 481
f 474 481 475
f 482 483 484
f 484 483 485
f 484 485 479
f 479 485 486
f 479 486 480
f 487 488 482
f 482 488 489
f 482 489 483
f 490 491 487
f 487 491 492
f 487 492 488
f 493 494 490
f 490 494 495
f 490 495 491
f 496 497 498
f 498 497 499
f 498 499 493
f 493 499 500
f 493 500 494
f 501 502 496
f 496 502 503
f 496 503 497
f 504 505 506
f 506 505 507
f 506 507 501
f 501 507 508
f 501 508 502
f 509 510 511
f 511 510 512
f 511 512 504
f 504 512 513
f 504 513 505
f 514 515 509
f 509 515 516
f 509 516 510
f 517 518 514
f 514 518 519
f 514 519 515
f 520 521 522
f 522 521 523
f 522 523 517
f 517 523 524
f 517 524 518
f 525 526 527
f 527 526 528
f 527 528 520
f 520 528 529
f 520 529 521
f 351 530 352
f 352 530 531
f 352 531 532
f 532 531 533
f 532 533 525
f 525 533 534
f 525 534 526
f 535 536 537
f 537 536 538
f 538 536 539
f 538 539 540
f 540 539 541
f 540 541 542
f 542 541 543
f 542 543 544
f 544 543 545
f 544 545 546
f 546 545 547
f 546 547 548
f 548 547 549
f 548 549 550
f 550 549 551
f 550 551 552
f 552 551 553
f 552 553 554
f 554 553 555
f 554 555 556
f 556 555 557
f 556 557 558
f 558 557 559
f 558 559 560
f 560 559 561
f 560 561 562
f 562 561 563
f 562 563 564
f 564 563 565
f 564 565 566
f 566 565 567
f 566 567 568
f 568 567 569
f 568 569 570
f 570 569 571
f 570 571 572
f 572 571 573
f 572 573 574
f 574 573 575
f 574 575 576
f 576 575 577
f 576 577 578
f 578 577 579
f 578 579 580
f 580 579 581
f 580 581 582
f 582 581 583
f 582 583 584
f 584 583 585
f 584 585 586
f 586 585 587
f 586 587 588
f 588 587 589
f 588 589 590
f 590 589 591
f 590 591 592
f 592 591 593
f 592 593 594
f 594 593 595
f 594 595 596
f 596 595 597
f 597 595 598
f 597 598 599
f 599 598 600
f 599 600 601
f 601 600 602
f 601 602 603
f 603 602 604
f 603 604 605
f 605 604 606
f 605 606 607
f 607 606 608
f 607 608 609
f 609 608 610
f 609 610 611
f 611 610 612
f 611 612 613
f 613 612 614
f 613 614 615
f 615 614 616
f 615 616 617
f 617 616 618
f 617 618 619
f 619 618 620
f 619 620 621
f 621 620 622
f 621 622 623
f 623 622 624
f 623 624 625
f 625 624 626
f 625 626 627
f 627 626 628
f 627 628 629
f 629 628 630
f 629 630 631
f 631 630 632
f 631 632 633
f 633 632 634
f 633 634 635
f 635 634 636
f 635 636 637
f 637 636 638
f 637 638 639
f 639 638 640
f 639 640 641
f 641 640 642
f 641 642 643
f 642 644 643
f 643 644 645
f 643 645 646
f 646 645 647
f 646 647 648
f 648 647 649
f 648 649 650
f 650 649 651
f 650 651 652
f 652 651 653
f 652 653 654
f 654 653 655
f 654 655 656
f 656 655 657
f 656 657 658
f 658 657 659
f 658 659 660
f 660 659 661
f 660 661 662
f 662 661 663
f 664 665 666
f 666 665 667
f 666 667 663
f 663 667 668
f 663 668 662
f 537 669 535
f 535 669 670
f 535 670 671
f 671 670 672
f 671 672 673
f 673 672 674
f 673 674 675
f 675 674 676
f 675 676 677
f 677 676 678
f 677 678 679
f 679 678 680
f 679 680 664
f 664 680 681
f 664 681 665
f 324 323 682
f 682 323 683
f 682 683 684
f 684 683 685
f 684 685 686
f 686 685 687
f 686 687 688
f 688 687 689
f 688 689 690
f 690 689 691
f 690 691 692
f 692 691 693
f 692 693 694
f 694 693 695
f 694 695 696
f 696 695 697
f 696 697 698
f 698 697 699
f 698 699 700
f 700 699 701
f 700 701 702
f 702 701 703
f 702 703 704
f 704 703 705
f 704 705 706
f 706 705 707
f 706 707 708
f 708 707 709
f 708 709 710
f 710 709 711
f 710 711 712
f 712 711 713
f 712 713 714
f 714 713 715
f 714 715 716
f 716 715 717
f 716 717 718
f 718 717 719
f 718 719 720
f 720 719 721
f 720 721 722
f 722 721 723
f 722 723 724
f 724 723 725
f 724 725 726
f 726 725 727
f 726 727 728
f 728 727 729
f 728 729 730
f 730 729 731
f 730 731 732
f 732 731 733
f 732 733 734
f 734 733 735
f 734 735 736
f 736 735 737
f 736 737 738
f 738 737 739
f 738 739 740
f 740 739 741
f 740 741 742
f 742 741 743
f 742 743 744
f 744 743 745
f 744 745 746
f 746 745 747
f 746 747 748
f 748 747 749
f 748 749 750
f 750 749 751
f 750 751 752
f 752 751 753
f 752 753 754
f 754 753 755
f 756 757 758
f 758 757 759
f 758 759 760
f 760 759 761
f 760 761 762
f 762 761 763
f 762 763 764
f 764 763 765
f 764 765 766
f 766 765 767
f 766 767 768
f 768 767 769
f 768 769 770
f 770 769 771
f 770 771 772
f 772 771 773
f 772 773 774
f 774 773 775
f 774 775 776
f 776 775 777
f 776 777 778
f 778 777 779
f 778 779 780
f 780 779 781
f 780 781 782
f 782 781 783
f 782 783 784
f 784 783 785
f 784 785 786
f 786 785 787
f 786 787 788
f 788 787 789
f 788 789 790
f 790 789 791
f 790 791 792
f 792 791 793
f 792 793 794
f 794 793 795
f 794 795 796
f 796 795 797
f 796 797 798
f 798 797 799
f 798 799 800
f 800 799 801
f 800 801 802
f 802 801 803
f 802 803 804
f 804 803 805
f 804 805 806
f 806 805 807
f 806 807 808
f 808 807 809
f 808 809 810
f 810 809 811
f 810 811 812
f 812 811 813
f 812 813 814
f 814 813 815
f 814 815 816
f 816 815 817
f 816 817 818
f 818 817 819
f 818 819 820
f 820 819 821
f 820 821 822
f 822 821 823
f 822 823 824
f 824 823 825
f 824 825 826
f 826 825 827
f 826 827 828
f 828 827 829
f 828 829 830
f 830 829 831
f 830 831 832
f 832 831 833
f 832 833 834
f 834 833 835
f 834 835 836
f 836 835 837
f 836 837 838
f 838 837 839
f 838 839 840
f 840 839 841
f 840 841 842
f 842 841 843
f 842 843 844
f 844 843 845
f 844 845 846
f 846 845 847
f 848 849 850
f 851 852 850
f 850 852 853
f 850 853 848
f 848 853 854
f 855 856 857
f 858 857 859
f 859 857 856
f 859 856 860
f 855 857 861
f 861 857 862
f 861 862 863
f 862 864 863
f 863 864 865
f 863 865 866
f 865 867 866
f 866 867 868
f 866 868 869
f 868 870 869
f 869 870 871
f 869 871 872
f 871 873 872
f 872 873 874
f 872 874 875
f 874 876 875
f 875 876 877
f 875 877 878
f 877 879 878
f 878 879 880
f 878 880 881
f 880 882 881
f 881 882 883
f 881 883 884
f 883 885 884
f 884 885 886
f 884 886 887
f 886 888 887
f 887 888 889
f 887 889 890
f 889 891 890
f 890 891 892
f 890 892 893
f 893 892 894
f 893 894 895
f 894 896 895
f 895 896 897
f 895 897 898
f 897 899 898
f 898 899 900
f 898 900 901
f 900 902 901
f 901 902 903
f 901 903 904
f 903 905 904
f 904 905 906
f 904 906 907
f 906 908 907
f 907 908 909
f 907 909 910
f 909 911 910
f 910 911 912
f 910 912 913
f 912 914 913
f 913 914 915
f 913 915 916
f 915 917 916
f 916 917 918
f 916 918 919
f 918 920 919
f 919 920 921
f 919 921 922
f 921 923 922
f 922 923 924
f 922 924 925
f 924 926 925
f 925 926 927
f 925 927 928
f 927 929 928
f 928 929 930
f 928 930 931
f 930 932 931
f 931 932 933
f 931 933 934
f 933 935 934
f 934 935 936
f 934 936 937
f 936 938 937
f 937 938 939
f 937 939 940
f 939 941 940
f 940 941 942
f 940 942 943
f 942 944 943
f 943 944 945
f 943 945 946
f 945 947 946
f 946 947 948
f 946 948 949
f 948 950 949
f 949 950 951
f 949 951 952
f 951 953 952
f 952 953 954
f 952 954 955
f 954 956 955
f 955 956 957
f 955 957 958
f 957 959 958
f 958 959 960
f 958 960 961
f 960 962 961
f 961 962 963
f 961 963 964
f 963 965 964
f 964 965 966
f 964 966 967
f 966 968 967
f 967 968 969
f 967 969 970
f 969 971 970
f 970 971 972
f 970 972 973
f 972 974 973
f 973 974 975
f 973 975 976
f 975 977 976
f 976 977 978
f 976 978 979
f 978 980 979
f 979 980 981
f 979 981 982
f 982 981 983
f 983 984 982
f 982 984 985
f 982 985 986
f 985 987 986
f 986 987 988
f 986 988 989
f 988 990 989
f 989 990 991
f 989 991 992
f 991 993 992
f 992 993 994
f 992 994 995
f 994 996 995
f 995 996 997
f 995 997 998
f 997 999 998
f 998 999 1000
f 998 1000 1001
f 1000 1002 1001
f 1001 1002 1003
f 1001 1003 1004
f 1003 1005 1004
f 1004 1005 1006
f 1004 1006 1007
f 1006 1008 1007
f 1007 1008 1009
f 1007 1009 1010
f 1009 1011 1010
f 1010 1011 1012
f 1010 1012 1013
f 1012 1014 1013
f 1013 1014 1015
f 1013 1015 1016
f 1015 1017 1016
f 1016 1017 1018
f 1016 1018 1019
f 1018 1020 1019
f 1019 1020 1021
f 1019 1021 1022
f 1021 1023 1022
f 1022 1023 1024
f 1022 1024 1025
f 1024 1026 1025
f 1025 1026 1027
f 1025 1027 1028
f 1027 1029 1028
f 1028 1029 1030
f 1028 1030 1031
f 1030 1032 1031
f 1031 1032 1033
f 1031 1033 1034
f 1033 1035 1034
f 1034 1035 1036
f 1034 1036 1037
f 1036 1038 1037
f 1037 1038 1039
f 1037 1039 1040
f 1039 1041 1040
f 1040 1041 1042
f 1040 1042 1043
f 1042 1044 1043
f 1043 1044 1045
f 1043 1045 1046
f 1045 1047 1046
f 1046 1047 1048
f 1046 1048 1049
f 1048 1050 1049
f 1049 1050 1051
f 1049 1051 1052
f 1051 1053 1052
f 1052 1053 1054
f 1052 1054 1055
f 1054 1056 1055
f 1055 1056 1057
f 1055 1057 1058
f 1057 1059 1058
f 1058 1059 1060
f 1058 1060 1061
f 1060 1062 1061
f 1061 1062 1063
f 1061 1063 1064
f 1063 1065 1064
f 1064 1065 1066
f 1064 1066 1067
f 1066 1068 1067
f 1067 1068 1069
f 1067 1069 1070
f 1070 1069 1071
f 1070 1071 1072
f 1071 1073 1072
f 1072 1073 1074
f 1072 1074 1075
f 1074 1076 1075
f 1075 1076 1077
f 1075 1077 1078
f 1077 1079 1078
f 1078 1079 1080
f 1078 1080 1081
f 1080 1082 1081
f 1081 1082 1083
f 1081 1083 1084
f 1083 1085 1084
f 1084 1085 1086
f 1084 1086 1087
f 1086 1088 1087
f 1087 1088 1089
f 1087 1089 1090
f 1089 1091 1090
f 1090 1091 1092
f 1090 1092 1093
f 1092 1094 1093
f 1093 1094 1095
f 1093 1095 1096
f 1095 1097 1096
f 1096 1097 1098
f 1096 1098 1099
f 1098 1100 1099
f 1099 1100 1101
f 1099 1101 852
f 852 1101 1102
f 852 1102 853
f 1103 1104 1105
f 1106 1107 1108
f 1108 1109 1106
f 1106 1109 1110
f 1106 1110 1105
f 1105 1110 1111
f 1105 1111 1103
f 1112 1113 1114
f 1114 1113 1115
f 1114 1115 1116
f 1116 1117 1114
f 1114 1117 1118
f 1114 1118 1119
f 1119 1120 1114
f 1114 1120 1121
f 1114 1121 1106
f 1106 1121 1122
f 1106 1122 1107
f 1123 1124 1125
f 1125 1124 1126
f 1125 1126 1127
f 1123 1128 1124
f 1124 1128 1129
f 1124 1129 1130
f 1130 1131 1124
f 1124 1131 1132
f 1124 1132 1133
f 1134 1135 1136
f 1133 1137 1124
f 1124 1137 1138
f 1124 1138 1139
f 1135 1140 1136
f 1136 1140 1141
f 1136 1141 1142
f 1142 1143 1136
f 1136 1143 1144
f 1136 1144 1145
f 1145 1146 1136
f 1136 1146 1147
f 1136 1147 1148
f 1148 1149 1136
f 1136 1149 1150
f 1136 1150 1114
f 1114 1150 1151
f 1114 1151 1112
f 1152 1153 1154
f 1154 1153 1155
f 1154 1155 1156
f 1156 1157 1154
f 1154 1157 1158
f 1154 1158 1159
f 1159 1160 1154
f 1154 1160 1161
f 1154 1161 1162
f 1126 1163 1127
f 1127 1163 1154
f 1127 1154 1164
f 1164 1154 1162
f 1165 1166 1167
f 1168 1169 1152
f 1165 1167 1152
f 1152 1167 1170
f 1152 1170 1168
f 1169 1171 1152
f 1152 1171 1172
f 1152 1172 1153
f 1139 1134 1124
f 1124 1134 1136
f 1124 1136 1173
f 1173 1136 1174
f 1173 1174 1175
f 1176 1177 1178
f 1179 1175 1180
f 1180 1175 1174
f 1180 1174 1181
f 1181 1174 1182
f 1181 1182 1178
f 1178 1182 1183
f 1178 1183 1176
f 1184 1185 1186
f 1186 1185 1187
f 1188 1189 1183
f 1183 1189 1190
f 1183 1190 1176
f 1191 1192 1188
f 1188 1192 1193
f 1188 1193 1189
f 1194 1195 1191
f 1191 1195 1196
f 1191 1196 1192
f 1197 1198 1194
f 1194 1198 1199
f 1194 1199 1195
f 1200 1201 1197
f 1197 1201 1202
f 1197 1202 1198
f 1203 1204 1200
f 1200 1204 1205
f 1200 1205 1201
f 1206 1207 1203
f 1203 1207 1208
f 1203 1208 1204
f 1209 1210 1206
f 1206 1210 1211
f 1206 1211 1207
f 1212 1213 1209
f 1209 1213 1214
f 1209 1214 1210
f 1215 1216 1212
f 1212 1216 1217
f 1212 1217 1213
f 1218 1219 1215
f 1215 1219 1220
f 1215 1220 1216
f 1221 1222 1218
f 1218 1222 1223
f 1218 1223 1219
f 1224 1225 1221
f 1221 1225 1226
f 1221 1226 1222
f 1227 1228 1224
f 1224 1228 1229
f 1224 1229 1225
f 1230 1231 1227
f 1227 1231 1232
f 1227 1232 1228
f 1233 1234 1230
f 1230 1234 1235
f 1230 1235 1231
f 1236 1237 1233
f 1233 1237 1238
f 1233 1238 1234
f 1239 1240 1236
f 1236 1240 1241
f 1236 1241 1237
f 1242 1243 1239
f 1239 1243 1244
f 1239 1244 1240
f 1245 1246 1242
f 1242 1246 1247
f 1242 1247 1243
f 1248 1249 1245
f 1245 1249 1250
f 1245 1250 1246
f 1251 1252 1248
f 1248 1252 1253
f 1248 1253 1249
f 1254 1255 1251
f 1251 1255 1256
f 1251 1256 1252
f 1257 1258 1254
f 1254 1258 1259
f 1254 1259 1255
f 1260 1261 1257
f 1257 1261 1262
f 1257 1262 1258
f 1263 1264 1260
f 1260 1264 1265
f 1260 1265 1261
f 1266 1267 1263
f 1263 1267 1268
f 1263 1268 1264
f 1269 1270 1266
f 1266 1270 1271
f 1266 1271 1267
f 1272 1273 1269
f 1269 1273 1274
f 1269 1274 1270
f 1275 1276 1272
f 1272 1276 1277
f 1272 1277 1273
f 1278 1279 1275
f 1275 1279 1280
f 1275 1280 1276
f 1281 1282 1278
f 1278 1282 1283
f 1278 1283 1279
f 1284 1285 1281
f 1281 1285 1286
f 1281 1286 1282
f 1287 1288 1284
f 1284 1288 1289
f 1284 1289 1285
f 1290 1291 1287
f 1287 1291 1292
f 1287 1292 1288
f 1293 1294 1290
f 1290 1294 1295
f 1290 1295 1291
f 1296 1297 1293
f 1293 1297 1298
f 1293 1298 1294
f 1299 1300 1296
f 1296 1300 1301
f 1296 1301 1297
f 1185 1302 1187
f 1187 1302 1303
f 1187 1303 1299
f 1299 1303 1304
f 1299 1304 1300
f 1305 1306 1307
f 1307 1306 1308
f 1307 1308 1309
f 1309 1308 1310
f 1309 1310 1311
f 1311 1310 1312
f 1311 1312 1313
f 1313 1312 1314
f 1313 1314 1315
f 1315 1314 1316
f 1315 1316 1317
f 1317 1316 1318
f 1317 1318 1319
f 1319 1318 1320
f 1319 1320 1321
f 1321 1320 1322
f 1321 1322 1323
f 1323 1322 1324
f 1323 1324 1325
f 1325 1324 1326
f 1325 1326 1327
f 1327 1326 1328
f 1327 1328 1329
f 1329 1328 1330
f 1329 1330 1331
f 1331 1330 1332
f 1331 1332 1333
f 1333 1332 1334
f 1333 1334 1335
f 1335 1334 1336
f 1335 1336 1337
f 1337 1336 1338
f 1337 1338 1339
f 1339 1338 1340
f 1339 1340 1341
f 1341 1340 1342
f 1341 1342 1343
f 1343 1342 1344
f 1343 1344 1345
f 1345 1344 1346
f 1345 1346 1347
f 1347 1346 1348
f 1347 1348 1349
f 1349 1348 1350
f 1349 1350 1351
f 1351 1350 1352
f 1351 1352 1353
f 1353 1352 1354
f 1353 1354 1355
f 1355 1354 1356
f 1355 1356 1357
f 1357 1356 1358
f 1357 1358 1359
f 1359 1358 1360
f 1359 1360 1361
f 1361 1360 1362
f 1361 1362 1363
f 1363 1362 1364
f 1363 1364 1365
f 1365 1364 1366
f 1365 1366 1367
f 1367 1366 1368
f 1367 1368 1369
f 1369 1368 1370
f 1369 1370 1371
f 1371 1370 1372
f 1371 1372 1373
f 1373 1372 1374
f 1373 1374 1375
f 1375 1374 1376
f 1375 1376 1377
f 1377 1376 1378
f 1377 1378 1379
f 1379 1378 1380
f 1379 1380 1381
f 1381 1380 1382
f 1381 1382 1383
f 1383 1382 1384
f 1383 1384 1385
f 1385 1384 1386
f 1385 1386 1387
f 1387 1386 1388
f 1387 1388 1389
f 1389 1388 1390
f 1389 1390 1391
f 1391 1390 1392
f 1391 1392 1393
f 1393 1392 1394
f 1393 1394 1395
f 1395 1394 1396
f 1397 1398 1399
f 1399 1398 1400
f 1399 1400 1401
f 1401 1400 1402
f 1401 1402 1403
f 1403 1402 1404
f 1403 1404 1405
f 1405 1404 1406
f 1405 1406 1407
f 1407 1406 1408
f 1407 1408 1409
f 1409 1408 1410
f 1409 1410 1411
f 1411 1410 1412
f 1411 1412 1413
f 1413 1412 1414
f 1413 1414 1415
f 1415 1414 1416
f 1415 1416 1417
f 1417 1416 1418
f 1417 1418 1419
f 1419 1418 1420
f 1419 1420 1421
f 1421 1420 1422
f 1421 1422 1423
f 1423 1422 1424
f 1423 1424 1425
f 1425 1424 1426
f 1425 1426 1427
f 1427 1426 1428
f 1427 1428 1429
f 1429 1428 1430
f 1429 1430 1431
f 1431 1430 1432
f 1431 1432 1433
f 1433 1432 1434
f 1433 1434 1435
f 1435 1434 1436
f 1435 1436 1437
f 1437 1436 1438
f 1437 1438 1439
f 1439 1438 1440
f 1439 1440 1441
f 1441 1440 1442
f 1441 1442 1443
f 1443 1442 1444
f 1443 1444 1445
f 1445 1444 1446
f 1445 1446 1447
f 1447 1446 1448
f 1447 1448 1449
f 1449 1448 1450
f 1449 1450 1451
f 1451 1450 1452
f 1451 1452 1453
f 1453 1452 1454
f 1453 1454 1455
f 1455 1454 1456
f 1455 1456 1457
f 1457 1456 1458
f 1457 1458 1459
f 1459 1458 1460
f 1459 1460 1461
f 1461 1460 1462
f 1461 1462 1463
f 1463 1462 1464
f 1463 1464 1465
f 1465 1464 1466
f 1465 1466 1467
f 1467 1466 1468
f 1467 1468 1469
f 1469 1468 1470
f 1469 1470 1471
f 1471 1470 1472
f 1471 1472 1473
f 1473 1472 1474
f 1473 1474 1475
f 1475 1474 1476
f 1475 1476 1477
f 1477 1476 1478
f 1477 1478 1479
f 1479 1478 1480
f 1479 1480 1481
f 1481 1480 1482
f 1481 1482 1483
f 1483 1482 1484
f 1483 1484 1485
f 1485 1484 1486
f 1485 1486 1487
f 1486 1488 1487
f 1487 1488 1489
f 1487 1489 1490
f 1490 1489 1491
f 1490 1491 1492
f 1492 1491 1493
f 1492 1493 1494
f 1494 1493 1495
f 1494 1495 1496
f 1496 1495 1497
f 1496 1497 1498
f 1498 1497 1499
f 1498 1499 1500
f 1500 1499 1501
f 1500 1501 1502
f 1502 1501 1503
f 1502 1503 1504
f 1504 1503 1505
f 1504 1505 1506
f 1506 1505 1507
f 1506 1507 1508
f 1508 1507 1509
f 1508 1509 1510
f 1510 1509 1511
f 1510 1511 1512
f 1512 1511 1513
f 1512 1513 1514
f 1514 1513 1515
f 1514 1515 1516
f 1516 1515 1517
f 1516 1517 1518
f 1518 1517 1519
f 1518 1519 1520
f 1520 1519 1521
f 1520 1521 1522
f 1522 1521 1523
f 1522 1523 1524
f 1524 1523 1525
f 1524 1525 1526
f 1526 1525 1527
f 1526 1527 1528
f 1528 1527 1529
f 1528 1529 1530
f 1530 1529 1531
f 1530 1531 1532
f 1532 1531 1533
f 1532 1533 1534
f 1534 1533 1535
f 1534 1535 1536
f 1536 1535 1537
f 1536 1537 1538
f 1538 1537 1539
f 1538 1539 1540
f 1540 1539 1541
f 1540 1541 1542
f 1542 1541 1543
f 1542 1543 1544
f 1544 1543 1545
f 1544 1545 1546
f 1546 1545 1547
f 1546 1547 1548
f 1548 1547 1549
f 1548 1549 1550
f 1550 1549 1551
f 1550 1551 1552
f 1552 1551 1553
f 1552 1553 1554
f 1554 1553 1555
f 1554 1555 1556
f 1556 1555 1557
f 1556 1557 1558
f 1558 1557 1559
f 1558 1559 1560
f 1560 1559 1561
f 1560 1561 1562
f 1562 1561 1563
f 1562 1563 1564
f 1564 1563 1565
f 1564 1565 1566
f 1566 1565 1567
f 1566 1567 1568
f 1568 1567 1569
f 1568 1569 1570
f 1570 1569 1571
f 1570 1571 1572
f 1572 1571 1573
f 1572 1573 1574
f 1574 1573 1575
f 1574 1575 1576
f 1576 1575 1577
f 1576 1577 1397
f 1397 1577 1578
f 1397 1578 1398
f 1579 1580 1581
f 1582 1583 1584
f 1585 1586 1587
f 1581 1588 1579
f 1579 1588 1589
f 1579 1589 1590
f 1591 1592 1579
f 1579 1592 1593
f 1579 1593 1594
f 1583 1595 1584
f 1584 1595 1596
f 1584 1596 1597
f 1598 1587 1579
f 1579 1587 1599
f 1579 1599 1591
f 1594 1600 1579
f 1579 1600 1601
f 1579 1601 1580
f 1584 1602 1603
f 1603 1602 1604
f 1603 1604 1605
f 1603 1606 1584
f 1584 1606 1607
f 1584 1607 1608
f 1598 1609 1587
f 1587 1609 1610
f 1587 1610 1611
f 1612 1613 1586
f 1586 1613 1614
f 1586 1614 1587
f 1615 1616 1617
f 1605 1618 1603
f 1603 1618 1619
f 1603 1619 1620
f 1620 1621 1603
f 1603 1621 1622
f 1603 1622 1623
f 1624 1625 1626
f 1608 1627 1584
f 1584 1627 1628
f 1584 1628 1629
f 1629 1630 1584
f 1584 1630 1631
f 1584 1631 1582
f 1597 1632 1584
f 1584 1632 1633
f 1584 1633 1634
f 1634 1635 1584
f 1584 1635 1636
f 1584 1636 1637
f 1611 1638 1587
f 1587 1638 1639
f 1587 1639 1585
f 1612 1640 1613
f 1613 1640 1641
f 1613 1641 1642
f 1623 1643 1603
f 1603 1643 1644
f 1603 1644 1645
f 1616 1646 1617
f 1617 1646 1613
f 1617 1613 1647
f 1647 1613 1642
f 1648 1649 1650
f 1651 1652 1617
f 1617 1652 1653
f 1645 1644 1626
f 1626 1644 1654
f 1626 1654 1624
f 1637 1655 1584
f 1584 1655 1656
f 1584 1656 1657
f 1590 1658 1579
f 1579 1658 1584
f 1579 1584 1659
f 1659 1584 1657
f 1660 1661 1662
f 1662 1661 1663
f 1649 1664 1650
f 1650 1664 1663
f 1650 1663 1665
f 1665 1663 1661
f 1648 1650 1617
f 1617 1650 1666
f 1617 1666 1651
f 1653 1667 1617
f 1617 1667 1668
f 1617 1668 1615
f 1669 1670 1671
f 1671 1670 1672
f 1673 1674 1675
f 1675 1674 1676
f 1675 1676 1677
f 1672 1678 1671
f 1671 1678 1679
f 1671 1679 1680
f 1680 1679 1681
f 1680 1681 1682
f 1677 1683 1675
f 1675 1683 1684
f 1675 1684 1685
f 1686 1687 1688
f 1688 1687 1689
f 1688 1689 1690
f 1690 1689 1691
f 1690 1691 1692
f 1692 1691 1693
f 1692 1693 1694
f 1694 1693 1695
f 1694 1695 1696
f 1696 1695 1697
f 1696 1697 1698
f 1698 1697 1699
f 1698 1699 1700
f 1700 1699 1701
f 1700 1701 1702
f 1702 1701 1703
f 1702 1703 1704
f 1704 1703 1705
f 1704 1705 1706
f 1706 1705 1707
f 1706 1707 1708
f 1708 1707 1709
f 1708 1709 1710
f 1710 1709 1711
f 1710 1711 1712
f 1673 1713 1674
f 1674 1713 1714
f 1674 1714 1715
f 1715 1716 1674
f 1674 1716 1717
f 1674 1717 1718
f 1718 1717 1719
f 1718 1719 1720
f 1720 1719 1721
f 1720 1721 1722
f 1722 1721 1723
f 1722 1723 1724
f 1724 1723 1725
f 1724 1725 1726
f 1726 1725 1727
f 1726 1727 1728
f 1728 1727 1729
f 1728 1729 1730
f 1730 1729 1731
f 1730 1731 1732
f 1732 1731 1733
f 1732 1733 1734
f 1734 1733 1712
f 1734 1712 1735
f 1735 1712 1711
f 1713 1736 1714
f 1714 1736 1737
f 1714 1737 1738
f 1738 1739 1714
f 1714 1739 1740
f 1714 1740 1741
f 1741 1740 1742
f 1743 1681 1744
f 1744 1681 1745
f 1744 1745 1746
f 1746 1745 1747
f 1746 1747 1748
f 1748 1747 1749
f 1748 1749 1750
f 1750 1749 1751
f 1750 1751 1752
f 1752 1751 1753
f 1752 1753 1754
f 1754 1753 1755
f 1754 1755 1756
f 1756 1755 1757
f 1756 1757 1758
f 1759 1760 1761
f 1761 1760 1762
f 1761 1762 1763
f 1763 1762 1764
f 1763 1764 1765
f 1765 1764 1766
f 1765 1766 1767
f 1767 1766 1768
f 1767 1768 1769
f 1769 1768 1770
f 1769 1770 1771
f 1771 1770 1772
f 1771 1772 1773
f 1773 1772 1774
f 1773 1774 1775
f 1775 1774 1776
f 1775 1776 1777
f 1777 1776 1778
f 1777 1778 1779
f 1779 1778 1780
f 1779 1780 1781
f 1781 1780 1782
f 1781 1782 1783
f 1783 1782 1784
f 1783 1784 1686
f 1686 1784 1785
f 1686 1785 1687
f 1757 1786 1758
f 1758 1786 1787
f 1758 1787 1788
f 1788 1787 1789
f 1788 1789 1790
f 1790 1789 1791
f 1790 1791 1792
f 1792 1791 1793
f 1792 1793 1794
f 1794 1793 1795
f 1794 1795 1796
f 1796 1795 1797
f 1796 1797 1798
f 1798 1797 1799
f 1798 1799 1800
f 1800 1799 1801
f 1800 1801 1802
f 1802 1801 1803
f 1802 1803 1804
f 1804 1803 1805
f 1804 1805 1806
f 1806 1805 1807
f 1806 1807 1808
f 1808 1807 1809
f 1808 1809 1810
f 1810 1809 1811
f 1810 1811 1812
f 1813 1814 1682
f 1682 1814 1815
f 1682 1815 1816
f 1743 1817 1681
f 1681 1817 1818
f 1681 1818 1682
f 1682 1818 1819
f 1682 1819 1813
f 1816 1820 1682
f 1682 1820 1821
f 1682 1821 1822
f 1811 1823 1812
f 1812 1823 1824
f 1812 1824 1825
f 1825 1824 1826
f 1825 1826 1827
f 1827 1826 1828
f 1827 1828 1829
f 1829 1828 1830
f 1829 1830 1831
f 1831 1830 1832
f 1831 1832 1833
f 1833 1832 1834
f 1833 1834 1835
f 1835 1834 1836
f 1835 1836 1837
f 1837 1836 1838
f 1837 1838 1839
f 1839 1838 1840
f 1839 1840 1841
f 1841 1840 1842
f 1841 1842 1843
f 1843 1842 1844
f 1843 1844 1845
f 1845 1844 1846
f 1845 1846 1759
f 1759 1846 1847
f 1759 1847 1760
f 1395 1396 1848
f 1848 1396 1849
f 1848 1849 1850
f 1850 1849 1851
f 1850 1851 1852
f 1852 1851 1853
f 1852 1853 1854
f 1854 1853 1855
f 1854 1855 1856
f 1856 1855 1857
f 1856 1857 1858
f 1858 1857 1859
f 1858 1859 1860
f 1860 1859 1861
f 1860 1861 1862
f 1862 1861 1863
f 1862 1863 1864
f 1864 1863 1865
f 1864 1865 1866
f 1866 1865 1867
f 1866 1867 1868
f 1868 1867 1869
f 1868 1869 1870
f 1870 1869 1871
f 1870 1871 1872
f 1872 1871 1873
f 1872 1873 1874
f 1874 1873 1875
f 1874 1875 1876
f 1876 1875 1877
f 1876 1877 1878
f 1878 1877 1879
f 1878 1879 1880
f 1880 1879 1881
f 1880 1881 1882
f 1882 1881 1883
f 1882 1883 1884
f 1884 1883 1885
f 1884 1885 1886
f 1886 1885 1887
f 1886 1887 1888
f 1888 1887 1889
f 1888 1889 1890
f 1890 1889 1891
f 1890 1891 1892
f 1892 1891 1893
f 1892 1893 1894
f 1894 1893 1895
f 1894 1895 1896
f 1896 1895 1897
f 1896 1897 1898
f 1898 1897 1899
f 1898 1899 1900
f 1900 1899 1901
f 1900 1901 1902
f 1902 1901 1903
f 1902 1903 1904
f 1904 1903 1905
f 1904 1905 1906
f 1906 1905 1907
f 1906 1907 1908
f 1908 1907 1909
f 1908 1909 1910
f 1910 1909 1911
f 1910 1911 1912
f 1912 1911 1913
f 1912 1913 1914
f 1914 1913 1915
f 1914 1915 1916
f 1916 1915 1917
f 1916 1917 1918
f 1918 1917 1919
f 1918 1919 1920
f 1920 1919 1921
f 1920 1921 1922
f 1922 1921 1923
f 1922 1923 1924
f 1924 1923 1925
f 1924 1925 1926
f 1926 1925 1927
f 1926 1927 1928
f 1928 1927 1929
f 1928 1929 1930
f 1930 1929 1931
f 1930 1931 1932
f 1932 1931 1933
f 1932 1933 1934
f 1934 1933 1935
f 1934 1935 1305
f 1305 1935 1306
f 1936 1937 1938
f 1939 1166 1165
f 1940 1941 1942
f 1942 1941 1943
f 1942 1943 1944
f 1944 1943 1945
f 1944 1945 1946
f 1946 1945 1947
f 1948 1946 1949
f 1949 1946 1947
f 1949 1947 1950
f 1950 1947 1951
f 1938 1937 1951
f 1951 1937 1952
f 1951 1952 1953
f 1953 1954 1951
f 1951 1954 1955
f 1951 1955 1956
f 1956 1957 1951
f 1951 1957 1958
f 1951 1958 1959
f 1959 1960 1951
f 1951 1960 1961
f 1951 1961 1962
f 1962 1963 1951
f 1951 1963 1964
f 1951 1964 1950
f 1963 1965 1964
f 1964 1965 1966
f 1964 1966 1967
f 1967 1968 1964
f 1964 1968 1969
f 1964 1969 1970
f 1970 1971 1964
f 1964 1971 1972
f 1964 1972 1973
f 1973 1974 1964
f 1964 1974 1975
f 1964 1975 1976
f 1976 1975 1977
f 1977 1975 1978
f 1977 1978 1979
f 1979 1980 1977
f 1977 1980 1981
f 1977 1981 1982
f 1982 1983 1977
f 1977 1983 1984
f 1977 1984 1985
f 1985 1986 1977
f 1977 1986 1987
f 1977 1987 1988
f 1987 1989 1988
f 1988 1989 1990
f 1988 1990 1991
f 1991 1992 1988
f 1988 1992 1993
f 1988 1993 1165
f 1165 1993 1994
f 1165 1994 1939
f 1995 1996 1938
f 1938 1996 1997
f 1997 1998 1938
f 1938 1998 1999
f 1938 1999 2000
f 2000 2001 1938
f 1938 2001 2002
f 1938 2002 1936
f 1104 2003 1105
f 1105 2003 2004
f 1105 2004 2005
f 2004 2006 2005
f 2005 2006 2007
f 2005 2007 2008
f 2008 2009 2005
f 2005 2009 2010
f 2005 2010 1938
f 1938 2010 2011
f 1938 2011 1995
f 1184 1186 2012
f 2012 1186 2013
f 2014 2015 2013
f 2013 2015 2016
f 2013 2016 2012
f 2017 2018 2014
f 2014 2018 2019
f 2014 2019 2015
f 2020 2021 2017
f 2017 2021 2022
f 2017 2022 2018
f 2023 2024 2020
f 2020 2024 2025
f 2020 2025 2021
f 2026 2027 2023
f 2023 2027 2028
f 2023 2028 2024
f 2029 2030 2026
f 2026 2030 2031
f 2026 2031 2027
f 2032 2033 2029
f 2029 2033 2034
f 2029 2034 2030
f 2035 2036 2032
f 2032 2036 2037
f 2032 2037 2033
f 2038 2039 2035
f 2035 2039 2040
f 2035 2040 2036
f 2041 2042 2038
f 2038 2042 2043
f 2038 2043 2039
f 2044 2045 2041
f 2041 2045 2046
f 2041 2046 2042
f 2047 2048 2044
f 2044 2048 2049
f 2044 2049 2045
f 2050 2051 2047
f 2047 2051 2052
f 2047 2052 2048
f 2053 2054 2050
f 2050 2054 2055
f 2050 2055 2051
f 2056 2057 2053
f 2053 2057 2058
f 2053 2058 2054
f 2059 2060 2056
f 2056 2060 2061
f 2056 2061 2057
f 2062 2063 2059
f 2059 2063 2064
f 2059 2064 2060
f 2065 2066 2062
f 2062 2066 2067
f 2062 2067 2063
f 2068 2069 2065
f 2065 2069 2070
f 2065 2070 2066
f 2071 2072 2068
f 2068 2072 2073
f 2068 2073 2069
f 2074 2075 2071
f 2071 2075 2076
f 2071 2076 2072
f 2077 2078 2074
f 2074 2078 2079
f 2074 2079 2075
f 2080 2081 2077
f 2077 2081 2082
f 2077 2082 2078
f 2083 2084 2080
f 2080 2084 2085
f 2080 2085 2081
f 2086 2087 2083
f 2083 2087 2088
f 2083 2088 2084
f 2089 2090 2086
f 2086 2090 2091
f 2086 2091 2087
f 2092 2093 2089
f 2089 2093 2094
f 2089 2094 2090
f 2095 2096 2092
f 2092 2096 2097
f 2092 2097 2093
f 2098 2099 2095
f 2095 2099 2100
f 2095 2100 2096
f 2101 2102 2098
f 2098 2102 2103
f 2098 2103 2099
f 2104 2105 2101
f 2101 2105 2106
f 2101 2106 2102
f 2107 2108 2104
f 2104 2108 2109
f 2104 2109 2105
f 2110 2111 2107
f 2107 2111 2112
f 2107 2112 2108
f 2113 2114 2110
f 2110 2114 2115
f 2110 2115 2111
f 2116 2117 2113
f 2113 2117 2118
f 2113 2118 2114
f 2119 2120 2116
f 2116 2120 2121
f 2116 2121 2117
f 2122 2123 2119
f 2119 2123 2124
f 2119 2124 2120
f 2125 2126 2122
f 2122 2126 2127
f 2122 2127 2123
f 1941 2128 1943
f 1943 2128 2129
f 1943 2129 2125
f 2125 2129 2130
f 2125 2130 2126
f 846 847 2131
f 2131 847 2132
f 2131 2132 2133
f 2133 2132 2134
f 2133 2134 2135
f 2135 2134 2136
f 2135 2136 2137
f 2137 2136 2138
f 2137 2138 2139
f 2139 2138 2140
f 2139 2140 2141
f 2141 2140 2142
f 2141 2142 2143
f 2143 2142 2144
f 2143 2144 2145
f 2145 2144 2146
f 2145 2146 2147
f 2147 2146 2148
f 2147 2148 2149
f 2149 2148 2150
f 2149 2150 2151
f 2151 2150 2152
f 2151 2152 2153
f 2153 2152 2154
f 2153 2154 2155
f 2155 2154 2156
f 2155 2156 2157
f 2157 2156 2158
f 2157 2158 2159
f 2159 2158 2160
f 2159 2160 2161
f 2161 2160 2162
f 2161 2162 2163
f 2163 2162 2164
f 2163 2164 2165
f 2165 2164 2166
f 2165 2166 2167
f 2167 2166 2168
f 2167 2168 2169
f 2169 2168 2170
f 2169 2170 2171
f 2171 2170 2172
f 2171 2172 2173
f 2173 2172 2174
f 2173 2174 2175
f 2175 2174 2176
f 2175 2176 2177
f 2177 2176 2178
f 2177 2178 2179
f 2179 2178 2180
f 2179 2180 2181
f 2181 2180 2182
f 2181 2182 2183
f 2183 2182 2184
f 2183 2184 2185
f 2185 2184 2186
f 2185 2186 2187
f 2187 2186 2188
f 2187 2188 2189
f 2189 2188 2190
f 2189 2190 2191
f 2191 2190 2192
f 2191 2192 2193
f 2193 2192 2194
f 2193 2194 2195
f 2195 2194 2196
f 2195 2196 2197
f 2197 2196 2198
f 2197 2198 2199
f 2199 2198 2200
f 2199 2200 2201
f 2201 2200 2202
f 2201 2202 2203
f 2203 2202 2204
f 2203 2204 2205
f 2205 2204 2206
f 2205 2206 2207
f 2207 2206 2208
f 2207 2208 2209
f 2209 2208 2210
f 2209 2210 2211
f 2211 2210 2212
f 2211 2212 2213
f 2213 2212 2214
f 2213 2214 2215
f 2215 2214 2216
f 2215 2216 2217
f 2217 2216 2218
f 2217 2218 756
f 756 2218 757
f 754 755 2219
f 2219 755 2220
f 2219 2220 2221
f 2221 2220 2222
f 2221 2222 2223
f 2223 2222 2224
f 2223 2224 2225
f 2225 2224 2226
f 2225 2226 2227
f 2227 2226 2228
f 2227 2228 2229
f 2229 2228 2230
f 2229 2230 2231
f 2231 2230 2232
f 2231 2232 2233
f 2233 2232 2234
f 2233 2234 2235
f 2235 2234 2236
f 2235 2236 2237
f 2237 2236 2238
f 2237 2238 2239
f 2239 2238 2240
f 2239 2240 2241
f 2241 2240 2242
f 2241 2242 2243
f 2243 2242 2244
f 2243 2244 2245
f 2245 2244 2246
f 2245 2246 2247
f 2247 2246 2248
f 2247 2248 2249
f 2249 2248 2250
f 2249 2250 2251
f 2251 2250 2252
f 2251 2252 2253
f 2253 2252 2254
f 2253 2254 2255
f 2255 2254 2256
f 2255 2256 2257
f 2257 2256 2258
f 2257 2258 2259
f 2259 2258 2260
f 2259 2260 2261
f 2261 2260 2262
f 2261 2262 2263
f 2263 2262 2264
f 2263 2264 2265
f 2265 2264 2266
f 2265 2266 2267
f 2267 2266 2268
f 2267 2268 2269
f 2269 2268 2270
f 2269 2270 2271
f 2271 2270 2272
f 2271 2272 2273
f 2273 2272 2274
f 2273 2274 2275
f 2275 2274 2276
f 2275 2276 2277
f 2277 2276 2278
f 2277 2278 2279
f 2279 2278 2280
f 2279 2280 2281
f 2281 2280 2282
f 2281 2282 2283
f 2283 2282 2284
f 2283 2284 2285
f 2285 2284 2286
f 2285 2286 2287
f 2287 2286 2288
f 2287 2288 2289
f 2289 2288 2290
f 2289 2290 307
f 307 2290 308
f 263 264 2291
f 2291 264 2292
f 2291 2292 2293
f 2293 2292 2294
f 2293 2294 2295
f 2295 2294 2296
f 2295 2296 2297
f 2297 2296 2298
f 2297 2298 2299
f 2299 2298 2300
f 2299 2300 2301
f 2301 2300 2302
f 2301 2302 2303
f 2303 2302 2304
f 2303 2304 2305
f 2305 2304 2306
f 2305 2306 2307
f 2307 2306 2308
f 2307 2308 2309
f 2309 2308 2310
f 2309 2310 2311
f 2311 2310 2312
f 2311 2312 2313
f 2313 2312 2314
f 2313 2314 2315
f 2315 2314 2316
f 2315 2316 2317
f 2317 2316 2318
f 2317 2318 2319
f 2319 2318 2320
f 2319 2320 2321
f 2321 2320 2322
f 2321 2322 2323
f 2323 2322 2324
f 2323 2324 2325
f 2325 2324 2326
f 2325 2326 2327
f 2327 2326 2328
f 2327 2328 2329
f 2329 2328 2330
f 2329 2330 2331
f 2331 2330 2332
f 2331 2332 2333
f 2333 2332 2334
f 2333 2334 2335
f 2335 2334 2336
f 2335 2336 2337
f 2337 2336 2338
f 2337 2338 2339
f 2339 2338 2340
f 2339 2340 2341
f 2341 2340 2342
f 2341 2342 2343
f 2343 2342 2344
f 2343 2344 2345
f 2345 2344 2346
f 2345 2346 2347
f 2347 2346 2348
f 2347 2348 2349
f 2349 2348 2350
f 2349 2350 2351
f 2351 2350 2352
f 2351 2352 2353
f 2353 2352 2354
f 2353 2354 2355
f 2355 2354 2356
f 2355 2356 2357
f 2357 2356 2358
f 2357 2358 2359
f 2359 2358 2360
f 2359 2360 2361
f 2361 2360 2362
f 2361 2362 281
f 281 2362 282
f 2363 2364 2365
f 2365 2364 2366
f 2365 2366 2367
f 2367 2368 2365
f 2365 2368 2369
f 2365 2369 2363
f 2363 2369 2370
f 2370 2369 2371
f 2370 2371 2372
f 2371 2373 2372
f 2372 2373 2374
f 2372 2374 2375
f 2375 2374 2376
f 2375 2376 2377
f 2377 2376 2378
f 2377 2378 2379
f 2380 2381 2382
f 2382 2381 2383
f 2384 2385 2386
f 2386 2385 2387
f 2386 2387 2388
f 2389 2390 2391
f 2391 2390 2392
f 2393 2394 2395
f 2395 2394 2396
f 2391 2392 2397
f 2397 2392 2398
f 2397 2398 2399
f 2399 2398 2400
f 2399 2400 2401
f 2401 2400 2402
f 2401 2402 2403
f 2403 2402 2404
f 2403 2404 2405
f 2405 2404 2406
f 2405 2406 2407
f 2407 2406 2408
f 2407 2408 2409
f 2409 2408 2410
f 2411 2412 2413
f 2413 2412 2414
f 2415 2409 2410
f 2415 2410 2416
f 2417 2416 2410
f 2418 2417 2410
f 2419 2418 2410
f 2420 2419 2410
f 2421 2420 2410
f 2422 2421 2410
f 2423 2424 2425
f 2425 2424 2426
f 2425 2426 2427
f 2427 2426 2428
f 2427 2428 2429
f 2429 2428 2430
f 2429 2430 2431
f 2431 2430 2432
f 2431 2432 2433
f 2433 2432 2434
f 2433 2434 2435
f 2435 2434 2436
f 2435 2436 2414
f 2414 2436 2413
f 2424 2437 2438
f 2438 2437 2439
f 2438 2439 2440
f 2440 2439 2441
f 2441 2442 2440
f 2440 2442 2443
f 2440 2443 2444
f 2422 2410 2445
f 2445 2410 2446
f 2445 2446 2447
f 2447 2446 2444
f 2447 2444 2448
f 2448 2444 2443
f 2449 2437 2424
f 2449 2424 2450
f 2451 2450 2424
f 2452 2451 2424
f 2453 2452 2424
f 2454 2453 2424
f 2455 2454 2424
f 2423 2455 2424
f 2456 2457 2458
f 2458 2457 1179
f 2458 1179 2459
f 2459 1179 1180
f 2460 2461 2462
f 2460 2462 2463
f 2463 2462 2464
f 2463 2464 2465
f 2465 2464 2466
f 2465 2466 2467
f 2467 2466 2468
f 2467 2468 2469
f 2469 2468 2470
f 2469 2470 2471
f 2471 2470 2472
f 2471 2472 2473
f 2473 2472 2474
f 2473 2474 2475
f 2475 2474 2476
f 2475 2476 2477
f 2478 2479 2480
f 2478 2480 2481
f 2481 2480 2482
f 2481 2482 2483
f 2483 2482 2484
f 2483 2484 2485
f 2485 2484 2486
f 2485 2486 2487
f 2487 2486 2488
f 2487 2488 2489
f 2489 2488 2490
f 2489 2490 2491
f 2491 2490 2492
f 2491 2492 2493
f 2493 2492 2494
f 2493 2494 2495
f 2496 2497 1948
f 1948 2497 1946
f 2498 2499 2500
f 2500 2499 2501
f 2500 2501 2502
f 2502 2501 2503
f 2502 2503 2504
f 2504 2503 2505
f 2504 2505 2506
f 2506 2505 2507
f 2506 2507 2508
f 2508 2507 2509
f 2508 2509 2510
f 2510 2509 2511
f 2510 2511 2512
f 2512 2511 2513
f 2512 2513 2494
f 2494 2513 2495
f 2514 2515 2516
f 2516 2515 2517
f 2461 2460 2518
f 2518 2460 2519
f 2518 2519 2520
f 2520 2519 2521
f 2520 2521 2522
f 2522 2521 2523
f 2522 2523 2524
f 2524 2523 2525
f 2524 2525 2526
f 2526 2525 2527
f 2526 2527 2528
f 2528 2527 2529
f 2528 2529 2516
f 2516 2529 2514
f 2530 2531 2532
f 2532 2531 2533
f 2477 2476 2534
f 2477 2534 2535
f 2535 2534 2536
f 2535 2536 2537
f 2537 2536 2538
f 2538 2536 2539
f 2538 2539 2540
f 2541 2542 2543
f 2543 2542 2544
f 2543 2544 2545
f 2545 2544 2546
f 2547 2548 2549
f 2550 2551 2552
f 2553 2554 2555
f 2549 2556 2547
f 2547 2556 2557
f 2547 2557 2558
f 2558 2557 2553
f 2558 2553 2559
f 2559 2553 2555
f 2560 2561 2562
f 2562 2561 2563
f 2562 2563 2564
f 2564 2563 2565
f 2566 2567 2551
f 2551 2567 2568
f 2551 2568 2569
f 2550 2552 2570
f 2570 2552 2571
f 2570 2571 2548
f 2548 2571 2572
f 2548 2572 2549
f 2563 2573 2565
f 2565 2573 2574
f 2565 2574 2566
f 2566 2574 2575
f 2566 2575 2567
f 2569 2576 2551
f 2551 2576 2577
f 2551 2577 2578
f 2579 2552 2580
f 2580 2552 2551
f 2580 2551 2581
f 2581 2551 2578
f 2540 2539 2582
f 2582 2539 2583
f 2582 2583 2584
f 2584 2583 2585
f 2584 2585 2586
f 2586 2585 2479
f 2586 2479 2478
f 2379 2378 2587
f 2386 2388 2588
f 2379 2587 2589
f 2589 2587 2590
f 2589 2590 2591
f 2590 2592 2591
f 2591 2592 2593
f 2591 2593 2594
f 2594 2593 2595
f 2594 2595 2588
f 2588 2595 2596
f 2588 2596 2386
f 2386 2596 2597
f 2386 2597 2384
f 2598 2599 2600
f 2601 2602 2603

o shape0-mesh_1
usemtl material_ur_to_robotiq_adapter_1
v 0.03549736 -0.00042977 0.00026949
v 0.03549998 -0.00002897 0.00025009
v 0.03548008 -0.00118816 0.00531816
v 0.03547865 0.00123083 0.00041226
v 0.03548055 0.00117367 0.00468183
v 0.03549039 0.00082483 0.00032216
v 0.03549754 0.00041452 0.00026812
v 0.03546279 0.00162458 0.00053646
v 0.03544318 0.00200689 0.00069478
v 0.03542047 0.00237495 0.00088638
v 0.03546279 0.00162458 0.00946349
v 0.03547865 0.00123083 0.00958776
v 0.03549039 0.00082483 0.00967783
v 0.03549754 0.00041341 0.00973195
v 0.03549998 0.00000000 0.00974995
v 0.03549736 -0.00042746 0.00973070
v 0.03549039 -0.00082483 0.00967783
v 0.03547865 -0.00122982 0.00958800
v 0.03546279 -0.00162458 0.00946349
v 0.03544318 -0.00200683 0.00930524
v 0.03542047 -0.00237495 0.00911361
v 0.03549998 0.00000000 0.00025000
v 0.03546279 -0.00162458 0.00053646
v 0.03547877 -0.00122785 0.00041144
v 0.03549039 -0.00082483 0.00032216
v 0.03540694 -0.00256777 0.00512403
v 0.03518074 -0.00474995 0.00500000
v 0.03518319 -0.00473195 0.00458652
v 0.03519040 -0.00467783 0.00417513
v 0.03520226 -0.00458777 0.00376916
v 0.03521829 -0.00446349 0.00337535
v 0.03523796 -0.00430524 0.00299317
v 0.03526085 -0.00411361 0.00262499
v 0.03528618 -0.00389004 0.00227415
v 0.03531295 -0.00363868 0.00194675
v 0.03534066 -0.00335944 0.00164193
v 0.03536850 -0.00305319 0.00136125
v 0.03539240 -0.00276160 0.00886470
v 0.03536850 -0.00305319 0.00863868
v 0.03534078 -0.00335854 0.00835889
v 0.03531295 -0.00363868 0.00805324
v 0.03528606 -0.00389087 0.00772452
v 0.03526085 -0.00411361 0.00737494
v 0.03523796 -0.00430512 0.00700706
v 0.03521829 -0.00446349 0.00662458
v 0.03520226 -0.00458801 0.00622976
v 0.03519040 -0.00467783 0.00582480
v 0.03518319 -0.00473201 0.00541294
v 0.03539246 -0.00276047 0.00113445
v 0.03541505 -0.00245327 0.00093258
v 0.03542047 -0.00237501 0.00088638
v 0.03544306 -0.00200856 0.00069559
v 0.03519040 0.00467783 0.00417513
v 0.03518319 0.00473177 0.00458455
v 0.03540790 0.00255525 0.00488478
v 0.03518074 0.00474995 0.00500000
v 0.03518319 0.00473177 0.00541556
v 0.03519040 0.00467783 0.00582480
v 0.03520220 0.00458854 0.00622785
v 0.03521829 0.00446349 0.00662458
v 0.03523808 0.00430435 0.00700867
v 0.03526085 0.00411361 0.00737494
v 0.03528594 0.00389189 0.00772309
v 0.03531295 0.00363868 0.00805324
v 0.03534078 0.00335795 0.00835949
v 0.03536850 0.00305319 0.00863868
v 0.03539437 0.00273538 0.00111669
v 0.03536850 0.00305319 0.00136125
v 0.03534078 0.00335812 0.00164062
v 0.03531295 0.00363868 0.00194675
v 0.03528594 0.00389182 0.00227678
v 0.03526085 0.00411361 0.00262499
v 0.03523808 0.00430441 0.00299144
v 0.03521829 0.00446349 0.00337535
v 0.03520220 0.00458854 0.00377214
v 0.03539437 0.00273550 0.00888318
v 0.03541904 0.00239545 0.00910169
v 0.03542047 0.00237495 0.00911361
v 0.03544318 0.00200671 0.00930530
f 2604 2605 2606
f 2607 2608 2609
f 2609 2608 2610
f 2607 2611 2608
f 2608 2611 2612
f 2608 2612 2613
f 2608 2614 2615
f 2615 2616 2608
f 2608 2616 2617
f 2608 2617 2618
f 2619 2620 2606
f 2606 2620 2621
f 2621 2622 2606
f 2606 2622 2623
f 2606 2623 2624
f 2619 2606 2618
f 2618 2606 2605
f 2618 2605 2608
f 2608 2625 2610
f 2626 2627 2606
f 2606 2627 2628
f 2606 2628 2604
f 2629 2630 2631
f 2631 2632 2629
f 2629 2632 2633
f 2629 2633 2634
f 2634 2635 2629
f 2629 2635 2636
f 2629 2636 2637
f 2637 2638 2629
f 2629 2638 2639
f 2629 2639 2640
f 2624 2641 2629
f 2629 2641 2642
f 2629 2642 2643
f 2643 2644 2629
f 2629 2644 2645
f 2629 2645 2646
f 2646 2647 2629
f 2629 2647 2648
f 2629 2648 2649
f 2649 2650 2629
f 2629 2650 2651
f 2629 2651 2630
f 2640 2652 2629
f 2629 2652 2653
f 2629 2653 2624
f 2624 2653 2654
f 2624 2654 2606
f 2606 2654 2655
f 2606 2655 2626
f 2656 2657 2658
f 2658 2657 2659
f 2658 2659 2660
f 2660 2661 2658
f 2658 2661 2662
f 2658 2662 2663
f 2663 2664 2658
f 2658 2664 2665
f 2658 2665 2666
f 2666 2667 2658
f 2658 2667 2668
f 2658 2668 2669
f 2658 2613 2670
f 2670 2671 2658
f 2658 2671 2672
f 2658 2672 2673
f 2673 2674 2658
f 2658 2674 2675
f 2658 2675 2676
f 2676 2677 2658
f 2658 2677 2678
f 2658 2678 2656
f 2669 2679 2658
f 2658 2679 2680
f 2658 2680 2613
f 2613 2681 2608
f 2608 2681 2682
f 2608 2682 2614

