mtllib material.mtl
usemtl material_diff_caster_1
v 31.25000000 44.03914697 -43.23067425
v 31.25000000 43.99999660 -45.00000332
v 31.77210045 44.03421825 -45.00000332
v 31.77210045 44.03421825 -45.00000332
v 31.25000000 43.99999660 -45.00000332
v 31.25000000 44.03914671 -46.76933240
v 31.77210045 44.07337599 -46.76886319
v 31.25000000 44.15652481 -48.53520155
v 31.77210045 44.19283691 -48.55716276
v 31.25000000 44.35189440 -50.29415465
v 31.77210045 44.39080431 -50.32691146
v 31.25000000 44.62487782 -52.04274324
v 31.77210045 44.66742695 -52.08609346
v 31.25000000 44.97494482 -53.77754170
v 31.77210045 45.02213644 -53.83120305
v 31.25000000 45.40139733 -55.49516258
v 31.77210045 45.45423470 -55.55878410
v 31.25000000 45.90341518 -57.19223369
v 31.77210045 45.96285578 -57.26538433
v 31.25000000 46.48000654 -58.86544388
v 31.77210045 46.54699643 -58.94764298
v 31.25000000 47.13004609 -60.51150487
v 31.77210045 47.20550461 -60.60221456
v 31.25000000 47.85225590 -62.12720469
v 31.77210045 47.93705661 -62.22580318
v 31.25000000 48.64522453 -63.70937333
v 31.77210045 48.74021430 -63.81519304
v 31.25000000 49.50740322 -65.25492470
v 31.77210045 49.61337550 -65.36723702
v 31.25000000 50.43711349 -66.76082229
v 31.77210045 50.55480452 -66.87882614
v 31.25000000 51.43251667 -68.22412498
v 31.77210045 51.56263598 -68.34699639
v 31.25000000 52.49167489 -69.64196411
v 31.77210045 52.63487480 -69.76879517
v 31.25000000 53.61251295 -71.01155495
v 31.77210045 53.76938474 -71.14142252
v 31.25000000 54.79282596 -72.33023485
v 31.77210045 54.96391512 -72.46215472
v 31.25000000 56.03032510 -73.59542507
v 31.77210045 56.21608559 -73.72835202
v 31.25000000 57.32257278 -74.80462316
v 31.77210045 57.52342421 -74.93752723
v 31.25000000 58.66704367 -75.95548691
v 31.77210045 58.88247488 -76.08655230
v 31.25000000 60.06110563 -77.04574275
v 31.77210045 60.29310407 -77.17526700
v 31.25000000 61.50202352 -78.07328498
v 31.77210045 61.74994451 -78.19938363
v 31.25000000 62.98698592 -79.03607653
v 31.77210045 63.25095533 -79.15760518
v 31.25000000 64.51308601 -79.93222533
v 31.77210045 64.79317633 -80.04799378
v 31.25000000 66.07732545 -80.76000712
v 31.77210045 66.37351379 -80.86880231
v 31.25000000 67.67665248 -81.51779686
v 31.77210045 67.98885492 -81.61840571
v 31.25000000 69.30793142 -82.20408391
v 31.77210045 69.63598012 -82.29529334
v 31.25000000 70.96797318 -82.81755602
v 31.77210045 71.31163162 -82.89814534
v 31.25000000 72.65352001 -83.35698486
v 31.77210045 73.01247539 -83.42575624
v 31.25000000 74.36128365 -83.82133282
v 31.77210045 74.73512398 -83.87706558
v 31.25000000 76.08791478 -84.20968439
v 31.77210045 76.47617467 -84.25119596
v 31.25000000 77.83003360 -84.52128426
v 31.77210045 78.23216372 -84.54739971
v 31.25000000 79.58424500 -84.75552969
v 31.77210045 79.99959687 -84.76506646
v 31.25000000 81.34708526 -84.91193241
v 31.77210045 81.77497223 -84.90380714
v 31.25000000 83.11511352 -84.99021776
v 31.77210045 83.55476501 -84.96331655
v 31.25000000 84.88487365 -84.99021790
v 31.77210045 85.33545044 -84.94346500
v 31.25000000 86.65291717 -84.91193281
v 31.77210045 87.11348084 -84.84432878
v 31.25000000 88.41574983 -84.75553036
v 31.77210045 88.88532381 -84.66607574
v 31.25000000 90.16995364 -84.52128519
v 31.77210045 90.64748508 -84.40907972
v 31.25000000 91.91207250 -84.20968559
v 31.77210045 92.39642462 -84.07382900
v 31.25000000 93.63870369 -83.82133428
v 31.77210045 94.12871683 -83.66101022
v 31.25000000 95.34647503 -83.35698657
v 31.77210045 95.84087507 -83.17142447
v 31.25000000 97.03201432 -82.81755798
v 31.77210045 97.52954241 -82.60605595
v 31.25000000 98.69206380 -82.20408613
v 31.77210045 99.19134666 -81.96602617
v 31.25000000 100.32329707 -81.51779932
v 31.77210045 100.82299191 -81.25260924
v 31.25000000 101.92269288 -80.76000983
v 31.77210045 102.42119754 -80.46720897
v 31.25000000 103.48689429 -79.93222827
v 31.77210045 103.98289652 -79.61138938
v 31.25000000 105.01299452 -79.03607971
v 31.77210045 105.50489213 -78.68685947
v 31.25000000 106.49799520 -78.07328837
v 31.77210045 106.98419366 -77.69545028
v 31.25000000 107.93889799 -77.04574637
v 31.77210045 108.41779512 -76.63910731
v 31.25000000 109.33299445 -75.95549074
v 31.77210045 109.80299570 -75.51996679
v 31.25000000 110.67739303 -74.80462719
v 31.77210045 111.13699543 -74.34022598
v 31.25000000 111.96969812 -73.59542929
v 31.77210045 112.41699430 -73.10222712
v 31.25000000 113.20719364 -72.33023926
v 31.77210045 113.64069587 -71.80844974
v 31.25000000 114.38749159 -71.01155954
v 31.77210045 114.80549090 -70.46144208
v 31.25000000 115.50829552 -69.64196886
v 31.77210045 115.90919736 -69.06386678
v 31.25000000 116.56749210 -68.22412989
v 31.77210045 116.94949593 -67.61853147
v 31.25000000 117.56289169 -66.76082736
v 31.77210045 117.92429615 -66.12828191
v 31.25000000 118.49259456 -65.25492991
v 31.77210045 118.83189667 -64.59607831
v 31.25000000 119.35479255 -63.70937867
v 31.77210045 119.67019177 -63.02498004
v 31.25000000 120.14769276 -62.12721015
v 31.77210045 120.43779291 -61.41808847
v 31.25000000 120.86999818 -60.51151044
v 31.77210045 121.13299872 -59.77860030
v 31.25000000 121.51999220 -58.86544954
v 31.77210045 121.75439777 -58.10978092
v 31.25000000 122.09659908 -57.19223944
v 31.77210045 122.30099824 -56.41491860
v 31.25000000 122.59859811 -55.49516841
v 31.77210045 122.77139632 -54.69740078
v 31.25000000 123.02509665 -53.77754759
v 31.77210045 123.16489773 -52.96063018
v 31.25000000 123.37509525 -52.04274918
v 31.77210045 123.48069377 -51.20804765
v 31.25000000 123.64809801 -50.29416064
v 31.77210045 123.71799859 -49.44314746
v 31.25000000 123.84349457 -48.53520756
v 31.77210045 123.87649939 -47.66942769
v 31.25000000 123.96079664 -46.76933843
v 31.77210045 123.95589863 -45.89039785
v 31.25000000 123.99999660 -45.00000936
v 31.77210045 123.95589877 -44.10960943
v 31.25000000 123.96079691 -43.23068029
v 31.77210045 123.87649979 -42.33059102
v 31.25000000 123.84349510 -41.46479969
v 31.77210045 123.71799926 -40.55685977
v 31.25000000 123.64809881 -39.70585040
v 31.77210045 123.48069470 -38.79195955
v 31.25000000 123.37509632 -37.95726945
v 31.77210045 123.16489894 -37.03938079
v 31.25000000 123.02509797 -36.22247099
v 31.77210045 122.77139779 -35.30261013
v 31.25000000 122.59859969 -34.50485011
v 31.77210045 122.30099997 -33.58509987
v 31.25000000 122.09660092 -32.80777899
v 31.77210045 121.75439975 -31.89023937
v 31.25000000 121.51999429 -31.13456881
v 31.77210045 121.13300095 -30.22140845
v 31.25000000 120.87000052 -29.48850972
v 31.77210045 120.43779539 -28.58192972
v 31.25000000 120.14769534 -27.87280990
v 31.77210045 119.67019450 -26.97503993
v 31.25000000 119.35479538 -26.29063935
v 31.77210045 118.83189963 -25.40393964
v 31.25000000 118.49259762 -24.74508989
v 31.77210045 117.92429935 -23.87173971
v 31.25000000 117.56289497 -23.23918849
v 31.77210045 116.94949935 -22.38148809
v 31.25000000 116.56749561 -21.77589915
v 31.77210045 115.90920100 -20.93614881
v 31.25000000 115.50829924 -20.35805811
v 31.77210045 114.80549474 -19.53858861
v 31.25000000 114.38749551 -18.98845773
v 31.77210045 113.64069992 -18.19157886
v 31.25000000 113.20719776 -17.66977783
v 31.77210045 112.41699854 -16.89778795
v 31.25000000 111.96970244 -16.40459906
v 31.77210045 111.13699986 -15.65979843
v 31.25000000 110.67739753 -15.19538857
v 31.77210045 109.80300031 -14.48005838
v 31.25000000 109.33299912 -14.04452863
v 31.77210045 108.41779989 -13.36090811
v 31.25000000 107.93890283 -12.95426802
v 31.77210045 106.98419859 -12.30457828
v 31.25000000 106.49800020 -11.92673820
v 31.77210045 105.50489722 -11.31315837
v 31.25000000 105.01299966 -10.96394760
v 31.77210045 103.98290174 -10.38862823
v 31.25000000 103.48689957 -10.06778735
v 31.77210045 102.42120289 -9.53281127
v 31.25000000 101.92269828 -9.24000365
v 31.77210045 100.82299739 -8.74741362
v 31.25000000 100.32330258 -8.48222536
v 31.77210045 99.19135224 -8.03399072
v 31.25000000 98.69206942 -7.79593164
v 31.77210045 97.52954809 -7.39395830
v 31.25000000 97.03202003 -7.18246620
v 31.77210045 95.84088083 -6.82859143
v 31.25000000 95.34648082 -6.64303117
v 31.77210045 94.12872267 -6.33901019
v 31.25000000 93.63870956 -6.17868224
v 31.77210045 92.39643052 -5.92618686
v 31.25000000 91.91207842 -5.79032686
v 31.77210045 90.64749103 -5.59094064
v 31.25000000 90.16995961 -5.47872604
v 31.77210045 88.88532980 -5.33393768
v 31.25000000 88.41575583 -5.24449062
v 31.77210045 87.11348685 -5.15568771
v 31.25000000 86.65292320 -5.08807837
v 31.77210045 85.33545647 -5.05654550
v 31.25000000 84.88487969 -5.00979540
v 31.77210045 83.55477104 -5.03670751
v 31.25000000 83.11511956 -5.00979527
v 31.77210045 81.77497825 -5.09621236
v 31.25000000 81.34709129 -5.08807796
v 31.77210045 79.99960288 -5.23494228
v 31.25000000 79.58425101 -5.24448996
v 31.77210045 78.23216969 -5.45262212
v 31.25000000 77.83003956 -5.47872511
v 31.77210045 76.47618060 -5.74881988
v 31.25000000 76.08792071 -5.79032566
v 31.77210045 74.73512985 -6.12294761
v 31.25000000 74.36128951 -6.17868079
v 31.77210045 73.01248119 -6.57426146
v 31.25000000 72.65352580 -6.64302945
v 31.77210045 71.31163734 -7.10186638
v 31.25000000 70.96797889 -7.18246424
v 31.77210045 69.63598575 -7.70471526
v 31.25000000 69.30793703 -7.79592942
v 31.77210045 67.98886045 -8.38161028
v 31.25000000 67.67665799 -8.48222290
v 31.77210045 66.37351921 -9.13120580
v 31.25000000 66.07733085 -9.24000095
v 31.77210045 64.79318162 -9.95201791
v 31.25000000 64.51309128 -10.06778441
v 31.77210045 63.25096049 -10.84241486
v 31.25000000 62.98699105 -10.96394442
v 31.77210045 61.74994952 -11.80062474
v 31.25000000 61.50202852 -11.92673480
v 31.77210045 60.29310893 -12.82475450
v 31.25000000 60.06111047 -12.95426441
v 31.77210045 58.88247957 -13.91345469
v 31.25000000 58.66704835 -14.04452481
v 31.77210045 57.52342873 -15.06248432
v 31.25000000 57.32257728 -15.19538454
v 31.77210045 56.21608993 -16.27165456
v 31.25000000 56.03032942 -16.40459484
v 31.77210045 54.96391927 -17.53786502
v 31.25000000 54.79283009 -17.66977342
v 31.77210045 53.76938868 -18.85858370
v 31.25000000 53.61251688 -18.98845314
v 31.77210045 52.63487854 -20.23121468
v 31.25000000 52.49167861 -20.35805336
v 31.77210045 51.56263951 -21.65302475
v 31.25000000 51.43252018 -21.77589423
v 31.77210045 50.55480782 -23.12118340
v 31.25000000 50.43711678 -23.23918342
v 31.77210045 49.61337857 -24.63278382
v 31.25000000 49.50740627 -24.74508469
v 31.77210045 48.74021714 -26.18481432
v 31.25000000 48.64522735 -26.29063401
v 31.77210045 47.93705921 -27.77420406
v 31.25000000 47.85225849 -27.87280444
v 31.77210045 47.20550697 -29.39779447
v 31.25000000 47.13004843 -29.48850415
v 31.77210045 46.54699854 -31.05236405
v 31.25000000 46.48000864 -31.13456314
v 31.77210045 45.96285764 -32.73461498
v 31.25000000 45.90341702 -32.80777324
v 31.77210045 45.45423629 -34.44122276
v 31.25000000 45.40139891 -34.50484428
v 31.77210045 45.02213777 -36.16880375
v 31.25000000 44.97494615 -36.22246510
v 31.77210045 44.66742802 -37.91390184
v 31.25000000 44.62487888 -37.95726350
v 31.77210045 44.39080511 -39.67308380
v 31.25000000 44.35189520 -39.70584441
v 31.77210045 44.19283745 -41.44284391
v 31.25000000 44.15652534 -41.46479368
v 31.77210045 44.07337625 -43.23114346
v 35.25000000 48.03956658 -43.31260281
v 35.21577835 47.51410729 -43.37401177
v 35.25000000 47.99999660 -45.00000362
v 35.21577835 47.47788662 -45.00000358
v 35.25000000 47.99999660 -45.00000362
v 35.21577835 47.47788662 -45.00000358
v 35.21577835 47.51410705 -46.62599541
v 35.11370087 47.00139647 -46.64787266
v 35.11370087 47.11170595 -48.29633306
v 34.94551849 46.61821763 -48.34043473
v 35.11370087 47.29516606 -49.93632483
v 34.94551849 46.80412678 -50.00236483
v 35.11370087 47.55149452 -51.56650521
v 34.94551849 47.06388465 -51.65435383
v 35.11370087 47.88020686 -53.18365459
v 34.94551849 47.39698771 -53.29313255
v 35.11370087 48.28061644 -54.78455336
v 34.94551849 47.80275693 -54.91545466
v 35.11370087 48.75193743 -56.36602388
v 34.94551849 48.28039506 -56.51808531
v 35.11370087 49.29325429 -57.92493429
v 34.94551849 48.82894459 -58.09784304
v 35.11370087 49.90347604 -59.45817561
v 34.94551849 49.44732597 -59.65159217
v 35.11370087 50.58138578 -60.96271515
v 34.94551849 50.13430706 -61.17626569
v 35.11370087 51.32565599 -62.43556219
v 34.94551849 50.88853363 -62.66881564
v 35.11370087 52.13478369 -63.87379468
v 34.94551849 51.70848362 -64.12629327
v 35.11370087 53.00718578 -65.27455539
v 34.94551849 52.59256631 -65.54579560
v 35.11370087 53.94111512 -66.63506724
v 34.94551849 53.53899641 -66.92449592
v 35.11370087 54.93473303 -67.95261035
v 34.94551849 54.54589328 -68.25967056
v 35.11370087 55.98605587 -69.22459071
v 34.94551849 55.61127328 -69.54867211
v 35.11370087 57.09298556 -70.44847538
v 34.94551849 56.73302307 -70.78893708
v 35.11370087 58.25335534 -71.62184583
v 34.94551849 57.90891485 -71.97798594
v 35.11370087 59.46482300 -72.74234458
v 34.94551849 59.13659497 -73.11347645
v 35.11370087 60.71703544 -73.80131226
v 34.94551849 60.40636265 -74.18727568
v 35.11370087 62.03141601 -74.81600658
v 34.94551849 61.73752408 -75.21487130
v 35.11370087 63.38143349 -75.76502706
v 34.94551849 63.10559270 -76.17660236
v 35.11370087 64.77238649 -76.65298188
v 34.94551849 64.51516142 -77.07643615
v 35.11370087 66.20152461 -77.47808575
v 34.94551849 65.96341117 -77.91258738
v 35.11370087 67.66598683 -78.23871360
v 34.94551849 67.44746568 -78.68338522
v 35.11370087 69.16287398 -78.93334720
v 34.94551849 68.96439525 -79.38730379
v 35.11370087 70.68922587 -79.56060562
v 34.94551849 70.51115576 -80.02295454
v 35.11370087 72.24200598 -80.11925289
v 34.94551849 72.08471071 -80.58908625
v 35.11370087 73.81813204 -80.60816750
v 34.94551849 73.68192442 -81.08454688
v 35.11370087 75.41447600 -81.02639577
v 34.94551849 75.29961543 -81.50835224
v 35.11370087 77.02786403 -81.37308321
v 34.94551849 76.93458702 -81.85968598
v 35.11370087 78.65508417 -81.64756606
v 34.94551849 78.58358145 -82.13784620
v 35.11370087 80.29292442 -81.84928737
v 34.94551849 80.24332569 -82.34225307
v 35.11370087 81.93812705 -81.97784280
v 34.94551849 81.91054675 -82.47253273
v 35.11370087 83.58741141 -82.03298818
v 34.94551849 83.58189532 -82.52841818
v 35.11370087 85.23753501 -82.01460910
v 34.94551849 85.25408313 -82.50978732
v 35.11370087 86.88518669 -81.92272842
v 34.94551849 86.92377613 -82.41667832
v 35.11370087 88.52711633 -81.75755978
v 34.94551849 88.58767079 -82.24929715
v 35.11370087 90.16005091 -81.51939310
v 34.94551849 90.24245597 -82.00794901
v 35.11370087 91.78075559 -81.20872428
v 34.94551849 91.88484338 -81.69313743
v 35.11370087 93.38602600 -80.82617893
v 34.94551849 93.51158291 -81.30545750
v 35.11370087 94.97264255 -80.37248947
v 34.94551849 95.11943207 -80.84571031
v 35.11370087 96.53748482 -79.84857907
v 34.94551849 96.70521702 -80.31478849
v 35.11370087 98.07743237 -79.25547768
v 34.94551849 98.26575631 -79.71376017
v 35.11370087 99.58942583 -78.59436787
v 34.94551849 99.79798292 -79.04380026
v 35.11370087 101.07049736 -77.86656952
v 34.94551849 101.29889088 -78.30625917
v 35.11370087 102.51759519 -77.07349407
v 34.94551849 102.76539790 -77.50257886
v 35.11370087 103.92799565 -76.21675894
v 34.94551849 104.19459718 -76.63436913
v 35.11370087 105.29889110 -75.29803499
v 34.94551849 105.58379555 -75.70336948
v 35.11370087 106.62739765 -74.31916851
v 34.94551849 106.93009385 -74.71139571
v 35.11370087 107.91099758 -73.28207449
v 34.94551849 108.23089806 -73.66043908
v 35.11370087 109.14719609 -72.18885101
v 34.94551849 109.48359132 -72.55257479
v 35.11370087 110.33339155 -71.04162668
v 34.94551849 110.68559489 -71.39000775
v 35.11370087 111.46729514 -69.84270556
v 34.94551849 111.83479542 -70.17504964
v 35.11370087 112.54669435 -68.59446040
v 34.94551849 112.92859129 -68.91011900
v 35.11370087 113.56939189 -67.29937839
v 34.94551849 113.96499123 -67.59769537
v 35.11370087 114.53339651 -65.96001536
v 34.94551849 114.94189716 -66.24041853
v 35.11370087 115.43679322 -64.57904924
v 34.94551849 115.85739409 -64.84096639
v 35.11370087 116.27779675 -63.15918847
v 34.94551849 116.70959757 -63.40212749
v 35.11370087 117.05469810 -61.70329024
v 34.94551849 117.49689779 -61.92674761
v 35.11370087 117.76589511 -60.21422703
v 34.94551849 118.21769258 -60.41776024
v 35.11370087 118.41019760 -58.69495904
v 34.94551849 118.87049421 -58.87816754
v 35.11370087 118.98609493 -57.14849989
v 34.94551849 119.45409724 -57.31101747
v 35.11370087 119.49249611 -55.57792040
v 34.94551849 119.96729621 -55.71943044
v 35.11370087 119.92849324 -53.98633718
v 34.94551849 120.40919849 -54.10655740
v 35.11370087 120.29319368 -52.37692025
v 34.94551849 120.77869782 -52.47561031
v 35.11370087 120.58569716 -50.75284724
v 34.94551849 121.07519910 -50.82980879
v 35.11370087 120.80569850 -49.11736065
v 34.94551849 121.29809962 -49.17243729
v 35.11370087 120.95259499 -47.47368772
v 34.94551849 121.44689583 -47.50678789
v 35.11370087 121.02609670 -45.82512053
v 34.94551849 121.52139699 -45.83616030
v 35.11370087 121.02609682 -44.17489775
v 34.94551849 121.52139712 -44.16385805
v 35.11370087 120.95259536 -42.52633054
v 34.94551849 121.44689621 -42.49323045
v 35.11370087 120.80569912 -40.88265759
v 34.94551849 121.29810025 -40.82758103
v 35.11370087 120.58569803 -39.24717097
v 34.94551849 121.07519998 -39.17020949
v 35.11370087 120.29319479 -37.62309792
v 34.94551849 120.77869895 -37.52440792
v 34.94551849 120.77869895 -37.52440792
v 35.11370087 119.92849460 -36.01368093
v 34.94551849 120.40919987 -35.89346078
v 35.11370087 119.49249771 -34.42209764
v 34.94551849 119.96729783 -34.28058767
v 35.11370087 118.98609676 -32.85151808
v 34.94551849 119.45409909 -32.68900057
v 35.11370087 118.41019966 -31.30505884
v 34.94551849 118.87049631 -31.12184850
v 35.11370087 117.76589741 -29.78578884
v 34.94551849 118.21769491 -29.58224808
v 35.11370087 117.05470062 -28.29672934
v 34.94551849 117.49690035 -28.07326822
v 35.11370087 116.27779949 -26.84082909
v 34.94551849 116.70960035 -26.59788822
v 35.11370087 115.43679618 -25.42097963
v 34.94551849 115.85739709 -25.15904920
v 35.11370087 114.53339967 -24.03999812
v 34.94551849 114.94190037 -23.75959883
v 35.11370087 113.56939526 -22.70063876
v 34.94551849 113.96499465 -22.40231802
v 35.11370087 112.54669791 -21.40555850
v 34.94551849 112.92859490 -21.08990759
v 35.11370087 111.46729889 -20.15730936
v 34.94551849 111.83479922 -19.82496915
v 35.11370087 110.33339548 -18.95838808
v 34.94551849 110.68559888 -18.61000897
v 35.11370087 109.14720019 -17.81117882
v 34.94551849 109.48359548 -17.44743792
v 35.11370087 107.91100185 -16.71793799
v 34.94551849 108.23090239 -16.33957726
v 35.11370087 106.62740208 -15.68085808
v 34.94551849 106.93009833 -15.28861853
v 35.11370087 105.29889568 -14.70197805
v 34.94551849 105.58380019 -14.29664837
v 35.11370087 103.92800036 -13.78325770
v 34.94551849 104.19460196 -13.36563802
v 35.11370087 102.51760004 -12.92651760
v 34.94551849 102.76540280 -12.49743761
v 35.11370087 101.07050232 -12.13345719
v 34.94551849 101.29889591 -11.69376757
v 35.11370087 99.58943090 -11.40564717
v 34.94551849 99.79798806 -10.95621767
v 35.11370087 98.07743754 -10.74453713
v 34.94551849 98.26576155 -10.28626707
v 35.11370087 96.53749008 -10.15143742
v 34.94551849 96.70522235 -9.68522993
v 35.11370087 94.97264789 -9.62752201
v 34.94551849 95.11943748 -9.15430882
v 35.11370087 93.38603141 -9.17383994
v 34.94551849 93.51158839 -8.69455948
v 35.11370087 91.78076106 -8.79128672
v 34.94551849 91.88484892 -8.30688693
v 35.11370087 90.16005643 -8.48062242
v 34.94551849 90.24246155 -7.99206700
v 35.11370087 88.52712188 -8.24246598
v 34.94551849 88.58767642 -7.75072290
v 35.11370087 86.88519226 -8.07728565
v 34.94551849 86.92378178 -7.58333338
v 35.11370087 85.23754060 -7.98541236
v 34.94551849 85.25408879 -7.49023127
v 35.11370087 83.58741700 -7.96702825
v 34.94551849 83.58190099 -7.47160112
v 35.11370087 81.93813263 -8.02217148
v 34.94551849 81.91055241 -7.52748106
v 35.11370087 80.29292999 -8.15072761
v 34.94551849 80.24333133 -7.65775905
v 35.11370087 78.65508970 -8.35244677
v 34.94551849 78.58358705 -7.86217615
v 35.11370087 77.02786953 -8.62692556
v 34.94551849 76.93459259 -8.14032659
v 35.11370087 75.41448144 -8.97361943
v 34.94551849 75.29962094 -8.49166103
v 35.11370087 73.81813741 -9.39184269
v 34.94551849 73.68192987 -8.91547664
v 35.11370087 72.24201128 -9.88076088
v 34.94551849 72.08471609 -9.41093417
v 35.11370087 70.68923108 -10.43940506
v 34.94551849 70.51116105 -9.97705229
v 35.11370087 69.16287911 -11.06666515
v 34.94551849 68.96440044 -10.61270567
v 35.11370087 67.66599185 -11.76129471
v 34.94551849 67.44747076 -11.31662497
v 35.11370087 66.20152951 -12.52192520
v 34.94551849 65.96341614 -12.08743498
v 35.11370087 64.77239127 -13.34702504
v 34.94551849 64.51516626 -12.92357455
v 35.11370087 63.38143813 -14.23498441
v 34.94551849 63.10559741 -13.82340431
v 35.11370087 62.03142052 -15.18401424
v 34.94551849 61.73752864 -14.78513421
v 34.94551849 60.40636706 -15.81273440
v 34.71409988 60.11218908 -15.44713474
v 34.71409988 58.82572049 -16.53501383
v 34.42340851 58.53750869 -16.20912422
v 34.71409988 57.58268986 -17.68470436
v 34.42340851 57.28024924 -17.37198499
v 34.71409988 56.39209986 -18.88862463
v 34.42340851 56.07602933 -18.58969349
v 34.71409988 55.25632706 -20.14439428
v 34.42340851 54.92724841 -19.85983500
v 34.71409988 54.17761831 -21.44951466
v 34.42340851 53.83619912 -21.17989374
v 34.71409988 53.15812892 -22.80138417
v 34.42340851 52.80502912 -22.54723375
v 34.71409988 52.19986924 -24.19732488
v 34.42340851 51.83579836 -23.95916376
v 34.71409988 51.30473897 -25.63457304
v 34.42340851 50.93042945 -25.41286472
v 34.71409988 50.47452722 -27.11026382
v 34.42340851 50.09070765 -26.90545460
v 34.71409988 49.71087812 -28.62148469
v 34.42340851 49.31831908 -28.43397322
v 34.71409988 49.01529847 -30.16521442
v 34.42340851 48.61477816 -29.99537454
v 34.71409988 48.38918828 -31.73839362
v 34.42340851 47.98149633 -31.58657436
v 34.71409988 47.83377586 -33.33790187
v 34.42340851 47.41972863 -33.20439506
v 34.71409988 47.35016750 -34.96057486
v 34.42340851 46.93057751 -34.84564182
v 34.71409988 46.93932829 -36.60317203
v 34.42340851 46.51503860 -36.50704163
v 34.71409988 46.60205552 -38.26245469
v 34.42340851 46.17390535 -38.18531385
v 34.71409988 46.33904728 -39.93510405
v 34.42340851 45.90788731 -39.87711299
v 34.71409988 46.15081854 -41.61780515
v 34.42340851 45.71749564 -41.57908213
v 34.71409988 46.03753717 -43.31119503
v 34.42340851 45.60288675 -43.29286157
v 34.71409988 45.99999660 -45.00000347
v 34.42340851 45.56494564 -45.00000344
v 34.71409988 45.99999660 -45.00000347
v 34.42340851 45.56494564 -45.00000344
v 34.42340851 45.60288649 -46.70714532
v 34.07843018 45.20984678 -46.72360189
v 34.07843018 45.32566468 -48.45593222
v 33.68505096 44.98205582 -48.48664433
v 34.07843018 45.51801684 -50.17532311
v 33.68505096 45.17610552 -50.22130163
v 34.07843018 45.78675451 -51.88444483
v 33.68505096 45.44724644 -51.94560203
v 34.07843018 46.13137413 -53.57988324
v 33.68505096 45.79491782 -53.65611231
v 34.07843018 46.55117762 -55.25829285
v 33.68505096 46.21844446 -55.34944502
v 34.07843018 47.04532575 -56.91633198
v 33.68505096 46.71698712 -57.02221269
v 34.07843018 47.61284577 -58.55072381
v 33.68505096 47.28954635 -58.67111182
v 34.07843018 48.25260471 -60.15820295
v 33.68505096 47.93499682 -60.29288463
v 34.07843018 48.96334373 -61.73559559
v 33.68505096 48.65204535 -61.88428483
v 34.07843018 49.74364375 -63.27975458
v 33.68505096 49.43927667 -63.44216529
v 34.07843018 50.59195602 -64.78762436
v 33.68505096 50.29512678 -64.96343611
v 34.07843018 51.50659442 -66.25620659
v 33.68505096 51.21789431 -66.44506460
v 34.07843018 52.48574318 -67.68257537
v 33.68505096 52.20574439 -67.88410581
v 34.07843018 53.52746442 -69.06391548
v 33.68505096 53.25672390 -69.27772161
v 34.07843018 54.62968295 -70.39748032
v 33.68505096 54.36873475 -70.62313490
v 34.07843018 55.79022439 -71.68063776
v 33.68505096 55.53958350 -71.91768303
v 34.07843018 57.00676558 -72.91079379
v 33.68505096 56.76693555 -73.15878724
v 34.07843018 58.27689565 -74.08555280
v 33.68505096 58.04835330 -74.34397563
v 34.07843018 59.59308438 -75.19850609
v 33.68505096 59.37707331 -75.46749563
v 34.07843018 60.96775242 -76.25961764
v 33.68505096 60.76312441 -76.53734284
v 34.07843018 62.38313473 -77.25459761
v 33.68505096 62.19107233 -77.54116528
v 34.07843018 63.84143239 -78.18553644
v 33.68505096 63.66233233 -78.48038200
v 34.07843018 65.33976149 -79.05059545
v 33.68505096 65.17397472 -79.35312382
v 34.07843018 66.87513130 -79.84804277
v 33.68505096 66.72298589 -80.15766648
v 34.07843018 68.44450533 -80.57630674
v 33.68505096 68.30629120 -80.89240781
v 34.07843018 70.04475552 -81.23394541
v 33.68505096 69.92076258 -81.55587534
v 34.07843018 71.67271569 -81.81963890
v 33.68505096 71.56319570 -82.14677207
v 34.07843018 73.32515095 -82.33222752
v 33.68505096 73.23031755 -82.66391544
v 34.07843018 74.99878068 -82.77069658
v 33.68505096 74.91881697 -83.10628312
v 34.07843018 76.69028608 -83.13417632
v 33.68505096 76.62534465 -83.47299773
v 34.07843018 78.39629497 -83.42194958
v 33.68505096 78.34650552 -83.76332684
v 34.07843018 80.11343515 -83.63343653
v 33.68505096 80.07890449 -83.97668299
v 34.07843018 81.83829629 -83.76821754
v 33.68505096 81.81908545 -84.11266945
v 34.07843018 83.56744515 -83.82602560
v 33.68505096 83.56359228 -84.17098867
v 34.07843018 85.29744088 -83.80675388
v 33.68505096 85.30897650 -84.15154910
v 34.07843018 87.02487314 -83.71043290
v 33.68505096 87.05175147 -84.05436601
v 34.07843018 88.74630107 -83.53725340
v 33.68505096 88.78847633 -83.87965300
v 34.07843018 90.45830670 -83.28756634
v 33.68505096 90.51568735 -83.62774579
v 34.07843018 92.15748733 -82.96186761
v 33.68505096 92.22996655 -83.29914789
v 34.07843018 93.84046313 -82.56079047
v 33.68505096 93.92789596 -82.89450782
v 34.07843018 95.50391531 -82.08513599
v 33.68505096 95.60612629 -82.41463429
v 34.07843018 97.14452509 -81.53585786
v 33.68505096 97.26130058 -81.86048098
v 34.07843018 98.75902709 -80.91403944
v 33.68505096 98.89015347 -81.23313887
v 34.07843018 100.34419408 -80.22092432
v 33.68505096 100.48949587 -80.53385921
v 34.07843018 101.89699717 -79.45787818
v 33.68505096 102.05599373 -79.76403816
v 34.07843018 103.41419389 -78.62641925
v 33.68505096 103.58669448 -78.92517872
v 34.07843018 104.89289269 -77.72818785
v 33.68505096 105.07849295 -78.01897461
v 34.07843018 106.33009522 -76.76498453
v 33.68505096 106.52849760 -77.04721874
v 34.07843018 107.72299385 -75.73871663
v 33.68505096 107.93369482 -76.01182608
v 34.07843018 109.06869706 -74.65142883
v 33.68505096 109.29149062 -74.91487947
v 34.07843018 110.36469477 -73.50525736
v 33.68505096 110.59899345 -73.75853038
v 34.07843018 111.60839298 -72.30249866
v 33.68505096 111.85359407 -72.54507528
v 34.07843018 112.79719770 -71.04552548
v 33.68505096 113.05309520 -71.27694030
v 34.07843018 113.92879723 -69.73684790
v 33.68505096 114.19479605 -69.95662788
v 34.07843018 115.00109347 -68.37905989
v 33.68505096 115.27649171 -68.58677018
v 34.07843018 116.01179762 -66.97484702
v 33.68505096 116.29619854 -67.17009087
v 34.07843018 116.95889550 -65.52700926
v 33.68505096 117.25169639 -65.70938996
v 34.07843018 117.84059423 -64.03841527
v 33.68505096 118.14129154 -64.20756660
v 34.07843018 118.65509324 -62.51201763
v 33.68505096 118.96299271 -62.66761915
v 34.07843018 119.40079801 -60.95086045
v 33.68505096 119.71529690 -61.09258030
v 34.07843018 120.07619791 -59.35802985
v 33.68505096 120.39679269 -59.48560098
v 34.07843018 120.67999595 -57.73669963
v 33.68505096 121.00589315 -57.84985884
v 34.07843018 121.21099430 -56.09007034
v 33.68505096 121.54159885 -56.18860781
v 34.07843018 121.66809434 -54.42143024
v 33.68505096 122.00269669 -54.50513998
v 34.07843018 122.05039580 -52.73409048
v 33.68505096 122.38839323 -52.80280084
v 34.07843018 122.35709759 -51.03137749
v 33.68505096 122.69789501 -51.08497020
v 34.07843018 122.58769617 -49.31670924
v 33.68505096 122.93059930 -49.35505841
v 34.07843018 122.74169563 -47.59345791
v 33.68505096 123.08589576 -47.61649870
v 34.07843018 122.81879842 -45.86506817
v 33.68505096 123.16369283 -45.87275100
v 34.07843018 122.81879855 -44.13495037
v 33.68505096 123.16369296 -44.12726760
v 34.07843018 122.74169602 -42.40656063
v 33.68505096 123.08589615 -42.38351988
v 34.07843018 122.58769682 -40.68330927
v 33.68505096 122.93059996 -40.64496015
v 34.07843018 122.35709850 -38.96862954
v 33.68505096 122.69789593 -38.91504070
v 34.07843018 122.05039697 -37.26592795
v 33.68505096 122.38839441 -37.19721002
v 34.07843018 121.66809576 -35.57858051
v 33.68505096 122.00269813 -35.49487081
v 34.07843018 121.21099598 -33.90994033
v 33.68505096 121.54160054 -33.81141054
v 34.07843018 120.67999787 -32.26331859
v 33.68505096 121.00589509 -32.15015943
v 34.07843018 120.07620008 -30.64198828
v 33.68505096 120.39679488 -30.51441911
v 34.07843018 119.40080042 -29.04915948
v 33.68505096 119.71529933 -28.90743969
v 34.07843018 118.65509589 -27.48799838
v 33.68505096 118.96299537 -27.33239881
v 34.07843018 117.84059710 -25.96160825
v 33.68505096 118.14129444 -25.79244933
v 34.07843018 116.95889860 -24.47300840
v 33.68505096 117.25169952 -24.29062966
v 34.07843018 116.01180093 -23.02516859
v 33.68505096 116.29620189 -22.82992860
v 34.07843018 115.00109700 -21.62096892
v 33.68505096 115.27649527 -21.41324914
v 34.07843018 113.92880096 -20.26316931
v 33.68505096 114.19479982 -20.04338936
v 34.07843018 112.79720163 -18.95449918
v 33.68505096 113.05309917 -18.72307868
v 34.07843018 111.60839710 -17.69752773
v 33.68505096 111.85359823 -17.45494924
v 34.07843018 110.36469907 -16.49476885
v 33.68505096 110.59899780 -16.24149776
v 34.07843018 109.06870154 -15.34859813
v 33.68505096 109.29149514 -15.08514848
v 34.07843018 107.72299850 -14.26129773
v 33.68505096 107.93369951 -13.98818831
v 34.07843018 106.33010001 -13.23502771
v 33.68505096 106.52850244 -12.95279830
v 34.07843018 104.89289763 -12.27182799
v 33.68505096 105.07849794 -11.98103840
v 34.07843018 103.41419897 -11.37360781
v 33.68505096 103.58669960 -11.07483788
v 34.07843018 101.89700238 -10.54214770
v 33.68505096 102.05599898 -10.23598774
v 34.07843018 100.34419940 -9.77909560
v 33.68505096 100.48950124 -9.46616169
v 34.07843018 98.75903252 -9.08597452
v 33.68505096 98.89015895 -8.76688273
v 34.07843018 97.14453061 -8.46415872
v 33.68505096 97.26130615 -8.13954039
v 34.07843018 95.50392091 -7.91487938
v 33.68505096 95.60613193 -7.58538205
v 34.07843018 93.84046880 -7.43923085
v 33.68505096 93.92790169 -7.10550731
v 34.07843018 92.15749306 -7.03815488
v 33.68505096 92.22997233 -6.70086889
v 34.07843018 90.45831248 -6.71244970
v 33.68505096 90.51569318 -6.37226883
v 34.07843018 88.74630689 -6.46276047
v 33.68505096 88.78848220 -6.12036183
v 34.07843018 87.02487898 -6.28958358
v 33.68505096 87.05175736 -5.94564571
v 34.07843018 85.29744674 -6.19326234
v 33.68505096 85.30898241 -5.84846855
v 34.07843018 83.56745101 -6.17398845
v 33.68505096 83.56359819 -5.82902347
v 34.07843018 81.83830214 -6.23180006
v 33.68505096 81.81909135 -5.88734911
v 34.07843018 80.11344099 -6.36658224
v 33.68505096 80.07891037 -6.02332910
v 34.07843018 78.39630077 -6.57806798
v 33.68505096 78.34651137 -6.23669310
v 34.07843018 76.69029184 -6.86583669
v 33.68505096 76.62535046 -6.52701861
v 34.07843018 74.99878638 -7.22931665
v 33.68505096 74.91882272 -6.89372867
v 34.07843018 73.32515659 -7.66778737
v 33.68505096 73.23032324 -7.33609466
v 34.07843018 71.67272125 -8.18037860
v 33.68505096 71.56320131 -7.85323922
v 34.07843018 70.04476100 -8.76606993
v 33.68505096 69.92076810 -8.44413522
v 34.07843018 68.44451070 -9.42370073
v 33.68505096 68.30629661 -9.10761014
v 34.07843018 66.87513656 -10.15196542
v 33.68505096 66.72299120 -9.84234646
v 34.07843018 65.33976663 -10.94941537
v 33.68505096 65.17397991 -10.64688507
v 34.07843018 63.84143740 -11.81447511
v 33.68505096 63.66233739 -11.51962475
v 34.07843018 62.38313960 -12.74541468
v 33.68505096 62.19107725 -12.45884507
v 34.07843018 60.96775714 -13.74040492
v 33.68505096 60.76312917 -13.46266442
v 33.68505096 59.37707791 -14.53251429
v 33.25000000 59.19521987 -14.30573434
v 33.25000000 57.85578039 -15.43828447
v 32.78073120 57.70246772 -15.26493413
v 33.25000000 56.56484860 -16.63227508
v 32.78073120 56.40397901 -16.46592375
v 33.25000000 55.32838686 -17.88258398
v 32.78073120 55.16026935 -17.72356450
v 33.25000000 54.14885948 -19.18673352
v 32.78073120 53.97381830 -19.03536441
v 33.25000000 53.02859723 -20.54213352
v 32.78073120 52.84697951 -20.39871424
v 33.25000000 51.96981646 -21.94609462
v 32.78073120 51.78199985 -21.81090364
v 33.25000000 50.97463813 -23.39582447
v 32.78073120 50.78097740 -23.26913454
v 33.25000000 50.04501918 -24.88844296
v 32.78073120 49.84590725 -24.77050395
v 33.25000000 49.18281737 -26.42099370
v 32.78073120 48.97865860 -26.31204403
v 33.25000000 48.38974932 -27.99043449
v 32.78073120 48.18092899 -27.89068395
v 33.25000000 47.66737905 -29.59364297
v 32.78073120 47.45432822 -29.50330330
v 33.25000000 47.01713708 -31.22744343
v 32.78073120 46.80026773 -31.14667292
v 33.25000000 46.44032802 -32.88858383
v 32.78073120 46.22007885 -32.81756178
v 33.25000000 45.93808867 -34.57376445
v 32.78073120 45.71489836 -34.51263391
v 33.25000000 45.51141846 -36.27965508
v 32.78073120 45.28571809 -36.22852286
v 33.25000000 45.16115665 -38.00286443
v 32.78073120 44.93340778 -37.96183353
v 33.25000000 44.88800512 -39.73995166
v 32.78073120 44.65865789 -39.70911363
v 33.25000000 44.69251701 -41.48749498
v 32.78073120 44.46202537 -41.46689178
v 33.25000000 44.57470758 -43.25025514
v 32.78073120 44.34346826 -43.24102355
v 33.25000000 44.53589672 -45.00000336
v 32.78073120 44.30447811 -45.00000334
v 33.25000000 44.53589672 -45.00000336
v 32.78073120 44.30447811 -45.00000334
v 32.78073120 44.34346800 -46.75897170
v 32.28527069 44.17540769 -46.76539182
v 32.28527069 44.29450622 -48.54808379
v 32.28527069 44.49197771 -50.31331207
v 32.28527069 44.76788700 -52.06799273
v 32.28527069 45.12169622 -53.80864293
v 32.28527069 45.55268441 -55.53181420
v 32.28527069 46.06000468 -57.23406186
v 32.28527069 46.64265379 -58.91202516
v 32.28527069 47.29947587 -60.56236243
v 32.28527069 48.02916630 -62.18180447
v 32.28527069 48.83027549 -63.76713549
v 32.28527069 49.70120509 -65.31521219
v 32.28527069 50.64022323 -66.82295609
v 32.28527069 51.64548358 -68.28736504
v 32.28527069 52.71498345 -69.70553224
v 32.28527069 53.84659421 -71.07465769
v 32.28527069 55.03807284 -72.39201771
v 32.28527069 56.28704278 -73.65498777
v 32.28527069 57.59105499 -74.86106544
v 32.28527069 58.94576453 -76.00646655
v 32.28527069 60.35365476 -77.09307554
v 32.28527069 61.80677587 -78.11459817
v 32.28527069 63.30395292 -79.07035543
v 32.28527069 64.84222571 -79.95848573
v 32.28527069 66.41853486 -80.77719618
v 32.28527069 68.02975611 -81.52487696
v 32.28527069 69.67267751 -82.20004798
v 32.28527069 71.34403367 -82.80135884
v 32.28527069 73.04053631 -83.32760409
v 32.28527069 74.75878274 -83.77777664
v 32.28527069 76.49538549 -84.15093809
v 32.28527069 78.24689609 -84.44638652
v 32.28527069 80.00980501 -84.66350397
v 32.28527069 81.78066376 -84.80187843
v 32.28527069 83.55590180 -84.86123525
v 32.28527069 85.33204010 -84.84144474
v 32.28527069 87.10552339 -84.74256792
v 32.28527069 88.87285739 -84.56476501
v 32.28527069 90.63049443 -84.30841749
v 32.28527069 92.37498603 -83.97402889
v 32.28527069 94.10284556 -83.56227059
v 32.28527069 95.81063216 -83.07392844
v 32.28527069 97.49498126 -82.51000950
v 32.28527069 99.15254356 -81.87162003
v 32.28527069 100.77999265 -81.16001890
v 32.28527069 102.37419285 -80.37661753
v 32.28527069 103.93189402 -79.52298758
v 32.28527069 105.44999101 -78.60081515
v 32.28527069 106.92549310 -77.61193892
v 32.28527069 108.35549349 -76.55829675
v 32.28527069 109.73709300 -75.44200963
v 32.28527069 111.06769764 -74.26529006
v 32.28527069 112.34449217 -73.03045740
v 32.28527069 113.56499703 -71.73996829
v 32.28527069 114.72679370 -70.39640911
v 32.28527069 115.82769254 -69.00241200
v 32.28527069 116.86529794 -67.56076169
v 32.28527069 117.83769490 -66.07431920
v 32.28527069 118.74289216 -64.54602947
v 32.28527069 119.57909681 -62.97894045
v 32.28527069 120.34469904 -61.37615731
v 32.28527069 121.03809669 -59.74085768
v 32.28527069 121.65799275 -58.07629932
v 32.28527069 122.20309785 -56.38577049
v 32.28527069 122.67239730 -54.67263957
v 32.28527069 123.06489926 -52.94029783
v 32.28527069 123.37979502 -51.19219758
v 32.28527069 123.61659630 -49.43179873
v 32.28527069 123.77469275 -47.66261082
v 32.28527069 123.85379445 -45.88812809
v 32.28527069 123.85379458 -44.11189061
v 32.28527069 123.77469315 -42.33740787
v 32.28527069 123.61659697 -40.56821993
v 32.28527069 123.37979596 -38.80782105
v 32.28527069 123.06490046 -37.05972075
v 32.28527069 122.67239876 -35.32737895
v 32.28527069 122.20309957 -33.61424797
v 32.28527069 121.65799472 -31.92371905
v 32.28527069 121.03809891 -30.25915869
v 32.28527069 120.34470151 -28.62385895
v 32.28527069 119.57909952 -27.02107951
v 32.28527069 118.74289511 -25.45398846
v 32.28527069 117.83769808 -23.92569859
v 32.28527069 116.86530135 -22.43925977
v 32.28527069 115.82769617 -20.99761884
v 32.28527069 114.72679753 -19.60361775
v 32.28527069 113.56500106 -18.26004886
v 32.28527069 112.34449640 -16.96956910
v 32.28527069 111.06770206 -15.73472862
v 32.28527069 109.73709759 -14.55799836
v 32.28527069 108.35549825 -13.44171865
v 32.28527069 106.92549803 -12.38808772
v 32.28527069 105.44999609 -11.39919791
v 32.28527069 103.93189923 -10.47702811
v 32.28527069 102.37419819 -9.62339888
v 32.28527069 100.77999811 -8.84000585
v 32.28527069 99.15254913 -8.12840352
v 32.28527069 97.49498692 -7.49000713
v 32.28527069 95.81063790 -6.92608412
v 32.28527069 94.10285138 -6.43775411
v 32.28527069 92.37499192 -6.02598506
v 32.28527069 90.63050036 -5.69159477
v 32.28527069 88.87286336 -5.43524793
v 32.28527069 87.10552939 -5.25745334
v 32.28527069 85.33204612 -5.15856433
v 32.28527069 83.55590782 -5.13877641
v 32.28527069 81.78066977 -5.19813011
v 32.28527069 80.00981100 -5.33650621
v 32.28527069 78.24690205 -5.55363006
v 32.28527069 76.49539140 -5.84907060
v 32.28527069 74.75878859 -6.22224275
v 32.28527069 73.04054210 -6.67240456
v 32.28527069 71.34403937 -7.19866147
v 32.28527069 69.67268313 -7.79997016
v 32.28527069 68.02976163 -8.47513617
v 32.28527069 66.41854026 -9.22281767
v 32.28527069 64.84223099 -10.04153455
v 32.28527069 63.30395807 -10.92965509
v 32.28527069 61.80678087 -11.88541498
v 32.28527069 60.35365961 -12.90693453
v 35.21577835 47.62283773 -41.74934365
v 35.25000000 48.15817709 -41.62891370
v 35.21577835 47.80375750 -40.13208369
v 35.25000000 48.35558780 -39.95262511
v 35.21577835 48.05653853 -38.52448254
v 35.25000000 48.63134858 -38.28744493
v 35.21577835 48.38068874 -36.92974456
v 35.25000000 48.98484907 -36.63701237
v 35.21577835 48.77554817 -35.35103212
v 35.25000000 49.41532634 -35.00496284
v 35.21577835 49.24035771 -33.79147329
v 35.25000000 49.92183815 -33.39488216
v 35.21577835 49.77415604 -32.25416559
v 35.25000000 50.50324772 -31.81032371
v 35.21577835 50.37592847 -30.74216460
v 35.25000000 51.15828858 -30.25475316
v 35.21577835 51.04444664 -29.25847439
v 35.25000000 51.88553784 -28.73159419
v 35.21577835 51.77839832 -27.80603418
v 35.25000000 52.68336663 -27.24419419
v 35.21577835 52.57631866 -26.38773361
v 35.25000000 53.55003925 -25.79583382
v 35.21577835 53.43663981 -25.00638412
v 35.25000000 54.48365981 -24.38968498
v 35.21577835 54.35762990 -23.66473418
v 35.25000000 55.48214929 -23.02883376
v 35.21577835 55.33746932 -22.36543501
v 35.25000000 56.54332951 -21.71628425
v 35.21577835 56.37422021 -21.11108443
v 35.25000000 57.66486967 -20.45492417
v 35.21577835 57.46583025 -19.90415435
v 35.25000000 58.84429786 -19.24751535
v 35.21577835 58.61010982 -18.74705376
v 35.25000000 60.07902009 -18.09671474
v 35.21577835 59.80479679 -17.64207529
v 35.25000000 61.36633935 -17.00505529
v 35.21577835 61.03887051 -16.59840472
v 35.21577835 62.33582951 -15.59715456
v 35.11370087 60.71703979 -16.19869500
v 35.25000000 62.70339845 -15.97493454
v 35.21577835 63.66713985 -14.66127495
v 35.11370087 63.38143813 -14.23498441
v 35.25000000 64.08727914 -15.00861461
v 35.21577835 65.03881732 -13.78562465
v 35.25000000 65.51492966 -14.10822505
v 35.21577835 66.44814966 -12.97194506
v 35.25000000 66.98322196 -13.27573519
v 35.21577835 67.89231780 -12.22186506
v 35.25000000 68.48890592 -12.51299517
v 35.21577835 69.36846837 -11.53685521
v 35.25000000 70.02870089 -11.82166533
v 35.21577835 70.87367929 -10.91828500
v 35.25000000 71.59918891 -11.20325534
v 35.21577835 72.40493696 -10.36738561
v 35.25000000 73.19695964 -10.65915565
v 35.21577835 73.95922014 -9.88523851
v 35.25000000 74.81845779 -10.19053547
v 35.21577835 75.53343892 -9.47281168
v 35.25000000 76.46015093 -9.79843335
v 35.21577835 77.12448051 -9.13092146
v 35.25000000 78.11842275 -9.48371619
v 35.21577835 78.72914820 -8.86024593
v 35.25000000 79.78961112 -9.24706775
v 35.21577835 80.34429103 -8.66132198
v 35.25000000 81.47006157 -9.08901448
v 35.21577835 81.96669705 -8.53454636
v 35.25000000 83.15606621 -9.00990065
v 35.21577835 83.59313901 -8.48016798
v 35.25000000 84.84394005 -9.00990078
v 35.21577835 85.22038968 -8.49829745
v 35.25000000 86.52995232 -9.08901486
v 35.21577835 86.84520657 -8.58889759
v 35.25000000 88.21040274 -9.24706839
v 35.21577835 88.46439295 -8.75178910
v 35.25000000 89.88159108 -9.48371707
v 35.21577835 90.07469872 -8.98664582
v 35.25000000 91.53984759 -9.79843449
v 35.21577835 91.67295004 -9.29300619
v 35.21577835 93.25596546 -9.67025698
v 35.25000000 93.18154067 -10.19053686
v 35.21577835 94.82060928 -10.11765719
v 35.25000000 94.80304638 -10.65915728
v 35.21577835 96.36376110 -10.63430751
v 35.25000000 96.40080940 -11.20325721
v 35.21577835 97.88237678 -11.21918750
v 35.25000000 97.97131258 -11.82166744
v 35.21577835 99.37341982 -11.87113749
v 35.25000000 99.51109982 -12.51299751
v 35.21577835 100.83389950 -12.58885763
v 35.25000000 101.01679892 -13.27573776
v 35.21577835 102.26109976 -13.37093744
v 35.25000000 102.48509873 -14.10822784
v 35.21577835 103.65190017 -14.21580811
v 35.25000000 103.91269571 -15.00861762
v 35.21577835 105.00369911 -15.12179786
v 35.25000000 105.29659914 -15.97493776
v 35.21577835 106.31390259 -16.08710710
v 35.25000000 106.63369623 -17.00505871
v 35.21577835 107.57969536 -17.10981800
v 35.25000000 107.92099625 -18.09671835
v 35.21577835 108.79869705 -18.18790876
v 35.25000000 109.15569923 -19.24751915
v 35.21577835 109.96849677 -19.31922789
v 35.25000000 110.33509672 -20.45492815
v 35.21577835 111.08669889 -20.50153808
v 35.25000000 111.45670155 -21.71628840
v 35.21577835 112.15109852 -21.73248756
v 35.25000000 112.51789682 -23.02883807
v 35.21577835 113.15969675 -23.00962921
v 35.25000000 113.51629455 -24.38968943
v 35.21577835 114.11029632 -24.33042816
v 35.25000000 114.44999500 -25.79583841
v 35.21577835 115.00119588 -25.69226942
v 35.25000000 115.31659493 -27.24419892
v 35.21577835 115.83049570 -27.09243886
v 35.25000000 116.11449978 -28.73159904
v 35.21577835 116.59670042 -28.52816890
v 35.21577835 117.29810107 -29.99659852
v 35.25000000 116.84169541 -30.25475812
v 35.21577835 117.93340064 -31.49481901
v 35.25000000 117.49680088 -31.81032877
v 35.21577835 118.50129450 -33.01984919
v 35.25000000 118.07819877 -33.39488730
v 35.21577835 119.00069929 -34.56866972
v 35.25000000 118.58469890 -35.00496806
v 35.21577835 119.43069948 -36.13820024
v 35.25000000 119.01509581 -36.63701765
v 35.21577835 119.79029561 -37.72532032
v 35.25000000 119.36869523 -38.28745027
v 35.21577835 120.07879342 -39.32687903
v 35.25000000 119.64439853 -39.95263049
v 35.21577835 120.29569698 -40.93971016
v 35.25000000 119.84179373 -41.62891911
v 35.21577835 120.44049514 -42.56059793
v 35.25000000 119.96040017 -43.31260824
v 35.21577835 120.51299715 -44.18633036
v 35.25000000 119.99999660 -45.00000906
v 35.21577835 120.51299703 -45.81368021
v 35.25000000 119.96039992 -46.68740987
v 35.21577835 120.44049477 -47.43942026
v 35.25000000 119.84179322 -48.37109898
v 35.21577835 120.29569637 -49.06030800
v 35.25000000 119.64439777 -50.04737994
v 35.21577835 120.07879256 -50.67313910
v 35.25000000 119.36869422 -51.71256776
v 35.21577835 119.79029452 -52.27469776
v 35.25000000 119.01509454 -53.36300032
v 35.21577835 119.43069814 -53.86181779
v 35.25000000 118.58469739 -54.99504985
v 35.21577835 119.00069772 -55.43134825
v 35.25000000 118.07819702 -56.60513053
v 35.21577835 118.50129270 -56.98016871
v 35.25000000 117.49679889 -58.18968706
v 35.21577835 117.93339860 -58.50520071
v 35.25000000 116.84169318 -59.74525952
v 35.21577835 117.29809880 -60.00341920
v 35.25000000 116.11449733 -61.26841850
v 35.21577835 116.59669793 -61.47184871
v 35.21577835 115.83049299 -62.90756719
v 35.25000000 115.31659225 -62.75581849
v 35.21577835 115.00119296 -64.30774794
v 35.25000000 114.44999210 -64.20417887
v 35.21577835 114.11029320 -65.66958717
v 35.25000000 113.51629143 -65.61033724
v 35.21577835 113.15969343 -66.99038788
v 35.25000000 112.51789350 -66.97117701
v 35.21577835 112.15109500 -68.26754082
v 35.25000000 111.45669803 -68.28373034
v 35.21577835 111.08669519 -69.49847488
v 35.25000000 110.33509302 -69.54509042
v 35.21577835 109.96849289 -70.68078681
v 35.25000000 109.15569534 -70.75251068
v 35.21577835 108.79869300 -71.81211149
v 35.25000000 107.92099219 -71.90329794
v 35.21577835 107.57969115 -72.89019825
v 35.25000000 106.63369200 -72.99495739
v 35.21577835 106.31389823 -73.91291849
v 35.25000000 105.29659475 -74.02507814
v 35.21577835 105.00369460 -74.87821990
v 35.25000000 103.91269118 -74.99140952
v 35.21577835 103.65189552 -75.78421803
v 35.25000000 102.48509406 -75.89180003
v 35.21577835 102.26109498 -76.62908945
v 35.25000000 101.01679413 -76.72428131
v 35.21577835 100.83389461 -77.41115568
v 35.25000000 99.51109492 -77.48702991
v 35.21577835 99.37341482 -78.12887561
v 35.25000000 97.97130757 -78.17835975
v 35.21577835 97.88237168 -78.78083777
v 35.25000000 96.40080429 -78.79676021
v 35.21577835 96.36375591 -79.36570704
v 35.25000000 94.80304119 -79.34085799
v 35.21577835 94.82060402 -79.88236952
v 35.25000000 93.18153542 -79.80947817
v 35.21577835 93.25596012 -80.32975710
v 35.25000000 91.53984227 -80.20157551
v 35.21577835 91.67294465 -80.70700765
v 35.21577835 90.07469329 -81.01336587
v 35.25000000 89.88158572 -80.51629554
v 35.21577835 88.46438748 -81.24822903
v 35.25000000 88.21039735 -80.75294398
v 35.21577835 86.84520107 -81.41111648
v 35.25000000 86.52994689 -80.91100965
v 35.21577835 85.22038417 -81.50171542
v 35.25000000 84.84393462 -80.99011871
v 35.21577835 83.59313349 -81.51984274
v 35.25000000 83.15606078 -80.99011858
v 35.21577835 81.96669154 -81.46546792
v 35.25000000 81.47005615 -80.91100926
v 35.21577835 80.34428555 -81.33869778
v 35.25000000 79.78960572 -80.75294334
v 35.21577835 78.72914274 -81.13977645
v 35.25000000 78.11841738 -80.51629466
v 35.21577835 77.12447510 -80.86909304
v 35.25000000 76.46014562 -80.20157438
v 35.21577835 75.53343356 -80.52719686
v 35.25000000 74.81845253 -79.80947678
v 35.21577835 73.95921484 -80.11477457
v 35.25000000 73.19695446 -79.34085636
v 35.21577835 72.40493173 -79.63262723
v 35.25000000 71.59918381 -78.79675834
v 35.21577835 70.87367414 -79.08172380
v 35.25000000 70.02869588 -78.17835764
v 35.21577835 69.36846331 -78.46315526
v 35.25000000 68.48890101 -77.48702757
v 35.21577835 67.89231285 -77.77815759
v 35.25000000 66.98321717 -76.72427874
v 35.21577835 66.44814482 -77.02806593
v 35.25000000 65.51492500 -75.89179724
v 35.21577835 65.03881261 -76.21439853
v 35.11370087 63.38143349 -75.76502706
v 35.25000000 64.08727461 -74.99140651
v 35.21577835 63.66713527 -75.33874229
v 35.25000000 62.70339407 -74.02507492
v 35.21577835 62.33582507 -74.40286726
v 35.25000000 61.36633513 -72.99495397
v 35.21577835 61.03886622 -73.40160831
v 35.21577835 59.80479266 -72.35794519
v 35.25000000 60.07901603 -71.90329433
v 35.21577835 58.61010586 -71.25296463
v 35.25000000 58.84429397 -70.75250688
v 35.21577835 57.46582646 -70.09586768
v 35.25000000 57.66486597 -69.54508645
v 35.21577835 56.37421660 -68.88893553
v 35.25000000 56.54332599 -68.28372619
v 35.21577835 55.33746590 -67.63457144
v 35.25000000 55.48214598 -66.97117271
v 35.21577835 54.35762668 -66.33528548
v 35.25000000 54.48365670 -65.61033279
v 35.21577835 53.43663679 -64.99362586
v 35.25000000 53.55003635 -64.20417427
v 35.21577835 52.57631585 -63.61227432
v 35.25000000 52.68336394 -62.75581376
v 35.21577835 51.77839573 -62.19397364
v 35.25000000 51.88553538 -61.26841365
v 35.21577835 51.04444427 -60.74153523
v 35.25000000 51.15828635 -59.74525456
v 35.21577835 50.37592631 -59.25784301
v 35.25000000 50.50324573 -58.18968201
v 35.21577835 49.77415412 -57.74584192
v 35.25000000 49.92183639 -56.60512538
v 35.21577835 49.24035602 -56.20853414
v 35.25000000 49.41532483 -54.99504462
v 35.21577835 48.77554672 -54.64897524
v 35.25000000 48.98484781 -53.36299503
v 35.21577835 48.38068752 -53.07025512
v 35.25000000 48.63134757 -51.71256242
v 35.21577835 48.05653756 -51.47552472
v 35.25000000 48.35558704 -50.04737456
v 35.21577835 47.80375676 -49.86792353
v 35.25000000 48.15817658 -48.37109357
v 35.21577835 47.62283724 -48.25066354
v 35.25000000 48.03956633 -46.68740444
v 32.28527069 44.13628811 -45.00000333
v 32.28527069 44.17540796 -43.23461485
v 32.28527069 44.29450676 -41.45192290
v 32.28527069 44.49197851 -39.68669464
v 32.28527069 44.76788807 -37.93201403
v 32.28527069 45.12169755 -36.19136388
v 32.28527069 45.55268600 -34.46819268
v 32.28527069 46.06000653 -32.76594510
v 32.28527069 46.64265589 -31.08798379
v 32.28527069 47.29947822 -29.43764281
v 32.28527069 48.02916889 -27.81819325
v 32.28527069 48.83027832 -26.23287379
v 32.28527069 49.70120816 -24.68479341
v 32.28527069 50.64022652 -23.17706300
v 32.28527069 51.64548710 -21.71265420
v 32.28527069 52.71498718 -20.29447381
v 32.28527069 53.84659815 -18.92535425
v 32.28527069 55.03807698 -17.60800396
v 32.28527069 56.28704711 -16.34503408
v 32.28527069 57.59105950 -15.13895470
v 32.28527069 58.94576921 -13.99354426
v 32.78073120 59.05061997 -14.12505405
v 32.78073120 60.45341775 -13.04233435
v 33.25000000 60.59068961 -13.22863464
v 32.78073120 61.90040879 -12.02513495
v 33.25000000 62.02925018 -12.21736423
v 32.78073120 63.39128029 -11.07339479
v 33.25000000 63.51142035 -11.27118495
v 32.78073120 64.92305679 -10.18902506
v 33.25000000 65.03427046 -10.39196505
v 32.78073120 66.49272085 -9.37376429
v 33.25000000 66.59477924 -9.58145740
v 32.78073120 68.09712917 -8.62923373
v 33.25000000 68.18984156 -8.84126797
v 32.78073120 69.73313081 -7.95691731
v 33.25000000 69.81629119 -8.17287114
v 32.78073120 71.39743749 -7.35814538
v 33.25000000 71.47090855 -7.57759062
v 32.78073120 73.08677622 -6.83410863
v 33.25000000 73.15039772 -7.05660752
v 32.78073120 74.79778242 -6.38584654
v 33.25000000 74.85143230 -6.61095851
v 32.78073120 76.52706101 -6.01424890
v 33.25000000 76.57061720 -6.24152762
v 32.78073120 78.27117114 -5.72005386
v 33.25000000 78.30457261 -5.94904776
v 32.78073120 80.02664906 -5.50384601
v 33.25000000 80.04981188 -5.73410019
v 32.78073120 81.79003103 -5.36605403
v 33.25000000 81.80290943 -5.59711120
v 32.78073120 83.55779226 -5.30695116
v 33.25000000 83.56037098 -5.53835308
v 32.78073120 85.32643087 -5.32665563
v 33.25000000 85.31870228 -5.55794359
v 32.78073120 87.09242971 -5.42512741
v 33.25000000 87.07440143 -5.65584077
v 32.78073120 88.85230213 -5.60217193
v 33.25000000 88.82401995 -5.83185294
v 32.78073120 90.60253099 -5.85743682
v 33.25000000 90.56404068 -6.08562962
v 32.78073120 92.33966018 -6.19041615
v 33.25000000 92.29103803 -6.41666775
v 32.78073120 94.06021831 -6.60044808
v 33.25000000 94.00157114 -6.82430929
v 32.78073120 95.76081032 -7.08671911
v 33.25000000 95.69226019 -7.30774505
v 32.78073120 97.43805637 -7.64826223
v 33.25000000 97.35971010 -7.86601516
v 32.78073120 99.08862242 -8.28396687
v 33.25000000 99.00066312 -8.49801143
v 32.78073120 100.70919732 -8.99256322
v 33.25000000 100.61180045 -9.20247933
v 32.78073120 102.29669879 -9.77265177
v 33.25000000 102.19000169 -9.97802075
v 32.78073120 103.84780041 -10.62267801
v 33.25000000 103.73210062 -10.82308789
v 32.78073120 105.35949620 -11.54095778
v 33.25000000 105.23490054 -11.73601754
v 32.78073120 106.82879544 -12.52567812
v 33.25000000 106.69570064 -12.71498818
v 32.78073120 108.25269978 -13.57485826
v 33.25000000 108.11129657 -13.75805813
v 32.78073120 109.62850078 -14.68643825
v 33.25000000 109.47910197 -14.86315791
v 32.78073120 110.95349764 -15.85819796
v 33.25000000 110.79630159 -16.02808835
v 32.78073120 112.22489800 -17.08782853
v 33.25000000 112.06030143 -17.25054824
v 32.78073120 113.44029860 -18.37285898
v 33.25000000 113.26859907 -18.52808854
v 32.78073120 114.59719700 -19.71076877
v 33.25000000 114.41879885 -19.85819917
v 32.78073120 115.69339593 -21.09887806
v 33.25000000 115.50859672 -21.23821940
v 32.78073120 116.72659895 -22.53444790
v 33.25000000 116.53579541 -22.66541789
v 32.78073120 117.69489870 -24.01461918
v 33.25000000 117.49849519 -24.13695841
v 32.78073120 118.59629629 -25.53644885
v 33.25000000 118.39459798 -25.64991891
v 32.78073120 119.42899881 -27.09692903
v 33.25000000 119.22250161 -27.20129913
v 32.78073120 120.19139645 -28.69294883
v 33.25000000 119.98039791 -28.78801870
v 32.78073120 120.88189468 -30.32134969
v 33.25000000 120.66679916 -30.40692859
v 32.78073120 121.49909732 -31.97888910
v 33.25000000 121.28049990 -32.05479965
v 32.78073120 122.04199728 -33.66229025
v 33.25000000 121.82019551 -33.72837986
v 32.78073120 122.50929756 -35.36818857
v 33.25000000 122.28469581 -35.42434090
v 32.78073120 122.90009791 -37.09321759
v 33.25000000 122.67329889 -37.13931056
v 32.78073120 123.21369641 -38.83394027
v 33.25000000 122.98509686 -38.86988996
v 32.78073120 123.44949797 -40.58690812
v 33.25000000 123.21949461 -40.61263824
v 32.78073120 123.60689988 -42.34863833
v 33.25000000 123.37599625 -42.36409928
v 32.78073120 123.68569613 -44.11562900
v 33.25000000 123.45429660 -44.12079027
v 32.78073120 123.68569600 -45.88438968
v 33.25000000 123.45429646 -45.87922838
v 32.78073120 123.60689948 -47.65138033
v 33.25000000 123.37599585 -47.63591935
v 32.78073120 123.44949731 -49.41311052
v 33.25000000 123.21949395 -49.38738037
v 32.78073120 123.21369548 -51.16607070
v 33.25000000 122.98509593 -51.13012861
v 32.78073120 122.90009671 -52.90680097
v 33.25000000 122.67329771 -52.86070033
v 32.78073120 122.50929611 -54.63182993
v 33.25000000 122.28469437 -54.57567757
v 32.78073120 122.04199556 -56.33772818
v 33.25000000 121.82019381 -56.27163090
v 32.78073120 121.49909535 -58.02112734
v 33.25000000 121.28049794 -57.94521103
v 32.78073120 120.88189247 -59.67867047
v 33.25000000 120.66679695 -59.59309917
v 32.78073120 120.19139399 -61.30706932
v 33.25000000 119.98039546 -61.21199941
v 32.78073120 119.42899611 -62.90308900
v 33.25000000 119.22249892 -62.79871887
v 32.78073120 118.59629335 -64.46357097
v 33.25000000 118.39459506 -64.35009897
v 32.78073120 117.69489553 -65.98539860
v 33.25000000 117.49849204 -65.86306124
v 32.78073120 116.72659555 -67.46556973
v 33.25000000 116.53579204 -67.33461115
v 32.78073120 115.69339232 -68.90113941
v 33.25000000 115.50859314 -68.76179614
v 32.78073120 114.59719318 -70.28926189
v 33.25000000 114.41879506 -70.14183145
v 32.78073120 113.44029458 -71.62716005
v 33.25000000 113.26859507 -71.47192475
v 32.78073120 112.22489379 -72.91220177
v 33.25000000 112.06029724 -72.74948203
v 32.78073120 110.95349324 -74.14181593
v 33.25000000 110.79629721 -73.97192456
v 32.78073120 109.62849621 -75.31357639
v 33.25000000 109.47909742 -75.13685672
v 32.78073120 108.25269504 -76.42515618
v 33.25000000 108.11129185 -76.24195915
v 32.78073120 106.82879054 -77.47435041
v 33.25000000 106.69569576 -77.28501935
v 32.78073120 105.35949115 -78.45906099
v 33.25000000 105.23489552 -78.26400025
v 32.78073120 103.84779522 -79.37733481
v 33.25000000 103.73209546 -79.17692586
v 32.78073120 102.29669347 -80.22737131
v 33.25000000 102.18999640 -80.02199563
v 32.78073120 100.70919188 -81.00745389
v 33.25000000 100.61179505 -80.79753872
v 32.78073120 99.08861688 -81.71604905
v 33.25000000 99.00065760 -81.50200638
v 32.78073120 97.43805073 -82.35176059
v 33.25000000 97.35970449 -82.13401004
v 32.78073120 95.76080459 -82.91329916
v 33.25000000 95.69225450 -82.69226797
v 32.78073120 94.06021251 -83.39956612
v 33.25000000 94.00156538 -83.17570442
v 32.78073120 92.33965432 -83.80960780
v 33.25000000 92.29103220 -83.58335047
v 32.78073120 90.60252508 -84.14257734
v 33.25000000 90.56403480 -83.91438977
v 32.78073120 88.85229618 -84.39784912
v 33.25000000 88.82401403 -84.16815856
v 32.78073120 87.09242373 -84.57489671
v 33.25000000 87.07439549 -84.34417619
v 32.78073120 85.32642488 -84.67335392
v 33.25000000 85.31869632 -84.44207645
v 32.78073120 83.55778627 -84.69306814
v 33.25000000 83.56036502 -84.46166860
v 32.78073120 81.79002504 -84.63395545
v 33.25000000 81.80290348 -84.40290687
v 32.78073120 80.02664310 -84.49617609
v 33.25000000 80.04980595 -84.26591333
v 32.78073120 78.27116521 -84.27996654
v 33.25000000 78.30456671 -84.05096264
v 32.78073120 76.52705512 -83.98576933
v 33.25000000 76.57061135 -83.75848204
v 32.78073120 74.79777659 -83.61416428
v 33.25000000 74.85142650 -83.38905900
v 32.78073120 73.08677045 -83.16590670
v 33.25000000 73.15039199 -82.94340304
v 32.78073120 71.39743181 -82.64186635
v 33.25000000 71.47090290 -82.42242208
v 32.78073120 69.73312521 -82.04309609
v 33.25000000 69.81628563 -81.82714608
v 32.78073120 68.09712368 -81.37078609
v 33.25000000 68.18983610 -81.15874233
v 32.78073120 66.49271547 -80.62625624
v 33.25000000 66.59477390 -80.41855361
v 32.78073120 64.92305153 -79.81098665
v 33.25000000 65.03426523 -79.60804477
v 32.78073120 63.39127517 -78.92661764
v 33.25000000 63.51141526 -78.72882560
v 32.78073120 61.90040381 -77.97488108
v 33.25000000 62.02924523 -77.78264323
v 32.78073120 60.45341292 -76.95767668
v 33.25000000 60.59068482 -76.77136688
v 32.78073120 59.05061530 -75.87495105
v 33.25000000 59.19521523 -75.69427174
v 32.78073120 57.70246323 -74.73507363
v 33.25000000 57.85577593 -74.56172617
v 32.78073120 56.40397470 -73.53408476
v 33.25000000 56.56484431 -73.36773346
v 32.78073120 55.16026523 -72.27644765
v 33.25000000 55.32838277 -72.11743582
v 32.78073120 53.97381437 -70.96464183
v 33.25000000 54.14885559 -70.81327466
v 32.78073120 52.84697579 -69.60130709
v 33.25000000 53.02859354 -69.45787449
v 32.78073120 51.78199635 -68.18910608
v 33.25000000 51.96981298 -68.05392085
v 32.78073120 50.78097412 -66.73088457
v 33.25000000 50.97463486 -66.60419086
v 32.78073120 49.84590419 -65.22950358
v 33.25000000 50.04501614 -65.11157604
v 32.78073120 48.97865578 -63.68796528
v 33.25000000 49.18281457 -63.57901372
v 32.78073120 48.18092640 -62.10932523
v 33.25000000 48.38974675 -62.00957473
v 32.78073120 47.45432588 -60.49670387
v 33.25000000 47.66737673 -60.40636423
v 32.78073120 46.80026564 -58.85332461
v 33.25000000 47.01713500 -58.77256367
v 32.78073120 46.22007701 -57.18244520
v 33.25000000 46.44032619 -57.11142318
v 32.78073120 45.71489678 -55.48737299
v 33.25000000 45.93808709 -55.42623485
v 32.78073120 45.28571677 -53.77148398
v 33.25000000 45.51141715 -53.72034416
v 32.78073120 44.93340672 -52.03817325
v 33.25000000 45.16115559 -51.99714239
v 32.78073120 44.65865709 -50.29089311
v 33.25000000 44.88800432 -50.26005512
v 32.78073120 44.46202484 -48.53311493
v 33.25000000 44.69251648 -48.51251177
v 33.25000000 44.57470732 -46.74975160
v 33.68505096 44.86514692 -46.73789172
v 33.68505096 44.82658809 -45.00000338
v 34.07843018 45.17156643 -45.00000341
v 33.68505096 44.82658809 -45.00000338
v 34.07843018 45.17156643 -45.00000341
v 33.68505096 44.86514719 -43.26211505
v 34.07843018 45.20984704 -43.27640493
v 33.68505096 44.98205634 -41.51336247
v 34.07843018 45.32566520 -41.54407462
v 33.68505096 45.17610631 -39.77869375
v 34.07843018 45.51801762 -39.82468376
v 33.68505096 45.44724749 -38.05440483
v 34.07843018 45.78675555 -38.11556208
v 33.68505096 45.79491913 -36.34389460
v 34.07843018 46.13137542 -36.42012372
v 33.68505096 46.21844602 -34.65056196
v 34.07843018 46.55117917 -34.74171418
v 33.68505096 46.71698893 -32.97779436
v 34.07843018 47.04532755 -33.08366368
v 33.68505096 47.28954842 -31.32888388
v 34.07843018 47.61284781 -31.44928338
v 33.68505096 47.93499913 -29.70712451
v 34.07843018 48.25260700 -29.84180433
v 33.68505096 48.65204790 -28.11572442
v 34.07843018 48.96334625 -28.26441372
v 33.68505096 49.43927946 -26.55784408
v 34.07843018 49.74364651 -26.72026438
v 33.68505096 50.29512979 -25.03658293
v 34.07843018 50.59195900 -25.21239472
v 33.68505096 51.21789754 -23.55495458
v 34.07843018 51.50659763 -23.74381454
v 33.68505096 52.20574784 -22.11590398
v 34.07843018 52.48574661 -22.31743446
v 33.68505096 53.25672756 -20.72228452
v 34.07843018 53.52746805 -20.93609451
v 33.68505096 54.36873862 -19.37687331
v 34.07843018 54.62968678 -19.60252411
v 33.68505096 55.53958756 -18.08232345
v 34.07843018 55.79022841 -18.31938402
v 33.68505096 56.76693980 -16.84122514
v 34.07843018 57.00676980 -17.08921481
v 33.68505096 58.04835774 -15.65603408
v 34.07843018 58.27690004 -15.91445409
v 34.07843018 59.59308894 -14.80150482
v 34.42340851 59.83952980 -15.10812448
v 34.42340851 61.20110978 -14.05710492
v 34.71409988 61.45917021 -14.40734469
v 34.42340851 62.60214898 -13.07219501
v 34.71409988 62.84434789 -13.43358514
v 34.42340851 64.04567627 -12.15068442
v 34.71409988 64.27153684 -12.52250489
v 34.42340851 65.52881537 -11.29439467
v 34.71409988 65.73789127 -11.67590542
v 34.42340851 67.04863660 -10.50502520
v 34.71409988 67.24050821 -10.89546521
v 34.42340851 68.60211108 -9.78413528
v 34.71409988 68.77638931 -10.18274540
v 34.42340851 70.18614891 -9.13316589
v 34.71409988 70.34250569 -9.53914220
v 34.42340851 71.79762203 -8.55340737
v 34.71409988 71.93572930 -8.96594686
v 34.42340851 73.43331085 -8.04601175
v 34.71409988 73.55290921 -8.46429140
v 34.42340851 75.08998050 -7.61198182
v 34.71409988 75.19084107 -8.03517623
v 34.42340851 76.76435034 -7.25218399
v 34.71409988 76.84625186 -7.67945059
v 34.42340851 78.45307107 -6.96733113
v 34.71409988 78.51586095 -7.39782211
v 34.42340851 80.15281626 -6.75798783
v 34.71409988 80.19637244 -7.19084916
v 34.42340851 81.86019847 -6.62457130
v 34.71409988 81.88442177 -7.05894230
v 34.42340851 83.57183025 -6.56734525
v 34.71409988 83.57668252 -7.00236427
v 34.42340851 85.28430889 -6.58642459
v 34.71409988 85.26976723 -7.02122760
v 34.42340851 86.99423167 -6.68176974
v 34.71409988 86.96034950 -7.11549271
v 34.42340851 88.69821878 -6.85319187
v 34.71409988 88.64504950 -7.28497555
v 34.42340851 90.39288276 -7.10035196
v 34.71409988 90.32051793 -7.52933660
v 34.42340851 92.07483617 -7.42275695
v 34.71409988 91.98345125 -7.84809378
v 34.42340851 93.74078310 -7.81976931
v 34.71409988 93.63052306 -8.24061338
v 34.42340851 95.38736662 -8.29060035
v 34.71409988 95.25846797 -8.70611338
v 34.42340851 97.01135950 -8.83431213
v 34.71409988 96.86408164 -9.24367110
v 34.42340851 98.60951162 -9.44982987
v 34.71409988 98.44413683 -9.85222034
v 34.42340851 100.17870254 -10.13592713
v 34.71409988 99.99552075 -10.53055755
v 34.42340851 101.71569742 -10.89124780
v 34.71409988 101.51509772 -11.27731804
v 34.42340851 103.21749789 -11.71427743
v 34.71409988 102.99999909 -12.09103790
v 34.42340851 104.68119717 -12.60340813
v 34.71409988 104.44709680 -12.97009780
v 34.42340851 106.10389607 -13.55684795
v 34.71409988 105.85369768 -13.91275824
v 34.42340851 107.48259625 -14.57271815
v 34.71409988 107.21679575 -14.91712807
v 34.42340851 108.81469608 -15.64899789
v 34.71409988 108.53389619 -15.98122844
v 34.42340851 110.09760158 -16.78355857
v 34.71409988 109.80219903 -17.10293836
v 34.42340851 111.32859667 -17.97413904
v 34.71409988 111.01930099 -18.28003768
v 34.42340851 112.50540016 -19.21836939
v 34.71409988 112.18279882 -19.51018799
v 34.42340851 113.62560117 -20.51378917
v 34.71409988 113.29029689 -20.79094788
v 34.42340851 114.68699481 -21.85782917
v 34.71409988 114.33969712 -22.11976915
v 34.42340851 115.68749824 -23.24780956
v 34.71409988 115.32879461 -23.49401963
v 34.42340851 116.62499814 -24.68097804
v 34.71409988 116.25569728 -24.91096802
v 34.42340851 117.49780076 -26.15448885
v 34.71409988 117.11859695 -26.36779906
v 34.42340851 118.30399877 -27.66541802
v 34.71409988 117.91570072 -27.86161931
v 34.42340851 119.04219598 -29.21075957
v 34.71409988 118.64549796 -29.38947810
v 34.42340851 119.71069866 -30.78744838
v 34.71409988 119.30650096 -30.94831986
v 34.42340851 120.30840057 -32.39235833
v 34.71409988 119.89739745 -32.53505849
v 34.42340851 120.83399707 -34.02229840
v 34.71409988 120.41709642 -34.14655069
v 34.42340851 121.28639715 -35.67403946
v 34.71409988 120.86440007 -35.77959973
v 34.42340851 121.66489891 -37.34428943
v 34.71409988 121.23859886 -37.43094024
v 34.42340851 121.96849528 -39.02974096
v 34.71409988 121.53880015 -39.09731066
v 34.42340851 122.19679716 -40.72704093
v 34.71409988 121.76439359 -40.77540745
v 34.42340851 122.34919418 -42.43282860
v 34.71409988 121.91509689 -42.46188893
v 34.42340851 122.42549563 -44.14372033
v 34.71409988 121.99059725 -44.15340963
v 34.42340851 122.42549550 -45.85629815
v 34.71409988 121.99059712 -45.84660879
v 34.42340851 122.34919380 -47.56718987
v 34.71409988 121.91509651 -47.53812947
v 34.42340851 122.19679651 -49.27296989
v 34.71409988 121.76439295 -49.22461094
v 34.42340851 121.96849438 -50.97027746
v 34.71409988 121.53879926 -50.90270006
v 34.42340851 121.66489776 -52.65572894
v 34.71409988 121.23859772 -52.56907043
v 34.42340851 121.28639574 -54.32597885
v 34.71409988 120.86439868 -54.22041852
v 34.42340851 120.83399541 -55.97771985
v 34.71409988 120.41709478 -55.85345987
v 34.42340851 120.30839867 -57.60765984
v 34.71409988 119.89739556 -57.46495961
v 34.42340851 119.71069652 -59.21256778
v 34.71409988 119.30649884 -59.05169816
v 34.42340851 119.04219359 -60.78925841
v 34.71409988 118.64549561 -60.61053981
v 34.42340851 118.30399615 -62.33459984
v 34.71409988 117.91569813 -62.13838705
v 34.42340851 117.49779791 -63.84552889
v 34.71409988 117.11859413 -63.63221862
v 34.42340851 116.62499507 -65.31903957
v 34.71409988 116.25569424 -65.08905907
v 34.42340851 115.68749496 -66.75222126
v 34.71409988 115.32879137 -66.50599778
v 34.42340851 114.68699132 -68.14219006
v 34.71409988 114.33969367 -67.88025003
v 34.42340851 113.62559748 -69.48622989
v 34.71409988 113.29029324 -69.20906922
v 34.42340851 112.50539627 -70.78164759
v 34.71409988 112.18279497 -70.48983849
v 34.42340851 111.32859258 -72.02588731
v 34.71409988 111.01929695 -71.71997908
v 34.42340851 110.09759732 -73.21646949
v 34.71409988 109.80219481 -72.89708013
v 34.42340851 108.81469165 -74.35102140
v 34.71409988 108.53389181 -74.01879939
v 34.42340851 107.48259166 -75.42729998
v 34.71409988 107.21679121 -75.08290147
v 34.42340851 106.10389132 -76.44316902
v 34.71409988 105.85369299 -76.08726538
v 34.42340851 104.68119228 -77.39661435
v 34.71409988 104.44709196 -77.02991511
v 34.42340851 103.21749287 -78.28573625
v 34.71409988 102.99999412 -77.90898147
v 34.42340851 101.71569227 -79.10877996
v 34.71409988 101.51509263 -78.72269443
v 34.42340851 100.17869728 -79.86408990
v 34.71409988 99.99551555 -79.46945945
v 34.42340851 98.60950625 -80.55018597
v 34.71409988 98.44413152 -80.14779643
v 34.42340851 97.01135404 -81.16571014
v 34.71409988 96.86407624 -80.75634734
v 34.42340851 95.38736108 -81.70941882
v 34.71409988 95.25846249 -81.29389910
v 34.42340851 93.74077749 -82.18024389
v 34.71409988 93.63051751 -81.75939885
v 34.42340851 92.07483050 -82.57725457
v 34.71409988 91.98344564 -82.15192345
v 34.42340851 90.39287704 -82.89966503
v 34.71409988 90.32051227 -82.47068706
v 34.42340851 88.69821302 -83.14682676
v 34.71409988 88.64504380 -82.71504881
v 34.42340851 86.99422589 -83.31824387
v 34.71409988 86.96034378 -82.88452805
v 34.42340851 85.28430309 -83.41358829
v 34.71409988 85.26976150 -82.97879672
v 34.42340851 83.57182445 -83.43267690
v 34.71409988 83.57667678 -82.99765646
v 34.42340851 81.86019268 -83.37544869
v 34.71409988 81.88441604 -82.94107674
v 34.42340851 80.15281049 -83.24202570
v 34.71409988 80.19636673 -82.80916438
v 34.42340851 78.45306533 -83.03268262
v 34.71409988 78.51585527 -82.60218641
v 34.42340851 76.76434464 -82.74783905
v 34.71409988 76.84624623 -82.32056244
v 34.42340851 75.08997486 -82.38803667
v 34.71409988 75.19083549 -81.96483417
v 34.42340851 73.43330528 -81.95400792
v 34.71409988 73.55290370 -81.53572638
v 34.42340851 71.79761653 -81.44660729
v 34.71409988 71.93572386 -81.03406305
v 34.42340851 70.18614349 -80.86684185
v 34.71409988 70.34250033 -80.46086652
v 34.42340851 68.60210576 -80.21588653
v 34.71409988 68.77638405 -79.81726593
v 34.42340851 67.04863139 -79.49499255
v 34.71409988 67.24050306 -79.10454304
v 34.42340851 65.52881028 -78.70561713
v 34.71409988 65.73788624 -78.32410164
v 34.42340851 64.04567131 -77.84932429
v 34.71409988 64.27153193 -77.47750577
v 34.42340851 62.60214416 -76.92781540
v 34.71409988 62.84434313 -76.56642625
v 34.42340851 61.20110511 -75.94290623
v 34.71409988 61.45916559 -75.59266364
v 34.42340851 59.83952529 -74.89189600
v 34.71409988 60.11218462 -74.55287624
v 34.42340851 58.53750435 -73.79088272
v 34.71409988 58.82571619 -73.46499315
v 34.42340851 57.28024507 -72.62802556
v 34.71409988 57.58268573 -72.31530434
v 34.42340851 56.07602534 -71.41032070
v 34.71409988 56.39209592 -71.11138579
v 34.42340851 54.92724461 -70.14017138
v 34.71409988 55.25632331 -69.85562551
v 34.42340851 53.83619552 -68.82012583
v 34.71409988 54.17761476 -68.55050305
v 34.42340851 52.80502573 -67.45277041
v 34.71409988 53.15812557 -67.19863530
v 34.42340851 51.83579518 -66.04084406
v 34.71409988 52.19986610 -65.80268491
v 34.42340851 50.93042649 -64.58714679
v 34.71409988 51.30473605 -64.36544424
v 34.42340851 50.09070492 -63.09455487
v 34.71409988 50.47452452 -62.88973236
v 34.42340851 49.31831658 -61.56604376
v 34.71409988 49.71087565 -61.37852472
v 34.42340851 48.61477590 -60.00463471
v 34.71409988 49.01529623 -59.83479298
v 34.42340851 47.98149431 -58.41343288
v 34.71409988 48.38918628 -58.26161178
v 34.42340851 47.41972685 -56.79561210
v 34.71409988 47.83377410 -56.66209391
v 34.42340851 46.93057598 -55.15436527
v 34.71409988 47.35016598 -55.03942466
v 34.42340851 46.51503731 -53.49295395
v 34.71409988 46.93932702 -53.39682361
v 34.42340851 46.17390432 -51.81469312
v 34.71409988 46.60205450 -51.73755235
v 34.42340851 45.90788654 -50.12289394
v 34.71409988 46.33904651 -50.06490294
v 34.42340851 45.71749512 -48.42092478
v 34.71409988 46.15081803 -48.38220182
v 34.71409988 46.03753691 -46.68881192
v 34.94551849 46.50638609 -46.66893356
v 34.94551849 46.46925777 -45.00000351
v 35.11370087 46.96471828 -45.00000355
v 34.94551849 46.46925777 -45.00000351
v 35.11370087 46.96471828 -45.00000355
v 34.94551849 46.50638635 -43.33106201
v 35.11370087 47.00139672 -43.35213444
v 34.94551849 46.61821814 -41.65957231
v 35.11370087 47.11170645 -41.70367406
v 34.94551849 46.80412753 -39.99764224
v 35.11370087 47.29516681 -40.06368231
v 34.94551849 47.06388565 -38.34565327
v 35.11370087 47.55149551 -38.43350197
v 34.94551849 47.39698896 -36.70687461
v 35.11370087 47.88020810 -36.81635264
v 34.94551849 47.80275843 -35.08455256
v 35.11370087 48.28061792 -35.21545393
v 34.94551849 48.28039679 -33.48192198
v 35.11370087 48.75193914 -33.63397203
v 34.94551849 48.82894657 -31.90216433
v 35.11370087 49.29325625 -32.07507315
v 34.94551849 49.44732818 -30.34840385
v 35.11370087 49.90347822 -30.54183383
v 34.94551849 50.13430950 -28.82374379
v 35.11370087 50.58138819 -29.03729439
v 34.94551849 50.88853630 -27.33119395
v 35.11370087 51.32565862 -27.56444365
v 34.94551849 51.70848651 -25.87371454
v 35.11370087 52.13478654 -26.12621320
v 34.94551849 52.59256941 -24.45421425
v 35.11370087 53.00718884 -24.72545452
v 34.94551849 53.53899972 -23.07551407
v 35.11370087 53.94111838 -23.36494472
v 34.94551849 54.54589680 -21.74033386
v 35.11370087 54.93473649 -22.04739413
v 34.94551849 55.61127699 -20.45134392
v 35.11370087 55.98605953 -20.77541393
v 34.94551849 56.73302696 -19.21108483
v 35.11370087 57.09298940 -19.55153515
v 34.94551849 57.90891893 -18.02202471
v 35.11370087 58.25335936 -18.37817441
v 34.94551849 59.13659922 -16.88652485
v 35.11370087 59.46482719 -17.25766440
v 34.94551849 112.92859490 -21.08990759
v 34.94551849 120.77869782 -52.47561031
v 32.28527069 44.13628811 -45.00000333
v 34.42340851 122.19679716 -40.72704093
v 34.42340851 122.19679651 -49.27296989
v 9.25000000 44.03914671 -46.76933240
v 31.25000000 43.99999660 -45.00000332
v 9.25000000 43.99999660 -45.00000332
v 31.25000000 44.03914697 -43.23067425
v 9.25000000 44.03914697 -43.23067425
v 31.25000000 44.15652534 -41.46479368
v 9.25000000 44.15652534 -41.46479368
v 31.25000000 44.35189520 -39.70584441
v 9.25000000 44.35189520 -39.70584441
v 31.25000000 44.62487888 -37.95726350
v 9.25000000 44.62487888 -37.95726350
v 31.25000000 44.97494615 -36.22246510
v 9.25000000 44.97494615 -36.22246510
v 31.25000000 45.40139891 -34.50484428
v 9.25000000 45.40139891 -34.50484428
v 31.25000000 45.90341702 -32.80777324
v 9.25000000 45.90341702 -32.80777324
v 31.25000000 46.48000864 -31.13456314
v 9.25000000 46.48000864 -31.13456314
v 31.25000000 47.13004843 -29.48850415
v 9.25000000 47.13004843 -29.48850415
v 31.25000000 47.85225849 -27.87280444
v 9.25000000 47.85225849 -27.87280444
v 31.25000000 48.64522735 -26.29063401
v 9.25000000 48.64522735 -26.29063401
v 31.25000000 49.50740627 -24.74508469
v 9.25000000 49.50740627 -24.74508469
v 31.25000000 50.43711678 -23.23918342
v 9.25000000 50.43711678 -23.23918342
v 31.25000000 51.43252018 -21.77589423
v 9.25000000 51.43252018 -21.77589423
v 31.25000000 52.49167861 -20.35805336
v 9.25000000 52.49167861 -20.35805336
v 31.25000000 53.61251688 -18.98845314
v 9.25000000 53.61251688 -18.98845314
v 31.25000000 54.79283009 -17.66977342
v 9.25000000 54.79283009 -17.66977342
v 31.25000000 56.03032942 -16.40459484
v 9.25000000 56.03032942 -16.40459484
v 31.25000000 57.32257728 -15.19538454
v 9.25000000 57.32257728 -15.19538454
v 31.25000000 58.66704835 -14.04452481
v 9.25000000 58.66704835 -14.04452481
v 31.25000000 60.06111047 -12.95426441
v 9.25000000 60.06111047 -12.95426441
v 31.25000000 61.50202852 -11.92673480
v 9.25000000 61.50202852 -11.92673480
v 31.25000000 62.98699105 -10.96394442
v 9.25000000 62.98699105 -10.96394442
v 31.25000000 64.51309128 -10.06778441
v 9.25000000 64.51309128 -10.06778441
v 31.25000000 66.07733085 -9.24000095
v 9.25000000 66.07733085 -9.24000095
v 31.25000000 67.67665799 -8.48222290
v 9.25000000 67.67665799 -8.48222290
v 31.25000000 69.30793703 -7.79592942
v 9.25000000 69.30793703 -7.79592942
v 31.25000000 70.96797889 -7.18246424
v 9.25000000 70.96797889 -7.18246424
v 31.25000000 72.65352580 -6.64302945
v 9.25000000 72.65352580 -6.64302945
v 31.25000000 74.36128951 -6.17868079
v 9.25000000 74.36128951 -6.17868079
v 31.25000000 76.08792071 -5.79032566
v 9.25000000 76.08792071 -5.79032566
v 31.25000000 77.83003956 -5.47872511
v 9.25000000 77.83003956 -5.47872511
v 31.25000000 79.58425101 -5.24448996
v 9.25000000 79.58425101 -5.24448996
v 31.25000000 81.34709129 -5.08807796
v 9.25000000 81.34709129 -5.08807796
v 31.25000000 83.11511956 -5.00979527
v 9.25000000 83.11511956 -5.00979527
v 31.25000000 84.88487969 -5.00979540
v 9.25000000 84.88487969 -5.00979540
v 31.25000000 86.65292320 -5.08807837
v 9.25000000 86.65292320 -5.08807837
v 31.25000000 88.41575583 -5.24449062
v 9.25000000 88.41575583 -5.24449062
v 31.25000000 90.16995961 -5.47872604
v 9.25000000 90.16995961 -5.47872604
v 31.25000000 91.91207842 -5.79032686
v 9.25000000 91.91207842 -5.79032686
v 31.25000000 93.63870956 -6.17868224
v 9.25000000 93.63870956 -6.17868224
v 31.25000000 95.34648082 -6.64303117
v 9.25000000 95.34648082 -6.64303117
v 31.25000000 97.03202003 -7.18246620
v 9.25000000 97.03202003 -7.18246620
v 31.25000000 98.69206942 -7.79593164
v 9.25000000 98.69206942 -7.79593164
v 31.25000000 100.32330258 -8.48222536
v 9.25000000 100.32330258 -8.48222536
v 31.25000000 101.92269828 -9.24000365
v 9.25000000 101.92269828 -9.24000365
v 31.25000000 103.48689957 -10.06778735
v 9.25000000 103.48689957 -10.06778735
v 31.25000000 105.01299966 -10.96394760
v 9.25000000 105.01299966 -10.96394760
v 31.25000000 106.49800020 -11.92673820
v 9.25000000 106.49800020 -11.92673820
v 31.25000000 107.93890283 -12.95426802
v 9.25000000 107.93890283 -12.95426802
v 31.25000000 109.33299912 -14.04452863
v 9.25000000 109.33299912 -14.04452863
v 31.25000000 110.67739753 -15.19538857
v 9.25000000 110.67739753 -15.19538857
v 31.25000000 111.96970244 -16.40459906
v 9.25000000 111.96970244 -16.40459906
v 31.25000000 113.20719776 -17.66977783
v 9.25000000 113.20719776 -17.66977783
v 31.25000000 114.38749551 -18.98845773
v 9.25000000 114.38749551 -18.98845773
v 31.25000000 115.50829924 -20.35805811
v 9.25000000 115.50829924 -20.35805811
v 31.25000000 116.56749561 -21.77589915
v 9.25000000 116.56749561 -21.77589915
v 31.25000000 117.56289497 -23.23918849
v 9.25000000 117.56289497 -23.23918849
v 31.25000000 118.49259762 -24.74508989
v 9.25000000 118.49259762 -24.74508989
v 31.25000000 119.35479538 -26.29063935
v 9.25000000 119.35479538 -26.29063935
v 31.25000000 120.14769534 -27.87280990
v 9.25000000 120.14769534 -27.87280990
v 31.25000000 120.87000052 -29.48850972
v 9.25000000 120.87000052 -29.48850972
v 31.25000000 121.51999429 -31.13456881
v 9.25000000 121.51999429 -31.13456881
v 31.25000000 122.09660092 -32.80777899
v 9.25000000 122.09660092 -32.80777899
v 31.25000000 122.59859969 -34.50485011
v 9.25000000 122.59859969 -34.50485011
v 31.25000000 123.02509797 -36.22247099
v 9.25000000 123.02509797 -36.22247099
v 31.25000000 123.37509632 -37.95726945
v 9.25000000 123.37509632 -37.95726945
v 31.25000000 123.64809881 -39.70585040
v 9.25000000 123.64809881 -39.70585040
v 31.25000000 123.84349510 -41.46479969
v 9.25000000 123.84349510 -41.46479969
v 9.25000000 123.96079691 -43.23068029
v 31.25000000 123.96079691 -43.23068029
v 9.25000000 123.99999660 -45.00000936
v 31.25000000 123.99999660 -45.00000936
v 9.25000000 123.99999660 -45.00000936
v 31.25000000 123.99999660 -45.00000936
v 9.25000000 123.96079664 -46.76933843
v 31.25000000 123.96079664 -46.76933843
v 9.25000000 123.84349457 -48.53520756
v 31.25000000 123.84349457 -48.53520756
v 31.25000000 123.64809801 -50.29416064
v 31.25000000 44.03914671 -46.76933240
v 9.25000000 44.15652481 -48.53520155
v 31.25000000 44.15652481 -48.53520155
v 9.25000000 44.35189440 -50.29415465
v 31.25000000 44.35189440 -50.29415465
v 9.25000000 44.62487782 -52.04274324
v 31.25000000 44.62487782 -52.04274324
v 9.25000000 44.97494482 -53.77754170
v 31.25000000 44.97494482 -53.77754170
v 9.25000000 45.40139733 -55.49516258
v 31.25000000 45.40139733 -55.49516258
v 9.25000000 45.90341518 -57.19223369
v 31.25000000 45.90341518 -57.19223369
v 9.25000000 46.48000654 -58.86544388
v 31.25000000 46.48000654 -58.86544388
v 9.25000000 47.13004609 -60.51150487
v 31.25000000 47.13004609 -60.51150487
v 9.25000000 47.85225590 -62.12720469
v 31.25000000 47.85225590 -62.12720469
v 9.25000000 48.64522453 -63.70937333
v 31.25000000 48.64522453 -63.70937333
v 9.25000000 49.50740322 -65.25492470
v 31.25000000 49.50740322 -65.25492470
v 9.25000000 50.43711349 -66.76082229
v 31.25000000 50.43711349 -66.76082229
v 9.25000000 51.43251667 -68.22412498
v 31.25000000 51.43251667 -68.22412498
v 9.25000000 52.49167489 -69.64196411
v 31.25000000 52.49167489 -69.64196411
v 9.25000000 53.61251295 -71.01155495
v 31.25000000 53.61251295 -71.01155495
v 9.25000000 54.79282596 -72.33023485
v 31.25000000 54.79282596 -72.33023485
v 9.25000000 56.03032510 -73.59542507
v 31.25000000 56.03032510 -73.59542507
v 9.25000000 57.32257278 -74.80462316
v 31.25000000 57.32257278 -74.80462316
v 9.25000000 58.66704367 -75.95548691
v 31.25000000 58.66704367 -75.95548691
v 9.25000000 60.06110563 -77.04574275
v 31.25000000 60.06110563 -77.04574275
v 9.25000000 61.50202352 -78.07328498
v 31.25000000 61.50202352 -78.07328498
v 9.25000000 62.98698592 -79.03607653
v 31.25000000 62.98698592 -79.03607653
v 9.25000000 64.51308601 -79.93222533
v 31.25000000 64.51308601 -79.93222533
v 9.25000000 66.07732545 -80.76000712
v 31.25000000 66.07732545 -80.76000712
v 9.25000000 67.67665248 -81.51779686
v 31.25000000 67.67665248 -81.51779686
v 9.25000000 69.30793142 -82.20408391
v 31.25000000 69.30793142 -82.20408391
v 9.25000000 70.96797318 -82.81755602
v 31.25000000 70.96797318 -82.81755602
v 9.25000000 72.65352001 -83.35698486
v 31.25000000 72.65352001 -83.35698486
v 9.25000000 74.36128365 -83.82133282
v 31.25000000 74.36128365 -83.82133282
v 9.25000000 76.08791478 -84.20968439
v 31.25000000 76.08791478 -84.20968439
v 9.25000000 77.83003360 -84.52128426
v 31.25000000 77.83003360 -84.52128426
v 9.25000000 79.58424500 -84.75552969
v 31.25000000 79.58424500 -84.75552969
v 9.25000000 81.34708526 -84.91193241
v 31.25000000 81.34708526 -84.91193241
v 9.25000000 83.11511352 -84.99021776
v 31.25000000 83.11511352 -84.99021776
v 9.25000000 84.88487365 -84.99021790
v 31.25000000 84.88487365 -84.99021790
v 9.25000000 86.65291717 -84.91193281
v 31.25000000 86.65291717 -84.91193281
v 9.25000000 88.41574983 -84.75553036
v 31.25000000 88.41574983 -84.75553036
v 9.25000000 90.16995364 -84.52128519
v 31.25000000 90.16995364 -84.52128519
v 9.25000000 91.91207250 -84.20968559
v 31.25000000 91.91207250 -84.20968559
v 9.25000000 93.63870369 -83.82133428
v 31.25000000 93.63870369 -83.82133428
v 9.25000000 95.34647503 -83.35698657
v 31.25000000 95.34647503 -83.35698657
v 9.25000000 97.03201432 -82.81755798
v 31.25000000 97.03201432 -82.81755798
v 9.25000000 98.69206380 -82.20408613
v 31.25000000 98.69206380 -82.20408613
v 9.25000000 100.32329707 -81.51779932
v 31.25000000 100.32329707 -81.51779932
v 9.25000000 101.92269288 -80.76000983
v 31.25000000 101.92269288 -80.76000983
v 9.25000000 103.48689429 -79.93222827
v 31.25000000 103.48689429 -79.93222827
v 9.25000000 105.01299452 -79.03607971
v 31.25000000 105.01299452 -79.03607971
v 9.25000000 106.49799520 -78.07328837
v 31.25000000 106.49799520 -78.07328837
v 9.25000000 107.93889799 -77.04574637
v 31.25000000 107.93889799 -77.04574637
v 9.25000000 109.33299445 -75.95549074
v 31.25000000 109.33299445 -75.95549074
v 9.25000000 110.67739303 -74.80462719
v 31.25000000 110.67739303 -74.80462719
v 9.25000000 111.96969812 -73.59542929
v 31.25000000 111.96969812 -73.59542929
v 9.25000000 113.20719364 -72.33023926
v 31.25000000 113.20719364 -72.33023926
v 9.25000000 114.38749159 -71.01155954
v 31.25000000 114.38749159 -71.01155954
v 9.25000000 115.50829552 -69.64196886
v 31.25000000 115.50829552 -69.64196886
v 9.25000000 116.56749210 -68.22412989
v 31.25000000 116.56749210 -68.22412989
v 9.25000000 117.56289169 -66.76082736
v 31.25000000 117.56289169 -66.76082736
v 9.25000000 118.49259456 -65.25492991
v 31.25000000 118.49259456 -65.25492991
v 9.25000000 119.35479255 -63.70937867
v 31.25000000 119.35479255 -63.70937867
v 9.25000000 120.14769276 -62.12721015
v 31.25000000 120.14769276 -62.12721015
v 9.25000000 120.86999818 -60.51151044
v 31.25000000 120.86999818 -60.51151044
v 9.25000000 121.51999220 -58.86544954
v 31.25000000 121.51999220 -58.86544954
v 9.25000000 122.09659908 -57.19223944
v 31.25000000 122.09659908 -57.19223944
v 9.25000000 122.59859811 -55.49516841
v 31.25000000 122.59859811 -55.49516841
v 9.25000000 123.02509665 -53.77754759
v 31.25000000 123.02509665 -53.77754759
v 9.25000000 123.37509525 -52.04274918
v 31.25000000 123.37509525 -52.04274918
v 9.25000000 123.64809801 -50.29416064
v 5.25000000 48.03956633 -46.68740444
v 5.28422117 47.51410705 -46.62599541
v 5.25000000 47.99999660 -45.00000362
v 5.28422117 47.47788662 -45.00000358
v 5.25000000 47.99999660 -45.00000362
v 5.28422117 47.47788662 -45.00000358
v 5.28422117 47.51410729 -43.37401177
v 5.38629723 47.00139672 -43.35213444
v 5.38629723 47.11170645 -41.70367406
v 5.55448198 46.61821814 -41.65957231
v 5.38629723 47.29516681 -40.06368231
v 5.55448198 46.80412753 -39.99764224
v 5.38629723 47.55149551 -38.43350197
v 5.55448198 47.06388565 -38.34565327
v 5.38629723 47.88020810 -36.81635264
v 5.55448198 47.39698896 -36.70687461
v 5.38629723 48.28061792 -35.21545393
v 5.55448198 47.80275843 -35.08455256
v 5.38629723 48.75193914 -33.63397203
v 5.55448198 48.28039679 -33.48192198
v 5.38629723 49.29325625 -32.07507315
v 5.55448198 48.82894657 -31.90216433
v 5.38629723 49.90347822 -30.54183383
v 5.55448198 49.44732818 -30.34840385
v 5.38629723 50.58138819 -29.03729439
v 5.55448198 50.13430950 -28.82374379
v 5.38629723 51.32565862 -27.56444365
v 5.55448198 50.88853630 -27.33119395
v 5.38629723 52.13478654 -26.12621320
v 5.55448198 51.70848651 -25.87371454
v 5.38629723 53.00718884 -24.72545452
v 5.55448198 52.59256941 -24.45421425
v 5.38629723 53.94111838 -23.36494472
v 5.55448198 53.53899972 -23.07551407
v 5.38629723 54.93473649 -22.04739413
v 5.55448198 54.54589680 -21.74033386
v 5.38629723 55.98605953 -20.77541393
v 5.55448198 55.61127699 -20.45134392
v 5.38629723 57.09298940 -19.55153515
v 5.55448198 56.73302696 -19.21108483
v 5.38629723 58.25335936 -18.37817441
v 5.55448198 57.90891893 -18.02202471
v 5.38629723 59.46482719 -17.25766440
v 5.55448198 59.13659922 -16.88652485
v 5.38629723 60.71703979 -16.19869500
v 5.55448198 60.40636706 -15.81273440
v 5.38629723 62.03142052 -15.18401424
v 5.55448198 61.73752864 -14.78513421
v 5.38629723 63.38143813 -14.23498441
v 5.55448198 63.10559741 -13.82340431
v 5.38629723 64.77239127 -13.34702504
v 5.55448198 64.51516626 -12.92357455
v 5.38629723 66.20152951 -12.52192520
v 5.55448198 65.96341614 -12.08743498
v 5.38629723 67.66599185 -11.76129471
v 5.55448198 67.44747076 -11.31662497
v 5.38629723 69.16287911 -11.06666515
v 5.55448198 68.96440044 -10.61270567
v 5.38629723 70.68923108 -10.43940506
v 5.55448198 70.51116105 -9.97705229
v 5.38629723 72.24201128 -9.88076088
v 5.55448198 72.08471609 -9.41093417
v 5.38629723 73.81813741 -9.39184269
v 5.55448198 73.68192987 -8.91547664
v 5.38629723 75.41448144 -8.97361943
v 5.55448198 75.29962094 -8.49166103
v 5.38629723 77.02786953 -8.62692556
v 5.55448198 76.93459259 -8.14032659
v 5.38629723 78.65508970 -8.35244677
v 5.55448198 78.58358705 -7.86217615
v 5.38629723 80.29292999 -8.15072761
v 5.55448198 80.24333133 -7.65775905
v 5.38629723 81.93813263 -8.02217148
v 5.55448198 81.91055241 -7.52748106
v 5.38629723 83.58741700 -7.96702825
v 5.55448198 83.58190099 -7.47160112
v 5.38629723 85.23754060 -7.98541236
v 5.55448198 85.25408879 -7.49023127
v 5.38629723 86.88519226 -8.07728565
v 5.55448198 86.92378178 -7.58333338
v 5.38629723 88.52712188 -8.24246598
v 5.55448198 88.58767642 -7.75072290
v 5.38629723 90.16005643 -8.48062242
v 5.55448198 90.24246155 -7.99206700
v 5.38629723 91.78076106 -8.79128672
v 5.55448198 91.88484892 -8.30688693
v 5.38629723 93.38603141 -9.17383994
v 5.55448198 93.51158839 -8.69455948
v 5.38629723 94.97264789 -9.62752201
v 5.55448198 95.11943748 -9.15430882
v 5.38629723 96.53749008 -10.15143742
v 5.55448198 96.70522235 -9.68522993
v 5.38629723 98.07743754 -10.74453713
v 5.55448198 98.26576155 -10.28626707
v 5.38629723 99.58943090 -11.40564717
v 5.55448198 99.79798806 -10.95621767
v 5.38629723 101.07050232 -12.13345719
v 5.55448198 101.29889591 -11.69376757
v 5.38629723 102.51760004 -12.92651760
v 5.55448198 102.76540280 -12.49743761
v 5.38629723 103.92800036 -13.78325770
v 5.55448198 104.19460196 -13.36563802
v 5.38629723 105.29889568 -14.70197805
v 5.55448198 105.58380019 -14.29664837
v 5.38629723 106.62740208 -15.68085808
v 5.55448198 106.93009833 -15.28861853
v 5.38629723 107.91100185 -16.71793799
v 5.55448198 108.23090239 -16.33957726
v 5.38629723 109.14720019 -17.81117882
v 5.55448198 109.48359548 -17.44743792
v 5.38629723 110.33339548 -18.95838808
v 5.55448198 110.68559888 -18.61000897
v 5.38629723 111.46729889 -20.15730936
v 5.55448198 111.83479922 -19.82496915
v 5.38629723 112.54669791 -21.40555850
v 5.55448198 112.92859490 -21.08990759
v 5.38629723 113.56939526 -22.70063876
v 5.55448198 113.96499465 -22.40231802
v 5.38629723 114.53339967 -24.03999812
v 5.55448198 114.94190037 -23.75959883
v 5.38629723 115.43679618 -25.42097963
v 5.55448198 115.85739709 -25.15904920
v 5.38629723 116.27779949 -26.84082909
v 5.55448198 116.70960035 -26.59788822
v 5.38629723 117.05470062 -28.29672934
v 5.55448198 117.49690035 -28.07326822
v 5.38629723 117.76589741 -29.78578884
v 5.55448198 118.21769491 -29.58224808
v 5.38629723 118.41019966 -31.30505884
v 5.55448198 118.87049631 -31.12184850
v 5.38629723 118.98609676 -32.85151808
v 5.55448198 119.45409909 -32.68900057
v 5.38629723 119.49249771 -34.42209764
v 5.55448198 119.96729783 -34.28058767
v 5.38629723 119.92849460 -36.01368093
v 5.55448198 120.40919987 -35.89346078
v 5.38629723 120.29319479 -37.62309792
v 5.55448198 120.77869895 -37.52440792
v 5.38629723 120.58569803 -39.24717097
v 5.55448198 121.07519998 -39.17020949
v 5.38629723 120.80569912 -40.88265759
v 5.55448198 121.29810025 -40.82758103
v 5.38629723 120.95259536 -42.52633054
v 5.55448198 121.44689621 -42.49323045
v 5.38629723 121.02609682 -44.17489775
v 5.55448198 121.52139712 -44.16385805
v 5.38629723 121.02609670 -45.82512053
v 5.55448198 121.52139699 -45.83616030
v 5.38629723 120.95259499 -47.47368772
v 5.55448198 121.44689583 -47.50678789
v 5.38629723 120.80569850 -49.11736065
v 5.55448198 121.29809962 -49.17243729
v 5.38629723 120.58569716 -50.75284724
v 5.55448198 121.07519910 -50.82980879
v 5.38629723 120.29319368 -52.37692025
v 5.55448198 120.77869782 -52.47561031
v 5.38629723 119.92849324 -53.98633718
v 5.55448198 120.40919849 -54.10655740
v 5.38629723 119.49249611 -55.57792040
v 5.55448198 119.96729621 -55.71943044
v 5.38629723 118.98609493 -57.14849989
v 5.55448198 119.45409724 -57.31101747
v 5.38629723 118.41019760 -58.69495904
v 5.55448198 118.87049421 -58.87816754
v 5.38629723 117.76589511 -60.21422703
v 5.55448198 118.21769258 -60.41776024
v 5.38629723 117.05469810 -61.70329024
v 5.55448198 117.49689779 -61.92674761
v 5.38629723 116.27779675 -63.15918847
v 5.55448198 116.70959757 -63.40212749
v 5.38629723 115.43679322 -64.57904924
v 5.55448198 115.85739409 -64.84096639
v 5.38629723 114.53339651 -65.96001536
v 5.55448198 114.94189716 -66.24041853
v 5.38629723 113.56939189 -67.29937839
v 5.55448198 113.96499123 -67.59769537
v 5.38629723 112.54669435 -68.59446040
v 5.55448198 112.92859129 -68.91011900
v 5.38629723 111.46729514 -69.84270556
v 5.55448198 111.83479542 -70.17504964
v 5.38629723 110.33339155 -71.04162668
v 5.55448198 110.68559489 -71.39000775
v 5.38629723 109.14719609 -72.18885101
v 5.55448198 109.48359132 -72.55257479
v 5.38629723 107.91099758 -73.28207449
v 5.55448198 108.23089806 -73.66043908
v 5.38629723 106.62739765 -74.31916851
v 5.55448198 106.93009385 -74.71139571
v 5.38629723 105.29889110 -75.29803499
v 5.55448198 105.58379555 -75.70336948
v 5.38629723 103.92799565 -76.21675894
v 5.55448198 104.19459718 -76.63436913
v 5.38629723 102.51759519 -77.07349407
v 5.55448198 102.76539790 -77.50257886
v 5.38629723 101.07049736 -77.86656952
v 5.55448198 101.29889088 -78.30625917
v 5.38629723 99.58942583 -78.59436787
v 5.55448198 99.79798292 -79.04380026
v 5.38629723 98.07743237 -79.25547768
v 5.55448198 98.26575631 -79.71376017
v 5.38629723 96.53748482 -79.84857907
v 5.55448198 96.70521702 -80.31478849
v 5.38629723 94.97264255 -80.37248947
v 5.55448198 95.11943207 -80.84571031
v 5.38629723 93.38602600 -80.82617893
v 5.55448198 93.51158291 -81.30545750
v 5.38629723 91.78075559 -81.20872428
v 5.55448198 91.88484338 -81.69313743
v 5.38629723 90.16005091 -81.51939310
v 5.55448198 90.24245597 -82.00794901
v 5.38629723 88.52711633 -81.75755978
v 5.55448198 88.58767079 -82.24929715
v 5.38629723 86.88518669 -81.92272842
v 5.55448198 86.92377613 -82.41667832
v 5.38629723 85.23753501 -82.01460910
v 5.55448198 85.25408313 -82.50978732
v 5.38629723 83.58741141 -82.03298818
v 5.55448198 83.58189532 -82.52841818
v 5.38629723 81.93812705 -81.97784280
v 5.55448198 81.91054675 -82.47253273
v 5.38629723 80.29292442 -81.84928737
v 5.55448198 80.24332569 -82.34225307
v 5.38629723 78.65508417 -81.64756606
v 5.55448198 78.58358145 -82.13784620
v 5.38629723 77.02786403 -81.37308321
v 5.55448198 76.93458702 -81.85968598
v 5.38629723 75.41447600 -81.02639577
v 5.55448198 75.29961543 -81.50835224
v 5.38629723 73.81813204 -80.60816750
v 5.55448198 73.68192442 -81.08454688
v 5.38629723 72.24200598 -80.11925289
v 5.55448198 72.08471071 -80.58908625
v 5.38629723 70.68922587 -79.56060562
v 5.55448198 70.51115576 -80.02295454
v 5.38629723 69.16287398 -78.93334720
v 5.55448198 68.96439525 -79.38730379
v 5.38629723 67.66598683 -78.23871360
v 5.55448198 67.44746568 -78.68338522
v 5.38629723 66.20152461 -77.47808575
v 5.55448198 65.96341117 -77.91258738
v 5.38629723 64.77238649 -76.65298188
v 5.55448198 64.51516142 -77.07643615
v 5.38629723 63.38143349 -75.76502706
v 5.55448198 63.10559270 -76.17660236
v 5.38629723 62.03141601 -74.81600658
v 5.55448198 61.73752408 -75.21487130
v 5.55448198 60.40636265 -74.18727568
v 5.78589821 60.11218462 -74.55287624
v 5.78589821 58.82571619 -73.46499315
v 6.07658720 58.53750435 -73.79088272
v 5.78589821 57.58268573 -72.31530434
v 6.07658720 57.28024507 -72.62802556
v 5.78589821 56.39209592 -71.11138579
v 6.07658720 56.07602534 -71.41032070
v 5.78589821 55.25632331 -69.85562551
v 6.07658720 54.92724461 -70.14017138
v 5.78589821 54.17761476 -68.55050305
v 6.07658720 53.83619552 -68.82012583
v 5.78589821 53.15812557 -67.19863530
v 6.07658720 52.80502573 -67.45277041
v 5.78589821 52.19986610 -65.80268491
v 6.07658720 51.83579518 -66.04084406
v 5.78589821 51.30473605 -64.36544424
v 6.07658720 50.93042649 -64.58714679
v 5.78589821 50.47452452 -62.88973236
v 6.07658720 50.09070492 -63.09455487
v 5.78589821 49.71087565 -61.37852472
v 6.07658720 49.31831658 -61.56604376
v 5.78589821 49.01529623 -59.83479298
v 6.07658720 48.61477590 -60.00463471
v 5.78589821 48.38918628 -58.26161178
v 6.07658720 47.98149431 -58.41343288
v 5.78589821 47.83377410 -56.66209391
v 6.07658720 47.41972685 -56.79561210
v 5.78589821 47.35016598 -55.03942466
v 6.07658720 46.93057598 -55.15436527
v 5.78589821 46.93932702 -53.39682361
v 6.07658720 46.51503731 -53.49295395
v 5.78589821 46.60205450 -51.73755235
v 6.07658720 46.17390432 -51.81469312
v 5.78589821 46.33904651 -50.06490294
v 6.07658720 45.90788654 -50.12289394
v 5.78589821 46.15081803 -48.38220182
v 6.07658720 45.71749512 -48.42092478
v 5.78589821 46.03753691 -46.68881192
v 6.07658720 45.60288649 -46.70714532
v 5.78589821 45.99999660 -45.00000347
v 6.07658720 45.56494564 -45.00000344
v 5.78589821 45.99999660 -45.00000347
v 6.07658720 45.56494564 -45.00000344
v 6.07658720 45.60288675 -43.29286157
v 6.42157316 45.20984704 -43.27640493
v 6.42157316 45.32566520 -41.54407462
v 6.81495380 44.98205634 -41.51336247
v 6.42157316 45.51801762 -39.82468376
v 6.81495380 45.17610631 -39.77869375
v 6.42157316 45.78675555 -38.11556208
v 6.81495380 45.44724749 -38.05440483
v 6.42157316 46.13137542 -36.42012372
v 6.81495380 45.79491913 -36.34389460
v 6.42157316 46.55117917 -34.74171418
v 6.81495380 46.21844602 -34.65056196
v 6.42157316 47.04532755 -33.08366368
v 6.81495380 46.71698893 -32.97779436
v 6.42157316 47.61284781 -31.44928338
v 6.81495380 47.28954842 -31.32888388
v 6.42157316 48.25260700 -29.84180433
v 6.81495380 47.93499913 -29.70712451
v 6.42157316 48.96334625 -28.26441372
v 6.81495380 48.65204790 -28.11572442
v 6.42157316 49.74364651 -26.72026438
v 6.81495380 49.43927946 -26.55784408
v 6.42157316 50.59195900 -25.21239472
v 6.81495380 50.29512979 -25.03658293
v 6.42157316 51.50659763 -23.74381454
v 6.81495380 51.21789754 -23.55495458
v 6.42157316 52.48574661 -22.31743446
v 6.81495380 52.20574784 -22.11590398
v 6.42157316 53.52746805 -20.93609451
v 6.81495380 53.25672756 -20.72228452
v 6.42157316 54.62968678 -19.60252411
v 6.81495380 54.36873862 -19.37687331
v 6.42157316 55.79022841 -18.31938402
v 6.81495380 55.53958756 -18.08232345
v 6.42157316 57.00676980 -17.08921481
v 6.81495380 56.76693980 -16.84122514
v 6.42157316 58.27690004 -15.91445409
v 6.81495380 58.04835774 -15.65603408
v 6.42157316 59.59308894 -14.80150482
v 6.81495380 59.37707791 -14.53251429
v 6.42157316 60.96775714 -13.74040492
v 6.81495380 60.76312917 -13.46266442
v 6.42157316 62.38313960 -12.74541468
v 6.81495380 62.19107725 -12.45884507
v 6.42157316 63.84143740 -11.81447511
v 6.81495380 63.66233739 -11.51962475
v 6.42157316 65.33976663 -10.94941537
v 6.81495380 65.17397991 -10.64688507
v 6.42157316 66.87513656 -10.15196542
v 6.81495380 66.72299120 -9.84234646
v 6.42157316 68.44451070 -9.42370073
v 6.81495380 68.30629661 -9.10761014
v 6.42157316 70.04476100 -8.76606993
v 6.81495380 69.92076810 -8.44413522
v 6.42157316 71.67272125 -8.18037860
v 6.81495380 71.56320131 -7.85323922
v 6.42157316 73.32515659 -7.66778737
v 6.81495380 73.23032324 -7.33609466
v 6.42157316 74.99878638 -7.22931665
v 6.81495380 74.91882272 -6.89372867
v 6.42157316 76.69029184 -6.86583669
v 6.81495380 76.62535046 -6.52701861
v 6.42157316 78.39630077 -6.57806798
v 6.81495380 78.34651137 -6.23669310
v 6.42157316 80.11344099 -6.36658224
v 6.81495380 80.07891037 -6.02332910
v 6.42157316 81.83830214 -6.23180006
v 6.81495380 81.81909135 -5.88734911
v 6.42157316 83.56745101 -6.17398845
v 6.81495380 83.56359819 -5.82902347
v 6.42157316 85.29744674 -6.19326234
v 6.81495380 85.30898241 -5.84846855
v 6.42157316 87.02487898 -6.28958358
v 6.81495380 87.05175736 -5.94564571
v 6.42157316 88.74630689 -6.46276047
v 6.81495380 88.78848220 -6.12036183
v 6.42157316 90.45831248 -6.71244970
v 6.81495380 90.51569318 -6.37226883
v 6.42157316 92.15749306 -7.03815488
v 6.81495380 92.22997233 -6.70086889
v 6.42157316 93.84046880 -7.43923085
v 6.81495380 93.92790169 -7.10550731
v 6.42157316 95.50392091 -7.91487938
v 6.81495380 95.60613193 -7.58538205
v 6.42157316 97.14453061 -8.46415872
v 6.81495380 97.26130615 -8.13954039
v 6.42157316 98.75903252 -9.08597452
v 6.81495380 98.89015895 -8.76688273
v 6.42157316 100.34419940 -9.77909560
v 6.81495380 100.48950124 -9.46616169
v 6.42157316 101.89700238 -10.54214770
v 6.81495380 102.05599898 -10.23598774
v 6.42157316 103.41419897 -11.37360781
v 6.81495380 103.58669960 -11.07483788
v 6.42157316 104.89289763 -12.27182799
v 6.81495380 105.07849794 -11.98103840
v 6.42157316 106.33010001 -13.23502771
v 6.81495380 106.52850244 -12.95279830
v 6.42157316 107.72299850 -14.26129773
v 6.81495380 107.93369951 -13.98818831
v 6.42157316 109.06870154 -15.34859813
v 6.81495380 109.29149514 -15.08514848
v 6.42157316 110.36469907 -16.49476885
v 6.81495380 110.59899780 -16.24149776
v 6.42157316 111.60839710 -17.69752773
v 6.81495380 111.85359823 -17.45494924
v 6.42157316 112.79720163 -18.95449918
v 6.81495380 113.05309917 -18.72307868
v 6.42157316 113.92880096 -20.26316931
v 6.81495380 114.19479982 -20.04338936
v 6.42157316 115.00109700 -21.62096892
v 6.81495380 115.27649527 -21.41324914
v 6.42157316 116.01180093 -23.02516859
v 6.81495380 116.29620189 -22.82992860
v 6.42157316 116.95889860 -24.47300840
v 6.81495380 117.25169952 -24.29062966
v 6.42157316 117.84059710 -25.96160825
v 6.81495380 118.14129444 -25.79244933
v 6.42157316 118.65509589 -27.48799838
v 6.81495380 118.96299537 -27.33239881
v 6.42157316 119.40080042 -29.04915948
v 6.81495380 119.71529933 -28.90743969
v 6.42157316 120.07620008 -30.64198828
v 6.81495380 120.39679488 -30.51441911
v 6.42157316 120.67999787 -32.26331859
v 6.81495380 121.00589509 -32.15015943
v 6.42157316 121.21099598 -33.90994033
v 6.81495380 121.54160054 -33.81141054
v 6.42157316 121.66809576 -35.57858051
v 6.81495380 122.00269813 -35.49487081
v 6.42157316 122.05039697 -37.26592795
v 6.81495380 122.38839441 -37.19721002
v 6.42157316 122.35709850 -38.96862954
v 6.81495380 122.69789593 -38.91504070
v 6.42157316 122.58769682 -40.68330927
v 6.81495380 122.93059996 -40.64496015
v 6.42157316 122.74169602 -42.40656063
v 6.81495380 123.08589615 -42.38351988
v 6.42157316 122.81879855 -44.13495037
v 6.81495380 123.16369296 -44.12726760
v 6.42157316 122.81879842 -45.86506817
v 6.81495380 123.16369283 -45.87275100
v 6.42157316 122.74169563 -47.59345791
v 6.81495380 123.08589576 -47.61649870
v 6.42157316 122.58769617 -49.31670924
v 6.81495380 122.93059930 -49.35505841
v 6.42157316 122.35709759 -51.03137749
v 6.81495380 122.69789501 -51.08497020
v 6.42157316 122.05039580 -52.73409048
v 6.81495380 122.38839323 -52.80280084
v 6.42157316 121.66809434 -54.42143024
v 6.81495380 122.00269669 -54.50513998
v 6.42157316 121.21099430 -56.09007034
v 6.81495380 121.54159885 -56.18860781
v 6.42157316 120.67999595 -57.73669963
v 6.81495380 121.00589315 -57.84985884
v 6.42157316 120.07619791 -59.35802985
v 6.81495380 120.39679269 -59.48560098
v 6.42157316 119.40079801 -60.95086045
v 6.81495380 119.71529690 -61.09258030
v 6.42157316 118.65509324 -62.51201763
v 6.81495380 118.96299271 -62.66761915
v 6.42157316 117.84059423 -64.03841527
v 6.81495380 118.14129154 -64.20756660
v 6.42157316 116.95889550 -65.52700926
v 6.81495380 117.25169639 -65.70938996
v 6.42157316 116.01179762 -66.97484702
v 6.81495380 116.29619854 -67.17009087
v 6.42157316 115.00109347 -68.37905989
v 6.81495380 115.27649171 -68.58677018
v 6.42157316 113.92879723 -69.73684790
v 6.81495380 114.19479605 -69.95662788
v 6.42157316 112.79719770 -71.04552548
v 6.81495380 113.05309520 -71.27694030
v 6.42157316 111.60839298 -72.30249866
v 6.81495380 111.85359407 -72.54507528
v 6.42157316 110.36469477 -73.50525736
v 6.81495380 110.59899345 -73.75853038
v 6.42157316 109.06869706 -74.65142883
v 6.81495380 109.29149062 -74.91487947
v 6.42157316 107.72299385 -75.73871663
v 6.81495380 107.93369482 -76.01182608
v 6.42157316 106.33009522 -76.76498453
v 6.81495380 106.52849760 -77.04721874
v 6.42157316 104.89289269 -77.72818785
v 6.81495380 105.07849295 -78.01897461
v 6.42157316 103.41419389 -78.62641925
v 6.81495380 103.58669448 -78.92517872
v 6.42157316 101.89699717 -79.45787818
v 6.81495380 102.05599373 -79.76403816
v 6.42157316 100.34419408 -80.22092432
v 6.81495380 100.48949587 -80.53385921
v 6.42157316 98.75902709 -80.91403944
v 6.81495380 98.89015347 -81.23313887
v 6.42157316 97.14452509 -81.53585786
v 6.81495380 97.26130058 -81.86048098
v 6.42157316 95.50391531 -82.08513599
v 6.81495380 95.60612629 -82.41463429
v 6.42157316 93.84046313 -82.56079047
v 6.81495380 93.92789596 -82.89450782
v 6.42157316 92.15748733 -82.96186761
v 6.81495380 92.22996655 -83.29914789
v 6.42157316 90.45830670 -83.28756634
v 6.81495380 90.51568735 -83.62774579
v 6.42157316 88.74630107 -83.53725340
v 6.81495380 88.78847633 -83.87965300
v 6.42157316 87.02487314 -83.71043290
v 6.81495380 87.05175147 -84.05436601
v 6.42157316 85.29744088 -83.80675388
v 6.81495380 85.30897650 -84.15154910
v 6.42157316 83.56744515 -83.82602560
v 6.81495380 83.56359228 -84.17098867
v 6.42157316 81.83829629 -83.76821754
v 6.81495380 81.81908545 -84.11266945
v 6.42157316 80.11343515 -83.63343653
v 6.81495380 80.07890449 -83.97668299
v 6.42157316 78.39629497 -83.42194958
v 6.81495380 78.34650552 -83.76332684
v 6.42157316 76.69028608 -83.13417632
v 6.81495380 76.62534465 -83.47299773
v 6.42157316 74.99878068 -82.77069658
v 6.81495380 74.91881697 -83.10628312
v 6.42157316 73.32515095 -82.33222752
v 6.81495380 73.23031755 -82.66391544
v 6.42157316 71.67271569 -81.81963890
v 6.81495380 71.56319570 -82.14677207
v 6.42157316 70.04475552 -81.23394541
v 6.81495380 69.92076258 -81.55587534
v 6.42157316 68.44450533 -80.57630674
v 6.81495380 68.30629120 -80.89240781
v 6.42157316 66.87513130 -79.84804277
v 6.81495380 66.72298589 -80.15766648
v 6.42157316 65.33976149 -79.05059545
v 6.81495380 65.17397472 -79.35312382
v 6.42157316 63.84143239 -78.18553644
v 6.81495380 63.66233233 -78.48038200
v 6.42157316 62.38313473 -77.25459761
v 6.81495380 62.19107233 -77.54116528
v 6.42157316 60.96775242 -76.25961764
v 6.81495380 60.76312441 -76.53734284
v 6.81495380 59.37707331 -75.46749563
v 7.25000000 59.19521523 -75.69427174
v 7.25000000 57.85577593 -74.56172617
v 7.71926594 57.70246323 -74.73507363
v 7.25000000 56.56484431 -73.36773346
v 7.71926594 56.40397470 -73.53408476
v 7.25000000 55.32838277 -72.11743582
v 7.71926594 55.16026523 -72.27644765
v 7.25000000 54.14885559 -70.81327466
v 7.71926594 53.97381437 -70.96464183
v 7.25000000 53.02859354 -69.45787449
v 7.71926594 52.84697579 -69.60130709
v 7.25000000 51.96981298 -68.05392085
v 7.71926594 51.78199635 -68.18910608
v 7.25000000 50.97463486 -66.60419086
v 7.71926594 50.78097412 -66.73088457
v 7.25000000 50.04501614 -65.11157604
v 7.71926594 49.84590419 -65.22950358
v 7.25000000 49.18281457 -63.57901372
v 7.71926594 48.97865578 -63.68796528
v 7.25000000 48.38974675 -62.00957473
v 7.71926594 48.18092640 -62.10932523
v 7.25000000 47.66737673 -60.40636423
v 7.71926594 47.45432588 -60.49670387
v 7.25000000 47.01713500 -58.77256367
v 7.71926594 46.80026564 -58.85332461
v 7.25000000 46.44032619 -57.11142318
v 7.71926594 46.22007701 -57.18244520
v 7.25000000 45.93808709 -55.42623485
v 7.71926594 45.71489678 -55.48737299
v 7.25000000 45.51141715 -53.72034416
v 7.71926594 45.28571677 -53.77148398
v 7.25000000 45.16115559 -51.99714239
v 7.71926594 44.93340672 -52.03817325
v 7.25000000 44.88800432 -50.26005512
v 7.71926594 44.65865709 -50.29089311
v 7.25000000 44.69251648 -48.51251177
v 7.71926594 44.46202484 -48.53311493
v 7.25000000 44.57470732 -46.74975160
v 7.71926594 44.34346800 -46.75897170
v 7.25000000 44.53589672 -45.00000336
v 7.71926594 44.30447811 -45.00000334
v 7.25000000 44.53589672 -45.00000336
v 7.71926594 44.30447811 -45.00000334
v 7.71926594 44.34346826 -43.24102355
v 8.21472359 44.17540796 -43.23461485
v 8.21472359 44.29450676 -41.45192290
v 8.72789478 44.19283745 -41.44284391
v 8.21472359 44.49197851 -39.68669464
v 8.72789478 44.39080511 -39.67308380
v 8.21472359 44.76788807 -37.93201403
v 8.72789478 44.66742802 -37.91390184
v 8.21472359 45.12169755 -36.19136388
v 8.72789478 45.02213777 -36.16880375
v 8.21472359 45.55268600 -34.46819268
v 8.72789478 45.45423629 -34.44122276
v 8.21472359 46.06000653 -32.76594510
v 8.72789478 45.96285764 -32.73461498
v 8.21472359 46.64265589 -31.08798379
v 8.72789478 46.54699854 -31.05236405
v 8.21472359 47.29947822 -29.43764281
v 8.72789478 47.20550697 -29.39779447
v 8.21472359 48.02916889 -27.81819325
v 8.72789478 47.93705921 -27.77420406
v 8.21472359 48.83027832 -26.23287379
v 8.72789478 48.74021714 -26.18481432
v 8.21472359 49.70120816 -24.68479341
v 8.72789478 49.61337857 -24.63278382
v 8.21472359 50.64022652 -23.17706300
v 8.72789478 50.55480782 -23.12118340
v 8.21472359 51.64548710 -21.71265420
v 8.72789478 51.56263951 -21.65302475
v 8.21472359 52.71498718 -20.29447381
v 8.72789478 52.63487854 -20.23121468
v 8.21472359 53.84659815 -18.92535425
v 8.72789478 53.76938868 -18.85858370
v 8.21472359 55.03807698 -17.60800396
v 8.72789478 54.96391927 -17.53786502
v 8.21472359 56.28704711 -16.34503408
v 8.72789478 56.21608993 -16.27165456
v 8.21472359 57.59105950 -15.13895470
v 8.72789478 57.52342873 -15.06248432
v 8.21472359 58.94576921 -13.99354426
v 8.72789478 58.88247957 -13.91345469
v 8.21472359 60.35365961 -12.90693453
v 8.72789478 60.29310893 -12.82475450
v 8.21472359 61.80678087 -11.88541498
v 8.72789478 61.74994952 -11.80062474
v 8.21472359 63.30395807 -10.92965509
v 8.72789478 63.25096049 -10.84241486
v 8.21472359 64.84223099 -10.04153455
v 8.72789478 64.79318162 -9.95201791
v 8.21472359 66.41854026 -9.22281767
v 8.72789478 66.37351921 -9.13120580
v 8.21472359 68.02976163 -8.47513617
v 8.72789478 67.98886045 -8.38161028
v 8.21472359 69.67268313 -7.79997016
v 8.72789478 69.63598575 -7.70471526
v 8.21472359 71.34403937 -7.19866147
v 8.72789478 71.31163734 -7.10186638
v 8.21472359 73.04054210 -6.67240456
v 8.72789478 73.01248119 -6.57426146
v 8.21472359 74.75878859 -6.22224275
v 8.72789478 74.73512985 -6.12294761
v 8.21472359 76.49539140 -5.84907060
v 8.72789478 76.47618060 -5.74881988
v 8.21472359 78.24690205 -5.55363006
v 8.72789478 78.23216969 -5.45262212
v 8.21472359 80.00981100 -5.33650621
v 8.72789478 79.99960288 -5.23494228
v 8.21472359 81.78066977 -5.19813011
v 8.72789478 81.77497825 -5.09621236
v 8.21472359 83.55590782 -5.13877641
v 8.72789478 83.55477104 -5.03670751
v 8.21472359 85.33204612 -5.15856433
v 8.72789478 85.33545647 -5.05654550
v 8.21472359 87.10552939 -5.25745334
v 8.72789478 87.11348685 -5.15568771
v 8.21472359 88.87286336 -5.43524793
v 8.72789478 88.88532980 -5.33393768
v 8.21472359 90.63050036 -5.69159477
v 8.72789478 90.64749103 -5.59094064
v 8.21472359 92.37499192 -6.02598506
v 8.72789478 92.39643052 -5.92618686
v 8.21472359 94.10285138 -6.43775411
v 8.72789478 94.12872267 -6.33901019
v 8.21472359 95.81063790 -6.92608412
v 8.72789478 95.84088083 -6.82859143
v 8.21472359 97.49498692 -7.49000713
v 8.72789478 97.52954809 -7.39395830
v 8.21472359 99.15254913 -8.12840352
v 8.72789478 99.19135224 -8.03399072
v 8.21472359 100.77999811 -8.84000585
v 8.72789478 100.82299739 -8.74741362
v 8.21472359 102.37419819 -9.62339888
v 8.72789478 102.42120289 -9.53281127
v 8.21472359 103.93189923 -10.47702811
v 8.72789478 103.98290174 -10.38862823
v 8.21472359 105.44999609 -11.39919791
v 8.72789478 105.50489722 -11.31315837
v 8.21472359 106.92549803 -12.38808772
v 8.72789478 106.98419859 -12.30457828
v 8.21472359 108.35549825 -13.44171865
v 8.72789478 108.41779989 -13.36090811
v 8.21472359 109.73709759 -14.55799836
v 8.72789478 109.80300031 -14.48005838
v 8.21472359 111.06770206 -15.73472862
v 8.72789478 111.13699986 -15.65979843
v 8.21472359 112.34449640 -16.96956910
v 8.72789478 112.41699854 -16.89778795
v 8.21472359 113.56500106 -18.26004886
v 8.72789478 113.64069992 -18.19157886
v 8.21472359 114.72679753 -19.60361775
v 8.72789478 114.80549474 -19.53858861
v 8.21472359 115.82769617 -20.99761884
v 8.72789478 115.90920100 -20.93614881
v 8.21472359 116.86530135 -22.43925977
v 8.72789478 116.94949935 -22.38148809
v 8.21472359 117.83769808 -23.92569859
v 8.72789478 117.92429935 -23.87173971
v 8.21472359 118.74289511 -25.45398846
v 8.72789478 118.83189963 -25.40393964
v 8.21472359 119.57909952 -27.02107951
v 8.72789478 119.67019450 -26.97503993
v 8.21472359 120.34470151 -28.62385895
v 8.72789478 120.43779539 -28.58192972
v 8.21472359 121.03809891 -30.25915869
v 8.72789478 121.13300095 -30.22140845
v 8.21472359 121.65799472 -31.92371905
v 8.72789478 121.75439975 -31.89023937
v 8.21472359 122.20309957 -33.61424797
v 8.72789478 122.30099997 -33.58509987
v 8.21472359 122.67239876 -35.32737895
v 8.72789478 122.77139779 -35.30261013
v 8.21472359 123.06490046 -37.05972075
v 8.72789478 123.16489894 -37.03938079
v 8.21472359 123.37979596 -38.80782105
v 8.72789478 123.48069470 -38.79195955
v 8.21472359 123.61659697 -40.56821993
v 8.72789478 123.71799926 -40.55685977
v 8.21472359 123.77469315 -42.33740787
v 8.72789478 123.87649979 -42.33059102
v 8.21472359 123.85379458 -44.11189061
v 8.72789478 123.95589877 -44.10960943
v 8.21472359 123.85379445 -45.88812809
v 8.72789478 123.95589863 -45.89039785
v 8.21472359 123.77469275 -47.66261082
v 8.72789478 123.87649939 -47.66942769
v 8.21472359 123.61659630 -49.43179873
v 8.72789478 123.71799859 -49.44314746
v 8.21472359 123.37979502 -51.19219758
v 8.72789478 123.48069377 -51.20804765
v 8.21472359 123.06489926 -52.94029783
v 8.72789478 123.16489773 -52.96063018
v 8.21472359 122.67239730 -54.67263957
v 8.72789478 122.77139632 -54.69740078
v 8.21472359 122.20309785 -56.38577049
v 8.72789478 122.30099824 -56.41491860
v 8.21472359 121.65799275 -58.07629932
v 8.72789478 121.75439777 -58.10978092
v 8.21472359 121.03809669 -59.74085768
v 8.72789478 121.13299872 -59.77860030
v 8.21472359 120.34469904 -61.37615731
v 8.72789478 120.43779291 -61.41808847
v 8.21472359 119.57909681 -62.97894045
v 8.72789478 119.67019177 -63.02498004
v 8.21472359 118.74289216 -64.54602947
v 8.72789478 118.83189667 -64.59607831
v 8.21472359 117.83769490 -66.07431920
v 8.72789478 117.92429615 -66.12828191
v 8.21472359 116.86529794 -67.56076169
v 8.72789478 116.94949593 -67.61853147
v 8.21472359 115.82769254 -69.00241200
v 8.72789478 115.90919736 -69.06386678
v 8.21472359 114.72679370 -70.39640911
v 8.72789478 114.80549090 -70.46144208
v 8.21472359 113.56499703 -71.73996829
v 8.72789478 113.64069587 -71.80844974
v 8.21472359 112.34449217 -73.03045740
v 8.72789478 112.41699430 -73.10222712
v 8.21472359 111.06769764 -74.26529006
v 8.72789478 111.13699543 -74.34022598
v 8.21472359 109.73709300 -75.44200963
v 8.72789478 109.80299570 -75.51996679
v 8.21472359 108.35549349 -76.55829675
v 8.72789478 108.41779512 -76.63910731
v 8.21472359 106.92549310 -77.61193892
v 8.72789478 106.98419366 -77.69545028
v 8.21472359 105.44999101 -78.60081515
v 8.72789478 105.50489213 -78.68685947
v 8.21472359 103.93189402 -79.52298758
v 8.72789478 103.98289652 -79.61138938
v 8.21472359 102.37419285 -80.37661753
v 8.72789478 102.42119754 -80.46720897
v 8.21472359 100.77999265 -81.16001890
v 8.72789478 100.82299191 -81.25260924
v 8.21472359 99.15254356 -81.87162003
v 8.72789478 99.19134666 -81.96602617
v 8.21472359 97.49498126 -82.51000950
v 8.72789478 97.52954241 -82.60605595
v 8.21472359 95.81063216 -83.07392844
v 8.72789478 95.84087507 -83.17142447
v 8.21472359 94.10284556 -83.56227059
v 8.72789478 94.12871683 -83.66101022
v 8.21472359 92.37498603 -83.97402889
v 8.72789478 92.39642462 -84.07382900
v 8.21472359 90.63049443 -84.30841749
v 8.72789478 90.64748508 -84.40907972
v 8.21472359 88.87285739 -84.56476501
v 8.72789478 88.88532381 -84.66607574
v 8.21472359 87.10552339 -84.74256792
v 8.72789478 87.11348084 -84.84432878
v 8.21472359 85.33204010 -84.84144474
v 8.72789478 85.33545044 -84.94346500
v 8.21472359 83.55590180 -84.86123525
v 8.72789478 83.55476501 -84.96331655
v 8.21472359 81.78066376 -84.80187843
v 8.72789478 81.77497223 -84.90380714
v 8.21472359 80.00980501 -84.66350397
v 8.72789478 79.99959687 -84.76506646
v 8.21472359 78.24689609 -84.44638652
v 8.72789478 78.23216372 -84.54739971
v 8.21472359 76.49538549 -84.15093809
v 8.72789478 76.47617467 -84.25119596
v 8.21472359 74.75878274 -83.77777664
v 8.72789478 74.73512398 -83.87706558
v 8.21472359 73.04053631 -83.32760409
v 8.72789478 73.01247539 -83.42575624
v 8.21472359 71.34403367 -82.80135884
v 8.72789478 71.31163162 -82.89814534
v 8.21472359 69.67267751 -82.20004798
v 8.72789478 69.63598012 -82.29529334
v 8.21472359 68.02975611 -81.52487696
v 8.72789478 67.98885492 -81.61840571
v 8.21472359 66.41853486 -80.77719618
v 8.72789478 66.37351379 -80.86880231
v 8.21472359 64.84222571 -79.95848573
v 8.72789478 64.79317633 -80.04799378
v 8.21472359 63.30395292 -79.07035543
v 8.72789478 63.25095533 -79.15760518
v 8.21472359 61.80677587 -78.11459817
v 8.72789478 61.74994451 -78.19938363
v 8.21472359 60.35365476 -77.09307554
v 8.72789478 60.29310407 -77.17526700
v 8.72789478 58.88247488 -76.08655230
v 9.25000000 60.06110563 -77.04574275
v 9.25000000 58.66704367 -75.95548691
v 5.28422117 47.62283724 -48.25066354
v 5.25000000 48.15817658 -48.37109357
v 5.28422117 47.80375676 -49.86792353
v 5.25000000 48.35558704 -50.04737456
v 5.28422117 48.05653756 -51.47552472
v 5.25000000 48.63134757 -51.71256242
v 5.28422117 48.38068752 -53.07025512
v 5.25000000 48.98484781 -53.36299503
v 5.28422117 48.77554672 -54.64897524
v 5.25000000 49.41532483 -54.99504462
v 5.28422117 49.24035602 -56.20853414
v 5.25000000 49.92183639 -56.60512538
v 5.28422117 49.77415412 -57.74584192
v 5.25000000 50.50324573 -58.18968201
v 5.28422117 50.37592631 -59.25784301
v 5.25000000 51.15828635 -59.74525456
v 5.28422117 51.04444427 -60.74153523
v 5.25000000 51.88553538 -61.26841365
v 5.28422117 51.77839573 -62.19397364
v 5.25000000 52.68336394 -62.75581376
v 5.28422117 52.57631585 -63.61227432
v 5.25000000 53.55003635 -64.20417427
v 5.28422117 53.43663679 -64.99362586
v 5.25000000 54.48365670 -65.61033279
v 5.28422117 54.35762668 -66.33528548
v 5.25000000 55.48214598 -66.97117271
v 5.28422117 55.33746590 -67.63457144
v 5.25000000 56.54332599 -68.28372619
v 5.28422117 56.37421660 -68.88893553
v 5.25000000 57.66486597 -69.54508645
v 5.28422117 57.46582646 -70.09586768
v 5.25000000 58.84429397 -70.75250688
v 5.28422117 58.61010586 -71.25296463
v 5.25000000 60.07901603 -71.90329433
v 5.28422117 59.80479266 -72.35794519
v 5.25000000 61.36633513 -72.99495397
v 5.28422117 61.03886622 -73.40160831
v 5.28422117 62.33582507 -74.40286726
v 5.38629723 60.71703544 -73.80131226
v 5.25000000 62.70339407 -74.02507492
v 5.28422117 63.66713527 -75.33874229
v 5.38629723 63.38143349 -75.76502706
v 5.25000000 64.08727461 -74.99140651
v 5.28422117 65.03881261 -76.21439853
v 5.25000000 65.51492500 -75.89179724
v 5.28422117 66.44814482 -77.02806593
v 5.25000000 66.98321717 -76.72427874
v 5.28422117 67.89231285 -77.77815759
v 5.25000000 68.48890101 -77.48702757
v 5.28422117 69.36846331 -78.46315526
v 5.25000000 70.02869588 -78.17835764
v 5.28422117 70.87367414 -79.08172380
v 5.25000000 71.59918381 -78.79675834
v 5.28422117 72.40493173 -79.63262723
v 5.25000000 73.19695446 -79.34085636
v 5.28422117 73.95921484 -80.11477457
v 5.25000000 74.81845253 -79.80947678
v 5.28422117 75.53343356 -80.52719686
v 5.25000000 76.46014562 -80.20157438
v 5.28422117 77.12447510 -80.86909304
v 5.25000000 78.11841738 -80.51629466
v 5.28422117 78.72914274 -81.13977645
v 5.25000000 79.78960572 -80.75294334
v 5.28422117 80.34428555 -81.33869778
v 5.25000000 81.47005615 -80.91100926
v 5.28422117 81.96669154 -81.46546792
v 5.25000000 83.15606078 -80.99011858
v 5.28422117 83.59313349 -81.51984274
v 5.25000000 84.84393462 -80.99011871
v 5.28422117 85.22038417 -81.50171542
v 5.25000000 86.52994689 -80.91100965
v 5.28422117 86.84520107 -81.41111648
v 5.25000000 88.21039735 -80.75294398
v 5.28422117 88.46438748 -81.24822903
v 5.25000000 89.88158572 -80.51629554
v 5.28422117 90.07469329 -81.01336587
v 5.25000000 91.53984227 -80.20157551
v 5.28422117 91.67294465 -80.70700765
v 5.28422117 93.25596012 -80.32975710
v 5.25000000 93.18153542 -79.80947817
v 5.28422117 94.82060402 -79.88236952
v 5.25000000 94.80304119 -79.34085799
v 5.28422117 96.36375591 -79.36570704
v 5.25000000 96.40080429 -78.79676021
v 5.28422117 97.88237168 -78.78083777
v 5.25000000 97.97130757 -78.17835975
v 5.28422117 99.37341482 -78.12887561
v 5.25000000 99.51109492 -77.48702991
v 5.28422117 100.83389461 -77.41115568
v 5.25000000 101.01679413 -76.72428131
v 5.28422117 102.26109498 -76.62908945
v 5.25000000 102.48509406 -75.89180003
v 5.28422117 103.65189552 -75.78421803
v 5.25000000 103.91269118 -74.99140952
v 5.28422117 105.00369460 -74.87821990
v 5.25000000 105.29659475 -74.02507814
v 5.28422117 106.31389823 -73.91291849
v 5.25000000 106.63369200 -72.99495739
v 5.28422117 107.57969115 -72.89019825
v 5.25000000 107.92099219 -71.90329794
v 5.28422117 108.79869300 -71.81211149
v 5.25000000 109.15569534 -70.75251068
v 5.28422117 109.96849289 -70.68078681
v 5.25000000 110.33509302 -69.54509042
v 5.28422117 111.08669519 -69.49847488
v 5.25000000 111.45669803 -68.28373034
v 5.28422117 112.15109500 -68.26754082
v 5.25000000 112.51789350 -66.97117701
v 5.28422117 113.15969343 -66.99038788
v 5.25000000 113.51629143 -65.61033724
v 5.28422117 114.11029320 -65.66958717
v 5.25000000 114.44999210 -64.20417887
v 5.28422117 115.00119296 -64.30774794
v 5.25000000 115.31659225 -62.75581849
v 5.28422117 115.83049299 -62.90756719
v 5.25000000 116.11449733 -61.26841850
v 5.28422117 116.59669793 -61.47184871
v 5.28422117 117.29809880 -60.00341920
v 5.25000000 116.84169318 -59.74525952
v 5.28422117 117.93339860 -58.50520071
v 5.25000000 117.49679889 -58.18968706
v 5.28422117 118.50129270 -56.98016871
v 5.25000000 118.07819702 -56.60513053
v 5.28422117 119.00069772 -55.43134825
v 5.25000000 118.58469739 -54.99504985
v 5.28422117 119.43069814 -53.86181779
v 5.25000000 119.01509454 -53.36300032
v 5.28422117 119.79029452 -52.27469776
v 5.25000000 119.36869422 -51.71256776
v 5.28422117 120.07879256 -50.67313910
v 5.25000000 119.64439777 -50.04737994
v 5.28422117 120.29569637 -49.06030800
v 5.25000000 119.84179322 -48.37109898
v 5.28422117 120.44049477 -47.43942026
v 5.25000000 119.96039992 -46.68740987
v 5.28422117 120.51299703 -45.81368021
v 5.25000000 119.99999660 -45.00000906
v 5.28422117 120.51299715 -44.18633036
v 5.25000000 119.96040017 -43.31260824
v 5.28422117 120.44049514 -42.56059793
v 5.25000000 119.84179373 -41.62891911
v 5.28422117 120.29569698 -40.93971016
v 5.25000000 119.64439853 -39.95263049
v 5.28422117 120.07879342 -39.32687903
v 5.25000000 119.36869523 -38.28745027
v 5.28422117 119.79029561 -37.72532032
v 5.25000000 119.01509581 -36.63701765
v 5.28422117 119.43069948 -36.13820024
v 5.25000000 118.58469890 -35.00496806
v 5.28422117 119.00069929 -34.56866972
v 5.25000000 118.07819877 -33.39488730
v 5.28422117 118.50129450 -33.01984919
v 5.25000000 117.49680088 -31.81032877
v 5.28422117 117.93340064 -31.49481901
v 5.25000000 116.84169541 -30.25475812
v 5.28422117 117.29810107 -29.99659852
v 5.25000000 116.11449978 -28.73159904
v 5.28422117 116.59670042 -28.52816890
v 5.28422117 115.83049570 -27.09243886
v 5.25000000 115.31659493 -27.24419892
v 5.28422117 115.00119588 -25.69226942
v 5.25000000 114.44999500 -25.79583841
v 5.28422117 114.11029632 -24.33042816
v 5.25000000 113.51629455 -24.38968943
v 5.28422117 113.15969675 -23.00962921
v 5.25000000 112.51789682 -23.02883807
v 5.28422117 112.15109852 -21.73248756
v 5.25000000 111.45670155 -21.71628840
v 5.28422117 111.08669889 -20.50153808
v 5.25000000 110.33509672 -20.45492815
v 5.28422117 109.96849677 -19.31922789
v 5.25000000 109.15569923 -19.24751915
v 5.28422117 108.79869705 -18.18790876
v 5.25000000 107.92099625 -18.09671835
v 5.28422117 107.57969536 -17.10981800
v 5.25000000 106.63369623 -17.00505871
v 5.28422117 106.31390259 -16.08710710
v 5.25000000 105.29659914 -15.97493776
v 5.28422117 105.00369911 -15.12179786
v 5.25000000 103.91269571 -15.00861762
v 5.28422117 103.65190017 -14.21580811
v 5.25000000 102.48509873 -14.10822784
v 5.28422117 102.26109976 -13.37093744
v 5.25000000 101.01679892 -13.27573776
v 5.28422117 100.83389950 -12.58885763
v 5.25000000 99.51109982 -12.51299751
v 5.28422117 99.37341982 -11.87113749
v 5.25000000 97.97131258 -11.82166744
v 5.28422117 97.88237678 -11.21918750
v 5.25000000 96.40080940 -11.20325721
v 5.28422117 96.36376110 -10.63430751
v 5.25000000 94.80304638 -10.65915728
v 5.28422117 94.82060928 -10.11765719
v 5.25000000 93.18154067 -10.19053686
v 5.28422117 93.25596546 -9.67025698
v 5.25000000 91.53984759 -9.79843449
v 5.28422117 91.67295004 -9.29300619
v 5.28422117 90.07469872 -8.98664582
v 5.25000000 89.88159108 -9.48371707
v 5.28422117 88.46439295 -8.75178910
v 5.25000000 88.21040274 -9.24706839
v 5.28422117 86.84520657 -8.58889759
v 5.25000000 86.52995232 -9.08901486
v 5.28422117 85.22038968 -8.49829745
v 5.25000000 84.84394005 -9.00990078
v 5.28422117 83.59313901 -8.48016798
v 5.25000000 83.15606621 -9.00990065
v 5.28422117 81.96669705 -8.53454636
v 5.25000000 81.47006157 -9.08901448
v 5.28422117 80.34429103 -8.66132198
v 5.25000000 79.78961112 -9.24706775
v 5.28422117 78.72914820 -8.86024593
v 5.25000000 78.11842275 -9.48371619
v 5.28422117 77.12448051 -9.13092146
v 5.25000000 76.46015093 -9.79843335
v 5.28422117 75.53343892 -9.47281168
v 5.25000000 74.81845779 -10.19053547
v 5.28422117 73.95922014 -9.88523851
v 5.25000000 73.19695964 -10.65915565
v 5.28422117 72.40493696 -10.36738561
v 5.25000000 71.59918891 -11.20325534
v 5.28422117 70.87367929 -10.91828500
v 5.25000000 70.02870089 -11.82166533
v 5.28422117 69.36846837 -11.53685521
v 5.25000000 68.48890592 -12.51299517
v 5.28422117 67.89231780 -12.22186506
v 5.25000000 66.98322196 -13.27573519
v 5.28422117 66.44814966 -12.97194506
v 5.25000000 65.51492966 -14.10822505
v 5.28422117 65.03881732 -13.78562465
v 5.38629723 63.38143813 -14.23498441
v 5.25000000 64.08727914 -15.00861461
v 5.28422117 63.66713985 -14.66127495
v 5.25000000 62.70339845 -15.97493454
v 5.28422117 62.33582951 -15.59715456
v 5.25000000 61.36633935 -17.00505529
v 5.28422117 61.03887051 -16.59840472
v 5.28422117 59.80479679 -17.64207529
v 5.25000000 60.07902009 -18.09671474
v 5.28422117 58.61010982 -18.74705376
v 5.25000000 58.84429786 -19.24751535
v 5.28422117 57.46583025 -19.90415435
v 5.25000000 57.66486967 -20.45492417
v 5.28422117 56.37422021 -21.11108443
v 5.25000000 56.54332951 -21.71628425
v 5.28422117 55.33746932 -22.36543501
v 5.25000000 55.48214929 -23.02883376
v 5.28422117 54.35762990 -23.66473418
v 5.25000000 54.48365981 -24.38968498
v 5.28422117 53.43663981 -25.00638412
v 5.25000000 53.55003925 -25.79583382
v 5.28422117 52.57631866 -26.38773361
v 5.25000000 52.68336663 -27.24419419
v 5.28422117 51.77839832 -27.80603418
v 5.25000000 51.88553784 -28.73159419
v 5.28422117 51.04444664 -29.25847439
v 5.25000000 51.15828858 -30.25475316
v 5.28422117 50.37592847 -30.74216460
v 5.25000000 50.50324772 -31.81032371
v 5.28422117 49.77415604 -32.25416559
v 5.25000000 49.92183815 -33.39488216
v 5.28422117 49.24035771 -33.79147329
v 5.25000000 49.41532634 -35.00496284
v 5.28422117 48.77554817 -35.35103212
v 5.25000000 48.98484907 -36.63701237
v 5.28422117 48.38068874 -36.92974456
v 5.25000000 48.63134858 -38.28744493
v 5.28422117 48.05653853 -38.52448254
v 5.25000000 48.35558780 -39.95262511
v 5.28422117 47.80375750 -40.13208369
v 5.25000000 48.15817709 -41.62891370
v 5.28422117 47.62283773 -41.74934365
v 5.25000000 48.03956658 -43.31260281
v 9.25000000 44.03914671 -46.76933240
v 9.25000000 43.99999660 -45.00000332
v 8.72789478 44.03421825 -45.00000332
v 8.72789478 44.03421825 -45.00000332
v 9.25000000 43.99999660 -45.00000332
v 9.25000000 44.03914697 -43.23067425
v 8.72789478 44.07337625 -43.23114346
v 9.25000000 44.15652534 -41.46479368
v 9.25000000 44.35189520 -39.70584441
v 9.25000000 44.62487888 -37.95726350
v 9.25000000 44.97494615 -36.22246510
v 9.25000000 45.40139891 -34.50484428
v 9.25000000 45.90341702 -32.80777324
v 9.25000000 46.48000864 -31.13456314
v 9.25000000 47.13004843 -29.48850415
v 9.25000000 47.85225849 -27.87280444
v 9.25000000 48.64522735 -26.29063401
v 9.25000000 49.50740627 -24.74508469
v 9.25000000 50.43711678 -23.23918342
v 9.25000000 51.43252018 -21.77589423
v 9.25000000 52.49167861 -20.35805336
v 9.25000000 53.61251688 -18.98845314
v 9.25000000 54.79283009 -17.66977342
v 9.25000000 56.03032942 -16.40459484
v 9.25000000 57.32257728 -15.19538454
v 9.25000000 58.66704835 -14.04452481
v 9.25000000 60.06111047 -12.95426441
v 9.25000000 61.50202852 -11.92673480
v 9.25000000 62.98699105 -10.96394442
v 9.25000000 64.51309128 -10.06778441
v 9.25000000 66.07733085 -9.24000095
v 9.25000000 67.67665799 -8.48222290
v 9.25000000 69.30793703 -7.79592942
v 9.25000000 70.96797889 -7.18246424
v 9.25000000 72.65352580 -6.64302945
v 9.25000000 74.36128951 -6.17868079
v 9.25000000 76.08792071 -5.79032566
v 9.25000000 77.83003956 -5.47872511
v 9.25000000 79.58425101 -5.24448996
v 9.25000000 81.34709129 -5.08807796
v 9.25000000 83.11511956 -5.00979527
v 9.25000000 84.88487969 -5.00979540
v 9.25000000 86.65292320 -5.08807837
v 9.25000000 88.41575583 -5.24449062
v 9.25000000 90.16995961 -5.47872604
v 9.25000000 91.91207842 -5.79032686
v 9.25000000 93.63870956 -6.17868224
v 9.25000000 95.34648082 -6.64303117
v 9.25000000 97.03202003 -7.18246620
v 9.25000000 98.69206942 -7.79593164
v 9.25000000 100.32330258 -8.48222536
v 9.25000000 101.92269828 -9.24000365
v 9.25000000 103.48689957 -10.06778735
v 9.25000000 105.01299966 -10.96394760
v 9.25000000 106.49800020 -11.92673820
v 9.25000000 107.93890283 -12.95426802
v 9.25000000 109.33299912 -14.04452863
v 9.25000000 110.67739753 -15.19538857
v 9.25000000 111.96970244 -16.40459906
v 9.25000000 113.20719776 -17.66977783
v 9.25000000 114.38749551 -18.98845773
v 9.25000000 115.50829924 -20.35805811
v 9.25000000 116.56749561 -21.77589915
v 9.25000000 117.56289497 -23.23918849
v 9.25000000 118.49259762 -24.74508989
v 9.25000000 119.35479538 -26.29063935
v 9.25000000 120.14769534 -27.87280990
v 9.25000000 120.87000052 -29.48850972
v 9.25000000 121.51999429 -31.13456881
v 9.25000000 122.09660092 -32.80777899
v 9.25000000 122.59859969 -34.50485011
v 9.25000000 123.02509797 -36.22247099
v 9.25000000 123.37509632 -37.95726945
v 9.25000000 123.64809881 -39.70585040
v 9.25000000 123.84349510 -41.46479969
v 9.25000000 123.96079691 -43.23068029
v 9.25000000 123.99999660 -45.00000936
v 9.25000000 123.96079664 -46.76933843
v 9.25000000 123.84349457 -48.53520756
v 9.25000000 123.64809801 -50.29416064
v 9.25000000 123.37509525 -52.04274918
v 9.25000000 123.02509665 -53.77754759
v 9.25000000 122.59859811 -55.49516841
v 9.25000000 122.09659908 -57.19223944
v 9.25000000 121.51999220 -58.86544954
v 9.25000000 120.86999818 -60.51151044
v 9.25000000 120.14769276 -62.12721015
v 9.25000000 119.35479255 -63.70937867
v 9.25000000 118.49259456 -65.25492991
v 9.25000000 117.56289169 -66.76082736
v 9.25000000 116.56749210 -68.22412989
v 9.25000000 115.50829552 -69.64196886
v 9.25000000 114.38749159 -71.01155954
v 9.25000000 113.20719364 -72.33023926
v 9.25000000 111.96969812 -73.59542929
v 9.25000000 110.67739303 -74.80462719
v 9.25000000 109.33299445 -75.95549074
v 9.25000000 107.93889799 -77.04574637
v 9.25000000 106.49799520 -78.07328837
v 9.25000000 105.01299452 -79.03607971
v 9.25000000 103.48689429 -79.93222827
v 9.25000000 101.92269288 -80.76000983
v 9.25000000 100.32329707 -81.51779932
v 9.25000000 98.69206380 -82.20408613
v 9.25000000 97.03201432 -82.81755798
v 9.25000000 95.34647503 -83.35698657
v 9.25000000 93.63870369 -83.82133428
v 9.25000000 91.91207250 -84.20968559
v 9.25000000 90.16995364 -84.52128519
v 9.25000000 88.41574983 -84.75553036
v 9.25000000 86.65291717 -84.91193281
v 9.25000000 84.88487365 -84.99021790
v 9.25000000 83.11511352 -84.99021776
v 9.25000000 81.34708526 -84.91193241
v 9.25000000 79.58424500 -84.75552969
v 9.25000000 77.83003360 -84.52128426
v 9.25000000 76.08791478 -84.20968439
v 9.25000000 74.36128365 -83.82133282
v 9.25000000 72.65352001 -83.35698486
v 9.25000000 70.96797318 -82.81755602
v 9.25000000 69.30793142 -82.20408391
v 9.25000000 67.67665248 -81.51779686
v 9.25000000 66.07732545 -80.76000712
v 9.25000000 64.51308601 -79.93222533
v 9.25000000 62.98698592 -79.03607653
v 9.25000000 61.50202352 -78.07328498
v 8.72789478 57.52342421 -74.93752723
v 9.25000000 57.32257278 -74.80462316
v 8.72789478 56.21608559 -73.72835202
v 9.25000000 56.03032510 -73.59542507
v 8.72789478 54.96391512 -72.46215472
v 9.25000000 54.79282596 -72.33023485
v 8.72789478 53.76938474 -71.14142252
v 9.25000000 53.61251295 -71.01155495
v 8.72789478 52.63487480 -69.76879517
v 9.25000000 52.49167489 -69.64196411
v 8.72789478 51.56263598 -68.34699639
v 9.25000000 51.43251667 -68.22412498
v 8.72789478 50.55480452 -66.87882614
v 9.25000000 50.43711349 -66.76082229
v 8.72789478 49.61337550 -65.36723702
v 9.25000000 49.50740322 -65.25492470
v 8.72789478 48.74021430 -63.81519304
v 9.25000000 48.64522453 -63.70937333
v 8.72789478 47.93705661 -62.22580318
v 9.25000000 47.85225590 -62.12720469
v 8.72789478 47.20550461 -60.60221456
v 9.25000000 47.13004609 -60.51150487
v 8.72789478 46.54699643 -58.94764298
v 9.25000000 46.48000654 -58.86544388
v 8.72789478 45.96285578 -57.26538433
v 9.25000000 45.90341518 -57.19223369
v 8.72789478 45.45423470 -55.55878410
v 9.25000000 45.40139733 -55.49516258
v 8.72789478 45.02213644 -53.83120305
v 9.25000000 44.97494482 -53.77754170
v 8.72789478 44.66742695 -52.08609346
v 9.25000000 44.62487782 -52.04274324
v 8.72789478 44.39080431 -50.32691146
v 9.25000000 44.35189440 -50.29415465
v 8.72789478 44.19283691 -48.55716276
v 9.25000000 44.15652481 -48.53520155
v 8.72789478 44.07337599 -46.76886319
v 5.38629723 46.96471828 -45.00000355
v 5.55448198 46.50638635 -43.33106201
v 5.78589821 46.15081854 -41.61780515
v 5.78589821 46.33904728 -39.93510405
v 5.78589821 46.60205552 -38.26245469
v 5.78589821 46.93932829 -36.60317203
v 5.78589821 47.35016750 -34.96057486
v 5.78589821 47.83377586 -33.33790187
v 5.78589821 48.38918828 -31.73839362
v 5.78589821 49.01529847 -30.16521442
v 5.78589821 49.71087812 -28.62148469
v 5.78589821 50.47452722 -27.11026382
v 5.78589821 51.30473897 -25.63457304
v 5.78589821 52.19986924 -24.19732488
v 5.78589821 53.15812892 -22.80138417
v 5.78589821 54.17761831 -21.44951466
v 5.78589821 55.25632706 -20.14439428
v 5.78589821 56.39209986 -18.88862463
v 5.78589821 57.58268986 -17.68470436
v 5.78589821 58.82572049 -16.53501383
v 5.78589821 60.11218908 -15.44713474
v 5.78589821 61.45917021 -14.40734469
v 5.78589821 62.84434789 -13.43358514
v 5.78589821 64.27153684 -12.52250489
v 5.78589821 65.73789127 -11.67590542
v 5.78589821 67.24050821 -10.89546521
v 5.78589821 68.77638931 -10.18274540
v 5.78589821 70.34250569 -9.53914220
v 5.78589821 71.93572930 -8.96594686
v 5.78589821 73.55290921 -8.46429140
v 5.78589821 75.19084107 -8.03517623
v 5.78589821 76.84625186 -7.67945059
v 5.78589821 78.51586095 -7.39782211
v 5.78589821 80.19637244 -7.19084916
v 5.78589821 81.88442177 -7.05894230
v 5.78589821 83.57668252 -7.00236427
v 5.78589821 85.26976723 -7.02122760
v 5.78589821 86.96034950 -7.11549271
v 5.78589821 88.64504950 -7.28497555
v 5.78589821 90.32051793 -7.52933660
v 5.78589821 91.98345125 -7.84809378
v 5.78589821 93.63052306 -8.24061338
v 5.78589821 95.25846797 -8.70611338
v 5.78589821 96.86408164 -9.24367110
v 5.78589821 98.44413683 -9.85222034
v 5.78589821 99.99552075 -10.53055755
v 5.78589821 101.51509772 -11.27731804
v 5.78589821 102.99999909 -12.09103790
v 5.78589821 104.44709680 -12.97009780
v 5.78589821 105.85369768 -13.91275824
v 5.78589821 107.21679575 -14.91712807
v 5.78589821 108.53389619 -15.98122844
v 5.78589821 109.80219903 -17.10293836
v 5.78589821 111.01930099 -18.28003768
v 5.78589821 112.18279882 -19.51018799
v 5.78589821 113.29029689 -20.79094788
v 5.78589821 114.33969712 -22.11976915
v 5.78589821 115.32879461 -23.49401963
v 5.78589821 116.25569728 -24.91096802
v 5.78589821 117.11859695 -26.36779906
v 5.78589821 117.91570072 -27.86161931
v 5.78589821 118.64549796 -29.38947810
v 5.78589821 119.30650096 -30.94831986
v 5.78589821 119.89739745 -32.53505849
v 5.78589821 120.41709642 -34.14655069
v 5.78589821 120.86440007 -35.77959973
v 5.55448198 120.77869895 -37.52440792
v 5.78589821 121.23859886 -37.43094024
v 5.78589821 121.53880015 -39.09731066
v 5.78589821 121.76439359 -40.77540745
v 5.78589821 121.91509689 -42.46188893
v 5.78589821 121.99059725 -44.15340963
v 5.78589821 121.99059712 -45.84660879
v 5.78589821 121.91509651 -47.53812947
v 5.78589821 121.76439295 -49.22461094
v 5.78589821 121.53879926 -50.90270006
v 5.55448198 120.77869782 -52.47561031
v 5.78589821 121.23859772 -52.56907043
v 5.78589821 120.86439868 -54.22041852
v 5.78589821 120.41709478 -55.85345987
v 5.78589821 119.89739556 -57.46495961
v 5.78589821 119.30649884 -59.05169816
v 5.78589821 118.64549561 -60.61053981
v 5.78589821 117.91569813 -62.13838705
v 5.78589821 117.11859413 -63.63221862
v 5.78589821 116.25569424 -65.08905907
v 5.78589821 115.32879137 -66.50599778
v 5.78589821 114.33969367 -67.88025003
v 5.55448198 112.92859129 -68.91011900
v 5.78589821 113.29029324 -69.20906922
v 5.78589821 112.18279497 -70.48983849
v 5.78589821 111.01929695 -71.71997908
v 5.78589821 109.80219481 -72.89708013
v 5.78589821 108.53389181 -74.01879939
v 5.78589821 107.21679121 -75.08290147
v 5.78589821 105.85369299 -76.08726538
v 5.78589821 104.44709196 -77.02991511
v 5.78589821 102.99999412 -77.90898147
v 5.78589821 101.51509263 -78.72269443
v 5.78589821 99.99551555 -79.46945945
v 5.78589821 98.44413152 -80.14779643
v 5.78589821 96.86407624 -80.75634734
v 5.78589821 95.25846249 -81.29389910
v 5.78589821 93.63051751 -81.75939885
v 5.78589821 91.98344564 -82.15192345
v 5.78589821 90.32051227 -82.47068706
v 5.78589821 88.64504380 -82.71504881
v 5.78589821 86.96034378 -82.88452805
v 5.78589821 85.26976150 -82.97879672
v 5.78589821 83.57667678 -82.99765646
v 5.78589821 81.88441604 -82.94107674
v 5.78589821 80.19636673 -82.80916438
v 5.78589821 78.51585527 -82.60218641
v 5.78589821 76.84624623 -82.32056244
v 5.78589821 75.19083549 -81.96483417
v 5.78589821 73.55290370 -81.53572638
v 5.78589821 71.93572386 -81.03406305
v 5.78589821 70.34250033 -80.46086652
v 5.78589821 68.77638405 -79.81726593
v 5.78589821 67.24050306 -79.10454304
v 5.78589821 65.73788624 -78.32410164
v 5.78589821 64.27153193 -77.47750577
v 5.78589821 62.84434313 -76.56642625
v 5.78589821 61.45916559 -75.59266364
v 6.07658720 59.83952529 -74.89189600
v 6.42157316 58.27689565 -74.08555280
v 6.42157316 57.00676558 -72.91079379
v 6.42157316 55.79022439 -71.68063776
v 6.42157316 54.62968295 -70.39748032
v 6.42157316 53.52746442 -69.06391548
v 6.42157316 52.48574318 -67.68257537
v 6.42157316 51.50659442 -66.25620659
v 6.42157316 50.59195602 -64.78762436
v 6.42157316 49.74364375 -63.27975458
v 6.42157316 48.96334373 -61.73559559
v 6.42157316 48.25260471 -60.15820295
v 6.42157316 47.61284577 -58.55072381
v 6.42157316 47.04532575 -56.91633198
v 6.42157316 46.55117762 -55.25829285
v 6.42157316 46.13137413 -53.57988324
v 6.42157316 45.78675451 -51.88444483
v 6.42157316 45.51801684 -50.17532311
v 6.42157316 45.32566468 -48.45593222
v 6.42157316 45.20984678 -46.72360189
v 6.42157316 45.17156643 -45.00000341
v 6.42157316 45.17156643 -45.00000341
v 6.81495380 44.86514719 -43.26211505
v 7.25000000 44.69251701 -41.48749498
v 7.25000000 44.88800512 -39.73995166
v 7.25000000 45.16115665 -38.00286443
v 7.25000000 45.51141846 -36.27965508
v 7.25000000 45.93808867 -34.57376445
v 7.25000000 46.44032802 -32.88858383
v 7.25000000 47.01713708 -31.22744343
v 7.25000000 47.66737905 -29.59364297
v 7.25000000 48.38974932 -27.99043449
v 7.25000000 49.18281737 -26.42099370
v 7.25000000 50.04501918 -24.88844296
v 7.25000000 50.97463813 -23.39582447
v 7.25000000 51.96981646 -21.94609462
v 7.25000000 53.02859723 -20.54213352
v 7.25000000 54.14885948 -19.18673352
v 7.25000000 55.32838686 -17.88258398
v 7.25000000 56.56484860 -16.63227508
v 7.25000000 57.85578039 -15.43828447
v 7.25000000 59.19521987 -14.30573434
v 7.25000000 60.59068961 -13.22863464
v 7.25000000 62.02925018 -12.21736423
v 7.25000000 63.51142035 -11.27118495
v 7.25000000 65.03427046 -10.39196505
v 7.25000000 66.59477924 -9.58145740
v 7.25000000 68.18984156 -8.84126797
v 7.25000000 69.81629119 -8.17287114
v 7.25000000 71.47090855 -7.57759062
v 7.25000000 73.15039772 -7.05660752
v 7.25000000 74.85143230 -6.61095851
v 7.25000000 76.57061720 -6.24152762
v 7.25000000 78.30457261 -5.94904776
v 7.25000000 80.04981188 -5.73410019
v 7.25000000 81.80290943 -5.59711120
v 7.25000000 83.56037098 -5.53835308
v 7.25000000 85.31870228 -5.55794359
v 7.25000000 87.07440143 -5.65584077
v 7.25000000 88.82401995 -5.83185294
v 7.25000000 90.56404068 -6.08562962
v 7.25000000 92.29103803 -6.41666775
v 7.25000000 94.00157114 -6.82430929
v 7.25000000 95.69226019 -7.30774505
v 7.25000000 97.35971010 -7.86601516
v 7.25000000 99.00066312 -8.49801143
v 7.25000000 100.61180045 -9.20247933
v 7.25000000 102.19000169 -9.97802075
v 7.25000000 103.73210062 -10.82308789
v 7.25000000 105.23490054 -11.73601754
v 7.25000000 106.69570064 -12.71498818
v 7.25000000 108.11129657 -13.75805813
v 7.25000000 109.47910197 -14.86315791
v 7.25000000 110.79630159 -16.02808835
v 7.25000000 112.06030143 -17.25054824
v 7.25000000 113.26859907 -18.52808854
v 7.25000000 114.41879885 -19.85819917
v 7.25000000 115.50859672 -21.23821940
v 7.25000000 116.53579541 -22.66541789
v 7.25000000 117.49849519 -24.13695841
v 7.25000000 118.39459798 -25.64991891
v 7.25000000 119.22250161 -27.20129913
v 7.25000000 119.98039791 -28.78801870
v 7.25000000 120.66679916 -30.40692859
v 7.25000000 121.28049990 -32.05479965
v 7.25000000 121.82019551 -33.72837986
v 7.25000000 122.28469581 -35.42434090
v 7.25000000 122.67329889 -37.13931056
v 7.25000000 122.98509686 -38.86988996
v 7.25000000 123.21949461 -40.61263824
v 7.25000000 123.37599625 -42.36409928
v 7.25000000 123.45429660 -44.12079027
v 7.25000000 123.45429646 -45.87922838
v 7.25000000 123.37599585 -47.63591935
v 7.25000000 123.21949395 -49.38738037
v 7.25000000 122.98509593 -51.13012861
v 7.25000000 122.67329771 -52.86070033
v 7.25000000 122.28469437 -54.57567757
v 7.25000000 121.82019381 -56.27163090
v 7.25000000 121.28049794 -57.94521103
v 7.25000000 120.66679695 -59.59309917
v 7.25000000 119.98039546 -61.21199941
v 7.25000000 119.22249892 -62.79871887
v 7.25000000 118.39459506 -64.35009897
v 7.25000000 117.49849204 -65.86306124
v 7.25000000 116.53579204 -67.33461115
v 7.25000000 115.50859314 -68.76179614
v 7.25000000 114.41879506 -70.14183145
v 7.25000000 113.26859507 -71.47192475
v 7.25000000 112.06029724 -72.74948203
v 7.25000000 110.79629721 -73.97192456
v 7.25000000 109.47909742 -75.13685672
v 7.25000000 108.11129185 -76.24195915
v 7.25000000 106.69569576 -77.28501935
v 7.25000000 105.23489552 -78.26400025
v 7.25000000 103.73209546 -79.17692586
v 7.25000000 102.18999640 -80.02199563
v 7.25000000 100.61179505 -80.79753872
v 7.25000000 99.00065760 -81.50200638
v 7.25000000 97.35970449 -82.13401004
v 7.25000000 95.69225450 -82.69226797
v 7.25000000 94.00156538 -83.17570442
v 7.25000000 92.29103220 -83.58335047
v 7.25000000 90.56403480 -83.91438977
v 7.25000000 88.82401403 -84.16815856
v 7.25000000 87.07439549 -84.34417619
v 7.25000000 85.31869632 -84.44207645
v 7.25000000 83.56036502 -84.46166860
v 7.25000000 81.80290348 -84.40290687
v 7.25000000 80.04980595 -84.26591333
v 7.25000000 78.30456671 -84.05096264
v 7.25000000 76.57061135 -83.75848204
v 7.25000000 74.85142650 -83.38905900
v 7.25000000 73.15039199 -82.94340304
v 7.25000000 71.47090290 -82.42242208
v 7.25000000 69.81628563 -81.82714608
v 7.25000000 68.18983610 -81.15874233
v 7.25000000 66.59477390 -80.41855361
v 7.25000000 65.03426523 -79.60804477
v 7.25000000 63.51141526 -78.72882560
v 7.25000000 62.02924523 -77.78264323
v 7.25000000 60.59068482 -76.77136688
v 7.71926594 59.05061530 -75.87495105
v 8.21472359 57.59105499 -74.86106544
v 8.21472359 56.28704278 -73.65498777
v 8.21472359 55.03807284 -72.39201771
v 8.21472359 53.84659421 -71.07465769
v 8.21472359 52.71498345 -69.70553224
v 8.21472359 51.64548358 -68.28736504
v 8.21472359 50.64022323 -66.82295609
v 8.21472359 49.70120509 -65.31521219
v 8.21472359 48.83027549 -63.76713549
v 8.21472359 48.02916630 -62.18180447
v 8.21472359 47.29947587 -60.56236243
v 8.21472359 46.64265379 -58.91202516
v 8.21472359 46.06000468 -57.23406186
v 8.21472359 45.55268441 -55.53181420
v 8.21472359 45.12169622 -53.80864293
v 8.21472359 44.76788700 -52.06799273
v 8.21472359 44.49197771 -50.31331207
v 8.21472359 44.29450622 -48.54808379
v 8.21472359 44.17540769 -46.76539182
v 8.21472359 44.13628811 -45.00000333
v 8.21472359 44.13628811 -45.00000333
v 5.55448198 46.46925777 -45.00000351
v 5.78589821 46.03753717 -43.31119503
v 6.07658720 45.71749564 -41.57908213
v 6.07658720 45.90788731 -39.87711299
v 6.07658720 46.17390535 -38.18531385
v 6.07658720 46.51503860 -36.50704163
v 6.07658720 46.93057751 -34.84564182
v 6.07658720 47.41972863 -33.20439506
v 6.07658720 47.98149633 -31.58657436
v 6.07658720 48.61477816 -29.99537454
v 6.07658720 49.31831908 -28.43397322
v 6.07658720 50.09070765 -26.90545460
v 6.07658720 50.93042945 -25.41286472
v 6.07658720 51.83579836 -23.95916376
v 6.07658720 52.80502912 -22.54723375
v 6.07658720 53.83619912 -21.17989374
v 6.07658720 54.92724841 -19.85983500
v 6.07658720 56.07602933 -18.58969349
v 6.07658720 57.28024924 -17.37198499
v 6.07658720 58.53750869 -16.20912422
v 6.07658720 59.83952980 -15.10812448
v 6.07658720 61.20110978 -14.05710492
v 6.07658720 62.60214898 -13.07219501
v 6.07658720 64.04567627 -12.15068442
v 6.07658720 65.52881537 -11.29439467
v 6.07658720 67.04863660 -10.50502520
v 6.07658720 68.60211108 -9.78413528
v 6.07658720 70.18614891 -9.13316589
v 6.07658720 71.79762203 -8.55340737
v 6.07658720 73.43331085 -8.04601175
v 6.07658720 75.08998050 -7.61198182
v 6.07658720 76.76435034 -7.25218399
v 6.07658720 78.45307107 -6.96733113
v 6.07658720 80.15281626 -6.75798783
v 6.07658720 81.86019847 -6.62457130
v 6.07658720 83.57183025 -6.56734525
v 6.07658720 85.28430889 -6.58642459
v 6.07658720 86.99423167 -6.68176974
v 6.07658720 88.69821878 -6.85319187
v 6.07658720 90.39288276 -7.10035196
v 6.07658720 92.07483617 -7.42275695
v 6.07658720 93.74078310 -7.81976931
v 6.07658720 95.38736662 -8.29060035
v 6.07658720 97.01135950 -8.83431213
v 6.07658720 98.60951162 -9.44982987
v 6.07658720 100.17870254 -10.13592713
v 6.07658720 101.71569742 -10.89124780
v 6.07658720 103.21749789 -11.71427743
v 6.07658720 104.68119717 -12.60340813
v 6.07658720 106.10389607 -13.55684795
v 6.07658720 107.48259625 -14.57271815
v 6.07658720 108.81469608 -15.64899789
v 6.07658720 110.09760158 -16.78355857
v 6.07658720 111.32859667 -17.97413904
v 6.07658720 112.50540016 -19.21836939
v 6.07658720 113.62560117 -20.51378917
v 6.07658720 114.68699481 -21.85782917
v 6.07658720 115.68749824 -23.24780956
v 6.07658720 116.62499814 -24.68097804
v 6.07658720 117.49780076 -26.15448885
v 6.07658720 118.30399877 -27.66541802
v 6.07658720 119.04219598 -29.21075957
v 6.07658720 119.71069866 -30.78744838
v 6.07658720 120.30840057 -32.39235833
v 6.07658720 120.83399707 -34.02229840
v 6.07658720 121.28639715 -35.67403946
v 6.07658720 121.66489891 -37.34428943
v 6.07658720 121.96849528 -39.02974096
v 6.07658720 122.19679716 -40.72704093
v 6.07658720 122.34919418 -42.43282860
v 6.07658720 122.42549563 -44.14372033
v 6.07658720 122.42549550 -45.85629815
v 6.07658720 122.34919380 -47.56718987
v 6.07658720 122.19679651 -49.27296989
v 6.07658720 121.96849438 -50.97027746
v 6.07658720 121.66489776 -52.65572894
v 6.07658720 121.28639574 -54.32597885
v 6.07658720 120.83399541 -55.97771985
v 6.07658720 120.30839867 -57.60765984
v 6.07658720 119.71069652 -59.21256778
v 6.07658720 119.04219359 -60.78925841
v 6.07658720 118.30399615 -62.33459984
v 6.07658720 117.49779791 -63.84552889
v 6.07658720 116.62499507 -65.31903957
v 6.07658720 115.68749496 -66.75222126
v 6.07658720 114.68699132 -68.14219006
v 6.07658720 113.62559748 -69.48622989
v 6.07658720 112.50539627 -70.78164759
v 6.07658720 111.32859258 -72.02588731
v 6.07658720 110.09759732 -73.21646949
v 6.07658720 108.81469165 -74.35102140
v 6.07658720 107.48259166 -75.42729998
v 6.07658720 106.10389132 -76.44316902
v 6.07658720 104.68119228 -77.39661435
v 6.07658720 103.21749287 -78.28573625
v 6.07658720 101.71569227 -79.10877996
v 6.07658720 100.17869728 -79.86408990
v 6.07658720 98.60950625 -80.55018597
v 6.07658720 97.01135404 -81.16571014
v 6.07658720 95.38736108 -81.70941882
v 6.07658720 93.74077749 -82.18024389
v 6.07658720 92.07483050 -82.57725457
v 6.07658720 90.39287704 -82.89966503
v 6.07658720 88.69821302 -83.14682676
v 6.07658720 86.99422589 -83.31824387
v 6.07658720 85.28430309 -83.41358829
v 6.07658720 83.57182445 -83.43267690
v 6.07658720 81.86019268 -83.37544869
v 6.07658720 80.15281049 -83.24202570
v 6.07658720 78.45306533 -83.03268262
v 6.07658720 76.76434464 -82.74783905
v 6.07658720 75.08997486 -82.38803667
v 6.07658720 73.43330528 -81.95400792
v 6.07658720 71.79761653 -81.44660729
v 6.07658720 70.18614349 -80.86684185
v 6.07658720 68.60210576 -80.21588653
v 6.07658720 67.04863139 -79.49499255
v 6.07658720 65.52881028 -78.70561713
v 6.07658720 64.04567131 -77.84932429
v 6.07658720 62.60214416 -76.92781540
v 6.07658720 61.20110511 -75.94290623
v 6.42157316 59.59308438 -75.19850609
v 6.81495380 58.04835330 -74.34397563
v 6.81495380 56.76693555 -73.15878724
v 6.81495380 55.53958350 -71.91768303
v 6.81495380 54.36873475 -70.62313490
v 6.81495380 53.25672390 -69.27772161
v 6.81495380 52.20574439 -67.88410581
v 6.81495380 51.21789431 -66.44506460
v 6.81495380 50.29512678 -64.96343611
v 6.81495380 49.43927667 -63.44216529
v 6.81495380 48.65204535 -61.88428483
v 6.81495380 47.93499682 -60.29288463
v 6.81495380 47.28954635 -58.67111182
v 6.81495380 46.71698712 -57.02221269
v 6.81495380 46.21844446 -55.34944502
v 6.81495380 45.79491782 -53.65611231
v 6.81495380 45.44724644 -51.94560203
v 6.81495380 45.17610552 -50.22130163
v 6.81495380 44.98205582 -48.48664433
v 6.81495380 44.86514692 -46.73789172
v 6.81495380 44.82658809 -45.00000338
v 6.81495380 44.82658809 -45.00000338
v 7.25000000 44.57470758 -43.25025514
v 7.71926594 44.46202537 -41.46689178
v 7.71926594 44.65865789 -39.70911363
v 7.71926594 44.93340778 -37.96183353
v 7.71926594 45.28571809 -36.22852286
v 7.71926594 45.71489836 -34.51263391
v 7.71926594 46.22007885 -32.81756178
v 7.71926594 46.80026773 -31.14667292
v 7.71926594 47.45432822 -29.50330330
v 7.71926594 48.18092899 -27.89068395
v 7.71926594 48.97865860 -26.31204403
v 7.71926594 49.84590725 -24.77050395
v 7.71926594 50.78097740 -23.26913454
v 7.71926594 51.78199985 -21.81090364
v 7.71926594 52.84697951 -20.39871424
v 7.71926594 53.97381830 -19.03536441
v 7.71926594 55.16026935 -17.72356450
v 7.71926594 56.40397901 -16.46592375
v 7.71926594 57.70246772 -15.26493413
v 7.71926594 59.05061997 -14.12505405
v 7.71926594 60.45341775 -13.04233435
v 7.71926594 61.90040879 -12.02513495
v 7.71926594 63.39128029 -11.07339479
v 7.71926594 64.92305679 -10.18902506
v 7.71926594 66.49272085 -9.37376429
v 7.71926594 68.09712917 -8.62923373
v 7.71926594 69.73313081 -7.95691731
v 7.71926594 71.39743749 -7.35814538
v 7.71926594 73.08677622 -6.83410863
v 7.71926594 74.79778242 -6.38584654
v 7.71926594 76.52706101 -6.01424890
v 7.71926594 78.27117114 -5.72005386
v 7.71926594 80.02664906 -5.50384601
v 7.71926594 81.79003103 -5.36605403
v 7.71926594 83.55779226 -5.30695116
v 7.71926594 85.32643087 -5.32665563
v 7.71926594 87.09242971 -5.42512741
v 7.71926594 88.85230213 -5.60217193
v 7.71926594 90.60253099 -5.85743682
v 7.71926594 92.33966018 -6.19041615
v 7.71926594 94.06021831 -6.60044808
v 7.71926594 95.76081032 -7.08671911
v 7.71926594 97.43805637 -7.64826223
v 7.71926594 99.08862242 -8.28396687
v 7.71926594 100.70919732 -8.99256322
v 7.71926594 102.29669879 -9.77265177
v 7.71926594 103.84780041 -10.62267801
v 7.71926594 105.35949620 -11.54095778
v 7.71926594 106.82879544 -12.52567812
v 7.71926594 108.25269978 -13.57485826
v 7.71926594 109.62850078 -14.68643825
v 7.71926594 110.95349764 -15.85819796
v 7.71926594 112.22489800 -17.08782853
v 7.71926594 113.44029860 -18.37285898
v 7.71926594 114.59719700 -19.71076877
v 7.71926594 115.69339593 -21.09887806
v 7.71926594 116.72659895 -22.53444790
v 7.71926594 117.69489870 -24.01461918
v 7.71926594 118.59629629 -25.53644885
v 7.71926594 119.42899881 -27.09692903
v 7.71926594 120.19139645 -28.69294883
v 7.71926594 120.88189468 -30.32134969
v 7.71926594 121.49909732 -31.97888910
v 7.71926594 122.04199728 -33.66229025
v 7.71926594 122.50929756 -35.36818857
v 7.71926594 122.90009791 -37.09321759
v 7.71926594 123.21369641 -38.83394027
v 7.71926594 123.44949797 -40.58690812
v 7.71926594 123.60689988 -42.34863833
v 7.71926594 123.68569613 -44.11562900
v 7.71926594 123.68569600 -45.88438968
v 7.71926594 123.60689948 -47.65138033
v 7.71926594 123.44949731 -49.41311052
v 7.71926594 123.21369548 -51.16607070
v 7.71926594 122.90009671 -52.90680097
v 7.71926594 122.50929611 -54.63182993
v 7.71926594 122.04199556 -56.33772818
v 7.71926594 121.49909535 -58.02112734
v 7.71926594 120.88189247 -59.67867047
v 7.71926594 120.19139399 -61.30706932
v 7.71926594 119.42899611 -62.90308900
v 7.71926594 118.59629335 -64.46357097
v 7.71926594 117.69489553 -65.98539860
v 7.71926594 116.72659555 -67.46556973
v 7.71926594 115.69339232 -68.90113941
v 7.71926594 114.59719318 -70.28926189
v 7.71926594 113.44029458 -71.62716005
v 7.71926594 112.22489379 -72.91220177
v 7.71926594 110.95349324 -74.14181593
v 7.71926594 109.62849621 -75.31357639
v 7.71926594 108.25269504 -76.42515618
v 7.71926594 106.82879054 -77.47435041
v 7.71926594 105.35949115 -78.45906099
v 7.71926594 103.84779522 -79.37733481
v 7.71926594 102.29669347 -80.22737131
v 7.71926594 100.70919188 -81.00745389
v 7.71926594 99.08861688 -81.71604905
v 7.71926594 97.43805073 -82.35176059
v 7.71926594 95.76080459 -82.91329916
v 7.71926594 94.06021251 -83.39956612
v 7.71926594 92.33965432 -83.80960780
v 7.71926594 90.60252508 -84.14257734
v 7.71926594 88.85229618 -84.39784912
v 7.71926594 87.09242373 -84.57489671
v 7.71926594 85.32642488 -84.67335392
v 7.71926594 83.55778627 -84.69306814
v 7.71926594 81.79002504 -84.63395545
v 7.71926594 80.02664310 -84.49617609
v 7.71926594 78.27116521 -84.27996654
v 7.71926594 76.52705512 -83.98576933
v 7.71926594 74.79777659 -83.61416428
v 7.71926594 73.08677045 -83.16590670
v 7.71926594 71.39743181 -82.64186635
v 7.71926594 69.73312521 -82.04309609
v 7.71926594 68.09712368 -81.37078609
v 7.71926594 66.49271547 -80.62625624
v 7.71926594 64.92305153 -79.81098665
v 7.71926594 63.39127517 -78.92661764
v 7.71926594 61.90040381 -77.97488108
v 7.71926594 60.45341292 -76.95767668
v 8.21472359 58.94576453 -76.00646655
v 5.38629723 46.96471828 -45.00000355
v 5.38629723 47.00139647 -46.64787266
v 5.38629723 47.11170595 -48.29633306
v 5.38629723 47.29516606 -49.93632483
v 5.38629723 47.55149452 -51.56650521
v 5.38629723 47.88020686 -53.18365459
v 5.38629723 48.28061644 -54.78455336
v 5.38629723 48.75193743 -56.36602388
v 5.38629723 49.29325429 -57.92493429
v 5.38629723 49.90347604 -59.45817561
v 5.38629723 50.58138578 -60.96271515
v 5.38629723 51.32565599 -62.43556219
v 5.38629723 52.13478369 -63.87379468
v 5.38629723 53.00718578 -65.27455539
v 5.38629723 53.94111512 -66.63506724
v 5.38629723 54.93473303 -67.95261035
v 5.38629723 55.98605587 -69.22459071
v 5.38629723 57.09298556 -70.44847538
v 5.38629723 58.25335534 -71.62184583
v 5.38629723 59.46482300 -72.74234458
v 6.07658720 122.19679716 -40.72704093
v 6.07658720 122.19679651 -49.27296989
v 5.55448198 46.46925777 -45.00000351
v 5.55448198 46.50638609 -46.66893356
v 5.55448198 46.61821763 -48.34043473
v 5.55448198 46.80412678 -50.00236483
v 5.55448198 47.06388465 -51.65435383
v 5.55448198 47.39698771 -53.29313255
v 5.55448198 47.80275693 -54.91545466
v 5.55448198 48.28039506 -56.51808531
v 5.55448198 48.82894459 -58.09784304
v 5.55448198 49.44732597 -59.65159217
v 5.55448198 50.13430706 -61.17626569
v 5.55448198 50.88853363 -62.66881564
v 5.55448198 51.70848362 -64.12629327
v 5.55448198 52.59256631 -65.54579560
v 5.55448198 53.53899641 -66.92449592
v 5.55448198 54.54589328 -68.25967056
v 5.55448198 55.61127328 -69.54867211
v 5.55448198 56.73302307 -70.78893708
v 5.55448198 57.90891485 -71.97798594
v 5.55448198 59.13659497 -73.11347645
v -35.25000000 48.03956633 -46.68740444
v -35.21577835 47.51410705 -46.62599541
v -35.25000000 47.99999660 -45.00000362
v -35.21577835 47.47788662 -45.00000358
v -35.25000000 47.99999660 -45.00000362
v -35.21577835 47.47788662 -45.00000358
v -35.21577835 47.51410729 -43.37401177
v -35.11370087 47.00139672 -43.35213444
v -35.11370087 47.11170645 -41.70367406
v -34.94551849 46.61821814 -41.65957231
v -35.11370087 47.29516681 -40.06368231
v -34.94551849 46.80412753 -39.99764224
v -35.11370087 47.55149551 -38.43350197
v -34.94551849 47.06388565 -38.34565327
v -35.11370087 47.88020810 -36.81635264
v -34.94551849 47.39698896 -36.70687461
v -35.11370087 48.28061792 -35.21545393
v -34.94551849 47.80275843 -35.08455256
v -35.11370087 48.75193914 -33.63397203
v -34.94551849 48.28039679 -33.48192198
v -35.11370087 49.29325625 -32.07507315
v -34.94551849 48.82894657 -31.90216433
v -35.11370087 49.90347822 -30.54183383
v -34.94551849 49.44732818 -30.34840385
v -35.11370087 50.58138819 -29.03729439
v -34.94551849 50.13430950 -28.82374379
v -35.11370087 51.32565862 -27.56444365
v -34.94551849 50.88853630 -27.33119395
v -35.11370087 52.13478654 -26.12621320
v -34.94551849 51.70848651 -25.87371454
v -35.11370087 53.00718884 -24.72545452
v -34.94551849 52.59256941 -24.45421425
v -35.11370087 53.94111838 -23.36494472
v -34.94551849 53.53899972 -23.07551407
v -35.11370087 54.93473649 -22.04739413
v -34.94551849 54.54589680 -21.74033386
v -35.11370087 55.98605953 -20.77541393
v -34.94551849 55.61127699 -20.45134392
v -35.11370087 57.09298940 -19.55153515
v -34.94551849 56.73302696 -19.21108483
v -35.11370087 58.25335936 -18.37817441
v -34.94551849 57.90891893 -18.02202471
v -35.11370087 59.46482719 -17.25766440
v -34.94551849 59.13659922 -16.88652485
v -35.11370087 60.71703979 -16.19869500
v -34.94551849 60.40636706 -15.81273440
v -35.11370087 62.03142052 -15.18401424
v -34.94551849 61.73752864 -14.78513421
v -35.11370087 63.38143813 -14.23498441
v -34.94551849 63.10559741 -13.82340431
v -35.11370087 64.77239127 -13.34702504
v -34.94551849 64.51516626 -12.92357455
v -35.11370087 66.20152951 -12.52192520
v -34.94551849 65.96341614 -12.08743498
v -35.11370087 67.66599185 -11.76129471
v -34.94551849 67.44747076 -11.31662497
v -35.11370087 69.16287911 -11.06666515
v -34.94551849 68.96440044 -10.61270567
v -35.11370087 70.68923108 -10.43940506
v -34.94551849 70.51116105 -9.97705229
v -35.11370087 72.24201128 -9.88076088
v -34.94551849 72.08471609 -9.41093417
v -35.11370087 73.81813741 -9.39184269
v -34.94551849 73.68192987 -8.91547664
v -35.11370087 75.41448144 -8.97361943
v -34.94551849 75.29962094 -8.49166103
v -35.11370087 77.02786953 -8.62692556
v -34.94551849 76.93459259 -8.14032659
v -35.11370087 78.65508970 -8.35244677
v -34.94551849 78.58358705 -7.86217615
v -35.11370087 80.29292999 -8.15072761
v -34.94551849 80.24333133 -7.65775905
v -35.11370087 81.93813263 -8.02217148
v -34.94551849 81.91055241 -7.52748106
v -35.11370087 83.58741700 -7.96702825
v -34.94551849 83.58190099 -7.47160112
v -35.11370087 85.23754060 -7.98541236
v -34.94551849 85.25408879 -7.49023127
v -35.11370087 86.88519226 -8.07728565
v -34.94551849 86.92378178 -7.58333338
v -35.11370087 88.52712188 -8.24246598
v -34.94551849 88.58767642 -7.75072290
v -35.11370087 90.16005643 -8.48062242
v -34.94551849 90.24246155 -7.99206700
v -35.11370087 91.78076106 -8.79128672
v -34.94551849 91.88484892 -8.30688693
v -35.11370087 93.38603141 -9.17383994
v -34.94551849 93.51158839 -8.69455948
v -35.11370087 94.97264789 -9.62752201
v -34.94551849 95.11943748 -9.15430882
v -35.11370087 96.53749008 -10.15143742
v -34.94551849 96.70522235 -9.68522993
v -35.11370087 98.07743754 -10.74453713
v -34.94551849 98.26576155 -10.28626707
v -35.11370087 99.58943090 -11.40564717
v -34.94551849 99.79798806 -10.95621767
v -35.11370087 101.07050232 -12.13345719
v -34.94551849 101.29889591 -11.69376757
v -35.11370087 102.51760004 -12.92651760
v -34.94551849 102.76540280 -12.49743761
v -35.11370087 103.92800036 -13.78325770
v -34.94551849 104.19460196 -13.36563802
v -35.11370087 105.29889568 -14.70197805
v -34.94551849 105.58380019 -14.29664837
v -35.11370087 106.62740208 -15.68085808
v -34.94551849 106.93009833 -15.28861853
v -35.11370087 107.91100185 -16.71793799
v -34.94551849 108.23090239 -16.33957726
v -35.11370087 109.14720019 -17.81117882
v -34.94551849 109.48359548 -17.44743792
v -35.11370087 110.33339548 -18.95838808
v -34.94551849 110.68559888 -18.61000897
v -35.11370087 111.46729889 -20.15730936
v -34.94551849 111.83479922 -19.82496915
v -35.11370087 112.54669791 -21.40555850
v -34.94551849 112.92859490 -21.08990759
v -35.11370087 113.56939526 -22.70063876
v -34.94551849 113.96499465 -22.40231802
v -35.11370087 114.53339967 -24.03999812
v -34.94551849 114.94190037 -23.75959883
v -35.11370087 115.43679618 -25.42097963
v -34.94551849 115.85739709 -25.15904920
v -35.11370087 116.27779949 -26.84082909
v -34.94551849 116.70960035 -26.59788822
v -35.11370087 117.05470062 -28.29672934
v -34.94551849 117.49690035 -28.07326822
v -35.11370087 117.76589741 -29.78578884
v -34.94551849 118.21769491 -29.58224808
v -35.11370087 118.41019966 -31.30505884
v -34.94551849 118.87049631 -31.12184850
v -35.11370087 118.98609676 -32.85151808
v -34.94551849 119.45409909 -32.68900057
v -35.11370087 119.49249771 -34.42209764
v -34.94551849 119.96729783 -34.28058767
v -35.11370087 119.92849460 -36.01368093
v -34.94551849 120.40919987 -35.89346078
v -35.11370087 120.29319479 -37.62309792
v -34.94551849 120.77869895 -37.52440792
v -35.11370087 120.58569803 -39.24717097
v -34.94551849 121.07519998 -39.17020949
v -35.11370087 120.80569912 -40.88265759
v -34.94551849 121.29810025 -40.82758103
v -35.11370087 120.95259536 -42.52633054
v -34.94551849 121.44689621 -42.49323045
v -35.11370087 121.02609682 -44.17489775
v -34.94551849 121.52139712 -44.16385805
v -35.11370087 121.02609670 -45.82512053
v -34.94551849 121.52139699 -45.83616030
v -35.11370087 120.95259499 -47.47368772
v -34.94551849 121.44689583 -47.50678789
v -35.11370087 120.80569850 -49.11736065
v -34.94551849 121.29809962 -49.17243729
v -35.11370087 120.58569716 -50.75284724
v -34.94551849 121.07519910 -50.82980879
v -35.11370087 120.29319368 -52.37692025
v -34.94551849 120.77869782 -52.47561031
v -34.94551849 120.77869782 -52.47561031
v -35.11370087 119.92849324 -53.98633718
v -34.94551849 120.40919849 -54.10655740
v -35.11370087 119.49249611 -55.57792040
v -34.94551849 119.96729621 -55.71943044
v -35.11370087 118.98609493 -57.14849989
v -34.94551849 119.45409724 -57.31101747
v -35.11370087 118.41019760 -58.69495904
v -34.94551849 118.87049421 -58.87816754
v -35.11370087 117.76589511 -60.21422703
v -34.94551849 118.21769258 -60.41776024
v -35.11370087 117.05469810 -61.70329024
v -34.94551849 117.49689779 -61.92674761
v -35.11370087 116.27779675 -63.15918847
v -34.94551849 116.70959757 -63.40212749
v -35.11370087 115.43679322 -64.57904924
v -34.94551849 115.85739409 -64.84096639
v -35.11370087 114.53339651 -65.96001536
v -34.94551849 114.94189716 -66.24041853
v -35.11370087 113.56939189 -67.29937839
v -34.94551849 113.96499123 -67.59769537
v -35.11370087 112.54669435 -68.59446040
v -34.94551849 112.92859129 -68.91011900
v -35.11370087 111.46729514 -69.84270556
v -34.94551849 111.83479542 -70.17504964
v -35.11370087 110.33339155 -71.04162668
v -34.94551849 110.68559489 -71.39000775
v -35.11370087 109.14719609 -72.18885101
v -34.94551849 109.48359132 -72.55257479
v -35.11370087 107.91099758 -73.28207449
v -34.94551849 108.23089806 -73.66043908
v -35.11370087 106.62739765 -74.31916851
v -34.94551849 106.93009385 -74.71139571
v -35.11370087 105.29889110 -75.29803499
v -34.94551849 105.58379555 -75.70336948
v -35.11370087 103.92799565 -76.21675894
v -34.94551849 104.19459718 -76.63436913
v -35.11370087 102.51759519 -77.07349407
v -34.94551849 102.76539790 -77.50257886
v -35.11370087 101.07049736 -77.86656952
v -34.94551849 101.29889088 -78.30625917
v -35.11370087 99.58942583 -78.59436787
v -34.94551849 99.79798292 -79.04380026
v -35.11370087 98.07743237 -79.25547768
v -34.94551849 98.26575631 -79.71376017
v -35.11370087 96.53748482 -79.84857907
v -34.94551849 96.70521702 -80.31478849
v -35.11370087 94.97264255 -80.37248947
v -34.94551849 95.11943207 -80.84571031
v -35.11370087 93.38602600 -80.82617893
v -34.94551849 93.51158291 -81.30545750
v -35.11370087 91.78075559 -81.20872428
v -34.94551849 91.88484338 -81.69313743
v -35.11370087 90.16005091 -81.51939310
v -34.94551849 90.24245597 -82.00794901
v -35.11370087 88.52711633 -81.75755978
v -34.94551849 88.58767079 -82.24929715
v -35.11370087 86.88518669 -81.92272842
v -34.94551849 86.92377613 -82.41667832
v -35.11370087 85.23753501 -82.01460910
v -34.94551849 85.25408313 -82.50978732
v -35.11370087 83.58741141 -82.03298818
v -34.94551849 83.58189532 -82.52841818
v -35.11370087 81.93812705 -81.97784280
v -34.94551849 81.91054675 -82.47253273
v -35.11370087 80.29292442 -81.84928737
v -34.94551849 80.24332569 -82.34225307
v -35.11370087 78.65508417 -81.64756606
v -34.94551849 78.58358145 -82.13784620
v -35.11370087 77.02786403 -81.37308321
v -34.94551849 76.93458702 -81.85968598
v -35.11370087 75.41447600 -81.02639577
v -34.94551849 75.29961543 -81.50835224
v -35.11370087 73.81813204 -80.60816750
v -34.94551849 73.68192442 -81.08454688
v -35.11370087 72.24200598 -80.11925289
v -34.94551849 72.08471071 -80.58908625
v -35.11370087 70.68922587 -79.56060562
v -34.94551849 70.51115576 -80.02295454
v -35.11370087 69.16287398 -78.93334720
v -34.94551849 68.96439525 -79.38730379
v -35.11370087 67.66598683 -78.23871360
v -34.94551849 67.44746568 -78.68338522
v -35.11370087 66.20152461 -77.47808575
v -34.94551849 65.96341117 -77.91258738
v -35.11370087 64.77238649 -76.65298188
v -34.94551849 64.51516142 -77.07643615
v -35.11370087 63.38143349 -75.76502706
v -34.94551849 63.10559270 -76.17660236
v -35.11370087 62.03141601 -74.81600658
v -34.94551849 61.73752408 -75.21487130
v -34.94551849 60.40636265 -74.18727568
v -34.71409988 60.11218462 -74.55287624
v -34.71409988 58.82571619 -73.46499315
v -34.42340851 58.53750435 -73.79088272
v -34.71409988 57.58268573 -72.31530434
v -34.42340851 57.28024507 -72.62802556
v -34.71409988 56.39209592 -71.11138579
v -34.42340851 56.07602534 -71.41032070
v -34.71409988 55.25632331 -69.85562551
v -34.42340851 54.92724461 -70.14017138
v -34.71409988 54.17761476 -68.55050305
v -34.42340851 53.83619552 -68.82012583
v -34.71409988 53.15812557 -67.19863530
v -34.42340851 52.80502573 -67.45277041
v -34.71409988 52.19986610 -65.80268491
v -34.42340851 51.83579518 -66.04084406
v -34.71409988 51.30473605 -64.36544424
v -34.42340851 50.93042649 -64.58714679
v -34.71409988 50.47452452 -62.88973236
v -34.42340851 50.09070492 -63.09455487
v -34.71409988 49.71087565 -61.37852472
v -34.42340851 49.31831658 -61.56604376
v -34.71409988 49.01529623 -59.83479298
v -34.42340851 48.61477590 -60.00463471
v -34.71409988 48.38918628 -58.26161178
v -34.42340851 47.98149431 -58.41343288
v -34.71409988 47.83377410 -56.66209391
v -34.42340851 47.41972685 -56.79561210
v -34.71409988 47.35016598 -55.03942466
v -34.42340851 46.93057598 -55.15436527
v -34.71409988 46.93932702 -53.39682361
v -34.42340851 46.51503731 -53.49295395
v -34.71409988 46.60205450 -51.73755235
v -34.42340851 46.17390432 -51.81469312
v -34.71409988 46.33904651 -50.06490294
v -34.42340851 45.90788654 -50.12289394
v -34.71409988 46.15081803 -48.38220182
v -34.42340851 45.71749512 -48.42092478
v -34.71409988 46.03753691 -46.68881192
v -34.42340851 45.60288649 -46.70714532
v -34.71409988 45.99999660 -45.00000347
v -34.42340851 45.56494564 -45.00000344
v -34.71409988 45.99999660 -45.00000347
v -34.42340851 45.56494564 -45.00000344
v -34.42340851 45.60288675 -43.29286157
v -34.07843018 45.20984704 -43.27640493
v -34.07843018 45.32566520 -41.54407462
v -33.68505096 44.98205634 -41.51336247
v -34.07843018 45.51801762 -39.82468376
v -33.68505096 45.17610631 -39.77869375
v -34.07843018 45.78675555 -38.11556208
v -33.68505096 45.44724749 -38.05440483
v -34.07843018 46.13137542 -36.42012372
v -33.68505096 45.79491913 -36.34389460
v -34.07843018 46.55117917 -34.74171418
v -33.68505096 46.21844602 -34.65056196
v -34.07843018 47.04532755 -33.08366368
v -33.68505096 46.71698893 -32.97779436
v -34.07843018 47.61284781 -31.44928338
v -33.68505096 47.28954842 -31.32888388
v -34.07843018 48.25260700 -29.84180433
v -33.68505096 47.93499913 -29.70712451
v -34.07843018 48.96334625 -28.26441372
v -33.68505096 48.65204790 -28.11572442
v -34.07843018 49.74364651 -26.72026438
v -33.68505096 49.43927946 -26.55784408
v -34.07843018 50.59195900 -25.21239472
v -33.68505096 50.29512979 -25.03658293
v -34.07843018 51.50659763 -23.74381454
v -33.68505096 51.21789754 -23.55495458
v -34.07843018 52.48574661 -22.31743446
v -33.68505096 52.20574784 -22.11590398
v -34.07843018 53.52746805 -20.93609451
v -33.68505096 53.25672756 -20.72228452
v -34.07843018 54.62968678 -19.60252411
v -33.68505096 54.36873862 -19.37687331
v -34.07843018 55.79022841 -18.31938402
v -33.68505096 55.53958756 -18.08232345
v -34.07843018 57.00676980 -17.08921481
v -33.68505096 56.76693980 -16.84122514
v -34.07843018 58.27690004 -15.91445409
v -33.68505096 58.04835774 -15.65603408
v -34.07843018 59.59308894 -14.80150482
v -33.68505096 59.37707791 -14.53251429
v -34.07843018 60.96775714 -13.74040492
v -33.68505096 60.76312917 -13.46266442
v -34.07843018 62.38313960 -12.74541468
v -33.68505096 62.19107725 -12.45884507
v -34.07843018 63.84143740 -11.81447511
v -33.68505096 63.66233739 -11.51962475
v -34.07843018 65.33976663 -10.94941537
v -33.68505096 65.17397991 -10.64688507
v -34.07843018 66.87513656 -10.15196542
v -33.68505096 66.72299120 -9.84234646
v -34.07843018 68.44451070 -9.42370073
v -33.68505096 68.30629661 -9.10761014
v -34.07843018 70.04476100 -8.76606993
v -33.68505096 69.92076810 -8.44413522
v -34.07843018 71.67272125 -8.18037860
v -33.68505096 71.56320131 -7.85323922
v -34.07843018 73.32515659 -7.66778737
v -33.68505096 73.23032324 -7.33609466
v -34.07843018 74.99878638 -7.22931665
v -33.68505096 74.91882272 -6.89372867
v -34.07843018 76.69029184 -6.86583669
v -33.68505096 76.62535046 -6.52701861
v -34.07843018 78.39630077 -6.57806798
v -33.68505096 78.34651137 -6.23669310
v -34.07843018 80.11344099 -6.36658224
v -33.68505096 80.07891037 -6.02332910
v -34.07843018 81.83830214 -6.23180006
v -33.68505096 81.81909135 -5.88734911
v -34.07843018 83.56745101 -6.17398845
v -33.68505096 83.56359819 -5.82902347
v -34.07843018 85.29744674 -6.19326234
v -33.68505096 85.30898241 -5.84846855
v -34.07843018 87.02487898 -6.28958358
v -33.68505096 87.05175736 -5.94564571
v -34.07843018 88.74630689 -6.46276047
v -33.68505096 88.78848220 -6.12036183
v -34.07843018 90.45831248 -6.71244970
v -33.68505096 90.51569318 -6.37226883
v -34.07843018 92.15749306 -7.03815488
v -33.68505096 92.22997233 -6.70086889
v -34.07843018 93.84046880 -7.43923085
v -33.68505096 93.92790169 -7.10550731
v -34.07843018 95.50392091 -7.91487938
v -33.68505096 95.60613193 -7.58538205
v -34.07843018 97.14453061 -8.46415872
v -33.68505096 97.26130615 -8.13954039
v -34.07843018 98.75903252 -9.08597452
v -33.68505096 98.89015895 -8.76688273
v -34.07843018 100.34419940 -9.77909560
v -33.68505096 100.48950124 -9.46616169
v -34.07843018 101.89700238 -10.54214770
v -33.68505096 102.05599898 -10.23598774
v -34.07843018 103.41419897 -11.37360781
v -33.68505096 103.58669960 -11.07483788
v -34.07843018 104.89289763 -12.27182799
v -33.68505096 105.07849794 -11.98103840
v -34.07843018 106.33010001 -13.23502771
v -33.68505096 106.52850244 -12.95279830
v -34.07843018 107.72299850 -14.26129773
v -33.68505096 107.93369951 -13.98818831
v -34.07843018 109.06870154 -15.34859813
v -33.68505096 109.29149514 -15.08514848
v -34.07843018 110.36469907 -16.49476885
v -33.68505096 110.59899780 -16.24149776
v -34.07843018 111.60839710 -17.69752773
v -33.68505096 111.85359823 -17.45494924
v -34.07843018 112.79720163 -18.95449918
v -33.68505096 113.05309917 -18.72307868
v -34.07843018 113.92880096 -20.26316931
v -33.68505096 114.19479982 -20.04338936
v -34.07843018 115.00109700 -21.62096892
v -33.68505096 115.27649527 -21.41324914
v -34.07843018 116.01180093 -23.02516859
v -33.68505096 116.29620189 -22.82992860
v -34.07843018 116.95889860 -24.47300840
v -33.68505096 117.25169952 -24.29062966
v -34.07843018 117.84059710 -25.96160825
v -33.68505096 118.14129444 -25.79244933
v -34.07843018 118.65509589 -27.48799838
v -33.68505096 118.96299537 -27.33239881
v -34.07843018 119.40080042 -29.04915948
v -33.68505096 119.71529933 -28.90743969
v -34.07843018 120.07620008 -30.64198828
v -33.68505096 120.39679488 -30.51441911
v -34.07843018 120.67999787 -32.26331859
v -33.68505096 121.00589509 -32.15015943
v -34.07843018 121.21099598 -33.90994033
v -33.68505096 121.54160054 -33.81141054
v -34.07843018 121.66809576 -35.57858051
v -33.68505096 122.00269813 -35.49487081
v -34.07843018 122.05039697 -37.26592795
v -33.68505096 122.38839441 -37.19721002
v -34.07843018 122.35709850 -38.96862954
v -33.68505096 122.69789593 -38.91504070
v -34.07843018 122.58769682 -40.68330927
v -33.68505096 122.93059996 -40.64496015
v -34.07843018 122.74169602 -42.40656063
v -33.68505096 123.08589615 -42.38351988
v -34.07843018 122.81879855 -44.13495037
v -33.68505096 123.16369296 -44.12726760
v -34.07843018 122.81879842 -45.86506817
v -33.68505096 123.16369283 -45.87275100
v -34.07843018 122.74169563 -47.59345791
v -33.68505096 123.08589576 -47.61649870
v -34.07843018 122.58769617 -49.31670924
v -33.68505096 122.93059930 -49.35505841
v -34.07843018 122.35709759 -51.03137749
v -33.68505096 122.69789501 -51.08497020
v -34.07843018 122.05039580 -52.73409048
v -33.68505096 122.38839323 -52.80280084
v -34.07843018 121.66809434 -54.42143024
v -33.68505096 122.00269669 -54.50513998
v -34.07843018 121.21099430 -56.09007034
v -33.68505096 121.54159885 -56.18860781
v -34.07843018 120.67999595 -57.73669963
v -33.68505096 121.00589315 -57.84985884
v -34.07843018 120.07619791 -59.35802985
v -33.68505096 120.39679269 -59.48560098
v -34.07843018 119.40079801 -60.95086045
v -33.68505096 119.71529690 -61.09258030
v -34.07843018 118.65509324 -62.51201763
v -33.68505096 118.96299271 -62.66761915
v -34.07843018 117.84059423 -64.03841527
v -33.68505096 118.14129154 -64.20756660
v -34.07843018 116.95889550 -65.52700926
v -33.68505096 117.25169639 -65.70938996
v -34.07843018 116.01179762 -66.97484702
v -33.68505096 116.29619854 -67.17009087
v -34.07843018 115.00109347 -68.37905989
v -33.68505096 115.27649171 -68.58677018
v -34.07843018 113.92879723 -69.73684790
v -33.68505096 114.19479605 -69.95662788
v -34.07843018 112.79719770 -71.04552548
v -33.68505096 113.05309520 -71.27694030
v -34.07843018 111.60839298 -72.30249866
v -33.68505096 111.85359407 -72.54507528
v -34.07843018 110.36469477 -73.50525736
v -33.68505096 110.59899345 -73.75853038
v -34.07843018 109.06869706 -74.65142883
v -33.68505096 109.29149062 -74.91487947
v -34.07843018 107.72299385 -75.73871663
v -33.68505096 107.93369482 -76.01182608
v -34.07843018 106.33009522 -76.76498453
v -33.68505096 106.52849760 -77.04721874
v -34.07843018 104.89289269 -77.72818785
v -33.68505096 105.07849295 -78.01897461
v -34.07843018 103.41419389 -78.62641925
v -33.68505096 103.58669448 -78.92517872
v -34.07843018 101.89699717 -79.45787818
v -33.68505096 102.05599373 -79.76403816
v -34.07843018 100.34419408 -80.22092432
v -33.68505096 100.48949587 -80.53385921
v -34.07843018 98.75902709 -80.91403944
v -33.68505096 98.89015347 -81.23313887
v -34.07843018 97.14452509 -81.53585786
v -33.68505096 97.26130058 -81.86048098
v -34.07843018 95.50391531 -82.08513599
v -33.68505096 95.60612629 -82.41463429
v -34.07843018 93.84046313 -82.56079047
v -33.68505096 93.92789596 -82.89450782
v -34.07843018 92.15748733 -82.96186761
v -33.68505096 92.22996655 -83.29914789
v -34.07843018 90.45830670 -83.28756634
v -33.68505096 90.51568735 -83.62774579
v -34.07843018 88.74630107 -83.53725340
v -33.68505096 88.78847633 -83.87965300
v -34.07843018 87.02487314 -83.71043290
v -33.68505096 87.05175147 -84.05436601
v -34.07843018 85.29744088 -83.80675388
v -33.68505096 85.30897650 -84.15154910
v -34.07843018 83.56744515 -83.82602560
v -33.68505096 83.56359228 -84.17098867
v -34.07843018 81.83829629 -83.76821754
v -33.68505096 81.81908545 -84.11266945
v -34.07843018 80.11343515 -83.63343653
v -33.68505096 80.07890449 -83.97668299
v -34.07843018 78.39629497 -83.42194958
v -33.68505096 78.34650552 -83.76332684
v -34.07843018 76.69028608 -83.13417632
v -33.68505096 76.62534465 -83.47299773
v -34.07843018 74.99878068 -82.77069658
v -33.68505096 74.91881697 -83.10628312
v -34.07843018 73.32515095 -82.33222752
v -33.68505096 73.23031755 -82.66391544
v -34.07843018 71.67271569 -81.81963890
v -33.68505096 71.56319570 -82.14677207
v -34.07843018 70.04475552 -81.23394541
v -33.68505096 69.92076258 -81.55587534
v -34.07843018 68.44450533 -80.57630674
v -33.68505096 68.30629120 -80.89240781
v -34.07843018 66.87513130 -79.84804277
v -33.68505096 66.72298589 -80.15766648
v -34.07843018 65.33976149 -79.05059545
v -33.68505096 65.17397472 -79.35312382
v -34.07843018 63.84143239 -78.18553644
v -33.68505096 63.66233233 -78.48038200
v -34.07843018 62.38313473 -77.25459761
v -33.68505096 62.19107233 -77.54116528
v -34.07843018 60.96775242 -76.25961764
v -33.68505096 60.76312441 -76.53734284
v -33.68505096 59.37707331 -75.46749563
v -33.25000000 59.19521523 -75.69427174
v -33.25000000 57.85577593 -74.56172617
v -32.78073120 57.70246323 -74.73507363
v -33.25000000 56.56484431 -73.36773346
v -32.78073120 56.40397470 -73.53408476
v -33.25000000 55.32838277 -72.11743582
v -32.78073120 55.16026523 -72.27644765
v -33.25000000 54.14885559 -70.81327466
v -32.78073120 53.97381437 -70.96464183
v -33.25000000 53.02859354 -69.45787449
v -32.78073120 52.84697579 -69.60130709
v -33.25000000 51.96981298 -68.05392085
v -32.78073120 51.78199635 -68.18910608
v -33.25000000 50.97463486 -66.60419086
v -32.78073120 50.78097412 -66.73088457
v -33.25000000 50.04501614 -65.11157604
v -32.78073120 49.84590419 -65.22950358
v -33.25000000 49.18281457 -63.57901372
v -32.78073120 48.97865578 -63.68796528
v -33.25000000 48.38974675 -62.00957473
v -32.78073120 48.18092640 -62.10932523
v -33.25000000 47.66737673 -60.40636423
v -32.78073120 47.45432588 -60.49670387
v -33.25000000 47.01713500 -58.77256367
v -32.78073120 46.80026564 -58.85332461
v -33.25000000 46.44032619 -57.11142318
v -32.78073120 46.22007701 -57.18244520
v -33.25000000 45.93808709 -55.42623485
v -32.78073120 45.71489678 -55.48737299
v -33.25000000 45.51141715 -53.72034416
v -32.78073120 45.28571677 -53.77148398
v -33.25000000 45.16115559 -51.99714239
v -32.78073120 44.93340672 -52.03817325
v -33.25000000 44.88800432 -50.26005512
v -32.78073120 44.65865709 -50.29089311
v -33.25000000 44.69251648 -48.51251177
v -32.78073120 44.46202484 -48.53311493
v -33.25000000 44.57470732 -46.74975160
v -32.78073120 44.34346800 -46.75897170
v -33.25000000 44.53589672 -45.00000336
v -32.78073120 44.30447811 -45.00000334
v -33.25000000 44.53589672 -45.00000336
v -32.78073120 44.30447811 -45.00000334
v -32.78073120 44.34346826 -43.24102355
v -32.28527069 44.17540796 -43.23461485
v -32.28527069 44.29450676 -41.45192290
v -31.77210045 44.19283745 -41.44284391
v -32.28527069 44.49197851 -39.68669464
v -31.77210045 44.39080511 -39.67308380
v -32.28527069 44.76788807 -37.93201403
v -31.77210045 44.66742802 -37.91390184
v -32.28527069 45.12169755 -36.19136388
v -31.77210045 45.02213777 -36.16880375
v -32.28527069 45.55268600 -34.46819268
v -31.77210045 45.45423629 -34.44122276
v -32.28527069 46.06000653 -32.76594510
v -31.77210045 45.96285764 -32.73461498
v -32.28527069 46.64265589 -31.08798379
v -31.77210045 46.54699854 -31.05236405
v -32.28527069 47.29947822 -29.43764281
v -31.77210045 47.20550697 -29.39779447
v -32.28527069 48.02916889 -27.81819325
v -31.77210045 47.93705921 -27.77420406
v -32.28527069 48.83027832 -26.23287379
v -31.77210045 48.74021714 -26.18481432
v -32.28527069 49.70120816 -24.68479341
v -31.77210045 49.61337857 -24.63278382
v -32.28527069 50.64022652 -23.17706300
v -31.77210045 50.55480782 -23.12118340
v -32.28527069 51.64548710 -21.71265420
v -31.77210045 51.56263951 -21.65302475
v -32.28527069 52.71498718 -20.29447381
v -31.77210045 52.63487854 -20.23121468
v -32.28527069 53.84659815 -18.92535425
v -31.77210045 53.76938868 -18.85858370
v -32.28527069 55.03807698 -17.60800396
v -31.77210045 54.96391927 -17.53786502
v -32.28527069 56.28704711 -16.34503408
v -31.77210045 56.21608993 -16.27165456
v -32.28527069 57.59105950 -15.13895470
v -31.77210045 57.52342873 -15.06248432
v -32.28527069 58.94576921 -13.99354426
v -31.77210045 58.88247957 -13.91345469
v -32.28527069 60.35365961 -12.90693453
v -31.77210045 60.29310893 -12.82475450
v -32.28527069 61.80678087 -11.88541498
v -31.77210045 61.74994952 -11.80062474
v -32.28527069 63.30395807 -10.92965509
v -31.77210045 63.25096049 -10.84241486
v -32.28527069 64.84223099 -10.04153455
v -31.77210045 64.79318162 -9.95201791
v -32.28527069 66.41854026 -9.22281767
v -31.77210045 66.37351921 -9.13120580
v -32.28527069 68.02976163 -8.47513617
v -31.77210045 67.98886045 -8.38161028
v -32.28527069 69.67268313 -7.79997016
v -31.77210045 69.63598575 -7.70471526
v -32.28527069 71.34403937 -7.19866147
v -31.77210045 71.31163734 -7.10186638
v -32.28527069 73.04054210 -6.67240456
v -31.77210045 73.01248119 -6.57426146
v -32.28527069 74.75878859 -6.22224275
v -31.77210045 74.73512985 -6.12294761
v -32.28527069 76.49539140 -5.84907060
v -31.77210045 76.47618060 -5.74881988
v -32.28527069 78.24690205 -5.55363006
v -31.77210045 78.23216969 -5.45262212
v -32.28527069 80.00981100 -5.33650621
v -31.77210045 79.99960288 -5.23494228
v -32.28527069 81.78066977 -5.19813011
v -31.77210045 81.77497825 -5.09621236
v -32.28527069 83.55590782 -5.13877641
v -31.77210045 83.55477104 -5.03670751
v -32.28527069 85.33204612 -5.15856433
v -31.77210045 85.33545647 -5.05654550
v -32.28527069 87.10552939 -5.25745334
v -31.77210045 87.11348685 -5.15568771
v -32.28527069 88.87286336 -5.43524793
v -31.77210045 88.88532980 -5.33393768
v -32.28527069 90.63050036 -5.69159477
v -31.77210045 90.64749103 -5.59094064
v -32.28527069 92.37499192 -6.02598506
v -31.77210045 92.39643052 -5.92618686
v -32.28527069 94.10285138 -6.43775411
v -31.77210045 94.12872267 -6.33901019
v -32.28527069 95.81063790 -6.92608412
v -31.77210045 95.84088083 -6.82859143
v -32.28527069 97.49498692 -7.49000713
v -31.77210045 97.52954809 -7.39395830
v -32.28527069 99.15254913 -8.12840352
v -31.77210045 99.19135224 -8.03399072
v -32.28527069 100.77999811 -8.84000585
v -31.77210045 100.82299739 -8.74741362
v -32.28527069 102.37419819 -9.62339888
v -31.77210045 102.42120289 -9.53281127
v -32.28527069 103.93189923 -10.47702811
v -31.77210045 103.98290174 -10.38862823
v -32.28527069 105.44999609 -11.39919791
v -31.77210045 105.50489722 -11.31315837
v -32.28527069 106.92549803 -12.38808772
v -31.77210045 106.98419859 -12.30457828
v -32.28527069 108.35549825 -13.44171865
v -31.77210045 108.41779989 -13.36090811
v -32.28527069 109.73709759 -14.55799836
v -31.77210045 109.80300031 -14.48005838
v -32.28527069 111.06770206 -15.73472862
v -31.77210045 111.13699986 -15.65979843
v -32.28527069 112.34449640 -16.96956910
v -31.77210045 112.41699854 -16.89778795
v -32.28527069 113.56500106 -18.26004886
v -31.77210045 113.64069992 -18.19157886
v -32.28527069 114.72679753 -19.60361775
v -31.77210045 114.80549474 -19.53858861
v -32.28527069 115.82769617 -20.99761884
v -31.77210045 115.90920100 -20.93614881
v -32.28527069 116.86530135 -22.43925977
v -31.77210045 116.94949935 -22.38148809
v -32.28527069 117.83769808 -23.92569859
v -31.77210045 117.92429935 -23.87173971
v -32.28527069 118.74289511 -25.45398846
v -31.77210045 118.83189963 -25.40393964
v -32.28527069 119.57909952 -27.02107951
v -31.77210045 119.67019450 -26.97503993
v -32.28527069 120.34470151 -28.62385895
v -31.77210045 120.43779539 -28.58192972
v -32.28527069 121.03809891 -30.25915869
v -31.77210045 121.13300095 -30.22140845
v -32.28527069 121.65799472 -31.92371905
v -31.77210045 121.75439975 -31.89023937
v -32.28527069 122.20309957 -33.61424797
v -31.77210045 122.30099997 -33.58509987
v -32.28527069 122.67239876 -35.32737895
v -31.77210045 122.77139779 -35.30261013
v -32.28527069 123.06490046 -37.05972075
v -31.77210045 123.16489894 -37.03938079
v -32.28527069 123.37979596 -38.80782105
v -31.77210045 123.48069470 -38.79195955
v -32.28527069 123.61659697 -40.56821993
v -31.77210045 123.71799926 -40.55685977
v -32.28527069 123.77469315 -42.33740787
v -31.77210045 123.87649979 -42.33059102
v -32.28527069 123.85379458 -44.11189061
v -31.77210045 123.95589877 -44.10960943
v -32.28527069 123.85379445 -45.88812809
v -31.77210045 123.95589863 -45.89039785
v -32.28527069 123.77469275 -47.66261082
v -31.77210045 123.87649939 -47.66942769
v -32.28527069 123.61659630 -49.43179873
v -31.77210045 123.71799859 -49.44314746
v -32.28527069 123.37979502 -51.19219758
v -31.77210045 123.48069377 -51.20804765
v -32.28527069 123.06489926 -52.94029783
v -31.77210045 123.16489773 -52.96063018
v -32.28527069 122.67239730 -54.67263957
v -31.77210045 122.77139632 -54.69740078
v -32.28527069 122.20309785 -56.38577049
v -31.77210045 122.30099824 -56.41491860
v -32.28527069 121.65799275 -58.07629932
v -31.77210045 121.75439777 -58.10978092
v -32.28527069 121.03809669 -59.74085768
v -31.77210045 121.13299872 -59.77860030
v -32.28527069 120.34469904 -61.37615731
v -31.77210045 120.43779291 -61.41808847
v -32.28527069 119.57909681 -62.97894045
v -31.77210045 119.67019177 -63.02498004
v -32.28527069 118.74289216 -64.54602947
v -31.77210045 118.83189667 -64.59607831
v -32.28527069 117.83769490 -66.07431920
v -31.77210045 117.92429615 -66.12828191
v -32.28527069 116.86529794 -67.56076169
v -31.77210045 116.94949593 -67.61853147
v -32.28527069 115.82769254 -69.00241200
v -31.77210045 115.90919736 -69.06386678
v -32.28527069 114.72679370 -70.39640911
v -31.77210045 114.80549090 -70.46144208
v -32.28527069 113.56499703 -71.73996829
v -31.77210045 113.64069587 -71.80844974
v -32.28527069 112.34449217 -73.03045740
v -31.77210045 112.41699430 -73.10222712
v -32.28527069 111.06769764 -74.26529006
v -31.77210045 111.13699543 -74.34022598
v -32.28527069 109.73709300 -75.44200963
v -31.77210045 109.80299570 -75.51996679
v -32.28527069 108.35549349 -76.55829675
v -31.77210045 108.41779512 -76.63910731
v -32.28527069 106.92549310 -77.61193892
v -31.77210045 106.98419366 -77.69545028
v -32.28527069 105.44999101 -78.60081515
v -31.77210045 105.50489213 -78.68685947
v -32.28527069 103.93189402 -79.52298758
v -31.77210045 103.98289652 -79.61138938
v -32.28527069 102.37419285 -80.37661753
v -31.77210045 102.42119754 -80.46720897
v -32.28527069 100.77999265 -81.16001890
v -31.77210045 100.82299191 -81.25260924
v -32.28527069 99.15254356 -81.87162003
v -31.77210045 99.19134666 -81.96602617
v -32.28527069 97.49498126 -82.51000950
v -31.77210045 97.52954241 -82.60605595
v -32.28527069 95.81063216 -83.07392844
v -31.77210045 95.84087507 -83.17142447
v -32.28527069 94.10284556 -83.56227059
v -31.77210045 94.12871683 -83.66101022
v -32.28527069 92.37498603 -83.97402889
v -31.77210045 92.39642462 -84.07382900
v -32.28527069 90.63049443 -84.30841749
v -31.77210045 90.64748508 -84.40907972
v -32.28527069 88.87285739 -84.56476501
v -31.77210045 88.88532381 -84.66607574
v -32.28527069 87.10552339 -84.74256792
v -31.77210045 87.11348084 -84.84432878
v -32.28527069 85.33204010 -84.84144474
v -31.77210045 85.33545044 -84.94346500
v -32.28527069 83.55590180 -84.86123525
v -31.77210045 83.55476501 -84.96331655
v -32.28527069 81.78066376 -84.80187843
v -31.77210045 81.77497223 -84.90380714
v -32.28527069 80.00980501 -84.66350397
v -31.77210045 79.99959687 -84.76506646
v -32.28527069 78.24689609 -84.44638652
v -31.77210045 78.23216372 -84.54739971
v -32.28527069 76.49538549 -84.15093809
v -31.77210045 76.47617467 -84.25119596
v -32.28527069 74.75878274 -83.77777664
v -31.77210045 74.73512398 -83.87706558
v -32.28527069 73.04053631 -83.32760409
v -31.77210045 73.01247539 -83.42575624
v -32.28527069 71.34403367 -82.80135884
v -31.77210045 71.31163162 -82.89814534
v -32.28527069 69.67267751 -82.20004798
v -31.77210045 69.63598012 -82.29529334
v -32.28527069 68.02975611 -81.52487696
v -31.77210045 67.98885492 -81.61840571
v -32.28527069 66.41853486 -80.77719618
v -31.77210045 66.37351379 -80.86880231
v -32.28527069 64.84222571 -79.95848573
v -31.77210045 64.79317633 -80.04799378
v -32.28527069 63.30395292 -79.07035543
v -31.77210045 63.25095533 -79.15760518
v -32.28527069 61.80677587 -78.11459817
v -31.77210045 61.74994451 -78.19938363
v -32.28527069 60.35365476 -77.09307554
v -31.77210045 60.29310407 -77.17526700
v -31.77210045 58.88247488 -76.08655230
v -31.25000000 60.06110563 -77.04574275
v -31.25000000 58.66704367 -75.95548691
v -35.21577835 47.62283724 -48.25066354
v -35.25000000 48.15817658 -48.37109357
v -35.21577835 47.80375676 -49.86792353
v -35.25000000 48.35558704 -50.04737456
v -35.21577835 48.05653756 -51.47552472
v -35.25000000 48.63134757 -51.71256242
v -35.21577835 48.38068752 -53.07025512
v -35.25000000 48.98484781 -53.36299503
v -35.21577835 48.77554672 -54.64897524
v -35.25000000 49.41532483 -54.99504462
v -35.21577835 49.24035602 -56.20853414
v -35.25000000 49.92183639 -56.60512538
v -35.21577835 49.77415412 -57.74584192
v -35.25000000 50.50324573 -58.18968201
v -35.21577835 50.37592631 -59.25784301
v -35.25000000 51.15828635 -59.74525456
v -35.21577835 51.04444427 -60.74153523
v -35.25000000 51.88553538 -61.26841365
v -35.21577835 51.77839573 -62.19397364
v -35.25000000 52.68336394 -62.75581376
v -35.21577835 52.57631585 -63.61227432
v -35.25000000 53.55003635 -64.20417427
v -35.21577835 53.43663679 -64.99362586
v -35.25000000 54.48365670 -65.61033279
v -35.21577835 54.35762668 -66.33528548
v -35.25000000 55.48214598 -66.97117271
v -35.21577835 55.33746590 -67.63457144
v -35.25000000 56.54332599 -68.28372619
v -35.21577835 56.37421660 -68.88893553
v -35.25000000 57.66486597 -69.54508645
v -35.21577835 57.46582646 -70.09586768
v -35.25000000 58.84429397 -70.75250688
v -35.21577835 58.61010586 -71.25296463
v -35.25000000 60.07901603 -71.90329433
v -35.21577835 59.80479266 -72.35794519
v -35.25000000 61.36633513 -72.99495397
v -35.21577835 61.03886622 -73.40160831
v -35.21577835 62.33582507 -74.40286726
v -35.11370087 60.71703544 -73.80131226
v -35.25000000 62.70339407 -74.02507492
v -35.21577835 63.66713527 -75.33874229
v -35.11370087 63.38143349 -75.76502706
v -35.25000000 64.08727461 -74.99140651
v -35.21577835 65.03881261 -76.21439853
v -35.25000000 65.51492500 -75.89179724
v -35.21577835 66.44814482 -77.02806593
v -35.25000000 66.98321717 -76.72427874
v -35.21577835 67.89231285 -77.77815759
v -35.25000000 68.48890101 -77.48702757
v -35.21577835 69.36846331 -78.46315526
v -35.25000000 70.02869588 -78.17835764
v -35.21577835 70.87367414 -79.08172380
v -35.25000000 71.59918381 -78.79675834
v -35.21577835 72.40493173 -79.63262723
v -35.25000000 73.19695446 -79.34085636
v -35.21577835 73.95921484 -80.11477457
v -35.25000000 74.81845253 -79.80947678
v -35.21577835 75.53343356 -80.52719686
v -35.25000000 76.46014562 -80.20157438
v -35.21577835 77.12447510 -80.86909304
v -35.25000000 78.11841738 -80.51629466
v -35.21577835 78.72914274 -81.13977645
v -35.25000000 79.78960572 -80.75294334
v -35.21577835 80.34428555 -81.33869778
v -35.25000000 81.47005615 -80.91100926
v -35.21577835 81.96669154 -81.46546792
v -35.25000000 83.15606078 -80.99011858
v -35.21577835 83.59313349 -81.51984274
v -35.25000000 84.84393462 -80.99011871
v -35.21577835 85.22038417 -81.50171542
v -35.25000000 86.52994689 -80.91100965
v -35.21577835 86.84520107 -81.41111648
v -35.25000000 88.21039735 -80.75294398
v -35.21577835 88.46438748 -81.24822903
v -35.25000000 89.88158572 -80.51629554
v -35.21577835 90.07469329 -81.01336587
v -35.25000000 91.53984227 -80.20157551
v -35.21577835 91.67294465 -80.70700765
v -35.21577835 93.25596012 -80.32975710
v -35.25000000 93.18153542 -79.80947817
v -35.21577835 94.82060402 -79.88236952
v -35.25000000 94.80304119 -79.34085799
v -35.21577835 96.36375591 -79.36570704
v -35.25000000 96.40080429 -78.79676021
v -35.21577835 97.88237168 -78.78083777
v -35.25000000 97.97130757 -78.17835975
v -35.21577835 99.37341482 -78.12887561
v -35.25000000 99.51109492 -77.48702991
v -35.21577835 100.83389461 -77.41115568
v -35.25000000 101.01679413 -76.72428131
v -35.21577835 102.26109498 -76.62908945
v -35.25000000 102.48509406 -75.89180003
v -35.21577835 103.65189552 -75.78421803
v -35.25000000 103.91269118 -74.99140952
v -35.21577835 105.00369460 -74.87821990
v -35.25000000 105.29659475 -74.02507814
v -35.21577835 106.31389823 -73.91291849
v -35.25000000 106.63369200 -72.99495739
v -35.21577835 107.57969115 -72.89019825
v -35.25000000 107.92099219 -71.90329794
v -35.21577835 108.79869300 -71.81211149
v -35.25000000 109.15569534 -70.75251068
v -35.21577835 109.96849289 -70.68078681
v -35.25000000 110.33509302 -69.54509042
v -35.21577835 111.08669519 -69.49847488
v -35.25000000 111.45669803 -68.28373034
v -35.21577835 112.15109500 -68.26754082
v -35.25000000 112.51789350 -66.97117701
v -35.21577835 113.15969343 -66.99038788
v -35.25000000 113.51629143 -65.61033724
v -35.21577835 114.11029320 -65.66958717
v -35.25000000 114.44999210 -64.20417887
v -35.21577835 115.00119296 -64.30774794
v -35.25000000 115.31659225 -62.75581849
v -35.21577835 115.83049299 -62.90756719
v -35.25000000 116.11449733 -61.26841850
v -35.21577835 116.59669793 -61.47184871
v -35.21577835 117.29809880 -60.00341920
v -35.25000000 116.84169318 -59.74525952
v -35.21577835 117.93339860 -58.50520071
v -35.25000000 117.49679889 -58.18968706
v -35.21577835 118.50129270 -56.98016871
v -35.25000000 118.07819702 -56.60513053
v -35.21577835 119.00069772 -55.43134825
v -35.25000000 118.58469739 -54.99504985
v -35.21577835 119.43069814 -53.86181779
v -35.25000000 119.01509454 -53.36300032
v -35.21577835 119.79029452 -52.27469776
v -35.25000000 119.36869422 -51.71256776
v -35.21577835 120.07879256 -50.67313910
v -35.25000000 119.64439777 -50.04737994
v -35.21577835 120.29569637 -49.06030800
v -35.25000000 119.84179322 -48.37109898
v -35.21577835 120.44049477 -47.43942026
v -35.25000000 119.96039992 -46.68740987
v -35.21577835 120.51299703 -45.81368021
v -35.25000000 119.99999660 -45.00000906
v -35.21577835 120.51299715 -44.18633036
v -35.25000000 119.96040017 -43.31260824
v -35.21577835 120.44049514 -42.56059793
v -35.25000000 119.84179373 -41.62891911
v -35.21577835 120.29569698 -40.93971016
v -35.25000000 119.64439853 -39.95263049
v -35.21577835 120.07879342 -39.32687903
v -35.25000000 119.36869523 -38.28745027
v -35.21577835 119.79029561 -37.72532032
v -35.25000000 119.01509581 -36.63701765
v -35.21577835 119.43069948 -36.13820024
v -35.25000000 118.58469890 -35.00496806
v -35.21577835 119.00069929 -34.56866972
v -35.25000000 118.07819877 -33.39488730
v -35.21577835 118.50129450 -33.01984919
v -35.25000000 117.49680088 -31.81032877
v -35.21577835 117.93340064 -31.49481901
v -35.25000000 116.84169541 -30.25475812
v -35.21577835 117.29810107 -29.99659852
v -35.25000000 116.11449978 -28.73159904
v -35.21577835 116.59670042 -28.52816890
v -35.21577835 115.83049570 -27.09243886
v -35.25000000 115.31659493 -27.24419892
v -35.21577835 115.00119588 -25.69226942
v -35.25000000 114.44999500 -25.79583841
v -35.21577835 114.11029632 -24.33042816
v -35.25000000 113.51629455 -24.38968943
v -35.21577835 113.15969675 -23.00962921
v -35.25000000 112.51789682 -23.02883807
v -35.21577835 112.15109852 -21.73248756
v -35.25000000 111.45670155 -21.71628840
v -35.21577835 111.08669889 -20.50153808
v -35.25000000 110.33509672 -20.45492815
v -35.21577835 109.96849677 -19.31922789
v -35.25000000 109.15569923 -19.24751915
v -35.21577835 108.79869705 -18.18790876
v -35.25000000 107.92099625 -18.09671835
v -35.21577835 107.57969536 -17.10981800
v -35.25000000 106.63369623 -17.00505871
v -35.21577835 106.31390259 -16.08710710
v -35.25000000 105.29659914 -15.97493776
v -35.21577835 105.00369911 -15.12179786
v -35.25000000 103.91269571 -15.00861762
v -35.21577835 103.65190017 -14.21580811
v -35.25000000 102.48509873 -14.10822784
v -35.21577835 102.26109976 -13.37093744
v -35.25000000 101.01679892 -13.27573776
v -35.21577835 100.83389950 -12.58885763
v -35.25000000 99.51109982 -12.51299751
v -35.21577835 99.37341982 -11.87113749
v -35.25000000 97.97131258 -11.82166744
v -35.21577835 97.88237678 -11.21918750
v -35.25000000 96.40080940 -11.20325721
v -35.21577835 96.36376110 -10.63430751
v -35.25000000 94.80304638 -10.65915728
v -35.21577835 94.82060928 -10.11765719
v -35.25000000 93.18154067 -10.19053686
v -35.21577835 93.25596546 -9.67025698
v -35.25000000 91.53984759 -9.79843449
v -35.21577835 91.67295004 -9.29300619
v -35.21577835 90.07469872 -8.98664582
v -35.25000000 89.88159108 -9.48371707
v -35.21577835 88.46439295 -8.75178910
v -35.25000000 88.21040274 -9.24706839
v -35.21577835 86.84520657 -8.58889759
v -35.25000000 86.52995232 -9.08901486
v -35.21577835 85.22038968 -8.49829745
v -35.25000000 84.84394005 -9.00990078
v -35.21577835 83.59313901 -8.48016798
v -35.25000000 83.15606621 -9.00990065
v -35.21577835 81.96669705 -8.53454636
v -35.25000000 81.47006157 -9.08901448
v -35.21577835 80.34429103 -8.66132198
v -35.25000000 79.78961112 -9.24706775
v -35.21577835 78.72914820 -8.86024593
v -35.25000000 78.11842275 -9.48371619
v -35.21577835 77.12448051 -9.13092146
v -35.25000000 76.46015093 -9.79843335
v -35.21577835 75.53343892 -9.47281168
v -35.25000000 74.81845779 -10.19053547
v -35.21577835 73.95922014 -9.88523851
v -35.25000000 73.19695964 -10.65915565
v -35.21577835 72.40493696 -10.36738561
v -35.25000000 71.59918891 -11.20325534
v -35.21577835 70.87367929 -10.91828500
v -35.25000000 70.02870089 -11.82166533
v -35.21577835 69.36846837 -11.53685521
v -35.25000000 68.48890592 -12.51299517
v -35.21577835 67.89231780 -12.22186506
v -35.25000000 66.98322196 -13.27573519
v -35.21577835 66.44814966 -12.97194506
v -35.25000000 65.51492966 -14.10822505
v -35.21577835 65.03881732 -13.78562465
v -35.11370087 63.38143813 -14.23498441
v -35.25000000 64.08727914 -15.00861461
v -35.21577835 63.66713985 -14.66127495
v -35.25000000 62.70339845 -15.97493454
v -35.21577835 62.33582951 -15.59715456
v -35.25000000 61.36633935 -17.00505529
v -35.21577835 61.03887051 -16.59840472
v -35.21577835 59.80479679 -17.64207529
v -35.25000000 60.07902009 -18.09671474
v -35.21577835 58.61010982 -18.74705376
v -35.25000000 58.84429786 -19.24751535
v -35.21577835 57.46583025 -19.90415435
v -35.25000000 57.66486967 -20.45492417
v -35.21577835 56.37422021 -21.11108443
v -35.25000000 56.54332951 -21.71628425
v -35.21577835 55.33746932 -22.36543501
v -35.25000000 55.48214929 -23.02883376
v -35.21577835 54.35762990 -23.66473418
v -35.25000000 54.48365981 -24.38968498
v -35.21577835 53.43663981 -25.00638412
v -35.25000000 53.55003925 -25.79583382
v -35.21577835 52.57631866 -26.38773361
v -35.25000000 52.68336663 -27.24419419
v -35.21577835 51.77839832 -27.80603418
v -35.25000000 51.88553784 -28.73159419
v -35.21577835 51.04444664 -29.25847439
v -35.25000000 51.15828858 -30.25475316
v -35.21577835 50.37592847 -30.74216460
v -35.25000000 50.50324772 -31.81032371
v -35.21577835 49.77415604 -32.25416559
v -35.25000000 49.92183815 -33.39488216
v -35.21577835 49.24035771 -33.79147329
v -35.25000000 49.41532634 -35.00496284
v -35.21577835 48.77554817 -35.35103212
v -35.25000000 48.98484907 -36.63701237
v -35.21577835 48.38068874 -36.92974456
v -35.25000000 48.63134858 -38.28744493
v -35.21577835 48.05653853 -38.52448254
v -35.25000000 48.35558780 -39.95262511
v -35.21577835 47.80375750 -40.13208369
v -35.25000000 48.15817709 -41.62891370
v -35.21577835 47.62283773 -41.74934365
v -35.25000000 48.03956658 -43.31260281
v -31.25000000 44.03914671 -46.76933240
v -31.25000000 43.99999660 -45.00000332
v -31.77210045 44.03421825 -45.00000332
v -31.77210045 44.03421825 -45.00000332
v -31.25000000 43.99999660 -45.00000332
v -31.25000000 44.03914697 -43.23067425
v -31.77210045 44.07337625 -43.23114346
v -31.25000000 44.15652534 -41.46479368
v -31.25000000 44.35189520 -39.70584441
v -31.25000000 44.62487888 -37.95726350
v -31.25000000 44.97494615 -36.22246510
v -31.25000000 45.40139891 -34.50484428
v -31.25000000 45.90341702 -32.80777324
v -31.25000000 46.48000864 -31.13456314
v -31.25000000 47.13004843 -29.48850415
v -31.25000000 47.85225849 -27.87280444
v -31.25000000 48.64522735 -26.29063401
v -31.25000000 49.50740627 -24.74508469
v -31.25000000 50.43711678 -23.23918342
v -31.25000000 51.43252018 -21.77589423
v -31.25000000 52.49167861 -20.35805336
v -31.25000000 53.61251688 -18.98845314
v -31.25000000 54.79283009 -17.66977342
v -31.25000000 56.03032942 -16.40459484
v -31.25000000 57.32257728 -15.19538454
v -31.25000000 58.66704835 -14.04452481
v -31.25000000 60.06111047 -12.95426441
v -31.25000000 61.50202852 -11.92673480
v -31.25000000 62.98699105 -10.96394442
v -31.25000000 64.51309128 -10.06778441
v -31.25000000 66.07733085 -9.24000095
v -31.25000000 67.67665799 -8.48222290
v -31.25000000 69.30793703 -7.79592942
v -31.25000000 70.96797889 -7.18246424
v -31.25000000 72.65352580 -6.64302945
v -31.25000000 74.36128951 -6.17868079
v -31.25000000 76.08792071 -5.79032566
v -31.25000000 77.83003956 -5.47872511
v -31.25000000 79.58425101 -5.24448996
v -31.25000000 81.34709129 -5.08807796
v -31.25000000 83.11511956 -5.00979527
v -31.25000000 84.88487969 -5.00979540
v -31.25000000 86.65292320 -5.08807837
v -31.25000000 88.41575583 -5.24449062
v -31.25000000 90.16995961 -5.47872604
v -31.25000000 91.91207842 -5.79032686
v -31.25000000 93.63870956 -6.17868224
v -31.25000000 95.34648082 -6.64303117
v -31.25000000 97.03202003 -7.18246620
v -31.25000000 98.69206942 -7.79593164
v -31.25000000 100.32330258 -8.48222536
v -31.25000000 101.92269828 -9.24000365
v -31.25000000 103.48689957 -10.06778735
v -31.25000000 105.01299966 -10.96394760
v -31.25000000 106.49800020 -11.92673820
v -31.25000000 107.93890283 -12.95426802
v -31.25000000 109.33299912 -14.04452863
v -31.25000000 110.67739753 -15.19538857
v -31.25000000 111.96970244 -16.40459906
v -31.25000000 113.20719776 -17.66977783
v -31.25000000 114.38749551 -18.98845773
v -31.25000000 115.50829924 -20.35805811
v -31.25000000 116.56749561 -21.77589915
v -31.25000000 117.56289497 -23.23918849
v -31.25000000 118.49259762 -24.74508989
v -31.25000000 119.35479538 -26.29063935
v -31.25000000 120.14769534 -27.87280990
v -31.25000000 120.87000052 -29.48850972
v -31.25000000 121.51999429 -31.13456881
v -31.25000000 122.09660092 -32.80777899
v -31.25000000 122.59859969 -34.50485011
v -31.25000000 123.02509797 -36.22247099
v -31.25000000 123.37509632 -37.95726945
v -31.25000000 123.64809881 -39.70585040
v -31.25000000 123.84349510 -41.46479969
v -31.25000000 123.96079691 -43.23068029
v -31.25000000 123.99999660 -45.00000936
v -31.25000000 123.96079664 -46.76933843
v -31.25000000 123.84349457 -48.53520756
v -31.25000000 123.64809801 -50.29416064
v -31.25000000 123.37509525 -52.04274918
v -31.25000000 123.02509665 -53.77754759
v -31.25000000 122.59859811 -55.49516841
v -31.25000000 122.09659908 -57.19223944
v -31.25000000 121.51999220 -58.86544954
v -31.25000000 120.86999818 -60.51151044
v -31.25000000 120.14769276 -62.12721015
v -31.25000000 119.35479255 -63.70937867
v -31.25000000 118.49259456 -65.25492991
v -31.25000000 117.56289169 -66.76082736
v -31.25000000 116.56749210 -68.22412989
v -31.25000000 115.50829552 -69.64196886
v -31.25000000 114.38749159 -71.01155954
v -31.25000000 113.20719364 -72.33023926
v -31.25000000 111.96969812 -73.59542929
v -31.25000000 110.67739303 -74.80462719
v -31.25000000 109.33299445 -75.95549074
v -31.25000000 107.93889799 -77.04574637
v -31.25000000 106.49799520 -78.07328837
v -31.25000000 105.01299452 -79.03607971
v -31.25000000 103.48689429 -79.93222827
v -31.25000000 101.92269288 -80.76000983
v -31.25000000 100.32329707 -81.51779932
v -31.25000000 98.69206380 -82.20408613
v -31.25000000 97.03201432 -82.81755798
v -31.25000000 95.34647503 -83.35698657
v -31.25000000 93.63870369 -83.82133428
v -31.25000000 91.91207250 -84.20968559
v -31.25000000 90.16995364 -84.52128519
v -31.25000000 88.41574983 -84.75553036
v -31.25000000 86.65291717 -84.91193281
v -31.25000000 84.88487365 -84.99021790
v -31.25000000 83.11511352 -84.99021776
v -31.25000000 81.34708526 -84.91193241
v -31.25000000 79.58424500 -84.75552969
v -31.25000000 77.83003360 -84.52128426
v -31.25000000 76.08791478 -84.20968439
v -31.25000000 74.36128365 -83.82133282
v -31.25000000 72.65352001 -83.35698486
v -31.25000000 70.96797318 -82.81755602
v -31.25000000 69.30793142 -82.20408391
v -31.25000000 67.67665248 -81.51779686
v -31.25000000 66.07732545 -80.76000712
v -31.25000000 64.51308601 -79.93222533
v -31.25000000 62.98698592 -79.03607653
v -31.25000000 61.50202352 -78.07328498
v -31.77210045 57.52342421 -74.93752723
v -31.25000000 57.32257278 -74.80462316
v -31.77210045 56.21608559 -73.72835202
v -31.25000000 56.03032510 -73.59542507
v -31.77210045 54.96391512 -72.46215472
v -31.25000000 54.79282596 -72.33023485
v -31.77210045 53.76938474 -71.14142252
v -31.25000000 53.61251295 -71.01155495
v -31.77210045 52.63487480 -69.76879517
v -31.25000000 52.49167489 -69.64196411
v -31.77210045 51.56263598 -68.34699639
v -31.25000000 51.43251667 -68.22412498
v -31.77210045 50.55480452 -66.87882614
v -31.25000000 50.43711349 -66.76082229
v -31.77210045 49.61337550 -65.36723702
v -31.25000000 49.50740322 -65.25492470
v -31.77210045 48.74021430 -63.81519304
v -31.25000000 48.64522453 -63.70937333
v -31.77210045 47.93705661 -62.22580318
v -31.25000000 47.85225590 -62.12720469
v -31.77210045 47.20550461 -60.60221456
v -31.25000000 47.13004609 -60.51150487
v -31.77210045 46.54699643 -58.94764298
v -31.25000000 46.48000654 -58.86544388
v -31.77210045 45.96285578 -57.26538433
v -31.25000000 45.90341518 -57.19223369
v -31.77210045 45.45423470 -55.55878410
v -31.25000000 45.40139733 -55.49516258
v -31.77210045 45.02213644 -53.83120305
v -31.25000000 44.97494482 -53.77754170
v -31.77210045 44.66742695 -52.08609346
v -31.25000000 44.62487782 -52.04274324
v -31.77210045 44.39080431 -50.32691146
v -31.25000000 44.35189440 -50.29415465
v -31.77210045 44.19283691 -48.55716276
v -31.25000000 44.15652481 -48.53520155
v -31.77210045 44.07337599 -46.76886319
v -35.11370087 46.96471828 -45.00000355
v -34.94551849 46.50638635 -43.33106201
v -34.71409988 46.15081854 -41.61780515
v -34.71409988 46.33904728 -39.93510405
v -34.71409988 46.60205552 -38.26245469
v -34.71409988 46.93932829 -36.60317203
v -34.71409988 47.35016750 -34.96057486
v -34.71409988 47.83377586 -33.33790187
v -34.71409988 48.38918828 -31.73839362
v -34.71409988 49.01529847 -30.16521442
v -34.71409988 49.71087812 -28.62148469
v -34.71409988 50.47452722 -27.11026382
v -34.71409988 51.30473897 -25.63457304
v -34.71409988 52.19986924 -24.19732488
v -34.71409988 53.15812892 -22.80138417
v -34.71409988 54.17761831 -21.44951466
v -34.71409988 55.25632706 -20.14439428
v -34.71409988 56.39209986 -18.88862463
v -34.71409988 57.58268986 -17.68470436
v -34.71409988 58.82572049 -16.53501383
v -34.71409988 60.11218908 -15.44713474
v -34.71409988 61.45917021 -14.40734469
v -34.71409988 62.84434789 -13.43358514
v -34.71409988 64.27153684 -12.52250489
v -34.71409988 65.73789127 -11.67590542
v -34.71409988 67.24050821 -10.89546521
v -34.71409988 68.77638931 -10.18274540
v -34.71409988 70.34250569 -9.53914220
v -34.71409988 71.93572930 -8.96594686
v -34.71409988 73.55290921 -8.46429140
v -34.71409988 75.19084107 -8.03517623
v -34.71409988 76.84625186 -7.67945059
v -34.71409988 78.51586095 -7.39782211
v -34.71409988 80.19637244 -7.19084916
v -34.71409988 81.88442177 -7.05894230
v -34.71409988 83.57668252 -7.00236427
v -34.71409988 85.26976723 -7.02122760
v -34.71409988 86.96034950 -7.11549271
v -34.71409988 88.64504950 -7.28497555
v -34.71409988 90.32051793 -7.52933660
v -34.71409988 91.98345125 -7.84809378
v -34.71409988 93.63052306 -8.24061338
v -34.71409988 95.25846797 -8.70611338
v -34.71409988 96.86408164 -9.24367110
v -34.71409988 98.44413683 -9.85222034
v -34.71409988 99.99552075 -10.53055755
v -34.71409988 101.51509772 -11.27731804
v -34.71409988 102.99999909 -12.09103790
v -34.71409988 104.44709680 -12.97009780
v -34.71409988 105.85369768 -13.91275824
v -34.71409988 107.21679575 -14.91712807
v -34.71409988 108.53389619 -15.98122844
v -34.71409988 109.80219903 -17.10293836
v -34.71409988 111.01930099 -18.28003768
v -34.71409988 112.18279882 -19.51018799
v -34.71409988 113.29029689 -20.79094788
v -34.71409988 114.33969712 -22.11976915
v -34.71409988 115.32879461 -23.49401963
v -34.71409988 116.25569728 -24.91096802
v -34.71409988 117.11859695 -26.36779906
v -34.71409988 117.91570072 -27.86161931
v -34.71409988 118.64549796 -29.38947810
v -34.71409988 119.30650096 -30.94831986
v -34.71409988 119.89739745 -32.53505849
v -34.71409988 120.41709642 -34.14655069
v -34.71409988 120.86440007 -35.77959973
v -34.94551849 120.77869895 -37.52440792
v -34.71409988 121.23859886 -37.43094024
v -34.71409988 121.53880015 -39.09731066
v -34.71409988 121.76439359 -40.77540745
v -34.71409988 121.91509689 -42.46188893
v -34.71409988 121.99059725 -44.15340963
v -34.71409988 121.99059712 -45.84660879
v -34.71409988 121.91509651 -47.53812947
v -34.71409988 121.76439295 -49.22461094
v -34.71409988 121.53879926 -50.90270006
v -34.71409988 121.23859772 -52.56907043
v -34.71409988 120.86439868 -54.22041852
v -34.71409988 120.41709478 -55.85345987
v -34.71409988 119.89739556 -57.46495961
v -34.71409988 119.30649884 -59.05169816
v -34.71409988 118.64549561 -60.61053981
v -34.71409988 117.91569813 -62.13838705
v -34.71409988 117.11859413 -63.63221862
v -34.71409988 116.25569424 -65.08905907
v -34.71409988 115.32879137 -66.50599778
v -34.71409988 114.33969367 -67.88025003
v -34.71409988 113.29029324 -69.20906922
v -34.71409988 112.18279497 -70.48983849
v -34.71409988 111.01929695 -71.71997908
v -34.71409988 109.80219481 -72.89708013
v -34.71409988 108.53389181 -74.01879939
v -34.71409988 107.21679121 -75.08290147
v -34.71409988 105.85369299 -76.08726538
v -34.71409988 104.44709196 -77.02991511
v -34.71409988 102.99999412 -77.90898147
v -34.71409988 101.51509263 -78.72269443
v -34.71409988 99.99551555 -79.46945945
v -34.71409988 98.44413152 -80.14779643
v -34.71409988 96.86407624 -80.75634734
v -34.71409988 95.25846249 -81.29389910
v -34.71409988 93.63051751 -81.75939885
v -34.71409988 91.98344564 -82.15192345
v -34.71409988 90.32051227 -82.47068706
v -34.71409988 88.64504380 -82.71504881
v -34.71409988 86.96034378 -82.88452805
v -34.71409988 85.26976150 -82.97879672
v -34.71409988 83.57667678 -82.99765646
v -34.71409988 81.88441604 -82.94107674
v -34.71409988 80.19636673 -82.80916438
v -34.71409988 78.51585527 -82.60218641
v -34.71409988 76.84624623 -82.32056244
v -34.71409988 75.19083549 -81.96483417
v -34.71409988 73.55290370 -81.53572638
v -34.71409988 71.93572386 -81.03406305
v -34.71409988 70.34250033 -80.46086652
v -34.71409988 68.77638405 -79.81726593
v -34.71409988 67.24050306 -79.10454304
v -34.71409988 65.73788624 -78.32410164
v -34.71409988 64.27153193 -77.47750577
v -34.71409988 62.84434313 -76.56642625
v -34.71409988 61.45916559 -75.59266364
v -34.42340851 59.83952529 -74.89189600
v -34.07843018 58.27689565 -74.08555280
v -34.07843018 57.00676558 -72.91079379
v -34.07843018 55.79022439 -71.68063776
v -34.07843018 54.62968295 -70.39748032
v -34.07843018 53.52746442 -69.06391548
v -34.07843018 52.48574318 -67.68257537
v -34.07843018 51.50659442 -66.25620659
v -34.07843018 50.59195602 -64.78762436
v -34.07843018 49.74364375 -63.27975458
v -34.07843018 48.96334373 -61.73559559
v -34.07843018 48.25260471 -60.15820295
v -34.07843018 47.61284577 -58.55072381
v -34.07843018 47.04532575 -56.91633198
v -34.07843018 46.55117762 -55.25829285
v -34.07843018 46.13137413 -53.57988324
v -34.07843018 45.78675451 -51.88444483
v -34.07843018 45.51801684 -50.17532311
v -34.07843018 45.32566468 -48.45593222
v -34.07843018 45.20984678 -46.72360189
v -34.07843018 45.17156643 -45.00000341
v -34.07843018 45.17156643 -45.00000341
v -33.68505096 44.86514719 -43.26211505
v -33.25000000 44.69251701 -41.48749498
v -33.25000000 44.88800512 -39.73995166
v -33.25000000 45.16115665 -38.00286443
v -33.25000000 45.51141846 -36.27965508
v -33.25000000 45.93808867 -34.57376445
v -33.25000000 46.44032802 -32.88858383
v -33.25000000 47.01713708 -31.22744343
v -33.25000000 47.66737905 -29.59364297
v -33.25000000 48.38974932 -27.99043449
v -33.25000000 49.18281737 -26.42099370
v -33.25000000 50.04501918 -24.88844296
v -33.25000000 50.97463813 -23.39582447
v -33.25000000 51.96981646 -21.94609462
v -33.25000000 53.02859723 -20.54213352
v -33.25000000 54.14885948 -19.18673352
v -33.25000000 55.32838686 -17.88258398
v -33.25000000 56.56484860 -16.63227508
v -33.25000000 57.85578039 -15.43828447
v -33.25000000 59.19521987 -14.30573434
v -33.25000000 60.59068961 -13.22863464
v -33.25000000 62.02925018 -12.21736423
v -33.25000000 63.51142035 -11.27118495
v -33.25000000 65.03427046 -10.39196505
v -33.25000000 66.59477924 -9.58145740
v -33.25000000 68.18984156 -8.84126797
v -33.25000000 69.81629119 -8.17287114
v -33.25000000 71.47090855 -7.57759062
v -33.25000000 73.15039772 -7.05660752
v -33.25000000 74.85143230 -6.61095851
v -33.25000000 76.57061720 -6.24152762
v -33.25000000 78.30457261 -5.94904776
v -33.25000000 80.04981188 -5.73410019
v -33.25000000 81.80290943 -5.59711120
v -33.25000000 83.56037098 -5.53835308
v -33.25000000 85.31870228 -5.55794359
v -33.25000000 87.07440143 -5.65584077
v -33.25000000 88.82401995 -5.83185294
v -33.25000000 90.56404068 -6.08562962
v -33.25000000 92.29103803 -6.41666775
v -33.25000000 94.00157114 -6.82430929
v -33.25000000 95.69226019 -7.30774505
v -33.25000000 97.35971010 -7.86601516
v -33.25000000 99.00066312 -8.49801143
v -33.25000000 100.61180045 -9.20247933
v -33.25000000 102.19000169 -9.97802075
v -33.25000000 103.73210062 -10.82308789
v -33.25000000 105.23490054 -11.73601754
v -33.25000000 106.69570064 -12.71498818
v -33.25000000 108.11129657 -13.75805813
v -33.25000000 109.47910197 -14.86315791
v -33.25000000 110.79630159 -16.02808835
v -33.25000000 112.06030143 -17.25054824
v -33.25000000 113.26859907 -18.52808854
v -33.25000000 114.41879885 -19.85819917
v -33.25000000 115.50859672 -21.23821940
v -33.25000000 116.53579541 -22.66541789
v -33.25000000 117.49849519 -24.13695841
v -33.25000000 118.39459798 -25.64991891
v -33.25000000 119.22250161 -27.20129913
v -33.25000000 119.98039791 -28.78801870
v -33.25000000 120.66679916 -30.40692859
v -33.25000000 121.28049990 -32.05479965
v -33.25000000 121.82019551 -33.72837986
v -33.25000000 122.28469581 -35.42434090
v -33.25000000 122.67329889 -37.13931056
v -33.25000000 122.98509686 -38.86988996
v -33.25000000 123.21949461 -40.61263824
v -33.25000000 123.37599625 -42.36409928
v -33.25000000 123.45429660 -44.12079027
v -33.25000000 123.45429646 -45.87922838
v -33.25000000 123.37599585 -47.63591935
v -33.25000000 123.21949395 -49.38738037
v -33.25000000 122.98509593 -51.13012861
v -33.25000000 122.67329771 -52.86070033
v -33.25000000 122.28469437 -54.57567757
v -33.25000000 121.82019381 -56.27163090
v -33.25000000 121.28049794 -57.94521103
v -33.25000000 120.66679695 -59.59309917
v -33.25000000 119.98039546 -61.21199941
v -33.25000000 119.22249892 -62.79871887
v -33.25000000 118.39459506 -64.35009897
v -33.25000000 117.49849204 -65.86306124
v -33.25000000 116.53579204 -67.33461115
v -33.25000000 115.50859314 -68.76179614
v -33.25000000 114.41879506 -70.14183145
v -33.25000000 113.26859507 -71.47192475
v -33.25000000 112.06029724 -72.74948203
v -33.25000000 110.79629721 -73.97192456
v -33.25000000 109.47909742 -75.13685672
v -33.25000000 108.11129185 -76.24195915
v -33.25000000 106.69569576 -77.28501935
v -33.25000000 105.23489552 -78.26400025
v -33.25000000 103.73209546 -79.17692586
v -33.25000000 102.18999640 -80.02199563
v -33.25000000 100.61179505 -80.79753872
v -33.25000000 99.00065760 -81.50200638
v -33.25000000 97.35970449 -82.13401004
v -33.25000000 95.69225450 -82.69226797
v -33.25000000 94.00156538 -83.17570442
v -33.25000000 92.29103220 -83.58335047
v -33.25000000 90.56403480 -83.91438977
v -33.25000000 88.82401403 -84.16815856
v -33.25000000 87.07439549 -84.34417619
v -33.25000000 85.31869632 -84.44207645
v -33.25000000 83.56036502 -84.46166860
v -33.25000000 81.80290348 -84.40290687
v -33.25000000 80.04980595 -84.26591333
v -33.25000000 78.30456671 -84.05096264
v -33.25000000 76.57061135 -83.75848204
v -33.25000000 74.85142650 -83.38905900
v -33.25000000 73.15039199 -82.94340304
v -33.25000000 71.47090290 -82.42242208
v -33.25000000 69.81628563 -81.82714608
v -33.25000000 68.18983610 -81.15874233
v -33.25000000 66.59477390 -80.41855361
v -33.25000000 65.03426523 -79.60804477
v -33.25000000 63.51141526 -78.72882560
v -33.25000000 62.02924523 -77.78264323
v -33.25000000 60.59068482 -76.77136688
v -32.78073120 59.05061530 -75.87495105
v -32.28527069 57.59105499 -74.86106544
v -32.28527069 56.28704278 -73.65498777
v -32.28527069 55.03807284 -72.39201771
v -32.28527069 53.84659421 -71.07465769
v -32.28527069 52.71498345 -69.70553224
v -32.28527069 51.64548358 -68.28736504
v -32.28527069 50.64022323 -66.82295609
v -32.28527069 49.70120509 -65.31521219
v -32.28527069 48.83027549 -63.76713549
v -32.28527069 48.02916630 -62.18180447
v -32.28527069 47.29947587 -60.56236243
v -32.28527069 46.64265379 -58.91202516
v -32.28527069 46.06000468 -57.23406186
v -32.28527069 45.55268441 -55.53181420
v -32.28527069 45.12169622 -53.80864293
v -32.28527069 44.76788700 -52.06799273
v -32.28527069 44.49197771 -50.31331207
v -32.28527069 44.29450622 -48.54808379
v -32.28527069 44.17540769 -46.76539182
v -32.28527069 44.13628811 -45.00000333
v -32.28527069 44.13628811 -45.00000333
v -34.94551849 46.46925777 -45.00000351
v -34.71409988 46.03753717 -43.31119503
v -34.42340851 45.71749564 -41.57908213
v -34.42340851 45.90788731 -39.87711299
v -34.42340851 46.17390535 -38.18531385
v -34.42340851 46.51503860 -36.50704163
v -34.42340851 46.93057751 -34.84564182
v -34.42340851 47.41972863 -33.20439506
v -34.42340851 47.98149633 -31.58657436
v -34.42340851 48.61477816 -29.99537454
v -34.42340851 49.31831908 -28.43397322
v -34.42340851 50.09070765 -26.90545460
v -34.42340851 50.93042945 -25.41286472
v -34.42340851 51.83579836 -23.95916376
v -34.42340851 52.80502912 -22.54723375
v -34.42340851 53.83619912 -21.17989374
v -34.42340851 54.92724841 -19.85983500
v -34.42340851 56.07602933 -18.58969349
v -34.42340851 57.28024924 -17.37198499
v -34.42340851 58.53750869 -16.20912422
v -34.42340851 59.83952980 -15.10812448
v -34.42340851 61.20110978 -14.05710492
v -34.42340851 62.60214898 -13.07219501
v -34.42340851 64.04567627 -12.15068442
v -34.42340851 65.52881537 -11.29439467
v -34.42340851 67.04863660 -10.50502520
v -34.42340851 68.60211108 -9.78413528
v -34.42340851 70.18614891 -9.13316589
v -34.42340851 71.79762203 -8.55340737
v -34.42340851 73.43331085 -8.04601175
v -34.42340851 75.08998050 -7.61198182
v -34.42340851 76.76435034 -7.25218399
v -34.42340851 78.45307107 -6.96733113
v -34.42340851 80.15281626 -6.75798783
v -34.42340851 81.86019847 -6.62457130
v -34.42340851 83.57183025 -6.56734525
v -34.42340851 85.28430889 -6.58642459
v -34.42340851 86.99423167 -6.68176974
v -34.42340851 88.69821878 -6.85319187
v -34.42340851 90.39288276 -7.10035196
v -34.42340851 92.07483617 -7.42275695
v -34.42340851 93.74078310 -7.81976931
v -34.42340851 95.38736662 -8.29060035
v -34.42340851 97.01135950 -8.83431213
v -34.42340851 98.60951162 -9.44982987
v -34.42340851 100.17870254 -10.13592713
v -34.42340851 101.71569742 -10.89124780
v -34.42340851 103.21749789 -11.71427743
v -34.42340851 104.68119717 -12.60340813
v -34.42340851 106.10389607 -13.55684795
v -34.42340851 107.48259625 -14.57271815
v -34.42340851 108.81469608 -15.64899789
v -34.42340851 110.09760158 -16.78355857
v -34.42340851 111.32859667 -17.97413904
v -34.42340851 112.50540016 -19.21836939
v -34.42340851 113.62560117 -20.51378917
v -34.42340851 114.68699481 -21.85782917
v -34.42340851 115.68749824 -23.24780956
v -34.42340851 116.62499814 -24.68097804
v -34.42340851 117.49780076 -26.15448885
v -34.42340851 118.30399877 -27.66541802
v -34.42340851 119.04219598 -29.21075957
v -34.42340851 119.71069866 -30.78744838
v -34.42340851 120.30840057 -32.39235833
v -34.42340851 120.83399707 -34.02229840
v -34.42340851 121.28639715 -35.67403946
v -34.42340851 121.66489891 -37.34428943
v -34.42340851 121.96849528 -39.02974096
v -34.42340851 122.19679716 -40.72704093
v -34.42340851 122.34919418 -42.43282860
v -34.42340851 122.42549563 -44.14372033
v -34.42340851 122.42549550 -45.85629815
v -34.42340851 122.34919380 -47.56718987
v -34.42340851 122.19679651 -49.27296989
v -34.42340851 121.96849438 -50.97027746
v -34.42340851 121.66489776 -52.65572894
v -34.42340851 121.28639574 -54.32597885
v -34.42340851 120.83399541 -55.97771985
v -34.42340851 120.30839867 -57.60765984
v -34.42340851 119.71069652 -59.21256778
v -34.42340851 119.04219359 -60.78925841
v -34.42340851 118.30399615 -62.33459984
v -34.42340851 117.49779791 -63.84552889
v -34.42340851 116.62499507 -65.31903957
v -34.42340851 115.68749496 -66.75222126
v -34.42340851 114.68699132 -68.14219006
v -34.42340851 113.62559748 -69.48622989
v -34.42340851 112.50539627 -70.78164759
v -34.42340851 111.32859258 -72.02588731
v -34.42340851 110.09759732 -73.21646949
v -34.42340851 108.81469165 -74.35102140
v -34.42340851 107.48259166 -75.42729998
v -34.42340851 106.10389132 -76.44316902
v -34.42340851 104.68119228 -77.39661435
v -34.42340851 103.21749287 -78.28573625
v -34.42340851 101.71569227 -79.10877996
v -34.42340851 100.17869728 -79.86408990
v -34.42340851 98.60950625 -80.55018597
v -34.42340851 97.01135404 -81.16571014
v -34.42340851 95.38736108 -81.70941882
v -34.42340851 93.74077749 -82.18024389
v -34.42340851 92.07483050 -82.57725457
v -34.42340851 90.39287704 -82.89966503
v -34.42340851 88.69821302 -83.14682676
v -34.42340851 86.99422589 -83.31824387
v -34.42340851 85.28430309 -83.41358829
v -34.42340851 83.57182445 -83.43267690
v -34.42340851 81.86019268 -83.37544869
v -34.42340851 80.15281049 -83.24202570
v -34.42340851 78.45306533 -83.03268262
v -34.42340851 76.76434464 -82.74783905
v -34.42340851 75.08997486 -82.38803667
v -34.42340851 73.43330528 -81.95400792
v -34.42340851 71.79761653 -81.44660729
v -34.42340851 70.18614349 -80.86684185
v -34.42340851 68.60210576 -80.21588653
v -34.42340851 67.04863139 -79.49499255
v -34.42340851 65.52881028 -78.70561713
v -34.42340851 64.04567131 -77.84932429
v -34.42340851 62.60214416 -76.92781540
v -34.42340851 61.20110511 -75.94290623
v -34.07843018 59.59308438 -75.19850609
v -33.68505096 58.04835330 -74.34397563
v -33.68505096 56.76693555 -73.15878724
v -33.68505096 55.53958350 -71.91768303
v -33.68505096 54.36873475 -70.62313490
v -33.68505096 53.25672390 -69.27772161
v -33.68505096 52.20574439 -67.88410581
v -33.68505096 51.21789431 -66.44506460
v -33.68505096 50.29512678 -64.96343611
v -33.68505096 49.43927667 -63.44216529
v -33.68505096 48.65204535 -61.88428483
v -33.68505096 47.93499682 -60.29288463
v -33.68505096 47.28954635 -58.67111182
v -33.68505096 46.71698712 -57.02221269
v -33.68505096 46.21844446 -55.34944502
v -33.68505096 45.79491782 -53.65611231
v -33.68505096 45.44724644 -51.94560203
v -33.68505096 45.17610552 -50.22130163
v -33.68505096 44.98205582 -48.48664433
v -33.68505096 44.86514692 -46.73789172
v -33.68505096 44.82658809 -45.00000338
v -33.68505096 44.82658809 -45.00000338
v -33.25000000 44.57470758 -43.25025514
v -32.78073120 44.46202537 -41.46689178
v -32.78073120 44.65865789 -39.70911363
v -32.78073120 44.93340778 -37.96183353
v -32.78073120 45.28571809 -36.22852286
v -32.78073120 45.71489836 -34.51263391
v -32.78073120 46.22007885 -32.81756178
v -32.78073120 46.80026773 -31.14667292
v -32.78073120 47.45432822 -29.50330330
v -32.78073120 48.18092899 -27.89068395
v -32.78073120 48.97865860 -26.31204403
v -32.78073120 49.84590725 -24.77050395
v -32.78073120 50.78097740 -23.26913454
v -32.78073120 51.78199985 -21.81090364
v -32.78073120 52.84697951 -20.39871424
v -32.78073120 53.97381830 -19.03536441
v -32.78073120 55.16026935 -17.72356450
v -32.78073120 56.40397901 -16.46592375
v -32.78073120 57.70246772 -15.26493413
v -32.78073120 59.05061997 -14.12505405
v -32.78073120 60.45341775 -13.04233435
v -32.78073120 61.90040879 -12.02513495
v -32.78073120 63.39128029 -11.07339479
v -32.78073120 64.92305679 -10.18902506
v -32.78073120 66.49272085 -9.37376429
v -32.78073120 68.09712917 -8.62923373
v -32.78073120 69.73313081 -7.95691731
v -32.78073120 71.39743749 -7.35814538
v -32.78073120 73.08677622 -6.83410863
v -32.78073120 74.79778242 -6.38584654
v -32.78073120 76.52706101 -6.01424890
v -32.78073120 78.27117114 -5.72005386
v -32.78073120 80.02664906 -5.50384601
v -32.78073120 81.79003103 -5.36605403
v -32.78073120 83.55779226 -5.30695116
v -32.78073120 85.32643087 -5.32665563
v -32.78073120 87.09242971 -5.42512741
v -32.78073120 88.85230213 -5.60217193
v -32.78073120 90.60253099 -5.85743682
v -32.78073120 92.33966018 -6.19041615
v -32.78073120 94.06021831 -6.60044808
v -32.78073120 95.76081032 -7.08671911
v -32.78073120 97.43805637 -7.64826223
v -32.78073120 99.08862242 -8.28396687
v -32.78073120 100.70919732 -8.99256322
v -32.78073120 102.29669879 -9.77265177
v -32.78073120 103.84780041 -10.62267801
v -32.78073120 105.35949620 -11.54095778
v -32.78073120 106.82879544 -12.52567812
v -32.78073120 108.25269978 -13.57485826
v -32.78073120 109.62850078 -14.68643825
v -32.78073120 110.95349764 -15.85819796
v -32.78073120 112.22489800 -17.08782853
v -32.78073120 113.44029860 -18.37285898
v -32.78073120 114.59719700 -19.71076877
v -32.78073120 115.69339593 -21.09887806
v -32.78073120 116.72659895 -22.53444790
v -32.78073120 117.69489870 -24.01461918
v -32.78073120 118.59629629 -25.53644885
v -32.78073120 119.42899881 -27.09692903
v -32.78073120 120.19139645 -28.69294883
v -32.78073120 120.88189468 -30.32134969
v -32.78073120 121.49909732 -31.97888910
v -32.78073120 122.04199728 -33.66229025
v -32.78073120 122.50929756 -35.36818857
v -32.78073120 122.90009791 -37.09321759
v -32.78073120 123.21369641 -38.83394027
v -32.78073120 123.44949797 -40.58690812
v -32.78073120 123.60689988 -42.34863833
v -32.78073120 123.68569613 -44.11562900
v -32.78073120 123.68569600 -45.88438968
v -32.78073120 123.60689948 -47.65138033
v -32.78073120 123.44949731 -49.41311052
v -32.78073120 123.21369548 -51.16607070
v -32.78073120 122.90009671 -52.90680097
v -32.78073120 122.50929611 -54.63182993
v -32.78073120 122.04199556 -56.33772818
v -32.78073120 121.49909535 -58.02112734
v -32.78073120 120.88189247 -59.67867047
v -32.78073120 120.19139399 -61.30706932
v -32.78073120 119.42899611 -62.90308900
v -32.78073120 118.59629335 -64.46357097
v -32.78073120 117.69489553 -65.98539860
v -32.78073120 116.72659555 -67.46556973
v -32.78073120 115.69339232 -68.90113941
v -32.78073120 114.59719318 -70.28926189
v -32.78073120 113.44029458 -71.62716005
v -32.78073120 112.22489379 -72.91220177
v -32.78073120 110.95349324 -74.14181593
v -32.78073120 109.62849621 -75.31357639
v -32.78073120 108.25269504 -76.42515618
v -32.78073120 106.82879054 -77.47435041
v -32.78073120 105.35949115 -78.45906099
v -32.78073120 103.84779522 -79.37733481
v -32.78073120 102.29669347 -80.22737131
v -32.78073120 100.70919188 -81.00745389
v -32.78073120 99.08861688 -81.71604905
v -32.78073120 97.43805073 -82.35176059
v -32.78073120 95.76080459 -82.91329916
v -32.78073120 94.06021251 -83.39956612
v -32.78073120 92.33965432 -83.80960780
v -32.78073120 90.60252508 -84.14257734
v -32.78073120 88.85229618 -84.39784912
v -32.78073120 87.09242373 -84.57489671
v -32.78073120 85.32642488 -84.67335392
v -32.78073120 83.55778627 -84.69306814
v -32.78073120 81.79002504 -84.63395545
v -32.78073120 80.02664310 -84.49617609
v -32.78073120 78.27116521 -84.27996654
v -32.78073120 76.52705512 -83.98576933
v -32.78073120 74.79777659 -83.61416428
v -32.78073120 73.08677045 -83.16590670
v -32.78073120 71.39743181 -82.64186635
v -32.78073120 69.73312521 -82.04309609
v -32.78073120 68.09712368 -81.37078609
v -32.78073120 66.49271547 -80.62625624
v -32.78073120 64.92305153 -79.81098665
v -32.78073120 63.39127517 -78.92661764
v -32.78073120 61.90040381 -77.97488108
v -32.78073120 60.45341292 -76.95767668
v -32.28527069 58.94576453 -76.00646655
v -35.11370087 46.96471828 -45.00000355
v -35.11370087 47.00139647 -46.64787266
v -35.11370087 47.11170595 -48.29633306
v -35.11370087 47.29516606 -49.93632483
v -35.11370087 47.55149452 -51.56650521
v -35.11370087 47.88020686 -53.18365459
v -35.11370087 48.28061644 -54.78455336
v -35.11370087 48.75193743 -56.36602388
v -35.11370087 49.29325429 -57.92493429
v -35.11370087 49.90347604 -59.45817561
v -35.11370087 50.58138578 -60.96271515
v -35.11370087 51.32565599 -62.43556219
v -35.11370087 52.13478369 -63.87379468
v -35.11370087 53.00718578 -65.27455539
v -35.11370087 53.94111512 -66.63506724
v -35.11370087 54.93473303 -67.95261035
v -35.11370087 55.98605587 -69.22459071
v -35.11370087 57.09298556 -70.44847538
v -35.11370087 58.25335534 -71.62184583
v -35.11370087 59.46482300 -72.74234458
v -34.42340851 122.19679716 -40.72704093
v -34.42340851 122.19679651 -49.27296989
v -34.94551849 46.46925777 -45.00000351
v -34.94551849 46.50638609 -46.66893356
v -34.94551849 46.61821763 -48.34043473
v -34.94551849 46.80412678 -50.00236483
v -34.94551849 47.06388465 -51.65435383
v -34.94551849 47.39698771 -53.29313255
v -34.94551849 47.80275693 -54.91545466
v -34.94551849 48.28039506 -56.51808531
v -34.94551849 48.82894459 -58.09784304
v -34.94551849 49.44732597 -59.65159217
v -34.94551849 50.13430706 -61.17626569
v -34.94551849 50.88853363 -62.66881564
v -34.94551849 51.70848362 -64.12629327
v -34.94551849 52.59256631 -65.54579560
v -34.94551849 53.53899641 -66.92449592
v -34.94551849 54.54589328 -68.25967056
v -34.94551849 55.61127328 -69.54867211
v -34.94551849 56.73302307 -70.78893708
v -34.94551849 57.90891485 -71.97798594
v -34.94551849 59.13659497 -73.11347645
v -9.25000000 44.03914697 -43.23067425
v -31.25000000 43.99999660 -45.00000332
v -9.25000000 43.99999660 -45.00000332
v -31.25000000 44.03914671 -46.76933240
v -9.25000000 44.03914671 -46.76933240
v -31.25000000 44.15652481 -48.53520155
v -9.25000000 44.15652481 -48.53520155
v -31.25000000 44.35189440 -50.29415465
v -9.25000000 44.35189440 -50.29415465
v -31.25000000 44.62487782 -52.04274324
v -9.25000000 44.62487782 -52.04274324
v -31.25000000 44.97494482 -53.77754170
v -9.25000000 44.97494482 -53.77754170
v -31.25000000 45.40139733 -55.49516258
v -9.25000000 45.40139733 -55.49516258
v -31.25000000 45.90341518 -57.19223369
v -9.25000000 45.90341518 -57.19223369
v -31.25000000 46.48000654 -58.86544388
v -9.25000000 46.48000654 -58.86544388
v -31.25000000 47.13004609 -60.51150487
v -9.25000000 47.13004609 -60.51150487
v -31.25000000 47.85225590 -62.12720469
v -9.25000000 47.85225590 -62.12720469
v -31.25000000 48.64522453 -63.70937333
v -9.25000000 48.64522453 -63.70937333
v -31.25000000 49.50740322 -65.25492470
v -9.25000000 49.50740322 -65.25492470
v -31.25000000 50.43711349 -66.76082229
v -9.25000000 50.43711349 -66.76082229
v -31.25000000 51.43251667 -68.22412498
v -9.25000000 51.43251667 -68.22412498
v -31.25000000 52.49167489 -69.64196411
v -9.25000000 52.49167489 -69.64196411
v -31.25000000 53.61251295 -71.01155495
v -9.25000000 53.61251295 -71.01155495
v -31.25000000 54.79282596 -72.33023485
v -9.25000000 54.79282596 -72.33023485
v -31.25000000 56.03032510 -73.59542507
v -9.25000000 56.03032510 -73.59542507
v -31.25000000 57.32257278 -74.80462316
v -9.25000000 57.32257278 -74.80462316
v -31.25000000 58.66704367 -75.95548691
v -9.25000000 58.66704367 -75.95548691
v -31.25000000 60.06110563 -77.04574275
v -9.25000000 60.06110563 -77.04574275
v -31.25000000 61.50202352 -78.07328498
v -9.25000000 61.50202352 -78.07328498
v -31.25000000 62.98698592 -79.03607653
v -9.25000000 62.98698592 -79.03607653
v -31.25000000 64.51308601 -79.93222533
v -9.25000000 64.51308601 -79.93222533
v -31.25000000 66.07732545 -80.76000712
v -9.25000000 66.07732545 -80.76000712
v -31.25000000 67.67665248 -81.51779686
v -9.25000000 67.67665248 -81.51779686
v -31.25000000 69.30793142 -82.20408391
v -9.25000000 69.30793142 -82.20408391
v -31.25000000 70.96797318 -82.81755602
v -9.25000000 70.96797318 -82.81755602
v -31.25000000 72.65352001 -83.35698486
v -9.25000000 72.65352001 -83.35698486
v -31.25000000 74.36128365 -83.82133282
v -9.25000000 74.36128365 -83.82133282
v -31.25000000 76.08791478 -84.20968439
v -9.25000000 76.08791478 -84.20968439
v -31.25000000 77.83003360 -84.52128426
v -9.25000000 77.83003360 -84.52128426
v -31.25000000 79.58424500 -84.75552969
v -9.25000000 79.58424500 -84.75552969
v -31.25000000 81.34708526 -84.91193241
v -9.25000000 81.34708526 -84.91193241
v -31.25000000 83.11511352 -84.99021776
v -9.25000000 83.11511352 -84.99021776
v -31.25000000 84.88487365 -84.99021790
v -9.25000000 84.88487365 -84.99021790
v -31.25000000 86.65291717 -84.91193281
v -9.25000000 86.65291717 -84.91193281
v -31.25000000 88.41574983 -84.75553036
v -9.25000000 88.41574983 -84.75553036
v -31.25000000 90.16995364 -84.52128519
v -9.25000000 90.16995364 -84.52128519
v -31.25000000 91.91207250 -84.20968559
v -9.25000000 91.91207250 -84.20968559
v -31.25000000 93.63870369 -83.82133428
v -9.25000000 93.63870369 -83.82133428
v -31.25000000 95.34647503 -83.35698657
v -9.25000000 95.34647503 -83.35698657
v -31.25000000 97.03201432 -82.81755798
v -9.25000000 97.03201432 -82.81755798
v -31.25000000 98.69206380 -82.20408613
v -9.25000000 98.69206380 -82.20408613
v -31.25000000 100.32329707 -81.51779932
v -9.25000000 100.32329707 -81.51779932
v -31.25000000 101.92269288 -80.76000983
v -9.25000000 101.92269288 -80.76000983
v -31.25000000 103.48689429 -79.93222827
v -9.25000000 103.48689429 -79.93222827
v -31.25000000 105.01299452 -79.03607971
v -9.25000000 105.01299452 -79.03607971
v -31.25000000 106.49799520 -78.07328837
v -9.25000000 106.49799520 -78.07328837
v -31.25000000 107.93889799 -77.04574637
v -9.25000000 107.93889799 -77.04574637
v -31.25000000 109.33299445 -75.95549074
v -9.25000000 109.33299445 -75.95549074
v -31.25000000 110.67739303 -74.80462719
v -9.25000000 110.67739303 -74.80462719
v -31.25000000 111.96969812 -73.59542929
v -9.25000000 111.96969812 -73.59542929
v -31.25000000 113.20719364 -72.33023926
v -9.25000000 113.20719364 -72.33023926
v -31.25000000 114.38749159 -71.01155954
v -9.25000000 114.38749159 -71.01155954
v -31.25000000 115.50829552 -69.64196886
v -9.25000000 115.50829552 -69.64196886
v -31.25000000 116.56749210 -68.22412989
v -9.25000000 116.56749210 -68.22412989
v -31.25000000 117.56289169 -66.76082736
v -9.25000000 117.56289169 -66.76082736
v -31.25000000 118.49259456 -65.25492991
v -9.25000000 118.49259456 -65.25492991
v -31.25000000 119.35479255 -63.70937867
v -9.25000000 119.35479255 -63.70937867
v -31.25000000 120.14769276 -62.12721015
v -9.25000000 120.14769276 -62.12721015
v -31.25000000 120.86999818 -60.51151044
v -9.25000000 120.86999818 -60.51151044
v -31.25000000 121.51999220 -58.86544954
v -9.25000000 121.51999220 -58.86544954
v -31.25000000 122.09659908 -57.19223944
v -9.25000000 122.09659908 -57.19223944
v -31.25000000 122.59859811 -55.49516841
v -9.25000000 122.59859811 -55.49516841
v -31.25000000 123.02509665 -53.77754759
v -9.25000000 123.02509665 -53.77754759
v -31.25000000 123.37509525 -52.04274918
v -9.25000000 123.37509525 -52.04274918
v -31.25000000 123.64809801 -50.29416064
v -9.25000000 123.64809801 -50.29416064
v -31.25000000 123.84349457 -48.53520756
v -9.25000000 123.84349457 -48.53520756
v -9.25000000 123.96079664 -46.76933843
v -31.25000000 123.96079664 -46.76933843
v -9.25000000 123.99999660 -45.00000936
v -31.25000000 123.99999660 -45.00000936
v -9.25000000 123.99999660 -45.00000936
v -31.25000000 123.99999660 -45.00000936
v -9.25000000 123.96079691 -43.23068029
v -31.25000000 123.96079691 -43.23068029
v -9.25000000 123.84349510 -41.46479969
v -31.25000000 123.84349510 -41.46479969
v -31.25000000 123.64809881 -39.70585040
v -31.25000000 44.03914697 -43.23067425
v -9.25000000 44.15652534 -41.46479368
v -31.25000000 44.15652534 -41.46479368
v -9.25000000 44.35189520 -39.70584441
v -31.25000000 44.35189520 -39.70584441
v -9.25000000 44.62487888 -37.95726350
v -31.25000000 44.62487888 -37.95726350
v -9.25000000 44.97494615 -36.22246510
v -31.25000000 44.97494615 -36.22246510
v -9.25000000 45.40139891 -34.50484428
v -31.25000000 45.40139891 -34.50484428
v -9.25000000 45.90341702 -32.80777324
v -31.25000000 45.90341702 -32.80777324
v -9.25000000 46.48000864 -31.13456314
v -31.25000000 46.48000864 -31.13456314
v -9.25000000 47.13004843 -29.48850415
v -31.25000000 47.13004843 -29.48850415
v -9.25000000 47.85225849 -27.87280444
v -31.25000000 47.85225849 -27.87280444
v -9.25000000 48.64522735 -26.29063401
v -31.25000000 48.64522735 -26.29063401
v -9.25000000 49.50740627 -24.74508469
v -31.25000000 49.50740627 -24.74508469
v -9.25000000 50.43711678 -23.23918342
v -31.25000000 50.43711678 -23.23918342
v -9.25000000 51.43252018 -21.77589423
v -31.25000000 51.43252018 -21.77589423
v -9.25000000 52.49167861 -20.35805336
v -31.25000000 52.49167861 -20.35805336
v -9.25000000 53.61251688 -18.98845314
v -31.25000000 53.61251688 -18.98845314
v -9.25000000 54.79283009 -17.66977342
v -31.25000000 54.79283009 -17.66977342
v -9.25000000 56.03032942 -16.40459484
v -31.25000000 56.03032942 -16.40459484
v -9.25000000 57.32257728 -15.19538454
v -31.25000000 57.32257728 -15.19538454
v -9.25000000 58.66704835 -14.04452481
v -31.25000000 58.66704835 -14.04452481
v -9.25000000 60.06111047 -12.95426441
v -31.25000000 60.06111047 -12.95426441
v -9.25000000 61.50202852 -11.92673480
v -31.25000000 61.50202852 -11.92673480
v -9.25000000 62.98699105 -10.96394442
v -31.25000000 62.98699105 -10.96394442
v -9.25000000 64.51309128 -10.06778441
v -31.25000000 64.51309128 -10.06778441
v -9.25000000 66.07733085 -9.24000095
v -31.25000000 66.07733085 -9.24000095
v -9.25000000 67.67665799 -8.48222290
v -31.25000000 67.67665799 -8.48222290
v -9.25000000 69.30793703 -7.79592942
v -31.25000000 69.30793703 -7.79592942
v -9.25000000 70.96797889 -7.18246424
v -31.25000000 70.96797889 -7.18246424
v -9.25000000 72.65352580 -6.64302945
v -31.25000000 72.65352580 -6.64302945
v -9.25000000 74.36128951 -6.17868079
v -31.25000000 74.36128951 -6.17868079
v -9.25000000 76.08792071 -5.79032566
v -31.25000000 76.08792071 -5.79032566
v -9.25000000 77.83003956 -5.47872511
v -31.25000000 77.83003956 -5.47872511
v -9.25000000 79.58425101 -5.24448996
v -31.25000000 79.58425101 -5.24448996
v -9.25000000 81.34709129 -5.08807796
v -31.25000000 81.34709129 -5.08807796
v -9.25000000 83.11511956 -5.00979527
v -31.25000000 83.11511956 -5.00979527
v -9.25000000 84.88487969 -5.00979540
v -31.25000000 84.88487969 -5.00979540
v -9.25000000 86.65292320 -5.08807837
v -31.25000000 86.65292320 -5.08807837
v -9.25000000 88.41575583 -5.24449062
v -31.25000000 88.41575583 -5.24449062
v -9.25000000 90.16995961 -5.47872604
v -31.25000000 90.16995961 -5.47872604
v -9.25000000 91.91207842 -5.79032686
v -31.25000000 91.91207842 -5.79032686
v -9.25000000 93.63870956 -6.17868224
v -31.25000000 93.63870956 -6.17868224
v -9.25000000 95.34648082 -6.64303117
v -31.25000000 95.34648082 -6.64303117
v -9.25000000 97.03202003 -7.18246620
v -31.25000000 97.03202003 -7.18246620
v -9.25000000 98.69206942 -7.79593164
v -31.25000000 98.69206942 -7.79593164
v -9.25000000 100.32330258 -8.48222536
v -31.25000000 100.32330258 -8.48222536
v -9.25000000 101.92269828 -9.24000365
v -31.25000000 101.92269828 -9.24000365
v -9.25000000 103.48689957 -10.06778735
v -31.25000000 103.48689957 -10.06778735
v -9.25000000 105.01299966 -10.96394760
v -31.25000000 105.01299966 -10.96394760
v -9.25000000 106.49800020 -11.92673820
v -31.25000000 106.49800020 -11.92673820
v -9.25000000 107.93890283 -12.95426802
v -31.25000000 107.93890283 -12.95426802
v -9.25000000 109.33299912 -14.04452863
v -31.25000000 109.33299912 -14.04452863
v -9.25000000 110.67739753 -15.19538857
v -31.25000000 110.67739753 -15.19538857
v -9.25000000 111.96970244 -16.40459906
v -31.25000000 111.96970244 -16.40459906
v -9.25000000 113.20719776 -17.66977783
v -31.25000000 113.20719776 -17.66977783
v -9.25000000 114.38749551 -18.98845773
v -31.25000000 114.38749551 -18.98845773
v -9.25000000 115.50829924 -20.35805811
v -31.25000000 115.50829924 -20.35805811
v -9.25000000 116.56749561 -21.77589915
v -31.25000000 116.56749561 -21.77589915
v -9.25000000 117.56289497 -23.23918849
v -31.25000000 117.56289497 -23.23918849
v -9.25000000 118.49259762 -24.74508989
v -31.25000000 118.49259762 -24.74508989
v -9.25000000 119.35479538 -26.29063935
v -31.25000000 119.35479538 -26.29063935
v -9.25000000 120.14769534 -27.87280990
v -31.25000000 120.14769534 -27.87280990
v -9.25000000 120.87000052 -29.48850972
v -31.25000000 120.87000052 -29.48850972
v -9.25000000 121.51999429 -31.13456881
v -31.25000000 121.51999429 -31.13456881
v -9.25000000 122.09660092 -32.80777899
v -31.25000000 122.09660092 -32.80777899
v -9.25000000 122.59859969 -34.50485011
v -31.25000000 122.59859969 -34.50485011
v -9.25000000 123.02509797 -36.22247099
v -31.25000000 123.02509797 -36.22247099
v -9.25000000 123.37509632 -37.95726945
v -31.25000000 123.37509632 -37.95726945
v -9.25000000 123.64809881 -39.70585040
v -9.25000000 44.03914697 -43.23067425
v -9.25000000 43.99999660 -45.00000332
v -8.72789478 44.03421825 -45.00000332
v -8.72789478 44.03421825 -45.00000332
v -9.25000000 43.99999660 -45.00000332
v -9.25000000 44.03914671 -46.76933240
v -8.72789478 44.07337599 -46.76886319
v -9.25000000 44.15652481 -48.53520155
v -8.72789478 44.19283691 -48.55716276
v -9.25000000 44.35189440 -50.29415465
v -8.72789478 44.39080431 -50.32691146
v -9.25000000 44.62487782 -52.04274324
v -8.72789478 44.66742695 -52.08609346
v -9.25000000 44.97494482 -53.77754170
v -8.72789478 45.02213644 -53.83120305
v -9.25000000 45.40139733 -55.49516258
v -8.72789478 45.45423470 -55.55878410
v -9.25000000 45.90341518 -57.19223369
v -8.72789478 45.96285578 -57.26538433
v -9.25000000 46.48000654 -58.86544388
v -8.72789478 46.54699643 -58.94764298
v -9.25000000 47.13004609 -60.51150487
v -8.72789478 47.20550461 -60.60221456
v -9.25000000 47.85225590 -62.12720469
v -8.72789478 47.93705661 -62.22580318
v -9.25000000 48.64522453 -63.70937333
v -8.72789478 48.74021430 -63.81519304
v -9.25000000 49.50740322 -65.25492470
v -8.72789478 49.61337550 -65.36723702
v -9.25000000 50.43711349 -66.76082229
v -8.72789478 50.55480452 -66.87882614
v -9.25000000 51.43251667 -68.22412498
v -8.72789478 51.56263598 -68.34699639
v -9.25000000 52.49167489 -69.64196411
v -8.72789478 52.63487480 -69.76879517
v -9.25000000 53.61251295 -71.01155495
v -8.72789478 53.76938474 -71.14142252
v -9.25000000 54.79282596 -72.33023485
v -8.72789478 54.96391512 -72.46215472
v -9.25000000 56.03032510 -73.59542507
v -8.72789478 56.21608559 -73.72835202
v -9.25000000 57.32257278 -74.80462316
v -8.72789478 57.52342421 -74.93752723
v -9.25000000 58.66704367 -75.95548691
v -8.72789478 58.88247488 -76.08655230
v -9.25000000 60.06110563 -77.04574275
v -8.72789478 60.29310407 -77.17526700
v -9.25000000 61.50202352 -78.07328498
v -8.72789478 61.74994451 -78.19938363
v -9.25000000 62.98698592 -79.03607653
v -8.72789478 63.25095533 -79.15760518
v -9.25000000 64.51308601 -79.93222533
v -8.72789478 64.79317633 -80.04799378
v -9.25000000 66.07732545 -80.76000712
v -8.72789478 66.37351379 -80.86880231
v -9.25000000 67.67665248 -81.51779686
v -8.72789478 67.98885492 -81.61840571
v -9.25000000 69.30793142 -82.20408391
v -8.72789478 69.63598012 -82.29529334
v -9.25000000 70.96797318 -82.81755602
v -8.72789478 71.31163162 -82.89814534
v -9.25000000 72.65352001 -83.35698486
v -8.72789478 73.01247539 -83.42575624
v -9.25000000 74.36128365 -83.82133282
v -8.72789478 74.73512398 -83.87706558
v -9.25000000 76.08791478 -84.20968439
v -8.72789478 76.47617467 -84.25119596
v -9.25000000 77.83003360 -84.52128426
v -8.72789478 78.23216372 -84.54739971
v -9.25000000 79.58424500 -84.75552969
v -8.72789478 79.99959687 -84.76506646
v -9.25000000 81.34708526 -84.91193241
v -8.72789478 81.77497223 -84.90380714
v -9.25000000 83.11511352 -84.99021776
v -8.72789478 83.55476501 -84.96331655
v -9.25000000 84.88487365 -84.99021790
v -8.72789478 85.33545044 -84.94346500
v -9.25000000 86.65291717 -84.91193281
v -8.72789478 87.11348084 -84.84432878
v -9.25000000 88.41574983 -84.75553036
v -8.72789478 88.88532381 -84.66607574
v -9.25000000 90.16995364 -84.52128519
v -8.72789478 90.64748508 -84.40907972
v -9.25000000 91.91207250 -84.20968559
v -8.72789478 92.39642462 -84.07382900
v -9.25000000 93.63870369 -83.82133428
v -8.72789478 94.12871683 -83.66101022
v -9.25000000 95.34647503 -83.35698657
v -8.72789478 95.84087507 -83.17142447
v -9.25000000 97.03201432 -82.81755798
v -8.72789478 97.52954241 -82.60605595
v -9.25000000 98.69206380 -82.20408613
v -8.72789478 99.19134666 -81.96602617
v -9.25000000 100.32329707 -81.51779932
v -8.72789478 100.82299191 -81.25260924
v -9.25000000 101.92269288 -80.76000983
v -8.72789478 102.42119754 -80.46720897
v -9.25000000 103.48689429 -79.93222827
v -8.72789478 103.98289652 -79.61138938
v -9.25000000 105.01299452 -79.03607971
v -8.72789478 105.50489213 -78.68685947
v -9.25000000 106.49799520 -78.07328837
v -8.72789478 106.98419366 -77.69545028
v -9.25000000 107.93889799 -77.04574637
v -8.72789478 108.41779512 -76.63910731
v -9.25000000 109.33299445 -75.95549074
v -8.72789478 109.80299570 -75.51996679
v -9.25000000 110.67739303 -74.80462719
v -8.72789478 111.13699543 -74.34022598
v -9.25000000 111.96969812 -73.59542929
v -8.72789478 112.41699430 -73.10222712
v -9.25000000 113.20719364 -72.33023926
v -8.72789478 113.64069587 -71.80844974
v -9.25000000 114.38749159 -71.01155954
v -8.72789478 114.80549090 -70.46144208
v -9.25000000 115.50829552 -69.64196886
v -8.72789478 115.90919736 -69.06386678
v -9.25000000 116.56749210 -68.22412989
v -8.72789478 116.94949593 -67.61853147
v -9.25000000 117.56289169 -66.76082736
v -8.72789478 117.92429615 -66.12828191
v -9.25000000 118.49259456 -65.25492991
v -8.72789478 118.83189667 -64.59607831
v -9.25000000 119.35479255 -63.70937867
v -8.72789478 119.67019177 -63.02498004
v -9.25000000 120.14769276 -62.12721015
v -8.72789478 120.43779291 -61.41808847
v -9.25000000 120.86999818 -60.51151044
v -8.72789478 121.13299872 -59.77860030
v -9.25000000 121.51999220 -58.86544954
v -8.72789478 121.75439777 -58.10978092
v -9.25000000 122.09659908 -57.19223944
v -8.72789478 122.30099824 -56.41491860
v -9.25000000 122.59859811 -55.49516841
v -8.72789478 122.77139632 -54.69740078
v -9.25000000 123.02509665 -53.77754759
v -8.72789478 123.16489773 -52.96063018
v -9.25000000 123.37509525 -52.04274918
v -8.72789478 123.48069377 -51.20804765
v -9.25000000 123.64809801 -50.29416064
v -8.72789478 123.71799859 -49.44314746
v -9.25000000 123.84349457 -48.53520756
v -8.72789478 123.87649939 -47.66942769
v -9.25000000 123.96079664 -46.76933843
v -8.72789478 123.95589863 -45.89039785
v -9.25000000 123.99999660 -45.00000936
v -8.72789478 123.95589877 -44.10960943
v -9.25000000 123.96079691 -43.23068029
v -8.72789478 123.87649979 -42.33059102
v -9.25000000 123.84349510 -41.46479969
v -8.72789478 123.71799926 -40.55685977
v -9.25000000 123.64809881 -39.70585040
v -8.72789478 123.48069470 -38.79195955
v -9.25000000 123.37509632 -37.95726945
v -8.72789478 123.16489894 -37.03938079
v -9.25000000 123.02509797 -36.22247099
v -8.72789478 122.77139779 -35.30261013
v -9.25000000 122.59859969 -34.50485011
v -8.72789478 122.30099997 -33.58509987
v -9.25000000 122.09660092 -32.80777899
v -8.72789478 121.75439975 -31.89023937
v -9.25000000 121.51999429 -31.13456881
v -8.72789478 121.13300095 -30.22140845
v -9.25000000 120.87000052 -29.48850972
v -8.72789478 120.43779539 -28.58192972
v -9.25000000 120.14769534 -27.87280990
v -8.72789478 119.67019450 -26.97503993
v -9.25000000 119.35479538 -26.29063935
v -8.72789478 118.83189963 -25.40393964
v -9.25000000 118.49259762 -24.74508989
v -8.72789478 117.92429935 -23.87173971
v -9.25000000 117.56289497 -23.23918849
v -8.72789478 116.94949935 -22.38148809
v -9.25000000 116.56749561 -21.77589915
v -8.72789478 115.90920100 -20.93614881
v -9.25000000 115.50829924 -20.35805811
v -8.72789478 114.80549474 -19.53858861
v -9.25000000 114.38749551 -18.98845773
v -8.72789478 113.64069992 -18.19157886
v -9.25000000 113.20719776 -17.66977783
v -8.72789478 112.41699854 -16.89778795
v -9.25000000 111.96970244 -16.40459906
v -8.72789478 111.13699986 -15.65979843
v -9.25000000 110.67739753 -15.19538857
v -8.72789478 109.80300031 -14.48005838
v -9.25000000 109.33299912 -14.04452863
v -8.72789478 108.41779989 -13.36090811
v -9.25000000 107.93890283 -12.95426802
v -8.72789478 106.98419859 -12.30457828
v -9.25000000 106.49800020 -11.92673820
v -8.72789478 105.50489722 -11.31315837
v -9.25000000 105.01299966 -10.96394760
v -8.72789478 103.98290174 -10.38862823
v -9.25000000 103.48689957 -10.06778735
v -8.72789478 102.42120289 -9.53281127
v -9.25000000 101.92269828 -9.24000365
v -8.72789478 100.82299739 -8.74741362
v -9.25000000 100.32330258 -8.48222536
v -8.72789478 99.19135224 -8.03399072
v -9.25000000 98.69206942 -7.79593164
v -8.72789478 97.52954809 -7.39395830
v -9.25000000 97.03202003 -7.18246620
v -8.72789478 95.84088083 -6.82859143
v -9.25000000 95.34648082 -6.64303117
v -8.72789478 94.12872267 -6.33901019
v -9.25000000 93.63870956 -6.17868224
v -8.72789478 92.39643052 -5.92618686
v -9.25000000 91.91207842 -5.79032686
v -8.72789478 90.64749103 -5.59094064
v -9.25000000 90.16995961 -5.47872604
v -8.72789478 88.88532980 -5.33393768
v -9.25000000 88.41575583 -5.24449062
v -8.72789478 87.11348685 -5.15568771
v -9.25000000 86.65292320 -5.08807837
v -8.72789478 85.33545647 -5.05654550
v -9.25000000 84.88487969 -5.00979540
v -8.72789478 83.55477104 -5.03670751
v -9.25000000 83.11511956 -5.00979527
v -8.72789478 81.77497825 -5.09621236
v -9.25000000 81.34709129 -5.08807796
v -8.72789478 79.99960288 -5.23494228
v -9.25000000 79.58425101 -5.24448996
v -8.72789478 78.23216969 -5.45262212
v -9.25000000 77.83003956 -5.47872511
v -8.72789478 76.47618060 -5.74881988
v -9.25000000 76.08792071 -5.79032566
v -8.72789478 74.73512985 -6.12294761
v -9.25000000 74.36128951 -6.17868079
v -8.72789478 73.01248119 -6.57426146
v -9.25000000 72.65352580 -6.64302945
v -8.72789478 71.31163734 -7.10186638
v -9.25000000 70.96797889 -7.18246424
v -8.72789478 69.63598575 -7.70471526
v -9.25000000 69.30793703 -7.79592942
v -8.72789478 67.98886045 -8.38161028
v -9.25000000 67.67665799 -8.48222290
v -8.72789478 66.37351921 -9.13120580
v -9.25000000 66.07733085 -9.24000095
v -8.72789478 64.79318162 -9.95201791
v -9.25000000 64.51309128 -10.06778441
v -8.72789478 63.25096049 -10.84241486
v -9.25000000 62.98699105 -10.96394442
v -8.72789478 61.74994952 -11.80062474
v -9.25000000 61.50202852 -11.92673480
v -8.72789478 60.29310893 -12.82475450
v -9.25000000 60.06111047 -12.95426441
v -8.72789478 58.88247957 -13.91345469
v -9.25000000 58.66704835 -14.04452481
v -8.72789478 57.52342873 -15.06248432
v -9.25000000 57.32257728 -15.19538454
v -8.72789478 56.21608993 -16.27165456
v -9.25000000 56.03032942 -16.40459484
v -8.72789478 54.96391927 -17.53786502
v -9.25000000 54.79283009 -17.66977342
v -8.72789478 53.76938868 -18.85858370
v -9.25000000 53.61251688 -18.98845314
v -8.72789478 52.63487854 -20.23121468
v -9.25000000 52.49167861 -20.35805336
v -8.72789478 51.56263951 -21.65302475
v -9.25000000 51.43252018 -21.77589423
v -8.72789478 50.55480782 -23.12118340
v -9.25000000 50.43711678 -23.23918342
v -8.72789478 49.61337857 -24.63278382
v -9.25000000 49.50740627 -24.74508469
v -8.72789478 48.74021714 -26.18481432
v -9.25000000 48.64522735 -26.29063401
v -8.72789478 47.93705921 -27.77420406
v -9.25000000 47.85225849 -27.87280444
v -8.72789478 47.20550697 -29.39779447
v -9.25000000 47.13004843 -29.48850415
v -8.72789478 46.54699854 -31.05236405
v -9.25000000 46.48000864 -31.13456314
v -8.72789478 45.96285764 -32.73461498
v -9.25000000 45.90341702 -32.80777324
v -8.72789478 45.45423629 -34.44122276
v -9.25000000 45.40139891 -34.50484428
v -8.72789478 45.02213777 -36.16880375
v -9.25000000 44.97494615 -36.22246510
v -8.72789478 44.66742802 -37.91390184
v -9.25000000 44.62487888 -37.95726350
v -8.72789478 44.39080511 -39.67308380
v -9.25000000 44.35189520 -39.70584441
v -8.72789478 44.19283745 -41.44284391
v -9.25000000 44.15652534 -41.46479368
v -8.72789478 44.07337625 -43.23114346
v -5.25000000 48.03956658 -43.31260281
v -5.28422117 47.51410729 -43.37401177
v -5.25000000 47.99999660 -45.00000362
v -5.28422117 47.47788662 -45.00000358
v -5.25000000 47.99999660 -45.00000362
v -5.28422117 47.47788662 -45.00000358
v -5.28422117 47.51410705 -46.62599541
v -5.38629723 47.00139647 -46.64787266
v -5.38629723 47.11170595 -48.29633306
v -5.55448198 46.61821763 -48.34043473
v -5.38629723 47.29516606 -49.93632483
v -5.55448198 46.80412678 -50.00236483
v -5.38629723 47.55149452 -51.56650521
v -5.55448198 47.06388465 -51.65435383
v -5.38629723 47.88020686 -53.18365459
v -5.55448198 47.39698771 -53.29313255
v -5.38629723 48.28061644 -54.78455336
v -5.55448198 47.80275693 -54.91545466
v -5.38629723 48.75193743 -56.36602388
v -5.55448198 48.28039506 -56.51808531
v -5.38629723 49.29325429 -57.92493429
v -5.55448198 48.82894459 -58.09784304
v -5.38629723 49.90347604 -59.45817561
v -5.55448198 49.44732597 -59.65159217
v -5.38629723 50.58138578 -60.96271515
v -5.55448198 50.13430706 -61.17626569
v -5.38629723 51.32565599 -62.43556219
v -5.55448198 50.88853363 -62.66881564
v -5.38629723 52.13478369 -63.87379468
v -5.55448198 51.70848362 -64.12629327
v -5.38629723 53.00718578 -65.27455539
v -5.55448198 52.59256631 -65.54579560
v -5.38629723 53.94111512 -66.63506724
v -5.55448198 53.53899641 -66.92449592
v -5.38629723 54.93473303 -67.95261035
v -5.55448198 54.54589328 -68.25967056
v -5.38629723 55.98605587 -69.22459071
v -5.55448198 55.61127328 -69.54867211
v -5.38629723 57.09298556 -70.44847538
v -5.55448198 56.73302307 -70.78893708
v -5.38629723 58.25335534 -71.62184583
v -5.55448198 57.90891485 -71.97798594
v -5.38629723 59.46482300 -72.74234458
v -5.55448198 59.13659497 -73.11347645
v -5.38629723 60.71703544 -73.80131226
v -5.55448198 60.40636265 -74.18727568
v -5.38629723 62.03141601 -74.81600658
v -5.55448198 61.73752408 -75.21487130
v -5.38629723 63.38143349 -75.76502706
v -5.55448198 63.10559270 -76.17660236
v -5.38629723 64.77238649 -76.65298188
v -5.55448198 64.51516142 -77.07643615
v -5.38629723 66.20152461 -77.47808575
v -5.55448198 65.96341117 -77.91258738
v -5.38629723 67.66598683 -78.23871360
v -5.55448198 67.44746568 -78.68338522
v -5.38629723 69.16287398 -78.93334720
v -5.55448198 68.96439525 -79.38730379
v -5.38629723 70.68922587 -79.56060562
v -5.55448198 70.51115576 -80.02295454
v -5.38629723 72.24200598 -80.11925289
v -5.55448198 72.08471071 -80.58908625
v -5.38629723 73.81813204 -80.60816750
v -5.55448198 73.68192442 -81.08454688
v -5.38629723 75.41447600 -81.02639577
v -5.55448198 75.29961543 -81.50835224
v -5.38629723 77.02786403 -81.37308321
v -5.55448198 76.93458702 -81.85968598
v -5.38629723 78.65508417 -81.64756606
v -5.55448198 78.58358145 -82.13784620
v -5.38629723 80.29292442 -81.84928737
v -5.55448198 80.24332569 -82.34225307
v -5.38629723 81.93812705 -81.97784280
v -5.55448198 81.91054675 -82.47253273
v -5.38629723 83.58741141 -82.03298818
v -5.55448198 83.58189532 -82.52841818
v -5.38629723 85.23753501 -82.01460910
v -5.55448198 85.25408313 -82.50978732
v -5.38629723 86.88518669 -81.92272842
v -5.55448198 86.92377613 -82.41667832
v -5.38629723 88.52711633 -81.75755978
v -5.55448198 88.58767079 -82.24929715
v -5.38629723 90.16005091 -81.51939310
v -5.55448198 90.24245597 -82.00794901
v -5.38629723 91.78075559 -81.20872428
v -5.55448198 91.88484338 -81.69313743
v -5.38629723 93.38602600 -80.82617893
v -5.55448198 93.51158291 -81.30545750
v -5.38629723 94.97264255 -80.37248947
v -5.55448198 95.11943207 -80.84571031
v -5.38629723 96.53748482 -79.84857907
v -5.55448198 96.70521702 -80.31478849
v -5.38629723 98.07743237 -79.25547768
v -5.55448198 98.26575631 -79.71376017
v -5.38629723 99.58942583 -78.59436787
v -5.55448198 99.79798292 -79.04380026
v -5.38629723 101.07049736 -77.86656952
v -5.55448198 101.29889088 -78.30625917
v -5.38629723 102.51759519 -77.07349407
v -5.55448198 102.76539790 -77.50257886
v -5.38629723 103.92799565 -76.21675894
v -5.55448198 104.19459718 -76.63436913
v -5.38629723 105.29889110 -75.29803499
v -5.55448198 105.58379555 -75.70336948
v -5.38629723 106.62739765 -74.31916851
v -5.55448198 106.93009385 -74.71139571
v -5.38629723 107.91099758 -73.28207449
v -5.55448198 108.23089806 -73.66043908
v -5.38629723 109.14719609 -72.18885101
v -5.55448198 109.48359132 -72.55257479
v -5.38629723 110.33339155 -71.04162668
v -5.55448198 110.68559489 -71.39000775
v -5.38629723 111.46729514 -69.84270556
v -5.55448198 111.83479542 -70.17504964
v -5.38629723 112.54669435 -68.59446040
v -5.55448198 112.92859129 -68.91011900
v -5.38629723 113.56939189 -67.29937839
v -5.55448198 113.96499123 -67.59769537
v -5.38629723 114.53339651 -65.96001536
v -5.55448198 114.94189716 -66.24041853
v -5.38629723 115.43679322 -64.57904924
v -5.55448198 115.85739409 -64.84096639
v -5.38629723 116.27779675 -63.15918847
v -5.55448198 116.70959757 -63.40212749
v -5.38629723 117.05469810 -61.70329024
v -5.55448198 117.49689779 -61.92674761
v -5.38629723 117.76589511 -60.21422703
v -5.55448198 118.21769258 -60.41776024
v -5.38629723 118.41019760 -58.69495904
v -5.55448198 118.87049421 -58.87816754
v -5.38629723 118.98609493 -57.14849989
v -5.55448198 119.45409724 -57.31101747
v -5.38629723 119.49249611 -55.57792040
v -5.55448198 119.96729621 -55.71943044
v -5.38629723 119.92849324 -53.98633718
v -5.55448198 120.40919849 -54.10655740
v -5.38629723 120.29319368 -52.37692025
v -5.55448198 120.77869782 -52.47561031
v -5.38629723 120.58569716 -50.75284724
v -5.55448198 121.07519910 -50.82980879
v -5.38629723 120.80569850 -49.11736065
v -5.55448198 121.29809962 -49.17243729
v -5.38629723 120.95259499 -47.47368772
v -5.55448198 121.44689583 -47.50678789
v -5.38629723 121.02609670 -45.82512053
v -5.55448198 121.52139699 -45.83616030
v -5.38629723 121.02609682 -44.17489775
v -5.55448198 121.52139712 -44.16385805
v -5.38629723 120.95259536 -42.52633054
v -5.55448198 121.44689621 -42.49323045
v -5.38629723 120.80569912 -40.88265759
v -5.55448198 121.29810025 -40.82758103
v -5.38629723 120.58569803 -39.24717097
v -5.55448198 121.07519998 -39.17020949
v -5.38629723 120.29319479 -37.62309792
v -5.55448198 120.77869895 -37.52440792
v -5.38629723 119.92849460 -36.01368093
v -5.55448198 120.40919987 -35.89346078
v -5.38629723 119.49249771 -34.42209764
v -5.55448198 119.96729783 -34.28058767
v -5.38629723 118.98609676 -32.85151808
v -5.55448198 119.45409909 -32.68900057
v -5.38629723 118.41019966 -31.30505884
v -5.55448198 118.87049631 -31.12184850
v -5.38629723 117.76589741 -29.78578884
v -5.55448198 118.21769491 -29.58224808
v -5.38629723 117.05470062 -28.29672934
v -5.55448198 117.49690035 -28.07326822
v -5.38629723 116.27779949 -26.84082909
v -5.55448198 116.70960035 -26.59788822
v -5.38629723 115.43679618 -25.42097963
v -5.55448198 115.85739709 -25.15904920
v -5.38629723 114.53339967 -24.03999812
v -5.55448198 114.94190037 -23.75959883
v -5.38629723 113.56939526 -22.70063876
v -5.55448198 113.96499465 -22.40231802
v -5.38629723 112.54669791 -21.40555850
v -5.55448198 112.92859490 -21.08990759
v -5.38629723 111.46729889 -20.15730936
v -5.55448198 111.83479922 -19.82496915
v -5.38629723 110.33339548 -18.95838808
v -5.55448198 110.68559888 -18.61000897
v -5.38629723 109.14720019 -17.81117882
v -5.55448198 109.48359548 -17.44743792
v -5.38629723 107.91100185 -16.71793799
v -5.55448198 108.23090239 -16.33957726
v -5.38629723 106.62740208 -15.68085808
v -5.55448198 106.93009833 -15.28861853
v -5.38629723 105.29889568 -14.70197805
v -5.55448198 105.58380019 -14.29664837
v -5.38629723 103.92800036 -13.78325770
v -5.55448198 104.19460196 -13.36563802
v -5.38629723 102.51760004 -12.92651760
v -5.55448198 102.76540280 -12.49743761
v -5.38629723 101.07050232 -12.13345719
v -5.55448198 101.29889591 -11.69376757
v -5.38629723 99.58943090 -11.40564717
v -5.55448198 99.79798806 -10.95621767
v -5.38629723 98.07743754 -10.74453713
v -5.55448198 98.26576155 -10.28626707
v -5.38629723 96.53749008 -10.15143742
v -5.55448198 96.70522235 -9.68522993
v -5.38629723 94.97264789 -9.62752201
v -5.55448198 95.11943748 -9.15430882
v -5.38629723 93.38603141 -9.17383994
v -5.55448198 93.51158839 -8.69455948
v -5.38629723 91.78076106 -8.79128672
v -5.55448198 91.88484892 -8.30688693
v -5.38629723 90.16005643 -8.48062242
v -5.55448198 90.24246155 -7.99206700
v -5.38629723 88.52712188 -8.24246598
v -5.55448198 88.58767642 -7.75072290
v -5.38629723 86.88519226 -8.07728565
v -5.55448198 86.92378178 -7.58333338
v -5.38629723 85.23754060 -7.98541236
v -5.55448198 85.25408879 -7.49023127
v -5.38629723 83.58741700 -7.96702825
v -5.55448198 83.58190099 -7.47160112
v -5.38629723 81.93813263 -8.02217148
v -5.55448198 81.91055241 -7.52748106
v -5.38629723 80.29292999 -8.15072761
v -5.55448198 80.24333133 -7.65775905
v -5.38629723 78.65508970 -8.35244677
v -5.55448198 78.58358705 -7.86217615
v -5.38629723 77.02786953 -8.62692556
v -5.55448198 76.93459259 -8.14032659
v -5.38629723 75.41448144 -8.97361943
v -5.55448198 75.29962094 -8.49166103
v -5.38629723 73.81813741 -9.39184269
v -5.55448198 73.68192987 -8.91547664
v -5.38629723 72.24201128 -9.88076088
v -5.55448198 72.08471609 -9.41093417
v -5.38629723 70.68923108 -10.43940506
v -5.55448198 70.51116105 -9.97705229
v -5.38629723 69.16287911 -11.06666515
v -5.55448198 68.96440044 -10.61270567
v -5.38629723 67.66599185 -11.76129471
v -5.55448198 67.44747076 -11.31662497
v -5.38629723 66.20152951 -12.52192520
v -5.55448198 65.96341614 -12.08743498
v -5.38629723 64.77239127 -13.34702504
v -5.55448198 64.51516626 -12.92357455
v -5.38629723 63.38143813 -14.23498441
v -5.55448198 63.10559741 -13.82340431
v -5.38629723 62.03142052 -15.18401424
v -5.55448198 61.73752864 -14.78513421
v -5.55448198 60.40636706 -15.81273440
v -5.78589821 60.11218908 -15.44713474
v -5.78589821 58.82572049 -16.53501383
v -6.07658720 58.53750869 -16.20912422
v -5.78589821 57.58268986 -17.68470436
v -6.07658720 57.28024924 -17.37198499
v -5.78589821 56.39209986 -18.88862463
v -6.07658720 56.07602933 -18.58969349
v -5.78589821 55.25632706 -20.14439428
v -6.07658720 54.92724841 -19.85983500
v -5.78589821 54.17761831 -21.44951466
v -6.07658720 53.83619912 -21.17989374
v -5.78589821 53.15812892 -22.80138417
v -6.07658720 52.80502912 -22.54723375
v -5.78589821 52.19986924 -24.19732488
v -6.07658720 51.83579836 -23.95916376
v -5.78589821 51.30473897 -25.63457304
v -6.07658720 50.93042945 -25.41286472
v -5.78589821 50.47452722 -27.11026382
v -6.07658720 50.09070765 -26.90545460
v -5.78589821 49.71087812 -28.62148469
v -6.07658720 49.31831908 -28.43397322
v -5.78589821 49.01529847 -30.16521442
v -6.07658720 48.61477816 -29.99537454
v -5.78589821 48.38918828 -31.73839362
v -6.07658720 47.98149633 -31.58657436
v -5.78589821 47.83377586 -33.33790187
v -6.07658720 47.41972863 -33.20439506
v -5.78589821 47.35016750 -34.96057486
v -6.07658720 46.93057751 -34.84564182
v -5.78589821 46.93932829 -36.60317203
v -6.07658720 46.51503860 -36.50704163
v -5.78589821 46.60205552 -38.26245469
v -6.07658720 46.17390535 -38.18531385
v -5.78589821 46.33904728 -39.93510405
v -6.07658720 45.90788731 -39.87711299
v -5.78589821 46.15081854 -41.61780515
v -6.07658720 45.71749564 -41.57908213
v -5.78589821 46.03753717 -43.31119503
v -6.07658720 45.60288675 -43.29286157
v -5.78589821 45.99999660 -45.00000347
v -6.07658720 45.56494564 -45.00000344
v -5.78589821 45.99999660 -45.00000347
v -6.07658720 45.56494564 -45.00000344
v -6.07658720 45.60288649 -46.70714532
v -6.42157316 45.20984678 -46.72360189
v -6.42157316 45.32566468 -48.45593222
v -6.81495380 44.98205582 -48.48664433
v -6.42157316 45.51801684 -50.17532311
v -6.81495380 45.17610552 -50.22130163
v -6.42157316 45.78675451 -51.88444483
v -6.81495380 45.44724644 -51.94560203
v -6.42157316 46.13137413 -53.57988324
v -6.81495380 45.79491782 -53.65611231
v -6.42157316 46.55117762 -55.25829285
v -6.81495380 46.21844446 -55.34944502
v -6.42157316 47.04532575 -56.91633198
v -6.81495380 46.71698712 -57.02221269
v -6.42157316 47.61284577 -58.55072381
v -6.81495380 47.28954635 -58.67111182
v -6.42157316 48.25260471 -60.15820295
v -6.81495380 47.93499682 -60.29288463
v -6.42157316 48.96334373 -61.73559559
v -6.81495380 48.65204535 -61.88428483
v -6.42157316 49.74364375 -63.27975458
v -6.81495380 49.43927667 -63.44216529
v -6.42157316 50.59195602 -64.78762436
v -6.81495380 50.29512678 -64.96343611
v -6.42157316 51.50659442 -66.25620659
v -6.81495380 51.21789431 -66.44506460
v -6.42157316 52.48574318 -67.68257537
v -6.81495380 52.20574439 -67.88410581
v -6.42157316 53.52746442 -69.06391548
v -6.81495380 53.25672390 -69.27772161
v -6.42157316 54.62968295 -70.39748032
v -6.81495380 54.36873475 -70.62313490
v -6.42157316 55.79022439 -71.68063776
v -6.81495380 55.53958350 -71.91768303
v -6.42157316 57.00676558 -72.91079379
v -6.81495380 56.76693555 -73.15878724
v -6.42157316 58.27689565 -74.08555280
v -6.81495380 58.04835330 -74.34397563
v -6.42157316 59.59308438 -75.19850609
v -6.81495380 59.37707331 -75.46749563
v -6.42157316 60.96775242 -76.25961764
v -6.81495380 60.76312441 -76.53734284
v -6.42157316 62.38313473 -77.25459761
v -6.81495380 62.19107233 -77.54116528
v -6.42157316 63.84143239 -78.18553644
v -6.81495380 63.66233233 -78.48038200
v -6.42157316 65.33976149 -79.05059545
v -6.81495380 65.17397472 -79.35312382
v -6.42157316 66.87513130 -79.84804277
v -6.81495380 66.72298589 -80.15766648
v -6.42157316 68.44450533 -80.57630674
v -6.81495380 68.30629120 -80.89240781
v -6.42157316 70.04475552 -81.23394541
v -6.81495380 69.92076258 -81.55587534
v -6.42157316 71.67271569 -81.81963890
v -6.81495380 71.56319570 -82.14677207
v -6.42157316 73.32515095 -82.33222752
v -6.81495380 73.23031755 -82.66391544
v -6.42157316 74.99878068 -82.77069658
v -6.81495380 74.91881697 -83.10628312
v -6.42157316 76.69028608 -83.13417632
v -6.81495380 76.62534465 -83.47299773
v -6.42157316 78.39629497 -83.42194958
v -6.81495380 78.34650552 -83.76332684
v -6.42157316 80.11343515 -83.63343653
v -6.81495380 80.07890449 -83.97668299
v -6.42157316 81.83829629 -83.76821754
v -6.81495380 81.81908545 -84.11266945
v -6.42157316 83.56744515 -83.82602560
v -6.81495380 83.56359228 -84.17098867
v -6.42157316 85.29744088 -83.80675388
v -6.81495380 85.30897650 -84.15154910
v -6.42157316 87.02487314 -83.71043290
v -6.81495380 87.05175147 -84.05436601
v -6.42157316 88.74630107 -83.53725340
v -6.81495380 88.78847633 -83.87965300
v -6.42157316 90.45830670 -83.28756634
v -6.81495380 90.51568735 -83.62774579
v -6.42157316 92.15748733 -82.96186761
v -6.81495380 92.22996655 -83.29914789
v -6.42157316 93.84046313 -82.56079047
v -6.81495380 93.92789596 -82.89450782
v -6.42157316 95.50391531 -82.08513599
v -6.81495380 95.60612629 -82.41463429
v -6.42157316 97.14452509 -81.53585786
v -6.81495380 97.26130058 -81.86048098
v -6.42157316 98.75902709 -80.91403944
v -6.81495380 98.89015347 -81.23313887
v -6.42157316 100.34419408 -80.22092432
v -6.81495380 100.48949587 -80.53385921
v -6.42157316 101.89699717 -79.45787818
v -6.81495380 102.05599373 -79.76403816
v -6.42157316 103.41419389 -78.62641925
v -6.81495380 103.58669448 -78.92517872
v -6.42157316 104.89289269 -77.72818785
v -6.81495380 105.07849295 -78.01897461
v -6.42157316 106.33009522 -76.76498453
v -6.81495380 106.52849760 -77.04721874
v -6.42157316 107.72299385 -75.73871663
v -6.81495380 107.93369482 -76.01182608
v -6.42157316 109.06869706 -74.65142883
v -6.81495380 109.29149062 -74.91487947
v -6.42157316 110.36469477 -73.50525736
v -6.81495380 110.59899345 -73.75853038
v -6.42157316 111.60839298 -72.30249866
v -6.81495380 111.85359407 -72.54507528
v -6.42157316 112.79719770 -71.04552548
v -6.81495380 113.05309520 -71.27694030
v -6.42157316 113.92879723 -69.73684790
v -6.81495380 114.19479605 -69.95662788
v -6.42157316 115.00109347 -68.37905989
v -6.81495380 115.27649171 -68.58677018
v -6.42157316 116.01179762 -66.97484702
v -6.81495380 116.29619854 -67.17009087
v -6.42157316 116.95889550 -65.52700926
v -6.81495380 117.25169639 -65.70938996
v -6.42157316 117.84059423 -64.03841527
v -6.81495380 118.14129154 -64.20756660
v -6.42157316 118.65509324 -62.51201763
v -6.81495380 118.96299271 -62.66761915
v -6.42157316 119.40079801 -60.95086045
v -6.81495380 119.71529690 -61.09258030
v -6.42157316 120.07619791 -59.35802985
v -6.81495380 120.39679269 -59.48560098
v -6.42157316 120.67999595 -57.73669963
v -6.81495380 121.00589315 -57.84985884
v -6.42157316 121.21099430 -56.09007034
v -6.81495380 121.54159885 -56.18860781
v -6.42157316 121.66809434 -54.42143024
v -6.81495380 122.00269669 -54.50513998
v -6.42157316 122.05039580 -52.73409048
v -6.81495380 122.38839323 -52.80280084
v -6.42157316 122.35709759 -51.03137749
v -6.81495380 122.69789501 -51.08497020
v -6.42157316 122.58769617 -49.31670924
v -6.81495380 122.93059930 -49.35505841
v -6.42157316 122.74169563 -47.59345791
v -6.81495380 123.08589576 -47.61649870
v -6.42157316 122.81879842 -45.86506817
v -6.81495380 123.16369283 -45.87275100
v -6.42157316 122.81879855 -44.13495037
v -6.81495380 123.16369296 -44.12726760
v -6.42157316 122.74169602 -42.40656063
v -6.81495380 123.08589615 -42.38351988
v -6.42157316 122.58769682 -40.68330927
v -6.81495380 122.93059996 -40.64496015
v -6.42157316 122.35709850 -38.96862954
v -6.81495380 122.69789593 -38.91504070
v -6.42157316 122.05039697 -37.26592795
v -6.81495380 122.38839441 -37.19721002
v -6.42157316 121.66809576 -35.57858051
v -6.81495380 122.00269813 -35.49487081
v -6.42157316 121.21099598 -33.90994033
v -6.81495380 121.54160054 -33.81141054
v -6.42157316 120.67999787 -32.26331859
v -6.81495380 121.00589509 -32.15015943
v -6.42157316 120.07620008 -30.64198828
v -6.81495380 120.39679488 -30.51441911
v -6.42157316 119.40080042 -29.04915948
v -6.81495380 119.71529933 -28.90743969
v -6.42157316 118.65509589 -27.48799838
v -6.81495380 118.96299537 -27.33239881
v -6.42157316 117.84059710 -25.96160825
v -6.81495380 118.14129444 -25.79244933
v -6.42157316 116.95889860 -24.47300840
v -6.81495380 117.25169952 -24.29062966
v -6.42157316 116.01180093 -23.02516859
v -6.81495380 116.29620189 -22.82992860
v -6.42157316 115.00109700 -21.62096892
v -6.81495380 115.27649527 -21.41324914
v -6.42157316 113.92880096 -20.26316931
v -6.81495380 114.19479982 -20.04338936
v -6.42157316 112.79720163 -18.95449918
v -6.81495380 113.05309917 -18.72307868
v -6.42157316 111.60839710 -17.69752773
v -6.81495380 111.85359823 -17.45494924
v -6.42157316 110.36469907 -16.49476885
v -6.81495380 110.59899780 -16.24149776
v -6.42157316 109.06870154 -15.34859813
v -6.81495380 109.29149514 -15.08514848
v -6.42157316 107.72299850 -14.26129773
v -6.81495380 107.93369951 -13.98818831
v -6.42157316 106.33010001 -13.23502771
v -6.81495380 106.52850244 -12.95279830
v -6.42157316 104.89289763 -12.27182799
v -6.81495380 105.07849794 -11.98103840
v -6.42157316 103.41419897 -11.37360781
v -6.81495380 103.58669960 -11.07483788
v -6.42157316 101.89700238 -10.54214770
v -6.81495380 102.05599898 -10.23598774
v -6.42157316 100.34419940 -9.77909560
v -6.81495380 100.48950124 -9.46616169
v -6.42157316 98.75903252 -9.08597452
v -6.81495380 98.89015895 -8.76688273
v -6.42157316 97.14453061 -8.46415872
v -6.81495380 97.26130615 -8.13954039
v -6.42157316 95.50392091 -7.91487938
v -6.81495380 95.60613193 -7.58538205
v -6.42157316 93.84046880 -7.43923085
v -6.81495380 93.92790169 -7.10550731
v -6.42157316 92.15749306 -7.03815488
v -6.81495380 92.22997233 -6.70086889
v -6.42157316 90.45831248 -6.71244970
v -6.81495380 90.51569318 -6.37226883
v -6.42157316 88.74630689 -6.46276047
v -6.81495380 88.78848220 -6.12036183
v -6.42157316 87.02487898 -6.28958358
v -6.81495380 87.05175736 -5.94564571
v -6.42157316 85.29744674 -6.19326234
v -6.81495380 85.30898241 -5.84846855
v -6.42157316 83.56745101 -6.17398845
v -6.81495380 83.56359819 -5.82902347
v -6.42157316 81.83830214 -6.23180006
v -6.81495380 81.81909135 -5.88734911
v -6.42157316 80.11344099 -6.36658224
v -6.81495380 80.07891037 -6.02332910
v -6.42157316 78.39630077 -6.57806798
v -6.81495380 78.34651137 -6.23669310
v -6.42157316 76.69029184 -6.86583669
v -6.81495380 76.62535046 -6.52701861
v -6.42157316 74.99878638 -7.22931665
v -6.81495380 74.91882272 -6.89372867
v -6.42157316 73.32515659 -7.66778737
v -6.81495380 73.23032324 -7.33609466
v -6.42157316 71.67272125 -8.18037860
v -6.81495380 71.56320131 -7.85323922
v -6.42157316 70.04476100 -8.76606993
v -6.81495380 69.92076810 -8.44413522
v -6.42157316 68.44451070 -9.42370073
v -6.81495380 68.30629661 -9.10761014
v -6.42157316 66.87513656 -10.15196542
v -6.81495380 66.72299120 -9.84234646
v -6.42157316 65.33976663 -10.94941537
v -6.81495380 65.17397991 -10.64688507
v -6.42157316 63.84143740 -11.81447511
v -6.81495380 63.66233739 -11.51962475
v -6.42157316 62.38313960 -12.74541468
v -6.81495380 62.19107725 -12.45884507
v -6.42157316 60.96775714 -13.74040492
v -6.81495380 60.76312917 -13.46266442
v -6.81495380 59.37707791 -14.53251429
v -7.25000000 59.19521987 -14.30573434
v -7.25000000 57.85578039 -15.43828447
v -7.71926594 57.70246772 -15.26493413
v -7.25000000 56.56484860 -16.63227508
v -7.71926594 56.40397901 -16.46592375
v -7.25000000 55.32838686 -17.88258398
v -7.71926594 55.16026935 -17.72356450
v -7.25000000 54.14885948 -19.18673352
v -7.71926594 53.97381830 -19.03536441
v -7.25000000 53.02859723 -20.54213352
v -7.71926594 52.84697951 -20.39871424
v -7.25000000 51.96981646 -21.94609462
v -7.71926594 51.78199985 -21.81090364
v -7.25000000 50.97463813 -23.39582447
v -7.71926594 50.78097740 -23.26913454
v -7.25000000 50.04501918 -24.88844296
v -7.71926594 49.84590725 -24.77050395
v -7.25000000 49.18281737 -26.42099370
v -7.71926594 48.97865860 -26.31204403
v -7.25000000 48.38974932 -27.99043449
v -7.71926594 48.18092899 -27.89068395
v -7.25000000 47.66737905 -29.59364297
v -7.71926594 47.45432822 -29.50330330
v -7.25000000 47.01713708 -31.22744343
v -7.71926594 46.80026773 -31.14667292
v -7.25000000 46.44032802 -32.88858383
v -7.71926594 46.22007885 -32.81756178
v -7.25000000 45.93808867 -34.57376445
v -7.71926594 45.71489836 -34.51263391
v -7.25000000 45.51141846 -36.27965508
v -7.71926594 45.28571809 -36.22852286
v -7.25000000 45.16115665 -38.00286443
v -7.71926594 44.93340778 -37.96183353
v -7.25000000 44.88800512 -39.73995166
v -7.71926594 44.65865789 -39.70911363
v -7.25000000 44.69251701 -41.48749498
v -7.71926594 44.46202537 -41.46689178
v -7.25000000 44.57470758 -43.25025514
v -7.71926594 44.34346826 -43.24102355
v -7.25000000 44.53589672 -45.00000336
v -7.71926594 44.30447811 -45.00000334
v -7.25000000 44.53589672 -45.00000336
v -7.71926594 44.30447811 -45.00000334
v -7.71926594 44.34346800 -46.75897170
v -8.21472359 44.17540769 -46.76539182
v -8.21472359 44.29450622 -48.54808379
v -8.21472359 44.49197771 -50.31331207
v -8.21472359 44.76788700 -52.06799273
v -8.21472359 45.12169622 -53.80864293
v -8.21472359 45.55268441 -55.53181420
v -8.21472359 46.06000468 -57.23406186
v -8.21472359 46.64265379 -58.91202516
v -8.21472359 47.29947587 -60.56236243
v -8.21472359 48.02916630 -62.18180447
v -8.21472359 48.83027549 -63.76713549
v -8.21472359 49.70120509 -65.31521219
v -8.21472359 50.64022323 -66.82295609
v -8.21472359 51.64548358 -68.28736504
v -8.21472359 52.71498345 -69.70553224
v -8.21472359 53.84659421 -71.07465769
v -8.21472359 55.03807284 -72.39201771
v -8.21472359 56.28704278 -73.65498777
v -8.21472359 57.59105499 -74.86106544
v -8.21472359 58.94576453 -76.00646655
v -8.21472359 60.35365476 -77.09307554
v -8.21472359 61.80677587 -78.11459817
v -8.21472359 63.30395292 -79.07035543
v -8.21472359 64.84222571 -79.95848573
v -8.21472359 66.41853486 -80.77719618
v -8.21472359 68.02975611 -81.52487696
v -8.21472359 69.67267751 -82.20004798
v -8.21472359 71.34403367 -82.80135884
v -8.21472359 73.04053631 -83.32760409
v -8.21472359 74.75878274 -83.77777664
v -8.21472359 76.49538549 -84.15093809
v -8.21472359 78.24689609 -84.44638652
v -8.21472359 80.00980501 -84.66350397
v -8.21472359 81.78066376 -84.80187843
v -8.21472359 83.55590180 -84.86123525
v -8.21472359 85.33204010 -84.84144474
v -8.21472359 87.10552339 -84.74256792
v -8.21472359 88.87285739 -84.56476501
v -8.21472359 90.63049443 -84.30841749
v -8.21472359 92.37498603 -83.97402889
v -8.21472359 94.10284556 -83.56227059
v -8.21472359 95.81063216 -83.07392844
v -8.21472359 97.49498126 -82.51000950
v -8.21472359 99.15254356 -81.87162003
v -8.21472359 100.77999265 -81.16001890
v -8.21472359 102.37419285 -80.37661753
v -8.21472359 103.93189402 -79.52298758
v -8.21472359 105.44999101 -78.60081515
v -8.21472359 106.92549310 -77.61193892
v -8.21472359 108.35549349 -76.55829675
v -8.21472359 109.73709300 -75.44200963
v -8.21472359 111.06769764 -74.26529006
v -8.21472359 112.34449217 -73.03045740
v -8.21472359 113.56499703 -71.73996829
v -8.21472359 114.72679370 -70.39640911
v -8.21472359 115.82769254 -69.00241200
v -8.21472359 116.86529794 -67.56076169
v -8.21472359 117.83769490 -66.07431920
v -8.21472359 118.74289216 -64.54602947
v -8.21472359 119.57909681 -62.97894045
v -8.21472359 120.34469904 -61.37615731
v -8.21472359 121.03809669 -59.74085768
v -8.21472359 121.65799275 -58.07629932
v -8.21472359 122.20309785 -56.38577049
v -8.21472359 122.67239730 -54.67263957
v -8.21472359 123.06489926 -52.94029783
v -8.21472359 123.37979502 -51.19219758
v -8.21472359 123.61659630 -49.43179873
v -8.21472359 123.77469275 -47.66261082
v -8.21472359 123.85379445 -45.88812809
v -8.21472359 123.85379458 -44.11189061
v -8.21472359 123.77469315 -42.33740787
v -8.21472359 123.61659697 -40.56821993
v -8.21472359 123.37979596 -38.80782105
v -8.21472359 123.06490046 -37.05972075
v -8.21472359 122.67239876 -35.32737895
v -8.21472359 122.20309957 -33.61424797
v -8.21472359 121.65799472 -31.92371905
v -8.21472359 121.03809891 -30.25915869
v -8.21472359 120.34470151 -28.62385895
v -8.21472359 119.57909952 -27.02107951
v -8.21472359 118.74289511 -25.45398846
v -8.21472359 117.83769808 -23.92569859
v -8.21472359 116.86530135 -22.43925977
v -8.21472359 115.82769617 -20.99761884
v -8.21472359 114.72679753 -19.60361775
v -8.21472359 113.56500106 -18.26004886
v -8.21472359 112.34449640 -16.96956910
v -8.21472359 111.06770206 -15.73472862
v -8.21472359 109.73709759 -14.55799836
v -8.21472359 108.35549825 -13.44171865
v -8.21472359 106.92549803 -12.38808772
v -8.21472359 105.44999609 -11.39919791
v -8.21472359 103.93189923 -10.47702811
v -8.21472359 102.37419819 -9.62339888
v -8.21472359 100.77999811 -8.84000585
v -8.21472359 99.15254913 -8.12840352
v -8.21472359 97.49498692 -7.49000713
v -8.21472359 95.81063790 -6.92608412
v -8.21472359 94.10285138 -6.43775411
v -8.21472359 92.37499192 -6.02598506
v -8.21472359 90.63050036 -5.69159477
v -8.21472359 88.87286336 -5.43524793
v -8.21472359 87.10552939 -5.25745334
v -8.21472359 85.33204612 -5.15856433
v -8.21472359 83.55590782 -5.13877641
v -8.21472359 81.78066977 -5.19813011
v -8.21472359 80.00981100 -5.33650621
v -8.21472359 78.24690205 -5.55363006
v -8.21472359 76.49539140 -5.84907060
v -8.21472359 74.75878859 -6.22224275
v -8.21472359 73.04054210 -6.67240456
v -8.21472359 71.34403937 -7.19866147
v -8.21472359 69.67268313 -7.79997016
v -8.21472359 68.02976163 -8.47513617
v -8.21472359 66.41854026 -9.22281767
v -8.21472359 64.84223099 -10.04153455
v -8.21472359 63.30395807 -10.92965509
v -8.21472359 61.80678087 -11.88541498
v -8.21472359 60.35365961 -12.90693453
v -5.28422117 47.62283773 -41.74934365
v -5.25000000 48.15817709 -41.62891370
v -5.28422117 47.80375750 -40.13208369
v -5.25000000 48.35558780 -39.95262511
v -5.28422117 48.05653853 -38.52448254
v -5.25000000 48.63134858 -38.28744493
v -5.28422117 48.38068874 -36.92974456
v -5.25000000 48.98484907 -36.63701237
v -5.28422117 48.77554817 -35.35103212
v -5.25000000 49.41532634 -35.00496284
v -5.28422117 49.24035771 -33.79147329
v -5.25000000 49.92183815 -33.39488216
v -5.28422117 49.77415604 -32.25416559
v -5.25000000 50.50324772 -31.81032371
v -5.28422117 50.37592847 -30.74216460
v -5.25000000 51.15828858 -30.25475316
v -5.28422117 51.04444664 -29.25847439
v -5.25000000 51.88553784 -28.73159419
v -5.28422117 51.77839832 -27.80603418
v -5.25000000 52.68336663 -27.24419419
v -5.28422117 52.57631866 -26.38773361
v -5.25000000 53.55003925 -25.79583382
v -5.28422117 53.43663981 -25.00638412
v -5.25000000 54.48365981 -24.38968498
v -5.28422117 54.35762990 -23.66473418
v -5.25000000 55.48214929 -23.02883376
v -5.28422117 55.33746932 -22.36543501
v -5.25000000 56.54332951 -21.71628425
v -5.28422117 56.37422021 -21.11108443
v -5.25000000 57.66486967 -20.45492417
v -5.28422117 57.46583025 -19.90415435
v -5.25000000 58.84429786 -19.24751535
v -5.28422117 58.61010982 -18.74705376
v -5.25000000 60.07902009 -18.09671474
v -5.28422117 59.80479679 -17.64207529
v -5.25000000 61.36633935 -17.00505529
v -5.28422117 61.03887051 -16.59840472
v -5.28422117 62.33582951 -15.59715456
v -5.38629723 60.71703979 -16.19869500
v -5.25000000 62.70339845 -15.97493454
v -5.28422117 63.66713985 -14.66127495
v -5.38629723 63.38143813 -14.23498441
v -5.25000000 64.08727914 -15.00861461
v -5.28422117 65.03881732 -13.78562465
v -5.25000000 65.51492966 -14.10822505
v -5.28422117 66.44814966 -12.97194506
v -5.25000000 66.98322196 -13.27573519
v -5.28422117 67.89231780 -12.22186506
v -5.25000000 68.48890592 -12.51299517
v -5.28422117 69.36846837 -11.53685521
v -5.25000000 70.02870089 -11.82166533
v -5.28422117 70.87367929 -10.91828500
v -5.25000000 71.59918891 -11.20325534
v -5.28422117 72.40493696 -10.36738561
v -5.25000000 73.19695964 -10.65915565
v -5.28422117 73.95922014 -9.88523851
v -5.25000000 74.81845779 -10.19053547
v -5.28422117 75.53343892 -9.47281168
v -5.25000000 76.46015093 -9.79843335
v -5.28422117 77.12448051 -9.13092146
v -5.25000000 78.11842275 -9.48371619
v -5.28422117 78.72914820 -8.86024593
v -5.25000000 79.78961112 -9.24706775
v -5.28422117 80.34429103 -8.66132198
v -5.25000000 81.47006157 -9.08901448
v -5.28422117 81.96669705 -8.53454636
v -5.25000000 83.15606621 -9.00990065
v -5.28422117 83.59313901 -8.48016798
v -5.25000000 84.84394005 -9.00990078
v -5.28422117 85.22038968 -8.49829745
v -5.25000000 86.52995232 -9.08901486
v -5.28422117 86.84520657 -8.58889759
v -5.25000000 88.21040274 -9.24706839
v -5.28422117 88.46439295 -8.75178910
v -5.25000000 89.88159108 -9.48371707
v -5.28422117 90.07469872 -8.98664582
v -5.25000000 91.53984759 -9.79843449
v -5.28422117 91.67295004 -9.29300619
v -5.28422117 93.25596546 -9.67025698
v -5.25000000 93.18154067 -10.19053686
v -5.28422117 94.82060928 -10.11765719
v -5.25000000 94.80304638 -10.65915728
v -5.28422117 96.36376110 -10.63430751
v -5.25000000 96.40080940 -11.20325721
v -5.28422117 97.88237678 -11.21918750
v -5.25000000 97.97131258 -11.82166744
v -5.28422117 99.37341982 -11.87113749
v -5.25000000 99.51109982 -12.51299751
v -5.28422117 100.83389950 -12.58885763
v -5.25000000 101.01679892 -13.27573776
v -5.28422117 102.26109976 -13.37093744
v -5.25000000 102.48509873 -14.10822784
v -5.28422117 103.65190017 -14.21580811
v -5.25000000 103.91269571 -15.00861762
v -5.28422117 105.00369911 -15.12179786
v -5.25000000 105.29659914 -15.97493776
v -5.28422117 106.31390259 -16.08710710
v -5.25000000 106.63369623 -17.00505871
v -5.28422117 107.57969536 -17.10981800
v -5.25000000 107.92099625 -18.09671835
v -5.28422117 108.79869705 -18.18790876
v -5.25000000 109.15569923 -19.24751915
v -5.28422117 109.96849677 -19.31922789
v -5.25000000 110.33509672 -20.45492815
v -5.28422117 111.08669889 -20.50153808
v -5.25000000 111.45670155 -21.71628840
v -5.28422117 112.15109852 -21.73248756
v -5.25000000 112.51789682 -23.02883807
v -5.28422117 113.15969675 -23.00962921
v -5.25000000 113.51629455 -24.38968943
v -5.28422117 114.11029632 -24.33042816
v -5.25000000 114.44999500 -25.79583841
v -5.28422117 115.00119588 -25.69226942
v -5.25000000 115.31659493 -27.24419892
v -5.28422117 115.83049570 -27.09243886
v -5.25000000 116.11449978 -28.73159904
v -5.28422117 116.59670042 -28.52816890
v -5.28422117 117.29810107 -29.99659852
v -5.25000000 116.84169541 -30.25475812
v -5.28422117 117.93340064 -31.49481901
v -5.25000000 117.49680088 -31.81032877
v -5.28422117 118.50129450 -33.01984919
v -5.25000000 118.07819877 -33.39488730
v -5.28422117 119.00069929 -34.56866972
v -5.25000000 118.58469890 -35.00496806
v -5.28422117 119.43069948 -36.13820024
v -5.25000000 119.01509581 -36.63701765
v -5.28422117 119.79029561 -37.72532032
v -5.25000000 119.36869523 -38.28745027
v -5.28422117 120.07879342 -39.32687903
v -5.25000000 119.64439853 -39.95263049
v -5.28422117 120.29569698 -40.93971016
v -5.25000000 119.84179373 -41.62891911
v -5.28422117 120.44049514 -42.56059793
v -5.25000000 119.96040017 -43.31260824
v -5.28422117 120.51299715 -44.18633036
v -5.25000000 119.99999660 -45.00000906
v -5.28422117 120.51299703 -45.81368021
v -5.25000000 119.96039992 -46.68740987
v -5.28422117 120.44049477 -47.43942026
v -5.25000000 119.84179322 -48.37109898
v -5.28422117 120.29569637 -49.06030800
v -5.25000000 119.64439777 -50.04737994
v -5.28422117 120.07879256 -50.67313910
v -5.25000000 119.36869422 -51.71256776
v -5.28422117 119.79029452 -52.27469776
v -5.25000000 119.01509454 -53.36300032
v -5.28422117 119.43069814 -53.86181779
v -5.25000000 118.58469739 -54.99504985
v -5.28422117 119.00069772 -55.43134825
v -5.25000000 118.07819702 -56.60513053
v -5.28422117 118.50129270 -56.98016871
v -5.25000000 117.49679889 -58.18968706
v -5.28422117 117.93339860 -58.50520071
v -5.25000000 116.84169318 -59.74525952
v -5.28422117 117.29809880 -60.00341920
v -5.25000000 116.11449733 -61.26841850
v -5.28422117 116.59669793 -61.47184871
v -5.28422117 115.83049299 -62.90756719
v -5.25000000 115.31659225 -62.75581849
v -5.28422117 115.00119296 -64.30774794
v -5.25000000 114.44999210 -64.20417887
v -5.28422117 114.11029320 -65.66958717
v -5.25000000 113.51629143 -65.61033724
v -5.28422117 113.15969343 -66.99038788
v -5.25000000 112.51789350 -66.97117701
v -5.28422117 112.15109500 -68.26754082
v -5.25000000 111.45669803 -68.28373034
v -5.28422117 111.08669519 -69.49847488
v -5.25000000 110.33509302 -69.54509042
v -5.28422117 109.96849289 -70.68078681
v -5.25000000 109.15569534 -70.75251068
v -5.28422117 108.79869300 -71.81211149
v -5.25000000 107.92099219 -71.90329794
v -5.28422117 107.57969115 -72.89019825
v -5.25000000 106.63369200 -72.99495739
v -5.28422117 106.31389823 -73.91291849
v -5.25000000 105.29659475 -74.02507814
v -5.28422117 105.00369460 -74.87821990
v -5.25000000 103.91269118 -74.99140952
v -5.28422117 103.65189552 -75.78421803
v -5.25000000 102.48509406 -75.89180003
v -5.28422117 102.26109498 -76.62908945
v -5.25000000 101.01679413 -76.72428131
v -5.28422117 100.83389461 -77.41115568
v -5.25000000 99.51109492 -77.48702991
v -5.28422117 99.37341482 -78.12887561
v -5.25000000 97.97130757 -78.17835975
v -5.28422117 97.88237168 -78.78083777
v -5.25000000 96.40080429 -78.79676021
v -5.28422117 96.36375591 -79.36570704
v -5.25000000 94.80304119 -79.34085799
v -5.28422117 94.82060402 -79.88236952
v -5.25000000 93.18153542 -79.80947817
v -5.28422117 93.25596012 -80.32975710
v -5.25000000 91.53984227 -80.20157551
v -5.28422117 91.67294465 -80.70700765
v -5.28422117 90.07469329 -81.01336587
v -5.25000000 89.88158572 -80.51629554
v -5.28422117 88.46438748 -81.24822903
v -5.25000000 88.21039735 -80.75294398
v -5.28422117 86.84520107 -81.41111648
v -5.25000000 86.52994689 -80.91100965
v -5.28422117 85.22038417 -81.50171542
v -5.25000000 84.84393462 -80.99011871
v -5.28422117 83.59313349 -81.51984274
v -5.25000000 83.15606078 -80.99011858
v -5.28422117 81.96669154 -81.46546792
v -5.25000000 81.47005615 -80.91100926
v -5.28422117 80.34428555 -81.33869778
v -5.25000000 79.78960572 -80.75294334
v -5.28422117 78.72914274 -81.13977645
v -5.25000000 78.11841738 -80.51629466
v -5.28422117 77.12447510 -80.86909304
v -5.25000000 76.46014562 -80.20157438
v -5.28422117 75.53343356 -80.52719686
v -5.25000000 74.81845253 -79.80947678
v -5.28422117 73.95921484 -80.11477457
v -5.25000000 73.19695446 -79.34085636
v -5.28422117 72.40493173 -79.63262723
v -5.25000000 71.59918381 -78.79675834
v -5.28422117 70.87367414 -79.08172380
v -5.25000000 70.02869588 -78.17835764
v -5.28422117 69.36846331 -78.46315526
v -5.25000000 68.48890101 -77.48702757
v -5.28422117 67.89231285 -77.77815759
v -5.25000000 66.98321717 -76.72427874
v -5.28422117 66.44814482 -77.02806593
v -5.25000000 65.51492500 -75.89179724
v -5.28422117 65.03881261 -76.21439853
v -5.38629723 63.38143349 -75.76502706
v -5.25000000 64.08727461 -74.99140651
v -5.28422117 63.66713527 -75.33874229
v -5.25000000 62.70339407 -74.02507492
v -5.28422117 62.33582507 -74.40286726
v -5.25000000 61.36633513 -72.99495397
v -5.28422117 61.03886622 -73.40160831
v -5.28422117 59.80479266 -72.35794519
v -5.25000000 60.07901603 -71.90329433
v -5.28422117 58.61010586 -71.25296463
v -5.25000000 58.84429397 -70.75250688
v -5.28422117 57.46582646 -70.09586768
v -5.25000000 57.66486597 -69.54508645
v -5.28422117 56.37421660 -68.88893553
v -5.25000000 56.54332599 -68.28372619
v -5.28422117 55.33746590 -67.63457144
v -5.25000000 55.48214598 -66.97117271
v -5.28422117 54.35762668 -66.33528548
v -5.25000000 54.48365670 -65.61033279
v -5.28422117 53.43663679 -64.99362586
v -5.25000000 53.55003635 -64.20417427
v -5.28422117 52.57631585 -63.61227432
v -5.25000000 52.68336394 -62.75581376
v -5.28422117 51.77839573 -62.19397364
v -5.25000000 51.88553538 -61.26841365
v -5.28422117 51.04444427 -60.74153523
v -5.25000000 51.15828635 -59.74525456
v -5.28422117 50.37592631 -59.25784301
v -5.25000000 50.50324573 -58.18968201
v -5.28422117 49.77415412 -57.74584192
v -5.25000000 49.92183639 -56.60512538
v -5.28422117 49.24035602 -56.20853414
v -5.25000000 49.41532483 -54.99504462
v -5.28422117 48.77554672 -54.64897524
v -5.25000000 48.98484781 -53.36299503
v -5.28422117 48.38068752 -53.07025512
v -5.25000000 48.63134757 -51.71256242
v -5.28422117 48.05653756 -51.47552472
v -5.25000000 48.35558704 -50.04737456
v -5.28422117 47.80375676 -49.86792353
v -5.25000000 48.15817658 -48.37109357
v -5.28422117 47.62283724 -48.25066354
v -5.25000000 48.03956633 -46.68740444
v -8.21472359 44.13628811 -45.00000333
v -8.21472359 44.17540796 -43.23461485
v -8.21472359 44.29450676 -41.45192290
v -8.21472359 44.49197851 -39.68669464
v -8.21472359 44.76788807 -37.93201403
v -8.21472359 45.12169755 -36.19136388
v -8.21472359 45.55268600 -34.46819268
v -8.21472359 46.06000653 -32.76594510
v -8.21472359 46.64265589 -31.08798379
v -8.21472359 47.29947822 -29.43764281
v -8.21472359 48.02916889 -27.81819325
v -8.21472359 48.83027832 -26.23287379
v -8.21472359 49.70120816 -24.68479341
v -8.21472359 50.64022652 -23.17706300
v -8.21472359 51.64548710 -21.71265420
v -8.21472359 52.71498718 -20.29447381
v -8.21472359 53.84659815 -18.92535425
v -8.21472359 55.03807698 -17.60800396
v -8.21472359 56.28704711 -16.34503408
v -8.21472359 57.59105950 -15.13895470
v -8.21472359 58.94576921 -13.99354426
v -7.71926594 59.05061997 -14.12505405
v -7.71926594 60.45341775 -13.04233435
v -7.25000000 60.59068961 -13.22863464
v -7.71926594 61.90040879 -12.02513495
v -7.25000000 62.02925018 -12.21736423
v -7.71926594 63.39128029 -11.07339479
v -7.25000000 63.51142035 -11.27118495
v -7.71926594 64.92305679 -10.18902506
v -7.25000000 65.03427046 -10.39196505
v -7.71926594 66.49272085 -9.37376429
v -7.25000000 66.59477924 -9.58145740
v -7.71926594 68.09712917 -8.62923373
v -7.25000000 68.18984156 -8.84126797
v -7.71926594 69.73313081 -7.95691731
v -7.25000000 69.81629119 -8.17287114
v -7.71926594 71.39743749 -7.35814538
v -7.25000000 71.47090855 -7.57759062
v -7.71926594 73.08677622 -6.83410863
v -7.25000000 73.15039772 -7.05660752
v -7.71926594 74.79778242 -6.38584654
v -7.25000000 74.85143230 -6.61095851
v -7.71926594 76.52706101 -6.01424890
v -7.25000000 76.57061720 -6.24152762
v -7.71926594 78.27117114 -5.72005386
v -7.25000000 78.30457261 -5.94904776
v -7.71926594 80.02664906 -5.50384601
v -7.25000000 80.04981188 -5.73410019
v -7.71926594 81.79003103 -5.36605403
v -7.25000000 81.80290943 -5.59711120
v -7.71926594 83.55779226 -5.30695116
v -7.25000000 83.56037098 -5.53835308
v -7.71926594 85.32643087 -5.32665563
v -7.25000000 85.31870228 -5.55794359
v -7.71926594 87.09242971 -5.42512741
v -7.25000000 87.07440143 -5.65584077
v -7.71926594 88.85230213 -5.60217193
v -7.25000000 88.82401995 -5.83185294
v -7.71926594 90.60253099 -5.85743682
v -7.25000000 90.56404068 -6.08562962
v -7.71926594 92.33966018 -6.19041615
v -7.25000000 92.29103803 -6.41666775
v -7.71926594 94.06021831 -6.60044808
v -7.25000000 94.00157114 -6.82430929
v -7.71926594 95.76081032 -7.08671911
v -7.25000000 95.69226019 -7.30774505
v -7.71926594 97.43805637 -7.64826223
v -7.25000000 97.35971010 -7.86601516
v -7.71926594 99.08862242 -8.28396687
v -7.25000000 99.00066312 -8.49801143
v -7.71926594 100.70919732 -8.99256322
v -7.25000000 100.61180045 -9.20247933
v -7.71926594 102.29669879 -9.77265177
v -7.25000000 102.19000169 -9.97802075
v -7.71926594 103.84780041 -10.62267801
v -7.25000000 103.73210062 -10.82308789
v -7.71926594 105.35949620 -11.54095778
v -7.25000000 105.23490054 -11.73601754
v -7.71926594 106.82879544 -12.52567812
v -7.25000000 106.69570064 -12.71498818
v -7.71926594 108.25269978 -13.57485826
v -7.25000000 108.11129657 -13.75805813
v -7.71926594 109.62850078 -14.68643825
v -7.25000000 109.47910197 -14.86315791
v -7.71926594 110.95349764 -15.85819796
v -7.25000000 110.79630159 -16.02808835
v -7.71926594 112.22489800 -17.08782853
v -7.25000000 112.06030143 -17.25054824
v -7.71926594 113.44029860 -18.37285898
v -7.25000000 113.26859907 -18.52808854
v -7.71926594 114.59719700 -19.71076877
v -7.25000000 114.41879885 -19.85819917
v -7.71926594 115.69339593 -21.09887806
v -7.25000000 115.50859672 -21.23821940
v -7.71926594 116.72659895 -22.53444790
v -7.25000000 116.53579541 -22.66541789
v -7.71926594 117.69489870 -24.01461918
v -7.25000000 117.49849519 -24.13695841
v -7.71926594 118.59629629 -25.53644885
v -7.25000000 118.39459798 -25.64991891
v -7.71926594 119.42899881 -27.09692903
v -7.25000000 119.22250161 -27.20129913
v -7.71926594 120.19139645 -28.69294883
v -7.25000000 119.98039791 -28.78801870
v -7.71926594 120.88189468 -30.32134969
v -7.25000000 120.66679916 -30.40692859
v -7.71926594 121.49909732 -31.97888910
v -7.25000000 121.28049990 -32.05479965
v -7.71926594 122.04199728 -33.66229025
v -7.25000000 121.82019551 -33.72837986
v -7.71926594 122.50929756 -35.36818857
v -7.25000000 122.28469581 -35.42434090
v -7.71926594 122.90009791 -37.09321759
v -7.25000000 122.67329889 -37.13931056
v -7.71926594 123.21369641 -38.83394027
v -7.25000000 122.98509686 -38.86988996
v -7.71926594 123.44949797 -40.58690812
v -7.25000000 123.21949461 -40.61263824
v -7.71926594 123.60689988 -42.34863833
v -7.25000000 123.37599625 -42.36409928
v -7.71926594 123.68569613 -44.11562900
v -7.25000000 123.45429660 -44.12079027
v -7.71926594 123.68569600 -45.88438968
v -7.25000000 123.45429646 -45.87922838
v -7.71926594 123.60689948 -47.65138033
v -7.25000000 123.37599585 -47.63591935
v -7.71926594 123.44949731 -49.41311052
v -7.25000000 123.21949395 -49.38738037
v -7.71926594 123.21369548 -51.16607070
v -7.25000000 122.98509593 -51.13012861
v -7.71926594 122.90009671 -52.90680097
v -7.25000000 122.67329771 -52.86070033
v -7.71926594 122.50929611 -54.63182993
v -7.25000000 122.28469437 -54.57567757
v -7.71926594 122.04199556 -56.33772818
v -7.25000000 121.82019381 -56.27163090
v -7.71926594 121.49909535 -58.02112734
v -7.25000000 121.28049794 -57.94521103
v -7.71926594 120.88189247 -59.67867047
v -7.25000000 120.66679695 -59.59309917
v -7.71926594 120.19139399 -61.30706932
v -7.25000000 119.98039546 -61.21199941
v -7.71926594 119.42899611 -62.90308900
v -7.25000000 119.22249892 -62.79871887
v -7.71926594 118.59629335 -64.46357097
v -7.25000000 118.39459506 -64.35009897
v -7.71926594 117.69489553 -65.98539860
v -7.25000000 117.49849204 -65.86306124
v -7.71926594 116.72659555 -67.46556973
v -7.25000000 116.53579204 -67.33461115
v -7.71926594 115.69339232 -68.90113941
v -7.25000000 115.50859314 -68.76179614
v -7.71926594 114.59719318 -70.28926189
v -7.25000000 114.41879506 -70.14183145
v -7.71926594 113.44029458 -71.62716005
v -7.25000000 113.26859507 -71.47192475
v -7.71926594 112.22489379 -72.91220177
v -7.25000000 112.06029724 -72.74948203
v -7.71926594 110.95349324 -74.14181593
v -7.25000000 110.79629721 -73.97192456
v -7.71926594 109.62849621 -75.31357639
v -7.25000000 109.47909742 -75.13685672
v -7.71926594 108.25269504 -76.42515618
v -7.25000000 108.11129185 -76.24195915
v -7.71926594 106.82879054 -77.47435041
v -7.25000000 106.69569576 -77.28501935
v -7.71926594 105.35949115 -78.45906099
v -7.25000000 105.23489552 -78.26400025
v -7.71926594 103.84779522 -79.37733481
v -7.25000000 103.73209546 -79.17692586
v -7.71926594 102.29669347 -80.22737131
v -7.25000000 102.18999640 -80.02199563
v -7.71926594 100.70919188 -81.00745389
v -7.25000000 100.61179505 -80.79753872
v -7.71926594 99.08861688 -81.71604905
v -7.25000000 99.00065760 -81.50200638
v -7.71926594 97.43805073 -82.35176059
v -7.25000000 97.35970449 -82.13401004
v -7.71926594 95.76080459 -82.91329916
v -7.25000000 95.69225450 -82.69226797
v -7.71926594 94.06021251 -83.39956612
v -7.25000000 94.00156538 -83.17570442
v -7.71926594 92.33965432 -83.80960780
v -7.25000000 92.29103220 -83.58335047
v -7.71926594 90.60252508 -84.14257734
v -7.25000000 90.56403480 -83.91438977
v -7.71926594 88.85229618 -84.39784912
v -7.25000000 88.82401403 -84.16815856
v -7.71926594 87.09242373 -84.57489671
v -7.25000000 87.07439549 -84.34417619
v -7.71926594 85.32642488 -84.67335392
v -7.25000000 85.31869632 -84.44207645
v -7.71926594 83.55778627 -84.69306814
v -7.25000000 83.56036502 -84.46166860
v -7.71926594 81.79002504 -84.63395545
v -7.25000000 81.80290348 -84.40290687
v -7.71926594 80.02664310 -84.49617609
v -7.25000000 80.04980595 -84.26591333
v -7.71926594 78.27116521 -84.27996654
v -7.25000000 78.30456671 -84.05096264
v -7.71926594 76.52705512 -83.98576933
v -7.25000000 76.57061135 -83.75848204
v -7.71926594 74.79777659 -83.61416428
v -7.25000000 74.85142650 -83.38905900
v -7.71926594 73.08677045 -83.16590670
v -7.25000000 73.15039199 -82.94340304
v -7.71926594 71.39743181 -82.64186635
v -7.25000000 71.47090290 -82.42242208
v -7.71926594 69.73312521 -82.04309609
v -7.25000000 69.81628563 -81.82714608
v -7.71926594 68.09712368 -81.37078609
v -7.25000000 68.18983610 -81.15874233
v -7.71926594 66.49271547 -80.62625624
v -7.25000000 66.59477390 -80.41855361
v -7.71926594 64.92305153 -79.81098665
v -7.25000000 65.03426523 -79.60804477
v -7.71926594 63.39127517 -78.92661764
v -7.25000000 63.51141526 -78.72882560
v -7.71926594 61.90040381 -77.97488108
v -7.25000000 62.02924523 -77.78264323
v -7.71926594 60.45341292 -76.95767668
v -7.25000000 60.59068482 -76.77136688
v -7.71926594 59.05061530 -75.87495105
v -7.25000000 59.19521523 -75.69427174
v -7.71926594 57.70246323 -74.73507363
v -7.25000000 57.85577593 -74.56172617
v -7.71926594 56.40397470 -73.53408476
v -7.25000000 56.56484431 -73.36773346
v -7.71926594 55.16026523 -72.27644765
v -7.25000000 55.32838277 -72.11743582
v -7.71926594 53.97381437 -70.96464183
v -7.25000000 54.14885559 -70.81327466
v -7.71926594 52.84697579 -69.60130709
v -7.25000000 53.02859354 -69.45787449
v -7.71926594 51.78199635 -68.18910608
v -7.25000000 51.96981298 -68.05392085
v -7.71926594 50.78097412 -66.73088457
v -7.25000000 50.97463486 -66.60419086
v -7.71926594 49.84590419 -65.22950358
v -7.25000000 50.04501614 -65.11157604
v -7.71926594 48.97865578 -63.68796528
v -7.25000000 49.18281457 -63.57901372
v -7.71926594 48.18092640 -62.10932523
v -7.25000000 48.38974675 -62.00957473
v -7.71926594 47.45432588 -60.49670387
v -7.25000000 47.66737673 -60.40636423
v -7.71926594 46.80026564 -58.85332461
v -7.25000000 47.01713500 -58.77256367
v -7.71926594 46.22007701 -57.18244520
v -7.25000000 46.44032619 -57.11142318
v -7.71926594 45.71489678 -55.48737299
v -7.25000000 45.93808709 -55.42623485
v -7.71926594 45.28571677 -53.77148398
v -7.25000000 45.51141715 -53.72034416
v -7.71926594 44.93340672 -52.03817325
v -7.25000000 45.16115559 -51.99714239
v -7.71926594 44.65865709 -50.29089311
v -7.25000000 44.88800432 -50.26005512
v -7.71926594 44.46202484 -48.53311493
v -7.25000000 44.69251648 -48.51251177
v -7.25000000 44.57470732 -46.74975160
v -6.81495380 44.86514692 -46.73789172
v -6.81495380 44.82658809 -45.00000338
v -6.42157316 45.17156643 -45.00000341
v -6.81495380 44.82658809 -45.00000338
v -6.42157316 45.17156643 -45.00000341
v -6.81495380 44.86514719 -43.26211505
v -6.42157316 45.20984704 -43.27640493
v -6.81495380 44.98205634 -41.51336247
v -6.42157316 45.32566520 -41.54407462
v -6.81495380 45.17610631 -39.77869375
v -6.42157316 45.51801762 -39.82468376
v -6.81495380 45.44724749 -38.05440483
v -6.42157316 45.78675555 -38.11556208
v -6.81495380 45.79491913 -36.34389460
v -6.42157316 46.13137542 -36.42012372
v -6.81495380 46.21844602 -34.65056196
v -6.42157316 46.55117917 -34.74171418
v -6.81495380 46.71698893 -32.97779436
v -6.42157316 47.04532755 -33.08366368
v -6.81495380 47.28954842 -31.32888388
v -6.42157316 47.61284781 -31.44928338
v -6.81495380 47.93499913 -29.70712451
v -6.42157316 48.25260700 -29.84180433
v -6.81495380 48.65204790 -28.11572442
v -6.42157316 48.96334625 -28.26441372
v -6.81495380 49.43927946 -26.55784408
v -6.42157316 49.74364651 -26.72026438
v -6.81495380 50.29512979 -25.03658293
v -6.42157316 50.59195900 -25.21239472
v -6.81495380 51.21789754 -23.55495458
v -6.42157316 51.50659763 -23.74381454
v -6.81495380 52.20574784 -22.11590398
v -6.42157316 52.48574661 -22.31743446
v -6.81495380 53.25672756 -20.72228452
v -6.42157316 53.52746805 -20.93609451
v -6.81495380 54.36873862 -19.37687331
v -6.42157316 54.62968678 -19.60252411
v -6.81495380 55.53958756 -18.08232345
v -6.42157316 55.79022841 -18.31938402
v -6.81495380 56.76693980 -16.84122514
v -6.42157316 57.00676980 -17.08921481
v -6.81495380 58.04835774 -15.65603408
v -6.42157316 58.27690004 -15.91445409
v -6.42157316 59.59308894 -14.80150482
v -6.07658720 59.83952980 -15.10812448
v -6.07658720 61.20110978 -14.05710492
v -5.78589821 61.45917021 -14.40734469
v -6.07658720 62.60214898 -13.07219501
v -5.78589821 62.84434789 -13.43358514
v -6.07658720 64.04567627 -12.15068442
v -5.78589821 64.27153684 -12.52250489
v -6.07658720 65.52881537 -11.29439467
v -5.78589821 65.73789127 -11.67590542
v -6.07658720 67.04863660 -10.50502520
v -5.78589821 67.24050821 -10.89546521
v -6.07658720 68.60211108 -9.78413528
v -5.78589821 68.77638931 -10.18274540
v -6.07658720 70.18614891 -9.13316589
v -5.78589821 70.34250569 -9.53914220
v -6.07658720 71.79762203 -8.55340737
v -5.78589821 71.93572930 -8.96594686
v -6.07658720 73.43331085 -8.04601175
v -5.78589821 73.55290921 -8.46429140
v -6.07658720 75.08998050 -7.61198182
v -5.78589821 75.19084107 -8.03517623
v -6.07658720 76.76435034 -7.25218399
v -5.78589821 76.84625186 -7.67945059
v -6.07658720 78.45307107 -6.96733113
v -5.78589821 78.51586095 -7.39782211
v -6.07658720 80.15281626 -6.75798783
v -5.78589821 80.19637244 -7.19084916
v -6.07658720 81.86019847 -6.62457130
v -5.78589821 81.88442177 -7.05894230
v -6.07658720 83.57183025 -6.56734525
v -5.78589821 83.57668252 -7.00236427
v -6.07658720 85.28430889 -6.58642459
v -5.78589821 85.26976723 -7.02122760
v -6.07658720 86.99423167 -6.68176974
v -5.78589821 86.96034950 -7.11549271
v -6.07658720 88.69821878 -6.85319187
v -5.78589821 88.64504950 -7.28497555
v -6.07658720 90.39288276 -7.10035196
v -5.78589821 90.32051793 -7.52933660
v -6.07658720 92.07483617 -7.42275695
v -5.78589821 91.98345125 -7.84809378
v -6.07658720 93.74078310 -7.81976931
v -5.78589821 93.63052306 -8.24061338
v -6.07658720 95.38736662 -8.29060035
v -5.78589821 95.25846797 -8.70611338
v -6.07658720 97.01135950 -8.83431213
v -5.78589821 96.86408164 -9.24367110
v -6.07658720 98.60951162 -9.44982987
v -5.78589821 98.44413683 -9.85222034
v -6.07658720 100.17870254 -10.13592713
v -5.78589821 99.99552075 -10.53055755
v -6.07658720 101.71569742 -10.89124780
v -5.78589821 101.51509772 -11.27731804
v -6.07658720 103.21749789 -11.71427743
v -5.78589821 102.99999909 -12.09103790
v -6.07658720 104.68119717 -12.60340813
v -5.78589821 104.44709680 -12.97009780
v -6.07658720 106.10389607 -13.55684795
v -5.78589821 105.85369768 -13.91275824
v -6.07658720 107.48259625 -14.57271815
v -5.78589821 107.21679575 -14.91712807
v -6.07658720 108.81469608 -15.64899789
v -5.78589821 108.53389619 -15.98122844
v -6.07658720 110.09760158 -16.78355857
v -5.78589821 109.80219903 -17.10293836
v -6.07658720 111.32859667 -17.97413904
v -5.78589821 111.01930099 -18.28003768
v -6.07658720 112.50540016 -19.21836939
v -5.78589821 112.18279882 -19.51018799
v -6.07658720 113.62560117 -20.51378917
v -5.78589821 113.29029689 -20.79094788
v -6.07658720 114.68699481 -21.85782917
v -5.78589821 114.33969712 -22.11976915
v -6.07658720 115.68749824 -23.24780956
v -5.78589821 115.32879461 -23.49401963
v -6.07658720 116.62499814 -24.68097804
v -5.78589821 116.25569728 -24.91096802
v -6.07658720 117.49780076 -26.15448885
v -5.78589821 117.11859695 -26.36779906
v -6.07658720 118.30399877 -27.66541802
v -5.78589821 117.91570072 -27.86161931
v -6.07658720 119.04219598 -29.21075957
v -5.78589821 118.64549796 -29.38947810
v -6.07658720 119.71069866 -30.78744838
v -5.78589821 119.30650096 -30.94831986
v -6.07658720 120.30840057 -32.39235833
v -5.78589821 119.89739745 -32.53505849
v -6.07658720 120.83399707 -34.02229840
v -5.78589821 120.41709642 -34.14655069
v -6.07658720 121.28639715 -35.67403946
v -5.78589821 120.86440007 -35.77959973
v -6.07658720 121.66489891 -37.34428943
v -5.78589821 121.23859886 -37.43094024
v -6.07658720 121.96849528 -39.02974096
v -5.78589821 121.53880015 -39.09731066
v -6.07658720 122.19679716 -40.72704093
v -5.78589821 121.76439359 -40.77540745
v -6.07658720 122.34919418 -42.43282860
v -5.78589821 121.91509689 -42.46188893
v -6.07658720 122.42549563 -44.14372033
v -5.78589821 121.99059725 -44.15340963
v -6.07658720 122.42549550 -45.85629815
v -5.78589821 121.99059712 -45.84660879
v -6.07658720 122.34919380 -47.56718987
v -5.78589821 121.91509651 -47.53812947
v -6.07658720 122.19679651 -49.27296989
v -5.78589821 121.76439295 -49.22461094
v -6.07658720 121.96849438 -50.97027746
v -5.78589821 121.53879926 -50.90270006
v -6.07658720 121.66489776 -52.65572894
v -5.78589821 121.23859772 -52.56907043
v -6.07658720 121.28639574 -54.32597885
v -5.78589821 120.86439868 -54.22041852
v -6.07658720 120.83399541 -55.97771985
v -5.78589821 120.41709478 -55.85345987
v -6.07658720 120.30839867 -57.60765984
v -5.78589821 119.89739556 -57.46495961
v -6.07658720 119.71069652 -59.21256778
v -5.78589821 119.30649884 -59.05169816
v -6.07658720 119.04219359 -60.78925841
v -5.78589821 118.64549561 -60.61053981
v -6.07658720 118.30399615 -62.33459984
v -5.78589821 117.91569813 -62.13838705
v -6.07658720 117.49779791 -63.84552889
v -5.78589821 117.11859413 -63.63221862
v -6.07658720 116.62499507 -65.31903957
v -5.78589821 116.25569424 -65.08905907
v -6.07658720 115.68749496 -66.75222126
v -5.78589821 115.32879137 -66.50599778
v -6.07658720 114.68699132 -68.14219006
v -5.78589821 114.33969367 -67.88025003
v -6.07658720 113.62559748 -69.48622989
v -5.78589821 113.29029324 -69.20906922
v -6.07658720 112.50539627 -70.78164759
v -5.78589821 112.18279497 -70.48983849
v -6.07658720 111.32859258 -72.02588731
v -5.78589821 111.01929695 -71.71997908
v -6.07658720 110.09759732 -73.21646949
v -5.78589821 109.80219481 -72.89708013
v -6.07658720 108.81469165 -74.35102140
v -5.78589821 108.53389181 -74.01879939
v -6.07658720 107.48259166 -75.42729998
v -5.78589821 107.21679121 -75.08290147
v -6.07658720 106.10389132 -76.44316902
v -5.78589821 105.85369299 -76.08726538
v -6.07658720 104.68119228 -77.39661435
v -5.78589821 104.44709196 -77.02991511
v -6.07658720 103.21749287 -78.28573625
v -5.78589821 102.99999412 -77.90898147
v -6.07658720 101.71569227 -79.10877996
v -5.78589821 101.51509263 -78.72269443
v -6.07658720 100.17869728 -79.86408990
v -5.78589821 99.99551555 -79.46945945
v -6.07658720 98.60950625 -80.55018597
v -5.78589821 98.44413152 -80.14779643
v -6.07658720 97.01135404 -81.16571014
v -5.78589821 96.86407624 -80.75634734
v -6.07658720 95.38736108 -81.70941882
v -5.78589821 95.25846249 -81.29389910
v -6.07658720 93.74077749 -82.18024389
v -5.78589821 93.63051751 -81.75939885
v -6.07658720 92.07483050 -82.57725457
v -5.78589821 91.98344564 -82.15192345
v -6.07658720 90.39287704 -82.89966503
v -5.78589821 90.32051227 -82.47068706
v -6.07658720 88.69821302 -83.14682676
v -5.78589821 88.64504380 -82.71504881
v -6.07658720 86.99422589 -83.31824387
v -5.78589821 86.96034378 -82.88452805
v -6.07658720 85.28430309 -83.41358829
v -5.78589821 85.26976150 -82.97879672
v -6.07658720 83.57182445 -83.43267690
v -5.78589821 83.57667678 -82.99765646
v -6.07658720 81.86019268 -83.37544869
v -5.78589821 81.88441604 -82.94107674
v -6.07658720 80.15281049 -83.24202570
v -5.78589821 80.19636673 -82.80916438
v -6.07658720 78.45306533 -83.03268262
v -5.78589821 78.51585527 -82.60218641
v -6.07658720 76.76434464 -82.74783905
v -5.78589821 76.84624623 -82.32056244
v -6.07658720 75.08997486 -82.38803667
v -5.78589821 75.19083549 -81.96483417
v -6.07658720 73.43330528 -81.95400792
v -5.78589821 73.55290370 -81.53572638
v -6.07658720 71.79761653 -81.44660729
v -5.78589821 71.93572386 -81.03406305
v -6.07658720 70.18614349 -80.86684185
v -5.78589821 70.34250033 -80.46086652
v -6.07658720 68.60210576 -80.21588653
v -5.78589821 68.77638405 -79.81726593
v -6.07658720 67.04863139 -79.49499255
v -5.78589821 67.24050306 -79.10454304
v -6.07658720 65.52881028 -78.70561713
v -5.78589821 65.73788624 -78.32410164
v -6.07658720 64.04567131 -77.84932429
v -5.78589821 64.27153193 -77.47750577
v -6.07658720 62.60214416 -76.92781540
v -5.78589821 62.84434313 -76.56642625
v -6.07658720 61.20110511 -75.94290623
v -5.78589821 61.45916559 -75.59266364
v -6.07658720 59.83952529 -74.89189600
v -5.78589821 60.11218462 -74.55287624
v -6.07658720 58.53750435 -73.79088272
v -5.78589821 58.82571619 -73.46499315
v -6.07658720 57.28024507 -72.62802556
v -5.78589821 57.58268573 -72.31530434
v -6.07658720 56.07602534 -71.41032070
v -5.78589821 56.39209592 -71.11138579
v -6.07658720 54.92724461 -70.14017138
v -5.78589821 55.25632331 -69.85562551
v -6.07658720 53.83619552 -68.82012583
v -5.78589821 54.17761476 -68.55050305
v -6.07658720 52.80502573 -67.45277041
v -5.78589821 53.15812557 -67.19863530
v -6.07658720 51.83579518 -66.04084406
v -5.78589821 52.19986610 -65.80268491
v -6.07658720 50.93042649 -64.58714679
v -5.78589821 51.30473605 -64.36544424
v -6.07658720 50.09070492 -63.09455487
v -5.78589821 50.47452452 -62.88973236
v -6.07658720 49.31831658 -61.56604376
v -5.78589821 49.71087565 -61.37852472
v -6.07658720 48.61477590 -60.00463471
v -5.78589821 49.01529623 -59.83479298
v -6.07658720 47.98149431 -58.41343288
v -5.78589821 48.38918628 -58.26161178
v -6.07658720 47.41972685 -56.79561210
v -5.78589821 47.83377410 -56.66209391
v -6.07658720 46.93057598 -55.15436527
v -5.78589821 47.35016598 -55.03942466
v -6.07658720 46.51503731 -53.49295395
v -5.78589821 46.93932702 -53.39682361
v -6.07658720 46.17390432 -51.81469312
v -5.78589821 46.60205450 -51.73755235
v -6.07658720 45.90788654 -50.12289394
v -5.78589821 46.33904651 -50.06490294
v -6.07658720 45.71749512 -48.42092478
v -5.78589821 46.15081803 -48.38220182
v -5.78589821 46.03753691 -46.68881192
v -5.55448198 46.50638609 -46.66893356
v -5.55448198 46.46925777 -45.00000351
v -5.38629723 46.96471828 -45.00000355
v -5.55448198 46.46925777 -45.00000351
v -5.38629723 46.96471828 -45.00000355
v -5.55448198 46.50638635 -43.33106201
v -5.38629723 47.00139672 -43.35213444
v -5.55448198 46.61821814 -41.65957231
v -5.38629723 47.11170645 -41.70367406
v -5.55448198 46.80412753 -39.99764224
v -5.38629723 47.29516681 -40.06368231
v -5.55448198 47.06388565 -38.34565327
v -5.38629723 47.55149551 -38.43350197
v -5.55448198 47.39698896 -36.70687461
v -5.38629723 47.88020810 -36.81635264
v -5.55448198 47.80275843 -35.08455256
v -5.38629723 48.28061792 -35.21545393
v -5.55448198 48.28039679 -33.48192198
v -5.38629723 48.75193914 -33.63397203
v -5.55448198 48.82894657 -31.90216433
v -5.38629723 49.29325625 -32.07507315
v -5.55448198 49.44732818 -30.34840385
v -5.38629723 49.90347822 -30.54183383
v -5.55448198 50.13430950 -28.82374379
v -5.38629723 50.58138819 -29.03729439
v -5.55448198 50.88853630 -27.33119395
v -5.38629723 51.32565862 -27.56444365
v -5.55448198 51.70848651 -25.87371454
v -5.38629723 52.13478654 -26.12621320
v -5.55448198 52.59256941 -24.45421425
v -5.38629723 53.00718884 -24.72545452
v -5.55448198 53.53899972 -23.07551407
v -5.38629723 53.94111838 -23.36494472
v -5.55448198 54.54589680 -21.74033386
v -5.38629723 54.93473649 -22.04739413
v -5.55448198 55.61127699 -20.45134392
v -5.38629723 55.98605953 -20.77541393
v -5.55448198 56.73302696 -19.21108483
v -5.38629723 57.09298940 -19.55153515
v -5.55448198 57.90891893 -18.02202471
v -5.38629723 58.25335936 -18.37817441
v -5.55448198 59.13659922 -16.88652485
v -5.38629723 59.46482719 -17.25766440
v -5.55448198 112.92859490 -21.08990759
v -5.55448198 120.77869895 -37.52440792
v -5.55448198 120.77869782 -52.47561031
v -5.55448198 112.92859129 -68.91011900
v -8.21472359 44.13628811 -45.00000333
v -6.07658720 122.19679716 -40.72704093
v -6.07658720 122.19679651 -49.27296989
vt 0.00000000 12.02649975
vt 0.00000000 12.19830990
vt -0.05235999 12.19830990
vt -0.05235999 -12.19830990
vt 0.00000000 -12.19830990
vt 0.00000000 -12.02649975
vt -0.05235999 -12.02639961
vt 0.00000000 -11.85470009
vt -0.05235999 -11.85225964
vt 0.00000000 -11.68288994
vt -0.05235999 -11.67922974
vt 0.00000000 -11.51107979
vt -0.05235999 -11.50621033
vt 0.00000000 -11.33926964
vt -0.05235999 -11.33318043
vt 0.00000000 -11.16746998
vt -0.05235999 -11.16016006
vt 0.00000000 -10.99565983
vt -0.05235999 -10.98713017
vt 0.00000000 -10.82384968
vt -0.05235999 -10.81410027
vt 0.00000000 -10.65205002
vt -0.05235999 -10.64107990
vt 0.00000000 -10.48023987
vt -0.05235999 -10.46805000
vt 0.00000000 -10.30842972
vt -0.05235999 -10.29502964
vt 0.00000000 -10.13661957
vt -0.05235999 -10.12199974
vt 0.00000000 -9.96481800
vt -0.05235999 -9.94897556
vt 0.00000000 -9.79300976
vt -0.05235999 -9.77595234
vt 0.00000000 -9.62120342
vt -0.05235999 -9.60292625
vt 0.00000000 -9.44939613
vt -0.05235999 -9.42990017
vt 0.00000000 -9.27758789
vt -0.05235999 -9.25687504
vt 0.00000000 -9.10578060
vt -0.05235999 -9.08384800
vt 0.00000000 -8.93397522
vt -0.05235999 -8.91082191
vt 0.00000000 -8.76216602
vt -0.05235999 -8.73790359
vt 0.00000000 -8.59035873
vt -0.05235999 -8.56477070
vt 0.00000000 -8.41855335
vt -0.05235999 -8.39174461
vt 0.00000000 -8.24674606
vt -0.05235999 -8.21872139
vt 0.00000000 -8.07493782
vt -0.05235999 -8.04569530
vt 0.00000000 -7.90313101
vt -0.05235999 -7.87266779
vt 0.00000000 -7.73132277
vt -0.05235999 -7.69964314
vt 0.00000000 -7.55951595
vt -0.05235999 -7.52661705
vt 0.00000000 -7.38770914
vt -0.05235999 -7.35359097
vt 0.00000000 -7.21590185
vt -0.05235999 -7.18056583
vt 0.00000000 -7.04409504
vt -0.05235999 -7.00754023
vt 0.00000000 -6.87228680
vt -0.05235999 -6.83451414
vt 0.00000000 -6.70047998
vt -0.05235999 -6.66148901
vt 0.00000000 -6.52867317
vt -0.05235999 -6.48846292
vt 0.00000000 -6.35686588
vt -0.05235999 -6.31543684
vt 0.00000000 -6.18505907
vt -0.05235999 -6.14241123
vt 0.00000000 -6.01325083
vt -0.05235999 -5.96938610
vt 0.00000000 -5.84144402
vt -0.05235999 -5.79636002
vt 0.00000000 -5.66963720
vt -0.05235999 -5.62333393
vt 0.00000000 -5.49782991
vt -0.05235999 -5.45030880
vt 0.00000000 -5.32602310
vt -0.05235999 -5.27728319
vt 0.00000000 -5.15421581
vt -0.05235999 -5.10425711
vt 0.00000000 -4.98240805
vt -0.05235999 -4.93123198
vt 0.00000000 -4.81060123
vt -0.05235999 -4.75820589
vt 0.00000000 -4.63879395
vt -0.05235999 -4.58517981
vt 0.00000000 -4.46698713
vt -0.05235999 -4.41215515
vt 0.00000000 -4.29517984
vt -0.05235999 -4.23912907
vt 0.00000000 -4.12337208
vt -0.05235999 -4.06610298
vt 0.00000000 -3.95156503
vt -0.05235999 -3.89307809
vt 0.00000000 -3.77975798
vt -0.05235999 -3.72005200
vt 0.00000000 -3.60795093
vt -0.05235999 -3.54702592
vt 0.00000000 -3.43614411
vt -0.05235999 -3.37400103
vt 0.00000000 -3.26433706
vt -0.05235999 -3.20097494
vt 0.00000000 -3.09252906
vt -0.05235999 -3.02794909
vt 0.00000000 -2.92072201
vt -0.05235999 -2.85492396
vt 0.00000000 -2.74891496
vt -0.05235999 -2.68189812
vt 0.00000000 -2.57710791
vt -0.05235999 -2.50887203
vt 0.00000000 -2.40530109
vt -0.05235999 -2.33584690
vt 0.00000000 -2.23349309
vt -0.05235999 -2.16282105
vt 0.00000000 -2.06168604
vt -0.05235999 -1.98979497
vt 0.00000000 -1.88987899
vt -0.05235999 -1.81676996
vt 0.00000000 -1.71807206
vt -0.05235999 -1.64374399
vt 0.00000000 -1.54626501
vt -0.05235999 -1.47071803
vt 0.00000000 -1.37445700
vt -0.05235999 -1.29769301
vt 0.00000000 -1.20264995
vt -0.05235999 -1.12466705
vt 0.00000000 -1.03084302
vt -0.05235999 -0.95164102
vt 0.00000000 -0.85903603
vt -0.05235999 -0.77861601
vt 0.00000000 -0.68722898
vt -0.05235999 -0.60558999
vt 0.00000000 -0.51542199
vt -0.05235999 -0.43256399
vt 0.00000000 -0.34361401
vt -0.05235999 -0.25953901
vt 0.00000000 -0.17180701
vt -0.05235999 -0.08651298
vt 0.00000000 0.00000000
vt -0.05235999 0.08651298
vt 0.00000000 0.17180701
vt -0.05235999 0.25953901
vt 0.00000000 0.34361401
vt -0.05235999 0.43256399
vt 0.00000000 0.51542199
vt -0.05235999 0.60558999
vt 0.00000000 0.68722898
vt -0.05235999 0.77861601
vt 0.00000000 0.85903603
vt -0.05235999 0.95164102
vt 0.00000000 1.03084302
vt -0.05235999 1.12466705
vt 0.00000000 1.20264995
vt -0.05235999 1.29769301
vt 0.00000000 1.37445700
vt -0.05235999 1.47071803
vt 0.00000000 1.54626501
vt -0.05235999 1.64374399
vt 0.00000000 1.71807206
vt -0.05235999 1.81676996
vt 0.00000000 1.88987899
vt -0.05235999 1.98979497
vt 0.00000000 2.06168604
vt -0.05235999 2.16282105
vt 0.00000000 2.23349309
vt -0.05235999 2.33584690
vt 0.00000000 2.40530109
vt -0.05235999 2.50887203
vt 0.00000000 2.57710791
vt -0.05235999 2.68189812
vt 0.00000000 2.74891496
vt -0.05235999 2.85492396
vt 0.00000000 2.92072201
vt -0.05235999 3.02794909
vt 0.00000000 3.09252906
vt -0.05235999 3.20097494
vt 0.00000000 3.26433706
vt -0.05235999 3.37400103
vt 0.00000000 3.43614411
vt -0.05235999 3.54702592
vt 0.00000000 3.60795093
vt -0.05235999 3.72005200
vt 0.00000000 3.77975798
vt -0.05235999 3.89307809
vt 0.00000000 3.95156503
vt -0.05235999 4.06610298
vt 0.00000000 4.12337208
vt -0.05235999 4.23912907
vt 0.00000000 4.29517984
vt -0.05235999 4.41215515
vt 0.00000000 4.46698713
vt -0.05235999 4.58517981
vt 0.00000000 4.63879395
vt -0.05235999 4.75820589
vt 0.00000000 4.81060123
vt -0.05235999 4.93123198
vt 0.00000000 4.98240805
vt -0.05235999 5.10425711
vt 0.00000000 5.15421581
vt -0.05235999 5.27728319
vt 0.00000000 5.32602310
vt -0.05235999 5.45030880
vt 0.00000000 5.49782991
vt -0.05235999 5.62333393
vt 0.00000000 5.66963720
vt -0.05235999 5.79636002
vt 0.00000000 5.84144402
vt -0.05235999 5.96938610
vt 0.00000000 6.01325083
vt -0.05235999 6.14241123
vt 0.00000000 6.18505907
vt -0.05235999 6.31543684
vt 0.00000000 6.35686588
vt -0.05235999 6.48846292
vt 0.00000000 6.52867317
vt -0.05235999 6.66148901
vt 0.00000000 6.70047998
vt -0.05235999 6.83451414
vt 0.00000000 6.87228680
vt -0.05235999 7.00754023
vt 0.00000000 7.04409504
vt -0.05235999 7.18056583
vt 0.00000000 7.21590185
vt -0.05235999 7.35359097
vt 0.00000000 7.38770914
vt -0.05235999 7.52661705
vt 0.00000000 7.55951595
vt -0.05235999 7.69964314
vt 0.00000000 7.73132277
vt -0.05235999 7.87266779
vt 0.00000000 7.90313101
vt -0.05235999 8.04569530
vt 0.00000000 8.07493782
vt -0.05235999 8.21872139
vt 0.00000000 8.24674606
vt -0.05235999 8.39174461
vt 0.00000000 8.41855335
vt -0.05235999 8.56477070
vt 0.00000000 8.59035873
vt -0.05235999 8.73790359
vt 0.00000000 8.76216602
vt -0.05235999 8.91082191
vt 0.00000000 8.93397522
vt -0.05235999 9.08384800
vt 0.00000000 9.10578060
vt -0.05235999 9.25687504
vt 0.00000000 9.27758789
vt -0.05235999 9.42990017
vt 0.00000000 9.44939613
vt -0.05235999 9.60292625
vt 0.00000000 9.62120342
vt -0.05235999 9.77595234
vt 0.00000000 9.79300976
vt -0.05235999 9.94897556
vt 0.00000000 9.96481800
vt -0.05235999 10.12199974
vt 0.00000000 10.13661957
vt -0.05235999 10.29502964
vt 0.00000000 10.30842972
vt -0.05235999 10.46805000
vt 0.00000000 10.48023987
vt -0.05235999 10.64107990
vt 0.00000000 10.65205002
vt -0.05235999 10.81410027
vt 0.00000000 10.82384968
vt -0.05235999 10.98713017
vt 0.00000000 10.99565983
vt -0.05235999 11.16016006
vt 0.00000000 11.16746998
vt -0.05235999 11.33318043
vt 0.00000000 11.33926964
vt -0.05235999 11.50621033
vt 0.00000000 11.51107979
vt -0.05235999 11.67922974
vt 0.00000000 11.68288994
vt -0.05235999 11.85225964
vt 0.00000000 11.85470009
vt -0.05235999 12.02639961
vt -0.62831903 12.01624966
vt -0.57595903 12.02538967
vt -0.62831903 12.19830990
vt -0.57595903 12.19830990
vt -0.62831903 -12.19830990
vt -0.57595903 -12.19830990
vt -0.57595903 -12.02538967
vt -0.52359903 -12.02548981
vt -0.52359903 -11.85225964
vt -0.47123900 -11.85225964
vt -0.52359903 -11.67922974
vt -0.47123900 -11.67922974
vt -0.52359903 -11.50621033
vt -0.47123900 -11.50621033
vt -0.52359903 -11.33318043
vt -0.47123900 -11.33318043
vt -0.52359903 -11.16016006
vt -0.47123900 -11.16016006
vt -0.52359903 -10.98713017
vt -0.47123900 -10.98713017
vt -0.52359903 -10.81410027
vt -0.47123900 -10.81410027
vt -0.52359903 -10.64107990
vt -0.47123900 -10.64107990
vt -0.52359903 -10.46805000
vt -0.47123900 -10.46805000
vt -0.52359903 -10.29502964
vt -0.47123900 -10.29502964
vt -0.52359903 -10.12199974
vt -0.47123900 -10.12199974
vt -0.52359903 -9.94897556
vt -0.47123900 -9.94897556
vt -0.52359903 -9.77595234
vt -0.47123900 -9.77595234
vt -0.52359903 -9.60292625
vt -0.47123900 -9.60292625
vt -0.52359903 -9.42990017
vt -0.47123900 -9.42990017
vt -0.52359903 -9.25687504
vt -0.47123900 -9.25687504
vt -0.52359903 -9.08384800
vt -0.47123900 -9.08384800
vt -0.52359903 -8.91082191
vt -0.47123900 -8.91082191
vt -0.52359903 -8.73887253
vt -0.47123900 -8.73876476
vt -0.52359903 -8.56477070
vt -0.47123900 -8.56477070
vt -0.52359903 -8.39174461
vt -0.47123900 -8.39174461
vt -0.52359903 -8.21872139
vt -0.47123900 -8.21872139
vt -0.52359903 -8.04569530
vt -0.47123900 -8.04569530
vt -0.52359903 -7.87266779
vt -0.47123900 -7.87266779
vt -0.52359903 -7.69964314
vt -0.47123900 -7.69964314
vt -0.52359903 -7.52661705
vt -0.47123900 -7.52661705
vt -0.52359903 -7.35359097
vt -0.47123900 -7.35359097
vt -0.52359903 -7.18056583
vt -0.47123900 -7.18056583
vt -0.52359903 -7.00754023
vt -0.47123900 -7.00754023
vt -0.52359903 -6.83451414
vt -0.47123900 -6.83451414
vt -0.52359903 -6.66148901
vt -0.47123900 -6.66148901
vt -0.52359903 -6.48846292
vt -0.47123900 -6.48846292
vt -0.52359903 -6.31543684
vt -0.47123900 -6.31543684
vt -0.52359903 -6.14241123
vt -0.47123900 -6.14241123
vt -0.52359903 -5.96938610
vt -0.47123900 -5.96938610
vt -0.52359903 -5.79636002
vt -0.47123900 -5.79636002
vt -0.52359903 -5.62333393
vt -0.47123900 -5.62333393
vt -0.52359903 -5.45030880
vt -0.47123900 -5.45030880
vt -0.52359903 -5.27728319
vt -0.47123900 -5.27728319
vt -0.52359903 -5.10425711
vt -0.47123900 -5.10425711
vt -0.52359903 -4.93123198
vt -0.47123900 -4.93123198
vt -0.52359903 -4.75820589
vt -0.47123900 -4.75820589
vt -0.52359903 -4.58517981
vt -0.47123900 -4.58517981
vt -0.52359903 -4.41215515
vt -0.47123900 -4.41215515
vt -0.52359903 -4.23912907
vt -0.47123900 -4.23912907
vt -0.52359903 -4.06610298
vt -0.47123900 -4.06610298
vt -0.52359903 -3.89307809
vt -0.47123900 -3.89307809
vt -0.52359903 -3.72005200
vt -0.47123900 -3.72005200
vt -0.52359903 -3.54702592
vt -0.47123900 -3.54702592
vt -0.52359903 -3.37400103
vt -0.47123900 -3.37400103
vt -0.52359903 -3.20097494
vt -0.47123900 -3.20097494
vt -0.52359903 -3.02794909
vt -0.47123900 -3.02794909
vt -0.52359903 -2.85492396
vt -0.47123900 -2.85492396
vt -0.52359903 -2.68189812
vt -0.47123900 -2.68189812
vt -0.52359903 -2.50887203
vt -0.47123900 -2.50887203
vt -0.52359903 -2.33584690
vt -0.47123900 -2.33584690
vt -0.52359903 -2.16282105
vt -0.47123900 -2.16282105
vt -0.52359903 -1.98979497
vt -0.47123900 -1.98979497
vt -0.52359903 -1.81676996
vt -0.47123900 -1.81676996
vt -0.52359903 -1.64374399
vt -0.47123900 -1.64374399
vt -0.52359903 -1.47071803
vt -0.47123900 -1.47071803
vt -0.52359903 -1.29769301
vt -0.47123900 -1.29769301
vt -0.52359903 -1.12466705
vt -0.47123900 -1.12466705
vt -0.52359903 -0.95164102
vt -0.47123900 -0.95164102
vt -0.52359903 -0.77861601
vt -0.47123900 -0.77861601
vt -0.52359903 -0.60558999
vt -0.47123900 -0.60558999
vt -0.52359903 -0.43256399
vt -0.47123900 -0.43256399
vt -0.52359903 -0.25953901
vt -0.47123900 -0.25953901
vt -0.52359903 -0.08651298
vt -0.47123900 -0.08651298
vt -0.52359903 0.08651298
vt -0.47123900 0.08651298
vt -0.52359903 0.25953901
vt -0.47123900 0.25953901
vt -0.52359903 0.43256399
vt -0.47123900 0.43256399
vt -0.52359903 0.60558999
vt -0.47123900 0.60558999
vt -0.52359903 0.77861601
vt -0.47123900 0.77861601
vt -0.47123900 0.77861601
vt -0.52359903 0.95164102
vt -0.47123900 0.95164102
vt -0.52359903 1.12466705
vt -0.47123900 1.12466705
vt -0.52359903 1.29769301
vt -0.47123900 1.29769301
vt -0.52359903 1.47071803
vt -0.47123900 1.47071803
vt -0.52359903 1.64374399
vt -0.47123900 1.64374399
vt -0.52359903 1.81676996
vt -0.47123900 1.81676996
vt -0.52359903 1.98979497
vt -0.47123900 1.98979497
vt -0.52359903 2.16282105
vt -0.47123900 2.16282105
vt -0.52359903 2.33584690
vt -0.47123900 2.33584690
vt -0.52359903 2.50887203
vt -0.47123900 2.50887203
vt -0.52359903 2.68189812
vt -0.47123900 2.68189812
vt -0.52359903 2.85492396
vt -0.47123900 2.85492396
vt -0.52359903 3.02794909
vt -0.47123900 3.02794909
vt -0.52359903 3.20097494
vt -0.47123900 3.20097494
vt -0.52359903 3.37400103
vt -0.47123900 3.37400103
vt -0.52359903 3.54702592
vt -0.47123900 3.54702592
vt -0.52359903 3.72005200
vt -0.47123900 3.72005200
vt -0.52359903 3.89307809
vt -0.47123900 3.89307809
vt -0.52359903 4.06610298
vt -0.47123900 4.06610298
vt -0.52359903 4.23912907
vt -0.47123900 4.23912907
vt -0.52359903 4.41215515
vt -0.47123900 4.41215515
vt -0.52359903 4.58517981
vt -0.47123900 4.58517981
vt -0.52359903 4.75820589
vt -0.47123900 4.75820589
vt -0.52359903 4.93123198
vt -0.47123900 4.93123198
vt -0.52359903 5.10425711
vt -0.47123900 5.10425711
vt -0.52359903 5.27728319
vt -0.47123900 5.27728319
vt -0.52359903 5.45030880
vt -0.47123900 5.45030880
vt -0.52359903 5.62333393
vt -0.47123900 5.62333393
vt -0.52359903 5.79636002
vt -0.47123900 5.79636002
vt -0.52359903 5.96938610
vt -0.47123900 5.96938610
vt -0.52359903 6.14241123
vt -0.47123900 6.14241123
vt -0.52359903 6.31543684
vt -0.47123900 6.31543684
vt -0.52359903 6.48846292
vt -0.47123900 6.48846292
vt -0.52359903 6.66148901
vt -0.47123900 6.66148901
vt -0.52359903 6.83451414
vt -0.47123900 6.83451414
vt -0.52359903 7.00754023
vt -0.47123900 7.00754023
vt -0.52359903 7.18056583
vt -0.47123900 7.18056583
vt -0.52359903 7.35359097
vt -0.47123900 7.35359097
vt -0.52359903 7.52661705
vt -0.47123900 7.52661705
vt -0.52359903 7.69964314
vt -0.47123900 7.69964314
vt -0.52359903 7.87266779
vt -0.47123900 7.87266779
vt -0.52359903 8.04569530
vt -0.47123900 8.04569530
vt -0.52359903 8.21872139
vt -0.47123900 8.21872139
vt -0.52359903 8.39174461
vt -0.47123900 8.39174461
vt -0.52359903 8.56477070
vt -0.47123900 8.56477070
vt -0.47123900 8.73876476
vt -0.41887900 8.73865700
vt -0.41887900 8.91082191
vt -0.36651900 8.91082191
vt -0.41887900 9.08384800
vt -0.36651900 9.08384800
vt -0.41887900 9.25687504
vt -0.36651900 9.25687504
vt -0.41887900 9.42990017
vt -0.36651900 9.42990017
vt -0.41887900 9.60292625
vt -0.36651900 9.60292625
vt -0.41887900 9.77595234
vt -0.36651900 9.77595234
vt -0.41887900 9.94897556
vt -0.36651900 9.94897556
vt -0.41887900 10.12199974
vt -0.36651900 10.12199974
vt -0.41887900 10.29502964
vt -0.36651900 10.29502964
vt -0.41887900 10.46805000
vt -0.36651900 10.46805000
vt -0.41887900 10.64107990
vt -0.36651900 10.64107990
vt -0.41887900 10.81410027
vt -0.36651900 10.81410027
vt -0.41887900 10.98713017
vt -0.36651900 10.98713017
vt -0.41887900 11.16016006
vt -0.36651900 11.16016006
vt -0.41887900 11.33318043
vt -0.36651900 11.33318043
vt -0.41887900 11.50621033
vt -0.36651900 11.50621033
vt -0.41887900 11.67922974
vt -0.36651900 11.67922974
vt -0.41887900 11.85225964
vt -0.36651900 11.85225964
vt -0.41887900 12.02569008
vt -0.36651900 12.02579021
vt -0.41887900 12.19830990
vt -0.36651900 12.19830990
vt -0.41887900 -12.19830990
vt -0.36651900 -12.19830990
vt -0.36651900 -12.02579021
vt -0.31415901 -12.02589035
vt -0.31415901 -11.85225964
vt -0.26179901 -11.85225964
vt -0.31415901 -11.67922974
vt -0.26179901 -11.67922974
vt -0.31415901 -11.50621033
vt -0.26179901 -11.50621033
vt -0.31415901 -11.33318043
vt -0.26179901 -11.33318043
vt -0.31415901 -11.16016006
vt -0.26179901 -11.16016006
vt -0.31415901 -10.98713017
vt -0.26179901 -10.98713017
vt -0.31415901 -10.81410027
vt -0.26179901 -10.81410027
vt -0.31415901 -10.64107990
vt -0.26179901 -10.64107990
vt -0.31415901 -10.46805000
vt -0.26179901 -10.46805000
vt -0.31415901 -10.29502964
vt -0.26179901 -10.29502964
vt -0.31415901 -10.12199974
vt -0.26179901 -10.12199974
vt -0.31415901 -9.94897556
vt -0.26179901 -9.94897556
vt -0.31415901 -9.77595234
vt -0.26179901 -9.77595234
vt -0.31415901 -9.60292625
vt -0.26179901 -9.60292625
vt -0.31415901 -9.42990017
vt -0.26179901 -9.42990017
vt -0.31415901 -9.25687504
vt -0.26179901 -9.25687504
vt -0.31415901 -9.08384800
vt -0.26179901 -9.08384800
vt -0.31415901 -8.91082191
vt -0.26179901 -8.91082191
vt -0.31415901 -8.73844337
vt -0.26179901 -8.73833466
vt -0.31415901 -8.56477070
vt -0.26179901 -8.56477070
vt -0.31415901 -8.39174461
vt -0.26179901 -8.39174461
vt -0.31415901 -8.21872139
vt -0.26179901 -8.21872139
vt -0.31415901 -8.04569530
vt -0.26179901 -8.04569530
vt -0.31415901 -7.87266779
vt -0.26179901 -7.87266779
vt -0.31415901 -7.69964314
vt -0.26179901 -7.69964314
vt -0.31415901 -7.52661705
vt -0.26179901 -7.52661705
vt -0.31415901 -7.35359097
vt -0.26179901 -7.35359097
vt -0.31415901 -7.18056583
vt -0.26179901 -7.18056583
vt -0.31415901 -7.00754023
vt -0.26179901 -7.00754023
vt -0.31415901 -6.83451414
vt -0.26179901 -6.83451414
vt -0.31415901 -6.66148901
vt -0.26179901 -6.66148901
vt -0.31415901 -6.48846292
vt -0.26179901 -6.48846292
vt -0.31415901 -6.31543684
vt -0.26179901 -6.31543684
vt -0.31415901 -6.14241123
vt -0.26179901 -6.14241123
vt -0.31415901 -5.96938610
vt -0.26179901 -5.96938610
vt -0.31415901 -5.79636002
vt -0.26179901 -5.79636002
vt -0.31415901 -5.62333393
vt -0.26179901 -5.62333393
vt -0.31415901 -5.45030880
vt -0.26179901 -5.45030880
vt -0.31415901 -5.27728319
vt -0.26179901 -5.27728319
vt -0.31415901 -5.10425711
vt -0.26179901 -5.10425711
vt -0.31415901 -4.93123198
vt -0.26179901 -4.93123198
vt -0.31415901 -4.75820589
vt -0.26179901 -4.75820589
vt -0.31415901 -4.58517981
vt -0.26179901 -4.58517981
vt -0.31415901 -4.41215515
vt -0.26179901 -4.41215515
vt -0.31415901 -4.23912907
vt -0.26179901 -4.23912907
vt -0.31415901 -4.06610298
vt -0.26179901 -4.06610298
vt -0.31415901 -3.89307809
vt -0.26179901 -3.89307809
vt -0.31415901 -3.72005200
vt -0.26179901 -3.72005200
vt -0.31415901 -3.54702592
vt -0.26179901 -3.54702592
vt -0.31415901 -3.37400103
vt -0.26179901 -3.37400103
vt -0.31415901 -3.20097494
vt -0.26179901 -3.20097494
vt -0.31415901 -3.02794909
vt -0.26179901 -3.02794909
vt -0.31415901 -2.85492396
vt -0.26179901 -2.85492396
vt -0.31415901 -2.68189812
vt -0.26179901 -2.68189812
vt -0.31415901 -2.50887203
vt -0.26179901 -2.50887203
vt -0.31415901 -2.33584690
vt -0.26179901 -2.33584690
vt -0.31415901 -2.16282105
vt -0.26179901 -2.16282105
vt -0.31415901 -1.98979497
vt -0.26179901 -1.98979497
vt -0.31415901 -1.81676996
vt -0.26179901 -1.81676996
vt -0.31415901 -1.64374399
vt -0.26179901 -1.64374399
vt -0.31415901 -1.47071803
vt -0.26179901 -1.47071803
vt -0.31415901 -1.29769301
vt -0.26179901 -1.29769301
vt -0.31415901 -1.12466705
vt -0.26179901 -1.12466705
vt -0.31415901 -0.95164102
vt -0.26179901 -0.95164102
vt -0.31415901 -0.77861601
vt -0.26179901 -0.77861601
vt -0.31415901 -0.60558999
vt -0.26179901 -0.60558999
vt -0.31415901 -0.43256399
vt -0.26179901 -0.43256399
vt -0.31415901 -0.25953901
vt -0.26179901 -0.25953901
vt -0.31415901 -0.08651298
vt -0.26179901 -0.08651298
vt -0.31415901 0.08651298
vt -0.26179901 0.08651298
vt -0.31415901 0.25953901
vt -0.26179901 0.25953901
vt -0.31415901 0.43256399
vt -0.26179901 0.43256399
vt -0.31415901 0.60558999
vt -0.26179901 0.60558999
vt -0.31415901 0.77861601
vt -0.26179901 0.77861601
vt -0.31415901 0.95164102
vt -0.26179901 0.95164102
vt -0.31415901 1.12466705
vt -0.26179901 1.12466705
vt -0.31415901 1.29769301
vt -0.26179901 1.29769301
vt -0.31415901 1.47071803
vt -0.26179901 1.47071803
vt -0.31415901 1.64374399
vt -0.26179901 1.64374399
vt -0.31415901 1.81676996
vt -0.26179901 1.81676996
vt -0.31415901 1.98979497
vt -0.26179901 1.98979497
vt -0.31415901 2.16282105
vt -0.26179901 2.16282105
vt -0.31415901 2.33584690
vt -0.26179901 2.33584690
vt -0.31415901 2.50887203
vt -0.26179901 2.50887203
vt -0.31415901 2.68189812
vt -0.26179901 2.68189812
vt -0.31415901 2.85492396
vt -0.26179901 2.85492396
vt -0.31415901 3.02794909
vt -0.26179901 3.02794909
vt -0.31415901 3.20097494
vt -0.26179901 3.20097494
vt -0.31415901 3.37400103
vt -0.26179901 3.37400103
vt -0.31415901 3.54702592
vt -0.26179901 3.54702592
vt -0.31415901 3.72005200
vt -0.26179901 3.72005200
vt -0.31415901 3.89307809
vt -0.26179901 3.89307809
vt -0.31415901 4.06610298
vt -0.26179901 4.06610298
vt -0.31415901 4.23912907
vt -0.26179901 4.23912907
vt -0.31415901 4.41215515
vt -0.26179901 4.41215515
vt -0.31415901 4.58517981
vt -0.26179901 4.58517981
vt -0.31415901 4.75820589
vt -0.26179901 4.75820589
vt -0.31415901 4.93123198
vt -0.26179901 4.93123198
vt -0.31415901 5.10425711
vt -0.26179901 5.10425711
vt -0.31415901 5.27728319
vt -0.26179901 5.27728319
vt -0.31415901 5.45030880
vt -0.26179901 5.45030880
vt -0.31415901 5.62333393
vt -0.26179901 5.62333393
vt -0.31415901 5.79636002
vt -0.26179901 5.79636002
vt -0.31415901 5.96938610
vt -0.26179901 5.96938610
vt -0.31415901 6.14241123
vt -0.26179901 6.14241123
vt -0.31415901 6.31543684
vt -0.26179901 6.31543684
vt -0.31415901 6.48846292
vt -0.26179901 6.48846292
vt -0.31415901 6.66148901
vt -0.26179901 6.66148901
vt -0.31415901 6.83451414
vt -0.26179901 6.83451414
vt -0.31415901 7.00754023
vt -0.26179901 7.00754023
vt -0.31415901 7.18056583
vt -0.26179901 7.18056583
vt -0.31415901 7.35359097
vt -0.26179901 7.35359097
vt -0.31415901 7.52661705
vt -0.26179901 7.52661705
vt -0.31415901 7.69964314
vt -0.26179901 7.69964314
vt -0.31415901 7.87266779
vt -0.26179901 7.87266779
vt -0.31415901 8.04569530
vt -0.26179901 8.04569530
vt -0.31415901 8.21872139
vt -0.26179901 8.21872139
vt -0.31415901 8.39174461
vt -0.26179901 8.39174461
vt -0.31415901 8.56477070
vt -0.26179901 8.56477070
vt -0.26179901 8.73833466
vt -0.20943990 8.73822689
vt -0.20943990 8.91082191
vt -0.15707991 8.91082191
vt -0.20943990 9.08384800
vt -0.15707991 9.08384800
vt -0.20943990 9.25687504
vt -0.15707991 9.25687504
vt -0.20943990 9.42990017
vt -0.15707991 9.42990017
vt -0.20943990 9.60292625
vt -0.15707991 9.60292625
vt -0.20943990 9.77595234
vt -0.15707991 9.77595234
vt -0.20943990 9.94897556
vt -0.15707991 9.94897556
vt -0.20943990 10.12199974
vt -0.15707991 10.12199974
vt -0.20943990 10.29502964
vt -0.15707991 10.29502964
vt -0.20943990 10.46805000
vt -0.15707991 10.46805000
vt -0.20943990 10.64107990
vt -0.15707991 10.64107990
vt -0.20943990 10.81410027
vt -0.15707991 10.81410027
vt -0.20943990 10.98713017
vt -0.15707991 10.98713017
vt -0.20943990 11.16016006
vt -0.15707991 11.16016006
vt -0.20943990 11.33318043
vt -0.15707991 11.33318043
vt -0.20943990 11.50621033
vt -0.15707991 11.50621033
vt -0.20943990 11.67922974
vt -0.15707991 11.67922974
vt -0.20943990 11.85225964
vt -0.15707991 11.85225964
vt -0.20943990 12.02610016
vt -0.15707991 12.02620029
vt -0.20943990 12.19830990
vt -0.15707991 12.19830990
vt -0.20943990 -12.19830990
vt -0.15707991 -12.19830990
vt -0.15707991 -12.02620029
vt -0.10471990 -12.02630043
vt -0.10471990 -11.85225964
vt -0.10471990 -11.67922974
vt -0.10471990 -11.50621033
vt -0.10471990 -11.33318043
vt -0.10471990 -11.16016006
vt -0.10471990 -10.98713017
vt -0.10471990 -10.81410027
vt -0.10471990 -10.64107990
vt -0.10471990 -10.46805000
vt -0.10471990 -10.29502964
vt -0.10471990 -10.12199974
vt -0.10471990 -9.94897556
vt -0.10471990 -9.77595234
vt -0.10471990 -9.60292625
vt -0.10471990 -9.42990017
vt -0.10471990 -9.25687504
vt -0.10471990 -9.08384800
vt -0.10471990 -8.91082191
vt -0.10471990 -8.73801327
vt -0.10471990 -8.56477070
vt -0.10471990 -8.39174461
vt -0.10471990 -8.21872139
vt -0.10471990 -8.04569530
vt -0.10471990 -7.87266779
vt -0.10471990 -7.69964314
vt -0.10471990 -7.52661705
vt -0.10471990 -7.35359097
vt -0.10471990 -7.18056583
vt -0.10471990 -7.00754023
vt -0.10471990 -6.83451414
vt -0.10471990 -6.66148901
vt -0.10471990 -6.48846292
vt -0.10471990 -6.31543684
vt -0.10471990 -6.14241123
vt -0.10471990 -5.96938610
vt -0.10471990 -5.79636002
vt -0.10471990 -5.62333393
vt -0.10471990 -5.45030880
vt -0.10471990 -5.27728319
vt -0.10471990 -5.10425711
vt -0.10471990 -4.93123198
vt -0.10471990 -4.75820589
vt -0.10471990 -4.58517981
vt -0.10471990 -4.41215515
vt -0.10471990 -4.23912907
vt -0.10471990 -4.06610298
vt -0.10471990 -3.89307809
vt -0.10471990 -3.72005200
vt -0.10471990 -3.54702592
vt -0.10471990 -3.37400103
vt -0.10471990 -3.20097494
vt -0.10471990 -3.02794909
vt -0.10471990 -2.85492396
vt -0.10471990 -2.68189812
vt -0.10471990 -2.50887203
vt -0.10471990 -2.33584690
vt -0.10471990 -2.16282105
vt -0.10471990 -1.98979497
vt -0.10471990 -1.81676996
vt -0.10471990 -1.64374399
vt -0.10471990 -1.47071803
vt -0.10471990 -1.29769301
vt -0.10471990 -1.12466705
vt -0.10471990 -0.95164102
vt -0.10471990 -0.77861601
vt -0.10471990 -0.60558999
vt -0.10471990 -0.43256399
vt -0.10471990 -0.25953901
vt -0.10471990 -0.08651298
vt -0.10471990 0.08651298
vt -0.10471990 0.25953901
vt -0.10471990 0.43256399
vt -0.10471990 0.60558999
vt -0.10471990 0.77861601
vt -0.10471990 0.95164102
vt -0.10471990 1.12466705
vt -0.10471990 1.29769301
vt -0.10471990 1.47071803
vt -0.10471990 1.64374399
vt -0.10471990 1.81676996
vt -0.10471990 1.98979497
vt -0.10471990 2.16282105
vt -0.10471990 2.33584690
vt -0.10471990 2.50887203
vt -0.10471990 2.68189812
vt -0.10471990 2.85492396
vt -0.10471990 3.02794909
vt -0.10471990 3.20097494
vt -0.10471990 3.37400103
vt -0.10471990 3.54702592
vt -0.10471990 3.72005200
vt -0.10471990 3.89307809
vt -0.10471990 4.06610298
vt -0.10471990 4.23912907
vt -0.10471990 4.41215515
vt -0.10471990 4.58517981
vt -0.10471990 4.75820589
vt -0.10471990 4.93123198
vt -0.10471990 5.10425711
vt -0.10471990 5.27728319
vt -0.10471990 5.45030880
vt -0.10471990 5.62333393
vt -0.10471990 5.79636002
vt -0.10471990 5.96938610
vt -0.10471990 6.14241123
vt -0.10471990 6.31543684
vt -0.10471990 6.48846292
vt -0.10471990 6.66148901
vt -0.10471990 6.83451414
vt -0.10471990 7.00754023
vt -0.10471990 7.18056583
vt -0.10471990 7.35359097
vt -0.10471990 7.52661705
vt -0.10471990 7.69964314
vt -0.10471990 7.87266779
vt -0.10471990 8.04569530
vt -0.10471990 8.21872139
vt -0.10471990 8.39174461
vt -0.10471990 8.56477070
vt -0.57595903 11.85225964
vt -0.62831903 11.83417988
vt -0.57595903 11.67922974
vt -0.62831903 11.65211964
vt -0.57595903 11.50621033
vt -0.62831903 11.47004986
vt -0.57595903 11.33318043
vt -0.62831903 11.28798962
vt -0.57595903 11.16016006
vt -0.62831903 11.10591984
vt -0.57595903 10.98713017
vt -0.62831903 10.92385960
vt -0.57595903 10.81410027
vt -0.62831903 10.74178982
vt -0.57595903 10.64107990
vt -0.62831903 10.55972958
vt -0.57595903 10.46805000
vt -0.62831903 10.37767029
vt -0.57595903 10.29502964
vt -0.62831903 10.19559956
vt -0.57595903 10.12199974
vt -0.62831903 10.01354027
vt -0.57595903 9.94897556
vt -0.62831903 9.83147526
vt -0.57595903 9.77595234
vt -0.62831903 9.64941120
vt -0.57595903 9.60292625
vt -0.62831903 9.46734619
vt -0.57595903 9.42990017
vt -0.62831903 9.28528214
vt -0.57595903 9.25687504
vt -0.62831903 9.10321808
vt -0.57595903 9.08384800
vt -0.62831903 8.92115307
vt -0.57595903 8.91082191
vt -0.62831903 8.73908901
vt -0.57595903 8.73898125
vt -0.57595903 8.56477070
vt -0.52359903 8.73887253
vt -0.62831903 8.55702400
vt -0.57595903 8.39174461
vt -0.52359903 8.39174461
vt -0.62831903 8.37495899
vt -0.57595903 8.21872139
vt -0.62831903 8.19289494
vt -0.57595903 8.04569530
vt -0.62831903 8.01083088
vt -0.57595903 7.87266779
vt -0.62831903 7.82876587
vt -0.57595903 7.69964314
vt -0.62831903 7.64670181
vt -0.57595903 7.52661705
vt -0.62831903 7.46463823
vt -0.57595903 7.35359097
vt -0.62831903 7.28257322
vt -0.57595903 7.18056583
vt -0.62831903 7.10050917
vt -0.57595903 7.00754023
vt -0.62831903 6.91844511
vt -0.57595903 6.83451414
vt -0.62831903 6.73638010
vt -0.57595903 6.66148901
vt -0.62831903 6.55431604
vt -0.57595903 6.48846292
vt -0.62831903 6.37225199
vt -0.57595903 6.31543684
vt -0.62831903 6.19018698
vt -0.57595903 6.14241123
vt -0.62831903 6.00812292
vt -0.57595903 5.96938610
vt -0.62831903 5.82605886
vt -0.57595903 5.79636002
vt -0.62831903 5.64399385
vt -0.57595903 5.62333393
vt -0.62831903 5.46192980
vt -0.57595903 5.45030880
vt -0.62831903 5.27986622
vt -0.57595903 5.27728319
vt -0.57595903 5.10425711
vt -0.62831903 5.09780121
vt -0.57595903 4.93123198
vt -0.62831903 4.91573715
vt -0.57595903 4.75820589
vt -0.62831903 4.73367310
vt -0.57595903 4.58517981
vt -0.62831903 4.55160809
vt -0.57595903 4.41215515
vt -0.62831903 4.36954403
vt -0.57595903 4.23912907
vt -0.62831903 4.18747997
vt -0.57595903 4.06610298
vt -0.62831903 4.00541496
vt -0.57595903 3.89307809
vt -0.62831903 3.82335091
vt -0.57595903 3.72005200
vt -0.62831903 3.64128709
vt -0.57595903 3.54702592
vt -0.62831903 3.45922208
vt -0.57595903 3.37400103
vt -0.62831903 3.27715802
vt -0.57595903 3.20097494
vt -0.62831903 3.09509397
vt -0.57595903 3.02794909
vt -0.62831903 2.91302896
vt -0.57595903 2.85492396
vt -0.62831903 2.73096490
vt -0.57595903 2.68189812
vt -0.62831903 2.54890108
vt -0.57595903 2.50887203
vt -0.62831903 2.36683607
vt -0.57595903 2.33584690
vt -0.62831903 2.18477201
vt -0.57595903 2.16282105
vt -0.62831903 2.00270796
vt -0.57595903 1.98979497
vt -0.62831903 1.82064295
vt -0.57595903 1.81676996
vt -0.57595903 1.64374399
vt -0.62831903 1.63857901
vt -0.57595903 1.47071803
vt -0.62831903 1.45651495
vt -0.57595903 1.29769301
vt -0.62831903 1.27444994
vt -0.57595903 1.12466705
vt -0.62831903 1.09238601
vt -0.57595903 0.95164102
vt -0.62831903 0.91032201
vt -0.57595903 0.77861601
vt -0.62831903 0.72825700
vt -0.57595903 0.60558999
vt -0.62831903 0.54619300
vt -0.57595903 0.43256399
vt -0.62831903 0.36412901
vt -0.57595903 0.25953901
vt -0.62831903 0.18206391
vt -0.57595903 0.08651298
vt -0.62831903 0.00000000
vt -0.57595903 -0.08651298
vt -0.62831903 -0.18206391
vt -0.57595903 -0.25953901
vt -0.62831903 -0.36412901
vt -0.57595903 -0.43256399
vt -0.62831903 -0.54619300
vt -0.57595903 -0.60558999
vt -0.62831903 -0.72825700
vt -0.57595903 -0.77861601
vt -0.62831903 -0.91032201
vt -0.57595903 -0.95164102
vt -0.62831903 -1.09238601
vt -0.57595903 -1.12466705
vt -0.62831903 -1.27444994
vt -0.57595903 -1.29769301
vt -0.62831903 -1.45651495
vt -0.57595903 -1.47071803
vt -0.62831903 -1.63857901
vt -0.57595903 -1.64374399
vt -0.62831903 -1.82064295
vt -0.57595903 -1.81676996
vt -0.57595903 -1.98979497
vt -0.62831903 -2.00270796
vt -0.57595903 -2.16282105
vt -0.62831903 -2.18477201
vt -0.57595903 -2.33584690
vt -0.62831903 -2.36683607
vt -0.57595903 -2.50887203
vt -0.62831903 -2.54890108
vt -0.57595903 -2.68189812
vt -0.62831903 -2.73096490
vt -0.57595903 -2.85492396
vt -0.62831903 -2.91302896
vt -0.57595903 -3.02794909
vt -0.62831903 -3.09509397
vt -0.57595903 -3.20097494
vt -0.62831903 -3.27715802
vt -0.57595903 -3.37400103
vt -0.62831903 -3.45922208
vt -0.57595903 -3.54702592
vt -0.62831903 -3.64128709
vt -0.57595903 -3.72005200
vt -0.62831903 -3.82335091
vt -0.57595903 -3.89307809
vt -0.62831903 -4.00541496
vt -0.57595903 -4.06610298
vt -0.62831903 -4.18747997
vt -0.57595903 -4.23912907
vt -0.62831903 -4.36954403
vt -0.57595903 -4.41215515
vt -0.62831903 -4.55160809
vt -0.57595903 -4.58517981
vt -0.62831903 -4.73367310
vt -0.57595903 -4.75820589
vt -0.62831903 -4.91573715
vt -0.57595903 -4.93123198
vt -0.62831903 -5.09780121
vt -0.57595903 -5.10425711
vt -0.62831903 -5.27986622
vt -0.57595903 -5.27728319
vt -0.57595903 -5.45030880
vt -0.62831903 -5.46192980
vt -0.57595903 -5.62333393
vt -0.62831903 -5.64399385
vt -0.57595903 -5.79636002
vt -0.62831903 -5.82605886
vt -0.57595903 -5.96938610
vt -0.62831903 -6.00812292
vt -0.57595903 -6.14241123
vt -0.62831903 -6.19018698
vt -0.57595903 -6.31543684
vt -0.62831903 -6.37225199
vt -0.57595903 -6.48846292
vt -0.62831903 -6.55431604
vt -0.57595903 -6.66148901
vt -0.62831903 -6.73638010
vt -0.57595903 -6.83451414
vt -0.62831903 -6.91844511
vt -0.57595903 -7.00754023
vt -0.62831903 -7.10050917
vt -0.57595903 -7.18056583
vt -0.62831903 -7.28257322
vt -0.57595903 -7.35359097
vt -0.62831903 -7.46463823
vt -0.57595903 -7.52661705
vt -0.62831903 -7.64670181
vt -0.57595903 -7.69964314
vt -0.62831903 -7.82876587
vt -0.57595903 -7.87266779
vt -0.62831903 -8.01083088
vt -0.57595903 -8.04569530
vt -0.62831903 -8.19289494
vt -0.57595903 -8.21872139
vt -0.52359903 -8.39174461
vt -0.62831903 -8.37495899
vt -0.57595903 -8.39174461
vt -0.62831903 -8.55702400
vt -0.57595903 -8.56477070
vt -0.62831903 -8.73908901
vt -0.57595903 -8.73898125
vt -0.57595903 -8.91082191
vt -0.62831903 -8.92115307
vt -0.57595903 -9.08384800
vt -0.62831903 -9.10321808
vt -0.57595903 -9.25687504
vt -0.62831903 -9.28528214
vt -0.57595903 -9.42990017
vt -0.62831903 -9.46734619
vt -0.57595903 -9.60292625
vt -0.62831903 -9.64941120
vt -0.57595903 -9.77595234
vt -0.62831903 -9.83147526
vt -0.57595903 -9.94897556
vt -0.62831903 -10.01354027
vt -0.57595903 -10.12199974
vt -0.62831903 -10.19559956
vt -0.57595903 -10.29502964
vt -0.62831903 -10.37767029
vt -0.57595903 -10.46805000
vt -0.62831903 -10.55972958
vt -0.57595903 -10.64107990
vt -0.62831903 -10.74178982
vt -0.57595903 -10.81410027
vt -0.62831903 -10.92385960
vt -0.57595903 -10.98713017
vt -0.62831903 -11.10591984
vt -0.57595903 -11.16016006
vt -0.62831903 -11.28798962
vt -0.57595903 -11.33318043
vt -0.62831903 -11.47004986
vt -0.57595903 -11.50621033
vt -0.62831903 -11.65211964
vt -0.57595903 -11.67922974
vt -0.62831903 -11.83417988
vt -0.57595903 -11.85225964
vt -0.62831903 -12.01624966
vt -0.10471990 12.19830990
vt -0.10471990 12.02630043
vt -0.10471990 11.85225964
vt -0.10471990 11.67922974
vt -0.10471990 11.50621033
vt -0.10471990 11.33318043
vt -0.10471990 11.16016006
vt -0.10471990 10.98713017
vt -0.10471990 10.81410027
vt -0.10471990 10.64107990
vt -0.10471990 10.46805000
vt -0.10471990 10.29502964
vt -0.10471990 10.12199974
vt -0.10471990 9.94897556
vt -0.10471990 9.77595234
vt -0.10471990 9.60292625
vt -0.10471990 9.42990017
vt -0.10471990 9.25687504
vt -0.10471990 9.08384800
vt -0.10471990 8.91082191
vt -0.10471990 8.73801327
vt -0.15707991 8.73812008
vt -0.15707991 8.56477070
vt -0.20943990 8.56477070
vt -0.15707991 8.39174461
vt -0.20943990 8.39174461
vt -0.15707991 8.21872139
vt -0.20943990 8.21872139
vt -0.15707991 8.04569530
vt -0.20943990 8.04569530
vt -0.15707991 7.87266779
vt -0.20943990 7.87266779
vt -0.15707991 7.69964314
vt -0.20943990 7.69964314
vt -0.15707991 7.52661705
vt -0.20943990 7.52661705
vt -0.15707991 7.35359097
vt -0.20943990 7.35359097
vt -0.15707991 7.18056583
vt -0.20943990 7.18056583
vt -0.15707991 7.00754023
vt -0.20943990 7.00754023
vt -0.15707991 6.83451414
vt -0.20943990 6.83451414
vt -0.15707991 6.66148901
vt -0.20943990 6.66148901
vt -0.15707991 6.48846292
vt -0.20943990 6.48846292
vt -0.15707991 6.31543684
vt -0.20943990 6.31543684
vt -0.15707991 6.14241123
vt -0.20943990 6.14241123
vt -0.15707991 5.96938610
vt -0.20943990 5.96938610
vt -0.15707991 5.79636002
vt -0.20943990 5.79636002
vt -0.15707991 5.62333393
vt -0.20943990 5.62333393
vt -0.15707991 5.45030880
vt -0.20943990 5.45030880
vt -0.15707991 5.27728319
vt -0.20943990 5.27728319
vt -0.15707991 5.10425711
vt -0.20943990 5.10425711
vt -0.15707991 4.93123198
vt -0.20943990 4.93123198
vt -0.15707991 4.75820589
vt -0.20943990 4.75820589
vt -0.15707991 4.58517981
vt -0.20943990 4.58517981
vt -0.15707991 4.41215515
vt -0.20943990 4.41215515
vt -0.15707991 4.23912907
vt -0.20943990 4.23912907
vt -0.15707991 4.06610298
vt -0.20943990 4.06610298
vt -0.15707991 3.89307809
vt -0.20943990 3.89307809
vt -0.15707991 3.72005200
vt -0.20943990 3.72005200
vt -0.15707991 3.54702592
vt -0.20943990 3.54702592
vt -0.15707991 3.37400103
vt -0.20943990 3.37400103
vt -0.15707991 3.20097494
vt -0.20943990 3.20097494
vt -0.15707991 3.02794909
vt -0.20943990 3.02794909
vt -0.15707991 2.85492396
vt -0.20943990 2.85492396
vt -0.15707991 2.68189812
vt -0.20943990 2.68189812
vt -0.15707991 2.50887203
vt -0.20943990 2.50887203
vt -0.15707991 2.33584690
vt -0.20943990 2.33584690
vt -0.15707991 2.16282105
vt -0.20943990 2.16282105
vt -0.15707991 1.98979497
vt -0.20943990 1.98979497
vt -0.15707991 1.81676996
vt -0.20943990 1.81676996
vt -0.15707991 1.64374399
vt -0.20943990 1.64374399
vt -0.15707991 1.47071803
vt -0.20943990 1.47071803
vt -0.15707991 1.29769301
vt -0.20943990 1.29769301
vt -0.15707991 1.12466705
vt -0.20943990 1.12466705
vt -0.15707991 0.95164102
vt -0.20943990 0.95164102
vt -0.15707991 0.77861601
vt -0.20943990 0.77861601
vt -0.15707991 0.60558999
vt -0.20943990 0.60558999
vt -0.15707991 0.43256399
vt -0.20943990 0.43256399
vt -0.15707991 0.25953901
vt -0.20943990 0.25953901
vt -0.15707991 0.08651298
vt -0.20943990 0.08651298
vt -0.15707991 -0.08651298
vt -0.20943990 -0.08651298
vt -0.15707991 -0.25953901
vt -0.20943990 -0.25953901
vt -0.15707991 -0.43256399
vt -0.20943990 -0.43256399
vt -0.15707991 -0.60558999
vt -0.20943990 -0.60558999
vt -0.15707991 -0.77861601
vt -0.20943990 -0.77861601
vt -0.15707991 -0.95164102
vt -0.20943990 -0.95164102
vt -0.15707991 -1.12466705
vt -0.20943990 -1.12466705
vt -0.15707991 -1.29769301
vt -0.20943990 -1.29769301
vt -0.15707991 -1.47071803
vt -0.20943990 -1.47071803
vt -0.15707991 -1.64374399
vt -0.20943990 -1.64374399
vt -0.15707991 -1.81676996
vt -0.20943990 -1.81676996
vt -0.15707991 -1.98979497
vt -0.20943990 -1.98979497
vt -0.15707991 -2.16282105
vt -0.20943990 -2.16282105
vt -0.15707991 -2.33584690
vt -0.20943990 -2.33584690
vt -0.15707991 -2.50887203
vt -0.20943990 -2.50887203
vt -0.15707991 -2.68189812
vt -0.20943990 -2.68189812
vt -0.15707991 -2.85492396
vt -0.20943990 -2.85492396
vt -0.15707991 -3.02794909
vt -0.20943990 -3.02794909
vt -0.15707991 -3.20097494
vt -0.20943990 -3.20097494
vt -0.15707991 -3.37400103
vt -0.20943990 -3.37400103
vt -0.15707991 -3.54702592
vt -0.20943990 -3.54702592
vt -0.15707991 -3.72005200
vt -0.20943990 -3.72005200
vt -0.15707991 -3.89307809
vt -0.20943990 -3.89307809
vt -0.15707991 -4.06610298
vt -0.20943990 -4.06610298
vt -0.15707991 -4.23912907
vt -0.20943990 -4.23912907
vt -0.15707991 -4.41215515
vt -0.20943990 -4.41215515
vt -0.15707991 -4.58517981
vt -0.20943990 -4.58517981
vt -0.15707991 -4.75820589
vt -0.20943990 -4.75820589
vt -0.15707991 -4.93123198
vt -0.20943990 -4.93123198
vt -0.15707991 -5.10425711
vt -0.20943990 -5.10425711
vt -0.15707991 -5.27728319
vt -0.20943990 -5.27728319
vt -0.15707991 -5.45030880
vt -0.20943990 -5.45030880
vt -0.15707991 -5.62333393
vt -0.20943990 -5.62333393
vt -0.15707991 -5.79636002
vt -0.20943990 -5.79636002
vt -0.15707991 -5.96938610
vt -0.20943990 -5.96938610
vt -0.15707991 -6.14241123
vt -0.20943990 -6.14241123
vt -0.15707991 -6.31543684
vt -0.20943990 -6.31543684
vt -0.15707991 -6.48846292
vt -0.20943990 -6.48846292
vt -0.15707991 -6.66148901
vt -0.20943990 -6.66148901
vt -0.15707991 -6.83451414
vt -0.20943990 -6.83451414
vt -0.15707991 -7.00754023
vt -0.20943990 -7.00754023
vt -0.15707991 -7.18056583
vt -0.20943990 -7.18056583
vt -0.15707991 -7.35359097
vt -0.20943990 -7.35359097
vt -0.15707991 -7.52661705
vt -0.20943990 -7.52661705
vt -0.15707991 -7.69964314
vt -0.20943990 -7.69964314
vt -0.15707991 -7.87266779
vt -0.20943990 -7.87266779
vt -0.15707991 -8.04569530
vt -0.20943990 -8.04569530
vt -0.15707991 -8.21872139
vt -0.20943990 -8.21872139
vt -0.15707991 -8.39174461
vt -0.20943990 -8.39174461
vt -0.15707991 -8.56477070
vt -0.20943990 -8.56477070
vt -0.15707991 -8.73812008
vt -0.20943990 -8.73822689
vt -0.15707991 -8.91082191
vt -0.20943990 -8.91082191
vt -0.15707991 -9.08384800
vt -0.20943990 -9.08384800
vt -0.15707991 -9.25687504
vt -0.20943990 -9.25687504
vt -0.15707991 -9.42990017
vt -0.20943990 -9.42990017
vt -0.15707991 -9.60292625
vt -0.20943990 -9.60292625
vt -0.15707991 -9.77595234
vt -0.20943990 -9.77595234
vt -0.15707991 -9.94897556
vt -0.20943990 -9.94897556
vt -0.15707991 -10.12199974
vt -0.20943990 -10.12199974
vt -0.15707991 -10.29502964
vt -0.20943990 -10.29502964
vt -0.15707991 -10.46805000
vt -0.20943990 -10.46805000
vt -0.15707991 -10.64107990
vt -0.20943990 -10.64107990
vt -0.15707991 -10.81410027
vt -0.20943990 -10.81410027
vt -0.15707991 -10.98713017
vt -0.20943990 -10.98713017
vt -0.15707991 -11.16016006
vt -0.20943990 -11.16016006
vt -0.15707991 -11.33318043
vt -0.20943990 -11.33318043
vt -0.15707991 -11.50621033
vt -0.20943990 -11.50621033
vt -0.15707991 -11.67922974
vt -0.20943990 -11.67922974
vt -0.15707991 -11.85225964
vt -0.20943990 -11.85225964
vt -0.20943990 -12.02610016
vt -0.26179901 -12.02600002
vt -0.26179901 -12.19830990
vt -0.31415901 -12.19830990
vt -0.26179901 12.19830990
vt -0.31415901 12.19830990
vt -0.26179901 12.02600002
vt -0.31415901 12.02589035
vt -0.26179901 11.85225964
vt -0.31415901 11.85225964
vt -0.26179901 11.67922974
vt -0.31415901 11.67922974
vt -0.26179901 11.50621033
vt -0.31415901 11.50621033
vt -0.26179901 11.33318043
vt -0.31415901 11.33318043
vt -0.26179901 11.16016006
vt -0.31415901 11.16016006
vt -0.26179901 10.98713017
vt -0.31415901 10.98713017
vt -0.26179901 10.81410027
vt -0.31415901 10.81410027
vt -0.26179901 10.64107990
vt -0.31415901 10.64107990
vt -0.26179901 10.46805000
vt -0.31415901 10.46805000
vt -0.26179901 10.29502964
vt -0.31415901 10.29502964
vt -0.26179901 10.12199974
vt -0.31415901 10.12199974
vt -0.26179901 9.94897556
vt -0.31415901 9.94897556
vt -0.26179901 9.77595234
vt -0.31415901 9.77595234
vt -0.26179901 9.60292625
vt -0.31415901 9.60292625
vt -0.26179901 9.42990017
vt -0.31415901 9.42990017
vt -0.26179901 9.25687504
vt -0.31415901 9.25687504
vt -0.26179901 9.08384800
vt -0.31415901 9.08384800
vt -0.26179901 8.91082191
vt -0.31415901 8.91082191
vt -0.31415901 8.73844337
vt -0.36651900 8.73855114
vt -0.36651900 8.56477070
vt -0.41887900 8.56477070
vt -0.36651900 8.39174461
vt -0.41887900 8.39174461
vt -0.36651900 8.21872139
vt -0.41887900 8.21872139
vt -0.36651900 8.04569530
vt -0.41887900 8.04569530
vt -0.36651900 7.87266779
vt -0.41887900 7.87266779
vt -0.36651900 7.69964314
vt -0.41887900 7.69964314
vt -0.36651900 7.52661705
vt -0.41887900 7.52661705
vt -0.36651900 7.35359097
vt -0.41887900 7.35359097
vt -0.36651900 7.18056583
vt -0.41887900 7.18056583
vt -0.36651900 7.00754023
vt -0.41887900 7.00754023
vt -0.36651900 6.83451414
vt -0.41887900 6.83451414
vt -0.36651900 6.66148901
vt -0.41887900 6.66148901
vt -0.36651900 6.48846292
vt -0.41887900 6.48846292
vt -0.36651900 6.31543684
vt -0.41887900 6.31543684
vt -0.36651900 6.14241123
vt -0.41887900 6.14241123
vt -0.36651900 5.96938610
vt -0.41887900 5.96938610
vt -0.36651900 5.79636002
vt -0.41887900 5.79636002
vt -0.36651900 5.62333393
vt -0.41887900 5.62333393
vt -0.36651900 5.45030880
vt -0.41887900 5.45030880
vt -0.36651900 5.27728319
vt -0.41887900 5.27728319
vt -0.36651900 5.10425711
vt -0.41887900 5.10425711
vt -0.36651900 4.93123198
vt -0.41887900 4.93123198
vt -0.36651900 4.75820589
vt -0.41887900 4.75820589
vt -0.36651900 4.58517981
vt -0.41887900 4.58517981
vt -0.36651900 4.41215515
vt -0.41887900 4.41215515
vt -0.36651900 4.23912907
vt -0.41887900 4.23912907
vt -0.36651900 4.06610298
vt -0.41887900 4.06610298
vt -0.36651900 3.89307809
vt -0.41887900 3.89307809
vt -0.36651900 3.72005200
vt -0.41887900 3.72005200
vt -0.36651900 3.54702592
vt -0.41887900 3.54702592
vt -0.36651900 3.37400103
vt -0.41887900 3.37400103
vt -0.36651900 3.20097494
vt -0.41887900 3.20097494
vt -0.36651900 3.02794909
vt -0.41887900 3.02794909
vt -0.36651900 2.85492396
vt -0.41887900 2.85492396
vt -0.36651900 2.68189812
vt -0.41887900 2.68189812
vt -0.36651900 2.50887203
vt -0.41887900 2.50887203
vt -0.36651900 2.33584690
vt -0.41887900 2.33584690
vt -0.36651900 2.16282105
vt -0.41887900 2.16282105
vt -0.36651900 1.98979497
vt -0.41887900 1.98979497
vt -0.36651900 1.81676996
vt -0.41887900 1.81676996
vt -0.36651900 1.64374399
vt -0.41887900 1.64374399
vt -0.36651900 1.47071803
vt -0.41887900 1.47071803
vt -0.36651900 1.29769301
vt -0.41887900 1.29769301
vt -0.36651900 1.12466705
vt -0.41887900 1.12466705
vt -0.36651900 0.95164102
vt -0.41887900 0.95164102
vt -0.36651900 0.77861601
vt -0.41887900 0.77861601
vt -0.36651900 0.60558999
vt -0.41887900 0.60558999
vt -0.36651900 0.43256399
vt -0.41887900 0.43256399
vt -0.36651900 0.25953901
vt -0.41887900 0.25953901
vt -0.36651900 0.08651298
vt -0.41887900 0.08651298
vt -0.36651900 -0.08651298
vt -0.41887900 -0.08651298
vt -0.36651900 -0.25953901
vt -0.41887900 -0.25953901
vt -0.36651900 -0.43256399
vt -0.41887900 -0.43256399
vt -0.36651900 -0.60558999
vt -0.41887900 -0.60558999
vt -0.36651900 -0.77861601
vt -0.41887900 -0.77861601
vt -0.36651900 -0.95164102
vt -0.41887900 -0.95164102
vt -0.36651900 -1.12466705
vt -0.41887900 -1.12466705
vt -0.36651900 -1.29769301
vt -0.41887900 -1.29769301
vt -0.36651900 -1.47071803
vt -0.41887900 -1.47071803
vt -0.36651900 -1.64374399
vt -0.41887900 -1.64374399
vt -0.36651900 -1.81676996
vt -0.41887900 -1.81676996
vt -0.36651900 -1.98979497
vt -0.41887900 -1.98979497
vt -0.36651900 -2.16282105
vt -0.41887900 -2.16282105
vt -0.36651900 -2.33584690
vt -0.41887900 -2.33584690
vt -0.36651900 -2.50887203
vt -0.41887900 -2.50887203
vt -0.36651900 -2.68189812
vt -0.41887900 -2.68189812
vt -0.36651900 -2.85492396
vt -0.41887900 -2.85492396
vt -0.36651900 -3.02794909
vt -0.41887900 -3.02794909
vt -0.36651900 -3.20097494
vt -0.41887900 -3.20097494
vt -0.36651900 -3.37400103
vt -0.41887900 -3.37400103
vt -0.36651900 -3.54702592
vt -0.41887900 -3.54702592
vt -0.36651900 -3.72005200
vt -0.41887900 -3.72005200
vt -0.36651900 -3.89307809
vt -0.41887900 -3.89307809
vt -0.36651900 -4.06610298
vt -0.41887900 -4.06610298
vt -0.36651900 -4.23912907
vt -0.41887900 -4.23912907
vt -0.36651900 -4.41215515
vt -0.41887900 -4.41215515
vt -0.36651900 -4.58517981
vt -0.41887900 -4.58517981
vt -0.36651900 -4.75820589
vt -0.41887900 -4.75820589
vt -0.36651900 -4.93123198
vt -0.41887900 -4.93123198
vt -0.36651900 -5.10425711
vt -0.41887900 -5.10425711
vt -0.36651900 -5.27728319
vt -0.41887900 -5.27728319
vt -0.36651900 -5.45030880
vt -0.41887900 -5.45030880
vt -0.36651900 -5.62333393
vt -0.41887900 -5.62333393
vt -0.36651900 -5.79636002
vt -0.41887900 -5.79636002
vt -0.36651900 -5.96938610
vt -0.41887900 -5.96938610
vt -0.36651900 -6.14241123
vt -0.41887900 -6.14241123
vt -0.36651900 -6.31543684
vt -0.41887900 -6.31543684
vt -0.36651900 -6.48846292
vt -0.41887900 -6.48846292
vt -0.36651900 -6.66148901
vt -0.41887900 -6.66148901
vt -0.36651900 -6.83451414
vt -0.41887900 -6.83451414
vt -0.36651900 -7.00754023
vt -0.41887900 -7.00754023
vt -0.36651900 -7.18056583
vt -0.41887900 -7.18056583
vt -0.36651900 -7.35359097
vt -0.41887900 -7.35359097
vt -0.36651900 -7.52661705
vt -0.41887900 -7.52661705
vt -0.36651900 -7.69964314
vt -0.41887900 -7.69964314
vt -0.36651900 -7.87266779
vt -0.41887900 -7.87266779
vt -0.36651900 -8.04569530
vt -0.41887900 -8.04569530
vt -0.36651900 -8.21872139
vt -0.41887900 -8.21872139
vt -0.36651900 -8.39174461
vt -0.41887900 -8.39174461
vt -0.36651900 -8.56477070
vt -0.41887900 -8.56477070
vt -0.36651900 -8.73855114
vt -0.41887900 -8.73865700
vt -0.36651900 -8.91082191
vt -0.41887900 -8.91082191
vt -0.36651900 -9.08384800
vt -0.41887900 -9.08384800
vt -0.36651900 -9.25687504
vt -0.41887900 -9.25687504
vt -0.36651900 -9.42990017
vt -0.41887900 -9.42990017
vt -0.36651900 -9.60292625
vt -0.41887900 -9.60292625
vt -0.36651900 -9.77595234
vt -0.41887900 -9.77595234
vt -0.36651900 -9.94897556
vt -0.41887900 -9.94897556
vt -0.36651900 -10.12199974
vt -0.41887900 -10.12199974
vt -0.36651900 -10.29502964
vt -0.41887900 -10.29502964
vt -0.36651900 -10.46805000
vt -0.41887900 -10.46805000
vt -0.36651900 -10.64107990
vt -0.41887900 -10.64107990
vt -0.36651900 -10.81410027
vt -0.41887900 -10.81410027
vt -0.36651900 -10.98713017
vt -0.41887900 -10.98713017
vt -0.36651900 -11.16016006
vt -0.41887900 -11.16016006
vt -0.36651900 -11.33318043
vt -0.41887900 -11.33318043
vt -0.36651900 -11.50621033
vt -0.41887900 -11.50621033
vt -0.36651900 -11.67922974
vt -0.41887900 -11.67922974
vt -0.36651900 -11.85225964
vt -0.41887900 -11.85225964
vt -0.41887900 -12.02569008
vt -0.47123900 -12.02558994
vt -0.47123900 -12.19830990
vt -0.52359903 -12.19830990
vt -0.47123900 12.19830990
vt -0.52359903 12.19830990
vt -0.47123900 12.02558994
vt -0.52359903 12.02548981
vt -0.47123900 11.85225964
vt -0.52359903 11.85225964
vt -0.47123900 11.67922974
vt -0.52359903 11.67922974
vt -0.47123900 11.50621033
vt -0.52359903 11.50621033
vt -0.47123900 11.33318043
vt -0.52359903 11.33318043
vt -0.47123900 11.16016006
vt -0.52359903 11.16016006
vt -0.47123900 10.98713017
vt -0.52359903 10.98713017
vt -0.47123900 10.81410027
vt -0.52359903 10.81410027
vt -0.47123900 10.64107990
vt -0.52359903 10.64107990
vt -0.47123900 10.46805000
vt -0.52359903 10.46805000
vt -0.47123900 10.29502964
vt -0.52359903 10.29502964
vt -0.47123900 10.12199974
vt -0.52359903 10.12199974
vt -0.47123900 9.94897556
vt -0.52359903 9.94897556
vt -0.47123900 9.77595234
vt -0.52359903 9.77595234
vt -0.47123900 9.60292625
vt -0.52359903 9.60292625
vt -0.47123900 9.42990017
vt -0.52359903 9.42990017
vt -0.47123900 9.25687504
vt -0.52359903 9.25687504
vt -0.47123900 9.08384800
vt -0.52359903 9.08384800
vt -0.47123900 8.91082191
vt -0.52359903 8.91082191
vt -0.47123900 2.68189812
vt -0.47123900 -0.77861601
vt -0.10471990 -12.19830990
vt -0.36651900 0.43256399
vt -0.36651900 -0.43256399
vt 1.10000002 0.17699100
vt -1.10000002 0.00000000
vt 1.10000002 0.00000000
vt -1.10000002 -0.17699100
vt 1.10000002 -0.17699100
vt -1.10000002 -0.35398200
vt 1.10000002 -0.35398200
vt -1.10000002 -0.53097302
vt 1.10000002 -0.53097302
vt -1.10000002 -0.70796502
vt 1.10000002 -0.70796502
vt -1.10000002 -0.88495600
vt 1.10000002 -0.88495600
vt -1.10000002 -1.06194699
vt 1.10000002 -1.06194699
vt -1.10000002 -1.23893797
vt 1.10000002 -1.23893797
vt -1.10000002 -1.41592896
vt 1.10000002 -1.41592896
vt -1.10000002 -1.59291995
vt 1.10000002 -1.59291995
vt -1.10000002 -1.76991105
vt 1.10000002 -1.76991105
vt -1.10000002 -1.94690204
vt 1.10000002 -1.94690204
vt -1.10000002 -2.12389398
vt 1.10000002 -2.12389398
vt -1.10000002 -2.30088496
vt 1.10000002 -2.30088496
vt -1.10000002 -2.47787595
vt 1.10000002 -2.47787595
vt -1.10000002 -2.65486693
vt 1.10000002 -2.65486693
vt -1.10000002 -2.83185792
vt 1.10000002 -2.83185792
vt -1.10000002 -3.00884891
vt 1.10000002 -3.00884891
vt -1.10000002 -3.18583989
vt 1.10000002 -3.18583989
vt -1.10000002 -3.36283207
vt 1.10000002 -3.36283207
vt -1.10000002 -3.53982306
vt 1.10000002 -3.53982306
vt -1.10000002 -3.71681404
vt 1.10000002 -3.71681404
vt -1.10000002 -3.89380503
vt 1.10000002 -3.89380503
vt -1.10000002 -4.07079601
vt 1.10000002 -4.07079601
vt -1.10000002 -4.24778700
vt 1.10000002 -4.24778700
vt -1.10000002 -4.42477798
vt 1.10000002 -4.42477798
vt -1.10000002 -4.60176992
vt 1.10000002 -4.60176992
vt -1.10000002 -4.77876091
vt 1.10000002 -4.77876091
vt -1.10000002 -4.95575190
vt 1.10000002 -4.95575190
vt -1.10000002 -5.13274288
vt 1.10000002 -5.13274288
vt -1.10000002 -5.30973387
vt 1.10000002 -5.30973387
vt -1.10000002 -5.48672485
vt 1.10000002 -5.48672485
vt -1.10000002 -5.66371584
vt 1.10000002 -5.66371584
vt -1.10000002 -5.84070683
vt 1.10000002 -5.84070683
vt -1.10000002 -6.01769876
vt 1.10000002 -6.01769876
vt -1.10000002 -6.19469023
vt 1.10000002 -6.19469023
vt -1.10000002 -6.37168121
vt 1.10000002 -6.37168121
vt -1.10000002 -6.54867220
vt 1.10000002 -6.54867220
vt -1.10000002 -6.72566319
vt 1.10000002 -6.72566319
vt -1.10000002 -6.90265417
vt 1.10000002 -6.90265417
vt -1.10000002 -7.07964516
vt 1.10000002 -7.07964516
vt -1.10000002 -7.25663710
vt 1.10000002 -7.25663710
vt -1.10000002 -7.43362808
vt 1.10000002 -7.43362808
vt -1.10000002 -7.61061907
vt 1.10000002 -7.61061907
vt -1.10000002 -7.78761005
vt 1.10000002 -7.78761005
vt -1.10000002 -7.96460104
vt 1.10000002 -7.96460104
vt -1.10000002 -8.14159203
vt 1.10000002 -8.14159203
vt -1.10000002 -8.31858253
vt 1.10000002 -8.31858253
vt -1.10000002 -8.49557400
vt 1.10000002 -8.49557400
vt -1.10000002 -8.67256737
vt 1.10000002 -8.67256737
vt -1.10000002 -8.84955692
vt 1.10000002 -8.84955692
vt -1.10000002 -9.02654934
vt 1.10000002 -9.02654934
vt -1.10000002 -9.20353889
vt 1.10000002 -9.20353889
vt -1.10000002 -9.38053131
vt 1.10000002 -9.38053131
vt -1.10000002 -9.55752087
vt 1.10000002 -9.55752087
vt -1.10000002 -9.73451328
vt 1.10000002 -9.73451328
vt -1.10000002 -9.91150379
vt 1.10000002 -9.91150379
vt -1.10000002 -10.08850002
vt 1.10000002 -10.08850002
vt -1.10000002 -10.26548958
vt 1.10000002 -10.26548958
vt -1.10000002 -10.44248009
vt 1.10000002 -10.44248009
vt -1.10000002 -10.61946964
vt 1.10000002 -10.61946964
vt -1.10000002 -10.79646015
vt 1.10000002 -10.79646015
vt -1.10000002 -10.97344971
vt 1.10000002 -10.97344971
vt -1.10000002 -11.15044022
vt 1.10000002 -11.15044022
vt -1.10000002 -11.32742977
vt 1.10000002 -11.32742977
vt -1.10000002 -11.50442028
vt 1.10000002 -11.50442028
vt -1.10000002 -11.68140984
vt 1.10000002 -11.68140984
vt -1.10000002 -11.85840988
vt 1.10000002 -11.85840988
vt -1.10000002 -12.03540039
vt 1.10000002 -12.03540039
vt -1.10000002 -12.21238995
vt 1.10000002 -12.21238995
vt 1.10000002 -12.38938046
vt -1.10000002 -12.38938046
vt 1.10000002 -12.56637001
vt -1.10000002 -12.56637001
vt 1.10000002 12.56637001
vt -1.10000002 12.56637001
vt 1.10000002 12.38938046
vt -1.10000002 12.38938046
vt 1.10000002 12.21238995
vt -1.10000002 12.21238995
vt -1.10000002 12.03540039
vt -1.10000002 0.17699100
vt 1.10000002 0.35398200
vt -1.10000002 0.35398200
vt 1.10000002 0.53097302
vt -1.10000002 0.53097302
vt 1.10000002 0.70796502
vt -1.10000002 0.70796502
vt 1.10000002 0.88495600
vt -1.10000002 0.88495600
vt 1.10000002 1.06194699
vt -1.10000002 1.06194699
vt 1.10000002 1.23893797
vt -1.10000002 1.23893797
vt 1.10000002 1.41592896
vt -1.10000002 1.41592896
vt 1.10000002 1.59291995
vt -1.10000002 1.59291995
vt 1.10000002 1.76991105
vt -1.10000002 1.76991105
vt 1.10000002 1.94690204
vt -1.10000002 1.94690204
vt 1.10000002 2.12389398
vt -1.10000002 2.12389398
vt 1.10000002 2.30088496
vt -1.10000002 2.30088496
vt 1.10000002 2.47787595
vt -1.10000002 2.47787595
vt 1.10000002 2.65486693
vt -1.10000002 2.65486693
vt 1.10000002 2.83185792
vt -1.10000002 2.83185792
vt 1.10000002 3.00884891
vt -1.10000002 3.00884891
vt 1.10000002 3.18583989
vt -1.10000002 3.18583989
vt 1.10000002 3.36283207
vt -1.10000002 3.36283207
vt 1.10000002 3.53982306
vt -1.10000002 3.53982306
vt 1.10000002 3.71681404
vt -1.10000002 3.71681404
vt 1.10000002 3.89380503
vt -1.10000002 3.89380503
vt 1.10000002 4.07079601
vt -1.10000002 4.07079601
vt 1.10000002 4.24778700
vt -1.10000002 4.24778700
vt 1.10000002 4.42477798
vt -1.10000002 4.42477798
vt 1.10000002 4.60176992
vt -1.10000002 4.60176992
vt 1.10000002 4.77876091
vt -1.10000002 4.77876091
vt 1.10000002 4.95575190
vt -1.10000002 4.95575190
vt 1.10000002 5.13274288
vt -1.10000002 5.13274288
vt 1.10000002 5.30973387
vt -1.10000002 5.30973387
vt 1.10000002 5.48672485
vt -1.10000002 5.48672485
vt 1.10000002 5.66371584
vt -1.10000002 5.66371584
vt 1.10000002 5.84070683
vt -1.10000002 5.84070683
vt 1.10000002 6.01769876
vt -1.10000002 6.01769876
vt 1.10000002 6.19469023
vt -1.10000002 6.19469023
vt 1.10000002 6.37168121
vt -1.10000002 6.37168121
vt 1.10000002 6.54867220
vt -1.10000002 6.54867220
vt 1.10000002 6.72566319
vt -1.10000002 6.72566319
vt 1.10000002 6.90265417
vt -1.10000002 6.90265417
vt 1.10000002 7.07964516
vt -1.10000002 7.07964516
vt 1.10000002 7.25663710
vt -1.10000002 7.25663710
vt 1.10000002 7.43362808
vt -1.10000002 7.43362808
vt 1.10000002 7.61061907
vt -1.10000002 7.61061907
vt 1.10000002 7.78761005
vt -1.10000002 7.78761005
vt 1.10000002 7.96460104
vt -1.10000002 7.96460104
vt 1.10000002 8.14159203
vt -1.10000002 8.14159203
vt 1.10000002 8.31858253
vt -1.10000002 8.31858253
vt 1.10000002 8.49557400
vt -1.10000002 8.49557400
vt 1.10000002 8.67256737
vt -1.10000002 8.67256737
vt 1.10000002 8.84955692
vt -1.10000002 8.84955692
vt 1.10000002 9.02654934
vt -1.10000002 9.02654934
vt 1.10000002 9.20353889
vt -1.10000002 9.20353889
vt 1.10000002 9.38053131
vt -1.10000002 9.38053131
vt 1.10000002 9.55752087
vt -1.10000002 9.55752087
vt 1.10000002 9.73451328
vt -1.10000002 9.73451328
vt 1.10000002 9.91150379
vt -1.10000002 9.91150379
vt 1.10000002 10.08850002
vt -1.10000002 10.08850002
vt 1.10000002 10.26548958
vt -1.10000002 10.26548958
vt 1.10000002 10.44248009
vt -1.10000002 10.44248009
vt 1.10000002 10.61946964
vt -1.10000002 10.61946964
vt 1.10000002 10.79646015
vt -1.10000002 10.79646015
vt 1.10000002 10.97344971
vt -1.10000002 10.97344971
vt 1.10000002 11.15044022
vt -1.10000002 11.15044022
vt 1.10000002 11.32742977
vt -1.10000002 11.32742977
vt 1.10000002 11.50442028
vt -1.10000002 11.50442028
vt 1.10000002 11.68140984
vt -1.10000002 11.68140984
vt 1.10000002 11.85840988
vt -1.10000002 11.85840988
vt 1.10000002 12.03540039
vt 0.62831903 -12.01624966
vt 0.57595903 -12.02538967
vt 0.62831903 -12.19830990
vt 0.57595903 -12.19830990
vt 0.62831903 12.19830990
vt 0.57595903 12.19830990
vt 0.57595903 12.02538967
vt 0.52359903 12.02548981
vt 0.52359903 11.85225964
vt 0.47123900 11.85225964
vt 0.52359903 11.67922974
vt 0.47123900 11.67922974
vt 0.52359903 11.50621033
vt 0.47123900 11.50621033
vt 0.52359903 11.33318043
vt 0.47123900 11.33318043
vt 0.52359903 11.16016006
vt 0.47123900 11.16016006
vt 0.52359903 10.98713017
vt 0.47123900 10.98713017
vt 0.52359903 10.81410027
vt 0.47123900 10.81410027
vt 0.52359903 10.64107990
vt 0.47123900 10.64107990
vt 0.52359903 10.46805000
vt 0.47123900 10.46805000
vt 0.52359903 10.29502964
vt 0.47123900 10.29502964
vt 0.52359903 10.12199974
vt 0.47123900 10.12199974
vt 0.52359903 9.94897556
vt 0.47123900 9.94897556
vt 0.52359903 9.77595234
vt 0.47123900 9.77595234
vt 0.52359903 9.60292625
vt 0.47123900 9.60292625
vt 0.52359903 9.42990017
vt 0.47123900 9.42990017
vt 0.52359903 9.25687504
vt 0.47123900 9.25687504
vt 0.52359903 9.08384800
vt 0.47123900 9.08384800
vt 0.52359903 8.91082191
vt 0.47123900 8.91082191
vt 0.52359903 8.73887253
vt 0.47123900 8.73876476
vt 0.52359903 8.56477070
vt 0.47123900 8.56477070
vt 0.52359903 8.39174461
vt 0.47123900 8.39174461
vt 0.52359903 8.21872139
vt 0.47123900 8.21872139
vt 0.52359903 8.04569530
vt 0.47123900 8.04569530
vt 0.52359903 7.87266779
vt 0.47123900 7.87266779
vt 0.52359903 7.69964314
vt 0.47123900 7.69964314
vt 0.52359903 7.52661705
vt 0.47123900 7.52661705
vt 0.52359903 7.35359097
vt 0.47123900 7.35359097
vt 0.52359903 7.18056583
vt 0.47123900 7.18056583
vt 0.52359903 7.00754023
vt 0.47123900 7.00754023
vt 0.52359903 6.83451414
vt 0.47123900 6.83451414
vt 0.52359903 6.66148901
vt 0.47123900 6.66148901
vt 0.52359903 6.48846292
vt 0.47123900 6.48846292
vt 0.52359903 6.31543684
vt 0.47123900 6.31543684
vt 0.52359903 6.14241123
vt 0.47123900 6.14241123
vt 0.52359903 5.96938610
vt 0.47123900 5.96938610
vt 0.52359903 5.79636002
vt 0.47123900 5.79636002
vt 0.52359903 5.62333393
vt 0.47123900 5.62333393
vt 0.52359903 5.45030880
vt 0.47123900 5.45030880
vt 0.52359903 5.27728319
vt 0.47123900 5.27728319
vt 0.52359903 5.10425711
vt 0.47123900 5.10425711
vt 0.52359903 4.93123198
vt 0.47123900 4.93123198
vt 0.52359903 4.75820589
vt 0.47123900 4.75820589
vt 0.52359903 4.58517981
vt 0.47123900 4.58517981
vt 0.52359903 4.41215515
vt 0.47123900 4.41215515
vt 0.52359903 4.23912907
vt 0.47123900 4.23912907
vt 0.52359903 4.06610298
vt 0.47123900 4.06610298
vt 0.52359903 3.89307809
vt 0.47123900 3.89307809
vt 0.52359903 3.72005200
vt 0.47123900 3.72005200
vt 0.52359903 3.54702592
vt 0.47123900 3.54702592
vt 0.52359903 3.37400103
vt 0.47123900 3.37400103
vt 0.52359903 3.20097494
vt 0.47123900 3.20097494
vt 0.52359903 3.02794909
vt 0.47123900 3.02794909
vt 0.52359903 2.85492396
vt 0.47123900 2.85492396
vt 0.52359903 2.68189812
vt 0.47123900 2.68189812
vt 0.52359903 2.50887203
vt 0.47123900 2.50887203
vt 0.52359903 2.33584690
vt 0.47123900 2.33584690
vt 0.52359903 2.16282105
vt 0.47123900 2.16282105
vt 0.52359903 1.98979497
vt 0.47123900 1.98979497
vt 0.52359903 1.81676996
vt 0.47123900 1.81676996
vt 0.52359903 1.64374399
vt 0.47123900 1.64374399
vt 0.52359903 1.47071803
vt 0.47123900 1.47071803
vt 0.52359903 1.29769301
vt 0.47123900 1.29769301
vt 0.52359903 1.12466705
vt 0.47123900 1.12466705
vt 0.52359903 0.95164102
vt 0.47123900 0.95164102
vt 0.52359903 0.77861601
vt 0.47123900 0.77861601
vt 0.52359903 0.60558999
vt 0.47123900 0.60558999
vt 0.52359903 0.43256399
vt 0.47123900 0.43256399
vt 0.52359903 0.25953901
vt 0.47123900 0.25953901
vt 0.52359903 0.08651298
vt 0.47123900 0.08651298
vt 0.52359903 -0.08651298
vt 0.47123900 -0.08651298
vt 0.52359903 -0.25953901
vt 0.47123900 -0.25953901
vt 0.52359903 -0.43256399
vt 0.47123900 -0.43256399
vt 0.52359903 -0.60558999
vt 0.47123900 -0.60558999
vt 0.52359903 -0.77861601
vt 0.47123900 -0.77861601
vt 0.52359903 -0.95164102
vt 0.47123900 -0.95164102
vt 0.52359903 -1.12466705
vt 0.47123900 -1.12466705
vt 0.52359903 -1.29769301
vt 0.47123900 -1.29769301
vt 0.52359903 -1.47071803
vt 0.47123900 -1.47071803
vt 0.52359903 -1.64374399
vt 0.47123900 -1.64374399
vt 0.52359903 -1.81676996
vt 0.47123900 -1.81676996
vt 0.52359903 -1.98979497
vt 0.47123900 -1.98979497
vt 0.52359903 -2.16282105
vt 0.47123900 -2.16282105
vt 0.52359903 -2.33584690
vt 0.47123900 -2.33584690
vt 0.52359903 -2.50887203
vt 0.47123900 -2.50887203
vt 0.52359903 -2.68189812
vt 0.47123900 -2.68189812
vt 0.52359903 -2.85492396
vt 0.47123900 -2.85492396
vt 0.52359903 -3.02794909
vt 0.47123900 -3.02794909
vt 0.52359903 -3.20097494
vt 0.47123900 -3.20097494
vt 0.52359903 -3.37400103
vt 0.47123900 -3.37400103
vt 0.52359903 -3.54702592
vt 0.47123900 -3.54702592
vt 0.52359903 -3.72005200
vt 0.47123900 -3.72005200
vt 0.52359903 -3.89307809
vt 0.47123900 -3.89307809
vt 0.52359903 -4.06610298
vt 0.47123900 -4.06610298
vt 0.52359903 -4.23912907
vt 0.47123900 -4.23912907
vt 0.52359903 -4.41215515
vt 0.47123900 -4.41215515
vt 0.52359903 -4.58517981
vt 0.47123900 -4.58517981
vt 0.52359903 -4.75820589
vt 0.47123900 -4.75820589
vt 0.52359903 -4.93123198
vt 0.47123900 -4.93123198
vt 0.52359903 -5.10425711
vt 0.47123900 -5.10425711
vt 0.52359903 -5.27728319
vt 0.47123900 -5.27728319
vt 0.52359903 -5.45030880
vt 0.47123900 -5.45030880
vt 0.52359903 -5.62333393
vt 0.47123900 -5.62333393
vt 0.52359903 -5.79636002
vt 0.47123900 -5.79636002
vt 0.52359903 -5.96938610
vt 0.47123900 -5.96938610
vt 0.52359903 -6.14241123
vt 0.47123900 -6.14241123
vt 0.52359903 -6.31543684
vt 0.47123900 -6.31543684
vt 0.52359903 -6.48846292
vt 0.47123900 -6.48846292
vt 0.52359903 -6.66148901
vt 0.47123900 -6.66148901
vt 0.52359903 -6.83451414
vt 0.47123900 -6.83451414
vt 0.52359903 -7.00754023
vt 0.47123900 -7.00754023
vt 0.52359903 -7.18056583
vt 0.47123900 -7.18056583
vt 0.52359903 -7.35359097
vt 0.47123900 -7.35359097
vt 0.52359903 -7.52661705
vt 0.47123900 -7.52661705
vt 0.52359903 -7.69964314
vt 0.47123900 -7.69964314
vt 0.52359903 -7.87266779
vt 0.47123900 -7.87266779
vt 0.52359903 -8.04569530
vt 0.47123900 -8.04569530
vt 0.52359903 -8.21872139
vt 0.47123900 -8.21872139
vt 0.52359903 -8.39174461
vt 0.47123900 -8.39174461
vt 0.52359903 -8.56477070
vt 0.47123900 -8.56477070
vt 0.47123900 -8.73876476
vt 0.41887900 -8.73865700
vt 0.41887900 -8.91082191
vt 0.36651900 -8.91082191
vt 0.41887900 -9.08384800
vt 0.36651900 -9.08384800
vt 0.41887900 -9.25687504
vt 0.36651900 -9.25687504
vt 0.41887900 -9.42990017
vt 0.36651900 -9.42990017
vt 0.41887900 -9.60292625
vt 0.36651900 -9.60292625
vt 0.41887900 -9.77595234
vt 0.36651900 -9.77595234
vt 0.41887900 -9.94897556
vt 0.36651900 -9.94897556
vt 0.41887900 -10.12199974
vt 0.36651900 -10.12199974
vt 0.41887900 -10.29502964
vt 0.36651900 -10.29502964
vt 0.41887900 -10.46805000
vt 0.36651900 -10.46805000
vt 0.41887900 -10.64107990
vt 0.36651900 -10.64107990
vt 0.41887900 -10.81410027
vt 0.36651900 -10.81410027
vt 0.41887900 -10.98713017
vt 0.36651900 -10.98713017
vt 0.41887900 -11.16016006
vt 0.36651900 -11.16016006
vt 0.41887900 -11.33318043
vt 0.36651900 -11.33318043
vt 0.41887900 -11.50621033
vt 0.36651900 -11.50621033
vt 0.41887900 -11.67922974
vt 0.36651900 -11.67922974
vt 0.41887900 -11.85225964
vt 0.36651900 -11.85225964
vt 0.41887900 -12.02569008
vt 0.36651900 -12.02579021
vt 0.41887900 -12.19830990
vt 0.36651900 -12.19830990
vt 0.41887900 12.19830990
vt 0.36651900 12.19830990
vt 0.36651900 12.02579021
vt 0.31415901 12.02589035
vt 0.31415901 11.85225964
vt 0.26179901 11.85225964
vt 0.31415901 11.67922974
vt 0.26179901 11.67922974
vt 0.31415901 11.50621033
vt 0.26179901 11.50621033
vt 0.31415901 11.33318043
vt 0.26179901 11.33318043
vt 0.31415901 11.16016006
vt 0.26179901 11.16016006
vt 0.31415901 10.98713017
vt 0.26179901 10.98713017
vt 0.31415901 10.81410027
vt 0.26179901 10.81410027
vt 0.31415901 10.64107990
vt 0.26179901 10.64107990
vt 0.31415901 10.46805000
vt 0.26179901 10.46805000
vt 0.31415901 10.29502964
vt 0.26179901 10.29502964
vt 0.31415901 10.12199974
vt 0.26179901 10.12199974
vt 0.31415901 9.94897556
vt 0.26179901 9.94897556
vt 0.31415901 9.77595234
vt 0.26179901 9.77595234
vt 0.31415901 9.60292625
vt 0.26179901 9.60292625
vt 0.31415901 9.42990017
vt 0.26179901 9.42990017
vt 0.31415901 9.25687504
vt 0.26179901 9.25687504
vt 0.31415901 9.08384800
vt 0.26179901 9.08384800
vt 0.31415901 8.91082191
vt 0.26179901 8.91082191
vt 0.31415901 8.73844337
vt 0.26179901 8.73833466
vt 0.31415901 8.56477070
vt 0.26179901 8.56477070
vt 0.31415901 8.39174461
vt 0.26179901 8.39174461
vt 0.31415901 8.21872139
vt 0.26179901 8.21872139
vt 0.31415901 8.04569530
vt 0.26179901 8.04569530
vt 0.31415901 7.87266779
vt 0.26179901 7.87266779
vt 0.31415901 7.69964314
vt 0.26179901 7.69964314
vt 0.31415901 7.52661705
vt 0.26179901 7.52661705
vt 0.31415901 7.35359097
vt 0.26179901 7.35359097
vt 0.31415901 7.18056583
vt 0.26179901 7.18056583
vt 0.31415901 7.00754023
vt 0.26179901 7.00754023
vt 0.31415901 6.83451414
vt 0.26179901 6.83451414
vt 0.31415901 6.66148901
vt 0.26179901 6.66148901
vt 0.31415901 6.48846292
vt 0.26179901 6.48846292
vt 0.31415901 6.31543684
vt 0.26179901 6.31543684
vt 0.31415901 6.14241123
vt 0.26179901 6.14241123
vt 0.31415901 5.96938610
vt 0.26179901 5.96938610
vt 0.31415901 5.79636002
vt 0.26179901 5.79636002
vt 0.31415901 5.62333393
vt 0.26179901 5.62333393
vt 0.31415901 5.45030880
vt 0.26179901 5.45030880
vt 0.31415901 5.27728319
vt 0.26179901 5.27728319
vt 0.31415901 5.10425711
vt 0.26179901 5.10425711
vt 0.31415901 4.93123198
vt 0.26179901 4.93123198
vt 0.31415901 4.75820589
vt 0.26179901 4.75820589
vt 0.31415901 4.58517981
vt 0.26179901 4.58517981
vt 0.31415901 4.41215515
vt 0.26179901 4.41215515
vt 0.31415901 4.23912907
vt 0.26179901 4.23912907
vt 0.31415901 4.06610298
vt 0.26179901 4.06610298
vt 0.31415901 3.89307809
vt 0.26179901 3.89307809
vt 0.31415901 3.72005200
vt 0.26179901 3.72005200
vt 0.31415901 3.54702592
vt 0.26179901 3.54702592
vt 0.31415901 3.37400103
vt 0.26179901 3.37400103
vt 0.31415901 3.20097494
vt 0.26179901 3.20097494
vt 0.31415901 3.02794909
vt 0.26179901 3.02794909
vt 0.31415901 2.85492396
vt 0.26179901 2.85492396
vt 0.31415901 2.68189812
vt 0.26179901 2.68189812
vt 0.31415901 2.50887203
vt 0.26179901 2.50887203
vt 0.31415901 2.33584690
vt 0.26179901 2.33584690
vt 0.31415901 2.16282105
vt 0.26179901 2.16282105
vt 0.31415901 1.98979497
vt 0.26179901 1.98979497
vt 0.31415901 1.81676996
vt 0.26179901 1.81676996
vt 0.31415901 1.64374399
vt 0.26179901 1.64374399
vt 0.31415901 1.47071803
vt 0.26179901 1.47071803
vt 0.31415901 1.29769301
vt 0.26179901 1.29769301
vt 0.31415901 1.12466705
vt 0.26179901 1.12466705
vt 0.31415901 0.95164102
vt 0.26179901 0.95164102
vt 0.31415901 0.77861601
vt 0.26179901 0.77861601
vt 0.31415901 0.60558999
vt 0.26179901 0.60558999
vt 0.31415901 0.43256399
vt 0.26179901 0.43256399
vt 0.31415901 0.25953901
vt 0.26179901 0.25953901
vt 0.31415901 0.08651298
vt 0.26179901 0.08651298
vt 0.31415901 -0.08651298
vt 0.26179901 -0.08651298
vt 0.31415901 -0.25953901
vt 0.26179901 -0.25953901
vt 0.31415901 -0.43256399
vt 0.26179901 -0.43256399
vt 0.31415901 -0.60558999
vt 0.26179901 -0.60558999
vt 0.31415901 -0.77861601
vt 0.26179901 -0.77861601
vt 0.31415901 -0.95164102
vt 0.26179901 -0.95164102
vt 0.31415901 -1.12466705
vt 0.26179901 -1.12466705
vt 0.31415901 -1.29769301
vt 0.26179901 -1.29769301
vt 0.31415901 -1.47071803
vt 0.26179901 -1.47071803
vt 0.31415901 -1.64374399
vt 0.26179901 -1.64374399
vt 0.31415901 -1.81676996
vt 0.26179901 -1.81676996
vt 0.31415901 -1.98979497
vt 0.26179901 -1.98979497
vt 0.31415901 -2.16282105
vt 0.26179901 -2.16282105
vt 0.31415901 -2.33584690
vt 0.26179901 -2.33584690
vt 0.31415901 -2.50887203
vt 0.26179901 -2.50887203
vt 0.31415901 -2.68189812
vt 0.26179901 -2.68189812
vt 0.31415901 -2.85492396
vt 0.26179901 -2.85492396
vt 0.31415901 -3.02794909
vt 0.26179901 -3.02794909
vt 0.31415901 -3.20097494
vt 0.26179901 -3.20097494
vt 0.31415901 -3.37400103
vt 0.26179901 -3.37400103
vt 0.31415901 -3.54702592
vt 0.26179901 -3.54702592
vt 0.31415901 -3.72005200
vt 0.26179901 -3.72005200
vt 0.31415901 -3.89307809
vt 0.26179901 -3.89307809
vt 0.31415901 -4.06610298
vt 0.26179901 -4.06610298
vt 0.31415901 -4.23912907
vt 0.26179901 -4.23912907
vt 0.31415901 -4.41215515
vt 0.26179901 -4.41215515
vt 0.31415901 -4.58517981
vt 0.26179901 -4.58517981
vt 0.31415901 -4.75820589
vt 0.26179901 -4.75820589
vt 0.31415901 -4.93123198
vt 0.26179901 -4.93123198
vt 0.31415901 -5.10425711
vt 0.26179901 -5.10425711
vt 0.31415901 -5.27728319
vt 0.26179901 -5.27728319
vt 0.31415901 -5.45030880
vt 0.26179901 -5.45030880
vt 0.31415901 -5.62333393
vt 0.26179901 -5.62333393
vt 0.31415901 -5.79636002
vt 0.26179901 -5.79636002
vt 0.31415901 -5.96938610
vt 0.26179901 -5.96938610
vt 0.31415901 -6.14241123
vt 0.26179901 -6.14241123
vt 0.31415901 -6.31543684
vt 0.26179901 -6.31543684
vt 0.31415901 -6.48846292
vt 0.26179901 -6.48846292
vt 0.31415901 -6.66148901
vt 0.26179901 -6.66148901
vt 0.31415901 -6.83451414
vt 0.26179901 -6.83451414
vt 0.31415901 -7.00754023
vt 0.26179901 -7.00754023
vt 0.31415901 -7.18056583
vt 0.26179901 -7.18056583
vt 0.31415901 -7.35359097
vt 0.26179901 -7.35359097
vt 0.31415901 -7.52661705
vt 0.26179901 -7.52661705
vt 0.31415901 -7.69964314
vt 0.26179901 -7.69964314
vt 0.31415901 -7.87266779
vt 0.26179901 -7.87266779
vt 0.31415901 -8.04569530
vt 0.26179901 -8.04569530
vt 0.31415901 -8.21872139
vt 0.26179901 -8.21872139
vt 0.31415901 -8.39174461
vt 0.26179901 -8.39174461
vt 0.31415901 -8.56477070
vt 0.26179901 -8.56477070
vt 0.26179901 -8.73833466
vt 0.20943990 -8.73822689
vt 0.20943990 -8.91082191
vt 0.15707991 -8.91082191
vt 0.20943990 -9.08384800
vt 0.15707991 -9.08384800
vt 0.20943990 -9.25687504
vt 0.15707991 -9.25687504
vt 0.20943990 -9.42990017
vt 0.15707991 -9.42990017
vt 0.20943990 -9.60292625
vt 0.15707991 -9.60292625
vt 0.20943990 -9.77595234
vt 0.15707991 -9.77595234
vt 0.20943990 -9.94897556
vt 0.15707991 -9.94897556
vt 0.20943990 -10.12199974
vt 0.15707991 -10.12199974
vt 0.20943990 -10.29502964
vt 0.15707991 -10.29502964
vt 0.20943990 -10.46805000
vt 0.15707991 -10.46805000
vt 0.20943990 -10.64107990
vt 0.15707991 -10.64107990
vt 0.20943990 -10.81410027
vt 0.15707991 -10.81410027
vt 0.20943990 -10.98713017
vt 0.15707991 -10.98713017
vt 0.20943990 -11.16016006
vt 0.15707991 -11.16016006
vt 0.20943990 -11.33318043
vt 0.15707991 -11.33318043
vt 0.20943990 -11.50621033
vt 0.15707991 -11.50621033
vt 0.20943990 -11.67922974
vt 0.15707991 -11.67922974
vt 0.20943990 -11.85225964
vt 0.15707991 -11.85225964
vt 0.20943990 -12.02610016
vt 0.15707991 -12.02620029
vt 0.20943990 -12.19830990
vt 0.15707991 -12.19830990
vt 0.20943990 12.19830990
vt 0.15707991 12.19830990
vt 0.15707991 12.02620029
vt 0.10471990 12.02630043
vt 0.10471990 11.85225964
vt 0.05235999 11.85225964
vt 0.10471990 11.67922974
vt 0.05235999 11.67922974
vt 0.10471990 11.50621033
vt 0.05235999 11.50621033
vt 0.10471990 11.33318043
vt 0.05235999 11.33318043
vt 0.10471990 11.16016006
vt 0.05235999 11.16016006
vt 0.10471990 10.98713017
vt 0.05235999 10.98713017
vt 0.10471990 10.81410027
vt 0.05235999 10.81410027
vt 0.10471990 10.64107990
vt 0.05235999 10.64107990
vt 0.10471990 10.46805000
vt 0.05235999 10.46805000
vt 0.10471990 10.29502964
vt 0.05235999 10.29502964
vt 0.10471990 10.12199974
vt 0.05235999 10.12199974
vt 0.10471990 9.94897556
vt 0.05235999 9.94897556
vt 0.10471990 9.77595234
vt 0.05235999 9.77595234
vt 0.10471990 9.60292625
vt 0.05235999 9.60292625
vt 0.10471990 9.42990017
vt 0.05235999 9.42990017
vt 0.10471990 9.25687504
vt 0.05235999 9.25687504
vt 0.10471990 9.08384800
vt 0.05235999 9.08384800
vt 0.10471990 8.91082191
vt 0.05235999 8.91082191
vt 0.10471990 8.73801327
vt 0.05235999 8.73790359
vt 0.10471990 8.56477070
vt 0.05235999 8.56477070
vt 0.10471990 8.39174461
vt 0.05235999 8.39174461
vt 0.10471990 8.21872139
vt 0.05235999 8.21872139
vt 0.10471990 8.04569530
vt 0.05235999 8.04569530
vt 0.10471990 7.87266779
vt 0.05235999 7.87266779
vt 0.10471990 7.69964314
vt 0.05235999 7.69964314
vt 0.10471990 7.52661705
vt 0.05235999 7.52661705
vt 0.10471990 7.35359097
vt 0.05235999 7.35359097
vt 0.10471990 7.18056583
vt 0.05235999 7.18056583
vt 0.10471990 7.00754023
vt 0.05235999 7.00754023
vt 0.10471990 6.83451414
vt 0.05235999 6.83451414
vt 0.10471990 6.66148901
vt 0.05235999 6.66148901
vt 0.10471990 6.48846292
vt 0.05235999 6.48846292
vt 0.10471990 6.31543684
vt 0.05235999 6.31543684
vt 0.10471990 6.14241123
vt 0.05235999 6.14241123
vt 0.10471990 5.96938610
vt 0.05235999 5.96938610
vt 0.10471990 5.79636002
vt 0.05235999 5.79636002
vt 0.10471990 5.62333393
vt 0.05235999 5.62333393
vt 0.10471990 5.45030880
vt 0.05235999 5.45030880
vt 0.10471990 5.27728319
vt 0.05235999 5.27728319
vt 0.10471990 5.10425711
vt 0.05235999 5.10425711
vt 0.10471990 4.93123198
vt 0.05235999 4.93123198
vt 0.10471990 4.75820589
vt 0.05235999 4.75820589
vt 0.10471990 4.58517981
vt 0.05235999 4.58517981
vt 0.10471990 4.41215515
vt 0.05235999 4.41215515
vt 0.10471990 4.23912907
vt 0.05235999 4.23912907
vt 0.10471990 4.06610298
vt 0.05235999 4.06610298
vt 0.10471990 3.89307809
vt 0.05235999 3.89307809
vt 0.10471990 3.72005200
vt 0.05235999 3.72005200
vt 0.10471990 3.54702592
vt 0.05235999 3.54702592
vt 0.10471990 3.37400103
vt 0.05235999 3.37400103
vt 0.10471990 3.20097494
vt 0.05235999 3.20097494
vt 0.10471990 3.02794909
vt 0.05235999 3.02794909
vt 0.10471990 2.85492396
vt 0.05235999 2.85492396
vt 0.10471990 2.68189812
vt 0.05235999 2.68189812
vt 0.10471990 2.50887203
vt 0.05235999 2.50887203
vt 0.10471990 2.33584690
vt 0.05235999 2.33584690
vt 0.10471990 2.16282105
vt 0.05235999 2.16282105
vt 0.10471990 1.98979497
vt 0.05235999 1.98979497
vt 0.10471990 1.81676996
vt 0.05235999 1.81676996
vt 0.10471990 1.64374399
vt 0.05235999 1.64374399
vt 0.10471990 1.47071803
vt 0.05235999 1.47071803
vt 0.10471990 1.29769301
vt 0.05235999 1.29769301
vt 0.10471990 1.12466705
vt 0.05235999 1.12466705
vt 0.10471990 0.95164102
vt 0.05235999 0.95164102
vt 0.10471990 0.77861601
vt 0.05235999 0.77861601
vt 0.10471990 0.60558999
vt 0.05235999 0.60558999
vt 0.10471990 0.43256399
vt 0.05235999 0.43256399
vt 0.10471990 0.25953901
vt 0.05235999 0.25953901
vt 0.10471990 0.08651298
vt 0.05235999 0.08651298
vt 0.10471990 -0.08651298
vt 0.05235999 -0.08651298
vt 0.10471990 -0.25953901
vt 0.05235999 -0.25953901
vt 0.10471990 -0.43256399
vt 0.05235999 -0.43256399
vt 0.10471990 -0.60558999
vt 0.05235999 -0.60558999
vt 0.10471990 -0.77861601
vt 0.05235999 -0.77861601
vt 0.10471990 -0.95164102
vt 0.05235999 -0.95164102
vt 0.10471990 -1.12466705
vt 0.05235999 -1.12466705
vt 0.10471990 -1.29769301
vt 0.05235999 -1.29769301
vt 0.10471990 -1.47071803
vt 0.05235999 -1.47071803
vt 0.10471990 -1.64374399
vt 0.05235999 -1.64374399
vt 0.10471990 -1.81676996
vt 0.05235999 -1.81676996
vt 0.10471990 -1.98979497
vt 0.05235999 -1.98979497
vt 0.10471990 -2.16282105
vt 0.05235999 -2.16282105
vt 0.10471990 -2.33584690
vt 0.05235999 -2.33584690
vt 0.10471990 -2.50887203
vt 0.05235999 -2.50887203
vt 0.10471990 -2.68189812
vt 0.05235999 -2.68189812
vt 0.10471990 -2.85492396
vt 0.05235999 -2.85492396
vt 0.10471990 -3.02794909
vt 0.05235999 -3.02794909
vt 0.10471990 -3.20097494
vt 0.05235999 -3.20097494
vt 0.10471990 -3.37400103
vt 0.05235999 -3.37400103
vt 0.10471990 -3.54702592
vt 0.05235999 -3.54702592
vt 0.10471990 -3.72005200
vt 0.05235999 -3.72005200
vt 0.10471990 -3.89307809
vt 0.05235999 -3.89307809
vt 0.10471990 -4.06610298
vt 0.05235999 -4.06610298
vt 0.10471990 -4.23912907
vt 0.05235999 -4.23912907
vt 0.10471990 -4.41215515
vt 0.05235999 -4.41215515
vt 0.10471990 -4.58517981
vt 0.05235999 -4.58517981
vt 0.10471990 -4.75820589
vt 0.05235999 -4.75820589
vt 0.10471990 -4.93123198
vt 0.05235999 -4.93123198
vt 0.10471990 -5.10425711
vt 0.05235999 -5.10425711
vt 0.10471990 -5.27728319
vt 0.05235999 -5.27728319
vt 0.10471990 -5.45030880
vt 0.05235999 -5.45030880
vt 0.10471990 -5.62333393
vt 0.05235999 -5.62333393
vt 0.10471990 -5.79636002
vt 0.05235999 -5.79636002
vt 0.10471990 -5.96938610
vt 0.05235999 -5.96938610
vt 0.10471990 -6.14241123
vt 0.05235999 -6.14241123
vt 0.10471990 -6.31543684
vt 0.05235999 -6.31543684
vt 0.10471990 -6.48846292
vt 0.05235999 -6.48846292
vt 0.10471990 -6.66148901
vt 0.05235999 -6.66148901
vt 0.10471990 -6.83451414
vt 0.05235999 -6.83451414
vt 0.10471990 -7.00754023
vt 0.05235999 -7.00754023
vt 0.10471990 -7.18056583
vt 0.05235999 -7.18056583
vt 0.10471990 -7.35359097
vt 0.05235999 -7.35359097
vt 0.10471990 -7.52661705
vt 0.05235999 -7.52661705
vt 0.10471990 -7.69964314
vt 0.05235999 -7.69964314
vt 0.10471990 -7.87266779
vt 0.05235999 -7.87266779
vt 0.10471990 -8.04569530
vt 0.05235999 -8.04569530
vt 0.10471990 -8.21872139
vt 0.05235999 -8.21872139
vt 0.10471990 -8.39174461
vt 0.05235999 -8.39174461
vt 0.10471990 -8.56477070
vt 0.05235999 -8.56477070
vt 0.05235999 -8.73790359
vt 0.00000000 -8.59035873
vt 0.00000000 -8.76216602
vt 0.57595903 -11.85225964
vt 0.62831903 -11.83417988
vt 0.57595903 -11.67922974
vt 0.62831903 -11.65211964
vt 0.57595903 -11.50621033
vt 0.62831903 -11.47004986
vt 0.57595903 -11.33318043
vt 0.62831903 -11.28798962
vt 0.57595903 -11.16016006
vt 0.62831903 -11.10591984
vt 0.57595903 -10.98713017
vt 0.62831903 -10.92385960
vt 0.57595903 -10.81410027
vt 0.62831903 -10.74178982
vt 0.57595903 -10.64107990
vt 0.62831903 -10.55972958
vt 0.57595903 -10.46805000
vt 0.62831903 -10.37767029
vt 0.57595903 -10.29502964
vt 0.62831903 -10.19559956
vt 0.57595903 -10.12199974
vt 0.62831903 -10.01354027
vt 0.57595903 -9.94897556
vt 0.62831903 -9.83147526
vt 0.57595903 -9.77595234
vt 0.62831903 -9.64941120
vt 0.57595903 -9.60292625
vt 0.62831903 -9.46734619
vt 0.57595903 -9.42990017
vt 0.62831903 -9.28528214
vt 0.57595903 -9.25687504
vt 0.62831903 -9.10321808
vt 0.57595903 -9.08384800
vt 0.62831903 -8.92115307
vt 0.57595903 -8.91082191
vt 0.62831903 -8.73908901
vt 0.57595903 -8.73898125
vt 0.57595903 -8.56477070
vt 0.52359903 -8.73887253
vt 0.62831903 -8.55702400
vt 0.57595903 -8.39174461
vt 0.52359903 -8.39174461
vt 0.62831903 -8.37495899
vt 0.57595903 -8.21872139
vt 0.62831903 -8.19289494
vt 0.57595903 -8.04569530
vt 0.62831903 -8.01083088
vt 0.57595903 -7.87266779
vt 0.62831903 -7.82876587
vt 0.57595903 -7.69964314
vt 0.62831903 -7.64670181
vt 0.57595903 -7.52661705
vt 0.62831903 -7.46463823
vt 0.57595903 -7.35359097
vt 0.62831903 -7.28257322
vt 0.57595903 -7.18056583
vt 0.62831903 -7.10050917
vt 0.57595903 -7.00754023
vt 0.62831903 -6.91844511
vt 0.57595903 -6.83451414
vt 0.62831903 -6.73638010
vt 0.57595903 -6.66148901
vt 0.62831903 -6.55431604
vt 0.57595903 -6.48846292
vt 0.62831903 -6.37225199
vt 0.57595903 -6.31543684
vt 0.62831903 -6.19018698
vt 0.57595903 -6.14241123
vt 0.62831903 -6.00812292
vt 0.57595903 -5.96938610
vt 0.62831903 -5.82605886
vt 0.57595903 -5.79636002
vt 0.62831903 -5.64399385
vt 0.57595903 -5.62333393
vt 0.62831903 -5.46192980
vt 0.57595903 -5.45030880
vt 0.62831903 -5.27986622
vt 0.57595903 -5.27728319
vt 0.57595903 -5.10425711
vt 0.62831903 -5.09780121
vt 0.57595903 -4.93123198
vt 0.62831903 -4.91573715
vt 0.57595903 -4.75820589
vt 0.62831903 -4.73367310
vt 0.57595903 -4.58517981
vt 0.62831903 -4.55160809
vt 0.57595903 -4.41215515
vt 0.62831903 -4.36954403
vt 0.57595903 -4.23912907
vt 0.62831903 -4.18747997
vt 0.57595903 -4.06610298
vt 0.62831903 -4.00541496
vt 0.57595903 -3.89307809
vt 0.62831903 -3.82335091
vt 0.57595903 -3.72005200
vt 0.62831903 -3.64128709
vt 0.57595903 -3.54702592
vt 0.62831903 -3.45922208
vt 0.57595903 -3.37400103
vt 0.62831903 -3.27715802
vt 0.57595903 -3.20097494
vt 0.62831903 -3.09509397
vt 0.57595903 -3.02794909
vt 0.62831903 -2.91302896
vt 0.57595903 -2.85492396
vt 0.62831903 -2.73096490
vt 0.57595903 -2.68189812
vt 0.62831903 -2.54890108
vt 0.57595903 -2.50887203
vt 0.62831903 -2.36683607
vt 0.57595903 -2.33584690
vt 0.62831903 -2.18477201
vt 0.57595903 -2.16282105
vt 0.62831903 -2.00270796
vt 0.57595903 -1.98979497
vt 0.62831903 -1.82064295
vt 0.57595903 -1.81676996
vt 0.57595903 -1.64374399
vt 0.62831903 -1.63857901
vt 0.57595903 -1.47071803
vt 0.62831903 -1.45651495
vt 0.57595903 -1.29769301
vt 0.62831903 -1.27444994
vt 0.57595903 -1.12466705
vt 0.62831903 -1.09238601
vt 0.57595903 -0.95164102
vt 0.62831903 -0.91032201
vt 0.57595903 -0.77861601
vt 0.62831903 -0.72825700
vt 0.57595903 -0.60558999
vt 0.62831903 -0.54619300
vt 0.57595903 -0.43256399
vt 0.62831903 -0.36412901
vt 0.57595903 -0.25953901
vt 0.62831903 -0.18206391
vt 0.57595903 -0.08651298
vt 0.62831903 0.00000000
vt 0.57595903 0.08651298
vt 0.62831903 0.18206391
vt 0.57595903 0.25953901
vt 0.62831903 0.36412901
vt 0.57595903 0.43256399
vt 0.62831903 0.54619300
vt 0.57595903 0.60558999
vt 0.62831903 0.72825700
vt 0.57595903 0.77861601
vt 0.62831903 0.91032201
vt 0.57595903 0.95164102
vt 0.62831903 1.09238601
vt 0.57595903 1.12466705
vt 0.62831903 1.27444994
vt 0.57595903 1.29769301
vt 0.62831903 1.45651495
vt 0.57595903 1.47071803
vt 0.62831903 1.63857901
vt 0.57595903 1.64374399
vt 0.62831903 1.82064295
vt 0.57595903 1.81676996
vt 0.57595903 1.98979497
vt 0.62831903 2.00270796
vt 0.57595903 2.16282105
vt 0.62831903 2.18477201
vt 0.57595903 2.33584690
vt 0.62831903 2.36683607
vt 0.57595903 2.50887203
vt 0.62831903 2.54890108
vt 0.57595903 2.68189812
vt 0.62831903 2.73096490
vt 0.57595903 2.85492396
vt 0.62831903 2.91302896
vt 0.57595903 3.02794909
vt 0.62831903 3.09509397
vt 0.57595903 3.20097494
vt 0.62831903 3.27715802
vt 0.57595903 3.37400103
vt 0.62831903 3.45922208
vt 0.57595903 3.54702592
vt 0.62831903 3.64128709
vt 0.57595903 3.72005200
vt 0.62831903 3.82335091
vt 0.57595903 3.89307809
vt 0.62831903 4.00541496
vt 0.57595903 4.06610298
vt 0.62831903 4.18747997
vt 0.57595903 4.23912907
vt 0.62831903 4.36954403
vt 0.57595903 4.41215515
vt 0.62831903 4.55160809
vt 0.57595903 4.58517981
vt 0.62831903 4.73367310
vt 0.57595903 4.75820589
vt 0.62831903 4.91573715
vt 0.57595903 4.93123198
vt 0.62831903 5.09780121
vt 0.57595903 5.10425711
vt 0.62831903 5.27986622
vt 0.57595903 5.27728319
vt 0.57595903 5.45030880
vt 0.62831903 5.46192980
vt 0.57595903 5.62333393
vt 0.62831903 5.64399385
vt 0.57595903 5.79636002
vt 0.62831903 5.82605886
vt 0.57595903 5.96938610
vt 0.62831903 6.00812292
vt 0.57595903 6.14241123
vt 0.62831903 6.19018698
vt 0.57595903 6.31543684
vt 0.62831903 6.37225199
vt 0.57595903 6.48846292
vt 0.62831903 6.55431604
vt 0.57595903 6.66148901
vt 0.62831903 6.73638010
vt 0.57595903 6.83451414
vt 0.62831903 6.91844511
vt 0.57595903 7.00754023
vt 0.62831903 7.10050917
vt 0.57595903 7.18056583
vt 0.62831903 7.28257322
vt 0.57595903 7.35359097
vt 0.62831903 7.46463823
vt 0.57595903 7.52661705
vt 0.62831903 7.64670181
vt 0.57595903 7.69964314
vt 0.62831903 7.82876587
vt 0.57595903 7.87266779
vt 0.62831903 8.01083088
vt 0.57595903 8.04569530
vt 0.62831903 8.19289494
vt 0.57595903 8.21872139
vt 0.52359903 8.39174461
vt 0.62831903 8.37495899
vt 0.57595903 8.39174461
vt 0.62831903 8.55702400
vt 0.57595903 8.56477070
vt 0.62831903 8.73908901
vt 0.57595903 8.73898125
vt 0.57595903 8.91082191
vt 0.62831903 8.92115307
vt 0.57595903 9.08384800
vt 0.62831903 9.10321808
vt 0.57595903 9.25687504
vt 0.62831903 9.28528214
vt 0.57595903 9.42990017
vt 0.62831903 9.46734619
vt 0.57595903 9.60292625
vt 0.62831903 9.64941120
vt 0.57595903 9.77595234
vt 0.62831903 9.83147526
vt 0.57595903 9.94897556
vt 0.62831903 10.01354027
vt 0.57595903 10.12199974
vt 0.62831903 10.19559956
vt 0.57595903 10.29502964
vt 0.62831903 10.37767029
vt 0.57595903 10.46805000
vt 0.62831903 10.55972958
vt 0.57595903 10.64107990
vt 0.62831903 10.74178982
vt 0.57595903 10.81410027
vt 0.62831903 10.92385960
vt 0.57595903 10.98713017
vt 0.62831903 11.10591984
vt 0.57595903 11.16016006
vt 0.62831903 11.28798962
vt 0.57595903 11.33318043
vt 0.62831903 11.47004986
vt 0.57595903 11.50621033
vt 0.62831903 11.65211964
vt 0.57595903 11.67922974
vt 0.62831903 11.83417988
vt 0.57595903 11.85225964
vt 0.62831903 12.01624966
vt 0.00000000 -12.02649975
vt 0.00000000 -12.19830990
vt 0.05235999 -12.19830990
vt 0.05235999 12.19830990
vt 0.00000000 12.19830990
vt 0.00000000 12.02649975
vt 0.05235999 12.02639961
vt 0.00000000 11.85470009
vt 0.00000000 11.68288994
vt 0.00000000 11.51107979
vt 0.00000000 11.33926964
vt 0.00000000 11.16746998
vt 0.00000000 10.99565983
vt 0.00000000 10.82384968
vt 0.00000000 10.65205002
vt 0.00000000 10.48023987
vt 0.00000000 10.30842972
vt 0.00000000 10.13661957
vt 0.00000000 9.96481800
vt 0.00000000 9.79300976
vt 0.00000000 9.62120342
vt 0.00000000 9.44939613
vt 0.00000000 9.27758789
vt 0.00000000 9.10578060
vt 0.00000000 8.93397522
vt 0.00000000 8.76216602
vt 0.00000000 8.59035873
vt 0.00000000 8.41855335
vt 0.00000000 8.24674606
vt 0.00000000 8.07493782
vt 0.00000000 7.90313101
vt 0.00000000 7.73132277
vt 0.00000000 7.55951595
vt 0.00000000 7.38770914
vt 0.00000000 7.21590185
vt 0.00000000 7.04409504
vt 0.00000000 6.87228680
vt 0.00000000 6.70047998
vt 0.00000000 6.52867317
vt 0.00000000 6.35686588
vt 0.00000000 6.18505907
vt 0.00000000 6.01325083
vt 0.00000000 5.84144402
vt 0.00000000 5.66963720
vt 0.00000000 5.49782991
vt 0.00000000 5.32602310
vt 0.00000000 5.15421581
vt 0.00000000 4.98240805
vt 0.00000000 4.81060123
vt 0.00000000 4.63879395
vt 0.00000000 4.46698713
vt 0.00000000 4.29517984
vt 0.00000000 4.12337208
vt 0.00000000 3.95156503
vt 0.00000000 3.77975798
vt 0.00000000 3.60795093
vt 0.00000000 3.43614411
vt 0.00000000 3.26433706
vt 0.00000000 3.09252906
vt 0.00000000 2.92072201
vt 0.00000000 2.74891496
vt 0.00000000 2.57710791
vt 0.00000000 2.40530109
vt 0.00000000 2.23349309
vt 0.00000000 2.06168604
vt 0.00000000 1.88987899
vt 0.00000000 1.71807206
vt 0.00000000 1.54626501
vt 0.00000000 1.37445700
vt 0.00000000 1.20264995
vt 0.00000000 1.03084302
vt 0.00000000 0.85903603
vt 0.00000000 0.68722898
vt 0.00000000 0.51542199
vt 0.00000000 0.34361401
vt 0.00000000 0.17180701
vt 0.00000000 0.00000000
vt 0.00000000 -0.17180701
vt 0.00000000 -0.34361401
vt 0.00000000 -0.51542199
vt 0.00000000 -0.68722898
vt 0.00000000 -0.85903603
vt 0.00000000 -1.03084302
vt 0.00000000 -1.20264995
vt 0.00000000 -1.37445700
vt 0.00000000 -1.54626501
vt 0.00000000 -1.71807206
vt 0.00000000 -1.88987899
vt 0.00000000 -2.06168604
vt 0.00000000 -2.23349309
vt 0.00000000 -2.40530109
vt 0.00000000 -2.57710791
vt 0.00000000 -2.74891496
vt 0.00000000 -2.92072201
vt 0.00000000 -3.09252906
vt 0.00000000 -3.26433706
vt 0.00000000 -3.43614411
vt 0.00000000 -3.60795093
vt 0.00000000 -3.77975798
vt 0.00000000 -3.95156503
vt 0.00000000 -4.12337208
vt 0.00000000 -4.29517984
vt 0.00000000 -4.46698713
vt 0.00000000 -4.63879395
vt 0.00000000 -4.81060123
vt 0.00000000 -4.98240805
vt 0.00000000 -5.15421581
vt 0.00000000 -5.32602310
vt 0.00000000 -5.49782991
vt 0.00000000 -5.66963720
vt 0.00000000 -5.84144402
vt 0.00000000 -6.01325083
vt 0.00000000 -6.18505907
vt 0.00000000 -6.35686588
vt 0.00000000 -6.52867317
vt 0.00000000 -6.70047998
vt 0.00000000 -6.87228680
vt 0.00000000 -7.04409504
vt 0.00000000 -7.21590185
vt 0.00000000 -7.38770914
vt 0.00000000 -7.55951595
vt 0.00000000 -7.73132277
vt 0.00000000 -7.90313101
vt 0.00000000 -8.07493782
vt 0.00000000 -8.24674606
vt 0.00000000 -8.41855335
vt 0.05235999 -8.91082191
vt 0.00000000 -8.93397522
vt 0.05235999 -9.08384800
vt 0.00000000 -9.10578060
vt 0.05235999 -9.25687504
vt 0.00000000 -9.27758789
vt 0.05235999 -9.42990017
vt 0.00000000 -9.44939613
vt 0.05235999 -9.60292625
vt 0.00000000 -9.62120342
vt 0.05235999 -9.77595234
vt 0.00000000 -9.79300976
vt 0.05235999 -9.94897556
vt 0.00000000 -9.96481800
vt 0.05235999 -10.12199974
vt 0.00000000 -10.13661957
vt 0.05235999 -10.29502964
vt 0.00000000 -10.30842972
vt 0.05235999 -10.46805000
vt 0.00000000 -10.48023987
vt 0.05235999 -10.64107990
vt 0.00000000 -10.65205002
vt 0.05235999 -10.81410027
vt 0.00000000 -10.82384968
vt 0.05235999 -10.98713017
vt 0.00000000 -10.99565983
vt 0.05235999 -11.16016006
vt 0.00000000 -11.16746998
vt 0.05235999 -11.33318043
vt 0.00000000 -11.33926964
vt 0.05235999 -11.50621033
vt 0.00000000 -11.51107979
vt 0.05235999 -11.67922974
vt 0.00000000 -11.68288994
vt 0.05235999 -11.85225964
vt 0.00000000 -11.85470009
vt 0.05235999 -12.02639961
vt 0.52359903 12.19830990
vt 0.47123900 12.02558994
vt 0.41887900 11.85225964
vt 0.41887900 11.67922974
vt 0.41887900 11.50621033
vt 0.41887900 11.33318043
vt 0.41887900 11.16016006
vt 0.41887900 10.98713017
vt 0.41887900 10.81410027
vt 0.41887900 10.64107990
vt 0.41887900 10.46805000
vt 0.41887900 10.29502964
vt 0.41887900 10.12199974
vt 0.41887900 9.94897556
vt 0.41887900 9.77595234
vt 0.41887900 9.60292625
vt 0.41887900 9.42990017
vt 0.41887900 9.25687504
vt 0.41887900 9.08384800
vt 0.41887900 8.91082191
vt 0.41887900 8.73865700
vt 0.41887900 8.56477070
vt 0.41887900 8.39174461
vt 0.41887900 8.21872139
vt 0.41887900 8.04569530
vt 0.41887900 7.87266779
vt 0.41887900 7.69964314
vt 0.41887900 7.52661705
vt 0.41887900 7.35359097
vt 0.41887900 7.18056583
vt 0.41887900 7.00754023
vt 0.41887900 6.83451414
vt 0.41887900 6.66148901
vt 0.41887900 6.48846292
vt 0.41887900 6.31543684
vt 0.41887900 6.14241123
vt 0.41887900 5.96938610
vt 0.41887900 5.79636002
vt 0.41887900 5.62333393
vt 0.41887900 5.45030880
vt 0.41887900 5.27728319
vt 0.41887900 5.10425711
vt 0.41887900 4.93123198
vt 0.41887900 4.75820589
vt 0.41887900 4.58517981
vt 0.41887900 4.41215515
vt 0.41887900 4.23912907
vt 0.41887900 4.06610298
vt 0.41887900 3.89307809
vt 0.41887900 3.72005200
vt 0.41887900 3.54702592
vt 0.41887900 3.37400103
vt 0.41887900 3.20097494
vt 0.41887900 3.02794909
vt 0.41887900 2.85492396
vt 0.41887900 2.68189812
vt 0.41887900 2.50887203
vt 0.41887900 2.33584690
vt 0.41887900 2.16282105
vt 0.41887900 1.98979497
vt 0.41887900 1.81676996
vt 0.41887900 1.64374399
vt 0.41887900 1.47071803
vt 0.41887900 1.29769301
vt 0.41887900 1.12466705
vt 0.41887900 0.95164102
vt 0.47123900 0.77861601
vt 0.41887900 0.77861601
vt 0.41887900 0.60558999
vt 0.41887900 0.43256399
vt 0.41887900 0.25953901
vt 0.41887900 0.08651298
vt 0.41887900 -0.08651298
vt 0.41887900 -0.25953901
vt 0.41887900 -0.43256399
vt 0.41887900 -0.60558999
vt 0.47123900 -0.77861601
vt 0.41887900 -0.77861601
vt 0.41887900 -0.95164102
vt 0.41887900 -1.12466705
vt 0.41887900 -1.29769301
vt 0.41887900 -1.47071803
vt 0.41887900 -1.64374399
vt 0.41887900 -1.81676996
vt 0.41887900 -1.98979497
vt 0.41887900 -2.16282105
vt 0.41887900 -2.33584690
vt 0.41887900 -2.50887203
vt 0.47123900 -2.68189812
vt 0.41887900 -2.68189812
vt 0.41887900 -2.85492396
vt 0.41887900 -3.02794909
vt 0.41887900 -3.20097494
vt 0.41887900 -3.37400103
vt 0.41887900 -3.54702592
vt 0.41887900 -3.72005200
vt 0.41887900 -3.89307809
vt 0.41887900 -4.06610298
vt 0.41887900 -4.23912907
vt 0.41887900 -4.41215515
vt 0.41887900 -4.58517981
vt 0.41887900 -4.75820589
vt 0.41887900 -4.93123198
vt 0.41887900 -5.10425711
vt 0.41887900 -5.27728319
vt 0.41887900 -5.45030880
vt 0.41887900 -5.62333393
vt 0.41887900 -5.79636002
vt 0.41887900 -5.96938610
vt 0.41887900 -6.14241123
vt 0.41887900 -6.31543684
vt 0.41887900 -6.48846292
vt 0.41887900 -6.66148901
vt 0.41887900 -6.83451414
vt 0.41887900 -7.00754023
vt 0.41887900 -7.18056583
vt 0.41887900 -7.35359097
vt 0.41887900 -7.52661705
vt 0.41887900 -7.69964314
vt 0.41887900 -7.87266779
vt 0.41887900 -8.04569530
vt 0.41887900 -8.21872139
vt 0.41887900 -8.39174461
vt 0.41887900 -8.56477070
vt 0.36651900 -8.73855114
vt 0.31415901 -8.91082191
vt 0.31415901 -9.08384800
vt 0.31415901 -9.25687504
vt 0.31415901 -9.42990017
vt 0.31415901 -9.60292625
vt 0.31415901 -9.77595234
vt 0.31415901 -9.94897556
vt 0.31415901 -10.12199974
vt 0.31415901 -10.29502964
vt 0.31415901 -10.46805000
vt 0.31415901 -10.64107990
vt 0.31415901 -10.81410027
vt 0.31415901 -10.98713017
vt 0.31415901 -11.16016006
vt 0.31415901 -11.33318043
vt 0.31415901 -11.50621033
vt 0.31415901 -11.67922974
vt 0.31415901 -11.85225964
vt 0.31415901 -12.02589035
vt 0.31415901 -12.19830990
vt 0.31415901 12.19830990
vt 0.26179901 12.02600002
vt 0.20943990 11.85225964
vt 0.20943990 11.67922974
vt 0.20943990 11.50621033
vt 0.20943990 11.33318043
vt 0.20943990 11.16016006
vt 0.20943990 10.98713017
vt 0.20943990 10.81410027
vt 0.20943990 10.64107990
vt 0.20943990 10.46805000
vt 0.20943990 10.29502964
vt 0.20943990 10.12199974
vt 0.20943990 9.94897556
vt 0.20943990 9.77595234
vt 0.20943990 9.60292625
vt 0.20943990 9.42990017
vt 0.20943990 9.25687504
vt 0.20943990 9.08384800
vt 0.20943990 8.91082191
vt 0.20943990 8.73822689
vt 0.20943990 8.56477070
vt 0.20943990 8.39174461
vt 0.20943990 8.21872139
vt 0.20943990 8.04569530
vt 0.20943990 7.87266779
vt 0.20943990 7.69964314
vt 0.20943990 7.52661705
vt 0.20943990 7.35359097
vt 0.20943990 7.18056583
vt 0.20943990 7.00754023
vt 0.20943990 6.83451414
vt 0.20943990 6.66148901
vt 0.20943990 6.48846292
vt 0.20943990 6.31543684
vt 0.20943990 6.14241123
vt 0.20943990 5.96938610
vt 0.20943990 5.79636002
vt 0.20943990 5.62333393
vt 0.20943990 5.45030880
vt 0.20943990 5.27728319
vt 0.20943990 5.10425711
vt 0.20943990 4.93123198
vt 0.20943990 4.75820589
vt 0.20943990 4.58517981
vt 0.20943990 4.41215515
vt 0.20943990 4.23912907
vt 0.20943990 4.06610298
vt 0.20943990 3.89307809
vt 0.20943990 3.72005200
vt 0.20943990 3.54702592
vt 0.20943990 3.37400103
vt 0.20943990 3.20097494
vt 0.20943990 3.02794909
vt 0.20943990 2.85492396
vt 0.20943990 2.68189812
vt 0.20943990 2.50887203
vt 0.20943990 2.33584690
vt 0.20943990 2.16282105
vt 0.20943990 1.98979497
vt 0.20943990 1.81676996
vt 0.20943990 1.64374399
vt 0.20943990 1.47071803
vt 0.20943990 1.29769301
vt 0.20943990 1.12466705
vt 0.20943990 0.95164102
vt 0.20943990 0.77861601
vt 0.20943990 0.60558999
vt 0.20943990 0.43256399
vt 0.20943990 0.25953901
vt 0.20943990 0.08651298
vt 0.20943990 -0.08651298
vt 0.20943990 -0.25953901
vt 0.20943990 -0.43256399
vt 0.20943990 -0.60558999
vt 0.20943990 -0.77861601
vt 0.20943990 -0.95164102
vt 0.20943990 -1.12466705
vt 0.20943990 -1.29769301
vt 0.20943990 -1.47071803
vt 0.20943990 -1.64374399
vt 0.20943990 -1.81676996
vt 0.20943990 -1.98979497
vt 0.20943990 -2.16282105
vt 0.20943990 -2.33584690
vt 0.20943990 -2.50887203
vt 0.20943990 -2.68189812
vt 0.20943990 -2.85492396
vt 0.20943990 -3.02794909
vt 0.20943990 -3.20097494
vt 0.20943990 -3.37400103
vt 0.20943990 -3.54702592
vt 0.20943990 -3.72005200
vt 0.20943990 -3.89307809
vt 0.20943990 -4.06610298
vt 0.20943990 -4.23912907
vt 0.20943990 -4.41215515
vt 0.20943990 -4.58517981
vt 0.20943990 -4.75820589
vt 0.20943990 -4.93123198
vt 0.20943990 -5.10425711
vt 0.20943990 -5.27728319
vt 0.20943990 -5.45030880
vt 0.20943990 -5.62333393
vt 0.20943990 -5.79636002
vt 0.20943990 -5.96938610
vt 0.20943990 -6.14241123
vt 0.20943990 -6.31543684
vt 0.20943990 -6.48846292
vt 0.20943990 -6.66148901
vt 0.20943990 -6.83451414
vt 0.20943990 -7.00754023
vt 0.20943990 -7.18056583
vt 0.20943990 -7.35359097
vt 0.20943990 -7.52661705
vt 0.20943990 -7.69964314
vt 0.20943990 -7.87266779
vt 0.20943990 -8.04569530
vt 0.20943990 -8.21872139
vt 0.20943990 -8.39174461
vt 0.20943990 -8.56477070
vt 0.15707991 -8.73812008
vt 0.10471990 -8.91082191
vt 0.10471990 -9.08384800
vt 0.10471990 -9.25687504
vt 0.10471990 -9.42990017
vt 0.10471990 -9.60292625
vt 0.10471990 -9.77595234
vt 0.10471990 -9.94897556
vt 0.10471990 -10.12199974
vt 0.10471990 -10.29502964
vt 0.10471990 -10.46805000
vt 0.10471990 -10.64107990
vt 0.10471990 -10.81410027
vt 0.10471990 -10.98713017
vt 0.10471990 -11.16016006
vt 0.10471990 -11.33318043
vt 0.10471990 -11.50621033
vt 0.10471990 -11.67922974
vt 0.10471990 -11.85225964
vt 0.10471990 -12.02630043
vt 0.10471990 -12.19830990
vt 0.10471990 12.19830990
vt 0.47123900 12.19830990
vt 0.41887900 12.02569008
vt 0.36651900 11.85225964
vt 0.36651900 11.67922974
vt 0.36651900 11.50621033
vt 0.36651900 11.33318043
vt 0.36651900 11.16016006
vt 0.36651900 10.98713017
vt 0.36651900 10.81410027
vt 0.36651900 10.64107990
vt 0.36651900 10.46805000
vt 0.36651900 10.29502964
vt 0.36651900 10.12199974
vt 0.36651900 9.94897556
vt 0.36651900 9.77595234
vt 0.36651900 9.60292625
vt 0.36651900 9.42990017
vt 0.36651900 9.25687504
vt 0.36651900 9.08384800
vt 0.36651900 8.91082191
vt 0.36651900 8.73855114
vt 0.36651900 8.56477070
vt 0.36651900 8.39174461
vt 0.36651900 8.21872139
vt 0.36651900 8.04569530
vt 0.36651900 7.87266779
vt 0.36651900 7.69964314
vt 0.36651900 7.52661705
vt 0.36651900 7.35359097
vt 0.36651900 7.18056583
vt 0.36651900 7.00754023
vt 0.36651900 6.83451414
vt 0.36651900 6.66148901
vt 0.36651900 6.48846292
vt 0.36651900 6.31543684
vt 0.36651900 6.14241123
vt 0.36651900 5.96938610
vt 0.36651900 5.79636002
vt 0.36651900 5.62333393
vt 0.36651900 5.45030880
vt 0.36651900 5.27728319
vt 0.36651900 5.10425711
vt 0.36651900 4.93123198
vt 0.36651900 4.75820589
vt 0.36651900 4.58517981
vt 0.36651900 4.41215515
vt 0.36651900 4.23912907
vt 0.36651900 4.06610298
vt 0.36651900 3.89307809
vt 0.36651900 3.72005200
vt 0.36651900 3.54702592
vt 0.36651900 3.37400103
vt 0.36651900 3.20097494
vt 0.36651900 3.02794909
vt 0.36651900 2.85492396
vt 0.36651900 2.68189812
vt 0.36651900 2.50887203
vt 0.36651900 2.33584690
vt 0.36651900 2.16282105
vt 0.36651900 1.98979497
vt 0.36651900 1.81676996
vt 0.36651900 1.64374399
vt 0.36651900 1.47071803
vt 0.36651900 1.29769301
vt 0.36651900 1.12466705
vt 0.36651900 0.95164102
vt 0.36651900 0.77861601
vt 0.36651900 0.60558999
vt 0.36651900 0.43256399
vt 0.36651900 0.25953901
vt 0.36651900 0.08651298
vt 0.36651900 -0.08651298
vt 0.36651900 -0.25953901
vt 0.36651900 -0.43256399
vt 0.36651900 -0.60558999
vt 0.36651900 -0.77861601
vt 0.36651900 -0.95164102
vt 0.36651900 -1.12466705
vt 0.36651900 -1.29769301
vt 0.36651900 -1.47071803
vt 0.36651900 -1.64374399
vt 0.36651900 -1.81676996
vt 0.36651900 -1.98979497
vt 0.36651900 -2.16282105
vt 0.36651900 -2.33584690
vt 0.36651900 -2.50887203
vt 0.36651900 -2.68189812
vt 0.36651900 -2.85492396
vt 0.36651900 -3.02794909
vt 0.36651900 -3.20097494
vt 0.36651900 -3.37400103
vt 0.36651900 -3.54702592
vt 0.36651900 -3.72005200
vt 0.36651900 -3.89307809
vt 0.36651900 -4.06610298
vt 0.36651900 -4.23912907
vt 0.36651900 -4.41215515
vt 0.36651900 -4.58517981
vt 0.36651900 -4.75820589
vt 0.36651900 -4.93123198
vt 0.36651900 -5.10425711
vt 0.36651900 -5.27728319
vt 0.36651900 -5.45030880
vt 0.36651900 -5.62333393
vt 0.36651900 -5.79636002
vt 0.36651900 -5.96938610
vt 0.36651900 -6.14241123
vt 0.36651900 -6.31543684
vt 0.36651900 -6.48846292
vt 0.36651900 -6.66148901
vt 0.36651900 -6.83451414
vt 0.36651900 -7.00754023
vt 0.36651900 -7.18056583
vt 0.36651900 -7.35359097
vt 0.36651900 -7.52661705
vt 0.36651900 -7.69964314
vt 0.36651900 -7.87266779
vt 0.36651900 -8.04569530
vt 0.36651900 -8.21872139
vt 0.36651900 -8.39174461
vt 0.36651900 -8.56477070
vt 0.31415901 -8.73844337
vt 0.26179901 -8.91082191
vt 0.26179901 -9.08384800
vt 0.26179901 -9.25687504
vt 0.26179901 -9.42990017
vt 0.26179901 -9.60292625
vt 0.26179901 -9.77595234
vt 0.26179901 -9.94897556
vt 0.26179901 -10.12199974
vt 0.26179901 -10.29502964
vt 0.26179901 -10.46805000
vt 0.26179901 -10.64107990
vt 0.26179901 -10.81410027
vt 0.26179901 -10.98713017
vt 0.26179901 -11.16016006
vt 0.26179901 -11.33318043
vt 0.26179901 -11.50621033
vt 0.26179901 -11.67922974
vt 0.26179901 -11.85225964
vt 0.26179901 -12.02600002
vt 0.26179901 -12.19830990
vt 0.26179901 12.19830990
vt 0.20943990 12.02610016
vt 0.15707991 11.85225964
vt 0.15707991 11.67922974
vt 0.15707991 11.50621033
vt 0.15707991 11.33318043
vt 0.15707991 11.16016006
vt 0.15707991 10.98713017
vt 0.15707991 10.81410027
vt 0.15707991 10.64107990
vt 0.15707991 10.46805000
vt 0.15707991 10.29502964
vt 0.15707991 10.12199974
vt 0.15707991 9.94897556
vt 0.15707991 9.77595234
vt 0.15707991 9.60292625
vt 0.15707991 9.42990017
vt 0.15707991 9.25687504
vt 0.15707991 9.08384800
vt 0.15707991 8.91082191
vt 0.15707991 8.73812008
vt 0.15707991 8.56477070
vt 0.15707991 8.39174461
vt 0.15707991 8.21872139
vt 0.15707991 8.04569530
vt 0.15707991 7.87266779
vt 0.15707991 7.69964314
vt 0.15707991 7.52661705
vt 0.15707991 7.35359097
vt 0.15707991 7.18056583
vt 0.15707991 7.00754023
vt 0.15707991 6.83451414
vt 0.15707991 6.66148901
vt 0.15707991 6.48846292
vt 0.15707991 6.31543684
vt 0.15707991 6.14241123
vt 0.15707991 5.96938610
vt 0.15707991 5.79636002
vt 0.15707991 5.62333393
vt 0.15707991 5.45030880
vt 0.15707991 5.27728319
vt 0.15707991 5.10425711
vt 0.15707991 4.93123198
vt 0.15707991 4.75820589
vt 0.15707991 4.58517981
vt 0.15707991 4.41215515
vt 0.15707991 4.23912907
vt 0.15707991 4.06610298
vt 0.15707991 3.89307809
vt 0.15707991 3.72005200
vt 0.15707991 3.54702592
vt 0.15707991 3.37400103
vt 0.15707991 3.20097494
vt 0.15707991 3.02794909
vt 0.15707991 2.85492396
vt 0.15707991 2.68189812
vt 0.15707991 2.50887203
vt 0.15707991 2.33584690
vt 0.15707991 2.16282105
vt 0.15707991 1.98979497
vt 0.15707991 1.81676996
vt 0.15707991 1.64374399
vt 0.15707991 1.47071803
vt 0.15707991 1.29769301
vt 0.15707991 1.12466705
vt 0.15707991 0.95164102
vt 0.15707991 0.77861601
vt 0.15707991 0.60558999
vt 0.15707991 0.43256399
vt 0.15707991 0.25953901
vt 0.15707991 0.08651298
vt 0.15707991 -0.08651298
vt 0.15707991 -0.25953901
vt 0.15707991 -0.43256399
vt 0.15707991 -0.60558999
vt 0.15707991 -0.77861601
vt 0.15707991 -0.95164102
vt 0.15707991 -1.12466705
vt 0.15707991 -1.29769301
vt 0.15707991 -1.47071803
vt 0.15707991 -1.64374399
vt 0.15707991 -1.81676996
vt 0.15707991 -1.98979497
vt 0.15707991 -2.16282105
vt 0.15707991 -2.33584690
vt 0.15707991 -2.50887203
vt 0.15707991 -2.68189812
vt 0.15707991 -2.85492396
vt 0.15707991 -3.02794909
vt 0.15707991 -3.20097494
vt 0.15707991 -3.37400103
vt 0.15707991 -3.54702592
vt 0.15707991 -3.72005200
vt 0.15707991 -3.89307809
vt 0.15707991 -4.06610298
vt 0.15707991 -4.23912907
vt 0.15707991 -4.41215515
vt 0.15707991 -4.58517981
vt 0.15707991 -4.75820589
vt 0.15707991 -4.93123198
vt 0.15707991 -5.10425711
vt 0.15707991 -5.27728319
vt 0.15707991 -5.45030880
vt 0.15707991 -5.62333393
vt 0.15707991 -5.79636002
vt 0.15707991 -5.96938610
vt 0.15707991 -6.14241123
vt 0.15707991 -6.31543684
vt 0.15707991 -6.48846292
vt 0.15707991 -6.66148901
vt 0.15707991 -6.83451414
vt 0.15707991 -7.00754023
vt 0.15707991 -7.18056583
vt 0.15707991 -7.35359097
vt 0.15707991 -7.52661705
vt 0.15707991 -7.69964314
vt 0.15707991 -7.87266779
vt 0.15707991 -8.04569530
vt 0.15707991 -8.21872139
vt 0.15707991 -8.39174461
vt 0.15707991 -8.56477070
vt 0.10471990 -8.73801327
vt 0.52359903 -12.19830990
vt 0.52359903 -12.02548981
vt 0.52359903 -11.85225964
vt 0.52359903 -11.67922974
vt 0.52359903 -11.50621033
vt 0.52359903 -11.33318043
vt 0.52359903 -11.16016006
vt 0.52359903 -10.98713017
vt 0.52359903 -10.81410027
vt 0.52359903 -10.64107990
vt 0.52359903 -10.46805000
vt 0.52359903 -10.29502964
vt 0.52359903 -10.12199974
vt 0.52359903 -9.94897556
vt 0.52359903 -9.77595234
vt 0.52359903 -9.60292625
vt 0.52359903 -9.42990017
vt 0.52359903 -9.25687504
vt 0.52359903 -9.08384800
vt 0.52359903 -8.91082191
vt 0.36651900 0.43256399
vt 0.36651900 -0.43256399
vt 0.47123900 -12.19830990
vt 0.47123900 -12.02558994
vt 0.47123900 -11.85225964
vt 0.47123900 -11.67922974
vt 0.47123900 -11.50621033
vt 0.47123900 -11.33318043
vt 0.47123900 -11.16016006
vt 0.47123900 -10.98713017
vt 0.47123900 -10.81410027
vt 0.47123900 -10.64107990
vt 0.47123900 -10.46805000
vt 0.47123900 -10.29502964
vt 0.47123900 -10.12199974
vt 0.47123900 -9.94897556
vt 0.47123900 -9.77595234
vt 0.47123900 -9.60292625
vt 0.47123900 -9.42990017
vt 0.47123900 -9.25687504
vt 0.47123900 -9.08384800
vt 0.47123900 -8.91082191
vt 0.62831903 -12.01624966
vt 0.57595903 -12.02538967
vt 0.62831903 -12.19830990
vt 0.57595903 -12.19830990
vt 0.62831903 12.19830990
vt 0.57595903 12.19830990
vt 0.57595903 12.02538967
vt 0.52359903 12.02548981
vt 0.52359903 11.85225964
vt 0.47123900 11.85225964
vt 0.52359903 11.67922974
vt 0.47123900 11.67922974
vt 0.52359903 11.50621033
vt 0.47123900 11.50621033
vt 0.52359903 11.33318043
vt 0.47123900 11.33318043
vt 0.52359903 11.16016006
vt 0.47123900 11.16016006
vt 0.52359903 10.98713017
vt 0.47123900 10.98713017
vt 0.52359903 10.81410027
vt 0.47123900 10.81410027
vt 0.52359903 10.64107990
vt 0.47123900 10.64107990
vt 0.52359903 10.46805000
vt 0.47123900 10.46805000
vt 0.52359903 10.29502964
vt 0.47123900 10.29502964
vt 0.52359903 10.12199974
vt 0.47123900 10.12199974
vt 0.52359903 9.94897556
vt 0.47123900 9.94897556
vt 0.52359903 9.77595234
vt 0.47123900 9.77595234
vt 0.52359903 9.60292625
vt 0.47123900 9.60292625
vt 0.52359903 9.42990017
vt 0.47123900 9.42990017
vt 0.52359903 9.25687504
vt 0.47123900 9.25687504
vt 0.52359903 9.08384800
vt 0.47123900 9.08384800
vt 0.52359903 8.91082191
vt 0.47123900 8.91082191
vt 0.52359903 8.73887253
vt 0.47123900 8.73876476
vt 0.52359903 8.56477070
vt 0.47123900 8.56477070
vt 0.52359903 8.39174461
vt 0.47123900 8.39174461
vt 0.52359903 8.21872139
vt 0.47123900 8.21872139
vt 0.52359903 8.04569530
vt 0.47123900 8.04569530
vt 0.52359903 7.87266779
vt 0.47123900 7.87266779
vt 0.52359903 7.69964314
vt 0.47123900 7.69964314
vt 0.52359903 7.52661705
vt 0.47123900 7.52661705
vt 0.52359903 7.35359097
vt 0.47123900 7.35359097
vt 0.52359903 7.18056583
vt 0.47123900 7.18056583
vt 0.52359903 7.00754023
vt 0.47123900 7.00754023
vt 0.52359903 6.83451414
vt 0.47123900 6.83451414
vt 0.52359903 6.66148901
vt 0.47123900 6.66148901
vt 0.52359903 6.48846292
vt 0.47123900 6.48846292
vt 0.52359903 6.31543684
vt 0.47123900 6.31543684
vt 0.52359903 6.14241123
vt 0.47123900 6.14241123
vt 0.52359903 5.96938610
vt 0.47123900 5.96938610
vt 0.52359903 5.79636002
vt 0.47123900 5.79636002
vt 0.52359903 5.62333393
vt 0.47123900 5.62333393
vt 0.52359903 5.45030880
vt 0.47123900 5.45030880
vt 0.52359903 5.27728319
vt 0.47123900 5.27728319
vt 0.52359903 5.10425711
vt 0.47123900 5.10425711
vt 0.52359903 4.93123198
vt 0.47123900 4.93123198
vt 0.52359903 4.75820589
vt 0.47123900 4.75820589
vt 0.52359903 4.58517981
vt 0.47123900 4.58517981
vt 0.52359903 4.41215515
vt 0.47123900 4.41215515
vt 0.52359903 4.23912907
vt 0.47123900 4.23912907
vt 0.52359903 4.06610298
vt 0.47123900 4.06610298
vt 0.52359903 3.89307809
vt 0.47123900 3.89307809
vt 0.52359903 3.72005200
vt 0.47123900 3.72005200
vt 0.52359903 3.54702592
vt 0.47123900 3.54702592
vt 0.52359903 3.37400103
vt 0.47123900 3.37400103
vt 0.52359903 3.20097494
vt 0.47123900 3.20097494
vt 0.52359903 3.02794909
vt 0.47123900 3.02794909
vt 0.52359903 2.85492396
vt 0.47123900 2.85492396
vt 0.52359903 2.68189812
vt 0.47123900 2.68189812
vt 0.52359903 2.50887203
vt 0.47123900 2.50887203
vt 0.52359903 2.33584690
vt 0.47123900 2.33584690
vt 0.52359903 2.16282105
vt 0.47123900 2.16282105
vt 0.52359903 1.98979497
vt 0.47123900 1.98979497
vt 0.52359903 1.81676996
vt 0.47123900 1.81676996
vt 0.52359903 1.64374399
vt 0.47123900 1.64374399
vt 0.52359903 1.47071803
vt 0.47123900 1.47071803
vt 0.52359903 1.29769301
vt 0.47123900 1.29769301
vt 0.52359903 1.12466705
vt 0.47123900 1.12466705
vt 0.52359903 0.95164102
vt 0.47123900 0.95164102
vt 0.52359903 0.77861601
vt 0.47123900 0.77861601
vt 0.52359903 0.60558999
vt 0.47123900 0.60558999
vt 0.52359903 0.43256399
vt 0.47123900 0.43256399
vt 0.52359903 0.25953901
vt 0.47123900 0.25953901
vt 0.52359903 0.08651298
vt 0.47123900 0.08651298
vt 0.52359903 -0.08651298
vt 0.47123900 -0.08651298
vt 0.52359903 -0.25953901
vt 0.47123900 -0.25953901
vt 0.52359903 -0.43256399
vt 0.47123900 -0.43256399
vt 0.52359903 -0.60558999
vt 0.47123900 -0.60558999
vt 0.52359903 -0.77861601
vt 0.47123900 -0.77861601
vt 0.47123900 -0.77861601
vt 0.52359903 -0.95164102
vt 0.47123900 -0.95164102
vt 0.52359903 -1.12466705
vt 0.47123900 -1.12466705
vt 0.52359903 -1.29769301
vt 0.47123900 -1.29769301
vt 0.52359903 -1.47071803
vt 0.47123900 -1.47071803
vt 0.52359903 -1.64374399
vt 0.47123900 -1.64374399
vt 0.52359903 -1.81676996
vt 0.47123900 -1.81676996
vt 0.52359903 -1.98979497
vt 0.47123900 -1.98979497
vt 0.52359903 -2.16282105
vt 0.47123900 -2.16282105
vt 0.52359903 -2.33584690
vt 0.47123900 -2.33584690
vt 0.52359903 -2.50887203
vt 0.47123900 -2.50887203
vt 0.52359903 -2.68189812
vt 0.47123900 -2.68189812
vt 0.52359903 -2.85492396
vt 0.47123900 -2.85492396
vt 0.52359903 -3.02794909
vt 0.47123900 -3.02794909
vt 0.52359903 -3.20097494
vt 0.47123900 -3.20097494
vt 0.52359903 -3.37400103
vt 0.47123900 -3.37400103
vt 0.52359903 -3.54702592
vt 0.47123900 -3.54702592
vt 0.52359903 -3.72005200
vt 0.47123900 -3.72005200
vt 0.52359903 -3.89307809
vt 0.47123900 -3.89307809
vt 0.52359903 -4.06610298
vt 0.47123900 -4.06610298
vt 0.52359903 -4.23912907
vt 0.47123900 -4.23912907
vt 0.52359903 -4.41215515
vt 0.47123900 -4.41215515
vt 0.52359903 -4.58517981
vt 0.47123900 -4.58517981
vt 0.52359903 -4.75820589
vt 0.47123900 -4.75820589
vt 0.52359903 -4.93123198
vt 0.47123900 -4.93123198
vt 0.52359903 -5.10425711
vt 0.47123900 -5.10425711
vt 0.52359903 -5.27728319
vt 0.47123900 -5.27728319
vt 0.52359903 -5.45030880
vt 0.47123900 -5.45030880
vt 0.52359903 -5.62333393
vt 0.47123900 -5.62333393
vt 0.52359903 -5.79636002
vt 0.47123900 -5.79636002
vt 0.52359903 -5.96938610
vt 0.47123900 -5.96938610
vt 0.52359903 -6.14241123
vt 0.47123900 -6.14241123
vt 0.52359903 -6.31543684
vt 0.47123900 -6.31543684
vt 0.52359903 -6.48846292
vt 0.47123900 -6.48846292
vt 0.52359903 -6.66148901
vt 0.47123900 -6.66148901
vt 0.52359903 -6.83451414
vt 0.47123900 -6.83451414
vt 0.52359903 -7.00754023
vt 0.47123900 -7.00754023
vt 0.52359903 -7.18056583
vt 0.47123900 -7.18056583
vt 0.52359903 -7.35359097
vt 0.47123900 -7.35359097
vt 0.52359903 -7.52661705
vt 0.47123900 -7.52661705
vt 0.52359903 -7.69964314
vt 0.47123900 -7.69964314
vt 0.52359903 -7.87266779
vt 0.47123900 -7.87266779
vt 0.52359903 -8.04569530
vt 0.47123900 -8.04569530
vt 0.52359903 -8.21872139
vt 0.47123900 -8.21872139
vt 0.52359903 -8.39174461
vt 0.47123900 -8.39174461
vt 0.52359903 -8.56477070
vt 0.47123900 -8.56477070
vt 0.47123900 -8.73876476
vt 0.41887900 -8.73865700
vt 0.41887900 -8.91082191
vt 0.36651900 -8.91082191
vt 0.41887900 -9.08384800
vt 0.36651900 -9.08384800
vt 0.41887900 -9.25687504
vt 0.36651900 -9.25687504
vt 0.41887900 -9.42990017
vt 0.36651900 -9.42990017
vt 0.41887900 -9.60292625
vt 0.36651900 -9.60292625
vt 0.41887900 -9.77595234
vt 0.36651900 -9.77595234
vt 0.41887900 -9.94897556
vt 0.36651900 -9.94897556
vt 0.41887900 -10.12199974
vt 0.36651900 -10.12199974
vt 0.41887900 -10.29502964
vt 0.36651900 -10.29502964
vt 0.41887900 -10.46805000
vt 0.36651900 -10.46805000
vt 0.41887900 -10.64107990
vt 0.36651900 -10.64107990
vt 0.41887900 -10.81410027
vt 0.36651900 -10.81410027
vt 0.41887900 -10.98713017
vt 0.36651900 -10.98713017
vt 0.41887900 -11.16016006
vt 0.36651900 -11.16016006
vt 0.41887900 -11.33318043
vt 0.36651900 -11.33318043
vt 0.41887900 -11.50621033
vt 0.36651900 -11.50621033
vt 0.41887900 -11.67922974
vt 0.36651900 -11.67922974
vt 0.41887900 -11.85225964
vt 0.36651900 -11.85225964
vt 0.41887900 -12.02569008
vt 0.36651900 -12.02579021
vt 0.41887900 -12.19830990
vt 0.36651900 -12.19830990
vt 0.41887900 12.19830990
vt 0.36651900 12.19830990
vt 0.36651900 12.02579021
vt 0.31415901 12.02589035
vt 0.31415901 11.85225964
vt 0.26179901 11.85225964
vt 0.31415901 11.67922974
vt 0.26179901 11.67922974
vt 0.31415901 11.50621033
vt 0.26179901 11.50621033
vt 0.31415901 11.33318043
vt 0.26179901 11.33318043
vt 0.31415901 11.16016006
vt 0.26179901 11.16016006
vt 0.31415901 10.98713017
vt 0.26179901 10.98713017
vt 0.31415901 10.81410027
vt 0.26179901 10.81410027
vt 0.31415901 10.64107990
vt 0.26179901 10.64107990
vt 0.31415901 10.46805000
vt 0.26179901 10.46805000
vt 0.31415901 10.29502964
vt 0.26179901 10.29502964
vt 0.31415901 10.12199974
vt 0.26179901 10.12199974
vt 0.31415901 9.94897556
vt 0.26179901 9.94897556
vt 0.31415901 9.77595234
vt 0.26179901 9.77595234
vt 0.31415901 9.60292625
vt 0.26179901 9.60292625
vt 0.31415901 9.42990017
vt 0.26179901 9.42990017
vt 0.31415901 9.25687504
vt 0.26179901 9.25687504
vt 0.31415901 9.08384800
vt 0.26179901 9.08384800
vt 0.31415901 8.91082191
vt 0.26179901 8.91082191
vt 0.31415901 8.73844337
vt 0.26179901 8.73833466
vt 0.31415901 8.56477070
vt 0.26179901 8.56477070
vt 0.31415901 8.39174461
vt 0.26179901 8.39174461
vt 0.31415901 8.21872139
vt 0.26179901 8.21872139
vt 0.31415901 8.04569530
vt 0.26179901 8.04569530
vt 0.31415901 7.87266779
vt 0.26179901 7.87266779
vt 0.31415901 7.69964314
vt 0.26179901 7.69964314
vt 0.31415901 7.52661705
vt 0.26179901 7.52661705
vt 0.31415901 7.35359097
vt 0.26179901 7.35359097
vt 0.31415901 7.18056583
vt 0.26179901 7.18056583
vt 0.31415901 7.00754023
vt 0.26179901 7.00754023
vt 0.31415901 6.83451414
vt 0.26179901 6.83451414
vt 0.31415901 6.66148901
vt 0.26179901 6.66148901
vt 0.31415901 6.48846292
vt 0.26179901 6.48846292
vt 0.31415901 6.31543684
vt 0.26179901 6.31543684
vt 0.31415901 6.14241123
vt 0.26179901 6.14241123
vt 0.31415901 5.96938610
vt 0.26179901 5.96938610
vt 0.31415901 5.79636002
vt 0.26179901 5.79636002
vt 0.31415901 5.62333393
vt 0.26179901 5.62333393
vt 0.31415901 5.45030880
vt 0.26179901 5.45030880
vt 0.31415901 5.27728319
vt 0.26179901 5.27728319
vt 0.31415901 5.10425711
vt 0.26179901 5.10425711
vt 0.31415901 4.93123198
vt 0.26179901 4.93123198
vt 0.31415901 4.75820589
vt 0.26179901 4.75820589
vt 0.31415901 4.58517981
vt 0.26179901 4.58517981
vt 0.31415901 4.41215515
vt 0.26179901 4.41215515
vt 0.31415901 4.23912907
vt 0.26179901 4.23912907
vt 0.31415901 4.06610298
vt 0.26179901 4.06610298
vt 0.31415901 3.89307809
vt 0.26179901 3.89307809
vt 0.31415901 3.72005200
vt 0.26179901 3.72005200
vt 0.31415901 3.54702592
vt 0.26179901 3.54702592
vt 0.31415901 3.37400103
vt 0.26179901 3.37400103
vt 0.31415901 3.20097494
vt 0.26179901 3.20097494
vt 0.31415901 3.02794909
vt 0.26179901 3.02794909
vt 0.31415901 2.85492396
vt 0.26179901 2.85492396
vt 0.31415901 2.68189812
vt 0.26179901 2.68189812
vt 0.31415901 2.50887203
vt 0.26179901 2.50887203
vt 0.31415901 2.33584690
vt 0.26179901 2.33584690
vt 0.31415901 2.16282105
vt 0.26179901 2.16282105
vt 0.31415901 1.98979497
vt 0.26179901 1.98979497
vt 0.31415901 1.81676996
vt 0.26179901 1.81676996
vt 0.31415901 1.64374399
vt 0.26179901 1.64374399
vt 0.31415901 1.47071803
vt 0.26179901 1.47071803
vt 0.31415901 1.29769301
vt 0.26179901 1.29769301
vt 0.31415901 1.12466705
vt 0.26179901 1.12466705
vt 0.31415901 0.95164102
vt 0.26179901 0.95164102
vt 0.31415901 0.77861601
vt 0.26179901 0.77861601
vt 0.31415901 0.60558999
vt 0.26179901 0.60558999
vt 0.31415901 0.43256399
vt 0.26179901 0.43256399
vt 0.31415901 0.25953901
vt 0.26179901 0.25953901
vt 0.31415901 0.08651298
vt 0.26179901 0.08651298
vt 0.31415901 -0.08651298
vt 0.26179901 -0.08651298
vt 0.31415901 -0.25953901
vt 0.26179901 -0.25953901
vt 0.31415901 -0.43256399
vt 0.26179901 -0.43256399
vt 0.31415901 -0.60558999
vt 0.26179901 -0.60558999
vt 0.31415901 -0.77861601
vt 0.26179901 -0.77861601
vt 0.31415901 -0.95164102
vt 0.26179901 -0.95164102
vt 0.31415901 -1.12466705
vt 0.26179901 -1.12466705
vt 0.31415901 -1.29769301
vt 0.26179901 -1.29769301
vt 0.31415901 -1.47071803
vt 0.26179901 -1.47071803
vt 0.31415901 -1.64374399
vt 0.26179901 -1.64374399
vt 0.31415901 -1.81676996
vt 0.26179901 -1.81676996
vt 0.31415901 -1.98979497
vt 0.26179901 -1.98979497
vt 0.31415901 -2.16282105
vt 0.26179901 -2.16282105
vt 0.31415901 -2.33584690
vt 0.26179901 -2.33584690
vt 0.31415901 -2.50887203
vt 0.26179901 -2.50887203
vt 0.31415901 -2.68189812
vt 0.26179901 -2.68189812
vt 0.31415901 -2.85492396
vt 0.26179901 -2.85492396
vt 0.31415901 -3.02794909
vt 0.26179901 -3.02794909
vt 0.31415901 -3.20097494
vt 0.26179901 -3.20097494
vt 0.31415901 -3.37400103
vt 0.26179901 -3.37400103
vt 0.31415901 -3.54702592
vt 0.26179901 -3.54702592
vt 0.31415901 -3.72005200
vt 0.26179901 -3.72005200
vt 0.31415901 -3.89307809
vt 0.26179901 -3.89307809
vt 0.31415901 -4.06610298
vt 0.26179901 -4.06610298
vt 0.31415901 -4.23912907
vt 0.26179901 -4.23912907
vt 0.31415901 -4.41215515
vt 0.26179901 -4.41215515
vt 0.31415901 -4.58517981
vt 0.26179901 -4.58517981
vt 0.31415901 -4.75820589
vt 0.26179901 -4.75820589
vt 0.31415901 -4.93123198
vt 0.26179901 -4.93123198
vt 0.31415901 -5.10425711
vt 0.26179901 -5.10425711
vt 0.31415901 -5.27728319
vt 0.26179901 -5.27728319
vt 0.31415901 -5.45030880
vt 0.26179901 -5.45030880
vt 0.31415901 -5.62333393
vt 0.26179901 -5.62333393
vt 0.31415901 -5.79636002
vt 0.26179901 -5.79636002
vt 0.31415901 -5.96938610
vt 0.26179901 -5.96938610
vt 0.31415901 -6.14241123
vt 0.26179901 -6.14241123
vt 0.31415901 -6.31543684
vt 0.26179901 -6.31543684
vt 0.31415901 -6.48846292
vt 0.26179901 -6.48846292
vt 0.31415901 -6.66148901
vt 0.26179901 -6.66148901
vt 0.31415901 -6.83451414
vt 0.26179901 -6.83451414
vt 0.31415901 -7.00754023
vt 0.26179901 -7.00754023
vt 0.31415901 -7.18056583
vt 0.26179901 -7.18056583
vt 0.31415901 -7.35359097
vt 0.26179901 -7.35359097
vt 0.31415901 -7.52661705
vt 0.26179901 -7.52661705
vt 0.31415901 -7.69964314
vt 0.26179901 -7.69964314
vt 0.31415901 -7.87266779
vt 0.26179901 -7.87266779
vt 0.31415901 -8.04569530
vt 0.26179901 -8.04569530
vt 0.31415901 -8.21872139
vt 0.26179901 -8.21872139
vt 0.31415901 -8.39174461
vt 0.26179901 -8.39174461
vt 0.31415901 -8.56477070
vt 0.26179901 -8.56477070
vt 0.26179901 -8.73833466
vt 0.20943990 -8.73822689
vt 0.20943990 -8.91082191
vt 0.15707991 -8.91082191
vt 0.20943990 -9.08384800
vt 0.15707991 -9.08384800
vt 0.20943990 -9.25687504
vt 0.15707991 -9.25687504
vt 0.20943990 -9.42990017
vt 0.15707991 -9.42990017
vt 0.20943990 -9.60292625
vt 0.15707991 -9.60292625
vt 0.20943990 -9.77595234
vt 0.15707991 -9.77595234
vt 0.20943990 -9.94897556
vt 0.15707991 -9.94897556
vt 0.20943990 -10.12199974
vt 0.15707991 -10.12199974
vt 0.20943990 -10.29502964
vt 0.15707991 -10.29502964
vt 0.20943990 -10.46805000
vt 0.15707991 -10.46805000
vt 0.20943990 -10.64107990
vt 0.15707991 -10.64107990
vt 0.20943990 -10.81410027
vt 0.15707991 -10.81410027
vt 0.20943990 -10.98713017
vt 0.15707991 -10.98713017
vt 0.20943990 -11.16016006
vt 0.15707991 -11.16016006
vt 0.20943990 -11.33318043
vt 0.15707991 -11.33318043
vt 0.20943990 -11.50621033
vt 0.15707991 -11.50621033
vt 0.20943990 -11.67922974
vt 0.15707991 -11.67922974
vt 0.20943990 -11.85225964
vt 0.15707991 -11.85225964
vt 0.20943990 -12.02610016
vt 0.15707991 -12.02620029
vt 0.20943990 -12.19830990
vt 0.15707991 -12.19830990
vt 0.20943990 12.19830990
vt 0.15707991 12.19830990
vt 0.15707991 12.02620029
vt 0.10471990 12.02630043
vt 0.10471990 11.85225964
vt 0.05235999 11.85225964
vt 0.10471990 11.67922974
vt 0.05235999 11.67922974
vt 0.10471990 11.50621033
vt 0.05235999 11.50621033
vt 0.10471990 11.33318043
vt 0.05235999 11.33318043
vt 0.10471990 11.16016006
vt 0.05235999 11.16016006
vt 0.10471990 10.98713017
vt 0.05235999 10.98713017
vt 0.10471990 10.81410027
vt 0.05235999 10.81410027
vt 0.10471990 10.64107990
vt 0.05235999 10.64107990
vt 0.10471990 10.46805000
vt 0.05235999 10.46805000
vt 0.10471990 10.29502964
vt 0.05235999 10.29502964
vt 0.10471990 10.12199974
vt 0.05235999 10.12199974
vt 0.10471990 9.94897556
vt 0.05235999 9.94897556
vt 0.10471990 9.77595234
vt 0.05235999 9.77595234
vt 0.10471990 9.60292625
vt 0.05235999 9.60292625
vt 0.10471990 9.42990017
vt 0.05235999 9.42990017
vt 0.10471990 9.25687504
vt 0.05235999 9.25687504
vt 0.10471990 9.08384800
vt 0.05235999 9.08384800
vt 0.10471990 8.91082191
vt 0.05235999 8.91082191
vt 0.10471990 8.73801327
vt 0.05235999 8.73790359
vt 0.10471990 8.56477070
vt 0.05235999 8.56477070
vt 0.10471990 8.39174461
vt 0.05235999 8.39174461
vt 0.10471990 8.21872139
vt 0.05235999 8.21872139
vt 0.10471990 8.04569530
vt 0.05235999 8.04569530
vt 0.10471990 7.87266779
vt 0.05235999 7.87266779
vt 0.10471990 7.69964314
vt 0.05235999 7.69964314
vt 0.10471990 7.52661705
vt 0.05235999 7.52661705
vt 0.10471990 7.35359097
vt 0.05235999 7.35359097
vt 0.10471990 7.18056583
vt 0.05235999 7.18056583
vt 0.10471990 7.00754023
vt 0.05235999 7.00754023
vt 0.10471990 6.83451414
vt 0.05235999 6.83451414
vt 0.10471990 6.66148901
vt 0.05235999 6.66148901
vt 0.10471990 6.48846292
vt 0.05235999 6.48846292
vt 0.10471990 6.31543684
vt 0.05235999 6.31543684
vt 0.10471990 6.14241123
vt 0.05235999 6.14241123
vt 0.10471990 5.96938610
vt 0.05235999 5.96938610
vt 0.10471990 5.79636002
vt 0.05235999 5.79636002
vt 0.10471990 5.62333393
vt 0.05235999 5.62333393
vt 0.10471990 5.45030880
vt 0.05235999 5.45030880
vt 0.10471990 5.27728319
vt 0.05235999 5.27728319
vt 0.10471990 5.10425711
vt 0.05235999 5.10425711
vt 0.10471990 4.93123198
vt 0.05235999 4.93123198
vt 0.10471990 4.75820589
vt 0.05235999 4.75820589
vt 0.10471990 4.58517981
vt 0.05235999 4.58517981
vt 0.10471990 4.41215515
vt 0.05235999 4.41215515
vt 0.10471990 4.23912907
vt 0.05235999 4.23912907
vt 0.10471990 4.06610298
vt 0.05235999 4.06610298
vt 0.10471990 3.89307809
vt 0.05235999 3.89307809
vt 0.10471990 3.72005200
vt 0.05235999 3.72005200
vt 0.10471990 3.54702592
vt 0.05235999 3.54702592
vt 0.10471990 3.37400103
vt 0.05235999 3.37400103
vt 0.10471990 3.20097494
vt 0.05235999 3.20097494
vt 0.10471990 3.02794909
vt 0.05235999 3.02794909
vt 0.10471990 2.85492396
vt 0.05235999 2.85492396
vt 0.10471990 2.68189812
vt 0.05235999 2.68189812
vt 0.10471990 2.50887203
vt 0.05235999 2.50887203
vt 0.10471990 2.33584690
vt 0.05235999 2.33584690
vt 0.10471990 2.16282105
vt 0.05235999 2.16282105
vt 0.10471990 1.98979497
vt 0.05235999 1.98979497
vt 0.10471990 1.81676996
vt 0.05235999 1.81676996
vt 0.10471990 1.64374399
vt 0.05235999 1.64374399
vt 0.10471990 1.47071803
vt 0.05235999 1.47071803
vt 0.10471990 1.29769301
vt 0.05235999 1.29769301
vt 0.10471990 1.12466705
vt 0.05235999 1.12466705
vt 0.10471990 0.95164102
vt 0.05235999 0.95164102
vt 0.10471990 0.77861601
vt 0.05235999 0.77861601
vt 0.10471990 0.60558999
vt 0.05235999 0.60558999
vt 0.10471990 0.43256399
vt 0.05235999 0.43256399
vt 0.10471990 0.25953901
vt 0.05235999 0.25953901
vt 0.10471990 0.08651298
vt 0.05235999 0.08651298
vt 0.10471990 -0.08651298
vt 0.05235999 -0.08651298
vt 0.10471990 -0.25953901
vt 0.05235999 -0.25953901
vt 0.10471990 -0.43256399
vt 0.05235999 -0.43256399
vt 0.10471990 -0.60558999
vt 0.05235999 -0.60558999
vt 0.10471990 -0.77861601
vt 0.05235999 -0.77861601
vt 0.10471990 -0.95164102
vt 0.05235999 -0.95164102
vt 0.10471990 -1.12466705
vt 0.05235999 -1.12466705
vt 0.10471990 -1.29769301
vt 0.05235999 -1.29769301
vt 0.10471990 -1.47071803
vt 0.05235999 -1.47071803
vt 0.10471990 -1.64374399
vt 0.05235999 -1.64374399
vt 0.10471990 -1.81676996
vt 0.05235999 -1.81676996
vt 0.10471990 -1.98979497
vt 0.05235999 -1.98979497
vt 0.10471990 -2.16282105
vt 0.05235999 -2.16282105
vt 0.10471990 -2.33584690
vt 0.05235999 -2.33584690
vt 0.10471990 -2.50887203
vt 0.05235999 -2.50887203
vt 0.10471990 -2.68189812
vt 0.05235999 -2.68189812
vt 0.10471990 -2.85492396
vt 0.05235999 -2.85492396
vt 0.10471990 -3.02794909
vt 0.05235999 -3.02794909
vt 0.10471990 -3.20097494
vt 0.05235999 -3.20097494
vt 0.10471990 -3.37400103
vt 0.05235999 -3.37400103
vt 0.10471990 -3.54702592
vt 0.05235999 -3.54702592
vt 0.10471990 -3.72005200
vt 0.05235999 -3.72005200
vt 0.10471990 -3.89307809
vt 0.05235999 -3.89307809
vt 0.10471990 -4.06610298
vt 0.05235999 -4.06610298
vt 0.10471990 -4.23912907
vt 0.05235999 -4.23912907
vt 0.10471990 -4.41215515
vt 0.05235999 -4.41215515
vt 0.10471990 -4.58517981
vt 0.05235999 -4.58517981
vt 0.10471990 -4.75820589
vt 0.05235999 -4.75820589
vt 0.10471990 -4.93123198
vt 0.05235999 -4.93123198
vt 0.10471990 -5.10425711
vt 0.05235999 -5.10425711
vt 0.10471990 -5.27728319
vt 0.05235999 -5.27728319
vt 0.10471990 -5.45030880
vt 0.05235999 -5.45030880
vt 0.10471990 -5.62333393
vt 0.05235999 -5.62333393
vt 0.10471990 -5.79636002
vt 0.05235999 -5.79636002
vt 0.10471990 -5.96938610
vt 0.05235999 -5.96938610
vt 0.10471990 -6.14241123
vt 0.05235999 -6.14241123
vt 0.10471990 -6.31543684
vt 0.05235999 -6.31543684
vt 0.10471990 -6.48846292
vt 0.05235999 -6.48846292
vt 0.10471990 -6.66148901
vt 0.05235999 -6.66148901
vt 0.10471990 -6.83451414
vt 0.05235999 -6.83451414
vt 0.10471990 -7.00754023
vt 0.05235999 -7.00754023
vt 0.10471990 -7.18056583
vt 0.05235999 -7.18056583
vt 0.10471990 -7.35359097
vt 0.05235999 -7.35359097
vt 0.10471990 -7.52661705
vt 0.05235999 -7.52661705
vt 0.10471990 -7.69964314
vt 0.05235999 -7.69964314
vt 0.10471990 -7.87266779
vt 0.05235999 -7.87266779
vt 0.10471990 -8.04569530
vt 0.05235999 -8.04569530
vt 0.10471990 -8.21872139
vt 0.05235999 -8.21872139
vt 0.10471990 -8.39174461
vt 0.05235999 -8.39174461
vt 0.10471990 -8.56477070
vt 0.05235999 -8.56477070
vt 0.05235999 -8.73790359
vt 0.00000000 -8.59035873
vt 0.00000000 -8.76216602
vt 0.57595903 -11.85225964
vt 0.62831903 -11.83417988
vt 0.57595903 -11.67922974
vt 0.62831903 -11.65211964
vt 0.57595903 -11.50621033
vt 0.62831903 -11.47004986
vt 0.57595903 -11.33318043
vt 0.62831903 -11.28798962
vt 0.57595903 -11.16016006
vt 0.62831903 -11.10591984
vt 0.57595903 -10.98713017
vt 0.62831903 -10.92385960
vt 0.57595903 -10.81410027
vt 0.62831903 -10.74178982
vt 0.57595903 -10.64107990
vt 0.62831903 -10.55972958
vt 0.57595903 -10.46805000
vt 0.62831903 -10.37767029
vt 0.57595903 -10.29502964
vt 0.62831903 -10.19559956
vt 0.57595903 -10.12199974
vt 0.62831903 -10.01354027
vt 0.57595903 -9.94897556
vt 0.62831903 -9.83147526
vt 0.57595903 -9.77595234
vt 0.62831903 -9.64941120
vt 0.57595903 -9.60292625
vt 0.62831903 -9.46734619
vt 0.57595903 -9.42990017
vt 0.62831903 -9.28528214
vt 0.57595903 -9.25687504
vt 0.62831903 -9.10321808
vt 0.57595903 -9.08384800
vt 0.62831903 -8.92115307
vt 0.57595903 -8.91082191
vt 0.62831903 -8.73908901
vt 0.57595903 -8.73898125
vt 0.57595903 -8.56477070
vt 0.52359903 -8.73887253
vt 0.62831903 -8.55702400
vt 0.57595903 -8.39174461
vt 0.52359903 -8.39174461
vt 0.62831903 -8.37495899
vt 0.57595903 -8.21872139
vt 0.62831903 -8.19289494
vt 0.57595903 -8.04569530
vt 0.62831903 -8.01083088
vt 0.57595903 -7.87266779
vt 0.62831903 -7.82876587
vt 0.57595903 -7.69964314
vt 0.62831903 -7.64670181
vt 0.57595903 -7.52661705
vt 0.62831903 -7.46463823
vt 0.57595903 -7.35359097
vt 0.62831903 -7.28257322
vt 0.57595903 -7.18056583
vt 0.62831903 -7.10050917
vt 0.57595903 -7.00754023
vt 0.62831903 -6.91844511
vt 0.57595903 -6.83451414
vt 0.62831903 -6.73638010
vt 0.57595903 -6.66148901
vt 0.62831903 -6.55431604
vt 0.57595903 -6.48846292
vt 0.62831903 -6.37225199
vt 0.57595903 -6.31543684
vt 0.62831903 -6.19018698
vt 0.57595903 -6.14241123
vt 0.62831903 -6.00812292
vt 0.57595903 -5.96938610
vt 0.62831903 -5.82605886
vt 0.57595903 -5.79636002
vt 0.62831903 -5.64399385
vt 0.57595903 -5.62333393
vt 0.62831903 -5.46192980
vt 0.57595903 -5.45030880
vt 0.62831903 -5.27986622
vt 0.57595903 -5.27728319
vt 0.57595903 -5.10425711
vt 0.62831903 -5.09780121
vt 0.57595903 -4.93123198
vt 0.62831903 -4.91573715
vt 0.57595903 -4.75820589
vt 0.62831903 -4.73367310
vt 0.57595903 -4.58517981
vt 0.62831903 -4.55160809
vt 0.57595903 -4.41215515
vt 0.62831903 -4.36954403
vt 0.57595903 -4.23912907
vt 0.62831903 -4.18747997
vt 0.57595903 -4.06610298
vt 0.62831903 -4.00541496
vt 0.57595903 -3.89307809
vt 0.62831903 -3.82335091
vt 0.57595903 -3.72005200
vt 0.62831903 -3.64128709
vt 0.57595903 -3.54702592
vt 0.62831903 -3.45922208
vt 0.57595903 -3.37400103
vt 0.62831903 -3.27715802
vt 0.57595903 -3.20097494
vt 0.62831903 -3.09509397
vt 0.57595903 -3.02794909
vt 0.62831903 -2.91302896
vt 0.57595903 -2.85492396
vt 0.62831903 -2.73096490
vt 0.57595903 -2.68189812
vt 0.62831903 -2.54890108
vt 0.57595903 -2.50887203
vt 0.62831903 -2.36683607
vt 0.57595903 -2.33584690
vt 0.62831903 -2.18477201
vt 0.57595903 -2.16282105
vt 0.62831903 -2.00270796
vt 0.57595903 -1.98979497
vt 0.62831903 -1.82064295
vt 0.57595903 -1.81676996
vt 0.57595903 -1.64374399
vt 0.62831903 -1.63857901
vt 0.57595903 -1.47071803
vt 0.62831903 -1.45651495
vt 0.57595903 -1.29769301
vt 0.62831903 -1.27444994
vt 0.57595903 -1.12466705
vt 0.62831903 -1.09238601
vt 0.57595903 -0.95164102
vt 0.62831903 -0.91032201
vt 0.57595903 -0.77861601
vt 0.62831903 -0.72825700
vt 0.57595903 -0.60558999
vt 0.62831903 -0.54619300
vt 0.57595903 -0.43256399
vt 0.62831903 -0.36412901
vt 0.57595903 -0.25953901
vt 0.62831903 -0.18206391
vt 0.57595903 -0.08651298
vt 0.62831903 0.00000000
vt 0.57595903 0.08651298
vt 0.62831903 0.18206391
vt 0.57595903 0.25953901
vt 0.62831903 0.36412901
vt 0.57595903 0.43256399
vt 0.62831903 0.54619300
vt 0.57595903 0.60558999
vt 0.62831903 0.72825700
vt 0.57595903 0.77861601
vt 0.62831903 0.91032201
vt 0.57595903 0.95164102
vt 0.62831903 1.09238601
vt 0.57595903 1.12466705
vt 0.62831903 1.27444994
vt 0.57595903 1.29769301
vt 0.62831903 1.45651495
vt 0.57595903 1.47071803
vt 0.62831903 1.63857901
vt 0.57595903 1.64374399
vt 0.62831903 1.82064295
vt 0.57595903 1.81676996
vt 0.57595903 1.98979497
vt 0.62831903 2.00270796
vt 0.57595903 2.16282105
vt 0.62831903 2.18477201
vt 0.57595903 2.33584690
vt 0.62831903 2.36683607
vt 0.57595903 2.50887203
vt 0.62831903 2.54890108
vt 0.57595903 2.68189812
vt 0.62831903 2.73096490
vt 0.57595903 2.85492396
vt 0.62831903 2.91302896
vt 0.57595903 3.02794909
vt 0.62831903 3.09509397
vt 0.57595903 3.20097494
vt 0.62831903 3.27715802
vt 0.57595903 3.37400103
vt 0.62831903 3.45922208
vt 0.57595903 3.54702592
vt 0.62831903 3.64128709
vt 0.57595903 3.72005200
vt 0.62831903 3.82335091
vt 0.57595903 3.89307809
vt 0.62831903 4.00541496
vt 0.57595903 4.06610298
vt 0.62831903 4.18747997
vt 0.57595903 4.23912907
vt 0.62831903 4.36954403
vt 0.57595903 4.41215515
vt 0.62831903 4.55160809
vt 0.57595903 4.58517981
vt 0.62831903 4.73367310
vt 0.57595903 4.75820589
vt 0.62831903 4.91573715
vt 0.57595903 4.93123198
vt 0.62831903 5.09780121
vt 0.57595903 5.10425711
vt 0.62831903 5.27986622
vt 0.57595903 5.27728319
vt 0.57595903 5.45030880
vt 0.62831903 5.46192980
vt 0.57595903 5.62333393
vt 0.62831903 5.64399385
vt 0.57595903 5.79636002
vt 0.62831903 5.82605886
vt 0.57595903 5.96938610
vt 0.62831903 6.00812292
vt 0.57595903 6.14241123
vt 0.62831903 6.19018698
vt 0.57595903 6.31543684
vt 0.62831903 6.37225199
vt 0.57595903 6.48846292
vt 0.62831903 6.55431604
vt 0.57595903 6.66148901
vt 0.62831903 6.73638010
vt 0.57595903 6.83451414
vt 0.62831903 6.91844511
vt 0.57595903 7.00754023
vt 0.62831903 7.10050917
vt 0.57595903 7.18056583
vt 0.62831903 7.28257322
vt 0.57595903 7.35359097
vt 0.62831903 7.46463823
vt 0.57595903 7.52661705
vt 0.62831903 7.64670181
vt 0.57595903 7.69964314
vt 0.62831903 7.82876587
vt 0.57595903 7.87266779
vt 0.62831903 8.01083088
vt 0.57595903 8.04569530
vt 0.62831903 8.19289494
vt 0.57595903 8.21872139
vt 0.52359903 8.39174461
vt 0.62831903 8.37495899
vt 0.57595903 8.39174461
vt 0.62831903 8.55702400
vt 0.57595903 8.56477070
vt 0.62831903 8.73908901
vt 0.57595903 8.73898125
vt 0.57595903 8.91082191
vt 0.62831903 8.92115307
vt 0.57595903 9.08384800
vt 0.62831903 9.10321808
vt 0.57595903 9.25687504
vt 0.62831903 9.28528214
vt 0.57595903 9.42990017
vt 0.62831903 9.46734619
vt 0.57595903 9.60292625
vt 0.62831903 9.64941120
vt 0.57595903 9.77595234
vt 0.62831903 9.83147526
vt 0.57595903 9.94897556
vt 0.62831903 10.01354027
vt 0.57595903 10.12199974
vt 0.62831903 10.19559956
vt 0.57595903 10.29502964
vt 0.62831903 10.37767029
vt 0.57595903 10.46805000
vt 0.62831903 10.55972958
vt 0.57595903 10.64107990
vt 0.62831903 10.74178982
vt 0.57595903 10.81410027
vt 0.62831903 10.92385960
vt 0.57595903 10.98713017
vt 0.62831903 11.10591984
vt 0.57595903 11.16016006
vt 0.62831903 11.28798962
vt 0.57595903 11.33318043
vt 0.62831903 11.47004986
vt 0.57595903 11.50621033
vt 0.62831903 11.65211964
vt 0.57595903 11.67922974
vt 0.62831903 11.83417988
vt 0.57595903 11.85225964
vt 0.62831903 12.01624966
vt 0.00000000 -12.02649975
vt 0.00000000 -12.19830990
vt 0.05235999 -12.19830990
vt 0.05235999 12.19830990
vt 0.00000000 12.19830990
vt 0.00000000 12.02649975
vt 0.05235999 12.02639961
vt 0.00000000 11.85470009
vt 0.00000000 11.68288994
vt 0.00000000 11.51107979
vt 0.00000000 11.33926964
vt 0.00000000 11.16746998
vt 0.00000000 10.99565983
vt 0.00000000 10.82384968
vt 0.00000000 10.65205002
vt 0.00000000 10.48023987
vt 0.00000000 10.30842972
vt 0.00000000 10.13661957
vt 0.00000000 9.96481800
vt 0.00000000 9.79300976
vt 0.00000000 9.62120342
vt 0.00000000 9.44939613
vt 0.00000000 9.27758789
vt 0.00000000 9.10578060
vt 0.00000000 8.93397522
vt 0.00000000 8.76216602
vt 0.00000000 8.59035873
vt 0.00000000 8.41855335
vt 0.00000000 8.24674606
vt 0.00000000 8.07493782
vt 0.00000000 7.90313101
vt 0.00000000 7.73132277
vt 0.00000000 7.55951595
vt 0.00000000 7.38770914
vt 0.00000000 7.21590185
vt 0.00000000 7.04409504
vt 0.00000000 6.87228680
vt 0.00000000 6.70047998
vt 0.00000000 6.52867317
vt 0.00000000 6.35686588
vt 0.00000000 6.18505907
vt 0.00000000 6.01325083
vt 0.00000000 5.84144402
vt 0.00000000 5.66963720
vt 0.00000000 5.49782991
vt 0.00000000 5.32602310
vt 0.00000000 5.15421581
vt 0.00000000 4.98240805
vt 0.00000000 4.81060123
vt 0.00000000 4.63879395
vt 0.00000000 4.46698713
vt 0.00000000 4.29517984
vt 0.00000000 4.12337208
vt 0.00000000 3.95156503
vt 0.00000000 3.77975798
vt 0.00000000 3.60795093
vt 0.00000000 3.43614411
vt 0.00000000 3.26433706
vt 0.00000000 3.09252906
vt 0.00000000 2.92072201
vt 0.00000000 2.74891496
vt 0.00000000 2.57710791
vt 0.00000000 2.40530109
vt 0.00000000 2.23349309
vt 0.00000000 2.06168604
vt 0.00000000 1.88987899
vt 0.00000000 1.71807206
vt 0.00000000 1.54626501
vt 0.00000000 1.37445700
vt 0.00000000 1.20264995
vt 0.00000000 1.03084302
vt 0.00000000 0.85903603
vt 0.00000000 0.68722898
vt 0.00000000 0.51542199
vt 0.00000000 0.34361401
vt 0.00000000 0.17180701
vt 0.00000000 0.00000000
vt 0.00000000 -0.17180701
vt 0.00000000 -0.34361401
vt 0.00000000 -0.51542199
vt 0.00000000 -0.68722898
vt 0.00000000 -0.85903603
vt 0.00000000 -1.03084302
vt 0.00000000 -1.20264995
vt 0.00000000 -1.37445700
vt 0.00000000 -1.54626501
vt 0.00000000 -1.71807206
vt 0.00000000 -1.88987899
vt 0.00000000 -2.06168604
vt 0.00000000 -2.23349309
vt 0.00000000 -2.40530109
vt 0.00000000 -2.57710791
vt 0.00000000 -2.74891496
vt 0.00000000 -2.92072201
vt 0.00000000 -3.09252906
vt 0.00000000 -3.26433706
vt 0.00000000 -3.43614411
vt 0.00000000 -3.60795093
vt 0.00000000 -3.77975798
vt 0.00000000 -3.95156503
vt 0.00000000 -4.12337208
vt 0.00000000 -4.29517984
vt 0.00000000 -4.46698713
vt 0.00000000 -4.63879395
vt 0.00000000 -4.81060123
vt 0.00000000 -4.98240805
vt 0.00000000 -5.15421581
vt 0.00000000 -5.32602310
vt 0.00000000 -5.49782991
vt 0.00000000 -5.66963720
vt 0.00000000 -5.84144402
vt 0.00000000 -6.01325083
vt 0.00000000 -6.18505907
vt 0.00000000 -6.35686588
vt 0.00000000 -6.52867317
vt 0.00000000 -6.70047998
vt 0.00000000 -6.87228680
vt 0.00000000 -7.04409504
vt 0.00000000 -7.21590185
vt 0.00000000 -7.38770914
vt 0.00000000 -7.55951595
vt 0.00000000 -7.73132277
vt 0.00000000 -7.90313101
vt 0.00000000 -8.07493782
vt 0.00000000 -8.24674606
vt 0.00000000 -8.41855335
vt 0.05235999 -8.91082191
vt 0.00000000 -8.93397522
vt 0.05235999 -9.08384800
vt 0.00000000 -9.10578060
vt 0.05235999 -9.25687504
vt 0.00000000 -9.27758789
vt 0.05235999 -9.42990017
vt 0.00000000 -9.44939613
vt 0.05235999 -9.60292625
vt 0.00000000 -9.62120342
vt 0.05235999 -9.77595234
vt 0.00000000 -9.79300976
vt 0.05235999 -9.94897556
vt 0.00000000 -9.96481800
vt 0.05235999 -10.12199974
vt 0.00000000 -10.13661957
vt 0.05235999 -10.29502964
vt 0.00000000 -10.30842972
vt 0.05235999 -10.46805000
vt 0.00000000 -10.48023987
vt 0.05235999 -10.64107990
vt 0.00000000 -10.65205002
vt 0.05235999 -10.81410027
vt 0.00000000 -10.82384968
vt 0.05235999 -10.98713017
vt 0.00000000 -10.99565983
vt 0.05235999 -11.16016006
vt 0.00000000 -11.16746998
vt 0.05235999 -11.33318043
vt 0.00000000 -11.33926964
vt 0.05235999 -11.50621033
vt 0.00000000 -11.51107979
vt 0.05235999 -11.67922974
vt 0.00000000 -11.68288994
vt 0.05235999 -11.85225964
vt 0.00000000 -11.85470009
vt 0.05235999 -12.02639961
vt 0.52359903 12.19830990
vt 0.47123900 12.02558994
vt 0.41887900 11.85225964
vt 0.41887900 11.67922974
vt 0.41887900 11.50621033
vt 0.41887900 11.33318043
vt 0.41887900 11.16016006
vt 0.41887900 10.98713017
vt 0.41887900 10.81410027
vt 0.41887900 10.64107990
vt 0.41887900 10.46805000
vt 0.41887900 10.29502964
vt 0.41887900 10.12199974
vt 0.41887900 9.94897556
vt 0.41887900 9.77595234
vt 0.41887900 9.60292625
vt 0.41887900 9.42990017
vt 0.41887900 9.25687504
vt 0.41887900 9.08384800
vt 0.41887900 8.91082191
vt 0.41887900 8.73865700
vt 0.41887900 8.56477070
vt 0.41887900 8.39174461
vt 0.41887900 8.21872139
vt 0.41887900 8.04569530
vt 0.41887900 7.87266779
vt 0.41887900 7.69964314
vt 0.41887900 7.52661705
vt 0.41887900 7.35359097
vt 0.41887900 7.18056583
vt 0.41887900 7.00754023
vt 0.41887900 6.83451414
vt 0.41887900 6.66148901
vt 0.41887900 6.48846292
vt 0.41887900 6.31543684
vt 0.41887900 6.14241123
vt 0.41887900 5.96938610
vt 0.41887900 5.79636002
vt 0.41887900 5.62333393
vt 0.41887900 5.45030880
vt 0.41887900 5.27728319
vt 0.41887900 5.10425711
vt 0.41887900 4.93123198
vt 0.41887900 4.75820589
vt 0.41887900 4.58517981
vt 0.41887900 4.41215515
vt 0.41887900 4.23912907
vt 0.41887900 4.06610298
vt 0.41887900 3.89307809
vt 0.41887900 3.72005200
vt 0.41887900 3.54702592
vt 0.41887900 3.37400103
vt 0.41887900 3.20097494
vt 0.41887900 3.02794909
vt 0.41887900 2.85492396
vt 0.41887900 2.68189812
vt 0.41887900 2.50887203
vt 0.41887900 2.33584690
vt 0.41887900 2.16282105
vt 0.41887900 1.98979497
vt 0.41887900 1.81676996
vt 0.41887900 1.64374399
vt 0.41887900 1.47071803
vt 0.41887900 1.29769301
vt 0.41887900 1.12466705
vt 0.41887900 0.95164102
vt 0.47123900 0.77861601
vt 0.41887900 0.77861601
vt 0.41887900 0.60558999
vt 0.41887900 0.43256399
vt 0.41887900 0.25953901
vt 0.41887900 0.08651298
vt 0.41887900 -0.08651298
vt 0.41887900 -0.25953901
vt 0.41887900 -0.43256399
vt 0.41887900 -0.60558999
vt 0.41887900 -0.77861601
vt 0.41887900 -0.95164102
vt 0.41887900 -1.12466705
vt 0.41887900 -1.29769301
vt 0.41887900 -1.47071803
vt 0.41887900 -1.64374399
vt 0.41887900 -1.81676996
vt 0.41887900 -1.98979497
vt 0.41887900 -2.16282105
vt 0.41887900 -2.33584690
vt 0.41887900 -2.50887203
vt 0.41887900 -2.68189812
vt 0.41887900 -2.85492396
vt 0.41887900 -3.02794909
vt 0.41887900 -3.20097494
vt 0.41887900 -3.37400103
vt 0.41887900 -3.54702592
vt 0.41887900 -3.72005200
vt 0.41887900 -3.89307809
vt 0.41887900 -4.06610298
vt 0.41887900 -4.23912907
vt 0.41887900 -4.41215515
vt 0.41887900 -4.58517981
vt 0.41887900 -4.75820589
vt 0.41887900 -4.93123198
vt 0.41887900 -5.10425711
vt 0.41887900 -5.27728319
vt 0.41887900 -5.45030880
vt 0.41887900 -5.62333393
vt 0.41887900 -5.79636002
vt 0.41887900 -5.96938610
vt 0.41887900 -6.14241123
vt 0.41887900 -6.31543684
vt 0.41887900 -6.48846292
vt 0.41887900 -6.66148901
vt 0.41887900 -6.83451414
vt 0.41887900 -7.00754023
vt 0.41887900 -7.18056583
vt 0.41887900 -7.35359097
vt 0.41887900 -7.52661705
vt 0.41887900 -7.69964314
vt 0.41887900 -7.87266779
vt 0.41887900 -8.04569530
vt 0.41887900 -8.21872139
vt 0.41887900 -8.39174461
vt 0.41887900 -8.56477070
vt 0.36651900 -8.73855114
vt 0.31415901 -8.91082191
vt 0.31415901 -9.08384800
vt 0.31415901 -9.25687504
vt 0.31415901 -9.42990017
vt 0.31415901 -9.60292625
vt 0.31415901 -9.77595234
vt 0.31415901 -9.94897556
vt 0.31415901 -10.12199974
vt 0.31415901 -10.29502964
vt 0.31415901 -10.46805000
vt 0.31415901 -10.64107990
vt 0.31415901 -10.81410027
vt 0.31415901 -10.98713017
vt 0.31415901 -11.16016006
vt 0.31415901 -11.33318043
vt 0.31415901 -11.50621033
vt 0.31415901 -11.67922974
vt 0.31415901 -11.85225964
vt 0.31415901 -12.02589035
vt 0.31415901 -12.19830990
vt 0.31415901 12.19830990
vt 0.26179901 12.02600002
vt 0.20943990 11.85225964
vt 0.20943990 11.67922974
vt 0.20943990 11.50621033
vt 0.20943990 11.33318043
vt 0.20943990 11.16016006
vt 0.20943990 10.98713017
vt 0.20943990 10.81410027
vt 0.20943990 10.64107990
vt 0.20943990 10.46805000
vt 0.20943990 10.29502964
vt 0.20943990 10.12199974
vt 0.20943990 9.94897556
vt 0.20943990 9.77595234
vt 0.20943990 9.60292625
vt 0.20943990 9.42990017
vt 0.20943990 9.25687504
vt 0.20943990 9.08384800
vt 0.20943990 8.91082191
vt 0.20943990 8.73822689
vt 0.20943990 8.56477070
vt 0.20943990 8.39174461
vt 0.20943990 8.21872139
vt 0.20943990 8.04569530
vt 0.20943990 7.87266779
vt 0.20943990 7.69964314
vt 0.20943990 7.52661705
vt 0.20943990 7.35359097
vt 0.20943990 7.18056583
vt 0.20943990 7.00754023
vt 0.20943990 6.83451414
vt 0.20943990 6.66148901
vt 0.20943990 6.48846292
vt 0.20943990 6.31543684
vt 0.20943990 6.14241123
vt 0.20943990 5.96938610
vt 0.20943990 5.79636002
vt 0.20943990 5.62333393
vt 0.20943990 5.45030880
vt 0.20943990 5.27728319
vt 0.20943990 5.10425711
vt 0.20943990 4.93123198
vt 0.20943990 4.75820589
vt 0.20943990 4.58517981
vt 0.20943990 4.41215515
vt 0.20943990 4.23912907
vt 0.20943990 4.06610298
vt 0.20943990 3.89307809
vt 0.20943990 3.72005200
vt 0.20943990 3.54702592
vt 0.20943990 3.37400103
vt 0.20943990 3.20097494
vt 0.20943990 3.02794909
vt 0.20943990 2.85492396
vt 0.20943990 2.68189812
vt 0.20943990 2.50887203
vt 0.20943990 2.33584690
vt 0.20943990 2.16282105
vt 0.20943990 1.98979497
vt 0.20943990 1.81676996
vt 0.20943990 1.64374399
vt 0.20943990 1.47071803
vt 0.20943990 1.29769301
vt 0.20943990 1.12466705
vt 0.20943990 0.95164102
vt 0.20943990 0.77861601
vt 0.20943990 0.60558999
vt 0.20943990 0.43256399
vt 0.20943990 0.25953901
vt 0.20943990 0.08651298
vt 0.20943990 -0.08651298
vt 0.20943990 -0.25953901
vt 0.20943990 -0.43256399
vt 0.20943990 -0.60558999
vt 0.20943990 -0.77861601
vt 0.20943990 -0.95164102
vt 0.20943990 -1.12466705
vt 0.20943990 -1.29769301
vt 0.20943990 -1.47071803
vt 0.20943990 -1.64374399
vt 0.20943990 -1.81676996
vt 0.20943990 -1.98979497
vt 0.20943990 -2.16282105
vt 0.20943990 -2.33584690
vt 0.20943990 -2.50887203
vt 0.20943990 -2.68189812
vt 0.20943990 -2.85492396
vt 0.20943990 -3.02794909
vt 0.20943990 -3.20097494
vt 0.20943990 -3.37400103
vt 0.20943990 -3.54702592
vt 0.20943990 -3.72005200
vt 0.20943990 -3.89307809
vt 0.20943990 -4.06610298
vt 0.20943990 -4.23912907
vt 0.20943990 -4.41215515
vt 0.20943990 -4.58517981
vt 0.20943990 -4.75820589
vt 0.20943990 -4.93123198
vt 0.20943990 -5.10425711
vt 0.20943990 -5.27728319
vt 0.20943990 -5.45030880
vt 0.20943990 -5.62333393
vt 0.20943990 -5.79636002
vt 0.20943990 -5.96938610
vt 0.20943990 -6.14241123
vt 0.20943990 -6.31543684
vt 0.20943990 -6.48846292
vt 0.20943990 -6.66148901
vt 0.20943990 -6.83451414
vt 0.20943990 -7.00754023
vt 0.20943990 -7.18056583
vt 0.20943990 -7.35359097
vt 0.20943990 -7.52661705
vt 0.20943990 -7.69964314
vt 0.20943990 -7.87266779
vt 0.20943990 -8.04569530
vt 0.20943990 -8.21872139
vt 0.20943990 -8.39174461
vt 0.20943990 -8.56477070
vt 0.15707991 -8.73812008
vt 0.10471990 -8.91082191
vt 0.10471990 -9.08384800
vt 0.10471990 -9.25687504
vt 0.10471990 -9.42990017
vt 0.10471990 -9.60292625
vt 0.10471990 -9.77595234
vt 0.10471990 -9.94897556
vt 0.10471990 -10.12199974
vt 0.10471990 -10.29502964
vt 0.10471990 -10.46805000
vt 0.10471990 -10.64107990
vt 0.10471990 -10.81410027
vt 0.10471990 -10.98713017
vt 0.10471990 -11.16016006
vt 0.10471990 -11.33318043
vt 0.10471990 -11.50621033
vt 0.10471990 -11.67922974
vt 0.10471990 -11.85225964
vt 0.10471990 -12.02630043
vt 0.10471990 -12.19830990
vt 0.10471990 12.19830990
vt 0.47123900 12.19830990
vt 0.41887900 12.02569008
vt 0.36651900 11.85225964
vt 0.36651900 11.67922974
vt 0.36651900 11.50621033
vt 0.36651900 11.33318043
vt 0.36651900 11.16016006
vt 0.36651900 10.98713017
vt 0.36651900 10.81410027
vt 0.36651900 10.64107990
vt 0.36651900 10.46805000
vt 0.36651900 10.29502964
vt 0.36651900 10.12199974
vt 0.36651900 9.94897556
vt 0.36651900 9.77595234
vt 0.36651900 9.60292625
vt 0.36651900 9.42990017
vt 0.36651900 9.25687504
vt 0.36651900 9.08384800
vt 0.36651900 8.91082191
vt 0.36651900 8.73855114
vt 0.36651900 8.56477070
vt 0.36651900 8.39174461
vt 0.36651900 8.21872139
vt 0.36651900 8.04569530
vt 0.36651900 7.87266779
vt 0.36651900 7.69964314
vt 0.36651900 7.52661705
vt 0.36651900 7.35359097
vt 0.36651900 7.18056583
vt 0.36651900 7.00754023
vt 0.36651900 6.83451414
vt 0.36651900 6.66148901
vt 0.36651900 6.48846292
vt 0.36651900 6.31543684
vt 0.36651900 6.14241123
vt 0.36651900 5.96938610
vt 0.36651900 5.79636002
vt 0.36651900 5.62333393
vt 0.36651900 5.45030880
vt 0.36651900 5.27728319
vt 0.36651900 5.10425711
vt 0.36651900 4.93123198
vt 0.36651900 4.75820589
vt 0.36651900 4.58517981
vt 0.36651900 4.41215515
vt 0.36651900 4.23912907
vt 0.36651900 4.06610298
vt 0.36651900 3.89307809
vt 0.36651900 3.72005200
vt 0.36651900 3.54702592
vt 0.36651900 3.37400103
vt 0.36651900 3.20097494
vt 0.36651900 3.02794909
vt 0.36651900 2.85492396
vt 0.36651900 2.68189812
vt 0.36651900 2.50887203
vt 0.36651900 2.33584690
vt 0.36651900 2.16282105
vt 0.36651900 1.98979497
vt 0.36651900 1.81676996
vt 0.36651900 1.64374399
vt 0.36651900 1.47071803
vt 0.36651900 1.29769301
vt 0.36651900 1.12466705
vt 0.36651900 0.95164102
vt 0.36651900 0.77861601
vt 0.36651900 0.60558999
vt 0.36651900 0.43256399
vt 0.36651900 0.25953901
vt 0.36651900 0.08651298
vt 0.36651900 -0.08651298
vt 0.36651900 -0.25953901
vt 0.36651900 -0.43256399
vt 0.36651900 -0.60558999
vt 0.36651900 -0.77861601
vt 0.36651900 -0.95164102
vt 0.36651900 -1.12466705
vt 0.36651900 -1.29769301
vt 0.36651900 -1.47071803
vt 0.36651900 -1.64374399
vt 0.36651900 -1.81676996
vt 0.36651900 -1.98979497
vt 0.36651900 -2.16282105
vt 0.36651900 -2.33584690
vt 0.36651900 -2.50887203
vt 0.36651900 -2.68189812
vt 0.36651900 -2.85492396
vt 0.36651900 -3.02794909
vt 0.36651900 -3.20097494
vt 0.36651900 -3.37400103
vt 0.36651900 -3.54702592
vt 0.36651900 -3.72005200
vt 0.36651900 -3.89307809
vt 0.36651900 -4.06610298
vt 0.36651900 -4.23912907
vt 0.36651900 -4.41215515
vt 0.36651900 -4.58517981
vt 0.36651900 -4.75820589
vt 0.36651900 -4.93123198
vt 0.36651900 -5.10425711
vt 0.36651900 -5.27728319
vt 0.36651900 -5.45030880
vt 0.36651900 -5.62333393
vt 0.36651900 -5.79636002
vt 0.36651900 -5.96938610
vt 0.36651900 -6.14241123
vt 0.36651900 -6.31543684
vt 0.36651900 -6.48846292
vt 0.36651900 -6.66148901
vt 0.36651900 -6.83451414
vt 0.36651900 -7.00754023
vt 0.36651900 -7.18056583
vt 0.36651900 -7.35359097
vt 0.36651900 -7.52661705
vt 0.36651900 -7.69964314
vt 0.36651900 -7.87266779
vt 0.36651900 -8.04569530
vt 0.36651900 -8.21872139
vt 0.36651900 -8.39174461
vt 0.36651900 -8.56477070
vt 0.31415901 -8.73844337
vt 0.26179901 -8.91082191
vt 0.26179901 -9.08384800
vt 0.26179901 -9.25687504
vt 0.26179901 -9.42990017
vt 0.26179901 -9.60292625
vt 0.26179901 -9.77595234
vt 0.26179901 -9.94897556
vt 0.26179901 -10.12199974
vt 0.26179901 -10.29502964
vt 0.26179901 -10.46805000
vt 0.26179901 -10.64107990
vt 0.26179901 -10.81410027
vt 0.26179901 -10.98713017
vt 0.26179901 -11.16016006
vt 0.26179901 -11.33318043
vt 0.26179901 -11.50621033
vt 0.26179901 -11.67922974
vt 0.26179901 -11.85225964
vt 0.26179901 -12.02600002
vt 0.26179901 -12.19830990
vt 0.26179901 12.19830990
vt 0.20943990 12.02610016
vt 0.15707991 11.85225964
vt 0.15707991 11.67922974
vt 0.15707991 11.50621033
vt 0.15707991 11.33318043
vt 0.15707991 11.16016006
vt 0.15707991 10.98713017
vt 0.15707991 10.81410027
vt 0.15707991 10.64107990
vt 0.15707991 10.46805000
vt 0.15707991 10.29502964
vt 0.15707991 10.12199974
vt 0.15707991 9.94897556
vt 0.15707991 9.77595234
vt 0.15707991 9.60292625
vt 0.15707991 9.42990017
vt 0.15707991 9.25687504
vt 0.15707991 9.08384800
vt 0.15707991 8.91082191
vt 0.15707991 8.73812008
vt 0.15707991 8.56477070
vt 0.15707991 8.39174461
vt 0.15707991 8.21872139
vt 0.15707991 8.04569530
vt 0.15707991 7.87266779
vt 0.15707991 7.69964314
vt 0.15707991 7.52661705
vt 0.15707991 7.35359097
vt 0.15707991 7.18056583
vt 0.15707991 7.00754023
vt 0.15707991 6.83451414
vt 0.15707991 6.66148901
vt 0.15707991 6.48846292
vt 0.15707991 6.31543684
vt 0.15707991 6.14241123
vt 0.15707991 5.96938610
vt 0.15707991 5.79636002
vt 0.15707991 5.62333393
vt 0.15707991 5.45030880
vt 0.15707991 5.27728319
vt 0.15707991 5.10425711
vt 0.15707991 4.93123198
vt 0.15707991 4.75820589
vt 0.15707991 4.58517981
vt 0.15707991 4.41215515
vt 0.15707991 4.23912907
vt 0.15707991 4.06610298
vt 0.15707991 3.89307809
vt 0.15707991 3.72005200
vt 0.15707991 3.54702592
vt 0.15707991 3.37400103
vt 0.15707991 3.20097494
vt 0.15707991 3.02794909
vt 0.15707991 2.85492396
vt 0.15707991 2.68189812
vt 0.15707991 2.50887203
vt 0.15707991 2.33584690
vt 0.15707991 2.16282105
vt 0.15707991 1.98979497
vt 0.15707991 1.81676996
vt 0.15707991 1.64374399
vt 0.15707991 1.47071803
vt 0.15707991 1.29769301
vt 0.15707991 1.12466705
vt 0.15707991 0.95164102
vt 0.15707991 0.77861601
vt 0.15707991 0.60558999
vt 0.15707991 0.43256399
vt 0.15707991 0.25953901
vt 0.15707991 0.08651298
vt 0.15707991 -0.08651298
vt 0.15707991 -0.25953901
vt 0.15707991 -0.43256399
vt 0.15707991 -0.60558999
vt 0.15707991 -0.77861601
vt 0.15707991 -0.95164102
vt 0.15707991 -1.12466705
vt 0.15707991 -1.29769301
vt 0.15707991 -1.47071803
vt 0.15707991 -1.64374399
vt 0.15707991 -1.81676996
vt 0.15707991 -1.98979497
vt 0.15707991 -2.16282105
vt 0.15707991 -2.33584690
vt 0.15707991 -2.50887203
vt 0.15707991 -2.68189812
vt 0.15707991 -2.85492396
vt 0.15707991 -3.02794909
vt 0.15707991 -3.20097494
vt 0.15707991 -3.37400103
vt 0.15707991 -3.54702592
vt 0.15707991 -3.72005200
vt 0.15707991 -3.89307809
vt 0.15707991 -4.06610298
vt 0.15707991 -4.23912907
vt 0.15707991 -4.41215515
vt 0.15707991 -4.58517981
vt 0.15707991 -4.75820589
vt 0.15707991 -4.93123198
vt 0.15707991 -5.10425711
vt 0.15707991 -5.27728319
vt 0.15707991 -5.45030880
vt 0.15707991 -5.62333393
vt 0.15707991 -5.79636002
vt 0.15707991 -5.96938610
vt 0.15707991 -6.14241123
vt 0.15707991 -6.31543684
vt 0.15707991 -6.48846292
vt 0.15707991 -6.66148901
vt 0.15707991 -6.83451414
vt 0.15707991 -7.00754023
vt 0.15707991 -7.18056583
vt 0.15707991 -7.35359097
vt 0.15707991 -7.52661705
vt 0.15707991 -7.69964314
vt 0.15707991 -7.87266779
vt 0.15707991 -8.04569530
vt 0.15707991 -8.21872139
vt 0.15707991 -8.39174461
vt 0.15707991 -8.56477070
vt 0.10471990 -8.73801327
vt 0.52359903 -12.19830990
vt 0.52359903 -12.02548981
vt 0.52359903 -11.85225964
vt 0.52359903 -11.67922974
vt 0.52359903 -11.50621033
vt 0.52359903 -11.33318043
vt 0.52359903 -11.16016006
vt 0.52359903 -10.98713017
vt 0.52359903 -10.81410027
vt 0.52359903 -10.64107990
vt 0.52359903 -10.46805000
vt 0.52359903 -10.29502964
vt 0.52359903 -10.12199974
vt 0.52359903 -9.94897556
vt 0.52359903 -9.77595234
vt 0.52359903 -9.60292625
vt 0.52359903 -9.42990017
vt 0.52359903 -9.25687504
vt 0.52359903 -9.08384800
vt 0.52359903 -8.91082191
vt 0.36651900 0.43256399
vt 0.36651900 -0.43256399
vt 0.47123900 -12.19830990
vt 0.47123900 -12.02558994
vt 0.47123900 -11.85225964
vt 0.47123900 -11.67922974
vt 0.47123900 -11.50621033
vt 0.47123900 -11.33318043
vt 0.47123900 -11.16016006
vt 0.47123900 -10.98713017
vt 0.47123900 -10.81410027
vt 0.47123900 -10.64107990
vt 0.47123900 -10.46805000
vt 0.47123900 -10.29502964
vt 0.47123900 -10.12199974
vt 0.47123900 -9.94897556
vt 0.47123900 -9.77595234
vt 0.47123900 -9.60292625
vt 0.47123900 -9.42990017
vt 0.47123900 -9.25687504
vt 0.47123900 -9.08384800
vt 0.47123900 -8.91082191
vt -1.10000002 -0.17699100
vt 1.10000002 0.00000000
vt -1.10000002 0.00000000
vt 1.10000002 0.17699100
vt -1.10000002 0.17699100
vt 1.10000002 0.35398200
vt -1.10000002 0.35398200
vt 1.10000002 0.53097302
vt -1.10000002 0.53097302
vt 1.10000002 0.70796502
vt -1.10000002 0.70796502
vt 1.10000002 0.88495600
vt -1.10000002 0.88495600
vt 1.10000002 1.06194699
vt -1.10000002 1.06194699
vt 1.10000002 1.23893797
vt -1.10000002 1.23893797
vt 1.10000002 1.41592896
vt -1.10000002 1.41592896
vt 1.10000002 1.59291995
vt -1.10000002 1.59291995
vt 1.10000002 1.76991105
vt -1.10000002 1.76991105
vt 1.10000002 1.94690204
vt -1.10000002 1.94690204
vt 1.10000002 2.12389398
vt -1.10000002 2.12389398
vt 1.10000002 2.30088496
vt -1.10000002 2.30088496
vt 1.10000002 2.47787595
vt -1.10000002 2.47787595
vt 1.10000002 2.65486693
vt -1.10000002 2.65486693
vt 1.10000002 2.83185792
vt -1.10000002 2.83185792
vt 1.10000002 3.00884891
vt -1.10000002 3.00884891
vt 1.10000002 3.18583989
vt -1.10000002 3.18583989
vt 1.10000002 3.36283207
vt -1.10000002 3.36283207
vt 1.10000002 3.53982306
vt -1.10000002 3.53982306
vt 1.10000002 3.71681404
vt -1.10000002 3.71681404
vt 1.10000002 3.89380503
vt -1.10000002 3.89380503
vt 1.10000002 4.07079601
vt -1.10000002 4.07079601
vt 1.10000002 4.24778700
vt -1.10000002 4.24778700
vt 1.10000002 4.42477798
vt -1.10000002 4.42477798
vt 1.10000002 4.60176992
vt -1.10000002 4.60176992
vt 1.10000002 4.77876091
vt -1.10000002 4.77876091
vt 1.10000002 4.95575190
vt -1.10000002 4.95575190
vt 1.10000002 5.13274288
vt -1.10000002 5.13274288
vt 1.10000002 5.30973387
vt -1.10000002 5.30973387
vt 1.10000002 5.48672485
vt -1.10000002 5.48672485
vt 1.10000002 5.66371584
vt -1.10000002 5.66371584
vt 1.10000002 5.84070683
vt -1.10000002 5.84070683
vt 1.10000002 6.01769876
vt -1.10000002 6.01769876
vt 1.10000002 6.19469023
vt -1.10000002 6.19469023
vt 1.10000002 6.37168121
vt -1.10000002 6.37168121
vt 1.10000002 6.54867220
vt -1.10000002 6.54867220
vt 1.10000002 6.72566319
vt -1.10000002 6.72566319
vt 1.10000002 6.90265417
vt -1.10000002 6.90265417
vt 1.10000002 7.07964516
vt -1.10000002 7.07964516
vt 1.10000002 7.25663710
vt -1.10000002 7.25663710
vt 1.10000002 7.43362808
vt -1.10000002 7.43362808
vt 1.10000002 7.61061907
vt -1.10000002 7.61061907
vt 1.10000002 7.78761005
vt -1.10000002 7.78761005
vt 1.10000002 7.96460104
vt -1.10000002 7.96460104
vt 1.10000002 8.14159203
vt -1.10000002 8.14159203
vt 1.10000002 8.31858253
vt -1.10000002 8.31858253
vt 1.10000002 8.49557400
vt -1.10000002 8.49557400
vt 1.10000002 8.67256737
vt -1.10000002 8.67256737
vt 1.10000002 8.84955692
vt -1.10000002 8.84955692
vt 1.10000002 9.02654934
vt -1.10000002 9.02654934
vt 1.10000002 9.20353889
vt -1.10000002 9.20353889
vt 1.10000002 9.38053131
vt -1.10000002 9.38053131
vt 1.10000002 9.55752087
vt -1.10000002 9.55752087
vt 1.10000002 9.73451328
vt -1.10000002 9.73451328
vt 1.10000002 9.91150379
vt -1.10000002 9.91150379
vt 1.10000002 10.08850002
vt -1.10000002 10.08850002
vt 1.10000002 10.26548958
vt -1.10000002 10.26548958
vt 1.10000002 10.44248009
vt -1.10000002 10.44248009
vt 1.10000002 10.61946964
vt -1.10000002 10.61946964
vt 1.10000002 10.79646015
vt -1.10000002 10.79646015
vt 1.10000002 10.97344971
vt -1.10000002 10.97344971
vt 1.10000002 11.15044022
vt -1.10000002 11.15044022
vt 1.10000002 11.32742977
vt -1.10000002 11.32742977
vt 1.10000002 11.50442028
vt -1.10000002 11.50442028
vt 1.10000002 11.68140984
vt -1.10000002 11.68140984
vt 1.10000002 11.85840988
vt -1.10000002 11.85840988
vt 1.10000002 12.03540039
vt -1.10000002 12.03540039
vt 1.10000002 12.21238995
vt -1.10000002 12.21238995
vt -1.10000002 12.38938046
vt 1.10000002 12.38938046
vt -1.10000002 12.56637001
vt 1.10000002 12.56637001
vt -1.10000002 -12.56637001
vt 1.10000002 -12.56637001
vt -1.10000002 -12.38938046
vt 1.10000002 -12.38938046
vt -1.10000002 -12.21238995
vt 1.10000002 -12.21238995
vt 1.10000002 -12.03540039
vt 1.10000002 -0.17699100
vt -1.10000002 -0.35398200
vt 1.10000002 -0.35398200
vt -1.10000002 -0.53097302
vt 1.10000002 -0.53097302
vt -1.10000002 -0.70796502
vt 1.10000002 -0.70796502
vt -1.10000002 -0.88495600
vt 1.10000002 -0.88495600
vt -1.10000002 -1.06194699
vt 1.10000002 -1.06194699
vt -1.10000002 -1.23893797
vt 1.10000002 -1.23893797
vt -1.10000002 -1.41592896
vt 1.10000002 -1.41592896
vt -1.10000002 -1.59291995
vt 1.10000002 -1.59291995
vt -1.10000002 -1.76991105
vt 1.10000002 -1.76991105
vt -1.10000002 -1.94690204
vt 1.10000002 -1.94690204
vt -1.10000002 -2.12389398
vt 1.10000002 -2.12389398
vt -1.10000002 -2.30088496
vt 1.10000002 -2.30088496
vt -1.10000002 -2.47787595
vt 1.10000002 -2.47787595
vt -1.10000002 -2.65486693
vt 1.10000002 -2.65486693
vt -1.10000002 -2.83185792
vt 1.10000002 -2.83185792
vt -1.10000002 -3.00884891
vt 1.10000002 -3.00884891
vt -1.10000002 -3.18583989
vt 1.10000002 -3.18583989
vt -1.10000002 -3.36283207
vt 1.10000002 -3.36283207
vt -1.10000002 -3.53982306
vt 1.10000002 -3.53982306
vt -1.10000002 -3.71681404
vt 1.10000002 -3.71681404
vt -1.10000002 -3.89380503
vt 1.10000002 -3.89380503
vt -1.10000002 -4.07079601
vt 1.10000002 -4.07079601
vt -1.10000002 -4.24778700
vt 1.10000002 -4.24778700
vt -1.10000002 -4.42477798
vt 1.10000002 -4.42477798
vt -1.10000002 -4.60176992
vt 1.10000002 -4.60176992
vt -1.10000002 -4.77876091
vt 1.10000002 -4.77876091
vt -1.10000002 -4.95575190
vt 1.10000002 -4.95575190
vt -1.10000002 -5.13274288
vt 1.10000002 -5.13274288
vt -1.10000002 -5.30973387
vt 1.10000002 -5.30973387
vt -1.10000002 -5.48672485
vt 1.10000002 -5.48672485
vt -1.10000002 -5.66371584
vt 1.10000002 -5.66371584
vt -1.10000002 -5.84070683
vt 1.10000002 -5.84070683
vt -1.10000002 -6.01769876
vt 1.10000002 -6.01769876
vt -1.10000002 -6.19469023
vt 1.10000002 -6.19469023
vt -1.10000002 -6.37168121
vt 1.10000002 -6.37168121
vt -1.10000002 -6.54867220
vt 1.10000002 -6.54867220
vt -1.10000002 -6.72566319
vt 1.10000002 -6.72566319
vt -1.10000002 -6.90265417
vt 1.10000002 -6.90265417
vt -1.10000002 -7.07964516
vt 1.10000002 -7.07964516
vt -1.10000002 -7.25663710
vt 1.10000002 -7.25663710
vt -1.10000002 -7.43362808
vt 1.10000002 -7.43362808
vt -1.10000002 -7.61061907
vt 1.10000002 -7.61061907
vt -1.10000002 -7.78761005
vt 1.10000002 -7.78761005
vt -1.10000002 -7.96460104
vt 1.10000002 -7.96460104
vt -1.10000002 -8.14159203
vt 1.10000002 -8.14159203
vt -1.10000002 -8.31858253
vt 1.10000002 -8.31858253
vt -1.10000002 -8.49557400
vt 1.10000002 -8.49557400
vt -1.10000002 -8.67256737
vt 1.10000002 -8.67256737
vt -1.10000002 -8.84955692
vt 1.10000002 -8.84955692
vt -1.10000002 -9.02654934
vt 1.10000002 -9.02654934
vt -1.10000002 -9.20353889
vt 1.10000002 -9.20353889
vt -1.10000002 -9.38053131
vt 1.10000002 -9.38053131
vt -1.10000002 -9.55752087
vt 1.10000002 -9.55752087
vt -1.10000002 -9.73451328
vt 1.10000002 -9.73451328
vt -1.10000002 -9.91150379
vt 1.10000002 -9.91150379
vt -1.10000002 -10.08850002
vt 1.10000002 -10.08850002
vt -1.10000002 -10.26548958
vt 1.10000002 -10.26548958
vt -1.10000002 -10.44248009
vt 1.10000002 -10.44248009
vt -1.10000002 -10.61946964
vt 1.10000002 -10.61946964
vt -1.10000002 -10.79646015
vt 1.10000002 -10.79646015
vt -1.10000002 -10.97344971
vt 1.10000002 -10.97344971
vt -1.10000002 -11.15044022
vt 1.10000002 -11.15044022
vt -1.10000002 -11.32742977
vt 1.10000002 -11.32742977
vt -1.10000002 -11.50442028
vt 1.10000002 -11.50442028
vt -1.10000002 -11.68140984
vt 1.10000002 -11.68140984
vt -1.10000002 -11.85840988
vt 1.10000002 -11.85840988
vt -1.10000002 -12.03540039
vt 0.00000000 12.02649975
vt 0.00000000 12.19830990
vt -0.05235999 12.19830990
vt -0.05235999 -12.19830990
vt 0.00000000 -12.19830990
vt 0.00000000 -12.02649975
vt -0.05235999 -12.02639961
vt 0.00000000 -11.85470009
vt -0.05235999 -11.85225964
vt 0.00000000 -11.68288994
vt -0.05235999 -11.67922974
vt 0.00000000 -11.51107979
vt -0.05235999 -11.50621033
vt 0.00000000 -11.33926964
vt -0.05235999 -11.33318043
vt 0.00000000 -11.16746998
vt -0.05235999 -11.16016006
vt 0.00000000 -10.99565983
vt -0.05235999 -10.98713017
vt 0.00000000 -10.82384968
vt -0.05235999 -10.81410027
vt 0.00000000 -10.65205002
vt -0.05235999 -10.64107990
vt 0.00000000 -10.48023987
vt -0.05235999 -10.46805000
vt 0.00000000 -10.30842972
vt -0.05235999 -10.29502964
vt 0.00000000 -10.13661957
vt -0.05235999 -10.12199974
vt 0.00000000 -9.96481800
vt -0.05235999 -9.94897556
vt 0.00000000 -9.79300976
vt -0.05235999 -9.77595234
vt 0.00000000 -9.62120342
vt -0.05235999 -9.60292625
vt 0.00000000 -9.44939613
vt -0.05235999 -9.42990017
vt 0.00000000 -9.27758789
vt -0.05235999 -9.25687504
vt 0.00000000 -9.10578060
vt -0.05235999 -9.08384800
vt 0.00000000 -8.93397522
vt -0.05235999 -8.91082191
vt 0.00000000 -8.76216602
vt -0.05235999 -8.73790359
vt 0.00000000 -8.59035873
vt -0.05235999 -8.56477070
vt 0.00000000 -8.41855335
vt -0.05235999 -8.39174461
vt 0.00000000 -8.24674606
vt -0.05235999 -8.21872139
vt 0.00000000 -8.07493782
vt -0.05235999 -8.04569530
vt 0.00000000 -7.90313101
vt -0.05235999 -7.87266779
vt 0.00000000 -7.73132277
vt -0.05235999 -7.69964314
vt 0.00000000 -7.55951595
vt -0.05235999 -7.52661705
vt 0.00000000 -7.38770914
vt -0.05235999 -7.35359097
vt 0.00000000 -7.21590185
vt -0.05235999 -7.18056583
vt 0.00000000 -7.04409504
vt -0.05235999 -7.00754023
vt 0.00000000 -6.87228680
vt -0.05235999 -6.83451414
vt 0.00000000 -6.70047998
vt -0.05235999 -6.66148901
vt 0.00000000 -6.52867317
vt -0.05235999 -6.48846292
vt 0.00000000 -6.35686588
vt -0.05235999 -6.31543684
vt 0.00000000 -6.18505907
vt -0.05235999 -6.14241123
vt 0.00000000 -6.01325083
vt -0.05235999 -5.96938610
vt 0.00000000 -5.84144402
vt -0.05235999 -5.79636002
vt 0.00000000 -5.66963720
vt -0.05235999 -5.62333393
vt 0.00000000 -5.49782991
vt -0.05235999 -5.45030880
vt 0.00000000 -5.32602310
vt -0.05235999 -5.27728319
vt 0.00000000 -5.15421581
vt -0.05235999 -5.10425711
vt 0.00000000 -4.98240805
vt -0.05235999 -4.93123198
vt 0.00000000 -4.81060123
vt -0.05235999 -4.75820589
vt 0.00000000 -4.63879395
vt -0.05235999 -4.58517981
vt 0.00000000 -4.46698713
vt -0.05235999 -4.41215515
vt 0.00000000 -4.29517984
vt -0.05235999 -4.23912907
vt 0.00000000 -4.12337208
vt -0.05235999 -4.06610298
vt 0.00000000 -3.95156503
vt -0.05235999 -3.89307809
vt 0.00000000 -3.77975798
vt -0.05235999 -3.72005200
vt 0.00000000 -3.60795093
vt -0.05235999 -3.54702592
vt 0.00000000 -3.43614411
vt -0.05235999 -3.37400103
vt 0.00000000 -3.26433706
vt -0.05235999 -3.20097494
vt 0.00000000 -3.09252906
vt -0.05235999 -3.02794909
vt 0.00000000 -2.92072201
vt -0.05235999 -2.85492396
vt 0.00000000 -2.74891496
vt -0.05235999 -2.68189812
vt 0.00000000 -2.57710791
vt -0.05235999 -2.50887203
vt 0.00000000 -2.40530109
vt -0.05235999 -2.33584690
vt 0.00000000 -2.23349309
vt -0.05235999 -2.16282105
vt 0.00000000 -2.06168604
vt -0.05235999 -1.98979497
vt 0.00000000 -1.88987899
vt -0.05235999 -1.81676996
vt 0.00000000 -1.71807206
vt -0.05235999 -1.64374399
vt 0.00000000 -1.54626501
vt -0.05235999 -1.47071803
vt 0.00000000 -1.37445700
vt -0.05235999 -1.29769301
vt 0.00000000 -1.20264995
vt -0.05235999 -1.12466705
vt 0.00000000 -1.03084302
vt -0.05235999 -0.95164102
vt 0.00000000 -0.85903603
vt -0.05235999 -0.77861601
vt 0.00000000 -0.68722898
vt -0.05235999 -0.60558999
vt 0.00000000 -0.51542199
vt -0.05235999 -0.43256399
vt 0.00000000 -0.34361401
vt -0.05235999 -0.25953901
vt 0.00000000 -0.17180701
vt -0.05235999 -0.08651298
vt 0.00000000 0.00000000
vt -0.05235999 0.08651298
vt 0.00000000 0.17180701
vt -0.05235999 0.25953901
vt 0.00000000 0.34361401
vt -0.05235999 0.43256399
vt 0.00000000 0.51542199
vt -0.05235999 0.60558999
vt 0.00000000 0.68722898
vt -0.05235999 0.77861601
vt 0.00000000 0.85903603
vt -0.05235999 0.95164102
vt 0.00000000 1.03084302
vt -0.05235999 1.12466705
vt 0.00000000 1.20264995
vt -0.05235999 1.29769301
vt 0.00000000 1.37445700
vt -0.05235999 1.47071803
vt 0.00000000 1.54626501
vt -0.05235999 1.64374399
vt 0.00000000 1.71807206
vt -0.05235999 1.81676996
vt 0.00000000 1.88987899
vt -0.05235999 1.98979497
vt 0.00000000 2.06168604
vt -0.05235999 2.16282105
vt 0.00000000 2.23349309
vt -0.05235999 2.33584690
vt 0.00000000 2.40530109
vt -0.05235999 2.50887203
vt 0.00000000 2.57710791
vt -0.05235999 2.68189812
vt 0.00000000 2.74891496
vt -0.05235999 2.85492396
vt 0.00000000 2.92072201
vt -0.05235999 3.02794909
vt 0.00000000 3.09252906
vt -0.05235999 3.20097494
vt 0.00000000 3.26433706
vt -0.05235999 3.37400103
vt 0.00000000 3.43614411
vt -0.05235999 3.54702592
vt 0.00000000 3.60795093
vt -0.05235999 3.72005200
vt 0.00000000 3.77975798
vt -0.05235999 3.89307809
vt 0.00000000 3.95156503
vt -0.05235999 4.06610298
vt 0.00000000 4.12337208
vt -0.05235999 4.23912907
vt 0.00000000 4.29517984
vt -0.05235999 4.41215515
vt 0.00000000 4.46698713
vt -0.05235999 4.58517981
vt 0.00000000 4.63879395
vt -0.05235999 4.75820589
vt 0.00000000 4.81060123
vt -0.05235999 4.93123198
vt 0.00000000 4.98240805
vt -0.05235999 5.10425711
vt 0.00000000 5.15421581
vt -0.05235999 5.27728319
vt 0.00000000 5.32602310
vt -0.05235999 5.45030880
vt 0.00000000 5.49782991
vt -0.05235999 5.62333393
vt 0.00000000 5.66963720
vt -0.05235999 5.79636002
vt 0.00000000 5.84144402
vt -0.05235999 5.96938610
vt 0.00000000 6.01325083
vt -0.05235999 6.14241123
vt 0.00000000 6.18505907
vt -0.05235999 6.31543684
vt 0.00000000 6.35686588
vt -0.05235999 6.48846292
vt 0.00000000 6.52867317
vt -0.05235999 6.66148901
vt 0.00000000 6.70047998
vt -0.05235999 6.83451414
vt 0.00000000 6.87228680
vt -0.05235999 7.00754023
vt 0.00000000 7.04409504
vt -0.05235999 7.18056583
vt 0.00000000 7.21590185
vt -0.05235999 7.35359097
vt 0.00000000 7.38770914
vt -0.05235999 7.52661705
vt 0.00000000 7.55951595
vt -0.05235999 7.69964314
vt 0.00000000 7.73132277
vt -0.05235999 7.87266779
vt 0.00000000 7.90313101
vt -0.05235999 8.04569530
vt 0.00000000 8.07493782
vt -0.05235999 8.21872139
vt 0.00000000 8.24674606
vt -0.05235999 8.39174461
vt 0.00000000 8.41855335
vt -0.05235999 8.56477070
vt 0.00000000 8.59035873
vt -0.05235999 8.73790359
vt 0.00000000 8.76216602
vt -0.05235999 8.91082191
vt 0.00000000 8.93397522
vt -0.05235999 9.08384800
vt 0.00000000 9.10578060
vt -0.05235999 9.25687504
vt 0.00000000 9.27758789
vt -0.05235999 9.42990017
vt 0.00000000 9.44939613
vt -0.05235999 9.60292625
vt 0.00000000 9.62120342
vt -0.05235999 9.77595234
vt 0.00000000 9.79300976
vt -0.05235999 9.94897556
vt 0.00000000 9.96481800
vt -0.05235999 10.12199974
vt 0.00000000 10.13661957
vt -0.05235999 10.29502964
vt 0.00000000 10.30842972
vt -0.05235999 10.46805000
vt 0.00000000 10.48023987
vt -0.05235999 10.64107990
vt 0.00000000 10.65205002
vt -0.05235999 10.81410027
vt 0.00000000 10.82384968
vt -0.05235999 10.98713017
vt 0.00000000 10.99565983
vt -0.05235999 11.16016006
vt 0.00000000 11.16746998
vt -0.05235999 11.33318043
vt 0.00000000 11.33926964
vt -0.05235999 11.50621033
vt 0.00000000 11.51107979
vt -0.05235999 11.67922974
vt 0.00000000 11.68288994
vt -0.05235999 11.85225964
vt 0.00000000 11.85470009
vt -0.05235999 12.02639961
vt -0.62831903 12.01624966
vt -0.57595903 12.02538967
vt -0.62831903 12.19830990
vt -0.57595903 12.19830990
vt -0.62831903 -12.19830990
vt -0.57595903 -12.19830990
vt -0.57595903 -12.02538967
vt -0.52359903 -12.02548981
vt -0.52359903 -11.85225964
vt -0.47123900 -11.85225964
vt -0.52359903 -11.67922974
vt -0.47123900 -11.67922974
vt -0.52359903 -11.50621033
vt -0.47123900 -11.50621033
vt -0.52359903 -11.33318043
vt -0.47123900 -11.33318043
vt -0.52359903 -11.16016006
vt -0.47123900 -11.16016006
vt -0.52359903 -10.98713017
vt -0.47123900 -10.98713017
vt -0.52359903 -10.81410027
vt -0.47123900 -10.81410027
vt -0.52359903 -10.64107990
vt -0.47123900 -10.64107990
vt -0.52359903 -10.46805000
vt -0.47123900 -10.46805000
vt -0.52359903 -10.29502964
vt -0.47123900 -10.29502964
vt -0.52359903 -10.12199974
vt -0.47123900 -10.12199974
vt -0.52359903 -9.94897556
vt -0.47123900 -9.94897556
vt -0.52359903 -9.77595234
vt -0.47123900 -9.77595234
vt -0.52359903 -9.60292625
vt -0.47123900 -9.60292625
vt -0.52359903 -9.42990017
vt -0.47123900 -9.42990017
vt -0.52359903 -9.25687504
vt -0.47123900 -9.25687504
vt -0.52359903 -9.08384800
vt -0.47123900 -9.08384800
vt -0.52359903 -8.91082191
vt -0.47123900 -8.91082191
vt -0.52359903 -8.73887253
vt -0.47123900 -8.73876476
vt -0.52359903 -8.56477070
vt -0.47123900 -8.56477070
vt -0.52359903 -8.39174461
vt -0.47123900 -8.39174461
vt -0.52359903 -8.21872139
vt -0.47123900 -8.21872139
vt -0.52359903 -8.04569530
vt -0.47123900 -8.04569530
vt -0.52359903 -7.87266779
vt -0.47123900 -7.87266779
vt -0.52359903 -7.69964314
vt -0.47123900 -7.69964314
vt -0.52359903 -7.52661705
vt -0.47123900 -7.52661705
vt -0.52359903 -7.35359097
vt -0.47123900 -7.35359097
vt -0.52359903 -7.18056583
vt -0.47123900 -7.18056583
vt -0.52359903 -7.00754023
vt -0.47123900 -7.00754023
vt -0.52359903 -6.83451414
vt -0.47123900 -6.83451414
vt -0.52359903 -6.66148901
vt -0.47123900 -6.66148901
vt -0.52359903 -6.48846292
vt -0.47123900 -6.48846292
vt -0.52359903 -6.31543684
vt -0.47123900 -6.31543684
vt -0.52359903 -6.14241123
vt -0.47123900 -6.14241123
vt -0.52359903 -5.96938610
vt -0.47123900 -5.96938610
vt -0.52359903 -5.79636002
vt -0.47123900 -5.79636002
vt -0.52359903 -5.62333393
vt -0.47123900 -5.62333393
vt -0.52359903 -5.45030880
vt -0.47123900 -5.45030880
vt -0.52359903 -5.27728319
vt -0.47123900 -5.27728319
vt -0.52359903 -5.10425711
vt -0.47123900 -5.10425711
vt -0.52359903 -4.93123198
vt -0.47123900 -4.93123198
vt -0.52359903 -4.75820589
vt -0.47123900 -4.75820589
vt -0.52359903 -4.58517981
vt -0.47123900 -4.58517981
vt -0.52359903 -4.41215515
vt -0.47123900 -4.41215515
vt -0.52359903 -4.23912907
vt -0.47123900 -4.23912907
vt -0.52359903 -4.06610298
vt -0.47123900 -4.06610298
vt -0.52359903 -3.89307809
vt -0.47123900 -3.89307809
vt -0.52359903 -3.72005200
vt -0.47123900 -3.72005200
vt -0.52359903 -3.54702592
vt -0.47123900 -3.54702592
vt -0.52359903 -3.37400103
vt -0.47123900 -3.37400103
vt -0.52359903 -3.20097494
vt -0.47123900 -3.20097494
vt -0.52359903 -3.02794909
vt -0.47123900 -3.02794909
vt -0.52359903 -2.85492396
vt -0.47123900 -2.85492396
vt -0.52359903 -2.68189812
vt -0.47123900 -2.68189812
vt -0.52359903 -2.50887203
vt -0.47123900 -2.50887203
vt -0.52359903 -2.33584690
vt -0.47123900 -2.33584690
vt -0.52359903 -2.16282105
vt -0.47123900 -2.16282105
vt -0.52359903 -1.98979497
vt -0.47123900 -1.98979497
vt -0.52359903 -1.81676996
vt -0.47123900 -1.81676996
vt -0.52359903 -1.64374399
vt -0.47123900 -1.64374399
vt -0.52359903 -1.47071803
vt -0.47123900 -1.47071803
vt -0.52359903 -1.29769301
vt -0.47123900 -1.29769301
vt -0.52359903 -1.12466705
vt -0.47123900 -1.12466705
vt -0.52359903 -0.95164102
vt -0.47123900 -0.95164102
vt -0.52359903 -0.77861601
vt -0.47123900 -0.77861601
vt -0.52359903 -0.60558999
vt -0.47123900 -0.60558999
vt -0.52359903 -0.43256399
vt -0.47123900 -0.43256399
vt -0.52359903 -0.25953901
vt -0.47123900 -0.25953901
vt -0.52359903 -0.08651298
vt -0.47123900 -0.08651298
vt -0.52359903 0.08651298
vt -0.47123900 0.08651298
vt -0.52359903 0.25953901
vt -0.47123900 0.25953901
vt -0.52359903 0.43256399
vt -0.47123900 0.43256399
vt -0.52359903 0.60558999
vt -0.47123900 0.60558999
vt -0.52359903 0.77861601
vt -0.47123900 0.77861601
vt -0.52359903 0.95164102
vt -0.47123900 0.95164102
vt -0.52359903 1.12466705
vt -0.47123900 1.12466705
vt -0.52359903 1.29769301
vt -0.47123900 1.29769301
vt -0.52359903 1.47071803
vt -0.47123900 1.47071803
vt -0.52359903 1.64374399
vt -0.47123900 1.64374399
vt -0.52359903 1.81676996
vt -0.47123900 1.81676996
vt -0.52359903 1.98979497
vt -0.47123900 1.98979497
vt -0.52359903 2.16282105
vt -0.47123900 2.16282105
vt -0.52359903 2.33584690
vt -0.47123900 2.33584690
vt -0.52359903 2.50887203
vt -0.47123900 2.50887203
vt -0.52359903 2.68189812
vt -0.47123900 2.68189812
vt -0.52359903 2.85492396
vt -0.47123900 2.85492396
vt -0.52359903 3.02794909
vt -0.47123900 3.02794909
vt -0.52359903 3.20097494
vt -0.47123900 3.20097494
vt -0.52359903 3.37400103
vt -0.47123900 3.37400103
vt -0.52359903 3.54702592
vt -0.47123900 3.54702592
vt -0.52359903 3.72005200
vt -0.47123900 3.72005200
vt -0.52359903 3.89307809
vt -0.47123900 3.89307809
vt -0.52359903 4.06610298
vt -0.47123900 4.06610298
vt -0.52359903 4.23912907
vt -0.47123900 4.23912907
vt -0.52359903 4.41215515
vt -0.47123900 4.41215515
vt -0.52359903 4.58517981
vt -0.47123900 4.58517981
vt -0.52359903 4.75820589
vt -0.47123900 4.75820589
vt -0.52359903 4.93123198
vt -0.47123900 4.93123198
vt -0.52359903 5.10425711
vt -0.47123900 5.10425711
vt -0.52359903 5.27728319
vt -0.47123900 5.27728319
vt -0.52359903 5.45030880
vt -0.47123900 5.45030880
vt -0.52359903 5.62333393
vt -0.47123900 5.62333393
vt -0.52359903 5.79636002
vt -0.47123900 5.79636002
vt -0.52359903 5.96938610
vt -0.47123900 5.96938610
vt -0.52359903 6.14241123
vt -0.47123900 6.14241123
vt -0.52359903 6.31543684
vt -0.47123900 6.31543684
vt -0.52359903 6.48846292
vt -0.47123900 6.48846292
vt -0.52359903 6.66148901
vt -0.47123900 6.66148901
vt -0.52359903 6.83451414
vt -0.47123900 6.83451414
vt -0.52359903 7.00754023
vt -0.47123900 7.00754023
vt -0.52359903 7.18056583
vt -0.47123900 7.18056583
vt -0.52359903 7.35359097
vt -0.47123900 7.35359097
vt -0.52359903 7.52661705
vt -0.47123900 7.52661705
vt -0.52359903 7.69964314
vt -0.47123900 7.69964314
vt -0.52359903 7.87266779
vt -0.47123900 7.87266779
vt -0.52359903 8.04569530
vt -0.47123900 8.04569530
vt -0.52359903 8.21872139
vt -0.47123900 8.21872139
vt -0.52359903 8.39174461
vt -0.47123900 8.39174461
vt -0.52359903 8.56477070
vt -0.47123900 8.56477070
vt -0.47123900 8.73876476
vt -0.41887900 8.73865700
vt -0.41887900 8.91082191
vt -0.36651900 8.91082191
vt -0.41887900 9.08384800
vt -0.36651900 9.08384800
vt -0.41887900 9.25687504
vt -0.36651900 9.25687504
vt -0.41887900 9.42990017
vt -0.36651900 9.42990017
vt -0.41887900 9.60292625
vt -0.36651900 9.60292625
vt -0.41887900 9.77595234
vt -0.36651900 9.77595234
vt -0.41887900 9.94897556
vt -0.36651900 9.94897556
vt -0.41887900 10.12199974
vt -0.36651900 10.12199974
vt -0.41887900 10.29502964
vt -0.36651900 10.29502964
vt -0.41887900 10.46805000
vt -0.36651900 10.46805000
vt -0.41887900 10.64107990
vt -0.36651900 10.64107990
vt -0.41887900 10.81410027
vt -0.36651900 10.81410027
vt -0.41887900 10.98713017
vt -0.36651900 10.98713017
vt -0.41887900 11.16016006
vt -0.36651900 11.16016006
vt -0.41887900 11.33318043
vt -0.36651900 11.33318043
vt -0.41887900 11.50621033
vt -0.36651900 11.50621033
vt -0.41887900 11.67922974
vt -0.36651900 11.67922974
vt -0.41887900 11.85225964
vt -0.36651900 11.85225964
vt -0.41887900 12.02569008
vt -0.36651900 12.02579021
vt -0.41887900 12.19830990
vt -0.36651900 12.19830990
vt -0.41887900 -12.19830990
vt -0.36651900 -12.19830990
vt -0.36651900 -12.02579021
vt -0.31415901 -12.02589035
vt -0.31415901 -11.85225964
vt -0.26179901 -11.85225964
vt -0.31415901 -11.67922974
vt -0.26179901 -11.67922974
vt -0.31415901 -11.50621033
vt -0.26179901 -11.50621033
vt -0.31415901 -11.33318043
vt -0.26179901 -11.33318043
vt -0.31415901 -11.16016006
vt -0.26179901 -11.16016006
vt -0.31415901 -10.98713017
vt -0.26179901 -10.98713017
vt -0.31415901 -10.81410027
vt -0.26179901 -10.81410027
vt -0.31415901 -10.64107990
vt -0.26179901 -10.64107990
vt -0.31415901 -10.46805000
vt -0.26179901 -10.46805000
vt -0.31415901 -10.29502964
vt -0.26179901 -10.29502964
vt -0.31415901 -10.12199974
vt -0.26179901 -10.12199974
vt -0.31415901 -9.94897556
vt -0.26179901 -9.94897556
vt -0.31415901 -9.77595234
vt -0.26179901 -9.77595234
vt -0.31415901 -9.60292625
vt -0.26179901 -9.60292625
vt -0.31415901 -9.42990017
vt -0.26179901 -9.42990017
vt -0.31415901 -9.25687504
vt -0.26179901 -9.25687504
vt -0.31415901 -9.08384800
vt -0.26179901 -9.08384800
vt -0.31415901 -8.91082191
vt -0.26179901 -8.91082191
vt -0.31415901 -8.73844337
vt -0.26179901 -8.73833466
vt -0.31415901 -8.56477070
vt -0.26179901 -8.56477070
vt -0.31415901 -8.39174461
vt -0.26179901 -8.39174461
vt -0.31415901 -8.21872139
vt -0.26179901 -8.21872139
vt -0.31415901 -8.04569530
vt -0.26179901 -8.04569530
vt -0.31415901 -7.87266779
vt -0.26179901 -7.87266779
vt -0.31415901 -7.69964314
vt -0.26179901 -7.69964314
vt -0.31415901 -7.52661705
vt -0.26179901 -7.52661705
vt -0.31415901 -7.35359097
vt -0.26179901 -7.35359097
vt -0.31415901 -7.18056583
vt -0.26179901 -7.18056583
vt -0.31415901 -7.00754023
vt -0.26179901 -7.00754023
vt -0.31415901 -6.83451414
vt -0.26179901 -6.83451414
vt -0.31415901 -6.66148901
vt -0.26179901 -6.66148901
vt -0.31415901 -6.48846292
vt -0.26179901 -6.48846292
vt -0.31415901 -6.31543684
vt -0.26179901 -6.31543684
vt -0.31415901 -6.14241123
vt -0.26179901 -6.14241123
vt -0.31415901 -5.96938610
vt -0.26179901 -5.96938610
vt -0.31415901 -5.79636002
vt -0.26179901 -5.79636002
vt -0.31415901 -5.62333393
vt -0.26179901 -5.62333393
vt -0.31415901 -5.45030880
vt -0.26179901 -5.45030880
vt -0.31415901 -5.27728319
vt -0.26179901 -5.27728319
vt -0.31415901 -5.10425711
vt -0.26179901 -5.10425711
vt -0.31415901 -4.93123198
vt -0.26179901 -4.93123198
vt -0.31415901 -4.75820589
vt -0.26179901 -4.75820589
vt -0.31415901 -4.58517981
vt -0.26179901 -4.58517981
vt -0.31415901 -4.41215515
vt -0.26179901 -4.41215515
vt -0.31415901 -4.23912907
vt -0.26179901 -4.23912907
vt -0.31415901 -4.06610298
vt -0.26179901 -4.06610298
vt -0.31415901 -3.89307809
vt -0.26179901 -3.89307809
vt -0.31415901 -3.72005200
vt -0.26179901 -3.72005200
vt -0.31415901 -3.54702592
vt -0.26179901 -3.54702592
vt -0.31415901 -3.37400103
vt -0.26179901 -3.37400103
vt -0.31415901 -3.20097494
vt -0.26179901 -3.20097494
vt -0.31415901 -3.02794909
vt -0.26179901 -3.02794909
vt -0.31415901 -2.85492396
vt -0.26179901 -2.85492396
vt -0.31415901 -2.68189812
vt -0.26179901 -2.68189812
vt -0.31415901 -2.50887203
vt -0.26179901 -2.50887203
vt -0.31415901 -2.33584690
vt -0.26179901 -2.33584690
vt -0.31415901 -2.16282105
vt -0.26179901 -2.16282105
vt -0.31415901 -1.98979497
vt -0.26179901 -1.98979497
vt -0.31415901 -1.81676996
vt -0.26179901 -1.81676996
vt -0.31415901 -1.64374399
vt -0.26179901 -1.64374399
vt -0.31415901 -1.47071803
vt -0.26179901 -1.47071803
vt -0.31415901 -1.29769301
vt -0.26179901 -1.29769301
vt -0.31415901 -1.12466705
vt -0.26179901 -1.12466705
vt -0.31415901 -0.95164102
vt -0.26179901 -0.95164102
vt -0.31415901 -0.77861601
vt -0.26179901 -0.77861601
vt -0.31415901 -0.60558999
vt -0.26179901 -0.60558999
vt -0.31415901 -0.43256399
vt -0.26179901 -0.43256399
vt -0.31415901 -0.25953901
vt -0.26179901 -0.25953901
vt -0.31415901 -0.08651298
vt -0.26179901 -0.08651298
vt -0.31415901 0.08651298
vt -0.26179901 0.08651298
vt -0.31415901 0.25953901
vt -0.26179901 0.25953901
vt -0.31415901 0.43256399
vt -0.26179901 0.43256399
vt -0.31415901 0.60558999
vt -0.26179901 0.60558999
vt -0.31415901 0.77861601
vt -0.26179901 0.77861601
vt -0.31415901 0.95164102
vt -0.26179901 0.95164102
vt -0.31415901 1.12466705
vt -0.26179901 1.12466705
vt -0.31415901 1.29769301
vt -0.26179901 1.29769301
vt -0.31415901 1.47071803
vt -0.26179901 1.47071803
vt -0.31415901 1.64374399
vt -0.26179901 1.64374399
vt -0.31415901 1.81676996
vt -0.26179901 1.81676996
vt -0.31415901 1.98979497
vt -0.26179901 1.98979497
vt -0.31415901 2.16282105
vt -0.26179901 2.16282105
vt -0.31415901 2.33584690
vt -0.26179901 2.33584690
vt -0.31415901 2.50887203
vt -0.26179901 2.50887203
vt -0.31415901 2.68189812
vt -0.26179901 2.68189812
vt -0.31415901 2.85492396
vt -0.26179901 2.85492396
vt -0.31415901 3.02794909
vt -0.26179901 3.02794909
vt -0.31415901 3.20097494
vt -0.26179901 3.20097494
vt -0.31415901 3.37400103
vt -0.26179901 3.37400103
vt -0.31415901 3.54702592
vt -0.26179901 3.54702592
vt -0.31415901 3.72005200
vt -0.26179901 3.72005200
vt -0.31415901 3.89307809
vt -0.26179901 3.89307809
vt -0.31415901 4.06610298
vt -0.26179901 4.06610298
vt -0.31415901 4.23912907
vt -0.26179901 4.23912907
vt -0.31415901 4.41215515
vt -0.26179901 4.41215515
vt -0.31415901 4.58517981
vt -0.26179901 4.58517981
vt -0.31415901 4.75820589
vt -0.26179901 4.75820589
vt -0.31415901 4.93123198
vt -0.26179901 4.93123198
vt -0.31415901 5.10425711
vt -0.26179901 5.10425711
vt -0.31415901 5.27728319
vt -0.26179901 5.27728319
vt -0.31415901 5.45030880
vt -0.26179901 5.45030880
vt -0.31415901 5.62333393
vt -0.26179901 5.62333393
vt -0.31415901 5.79636002
vt -0.26179901 5.79636002
vt -0.31415901 5.96938610
vt -0.26179901 5.96938610
vt -0.31415901 6.14241123
vt -0.26179901 6.14241123
vt -0.31415901 6.31543684
vt -0.26179901 6.31543684
vt -0.31415901 6.48846292
vt -0.26179901 6.48846292
vt -0.31415901 6.66148901
vt -0.26179901 6.66148901
vt -0.31415901 6.83451414
vt -0.26179901 6.83451414
vt -0.31415901 7.00754023
vt -0.26179901 7.00754023
vt -0.31415901 7.18056583
vt -0.26179901 7.18056583
vt -0.31415901 7.35359097
vt -0.26179901 7.35359097
vt -0.31415901 7.52661705
vt -0.26179901 7.52661705
vt -0.31415901 7.69964314
vt -0.26179901 7.69964314
vt -0.31415901 7.87266779
vt -0.26179901 7.87266779
vt -0.31415901 8.04569530
vt -0.26179901 8.04569530
vt -0.31415901 8.21872139
vt -0.26179901 8.21872139
vt -0.31415901 8.39174461
vt -0.26179901 8.39174461
vt -0.31415901 8.56477070
vt -0.26179901 8.56477070
vt -0.26179901 8.73833466
vt -0.20943990 8.73822689
vt -0.20943990 8.91082191
vt -0.15707991 8.91082191
vt -0.20943990 9.08384800
vt -0.15707991 9.08384800
vt -0.20943990 9.25687504
vt -0.15707991 9.25687504
vt -0.20943990 9.42990017
vt -0.15707991 9.42990017
vt -0.20943990 9.60292625
vt -0.15707991 9.60292625
vt -0.20943990 9.77595234
vt -0.15707991 9.77595234
vt -0.20943990 9.94897556
vt -0.15707991 9.94897556
vt -0.20943990 10.12199974
vt -0.15707991 10.12199974
vt -0.20943990 10.29502964
vt -0.15707991 10.29502964
vt -0.20943990 10.46805000
vt -0.15707991 10.46805000
vt -0.20943990 10.64107990
vt -0.15707991 10.64107990
vt -0.20943990 10.81410027
vt -0.15707991 10.81410027
vt -0.20943990 10.98713017
vt -0.15707991 10.98713017
vt -0.20943990 11.16016006
vt -0.15707991 11.16016006
vt -0.20943990 11.33318043
vt -0.15707991 11.33318043
vt -0.20943990 11.50621033
vt -0.15707991 11.50621033
vt -0.20943990 11.67922974
vt -0.15707991 11.67922974
vt -0.20943990 11.85225964
vt -0.15707991 11.85225964
vt -0.20943990 12.02610016
vt -0.15707991 12.02620029
vt -0.20943990 12.19830990
vt -0.15707991 12.19830990
vt -0.20943990 -12.19830990
vt -0.15707991 -12.19830990
vt -0.15707991 -12.02620029
vt -0.10471990 -12.02630043
vt -0.10471990 -11.85225964
vt -0.10471990 -11.67922974
vt -0.10471990 -11.50621033
vt -0.10471990 -11.33318043
vt -0.10471990 -11.16016006
vt -0.10471990 -10.98713017
vt -0.10471990 -10.81410027
vt -0.10471990 -10.64107990
vt -0.10471990 -10.46805000
vt -0.10471990 -10.29502964
vt -0.10471990 -10.12199974
vt -0.10471990 -9.94897556
vt -0.10471990 -9.77595234
vt -0.10471990 -9.60292625
vt -0.10471990 -9.42990017
vt -0.10471990 -9.25687504
vt -0.10471990 -9.08384800
vt -0.10471990 -8.91082191
vt -0.10471990 -8.73801327
vt -0.10471990 -8.56477070
vt -0.10471990 -8.39174461
vt -0.10471990 -8.21872139
vt -0.10471990 -8.04569530
vt -0.10471990 -7.87266779
vt -0.10471990 -7.69964314
vt -0.10471990 -7.52661705
vt -0.10471990 -7.35359097
vt -0.10471990 -7.18056583
vt -0.10471990 -7.00754023
vt -0.10471990 -6.83451414
vt -0.10471990 -6.66148901
vt -0.10471990 -6.48846292
vt -0.10471990 -6.31543684
vt -0.10471990 -6.14241123
vt -0.10471990 -5.96938610
vt -0.10471990 -5.79636002
vt -0.10471990 -5.62333393
vt -0.10471990 -5.45030880
vt -0.10471990 -5.27728319
vt -0.10471990 -5.10425711
vt -0.10471990 -4.93123198
vt -0.10471990 -4.75820589
vt -0.10471990 -4.58517981
vt -0.10471990 -4.41215515
vt -0.10471990 -4.23912907
vt -0.10471990 -4.06610298
vt -0.10471990 -3.89307809
vt -0.10471990 -3.72005200
vt -0.10471990 -3.54702592
vt -0.10471990 -3.37400103
vt -0.10471990 -3.20097494
vt -0.10471990 -3.02794909
vt -0.10471990 -2.85492396
vt -0.10471990 -2.68189812
vt -0.10471990 -2.50887203
vt -0.10471990 -2.33584690
vt -0.10471990 -2.16282105
vt -0.10471990 -1.98979497
vt -0.10471990 -1.81676996
vt -0.10471990 -1.64374399
vt -0.10471990 -1.47071803
vt -0.10471990 -1.29769301
vt -0.10471990 -1.12466705
vt -0.10471990 -0.95164102
vt -0.10471990 -0.77861601
vt -0.10471990 -0.60558999
vt -0.10471990 -0.43256399
vt -0.10471990 -0.25953901
vt -0.10471990 -0.08651298
vt -0.10471990 0.08651298
vt -0.10471990 0.25953901
vt -0.10471990 0.43256399
vt -0.10471990 0.60558999
vt -0.10471990 0.77861601
vt -0.10471990 0.95164102
vt -0.10471990 1.12466705
vt -0.10471990 1.29769301
vt -0.10471990 1.47071803
vt -0.10471990 1.64374399
vt -0.10471990 1.81676996
vt -0.10471990 1.98979497
vt -0.10471990 2.16282105
vt -0.10471990 2.33584690
vt -0.10471990 2.50887203
vt -0.10471990 2.68189812
vt -0.10471990 2.85492396
vt -0.10471990 3.02794909
vt -0.10471990 3.20097494
vt -0.10471990 3.37400103
vt -0.10471990 3.54702592
vt -0.10471990 3.72005200
vt -0.10471990 3.89307809
vt -0.10471990 4.06610298
vt -0.10471990 4.23912907
vt -0.10471990 4.41215515
vt -0.10471990 4.58517981
vt -0.10471990 4.75820589
vt -0.10471990 4.93123198
vt -0.10471990 5.10425711
vt -0.10471990 5.27728319
vt -0.10471990 5.45030880
vt -0.10471990 5.62333393
vt -0.10471990 5.79636002
vt -0.10471990 5.96938610
vt -0.10471990 6.14241123
vt -0.10471990 6.31543684
vt -0.10471990 6.48846292
vt -0.10471990 6.66148901
vt -0.10471990 6.83451414
vt -0.10471990 7.00754023
vt -0.10471990 7.18056583
vt -0.10471990 7.35359097
vt -0.10471990 7.52661705
vt -0.10471990 7.69964314
vt -0.10471990 7.87266779
vt -0.10471990 8.04569530
vt -0.10471990 8.21872139
vt -0.10471990 8.39174461
vt -0.10471990 8.56477070
vt -0.57595903 11.85225964
vt -0.62831903 11.83417988
vt -0.57595903 11.67922974
vt -0.62831903 11.65211964
vt -0.57595903 11.50621033
vt -0.62831903 11.47004986
vt -0.57595903 11.33318043
vt -0.62831903 11.28798962
vt -0.57595903 11.16016006
vt -0.62831903 11.10591984
vt -0.57595903 10.98713017
vt -0.62831903 10.92385960
vt -0.57595903 10.81410027
vt -0.62831903 10.74178982
vt -0.57595903 10.64107990
vt -0.62831903 10.55972958
vt -0.57595903 10.46805000
vt -0.62831903 10.37767029
vt -0.57595903 10.29502964
vt -0.62831903 10.19559956
vt -0.57595903 10.12199974
vt -0.62831903 10.01354027
vt -0.57595903 9.94897556
vt -0.62831903 9.83147526
vt -0.57595903 9.77595234
vt -0.62831903 9.64941120
vt -0.57595903 9.60292625
vt -0.62831903 9.46734619
vt -0.57595903 9.42990017
vt -0.62831903 9.28528214
vt -0.57595903 9.25687504
vt -0.62831903 9.10321808
vt -0.57595903 9.08384800
vt -0.62831903 8.92115307
vt -0.57595903 8.91082191
vt -0.62831903 8.73908901
vt -0.57595903 8.73898125
vt -0.57595903 8.56477070
vt -0.52359903 8.73887253
vt -0.62831903 8.55702400
vt -0.57595903 8.39174461
vt -0.52359903 8.39174461
vt -0.62831903 8.37495899
vt -0.57595903 8.21872139
vt -0.62831903 8.19289494
vt -0.57595903 8.04569530
vt -0.62831903 8.01083088
vt -0.57595903 7.87266779
vt -0.62831903 7.82876587
vt -0.57595903 7.69964314
vt -0.62831903 7.64670181
vt -0.57595903 7.52661705
vt -0.62831903 7.46463823
vt -0.57595903 7.35359097
vt -0.62831903 7.28257322
vt -0.57595903 7.18056583
vt -0.62831903 7.10050917
vt -0.57595903 7.00754023
vt -0.62831903 6.91844511
vt -0.57595903 6.83451414
vt -0.62831903 6.73638010
vt -0.57595903 6.66148901
vt -0.62831903 6.55431604
vt -0.57595903 6.48846292
vt -0.62831903 6.37225199
vt -0.57595903 6.31543684
vt -0.62831903 6.19018698
vt -0.57595903 6.14241123
vt -0.62831903 6.00812292
vt -0.57595903 5.96938610
vt -0.62831903 5.82605886
vt -0.57595903 5.79636002
vt -0.62831903 5.64399385
vt -0.57595903 5.62333393
vt -0.62831903 5.46192980
vt -0.57595903 5.45030880
vt -0.62831903 5.27986622
vt -0.57595903 5.27728319
vt -0.57595903 5.10425711
vt -0.62831903 5.09780121
vt -0.57595903 4.93123198
vt -0.62831903 4.91573715
vt -0.57595903 4.75820589
vt -0.62831903 4.73367310
vt -0.57595903 4.58517981
vt -0.62831903 4.55160809
vt -0.57595903 4.41215515
vt -0.62831903 4.36954403
vt -0.57595903 4.23912907
vt -0.62831903 4.18747997
vt -0.57595903 4.06610298
vt -0.62831903 4.00541496
vt -0.57595903 3.89307809
vt -0.62831903 3.82335091
vt -0.57595903 3.72005200
vt -0.62831903 3.64128709
vt -0.57595903 3.54702592
vt -0.62831903 3.45922208
vt -0.57595903 3.37400103
vt -0.62831903 3.27715802
vt -0.57595903 3.20097494
vt -0.62831903 3.09509397
vt -0.57595903 3.02794909
vt -0.62831903 2.91302896
vt -0.57595903 2.85492396
vt -0.62831903 2.73096490
vt -0.57595903 2.68189812
vt -0.62831903 2.54890108
vt -0.57595903 2.50887203
vt -0.62831903 2.36683607
vt -0.57595903 2.33584690
vt -0.62831903 2.18477201
vt -0.57595903 2.16282105
vt -0.62831903 2.00270796
vt -0.57595903 1.98979497
vt -0.62831903 1.82064295
vt -0.57595903 1.81676996
vt -0.57595903 1.64374399
vt -0.62831903 1.63857901
vt -0.57595903 1.47071803
vt -0.62831903 1.45651495
vt -0.57595903 1.29769301
vt -0.62831903 1.27444994
vt -0.57595903 1.12466705
vt -0.62831903 1.09238601
vt -0.57595903 0.95164102
vt -0.62831903 0.91032201
vt -0.57595903 0.77861601
vt -0.62831903 0.72825700
vt -0.57595903 0.60558999
vt -0.62831903 0.54619300
vt -0.57595903 0.43256399
vt -0.62831903 0.36412901
vt -0.57595903 0.25953901
vt -0.62831903 0.18206391
vt -0.57595903 0.08651298
vt -0.62831903 0.00000000
vt -0.57595903 -0.08651298
vt -0.62831903 -0.18206391
vt -0.57595903 -0.25953901
vt -0.62831903 -0.36412901
vt -0.57595903 -0.43256399
vt -0.62831903 -0.54619300
vt -0.57595903 -0.60558999
vt -0.62831903 -0.72825700
vt -0.57595903 -0.77861601
vt -0.62831903 -0.91032201
vt -0.57595903 -0.95164102
vt -0.62831903 -1.09238601
vt -0.57595903 -1.12466705
vt -0.62831903 -1.27444994
vt -0.57595903 -1.29769301
vt -0.62831903 -1.45651495
vt -0.57595903 -1.47071803
vt -0.62831903 -1.63857901
vt -0.57595903 -1.64374399
vt -0.62831903 -1.82064295
vt -0.57595903 -1.81676996
vt -0.57595903 -1.98979497
vt -0.62831903 -2.00270796
vt -0.57595903 -2.16282105
vt -0.62831903 -2.18477201
vt -0.57595903 -2.33584690
vt -0.62831903 -2.36683607
vt -0.57595903 -2.50887203
vt -0.62831903 -2.54890108
vt -0.57595903 -2.68189812
vt -0.62831903 -2.73096490
vt -0.57595903 -2.85492396
vt -0.62831903 -2.91302896
vt -0.57595903 -3.02794909
vt -0.62831903 -3.09509397
vt -0.57595903 -3.20097494
vt -0.62831903 -3.27715802
vt -0.57595903 -3.37400103
vt -0.62831903 -3.45922208
vt -0.57595903 -3.54702592
vt -0.62831903 -3.64128709
vt -0.57595903 -3.72005200
vt -0.62831903 -3.82335091
vt -0.57595903 -3.89307809
vt -0.62831903 -4.00541496
vt -0.57595903 -4.06610298
vt -0.62831903 -4.18747997
vt -0.57595903 -4.23912907
vt -0.62831903 -4.36954403
vt -0.57595903 -4.41215515
vt -0.62831903 -4.55160809
vt -0.57595903 -4.58517981
vt -0.62831903 -4.73367310
vt -0.57595903 -4.75820589
vt -0.62831903 -4.91573715
vt -0.57595903 -4.93123198
vt -0.62831903 -5.09780121
vt -0.57595903 -5.10425711
vt -0.62831903 -5.27986622
vt -0.57595903 -5.27728319
vt -0.57595903 -5.45030880
vt -0.62831903 -5.46192980
vt -0.57595903 -5.62333393
vt -0.62831903 -5.64399385
vt -0.57595903 -5.79636002
vt -0.62831903 -5.82605886
vt -0.57595903 -5.96938610
vt -0.62831903 -6.00812292
vt -0.57595903 -6.14241123
vt -0.62831903 -6.19018698
vt -0.57595903 -6.31543684
vt -0.62831903 -6.37225199
vt -0.57595903 -6.48846292
vt -0.62831903 -6.55431604
vt -0.57595903 -6.66148901
vt -0.62831903 -6.73638010
vt -0.57595903 -6.83451414
vt -0.62831903 -6.91844511
vt -0.57595903 -7.00754023
vt -0.62831903 -7.10050917
vt -0.57595903 -7.18056583
vt -0.62831903 -7.28257322
vt -0.57595903 -7.35359097
vt -0.62831903 -7.46463823
vt -0.57595903 -7.52661705
vt -0.62831903 -7.64670181
vt -0.57595903 -7.69964314
vt -0.62831903 -7.82876587
vt -0.57595903 -7.87266779
vt -0.62831903 -8.01083088
vt -0.57595903 -8.04569530
vt -0.62831903 -8.19289494
vt -0.57595903 -8.21872139
vt -0.52359903 -8.39174461
vt -0.62831903 -8.37495899
vt -0.57595903 -8.39174461
vt -0.62831903 -8.55702400
vt -0.57595903 -8.56477070
vt -0.62831903 -8.73908901
vt -0.57595903 -8.73898125
vt -0.57595903 -8.91082191
vt -0.62831903 -8.92115307
vt -0.57595903 -9.08384800
vt -0.62831903 -9.10321808
vt -0.57595903 -9.25687504
vt -0.62831903 -9.28528214
vt -0.57595903 -9.42990017
vt -0.62831903 -9.46734619
vt -0.57595903 -9.60292625
vt -0.62831903 -9.64941120
vt -0.57595903 -9.77595234
vt -0.62831903 -9.83147526
vt -0.57595903 -9.94897556
vt -0.62831903 -10.01354027
vt -0.57595903 -10.12199974
vt -0.62831903 -10.19559956
vt -0.57595903 -10.29502964
vt -0.62831903 -10.37767029
vt -0.57595903 -10.46805000
vt -0.62831903 -10.55972958
vt -0.57595903 -10.64107990
vt -0.62831903 -10.74178982
vt -0.57595903 -10.81410027
vt -0.62831903 -10.92385960
vt -0.57595903 -10.98713017
vt -0.62831903 -11.10591984
vt -0.57595903 -11.16016006
vt -0.62831903 -11.28798962
vt -0.57595903 -11.33318043
vt -0.62831903 -11.47004986
vt -0.57595903 -11.50621033
vt -0.62831903 -11.65211964
vt -0.57595903 -11.67922974
vt -0.62831903 -11.83417988
vt -0.57595903 -11.85225964
vt -0.62831903 -12.01624966
vt -0.10471990 12.19830990
vt -0.10471990 12.02630043
vt -0.10471990 11.85225964
vt -0.10471990 11.67922974
vt -0.10471990 11.50621033
vt -0.10471990 11.33318043
vt -0.10471990 11.16016006
vt -0.10471990 10.98713017
vt -0.10471990 10.81410027
vt -0.10471990 10.64107990
vt -0.10471990 10.46805000
vt -0.10471990 10.29502964
vt -0.10471990 10.12199974
vt -0.10471990 9.94897556
vt -0.10471990 9.77595234
vt -0.10471990 9.60292625
vt -0.10471990 9.42990017
vt -0.10471990 9.25687504
vt -0.10471990 9.08384800
vt -0.10471990 8.91082191
vt -0.10471990 8.73801327
vt -0.15707991 8.73812008
vt -0.15707991 8.56477070
vt -0.20943990 8.56477070
vt -0.15707991 8.39174461
vt -0.20943990 8.39174461
vt -0.15707991 8.21872139
vt -0.20943990 8.21872139
vt -0.15707991 8.04569530
vt -0.20943990 8.04569530
vt -0.15707991 7.87266779
vt -0.20943990 7.87266779
vt -0.15707991 7.69964314
vt -0.20943990 7.69964314
vt -0.15707991 7.52661705
vt -0.20943990 7.52661705
vt -0.15707991 7.35359097
vt -0.20943990 7.35359097
vt -0.15707991 7.18056583
vt -0.20943990 7.18056583
vt -0.15707991 7.00754023
vt -0.20943990 7.00754023
vt -0.15707991 6.83451414
vt -0.20943990 6.83451414
vt -0.15707991 6.66148901
vt -0.20943990 6.66148901
vt -0.15707991 6.48846292
vt -0.20943990 6.48846292
vt -0.15707991 6.31543684
vt -0.20943990 6.31543684
vt -0.15707991 6.14241123
vt -0.20943990 6.14241123
vt -0.15707991 5.96938610
vt -0.20943990 5.96938610
vt -0.15707991 5.79636002
vt -0.20943990 5.79636002
vt -0.15707991 5.62333393
vt -0.20943990 5.62333393
vt -0.15707991 5.45030880
vt -0.20943990 5.45030880
vt -0.15707991 5.27728319
vt -0.20943990 5.27728319
vt -0.15707991 5.10425711
vt -0.20943990 5.10425711
vt -0.15707991 4.93123198
vt -0.20943990 4.93123198
vt -0.15707991 4.75820589
vt -0.20943990 4.75820589
vt -0.15707991 4.58517981
vt -0.20943990 4.58517981
vt -0.15707991 4.41215515
vt -0.20943990 4.41215515
vt -0.15707991 4.23912907
vt -0.20943990 4.23912907
vt -0.15707991 4.06610298
vt -0.20943990 4.06610298
vt -0.15707991 3.89307809
vt -0.20943990 3.89307809
vt -0.15707991 3.72005200
vt -0.20943990 3.72005200
vt -0.15707991 3.54702592
vt -0.20943990 3.54702592
vt -0.15707991 3.37400103
vt -0.20943990 3.37400103
vt -0.15707991 3.20097494
vt -0.20943990 3.20097494
vt -0.15707991 3.02794909
vt -0.20943990 3.02794909
vt -0.15707991 2.85492396
vt -0.20943990 2.85492396
vt -0.15707991 2.68189812
vt -0.20943990 2.68189812
vt -0.15707991 2.50887203
vt -0.20943990 2.50887203
vt -0.15707991 2.33584690
vt -0.20943990 2.33584690
vt -0.15707991 2.16282105
vt -0.20943990 2.16282105
vt -0.15707991 1.98979497
vt -0.20943990 1.98979497
vt -0.15707991 1.81676996
vt -0.20943990 1.81676996
vt -0.15707991 1.64374399
vt -0.20943990 1.64374399
vt -0.15707991 1.47071803
vt -0.20943990 1.47071803
vt -0.15707991 1.29769301
vt -0.20943990 1.29769301
vt -0.15707991 1.12466705
vt -0.20943990 1.12466705
vt -0.15707991 0.95164102
vt -0.20943990 0.95164102
vt -0.15707991 0.77861601
vt -0.20943990 0.77861601
vt -0.15707991 0.60558999
vt -0.20943990 0.60558999
vt -0.15707991 0.43256399
vt -0.20943990 0.43256399
vt -0.15707991 0.25953901
vt -0.20943990 0.25953901
vt -0.15707991 0.08651298
vt -0.20943990 0.08651298
vt -0.15707991 -0.08651298
vt -0.20943990 -0.08651298
vt -0.15707991 -0.25953901
vt -0.20943990 -0.25953901
vt -0.15707991 -0.43256399
vt -0.20943990 -0.43256399
vt -0.15707991 -0.60558999
vt -0.20943990 -0.60558999
vt -0.15707991 -0.77861601
vt -0.20943990 -0.77861601
vt -0.15707991 -0.95164102
vt -0.20943990 -0.95164102
vt -0.15707991 -1.12466705
vt -0.20943990 -1.12466705
vt -0.15707991 -1.29769301
vt -0.20943990 -1.29769301
vt -0.15707991 -1.47071803
vt -0.20943990 -1.47071803
vt -0.15707991 -1.64374399
vt -0.20943990 -1.64374399
vt -0.15707991 -1.81676996
vt -0.20943990 -1.81676996
vt -0.15707991 -1.98979497
vt -0.20943990 -1.98979497
vt -0.15707991 -2.16282105
vt -0.20943990 -2.16282105
vt -0.15707991 -2.33584690
vt -0.20943990 -2.33584690
vt -0.15707991 -2.50887203
vt -0.20943990 -2.50887203
vt -0.15707991 -2.68189812
vt -0.20943990 -2.68189812
vt -0.15707991 -2.85492396
vt -0.20943990 -2.85492396
vt -0.15707991 -3.02794909
vt -0.20943990 -3.02794909
vt -0.15707991 -3.20097494
vt -0.20943990 -3.20097494
vt -0.15707991 -3.37400103
vt -0.20943990 -3.37400103
vt -0.15707991 -3.54702592
vt -0.20943990 -3.54702592
vt -0.15707991 -3.72005200
vt -0.20943990 -3.72005200
vt -0.15707991 -3.89307809
vt -0.20943990 -3.89307809
vt -0.15707991 -4.06610298
vt -0.20943990 -4.06610298
vt -0.15707991 -4.23912907
vt -0.20943990 -4.23912907
vt -0.15707991 -4.41215515
vt -0.20943990 -4.41215515
vt -0.15707991 -4.58517981
vt -0.20943990 -4.58517981
vt -0.15707991 -4.75820589
vt -0.20943990 -4.75820589
vt -0.15707991 -4.93123198
vt -0.20943990 -4.93123198
vt -0.15707991 -5.10425711
vt -0.20943990 -5.10425711
vt -0.15707991 -5.27728319
vt -0.20943990 -5.27728319
vt -0.15707991 -5.45030880
vt -0.20943990 -5.45030880
vt -0.15707991 -5.62333393
vt -0.20943990 -5.62333393
vt -0.15707991 -5.79636002
vt -0.20943990 -5.79636002
vt -0.15707991 -5.96938610
vt -0.20943990 -5.96938610
vt -0.15707991 -6.14241123
vt -0.20943990 -6.14241123
vt -0.15707991 -6.31543684
vt -0.20943990 -6.31543684
vt -0.15707991 -6.48846292
vt -0.20943990 -6.48846292
vt -0.15707991 -6.66148901
vt -0.20943990 -6.66148901
vt -0.15707991 -6.83451414
vt -0.20943990 -6.83451414
vt -0.15707991 -7.00754023
vt -0.20943990 -7.00754023
vt -0.15707991 -7.18056583
vt -0.20943990 -7.18056583
vt -0.15707991 -7.35359097
vt -0.20943990 -7.35359097
vt -0.15707991 -7.52661705
vt -0.20943990 -7.52661705
vt -0.15707991 -7.69964314
vt -0.20943990 -7.69964314
vt -0.15707991 -7.87266779
vt -0.20943990 -7.87266779
vt -0.15707991 -8.04569530
vt -0.20943990 -8.04569530
vt -0.15707991 -8.21872139
vt -0.20943990 -8.21872139
vt -0.15707991 -8.39174461
vt -0.20943990 -8.39174461
vt -0.15707991 -8.56477070
vt -0.20943990 -8.56477070
vt -0.15707991 -8.73812008
vt -0.20943990 -8.73822689
vt -0.15707991 -8.91082191
vt -0.20943990 -8.91082191
vt -0.15707991 -9.08384800
vt -0.20943990 -9.08384800
vt -0.15707991 -9.25687504
vt -0.20943990 -9.25687504
vt -0.15707991 -9.42990017
vt -0.20943990 -9.42990017
vt -0.15707991 -9.60292625
vt -0.20943990 -9.60292625
vt -0.15707991 -9.77595234
vt -0.20943990 -9.77595234
vt -0.15707991 -9.94897556
vt -0.20943990 -9.94897556
vt -0.15707991 -10.12199974
vt -0.20943990 -10.12199974
vt -0.15707991 -10.29502964
vt -0.20943990 -10.29502964
vt -0.15707991 -10.46805000
vt -0.20943990 -10.46805000
vt -0.15707991 -10.64107990
vt -0.20943990 -10.64107990
vt -0.15707991 -10.81410027
vt -0.20943990 -10.81410027
vt -0.15707991 -10.98713017
vt -0.20943990 -10.98713017
vt -0.15707991 -11.16016006
vt -0.20943990 -11.16016006
vt -0.15707991 -11.33318043
vt -0.20943990 -11.33318043
vt -0.15707991 -11.50621033
vt -0.20943990 -11.50621033
vt -0.15707991 -11.67922974
vt -0.20943990 -11.67922974
vt -0.15707991 -11.85225964
vt -0.20943990 -11.85225964
vt -0.20943990 -12.02610016
vt -0.26179901 -12.02600002
vt -0.26179901 -12.19830990
vt -0.31415901 -12.19830990
vt -0.26179901 12.19830990
vt -0.31415901 12.19830990
vt -0.26179901 12.02600002
vt -0.31415901 12.02589035
vt -0.26179901 11.85225964
vt -0.31415901 11.85225964
vt -0.26179901 11.67922974
vt -0.31415901 11.67922974
vt -0.26179901 11.50621033
vt -0.31415901 11.50621033
vt -0.26179901 11.33318043
vt -0.31415901 11.33318043
vt -0.26179901 11.16016006
vt -0.31415901 11.16016006
vt -0.26179901 10.98713017
vt -0.31415901 10.98713017
vt -0.26179901 10.81410027
vt -0.31415901 10.81410027
vt -0.26179901 10.64107990
vt -0.31415901 10.64107990
vt -0.26179901 10.46805000
vt -0.31415901 10.46805000
vt -0.26179901 10.29502964
vt -0.31415901 10.29502964
vt -0.26179901 10.12199974
vt -0.31415901 10.12199974
vt -0.26179901 9.94897556
vt -0.31415901 9.94897556
vt -0.26179901 9.77595234
vt -0.31415901 9.77595234
vt -0.26179901 9.60292625
vt -0.31415901 9.60292625
vt -0.26179901 9.42990017
vt -0.31415901 9.42990017
vt -0.26179901 9.25687504
vt -0.31415901 9.25687504
vt -0.26179901 9.08384800
vt -0.31415901 9.08384800
vt -0.26179901 8.91082191
vt -0.31415901 8.91082191
vt -0.31415901 8.73844337
vt -0.36651900 8.73855114
vt -0.36651900 8.56477070
vt -0.41887900 8.56477070
vt -0.36651900 8.39174461
vt -0.41887900 8.39174461
vt -0.36651900 8.21872139
vt -0.41887900 8.21872139
vt -0.36651900 8.04569530
vt -0.41887900 8.04569530
vt -0.36651900 7.87266779
vt -0.41887900 7.87266779
vt -0.36651900 7.69964314
vt -0.41887900 7.69964314
vt -0.36651900 7.52661705
vt -0.41887900 7.52661705
vt -0.36651900 7.35359097
vt -0.41887900 7.35359097
vt -0.36651900 7.18056583
vt -0.41887900 7.18056583
vt -0.36651900 7.00754023
vt -0.41887900 7.00754023
vt -0.36651900 6.83451414
vt -0.41887900 6.83451414
vt -0.36651900 6.66148901
vt -0.41887900 6.66148901
vt -0.36651900 6.48846292
vt -0.41887900 6.48846292
vt -0.36651900 6.31543684
vt -0.41887900 6.31543684
vt -0.36651900 6.14241123
vt -0.41887900 6.14241123
vt -0.36651900 5.96938610
vt -0.41887900 5.96938610
vt -0.36651900 5.79636002
vt -0.41887900 5.79636002
vt -0.36651900 5.62333393
vt -0.41887900 5.62333393
vt -0.36651900 5.45030880
vt -0.41887900 5.45030880
vt -0.36651900 5.27728319
vt -0.41887900 5.27728319
vt -0.36651900 5.10425711
vt -0.41887900 5.10425711
vt -0.36651900 4.93123198
vt -0.41887900 4.93123198
vt -0.36651900 4.75820589
vt -0.41887900 4.75820589
vt -0.36651900 4.58517981
vt -0.41887900 4.58517981
vt -0.36651900 4.41215515
vt -0.41887900 4.41215515
vt -0.36651900 4.23912907
vt -0.41887900 4.23912907
vt -0.36651900 4.06610298
vt -0.41887900 4.06610298
vt -0.36651900 3.89307809
vt -0.41887900 3.89307809
vt -0.36651900 3.72005200
vt -0.41887900 3.72005200
vt -0.36651900 3.54702592
vt -0.41887900 3.54702592
vt -0.36651900 3.37400103
vt -0.41887900 3.37400103
vt -0.36651900 3.20097494
vt -0.41887900 3.20097494
vt -0.36651900 3.02794909
vt -0.41887900 3.02794909
vt -0.36651900 2.85492396
vt -0.41887900 2.85492396
vt -0.36651900 2.68189812
vt -0.41887900 2.68189812
vt -0.36651900 2.50887203
vt -0.41887900 2.50887203
vt -0.36651900 2.33584690
vt -0.41887900 2.33584690
vt -0.36651900 2.16282105
vt -0.41887900 2.16282105
vt -0.36651900 1.98979497
vt -0.41887900 1.98979497
vt -0.36651900 1.81676996
vt -0.41887900 1.81676996
vt -0.36651900 1.64374399
vt -0.41887900 1.64374399
vt -0.36651900 1.47071803
vt -0.41887900 1.47071803
vt -0.36651900 1.29769301
vt -0.41887900 1.29769301
vt -0.36651900 1.12466705
vt -0.41887900 1.12466705
vt -0.36651900 0.95164102
vt -0.41887900 0.95164102
vt -0.36651900 0.77861601
vt -0.41887900 0.77861601
vt -0.36651900 0.60558999
vt -0.41887900 0.60558999
vt -0.36651900 0.43256399
vt -0.41887900 0.43256399
vt -0.36651900 0.25953901
vt -0.41887900 0.25953901
vt -0.36651900 0.08651298
vt -0.41887900 0.08651298
vt -0.36651900 -0.08651298
vt -0.41887900 -0.08651298
vt -0.36651900 -0.25953901
vt -0.41887900 -0.25953901
vt -0.36651900 -0.43256399
vt -0.41887900 -0.43256399
vt -0.36651900 -0.60558999
vt -0.41887900 -0.60558999
vt -0.36651900 -0.77861601
vt -0.41887900 -0.77861601
vt -0.36651900 -0.95164102
vt -0.41887900 -0.95164102
vt -0.36651900 -1.12466705
vt -0.41887900 -1.12466705
vt -0.36651900 -1.29769301
vt -0.41887900 -1.29769301
vt -0.36651900 -1.47071803
vt -0.41887900 -1.47071803
vt -0.36651900 -1.64374399
vt -0.41887900 -1.64374399
vt -0.36651900 -1.81676996
vt -0.41887900 -1.81676996
vt -0.36651900 -1.98979497
vt -0.41887900 -1.98979497
vt -0.36651900 -2.16282105
vt -0.41887900 -2.16282105
vt -0.36651900 -2.33584690
vt -0.41887900 -2.33584690
vt -0.36651900 -2.50887203
vt -0.41887900 -2.50887203
vt -0.36651900 -2.68189812
vt -0.41887900 -2.68189812
vt -0.36651900 -2.85492396
vt -0.41887900 -2.85492396
vt -0.36651900 -3.02794909
vt -0.41887900 -3.02794909
vt -0.36651900 -3.20097494
vt -0.41887900 -3.20097494
vt -0.36651900 -3.37400103
vt -0.41887900 -3.37400103
vt -0.36651900 -3.54702592
vt -0.41887900 -3.54702592
vt -0.36651900 -3.72005200
vt -0.41887900 -3.72005200
vt -0.36651900 -3.89307809
vt -0.41887900 -3.89307809
vt -0.36651900 -4.06610298
vt -0.41887900 -4.06610298
vt -0.36651900 -4.23912907
vt -0.41887900 -4.23912907
vt -0.36651900 -4.41215515
vt -0.41887900 -4.41215515
vt -0.36651900 -4.58517981
vt -0.41887900 -4.58517981
vt -0.36651900 -4.75820589
vt -0.41887900 -4.75820589
vt -0.36651900 -4.93123198
vt -0.41887900 -4.93123198
vt -0.36651900 -5.10425711
vt -0.41887900 -5.10425711
vt -0.36651900 -5.27728319
vt -0.41887900 -5.27728319
vt -0.36651900 -5.45030880
vt -0.41887900 -5.45030880
vt -0.36651900 -5.62333393
vt -0.41887900 -5.62333393
vt -0.36651900 -5.79636002
vt -0.41887900 -5.79636002
vt -0.36651900 -5.96938610
vt -0.41887900 -5.96938610
vt -0.36651900 -6.14241123
vt -0.41887900 -6.14241123
vt -0.36651900 -6.31543684
vt -0.41887900 -6.31543684
vt -0.36651900 -6.48846292
vt -0.41887900 -6.48846292
vt -0.36651900 -6.66148901
vt -0.41887900 -6.66148901
vt -0.36651900 -6.83451414
vt -0.41887900 -6.83451414
vt -0.36651900 -7.00754023
vt -0.41887900 -7.00754023
vt -0.36651900 -7.18056583
vt -0.41887900 -7.18056583
vt -0.36651900 -7.35359097
vt -0.41887900 -7.35359097
vt -0.36651900 -7.52661705
vt -0.41887900 -7.52661705
vt -0.36651900 -7.69964314
vt -0.41887900 -7.69964314
vt -0.36651900 -7.87266779
vt -0.41887900 -7.87266779
vt -0.36651900 -8.04569530
vt -0.41887900 -8.04569530
vt -0.36651900 -8.21872139
vt -0.41887900 -8.21872139
vt -0.36651900 -8.39174461
vt -0.41887900 -8.39174461
vt -0.36651900 -8.56477070
vt -0.41887900 -8.56477070
vt -0.36651900 -8.73855114
vt -0.41887900 -8.73865700
vt -0.36651900 -8.91082191
vt -0.41887900 -8.91082191
vt -0.36651900 -9.08384800
vt -0.41887900 -9.08384800
vt -0.36651900 -9.25687504
vt -0.41887900 -9.25687504
vt -0.36651900 -9.42990017
vt -0.41887900 -9.42990017
vt -0.36651900 -9.60292625
vt -0.41887900 -9.60292625
vt -0.36651900 -9.77595234
vt -0.41887900 -9.77595234
vt -0.36651900 -9.94897556
vt -0.41887900 -9.94897556
vt -0.36651900 -10.12199974
vt -0.41887900 -10.12199974
vt -0.36651900 -10.29502964
vt -0.41887900 -10.29502964
vt -0.36651900 -10.46805000
vt -0.41887900 -10.46805000
vt -0.36651900 -10.64107990
vt -0.41887900 -10.64107990
vt -0.36651900 -10.81410027
vt -0.41887900 -10.81410027
vt -0.36651900 -10.98713017
vt -0.41887900 -10.98713017
vt -0.36651900 -11.16016006
vt -0.41887900 -11.16016006
vt -0.36651900 -11.33318043
vt -0.41887900 -11.33318043
vt -0.36651900 -11.50621033
vt -0.41887900 -11.50621033
vt -0.36651900 -11.67922974
vt -0.41887900 -11.67922974
vt -0.36651900 -11.85225964
vt -0.41887900 -11.85225964
vt -0.41887900 -12.02569008
vt -0.47123900 -12.02558994
vt -0.47123900 -12.19830990
vt -0.52359903 -12.19830990
vt -0.47123900 12.19830990
vt -0.52359903 12.19830990
vt -0.47123900 12.02558994
vt -0.52359903 12.02548981
vt -0.47123900 11.85225964
vt -0.52359903 11.85225964
vt -0.47123900 11.67922974
vt -0.52359903 11.67922974
vt -0.47123900 11.50621033
vt -0.52359903 11.50621033
vt -0.47123900 11.33318043
vt -0.52359903 11.33318043
vt -0.47123900 11.16016006
vt -0.52359903 11.16016006
vt -0.47123900 10.98713017
vt -0.52359903 10.98713017
vt -0.47123900 10.81410027
vt -0.52359903 10.81410027
vt -0.47123900 10.64107990
vt -0.52359903 10.64107990
vt -0.47123900 10.46805000
vt -0.52359903 10.46805000
vt -0.47123900 10.29502964
vt -0.52359903 10.29502964
vt -0.47123900 10.12199974
vt -0.52359903 10.12199974
vt -0.47123900 9.94897556
vt -0.52359903 9.94897556
vt -0.47123900 9.77595234
vt -0.52359903 9.77595234
vt -0.47123900 9.60292625
vt -0.52359903 9.60292625
vt -0.47123900 9.42990017
vt -0.52359903 9.42990017
vt -0.47123900 9.25687504
vt -0.52359903 9.25687504
vt -0.47123900 9.08384800
vt -0.52359903 9.08384800
vt -0.47123900 8.91082191
vt -0.52359903 8.91082191
vt -0.47123900 2.68189812
vt -0.47123900 0.77861601
vt -0.47123900 -0.77861601
vt -0.47123900 -2.68189812
vt -0.10471990 -12.19830990
vt -0.36651900 0.43256399
vt -0.36651900 -0.43256399
f 1/1 2/2 3/3
f 4/4 5/5 6/6
f 4/4 6/6 7/7
f 7/7 6/6 8/8
f 7/7 8/8 9/9
f 9/9 8/8 10/10
f 9/9 10/10 11/11
f 11/11 10/10 12/12
f 11/11 12/12 13/13
f 13/13 12/12 14/14
f 13/13 14/14 15/15
f 15/15 14/14 16/16
f 15/15 16/16 17/17
f 17/17 16/16 18/18
f 17/17 18/18 19/19
f 19/19 18/18 20/20
f 19/19 20/20 21/21
f 21/21 20/20 22/22
f 21/21 22/22 23/23
f 23/23 22/22 24/24
f 23/23 24/24 25/25
f 25/25 24/24 26/26
f 25/25 26/26 27/27
f 27/27 26/26 28/28
f 27/27 28/28 29/29
f 29/29 28/28 30/30
f 29/29 30/30 31/31
f 31/31 30/30 32/32
f 31/31 32/32 33/33
f 33/33 32/32 34/34
f 33/33 34/34 35/35
f 35/35 34/34 36/36
f 35/35 36/36 37/37
f 37/37 36/36 38/38
f 37/37 38/38 39/39
f 39/39 38/38 40/40
f 39/39 40/40 41/41
f 41/41 40/40 42/42
f 41/41 42/42 43/43
f 43/43 42/42 44/44
f 43/43 44/44 45/45
f 45/45 44/44 46/46
f 45/45 46/46 47/47
f 47/47 46/46 48/48
f 47/47 48/48 49/49
f 49/49 48/48 50/50
f 49/49 50/50 51/51
f 51/51 50/50 52/52
f 51/51 52/52 53/53
f 53/53 52/52 54/54
f 53/53 54/54 55/55
f 55/55 54/54 56/56
f 55/55 56/56 57/57
f 57/57 56/56 58/58
f 57/57 58/58 59/59
f 59/59 58/58 60/60
f 59/59 60/60 61/61
f 61/61 60/60 62/62
f 61/61 62/62 63/63
f 63/63 62/62 64/64
f 63/63 64/64 65/65
f 65/65 64/64 66/66
f 65/65 66/66 67/67
f 67/67 66/66 68/68
f 67/67 68/68 69/69
f 69/69 68/68 70/70
f 69/69 70/70 71/71
f 71/71 70/70 72/72
f 71/71 72/72 73/73
f 73/73 72/72 74/74
f 73/73 74/74 75/75
f 75/75 74/74 76/76
f 75/75 76/76 77/77
f 77/77 76/76 78/78
f 77/77 78/78 79/79
f 79/79 78/78 80/80
f 79/79 80/80 81/81
f 81/81 80/80 82/82
f 81/81 82/82 83/83
f 83/83 82/82 84/84
f 83/83 84/84 85/85
f 85/85 84/84 86/86
f 85/85 86/86 87/87
f 87/87 86/86 88/88
f 87/87 88/88 89/89
f 89/89 88/88 90/90
f 89/89 90/90 91/91
f 91/91 90/90 92/92
f 91/91 92/92 93/93
f 93/93 92/92 94/94
f 93/93 94/94 95/95
f 95/95 94/94 96/96
f 95/95 96/96 97/97
f 97/97 96/96 98/98
f 97/97 98/98 99/99
f 99/99 98/98 100/100
f 99/99 100/100 101/101
f 101/101 100/100 102/102
f 101/101 102/102 103/103
f 103/103 102/102 104/104
f 103/103 104/104 105/105
f 105/105 104/104 106/106
f 105/105 106/106 107/107
f 107/107 106/106 108/108
f 107/107 108/108 109/109
f 109/109 108/108 110/110
f 109/109 110/110 111/111
f 111/111 110/110 112/112
f 111/111 112/112 113/113
f 113/113 112/112 114/114
f 113/113 114/114 115/115
f 115/115 114/114 116/116
f 115/115 116/116 117/117
f 117/117 116/116 118/118
f 117/117 118/118 119/119
f 119/119 118/118 120/120
f 119/119 120/120 121/121
f 121/121 120/120 122/122
f 121/121 122/122 123/123
f 123/123 122/122 124/124
f 123/123 124/124 125/125
f 125/125 124/124 126/126
f 125/125 126/126 127/127
f 127/127 126/126 128/128
f 127/127 128/128 129/129
f 129/129 128/128 130/130
f 129/129 130/130 131/131
f 131/131 130/130 132/132
f 131/131 132/132 133/133
f 133/133 132/132 134/134
f 133/133 134/134 135/135
f 135/135 134/134 136/136
f 135/135 136/136 137/137
f 137/137 136/136 138/138
f 137/137 138/138 139/139
f 139/139 138/138 140/140
f 139/139 140/140 141/141
f 141/141 140/140 142/142
f 141/141 142/142 143/143
f 143/143 142/142 144/144
f 143/143 144/144 145/145
f 145/145 144/144 146/146
f 145/145 146/146 147/147
f 147/147 146/146 148/148
f 147/147 148/148 149/149
f 149/149 148/148 150/150
f 149/149 150/150 151/151
f 151/151 150/150 152/152
f 151/151 152/152 153/153
f 153/153 152/152 154/154
f 153/153 154/154 155/155
f 155/155 154/154 156/156
f 155/155 156/156 157/157
f 157/157 156/156 158/158
f 157/157 158/158 159/159
f 159/159 158/158 160/160
f 159/159 160/160 161/161
f 161/161 160/160 162/162
f 161/161 162/162 163/163
f 163/163 162/162 164/164
f 163/163 164/164 165/165
f 165/165 164/164 166/166
f 165/165 166/166 167/167
f 167/167 166/166 168/168
f 167/167 168/168 169/169
f 169/169 168/168 170/170
f 169/169 170/170 171/171
f 171/171 170/170 172/172
f 171/171 172/172 173/173
f 173/173 172/172 174/174
f 173/173 174/174 175/175
f 175/175 174/174 176/176
f 175/175 176/176 177/177
f 177/177 176/176 178/178
f 177/177 178/178 179/179
f 179/179 178/178 180/180
f 179/179 180/180 181/181
f 181/181 180/180 182/182
f 181/181 182/182 183/183
f 183/183 182/182 184/184
f 183/183 184/184 185/185
f 185/185 184/184 186/186
f 185/185 186/186 187/187
f 187/187 186/186 188/188
f 187/187 188/188 189/189
f 189/189 188/188 190/190
f 189/189 190/190 191/191
f 191/191 190/190 192/192
f 191/191 192/192 193/193
f 193/193 192/192 194/194
f 193/193 194/194 195/195
f 195/195 194/194 196/196
f 195/195 196/196 197/197
f 197/197 196/196 198/198
f 197/197 198/198 199/199
f 199/199 198/198 200/200
f 199/199 200/200 201/201
f 201/201 200/200 202/202
f 201/201 202/202 203/203
f 203/203 202/202 204/204
f 203/203 204/204 205/205
f 205/205 204/204 206/206
f 205/205 206/206 207/207
f 207/207 206/206 208/208
f 207/207 208/208 209/209
f 209/209 208/208 210/210
f 209/209 210/210 211/211
f 211/211 210/210 212/212
f 211/211 212/212 213/213
f 213/213 212/212 214/214
f 213/213 214/214 215/215
f 215/215 214/214 216/216
f 215/215 216/216 217/217
f 217/217 216/216 218/218
f 217/217 218/218 219/219
f 219/219 218/218 220/220
f 219/219 220/220 221/221
f 221/221 220/220 222/222
f 221/221 222/222 223/223
f 223/223 222/222 224/224
f 223/223 224/224 225/225
f 225/225 224/224 226/226
f 225/225 226/226 227/227
f 227/227 226/226 228/228
f 227/227 228/228 229/229
f 229/229 228/228 230/230
f 229/229 230/230 231/231
f 231/231 230/230 232/232
f 231/231 232/232 233/233
f 233/233 232/232 234/234
f 233/233 234/234 235/235
f 235/235 234/234 236/236
f 235/235 236/236 237/237
f 237/237 236/236 238/238
f 237/237 238/238 239/239
f 239/239 238/238 240/240
f 239/239 240/240 241/241
f 241/241 240/240 242/242
f 241/241 242/242 243/243
f 243/243 242/242 244/244
f 243/243 244/244 245/245
f 245/245 244/244 246/246
f 245/245 246/246 247/247
f 247/247 246/246 248/248
f 247/247 248/248 249/249
f 249/249 248/248 250/250
f 249/249 250/250 251/251
f 251/251 250/250 252/252
f 251/251 252/252 253/253
f 253/253 252/252 254/254
f 253/253 254/254 255/255
f 255/255 254/254 256/256
f 255/255 256/256 257/257
f 257/257 256/256 258/258
f 257/257 258/258 259/259
f 259/259 258/258 260/260
f 259/259 260/260 261/261
f 261/261 260/260 262/262
f 261/261 262/262 263/263
f 263/263 262/262 264/264
f 263/263 264/264 265/265
f 265/265 264/264 266/266
f 265/265 266/266 267/267
f 267/267 266/266 268/268
f 267/267 268/268 269/269
f 269/269 268/268 270/270
f 269/269 270/270 271/271
f 271/271 270/270 272/272
f 271/271 272/272 273/273
f 273/273 272/272 274/274
f 273/273 274/274 275/275
f 275/275 274/274 276/276
f 275/275 276/276 277/277
f 277/277 276/276 278/278
f 277/277 278/278 279/279
f 279/279 278/278 280/280
f 279/279 280/280 281/281
f 281/281 280/280 282/282
f 281/281 282/282 283/283
f 283/283 282/282 284/284
f 283/283 284/284 285/285
f 285/285 284/284 1/1
f 285/285 1/1 3/3
f 286/286 287/287 288/288
f 288/288 287/287 289/289
f 290/290 291/291 292/292
f 292/292 291/291 293/293
f 292/292 293/293 294/294
f 294/294 293/293 295/295
f 294/294 295/295 296/296
f 296/296 295/295 297/297
f 296/296 297/297 298/298
f 298/298 297/297 299/299
f 298/298 299/299 300/300
f 300/300 299/299 301/301
f 300/300 301/301 302/302
f 302/302 301/301 303/303
f 302/302 303/303 304/304
f 304/304 303/303 305/305
f 304/304 305/305 306/306
f 306/306 305/305 307/307
f 306/306 307/307 308/308
f 308/308 307/307 309/309
f 308/308 309/309 310/310
f 310/310 309/309 311/311
f 310/310 311/311 312/312
f 312/312 311/311 313/313
f 312/312 313/313 314/314
f 314/314 313/313 315/315
f 314/314 315/315 316/316
f 316/316 315/315 317/317
f 316/316 317/317 318/318
f 318/318 317/317 319/319
f 318/318 319/319 320/320
f 320/320 319/319 321/321
f 320/320 321/321 322/322
f 322/322 321/321 323/323
f 322/322 323/323 324/324
f 324/324 323/323 325/325
f 324/324 325/325 326/326
f 326/326 325/325 327/327
f 326/326 327/327 328/328
f 328/328 327/327 329/329
f 328/328 329/329 330/330
f 330/330 329/329 331/331
f 330/330 331/331 332/332
f 332/332 331/331 333/333
f 332/332 333/333 334/334
f 334/334 333/333 335/335
f 334/334 335/335 336/336
f 336/336 335/335 337/337
f 336/336 337/337 338/338
f 338/338 337/337 339/339
f 338/338 339/339 340/340
f 340/340 339/339 341/341
f 340/340 341/341 342/342
f 342/342 341/341 343/343
f 342/342 343/343 344/344
f 344/344 343/343 345/345
f 344/344 345/345 346/346
f 346/346 345/345 347/347
f 346/346 347/347 348/348
f 348/348 347/347 349/349
f 348/348 349/349 350/350
f 350/350 349/349 351/351
f 350/350 351/351 352/352
f 352/352 351/351 353/353
f 352/352 353/353 354/354
f 354/354 353/353 355/355
f 354/354 355/355 356/356
f 356/356 355/355 357/357
f 356/356 357/357 358/358
f 358/358 357/357 359/359
f 358/358 359/359 360/360
f 360/360 359/359 361/361
f 360/360 361/361 362/362
f 362/362 361/361 363/363
f 362/362 363/363 364/364
f 364/364 363/363 365/365
f 364/364 365/365 366/366
f 366/366 365/365 367/367
f 366/366 367/367 368/368
f 368/368 367/367 369/369
f 368/368 369/369 370/370
f 370/370 369/369 371/371
f 370/370 371/371 372/372
f 372/372 371/371 373/373
f 372/372 373/373 374/374
f 374/374 373/373 375/375
f 374/374 375/375 376/376
f 376/376 375/375 377/377
f 376/376 377/377 378/378
f 378/378 377/377 379/379
f 378/378 379/379 380/380
f 380/380 379/379 381/381
f 380/380 381/381 382/382
f 382/382 381/381 383/383
f 382/382 383/383 384/384
f 384/384 383/383 385/385
f 384/384 385/385 386/386
f 386/386 385/385 387/387
f 386/386 387/387 388/388
f 388/388 387/387 389/389
f 388/388 389/389 390/390
f 390/390 389/389 391/391
f 390/390 391/391 392/392
f 392/392 391/391 393/393
f 392/392 393/393 394/394
f 394/394 393/393 395/395
f 394/394 395/395 396/396
f 396/396 395/395 397/397
f 396/396 397/397 398/398
f 398/398 397/397 399/399
f 398/398 399/399 400/400
f 400/400 399/399 401/401
f 400/400 401/401 402/402
f 402/402 401/401 403/403
f 402/402 403/403 404/404
f 404/404 403/403 405/405
f 404/404 405/405 406/406
f 406/406 405/405 407/407
f 406/406 407/407 408/408
f 408/408 407/407 409/409
f 408/408 409/409 410/410
f 410/410 409/409 411/411
f 410/410 411/411 412/412
f 412/412 411/411 413/413
f 412/412 413/413 414/414
f 414/414 413/413 415/415
f 414/414 415/415 416/416
f 416/416 415/415 417/417
f 416/416 417/417 418/418
f 418/418 417/417 419/419
f 418/418 419/419 420/420
f 420/420 419/419 421/421
f 420/420 421/421 422/422
f 422/422 421/421 423/423
f 422/422 423/423 424/424
f 424/424 423/423 425/425
f 424/424 425/425 426/426
f 426/426 425/425 427/427
f 426/426 427/427 428/428
f 428/428 427/427 429/429
f 428/428 429/429 430/430
f 430/430 429/429 431/431
f 430/430 431/431 432/432
f 432/432 431/431 433/433
f 432/432 433/433 434/434
f 434/434 433/433 435/435
f 434/434 435/435 436/436
f 436/436 435/435 437/437
f 436/436 437/437 438/438
f 438/438 437/437 439/439
f 438/438 439/439 440/440
f 440/440 439/439 441/441
f 440/440 442/442 443/443
f 443/443 442/442 444/444
f 443/443 444/444 445/445
f 445/445 444/444 446/446
f 445/445 446/446 447/447
f 447/447 446/446 448/448
f 447/447 448/448 449/449
f 449/449 448/448 450/450
f 449/449 450/450 451/451
f 451/451 450/450 452/452
f 451/451 452/452 453/453
f 453/453 452/452 454/454
f 453/453 454/454 455/455
f 455/455 454/454 456/456
f 455/455 456/456 457/457
f 457/457 456/456 458/458
f 457/457 458/458 459/459
f 459/459 458/458 460/460
f 459/459 460/460 461/461
f 461/461 460/460 462/462
f 461/461 462/462 463/463
f 463/463 462/462 464/464
f 463/463 464/464 465/465
f 465/465 464/464 466/466
f 465/465 466/466 467/467
f 467/467 466/466 468/468
f 467/467 468/468 469/469
f 469/469 468/468 470/470
f 469/469 470/470 471/471
f 471/471 470/470 472/472
f 471/471 472/472 473/473
f 473/473 472/472 474/474
f 473/473 474/474 475/475
f 475/475 474/474 476/476
f 475/475 476/476 477/477
f 477/477 476/476 478/478
f 477/477 478/478 479/479
f 479/479 478/478 480/480
f 479/479 480/480 481/481
f 481/481 480/480 482/482
f 481/481 482/482 483/483
f 483/483 482/482 484/484
f 483/483 484/484 485/485
f 485/485 484/484 486/486
f 485/485 486/486 487/487
f 487/487 486/486 488/488
f 487/487 488/488 489/489
f 489/489 488/488 490/490
f 489/489 490/490 491/491
f 491/491 490/490 492/492
f 491/491 492/492 493/493
f 493/493 492/492 494/494
f 493/493 494/494 495/495
f 495/495 494/494 496/496
f 495/495 496/496 497/497
f 497/497 496/496 498/498
f 497/497 498/498 499/499
f 499/499 498/498 500/500
f 499/499 500/500 501/501
f 501/501 500/500 502/502
f 501/501 502/502 503/503
f 503/503 502/502 504/504
f 503/503 504/504 505/505
f 505/505 504/504 506/506
f 505/505 506/506 507/507
f 507/507 506/506 508/508
f 507/507 508/508 509/509
f 509/509 508/508 510/510
f 509/509 510/510 511/511
f 511/511 510/510 512/512
f 511/511 512/512 513/513
f 513/513 512/512 514/514
f 513/513 514/514 515/515
f 515/515 514/514 516/516
f 515/515 516/516 517/517
f 517/517 516/516 518/518
f 517/517 518/518 519/519
f 519/519 518/518 520/520
f 519/519 520/520 521/521
f 521/521 520/520 522/522
f 521/521 522/522 523/523
f 523/523 522/522 524/524
f 523/523 524/524 525/525
f 525/525 524/524 526/526
f 525/525 526/526 527/527
f 527/527 526/526 528/528
f 527/527 528/528 529/529
f 529/529 528/528 530/530
f 529/529 530/530 531/531
f 531/531 530/530 532/532
f 531/531 532/532 533/533
f 533/533 532/532 534/534
f 533/533 534/534 535/535
f 535/535 534/534 536/536
f 535/535 536/536 537/537
f 537/537 536/536 538/538
f 537/537 538/538 539/539
f 539/539 538/538 540/540
f 539/539 540/540 541/541
f 541/541 540/540 542/542
f 541/541 542/542 543/543
f 543/543 542/542 544/544
f 543/543 544/544 545/545
f 545/545 544/544 546/546
f 545/545 546/546 547/547
f 547/547 546/546 548/548
f 547/547 548/548 549/549
f 549/549 548/548 550/550
f 549/549 550/550 551/551
f 551/551 550/550 552/552
f 551/551 552/552 553/553
f 553/553 552/552 554/554
f 553/553 554/554 555/555
f 555/555 554/554 556/556
f 555/555 556/556 557/557
f 557/557 556/556 558/558
f 557/557 558/558 559/559
f 559/559 558/558 560/560
f 559/559 560/560 561/561
f 561/561 560/560 562/562
f 561/561 562/562 563/563
f 563/563 562/562 564/564
f 563/563 564/564 565/565
f 565/565 564/564 566/566
f 565/565 566/566 567/567
f 567/567 566/566 568/568
f 567/567 568/568 569/569
f 569/569 568/568 570/570
f 569/569 570/570 571/571
f 571/571 570/570 572/572
f 571/571 572/572 573/573
f 573/573 572/572 574/574
f 575/575 576/576 577/577
f 577/577 576/576 578/578
f 577/577 578/578 579/579
f 579/579 578/578 580/580
f 579/579 580/580 581/581
f 581/581 580/580 582/582
f 581/581 582/582 583/583
f 583/583 582/582 584/584
f 583/583 584/584 585/585
f 585/585 584/584 586/586
f 585/585 586/586 587/587
f 587/587 586/586 588/588
f 587/587 588/588 589/589
f 589/589 588/588 590/590
f 589/589 590/590 591/591
f 591/591 590/590 592/592
f 591/591 592/592 593/593
f 593/593 592/592 594/594
f 593/593 594/594 595/595
f 595/595 594/594 596/596
f 595/595 596/596 597/597
f 597/597 596/596 598/598
f 597/597 598/598 599/599
f 599/599 598/598 600/600
f 599/599 600/600 601/601
f 601/601 600/600 602/602
f 601/601 602/602 603/603
f 603/603 602/602 604/604
f 603/603 604/604 605/605
f 605/605 604/604 606/606
f 605/605 606/606 607/607
f 607/607 606/606 608/608
f 607/607 608/608 609/609
f 609/609 608/608 610/610
f 609/609 610/610 611/611
f 611/611 610/610 612/612
f 611/611 612/612 613/613
f 613/613 612/612 614/614
f 613/613 614/614 615/615
f 615/615 614/614 616/616
f 615/615 616/616 617/617
f 617/617 616/616 618/618
f 617/617 618/618 619/619
f 619/619 618/618 620/620
f 619/619 620/620 621/621
f 621/621 620/620 622/622
f 621/621 622/622 623/623
f 623/623 622/622 624/624
f 623/623 624/624 625/625
f 625/625 624/624 626/626
f 625/625 626/626 627/627
f 627/627 626/626 628/628
f 627/627 628/628 629/629
f 629/629 628/628 630/630
f 629/629 630/630 631/631
f 631/631 630/630 632/632
f 631/631 632/632 633/633
f 633/633 632/632 634/634
f 633/633 634/634 635/635
f 635/635 634/634 636/636
f 635/635 636/636 637/637
f 637/637 636/636 638/638
f 637/637 638/638 639/639
f 639/639 638/638 640/640
f 639/639 640/640 641/641
f 641/641 640/640 642/642
f 641/641 642/642 643/643
f 643/643 642/642 644/644
f 643/643 644/644 645/645
f 645/645 644/644 646/646
f 645/645 646/646 647/647
f 647/647 646/646 648/648
f 647/647 648/648 649/649
f 649/649 648/648 650/650
f 649/649 650/650 651/651
f 651/651 650/650 652/652
f 651/651 652/652 653/653
f 653/653 652/652 654/654
f 653/653 654/654 655/655
f 655/655 654/654 656/656
f 655/655 656/656 657/657
f 657/657 656/656 658/658
f 657/657 658/658 659/659
f 659/659 658/658 660/660
f 659/659 660/660 661/661
f 661/661 660/660 662/662
f 661/661 662/662 663/663
f 663/663 662/662 664/664
f 663/663 664/664 665/665
f 665/665 664/664 666/666
f 665/665 666/666 667/667
f 667/667 666/666 668/668
f 667/667 668/668 669/669
f 669/669 668/668 670/670
f 669/669 670/670 671/671
f 671/671 670/670 672/672
f 671/671 672/672 673/673
f 673/673 672/672 674/674
f 673/673 674/674 675/675
f 675/675 674/674 676/676
f 675/675 676/676 677/677
f 677/677 676/676 678/678
f 677/677 678/678 679/679
f 679/679 678/678 680/680
f 679/679 680/680 681/681
f 681/681 680/680 682/682
f 681/681 682/682 683/683
f 683/683 682/682 684/684
f 683/683 684/684 685/685
f 685/685 684/684 686/686
f 685/685 686/686 687/687
f 687/687 686/686 688/688
f 687/687 688/688 689/689
f 689/689 688/688 690/690
f 689/689 690/690 691/691
f 691/691 690/690 692/692
f 691/691 692/692 693/693
f 693/693 692/692 694/694
f 693/693 694/694 695/695
f 695/695 694/694 696/696
f 695/695 696/696 697/697
f 697/697 696/696 698/698
f 697/697 698/698 699/699
f 699/699 698/698 700/700
f 699/699 700/700 701/701
f 701/701 700/700 702/702
f 701/701 702/702 703/703
f 703/703 702/702 704/704
f 703/703 704/704 705/705
f 705/705 704/704 706/706
f 705/705 706/706 707/707
f 707/707 706/706 708/708
f 707/707 708/708 709/709
f 709/709 708/708 710/710
f 709/709 710/710 711/711
f 711/711 710/710 712/712
f 711/711 712/712 713/713
f 713/713 712/712 714/714
f 713/713 714/714 715/715
f 715/715 714/714 716/716
f 715/715 716/716 717/717
f 717/717 716/716 718/718
f 717/717 718/718 719/719
f 719/719 718/718 720/720
f 719/719 720/720 721/721
f 721/721 720/720 722/722
f 721/721 722/722 723/723
f 723/723 722/722 724/724
f 723/723 724/724 725/725
f 725/725 724/724 726/726
f 725/725 726/726 727/727
f 727/727 726/726 728/728
f 727/727 728/728 729/729
f 729/729 728/728 730/730
f 729/729 730/730 731/731
f 731/731 730/730 732/732
f 731/731 732/732 733/733
f 733/733 732/732 734/734
f 733/733 734/734 735/735
f 735/735 734/734 736/736
f 735/735 736/736 737/737
f 737/737 736/736 738/738
f 737/737 738/738 739/739
f 739/739 738/738 740/740
f 739/739 740/740 741/741
f 741/741 740/740 742/742
f 741/741 742/742 743/743
f 743/743 742/742 744/744
f 743/743 744/744 745/745
f 745/745 744/744 746/746
f 745/745 746/746 747/747
f 747/747 746/746 748/748
f 747/747 748/748 749/749
f 749/749 748/748 750/750
f 749/749 750/750 751/751
f 751/751 750/750 752/752
f 751/751 752/752 753/753
f 753/753 752/752 754/754
f 753/753 754/754 755/755
f 755/755 754/754 756/756
f 755/755 756/756 757/757
f 757/757 756/756 758/758
f 757/757 758/758 759/759
f 759/759 758/758 760/760
f 759/759 760/760 761/761
f 761/761 760/760 762/762
f 761/761 762/762 763/763
f 763/763 762/762 764/764
f 763/763 764/764 765/765
f 765/765 764/764 766/766
f 765/765 766/766 767/767
f 767/767 766/766 768/768
f 767/767 768/768 769/769
f 769/769 768/768 770/770
f 769/769 770/770 771/771
f 771/771 770/770 772/772
f 771/771 772/772 773/773
f 773/773 772/772 774/774
f 773/773 774/774 775/775
f 775/775 774/774 776/776
f 775/775 776/776 777/777
f 777/777 776/776 778/778
f 777/777 778/778 779/779
f 779/779 778/778 780/780
f 779/779 780/780 781/781
f 781/781 780/780 782/782
f 781/781 782/782 783/783
f 783/783 782/782 784/784
f 783/783 784/784 785/785
f 785/785 784/784 786/786
f 785/785 786/786 787/787
f 787/787 786/786 788/788
f 787/787 788/788 789/789
f 789/789 788/788 790/790
f 789/789 790/790 791/791
f 791/791 790/790 792/792
f 791/791 792/792 793/793
f 793/793 792/792 794/794
f 793/793 794/794 795/795
f 795/795 794/794 796/796
f 795/795 796/796 797/797
f 797/797 796/796 798/798
f 797/797 798/798 799/799
f 799/799 798/798 800/800
f 799/799 800/800 801/801
f 801/801 800/800 802/802
f 801/801 802/802 803/803
f 803/803 802/802 804/804
f 803/803 804/804 805/805
f 805/805 804/804 806/806
f 805/805 806/806 807/807
f 807/807 806/806 808/808
f 807/807 808/808 809/809
f 809/809 808/808 810/810
f 809/809 810/810 811/811
f 811/811 810/810 812/812
f 811/811 812/812 813/813
f 813/813 812/812 814/814
f 813/813 814/814 815/815
f 815/815 814/814 816/816
f 815/815 816/816 817/817
f 817/817 816/816 818/818
f 817/817 818/818 819/819
f 819/819 818/818 820/820
f 819/819 820/820 821/821
f 821/821 820/820 822/822
f 821/821 822/822 823/823
f 823/823 822/822 824/824
f 823/823 824/824 825/825
f 825/825 824/824 826/826
f 825/825 826/826 827/827
f 827/827 826/826 828/828
f 827/827 828/828 829/829
f 829/829 828/828 830/830
f 829/829 830/830 831/831
f 831/831 830/830 832/832
f 831/831 832/832 833/833
f 833/833 832/832 834/834
f 833/833 834/834 835/835
f 835/835 834/834 836/836
f 835/835 836/836 837/837
f 837/837 836/836 838/838
f 837/837 838/838 839/839
f 839/839 838/838 840/840
f 839/839 840/840 841/841
f 841/841 840/840 842/842
f 841/841 842/842 843/843
f 843/843 842/842 844/844
f 843/843 844/844 845/845
f 845/845 844/844 846/846
f 845/845 846/846 847/847
f 847/847 846/846 848/848
f 847/847 848/848 849/849
f 849/849 848/848 850/850
f 849/849 850/850 851/851
f 851/851 850/850 852/852
f 851/851 852/852 853/853
f 853/853 852/852 854/854
f 853/853 854/854 855/855
f 855/855 854/854 856/856
f 855/855 856/856 857/857
f 857/857 856/856 858/858
f 859/859 860/860 861/861
f 861/861 860/860 862/862
f 861/861 862/862 863/863
f 863/863 862/862 9/9
f 863/863 9/9 864/864
f 864/864 9/9 11/11
f 864/864 11/11 865/865
f 865/865 11/11 13/13
f 865/865 13/13 866/866
f 866/866 13/13 15/15
f 866/866 15/15 867/867
f 867/867 15/15 17/17
f 867/867 17/17 868/868
f 868/868 17/17 19/19
f 868/868 19/19 869/869
f 869/869 19/19 21/21
f 869/869 21/21 870/870
f 870/870 21/21 23/23
f 870/870 23/23 871/871
f 871/871 23/23 25/25
f 871/871 25/25 872/872
f 872/872 25/25 27/27
f 872/872 27/27 873/873
f 873/873 27/27 29/29
f 873/873 29/29 874/874
f 874/874 29/29 31/31
f 874/874 31/31 875/875
f 875/875 31/31 33/33
f 875/875 33/33 876/876
f 876/876 33/33 35/35
f 876/876 35/35 877/877
f 877/877 35/35 37/37
f 877/877 37/37 878/878
f 878/878 37/37 39/39
f 878/878 39/39 879/879
f 879/879 39/39 41/41
f 879/879 41/41 880/880
f 880/880 41/41 43/43
f 880/880 43/43 881/881
f 881/881 43/43 45/45
f 881/881 45/45 882/882
f 882/882 45/45 47/47
f 882/882 47/47 883/883
f 883/883 47/47 49/49
f 883/883 49/49 884/884
f 884/884 49/49 51/51
f 884/884 51/51 885/885
f 885/885 51/51 53/53
f 885/885 53/53 886/886
f 886/886 53/53 55/55
f 886/886 55/55 887/887
f 887/887 55/55 57/57
f 887/887 57/57 888/888
f 888/888 57/57 59/59
f 888/888 59/59 889/889
f 889/889 59/59 61/61
f 889/889 61/61 890/890
f 890/890 61/61 63/63
f 890/890 63/63 891/891
f 891/891 63/63 65/65
f 891/891 65/65 892/892
f 892/892 65/65 67/67
f 892/892 67/67 893/893
f 893/893 67/67 69/69
f 893/893 69/69 894/894
f 894/894 69/69 71/71
f 894/894 71/71 895/895
f 895/895 71/71 73/73
f 895/895 73/73 896/896
f 896/896 73/73 75/75
f 896/896 75/75 897/897
f 897/897 75/75 77/77
f 897/897 77/77 898/898
f 898/898 77/77 79/79
f 898/898 79/79 899/899
f 899/899 79/79 81/81
f 899/899 81/81 900/900
f 900/900 81/81 83/83
f 900/900 83/83 901/901
f 901/901 83/83 85/85
f 901/901 85/85 902/902
f 902/902 85/85 87/87
f 902/902 87/87 903/903
f 903/903 87/87 89/89
f 903/903 89/89 904/904
f 904/904 89/89 91/91
f 904/904 91/91 905/905
f 905/905 91/91 93/93
f 905/905 93/93 906/906
f 906/906 93/93 95/95
f 906/906 95/95 907/907
f 907/907 95/95 97/97
f 907/907 97/97 908/908
f 908/908 97/97 99/99
f 908/908 99/99 909/909
f 909/909 99/99 101/101
f 909/909 101/101 910/910
f 910/910 101/101 103/103
f 910/910 103/103 911/911
f 911/911 103/103 105/105
f 911/911 105/105 912/912
f 912/912 105/105 107/107
f 912/912 107/107 913/913
f 913/913 107/107 109/109
f 913/913 109/109 914/914
f 914/914 109/109 111/111
f 914/914 111/111 915/915
f 915/915 111/111 113/113
f 915/915 113/113 916/916
f 916/916 113/113 115/115
f 916/916 115/115 917/917
f 917/917 115/115 117/117
f 917/917 117/117 918/918
f 918/918 117/117 119/119
f 918/918 119/119 919/919
f 919/919 119/119 121/121
f 919/919 121/121 920/920
f 920/920 121/121 123/123
f 920/920 123/123 921/921
f 921/921 123/123 125/125
f 921/921 125/125 922/922
f 922/922 125/125 127/127
f 922/922 127/127 923/923
f 923/923 127/127 129/129
f 923/923 129/129 924/924
f 924/924 129/129 131/131
f 924/924 131/131 925/925
f 925/925 131/131 133/133
f 925/925 133/133 926/926
f 926/926 133/133 135/135
f 926/926 135/135 927/927
f 927/927 135/135 137/137
f 927/927 137/137 928/928
f 928/928 137/137 139/139
f 928/928 139/139 929/929
f 929/929 139/139 141/141
f 929/929 141/141 930/930
f 930/930 141/141 143/143
f 930/930 143/143 931/931
f 931/931 143/143 145/145
f 931/931 145/145 932/932
f 932/932 145/145 147/147
f 932/932 147/147 933/933
f 933/933 147/147 149/149
f 933/933 149/149 934/934
f 934/934 149/149 151/151
f 934/934 151/151 935/935
f 935/935 151/151 153/153
f 935/935 153/153 936/936
f 936/936 153/153 155/155
f 936/936 155/155 937/937
f 937/937 155/155 157/157
f 937/937 157/157 938/938
f 938/938 157/157 159/159
f 938/938 159/159 939/939
f 939/939 159/159 161/161
f 939/939 161/161 940/940
f 940/940 161/161 163/163
f 940/940 163/163 941/941
f 941/941 163/163 165/165
f 941/941 165/165 942/942
f 942/942 165/165 167/167
f 942/942 167/167 943/943
f 943/943 167/167 169/169
f 943/943 169/169 944/944
f 944/944 169/169 171/171
f 944/944 171/171 945/945
f 945/945 171/171 173/173
f 945/945 173/173 946/946
f 946/946 173/173 175/175
f 946/946 175/175 947/947
f 947/947 175/175 177/177
f 947/947 177/177 948/948
f 948/948 177/177 179/179
f 948/948 179/179 949/949
f 949/949 179/179 181/181
f 949/949 181/181 950/950
f 950/950 181/181 183/183
f 950/950 183/183 951/951
f 951/951 183/183 185/185
f 951/951 185/185 952/952
f 952/952 185/185 187/187
f 952/952 187/187 953/953
f 953/953 187/187 189/189
f 953/953 189/189 954/954
f 954/954 189/189 191/191
f 954/954 191/191 955/955
f 955/955 191/191 193/193
f 955/955 193/193 956/956
f 956/956 193/193 195/195
f 956/956 195/195 957/957
f 957/957 195/195 197/197
f 957/957 197/197 958/958
f 958/958 197/197 199/199
f 958/958 199/199 959/959
f 959/959 199/199 201/201
f 959/959 201/201 960/960
f 960/960 201/201 203/203
f 960/960 203/203 961/961
f 961/961 203/203 205/205
f 961/961 205/205 962/962
f 962/962 205/205 207/207
f 962/962 207/207 963/963
f 963/963 207/207 209/209
f 963/963 209/209 964/964
f 964/964 209/209 211/211
f 964/964 211/211 965/965
f 965/965 211/211 213/213
f 965/965 213/213 966/966
f 966/966 213/213 215/215
f 966/966 215/215 967/967
f 967/967 215/215 217/217
f 967/967 217/217 968/968
f 968/968 217/217 219/219
f 968/968 219/219 969/969
f 969/969 219/219 221/221
f 969/969 221/221 970/970
f 970/970 221/221 223/223
f 970/970 223/223 971/971
f 971/971 223/223 225/225
f 971/971 225/225 972/972
f 972/972 225/225 227/227
f 972/972 227/227 973/973
f 973/973 227/227 229/229
f 973/973 229/229 974/974
f 974/974 229/229 231/231
f 974/974 231/231 975/975
f 975/975 231/231 233/233
f 975/975 233/233 976/976
f 976/976 233/233 235/235
f 976/976 235/235 977/977
f 977/977 235/235 237/237
f 977/977 237/237 978/978
f 978/978 237/237 239/239
f 978/978 239/239 979/979
f 979/979 239/239 241/241
f 979/979 241/241 980/980
f 980/980 241/241 243/243
f 980/980 243/243 981/981
f 981/981 243/243 245/245
f 981/981 245/245 247/247
f 287/287 286/286 982/982
f 982/982 286/286 983/983
f 982/982 983/983 984/984
f 984/984 983/983 985/985
f 984/984 985/985 986/986
f 986/986 985/985 987/987
f 986/986 987/987 988/988
f 988/988 987/987 989/989
f 988/988 989/989 990/990
f 990/990 989/989 991/991
f 990/990 991/991 992/992
f 992/992 991/991 993/993
f 992/992 993/993 994/994
f 994/994 993/993 995/995
f 994/994 995/995 996/996
f 996/996 995/995 997/997
f 996/996 997/997 998/998
f 998/998 997/997 999/999
f 998/998 999/999 1000/1000
f 1000/1000 999/999 1001/1001
f 1000/1000 1001/1001 1002/1002
f 1002/1002 1001/1001 1003/1003
f 1002/1002 1003/1003 1004/1004
f 1004/1004 1003/1003 1005/1005
f 1004/1004 1005/1005 1006/1006
f 1006/1006 1005/1005 1007/1007
f 1006/1006 1007/1007 1008/1008
f 1008/1008 1007/1007 1009/1009
f 1008/1008 1009/1009 1010/1010
f 1010/1010 1009/1009 1011/1011
f 1010/1010 1011/1011 1012/1012
f 1012/1012 1011/1011 1013/1013
f 1012/1012 1013/1013 1014/1014
f 1014/1014 1013/1013 1015/1015
f 1014/1014 1015/1015 1016/1016
f 1016/1016 1015/1015 1017/1017
f 1016/1016 1017/1017 1018/1018
f 1018/1018 1017/1017 1019/1019
f 1018/1018 1019/1019 1020/1020
f 1020/1020 1019/1019 531/531
f 1020/1020 531/531 533/533
f 1017/1017 1021/1021 1019/1019
f 1019/1019 1021/1021 1022/1022
f 1019/1019 1022/1022 1023/1023
f 1023/1023 1022/1022 527/527
f 1021/1021 1024/1024 1022/1022
f 1022/1022 1024/1024 1025/1025
f 1022/1022 1025/1025 527/527
f 527/527 1025/1025 525/525
f 1024/1024 1026/1026 1025/1025
f 1025/1025 1026/1026 1027/1027
f 1025/1025 1027/1027 525/525
f 525/525 1027/1027 523/523
f 1026/1026 1028/1028 1027/1027
f 1027/1027 1028/1028 1029/1029
f 1027/1027 1029/1029 523/523
f 523/523 1029/1029 521/521
f 1028/1028 1030/1030 1029/1029
f 1029/1029 1030/1030 1031/1031
f 1029/1029 1031/1031 521/521
f 521/521 1031/1031 519/519
f 1030/1030 1032/1032 1031/1031
f 1031/1031 1032/1032 1033/1033
f 1031/1031 1033/1033 519/519
f 519/519 1033/1033 517/517
f 1032/1032 1034/1034 1033/1033
f 1033/1033 1034/1034 1035/1035
f 1033/1033 1035/1035 517/517
f 517/517 1035/1035 515/515
f 1034/1034 1036/1036 1035/1035
f 1035/1035 1036/1036 1037/1037
f 1035/1035 1037/1037 515/515
f 515/515 1037/1037 513/513
f 1036/1036 1038/1038 1037/1037
f 1037/1037 1038/1038 1039/1039
f 1037/1037 1039/1039 513/513
f 513/513 1039/1039 511/511
f 1038/1038 1040/1040 1039/1039
f 1039/1039 1040/1040 1041/1041
f 1039/1039 1041/1041 511/511
f 511/511 1041/1041 509/509
f 1040/1040 1042/1042 1041/1041
f 1041/1041 1042/1042 1043/1043
f 1041/1041 1043/1043 509/509
f 509/509 1043/1043 507/507
f 1042/1042 1044/1044 1043/1043
f 1043/1043 1044/1044 1045/1045
f 1043/1043 1045/1045 507/507
f 507/507 1045/1045 505/505
f 1044/1044 1046/1046 1045/1045
f 1045/1045 1046/1046 1047/1047
f 1045/1045 1047/1047 505/505
f 505/505 1047/1047 503/503
f 1046/1046 1048/1048 1047/1047
f 1047/1047 1048/1048 1049/1049
f 1047/1047 1049/1049 503/503
f 503/503 1049/1049 501/501
f 1048/1048 1050/1050 1049/1049
f 1049/1049 1050/1050 1051/1051
f 1049/1049 1051/1051 501/501
f 501/501 1051/1051 499/499
f 1050/1050 1052/1052 1051/1051
f 1051/1051 1052/1052 1053/1053
f 1051/1051 1053/1053 499/499
f 499/499 1053/1053 497/497
f 1052/1052 1054/1054 1053/1053
f 1053/1053 1054/1054 1055/1055
f 1053/1053 1055/1055 497/497
f 497/497 1055/1055 495/495
f 1054/1054 1056/1056 1055/1055
f 1055/1055 1056/1056 1057/1057
f 1055/1055 1057/1057 495/495
f 495/495 1057/1057 493/493
f 1056/1056 1058/1058 1057/1057
f 1057/1057 1058/1058 1059/1059
f 1057/1057 1059/1059 493/493
f 493/493 1059/1059 491/491
f 1059/1059 1058/1058 1060/1060
f 1060/1060 1058/1058 1061/1061
f 1060/1060 1061/1061 1062/1062
f 1062/1062 1061/1061 1063/1063
f 1062/1062 1063/1063 1064/1064
f 1064/1064 1063/1063 1065/1065
f 1064/1064 1065/1065 1066/1066
f 1066/1066 1065/1065 1067/1067
f 1066/1066 1067/1067 1068/1068
f 1068/1068 1067/1067 1069/1069
f 1068/1068 1069/1069 1070/1070
f 1070/1070 1069/1069 1071/1071
f 1070/1070 1071/1071 1072/1072
f 1072/1072 1071/1071 1073/1073
f 1072/1072 1073/1073 1074/1074
f 1074/1074 1073/1073 1075/1075
f 1074/1074 1075/1075 1076/1076
f 1076/1076 1075/1075 1077/1077
f 1076/1076 1077/1077 1078/1078
f 1078/1078 1077/1077 1079/1079
f 1078/1078 1079/1079 1080/1080
f 1080/1080 1079/1079 1081/1081
f 1080/1080 1081/1081 1082/1082
f 1082/1082 1081/1081 1083/1083
f 1082/1082 1083/1083 1084/1084
f 1084/1084 1083/1083 1085/1085
f 1084/1084 1085/1085 1086/1086
f 1086/1086 1085/1085 1087/1087
f 1086/1086 1087/1087 1088/1088
f 1088/1088 1087/1087 1089/1089
f 1088/1088 1089/1089 1090/1090
f 1090/1090 1089/1089 1091/1091
f 1090/1090 1091/1091 1092/1092
f 1092/1092 1091/1091 1093/1093
f 1092/1092 1093/1093 1094/1094
f 1094/1094 1093/1093 1095/1095
f 1094/1094 1095/1095 1096/1096
f 1096/1096 1095/1095 1097/1097
f 1096/1096 1097/1097 1098/1098
f 1098/1098 1097/1097 1099/1099
f 1098/1098 1099/1099 451/451
f 451/451 1099/1099 449/449
f 1097/1097 1100/1100 1099/1099
f 1099/1099 1100/1100 1101/1101
f 1099/1099 1101/1101 449/449
f 449/449 1101/1101 447/447
f 1100/1100 1102/1102 1101/1101
f 1101/1101 1102/1102 1103/1103
f 1101/1101 1103/1103 447/447
f 447/447 1103/1103 445/445
f 1102/1102 1104/1104 1103/1103
f 1103/1103 1104/1104 1105/1105
f 1103/1103 1105/1105 445/445
f 445/445 1105/1105 443/443
f 1104/1104 1106/1106 1105/1105
f 1105/1105 1106/1106 1107/1107
f 1105/1105 1107/1107 443/443
f 443/443 1107/1107 440/440
f 1106/1106 1108/1108 1107/1107
f 1107/1107 1108/1108 1109/1109
f 1107/1107 1109/1109 440/440
f 440/440 1109/1109 438/438
f 1108/1108 1110/1110 1109/1109
f 1109/1109 1110/1110 1111/1111
f 1109/1109 1111/1111 438/438
f 438/438 1111/1111 436/436
f 1110/1110 1112/1112 1111/1111
f 1111/1111 1112/1112 1113/1113
f 1111/1111 1113/1113 436/436
f 436/436 1113/1113 434/434
f 1112/1112 1114/1114 1113/1113
f 1113/1113 1114/1114 1115/1115
f 1113/1113 1115/1115 434/434
f 434/434 1115/1115 432/432
f 1114/1114 1116/1116 1115/1115
f 1115/1115 1116/1116 1117/1117
f 1115/1115 1117/1117 432/432
f 432/432 1117/1117 430/430
f 1116/1116 1118/1118 1117/1117
f 1117/1117 1118/1118 1119/1119
f 1117/1117 1119/1119 430/430
f 430/430 1119/1119 428/428
f 1118/1118 1120/1120 1119/1119
f 1119/1119 1120/1120 1121/1121
f 1119/1119 1121/1121 428/428
f 428/428 1121/1121 426/426
f 1120/1120 1122/1122 1121/1121
f 1121/1121 1122/1122 1123/1123
f 1121/1121 1123/1123 426/426
f 426/426 1123/1123 424/424
f 1122/1122 1124/1124 1123/1123
f 1123/1123 1124/1124 1125/1125
f 1123/1123 1125/1125 424/424
f 424/424 1125/1125 422/422
f 1124/1124 1126/1126 1125/1125
f 1125/1125 1126/1126 1127/1127
f 1125/1125 1127/1127 422/422
f 422/422 1127/1127 420/420
f 1126/1126 1128/1128 1127/1127
f 1127/1127 1128/1128 1129/1129
f 1127/1127 1129/1129 420/420
f 420/420 1129/1129 418/418
f 1128/1128 1130/1130 1129/1129
f 1129/1129 1130/1130 1131/1131
f 1129/1129 1131/1131 418/418
f 418/418 1131/1131 416/416
f 1130/1130 1132/1132 1131/1131
f 1131/1131 1132/1132 1133/1133
f 1131/1131 1133/1133 416/416
f 416/416 1133/1133 414/414
f 1132/1132 1134/1134 1133/1133
f 1133/1133 1134/1134 1135/1135
f 1133/1133 1135/1135 414/414
f 414/414 1135/1135 412/412
f 1134/1134 1136/1136 1135/1135
f 1135/1135 1136/1136 1137/1137
f 1135/1135 1137/1137 412/412
f 412/412 1137/1137 410/410
f 1136/1136 1138/1138 1137/1137
f 1137/1137 1138/1138 1139/1139
f 1137/1137 1139/1139 410/410
f 410/410 1139/1139 408/408
f 1139/1139 1138/1138 1140/1140
f 1140/1140 1138/1138 1141/1141
f 1140/1140 1141/1141 1142/1142
f 1142/1142 1141/1141 1143/1143
f 1142/1142 1143/1143 1144/1144
f 1144/1144 1143/1143 1145/1145
f 1144/1144 1145/1145 1146/1146
f 1146/1146 1145/1145 1147/1147
f 1146/1146 1147/1147 1148/1148
f 1148/1148 1147/1147 1149/1149
f 1148/1148 1149/1149 1150/1150
f 1150/1150 1149/1149 1151/1151
f 1150/1150 1151/1151 1152/1152
f 1152/1152 1151/1151 1153/1153
f 1152/1152 1153/1153 1154/1154
f 1154/1154 1153/1153 1155/1155
f 1154/1154 1155/1155 1156/1156
f 1156/1156 1155/1155 1157/1157
f 1156/1156 1157/1157 1158/1158
f 1158/1158 1157/1157 1159/1159
f 1158/1158 1159/1159 1160/1160
f 1160/1160 1159/1159 1161/1161
f 1160/1160 1161/1161 1162/1162
f 1162/1162 1161/1161 1163/1163
f 1162/1162 1163/1163 1164/1164
f 1164/1164 1163/1163 1165/1165
f 1164/1164 1165/1165 1166/1166
f 1166/1166 1165/1165 1167/1167
f 1166/1166 1167/1167 1168/1168
f 1168/1168 1167/1167 1169/1169
f 1168/1168 1169/1169 1170/1170
f 1170/1170 1169/1169 1171/1171
f 1170/1170 1171/1171 1172/1172
f 1172/1172 1171/1171 1173/1173
f 1172/1172 1173/1173 1174/1174
f 1174/1174 1173/1173 1175/1175
f 1174/1174 1175/1175 1176/1176
f 1176/1176 1175/1175 1177/1177
f 1176/1176 1177/1177 1178/1178
f 1178/1178 1177/1177 1179/1179
f 1178/1178 1179/1179 368/368
f 368/368 1179/1179 366/366
f 1177/1177 1180/1180 1179/1179
f 1179/1179 1180/1180 1181/1181
f 1179/1179 1181/1181 366/366
f 366/366 1181/1181 364/364
f 1180/1180 1182/1182 1181/1181
f 1181/1181 1182/1182 1183/1183
f 1181/1181 1183/1183 364/364
f 364/364 1183/1183 362/362
f 1182/1182 1184/1184 1183/1183
f 1183/1183 1184/1184 1185/1185
f 1183/1183 1185/1185 362/362
f 362/362 1185/1185 360/360
f 1184/1184 1186/1186 1185/1185
f 1185/1185 1186/1186 1187/1187
f 1185/1185 1187/1187 360/360
f 360/360 1187/1187 358/358
f 1186/1186 1188/1188 1187/1187
f 1187/1187 1188/1188 1189/1189
f 1187/1187 1189/1189 358/358
f 358/358 1189/1189 356/356
f 1188/1188 1190/1190 1189/1189
f 1189/1189 1190/1190 1191/1191
f 1189/1189 1191/1191 356/356
f 356/356 1191/1191 354/354
f 1190/1190 1192/1192 1191/1191
f 1191/1191 1192/1192 1193/1193
f 1191/1191 1193/1193 354/354
f 354/354 1193/1193 352/352
f 1192/1192 1194/1194 1193/1193
f 1193/1193 1194/1194 1195/1195
f 1193/1193 1195/1195 352/352
f 352/352 1195/1195 350/350
f 1194/1194 1196/1196 1195/1195
f 1195/1195 1196/1196 1197/1197
f 1195/1195 1197/1197 350/350
f 350/350 1197/1197 348/348
f 1196/1196 1198/1198 1197/1197
f 1197/1197 1198/1198 1199/1199
f 1197/1197 1199/1199 348/348
f 348/348 1199/1199 346/346
f 1198/1198 1200/1200 1199/1199
f 1199/1199 1200/1200 1201/1201
f 1199/1199 1201/1201 346/346
f 346/346 1201/1201 344/344
f 1200/1200 1202/1202 1201/1201
f 1201/1201 1202/1202 1203/1203
f 1201/1201 1203/1203 344/344
f 344/344 1203/1203 342/342
f 1202/1202 1204/1204 1203/1203
f 1203/1203 1204/1204 1205/1205
f 1203/1203 1205/1205 342/342
f 342/342 1205/1205 340/340
f 1204/1204 1206/1206 1205/1205
f 1205/1205 1206/1206 1207/1207
f 1205/1205 1207/1207 340/340
f 340/340 1207/1207 338/338
f 1206/1206 1208/1208 1207/1207
f 1207/1207 1208/1208 1209/1209
f 1207/1207 1209/1209 338/338
f 338/338 1209/1209 336/336
f 1208/1208 1210/1210 1209/1209
f 1209/1209 1210/1210 1211/1211
f 1209/1209 1211/1211 336/336
f 336/336 1211/1211 1212/1212
f 1210/1210 1213/1213 1211/1211
f 1211/1211 1213/1213 1214/1214
f 1211/1211 1214/1214 1212/1212
f 1212/1212 1214/1214 332/332
f 1213/1213 1215/1215 1214/1214
f 1214/1214 1215/1215 1216/1216
f 1214/1214 1216/1216 332/332
f 332/332 1216/1216 330/330
f 1215/1215 1217/1217 1216/1216
f 1216/1216 1217/1217 1218/1218
f 1216/1216 1218/1218 330/330
f 330/330 1218/1218 328/328
f 1218/1218 1217/1217 1219/1219
f 1219/1219 1217/1217 1220/1220
f 1219/1219 1220/1220 1221/1221
f 1221/1221 1220/1220 1222/1222
f 1221/1221 1222/1222 1223/1223
f 1223/1223 1222/1222 1224/1224
f 1223/1223 1224/1224 1225/1225
f 1225/1225 1224/1224 1226/1226
f 1225/1225 1226/1226 1227/1227
f 1227/1227 1226/1226 1228/1228
f 1227/1227 1228/1228 1229/1229
f 1229/1229 1228/1228 1230/1230
f 1229/1229 1230/1230 1231/1231
f 1231/1231 1230/1230 1232/1232
f 1231/1231 1232/1232 1233/1233
f 1233/1233 1232/1232 1234/1234
f 1233/1233 1234/1234 1235/1235
f 1235/1235 1234/1234 1236/1236
f 1235/1235 1236/1236 1237/1237
f 1237/1237 1236/1236 1238/1238
f 1237/1237 1238/1238 1239/1239
f 1239/1239 1238/1238 1240/1240
f 1239/1239 1240/1240 1241/1241
f 1241/1241 1240/1240 1242/1242
f 1241/1241 1242/1242 1243/1243
f 1243/1243 1242/1242 1244/1244
f 1243/1243 1244/1244 1245/1245
f 1245/1245 1244/1244 1246/1246
f 1245/1245 1246/1246 1247/1247
f 1247/1247 1246/1246 1248/1248
f 1247/1247 1248/1248 1249/1249
f 1249/1249 1248/1248 1250/1250
f 1249/1249 1250/1250 1251/1251
f 1251/1251 1250/1250 1252/1252
f 1251/1251 1252/1252 1253/1253
f 1253/1253 1252/1252 1254/1254
f 1253/1253 1254/1254 292/292
f 292/292 1254/1254 290/290
f 3/3 1255/1255 285/285
f 285/285 1255/1255 1256/1256
f 285/285 1256/1256 283/283
f 283/283 1256/1256 1257/1257
f 283/283 1257/1257 281/281
f 281/281 1257/1257 1258/1258
f 281/281 1258/1258 279/279
f 279/279 1258/1258 1259/1259
f 279/279 1259/1259 277/277
f 277/277 1259/1259 1260/1260
f 277/277 1260/1260 275/275
f 275/275 1260/1260 1261/1261
f 275/275 1261/1261 273/273
f 273/273 1261/1261 1262/1262
f 273/273 1262/1262 271/271
f 271/271 1262/1262 1263/1263
f 271/271 1263/1263 269/269
f 269/269 1263/1263 1264/1264
f 269/269 1264/1264 267/267
f 267/267 1264/1264 1265/1265
f 267/267 1265/1265 265/265
f 265/265 1265/1265 1266/1266
f 265/265 1266/1266 263/263
f 263/263 1266/1266 1267/1267
f 263/263 1267/1267 261/261
f 261/261 1267/1267 1268/1268
f 261/261 1268/1268 259/259
f 259/259 1268/1268 1269/1269
f 259/259 1269/1269 257/257
f 257/257 1269/1269 1270/1270
f 257/257 1270/1270 255/255
f 255/255 1270/1270 1271/1271
f 255/255 1271/1271 253/253
f 253/253 1271/1271 1272/1272
f 253/253 1272/1272 251/251
f 251/251 1272/1272 1273/1273
f 251/251 1273/1273 249/249
f 249/249 1273/1273 1274/1274
f 249/249 1274/1274 1275/1275
f 1275/1275 1274/1274 1276/1276
f 1275/1275 1276/1276 1277/1277
f 1277/1277 1276/1276 1278/1278
f 1277/1277 1278/1278 1279/1279
f 1279/1279 1278/1278 1280/1280
f 1279/1279 1280/1280 1281/1281
f 1281/1281 1280/1280 1282/1282
f 1281/1281 1282/1282 1283/1283
f 1283/1283 1282/1282 1284/1284
f 1283/1283 1284/1284 1285/1285
f 1285/1285 1284/1284 1286/1286
f 1285/1285 1286/1286 1287/1287
f 1287/1287 1286/1286 1288/1288
f 1287/1287 1288/1288 1289/1289
f 1289/1289 1288/1288 1290/1290
f 1289/1289 1290/1290 1291/1291
f 1291/1291 1290/1290 1292/1292
f 1291/1291 1292/1292 1293/1293
f 1293/1293 1292/1292 1294/1294
f 1293/1293 1294/1294 1295/1295
f 1295/1295 1294/1294 1296/1296
f 1295/1295 1296/1296 1297/1297
f 1297/1297 1296/1296 1298/1298
f 1297/1297 1298/1298 1299/1299
f 1299/1299 1298/1298 1300/1300
f 1299/1299 1300/1300 1301/1301
f 1301/1301 1300/1300 1302/1302
f 1301/1301 1302/1302 1303/1303
f 1303/1303 1302/1302 1304/1304
f 1303/1303 1304/1304 1305/1305
f 1305/1305 1304/1304 1306/1306
f 1305/1305 1306/1306 1307/1307
f 1307/1307 1306/1306 1308/1308
f 1307/1307 1308/1308 1309/1309
f 1309/1309 1308/1308 1310/1310
f 1309/1309 1310/1310 1311/1311
f 1311/1311 1310/1310 1312/1312
f 1311/1311 1312/1312 1313/1313
f 1313/1313 1312/1312 1314/1314
f 1313/1313 1314/1314 1315/1315
f 1315/1315 1314/1314 1316/1316
f 1315/1315 1316/1316 1317/1317
f 1317/1317 1316/1316 1318/1318
f 1317/1317 1318/1318 1319/1319
f 1319/1319 1318/1318 1320/1320
f 1319/1319 1320/1320 1321/1321
f 1321/1321 1320/1320 1322/1322
f 1321/1321 1322/1322 1323/1323
f 1323/1323 1322/1322 1324/1324
f 1323/1323 1324/1324 1325/1325
f 1325/1325 1324/1324 1326/1326
f 1325/1325 1326/1326 1327/1327
f 1327/1327 1326/1326 1328/1328
f 1327/1327 1328/1328 1329/1329
f 1329/1329 1328/1328 1330/1330
f 1329/1329 1330/1330 1331/1331
f 1331/1331 1330/1330 1332/1332
f 1331/1331 1332/1332 1333/1333
f 1333/1333 1332/1332 1334/1334
f 1333/1333 1334/1334 1335/1335
f 1335/1335 1334/1334 1336/1336
f 1335/1335 1336/1336 1337/1337
f 1337/1337 1336/1336 1338/1338
f 1337/1337 1338/1338 1339/1339
f 1339/1339 1338/1338 1340/1340
f 1339/1339 1340/1340 1341/1341
f 1341/1341 1340/1340 1342/1342
f 1341/1341 1342/1342 1343/1343
f 1343/1343 1342/1342 1344/1344
f 1343/1343 1344/1344 1345/1345
f 1345/1345 1344/1344 1346/1346
f 1345/1345 1346/1346 1347/1347
f 1347/1347 1346/1346 1348/1348
f 1347/1347 1348/1348 1349/1349
f 1349/1349 1348/1348 1350/1350
f 1349/1349 1350/1350 1351/1351
f 1351/1351 1350/1350 1352/1352
f 1351/1351 1352/1352 1353/1353
f 1353/1353 1352/1352 1354/1354
f 1353/1353 1354/1354 1355/1355
f 1355/1355 1354/1354 1356/1356
f 1355/1355 1356/1356 1357/1357
f 1357/1357 1356/1356 1358/1358
f 1357/1357 1358/1358 1359/1359
f 1359/1359 1358/1358 1360/1360
f 1359/1359 1360/1360 1361/1361
f 1361/1361 1360/1360 1362/1362
f 1361/1361 1362/1362 1363/1363
f 1363/1363 1362/1362 1364/1364
f 1363/1363 1364/1364 1365/1365
f 1365/1365 1364/1364 1366/1366
f 1365/1365 1366/1366 1367/1367
f 1367/1367 1366/1366 1368/1368
f 1367/1367 1368/1368 1369/1369
f 1369/1369 1368/1368 1370/1370
f 1369/1369 1370/1370 1371/1371
f 1371/1371 1370/1370 1372/1372
f 1371/1371 1372/1372 1373/1373
f 1373/1373 1372/1372 1374/1374
f 1373/1373 1374/1374 1375/1375
f 1375/1375 1374/1374 1376/1376
f 1375/1375 1376/1376 1377/1377
f 1377/1377 1376/1376 1378/1378
f 1377/1377 1378/1378 1379/1379
f 1379/1379 1378/1378 1380/1380
f 1379/1379 1380/1380 1381/1381
f 1381/1381 1380/1380 1382/1382
f 1381/1381 1382/1382 1383/1383
f 1383/1383 1382/1382 1384/1384
f 1383/1383 1384/1384 1385/1385
f 1385/1385 1384/1384 1386/1386
f 1385/1385 1386/1386 1387/1387
f 1387/1387 1386/1386 1388/1388
f 1387/1387 1388/1388 1389/1389
f 1389/1389 1388/1388 1390/1390
f 1389/1389 1390/1390 1391/1391
f 1391/1391 1390/1390 1392/1392
f 1391/1391 1392/1392 1393/1393
f 1393/1393 1392/1392 1394/1394
f 1393/1393 1394/1394 1395/1395
f 1395/1395 1394/1394 1396/1396
f 1395/1395 1396/1396 1397/1397
f 1397/1397 1396/1396 1398/1398
f 1397/1397 1398/1398 1399/1399
f 1399/1399 1398/1398 1400/1400
f 1399/1399 1400/1400 1401/1401
f 1401/1401 1400/1400 1402/1402
f 1401/1401 1402/1402 1403/1403
f 1403/1403 1402/1402 1404/1404
f 1403/1403 1404/1404 1405/1405
f 1405/1405 1404/1404 1406/1406
f 1405/1405 1406/1406 1407/1407
f 1407/1407 1406/1406 1408/1408
f 1407/1407 1408/1408 1409/1409
f 1409/1409 1408/1408 1410/1410
f 1409/1409 1410/1410 1411/1411
f 1411/1411 1410/1410 1412/1412
f 1411/1411 1412/1412 1413/1413
f 1413/1413 1412/1412 1414/1414
f 1413/1413 1414/1414 1415/1415
f 1415/1415 1414/1414 1416/1416
f 1415/1415 1416/1416 1417/1417
f 1417/1417 1416/1416 1418/1418
f 1417/1417 1418/1418 1419/1419
f 1419/1419 1418/1418 1420/1420
f 1419/1419 1420/1420 1421/1421
f 1421/1421 1420/1420 1422/1422
f 1421/1421 1422/1422 1423/1423
f 1423/1423 1422/1422 1424/1424
f 1423/1423 1424/1424 1425/1425
f 1425/1425 1424/1424 1426/1426
f 1425/1425 1426/1426 1427/1427
f 1427/1427 1426/1426 1428/1428
f 1427/1427 1428/1428 1429/1429
f 1429/1429 1428/1428 1430/1430
f 1429/1429 1430/1430 1431/1431
f 1431/1431 1430/1430 1432/1432
f 1431/1431 1432/1432 1433/1433
f 1433/1433 1432/1432 1434/1434
f 1433/1433 1434/1434 1435/1435
f 1435/1435 1434/1434 1436/1436
f 1435/1435 1436/1436 1437/1437
f 1437/1437 1436/1436 1438/1438
f 1437/1437 1438/1438 1439/1439
f 1439/1439 1438/1438 1440/1440
f 1439/1439 1440/1440 1441/1441
f 1441/1441 1440/1440 1442/1442
f 1441/1441 1442/1442 1443/1443
f 1443/1443 1442/1442 1444/1444
f 1443/1443 1444/1444 1445/1445
f 1445/1445 1444/1444 1446/1446
f 1445/1445 1446/1446 1447/1447
f 1447/1447 1446/1446 1448/1448
f 1447/1447 1448/1448 1449/1449
f 1449/1449 1448/1448 1450/1450
f 1449/1449 1450/1450 1451/1451
f 1451/1451 1450/1450 1452/1452
f 1451/1451 1452/1452 1453/1453
f 1453/1453 1452/1452 1454/1454
f 1453/1453 1454/1454 1455/1455
f 1455/1455 1454/1454 1456/1456
f 1455/1455 1456/1456 1457/1457
f 1457/1457 1456/1456 1458/1458
f 1457/1457 1458/1458 1459/1459
f 1459/1459 1458/1458 1460/1460
f 1459/1459 1460/1460 1461/1461
f 1461/1461 1460/1460 1462/1462
f 1461/1461 1462/1462 1463/1463
f 1463/1463 1462/1462 1464/1464
f 1463/1463 1464/1464 1465/1465
f 1465/1465 1464/1464 1466/1466
f 1465/1465 1466/1466 1467/1467
f 1467/1467 1466/1466 1468/1468
f 1467/1467 1468/1468 1469/1469
f 1469/1469 1468/1468 1470/1470
f 1469/1469 1470/1470 1471/1471
f 1471/1471 1470/1470 1472/1472
f 1471/1471 1472/1472 1473/1473
f 1473/1473 1472/1472 1474/1474
f 1473/1473 1474/1474 1475/1475
f 1475/1475 1474/1474 1476/1476
f 1475/1475 1476/1476 1477/1477
f 1477/1477 1476/1476 1478/1478
f 1477/1477 1478/1478 1479/1479
f 1479/1479 1478/1478 1480/1480
f 1479/1479 1480/1480 1481/1481
f 1481/1481 1480/1480 1482/1482
f 1481/1481 1482/1482 1483/1483
f 1483/1483 1482/1482 1484/1484
f 1483/1483 1484/1484 1485/1485
f 1485/1485 1484/1484 1486/1486
f 1485/1485 1486/1486 1487/1487
f 1487/1487 1486/1486 1488/1488
f 1487/1487 1488/1488 1489/1489
f 1489/1489 1488/1488 1490/1490
f 1489/1489 1490/1490 1491/1491
f 1491/1491 1490/1490 1492/1492
f 1491/1491 1492/1492 1493/1493
f 1493/1493 1492/1492 1494/1494
f 1493/1493 1494/1494 1495/1495
f 1495/1495 1494/1494 1496/1496
f 1495/1495 1496/1496 1497/1497
f 1497/1497 1496/1496 1498/1498
f 1497/1497 1498/1498 1499/1499
f 1499/1499 1498/1498 1500/1500
f 1499/1499 1500/1500 1501/1501
f 1501/1501 1500/1500 1502/1502
f 1501/1501 1502/1502 1503/1503
f 1503/1503 1502/1502 1504/1504
f 1503/1503 1504/1504 1505/1505
f 1505/1505 1504/1504 1506/1506
f 1505/1505 1506/1506 1507/1507
f 1507/1507 1506/1506 1508/1508
f 1507/1507 1508/1508 1509/1509
f 1509/1509 1508/1508 1510/1510
f 1509/1509 1510/1510 1511/1511
f 1511/1511 1510/1510 1512/1512
f 1511/1511 1512/1512 1513/1513
f 1513/1513 1512/1512 1514/1514
f 1513/1513 1514/1514 1515/1515
f 1515/1515 1514/1514 1516/1516
f 1515/1515 1516/1516 1517/1517
f 1517/1517 1516/1516 1518/1518
f 1519/1519 1520/1520 1521/1521
f 1521/1521 1520/1520 1522/1522
f 1521/1521 1522/1522 1523/1523
f 1523/1523 1522/1522 1524/1524
f 1523/1523 1524/1524 1525/1525
f 1525/1525 1524/1524 1526/1526
f 1525/1525 1526/1526 1527/1527
f 1527/1527 1526/1526 1528/1528
f 1527/1527 1528/1528 1529/1529
f 1529/1529 1528/1528 1530/1530
f 1529/1529 1530/1530 1531/1531
f 1531/1531 1530/1530 1532/1532
f 1531/1531 1532/1532 1533/1533
f 1533/1533 1532/1532 1534/1534
f 1533/1533 1534/1534 1535/1535
f 1535/1535 1534/1534 1536/1536
f 1535/1535 1536/1536 1537/1537
f 1537/1537 1536/1536 1538/1538
f 1537/1537 1538/1538 1539/1539
f 1539/1539 1538/1538 1540/1540
f 1539/1539 1540/1540 1541/1541
f 1541/1541 1540/1540 1542/1542
f 1541/1541 1542/1542 1543/1543
f 1543/1543 1542/1542 1544/1544
f 1543/1543 1544/1544 1545/1545
f 1545/1545 1544/1544 1546/1546
f 1545/1545 1546/1546 1547/1547
f 1547/1547 1546/1546 1548/1548
f 1547/1547 1548/1548 1549/1549
f 1549/1549 1548/1548 1550/1550
f 1549/1549 1550/1550 1551/1551
f 1551/1551 1550/1550 1552/1552
f 1551/1551 1552/1552 1553/1553
f 1553/1553 1552/1552 1554/1554
f 1553/1553 1554/1554 1555/1555
f 1555/1555 1554/1554 1556/1556
f 1555/1555 1556/1556 1557/1557
f 1557/1557 1556/1556 1558/1558
f 1557/1557 1558/1558 1559/1559
f 1559/1559 1558/1558 1560/1560
f 1559/1559 1560/1560 1561/1561
f 1561/1561 1560/1560 1562/1562
f 1561/1561 1562/1562 1563/1563
f 1563/1563 1562/1562 1564/1564
f 1563/1563 1564/1564 1565/1565
f 1565/1565 1564/1564 1566/1566
f 1565/1565 1566/1566 1567/1567
f 1567/1567 1566/1566 1568/1568
f 1567/1567 1568/1568 1569/1569
f 1569/1569 1568/1568 1570/1570
f 1569/1569 1570/1570 1571/1571
f 1571/1571 1570/1570 1572/1572
f 1571/1571 1572/1572 1573/1573
f 1573/1573 1572/1572 1574/1574
f 1573/1573 1574/1574 1575/1575
f 1575/1575 1574/1574 1576/1576
f 1575/1575 1576/1576 1577/1577
f 1577/1577 1576/1576 1578/1578
f 1577/1577 1578/1578 1579/1579
f 1579/1579 1578/1578 1580/1580
f 1579/1579 1580/1580 1581/1581
f 1581/1581 1580/1580 1582/1582
f 1581/1581 1582/1582 1583/1583
f 1583/1583 1582/1582 1584/1584
f 1583/1583 1584/1584 1585/1585
f 1585/1585 1584/1584 1586/1586
f 1585/1585 1586/1586 1587/1587
f 1587/1587 1586/1586 1588/1588
f 1587/1587 1588/1588 1589/1589
f 1589/1589 1588/1588 1590/1590
f 1589/1589 1590/1590 1591/1591
f 1591/1591 1590/1590 1592/1592
f 1591/1591 1592/1592 1593/1593
f 1593/1593 1592/1592 1594/1594
f 1593/1593 1594/1594 1595/1595
f 1595/1595 1594/1594 1596/1596
f 1595/1595 1596/1596 1597/1597
f 1597/1597 1596/1596 1598/1598
f 1597/1597 1598/1598 1599/1599
f 1599/1599 1598/1598 1600/1600
f 1599/1599 1600/1600 1601/1601
f 1601/1601 1600/1600 1602/1602
f 1601/1601 1602/1602 1603/1603
f 1603/1603 1602/1602 1604/1604
f 1603/1603 1604/1604 1605/1605
f 1605/1605 1604/1604 1606/1606
f 1605/1605 1606/1606 1607/1607
f 1607/1607 1606/1606 1608/1608
f 1607/1607 1608/1608 1609/1609
f 1609/1609 1608/1608 1610/1610
f 1609/1609 1610/1610 1611/1611
f 1611/1611 1610/1610 1612/1612
f 1611/1611 1612/1612 1613/1613
f 1613/1613 1612/1612 1614/1614
f 1613/1613 1614/1614 1615/1615
f 1615/1615 1614/1614 1616/1616
f 1615/1615 1616/1616 1617/1617
f 1617/1617 1616/1616 1618/1618
f 1617/1617 1618/1618 1619/1619
f 1619/1619 1618/1618 1620/1620
f 1619/1619 1620/1620 1621/1621
f 1621/1621 1620/1620 1622/1622
f 1621/1621 1622/1622 1623/1623
f 1623/1623 1622/1622 1624/1624
f 1623/1623 1624/1624 1625/1625
f 1625/1625 1624/1624 1626/1626
f 1625/1625 1626/1626 1627/1627
f 1627/1627 1626/1626 1628/1628
f 1627/1627 1628/1628 1629/1629
f 1629/1629 1628/1628 1630/1630
f 1629/1629 1630/1630 1631/1631
f 1631/1631 1630/1630 1632/1632
f 1631/1631 1632/1632 1633/1633
f 1633/1633 1632/1632 1634/1634
f 1633/1633 1634/1634 1635/1635
f 1635/1635 1634/1634 1636/1636
f 1635/1635 1636/1636 1637/1637
f 1637/1637 1636/1636 1638/1638
f 1637/1637 1638/1638 1639/1639
f 1639/1639 1638/1638 1640/1640
f 1639/1639 1640/1640 1641/1641
f 1641/1641 1640/1640 1642/1642
f 1641/1641 1642/1642 1643/1643
f 1643/1643 1642/1642 1644/1644
f 1643/1643 1644/1644 1645/1645
f 1645/1645 1644/1644 1646/1646
f 1645/1645 1646/1646 1647/1647
f 1647/1647 1646/1646 1648/1648
f 1647/1647 1648/1648 1649/1649
f 1649/1649 1648/1648 1650/1650
f 1649/1649 1650/1650 1651/1651
f 1651/1651 1650/1650 1652/1652
f 1651/1651 1652/1652 1653/1653
f 1653/1653 1652/1652 1654/1654
f 1653/1653 1654/1654 1655/1655
f 1655/1655 1654/1654 1656/1656
f 1655/1655 1656/1656 1657/1657
f 1657/1657 1656/1656 1658/1658
f 1657/1657 1658/1658 1659/1659
f 1659/1659 1658/1658 1660/1660
f 1659/1659 1660/1660 1661/1661
f 1661/1661 1660/1660 1662/1662
f 1661/1661 1662/1662 1663/1663
f 1663/1663 1662/1662 1664/1664
f 1663/1663 1664/1664 1665/1665
f 1665/1665 1664/1664 1666/1666
f 1665/1665 1666/1666 1667/1667
f 1667/1667 1666/1666 1668/1668
f 1667/1667 1668/1668 1669/1669
f 1669/1669 1668/1668 1670/1670
f 1669/1669 1670/1670 1671/1671
f 1671/1671 1670/1670 1672/1672
f 1671/1671 1672/1672 1673/1673
f 1673/1673 1672/1672 1674/1674
f 1673/1673 1674/1674 1675/1675
f 1675/1675 1674/1674 1676/1676
f 1675/1675 1676/1676 1677/1677
f 1677/1677 1676/1676 1678/1678
f 1677/1677 1678/1678 1679/1679
f 1679/1679 1678/1678 1680/1680
f 1679/1679 1680/1680 1681/1681
f 1681/1681 1680/1680 1682/1682
f 1681/1681 1682/1682 1683/1683
f 1683/1683 1682/1682 1684/1684
f 1683/1683 1684/1684 1685/1685
f 1685/1685 1684/1684 1686/1686
f 1685/1685 1686/1686 1687/1687
f 1687/1687 1686/1686 1688/1688
f 1687/1687 1688/1688 1689/1689
f 1689/1689 1688/1688 1690/1690
f 1689/1689 1690/1690 1691/1691
f 1691/1691 1690/1690 1692/1692
f 1691/1691 1692/1692 1693/1693
f 1693/1693 1692/1692 1694/1694
f 1693/1693 1694/1694 1695/1695
f 1695/1695 1694/1694 1696/1696
f 1695/1695 1696/1696 1697/1697
f 1697/1697 1696/1696 1698/1698
f 1697/1697 1698/1698 1699/1699
f 1699/1699 1698/1698 1700/1700
f 1699/1699 1700/1700 1701/1701
f 1701/1701 1700/1700 1702/1702
f 1701/1701 1702/1702 1703/1703
f 1703/1703 1702/1702 1704/1704
f 1703/1703 1704/1704 1705/1705
f 1705/1705 1704/1704 1706/1706
f 1705/1705 1706/1706 1707/1707
f 1707/1707 1706/1706 1708/1708
f 1707/1707 1708/1708 1709/1709
f 1709/1709 1708/1708 1710/1710
f 1709/1709 1710/1710 1711/1711
f 1711/1711 1710/1710 1712/1712
f 1711/1711 1712/1712 1713/1713
f 1713/1713 1712/1712 1714/1714
f 1713/1713 1714/1714 1715/1715
f 1715/1715 1714/1714 1716/1716
f 1715/1715 1716/1716 1717/1717
f 1717/1717 1716/1716 1718/1718
f 1717/1717 1718/1718 1719/1719
f 1719/1719 1718/1718 1720/1720
f 1719/1719 1720/1720 1721/1721
f 1721/1721 1720/1720 1722/1722
f 1721/1721 1722/1722 1723/1723
f 1723/1723 1722/1722 1724/1724
f 1723/1723 1724/1724 1725/1725
f 1725/1725 1724/1724 1726/1726
f 1725/1725 1726/1726 1727/1727
f 1727/1727 1726/1726 1728/1728
f 1727/1727 1728/1728 1729/1729
f 1729/1729 1728/1728 1730/1730
f 1729/1729 1730/1730 1731/1731
f 1731/1731 1730/1730 1732/1732
f 1731/1731 1732/1732 1733/1733
f 1733/1733 1732/1732 1734/1734
f 1733/1733 1734/1734 1735/1735
f 1735/1735 1734/1734 1736/1736
f 1735/1735 1736/1736 1737/1737
f 1737/1737 1736/1736 1738/1738
f 1737/1737 1738/1738 1739/1739
f 1739/1739 1738/1738 1740/1740
f 1739/1739 1740/1740 1741/1741
f 1741/1741 1740/1740 1742/1742
f 1741/1741 1742/1742 1743/1743
f 1743/1743 1742/1742 1744/1744
f 1743/1743 1744/1744 1745/1745
f 1745/1745 1744/1744 1746/1746
f 1745/1745 1746/1746 1747/1747
f 1747/1747 1746/1746 1748/1748
f 1747/1747 1748/1748 1749/1749
f 1749/1749 1748/1748 1750/1750
f 1749/1749 1750/1750 1751/1751
f 1751/1751 1750/1750 1752/1752
f 1751/1751 1752/1752 1753/1753
f 1753/1753 1752/1752 1754/1754
f 1753/1753 1754/1754 1755/1755
f 1755/1755 1754/1754 1756/1756
f 1755/1755 1756/1756 1757/1757
f 1757/1757 1756/1756 1758/1758
f 1757/1757 1758/1758 1759/1759
f 1759/1759 1758/1758 1760/1760
f 1759/1759 1760/1760 1761/1761
f 1761/1761 1760/1760 1762/1762
f 1761/1761 1762/1762 1763/1763
f 1763/1763 1762/1762 1764/1764
f 1763/1763 1764/1764 1765/1765
f 1765/1765 1764/1764 1766/1766
f 1765/1765 1766/1766 1767/1767
f 1767/1767 1766/1766 1768/1768
f 1767/1767 1768/1768 1769/1769
f 1769/1769 1768/1768 1770/1770
f 1769/1769 1770/1770 1771/1771
f 1771/1771 1770/1770 1772/1772
f 1771/1771 1772/1772 1773/1773
f 1773/1773 1772/1772 1774/1774
f 1773/1773 1774/1774 1775/1775
f 1775/1775 1774/1774 1776/1776
f 1775/1775 1776/1776 1777/1777
f 1777/1777 1776/1776 1778/1778
f 1777/1777 1778/1778 1779/1779
f 1779/1779 1778/1778 1780/1780
f 1779/1779 1780/1780 1781/1781
f 1781/1781 1780/1780 1782/1782
f 1781/1781 1782/1782 1783/1783
f 1783/1783 1782/1782 1784/1784
f 1783/1783 1784/1784 1785/1785
f 1785/1785 1784/1784 1786/1786
f 1785/1785 1786/1786 1787/1787
f 1787/1787 1786/1786 1788/1788
f 1787/1787 1788/1788 1789/1789
f 1789/1789 1788/1788 1790/1790
f 1789/1789 1790/1790 1791/1791
f 1791/1791 1790/1790 1792/1792
f 1791/1791 1792/1792 1793/1793
f 1793/1793 1792/1792 1794/1794
f 1793/1793 1794/1794 1795/1795
f 1795/1795 1794/1794 1796/1796
f 1795/1795 1796/1796 1797/1797
f 1797/1797 1796/1796 1798/1798
f 1797/1797 1798/1798 1799/1799
f 1799/1799 1798/1798 1800/1800
f 1799/1799 1800/1800 1801/1801
f 1801/1801 1800/1800 1802/1802
f 1803/1803 1804/1804 1805/1805
f 1805/1805 1804/1804 1806/1806
f 1805/1805 1806/1806 1807/1807
f 1807/1807 1806/1806 1808/1808
f 1807/1807 1808/1808 1809/1809
f 1809/1809 1808/1808 1810/1810
f 1809/1809 1810/1810 1811/1811
f 1811/1811 1810/1810 1812/1812
f 1811/1811 1812/1812 1813/1813
f 1813/1813 1812/1812 1814/1814
f 1813/1813 1814/1814 1815/1815
f 1815/1815 1814/1814 1816/1816
f 1815/1815 1816/1816 1817/1817
f 1817/1817 1816/1816 1818/1818
f 1817/1817 1818/1818 1819/1819
f 1819/1819 1818/1818 1820/1820
f 1819/1819 1820/1820 1821/1821
f 1821/1821 1820/1820 1822/1822
f 1821/1821 1822/1822 1823/1823
f 1823/1823 1822/1822 1824/1824
f 1823/1823 1824/1824 1825/1825
f 1825/1825 1824/1824 1826/1826
f 1825/1825 1826/1826 1827/1827
f 1827/1827 1826/1826 1828/1828
f 1827/1827 1828/1828 1829/1829
f 1829/1829 1828/1828 1830/1830
f 1829/1829 1830/1830 1831/1831
f 1831/1831 1830/1830 1832/1832
f 1831/1831 1832/1832 1833/1833
f 1833/1833 1832/1832 1834/1834
f 1833/1833 1834/1834 1835/1835
f 1835/1835 1834/1834 1836/1836
f 1835/1835 1836/1836 1837/1837
f 1837/1837 1836/1836 1838/1838
f 1837/1837 1838/1838 1839/1839
f 1839/1839 1838/1838 1840/1840
f 1839/1839 1840/1840 1841/1841
f 1841/1841 1840/1840 1842/1842
f 1841/1841 1842/1842 1020/1020
f 1020/1020 1842/1842 1018/1018
f 1255/1255 858/858 1256/1256
f 1256/1256 858/858 856/856
f 1256/1256 856/856 1257/1257
f 1257/1257 856/856 854/854
f 1257/1257 854/854 1258/1258
f 1258/1258 854/854 852/852
f 1258/1258 852/852 1259/1259
f 1259/1259 852/852 850/850
f 1259/1259 850/850 1260/1260
f 1260/1260 850/850 848/848
f 1260/1260 848/848 1261/1261
f 1261/1261 848/848 846/846
f 1261/1261 846/846 1262/1262
f 1262/1262 846/846 844/844
f 1262/1262 844/844 1263/1263
f 1263/1263 844/844 842/842
f 1263/1263 842/842 1264/1264
f 1264/1264 842/842 840/840
f 1264/1264 840/840 1265/1265
f 1265/1265 840/840 838/838
f 1265/1265 838/838 1266/1266
f 1266/1266 838/838 836/836
f 1266/1266 836/836 1267/1267
f 1267/1267 836/836 834/834
f 1267/1267 834/834 1268/1268
f 1268/1268 834/834 832/832
f 1268/1268 832/832 1269/1269
f 1269/1269 832/832 830/830
f 1269/1269 830/830 1270/1270
f 1270/1270 830/830 828/828
f 1270/1270 828/828 1271/1271
f 1271/1271 828/828 826/826
f 1271/1271 826/826 1272/1272
f 1272/1272 826/826 824/824
f 1272/1272 824/824 1273/1273
f 1273/1273 824/824 822/822
f 1273/1273 822/822 1274/1274
f 1274/1274 822/822 820/820
f 1274/1274 820/820 1276/1276
f 1276/1276 820/820 818/818
f 1276/1276 818/818 1278/1278
f 1278/1278 818/818 816/816
f 1278/1278 816/816 1280/1280
f 1280/1280 816/816 814/814
f 1280/1280 814/814 1282/1282
f 1282/1282 814/814 812/812
f 1282/1282 812/812 1284/1284
f 1284/1284 812/812 810/810
f 1284/1284 810/810 1286/1286
f 1286/1286 810/810 808/808
f 1286/1286 808/808 1288/1288
f 1288/1288 808/808 806/806
f 1288/1288 806/806 1290/1290
f 1290/1290 806/806 804/804
f 1290/1290 804/804 1292/1292
f 1292/1292 804/804 802/802
f 1292/1292 802/802 1294/1294
f 1294/1294 802/802 800/800
f 1294/1294 800/800 1296/1296
f 1296/1296 800/800 798/798
f 1296/1296 798/798 1298/1298
f 1298/1298 798/798 796/796
f 1298/1298 796/796 1300/1300
f 1300/1300 796/796 794/794
f 1300/1300 794/794 1302/1302
f 1302/1302 794/794 792/792
f 1302/1302 792/792 1304/1304
f 1304/1304 792/792 790/790
f 1304/1304 790/790 1306/1306
f 1306/1306 790/790 788/788
f 1306/1306 788/788 1308/1308
f 1308/1308 788/788 786/786
f 1308/1308 786/786 1310/1310
f 1310/1310 786/786 784/784
f 1310/1310 784/784 1312/1312
f 1312/1312 784/784 782/782
f 1312/1312 782/782 1314/1314
f 1314/1314 782/782 780/780
f 1314/1314 780/780 1316/1316
f 1316/1316 780/780 778/778
f 1316/1316 778/778 1318/1318
f 1318/1318 778/778 776/776
f 1318/1318 776/776 1320/1320
f 1320/1320 776/776 774/774
f 1320/1320 774/774 1322/1322
f 1322/1322 774/774 772/772
f 1322/1322 772/772 1324/1324
f 1324/1324 772/772 770/770
f 1324/1324 770/770 1326/1326
f 1326/1326 770/770 768/768
f 1326/1326 768/768 1328/1328
f 1328/1328 768/768 766/766
f 1328/1328 766/766 1330/1330
f 1330/1330 766/766 764/764
f 1330/1330 764/764 1332/1332
f 1332/1332 764/764 762/762
f 1332/1332 762/762 1334/1334
f 1334/1334 762/762 760/760
f 1334/1334 760/760 1336/1336
f 1336/1336 760/760 758/758
f 1336/1336 758/758 1338/1338
f 1338/1338 758/758 756/756
f 1338/1338 756/756 1340/1340
f 1340/1340 756/756 754/754
f 1340/1340 754/754 1342/1342
f 1342/1342 754/754 752/752
f 1342/1342 752/752 1344/1344
f 1344/1344 752/752 750/750
f 1344/1344 750/750 1346/1346
f 1346/1346 750/750 748/748
f 1346/1346 748/748 1348/1348
f 1348/1348 748/748 746/746
f 1348/1348 746/746 1350/1350
f 1350/1350 746/746 744/744
f 1350/1350 744/744 1352/1352
f 1352/1352 744/744 742/742
f 1352/1352 742/742 1354/1354
f 1354/1354 742/742 740/740
f 1354/1354 740/740 1356/1356
f 1356/1356 740/740 738/738
f 1356/1356 738/738 1358/1358
f 1358/1358 738/738 736/736
f 1358/1358 736/736 1360/1360
f 1360/1360 736/736 734/734
f 1360/1360 734/734 1362/1362
f 1362/1362 734/734 732/732
f 1362/1362 732/732 1364/1364
f 1364/1364 732/732 730/730
f 1364/1364 730/730 1366/1366
f 1366/1366 730/730 728/728
f 1366/1366 728/728 1368/1368
f 1368/1368 728/728 726/726
f 1368/1368 726/726 1370/1370
f 1370/1370 726/726 724/724
f 1370/1370 724/724 1372/1372
f 1372/1372 724/724 722/722
f 1372/1372 722/722 1374/1374
f 1374/1374 722/722 720/720
f 1374/1374 720/720 1376/1376
f 1376/1376 720/720 718/718
f 1376/1376 718/718 1378/1378
f 1378/1378 718/718 716/716
f 1378/1378 716/716 1380/1380
f 1380/1380 716/716 714/714
f 1380/1380 714/714 1382/1382
f 1382/1382 714/714 712/712
f 1382/1382 712/712 1384/1384
f 1384/1384 712/712 710/710
f 1384/1384 710/710 1386/1386
f 1386/1386 710/710 708/708
f 1386/1386 708/708 1388/1388
f 1388/1388 708/708 706/706
f 1388/1388 706/706 1390/1390
f 1390/1390 706/706 704/704
f 1390/1390 704/704 1392/1392
f 1392/1392 704/704 702/702
f 1392/1392 702/702 1394/1394
f 1394/1394 702/702 700/700
f 1394/1394 700/700 1396/1396
f 1396/1396 700/700 698/698
f 1396/1396 698/698 1398/1398
f 1398/1398 698/698 696/696
f 1398/1398 696/696 1400/1400
f 1400/1400 696/696 694/694
f 1400/1400 694/694 1402/1402
f 1402/1402 694/694 692/692
f 1402/1402 692/692 1404/1404
f 1404/1404 692/692 690/690
f 1404/1404 690/690 1406/1406
f 1406/1406 690/690 688/688
f 1406/1406 688/688 1408/1408
f 1408/1408 688/688 686/686
f 1408/1408 686/686 1410/1410
f 1410/1410 686/686 684/684
f 1410/1410 684/684 1412/1412
f 1412/1412 684/684 682/682
f 1412/1412 682/682 1414/1414
f 1414/1414 682/682 680/680
f 1414/1414 680/680 1416/1416
f 1416/1416 680/680 678/678
f 1416/1416 678/678 1418/1418
f 1418/1418 678/678 676/676
f 1418/1418 676/676 1420/1420
f 1420/1420 676/676 674/674
f 1420/1420 674/674 1422/1422
f 1422/1422 674/674 672/672
f 1422/1422 672/672 1424/1424
f 1424/1424 672/672 670/670
f 1424/1424 670/670 1426/1426
f 1426/1426 670/670 668/668
f 1426/1426 668/668 1428/1428
f 1428/1428 668/668 666/666
f 1428/1428 666/666 1430/1430
f 1430/1430 666/666 664/664
f 1430/1430 664/664 1432/1432
f 1432/1432 664/664 662/662
f 1432/1432 662/662 1434/1434
f 1434/1434 662/662 660/660
f 1434/1434 660/660 1436/1436
f 1436/1436 660/660 658/658
f 1436/1436 658/658 1438/1438
f 1438/1438 658/658 656/656
f 1438/1438 656/656 1440/1440
f 1440/1440 656/656 654/654
f 1440/1440 654/654 1442/1442
f 1442/1442 654/654 652/652
f 1442/1442 652/652 1444/1444
f 1444/1444 652/652 650/650
f 1444/1444 650/650 1446/1446
f 1446/1446 650/650 648/648
f 1446/1446 648/648 1448/1448
f 1448/1448 648/648 646/646
f 1448/1448 646/646 1450/1450
f 1450/1450 646/646 644/644
f 1450/1450 644/644 1452/1452
f 1452/1452 644/644 642/642
f 1452/1452 642/642 1454/1454
f 1454/1454 642/642 640/640
f 1454/1454 640/640 1456/1456
f 1456/1456 640/640 638/638
f 1456/1456 638/638 1458/1458
f 1458/1458 638/638 636/636
f 1458/1458 636/636 1460/1460
f 1460/1460 636/636 634/634
f 1460/1460 634/634 1462/1462
f 1462/1462 634/634 632/632
f 1462/1462 632/632 1464/1464
f 1464/1464 632/632 630/630
f 1464/1464 630/630 1466/1466
f 1466/1466 630/630 628/628
f 1466/1466 628/628 1468/1468
f 1468/1468 628/628 626/626
f 1468/1468 626/626 1470/1470
f 1470/1470 626/626 624/624
f 1470/1470 624/624 1472/1472
f 1472/1472 624/624 622/622
f 1472/1472 622/622 1474/1474
f 1474/1474 622/622 620/620
f 1474/1474 620/620 1476/1476
f 1476/1476 620/620 618/618
f 1476/1476 618/618 1478/1478
f 1478/1478 618/618 616/616
f 1478/1478 616/616 1480/1480
f 1480/1480 616/616 614/614
f 1480/1480 614/614 1482/1482
f 1482/1482 614/614 612/612
f 1482/1482 612/612 1484/1484
f 1484/1484 612/612 610/610
f 1484/1484 610/610 1486/1486
f 1486/1486 610/610 608/608
f 1486/1486 608/608 1488/1488
f 1488/1488 608/608 606/606
f 1488/1488 606/606 1490/1490
f 1490/1490 606/606 604/604
f 1490/1490 604/604 1492/1492
f 1492/1492 604/604 602/602
f 1492/1492 602/602 1494/1494
f 1494/1494 602/602 600/600
f 1494/1494 600/600 1496/1496
f 1496/1496 600/600 598/598
f 1496/1496 598/598 1498/1498
f 1498/1498 598/598 596/596
f 1498/1498 596/596 1500/1500
f 1500/1500 596/596 594/594
f 1500/1500 594/594 1502/1502
f 1502/1502 594/594 592/592
f 1502/1502 592/592 1504/1504
f 1504/1504 592/592 590/590
f 1504/1504 590/590 1506/1506
f 1506/1506 590/590 588/588
f 1506/1506 588/588 1508/1508
f 1508/1508 588/588 586/586
f 1508/1508 586/586 1510/1510
f 1510/1510 586/586 584/584
f 1510/1510 584/584 1512/1512
f 1512/1512 584/584 582/582
f 1512/1512 582/582 1514/1514
f 1514/1514 582/582 580/580
f 1514/1514 580/580 1516/1516
f 1516/1516 580/580 578/578
f 1516/1516 578/578 1518/1518
f 1518/1518 578/578 576/576
f 1520/1520 574/574 1522/1522
f 1522/1522 574/574 572/572
f 1522/1522 572/572 1524/1524
f 1524/1524 572/572 570/570
f 1524/1524 570/570 1526/1526
f 1526/1526 570/570 568/568
f 1526/1526 568/568 1528/1528
f 1528/1528 568/568 566/566
f 1528/1528 566/566 1530/1530
f 1530/1530 566/566 564/564
f 1530/1530 564/564 1532/1532
f 1532/1532 564/564 562/562
f 1532/1532 562/562 1534/1534
f 1534/1534 562/562 560/560
f 1534/1534 560/560 1536/1536
f 1536/1536 560/560 558/558
f 1536/1536 558/558 1538/1538
f 1538/1538 558/558 556/556
f 1538/1538 556/556 1540/1540
f 1540/1540 556/556 554/554
f 1540/1540 554/554 1542/1542
f 1542/1542 554/554 552/552
f 1542/1542 552/552 1544/1544
f 1544/1544 552/552 550/550
f 1544/1544 550/550 1546/1546
f 1546/1546 550/550 548/548
f 1546/1546 548/548 1548/1548
f 1548/1548 548/548 546/546
f 1548/1548 546/546 1550/1550
f 1550/1550 546/546 544/544
f 1550/1550 544/544 1552/1552
f 1552/1552 544/544 542/542
f 1552/1552 542/542 1554/1554
f 1554/1554 542/542 540/540
f 1554/1554 540/540 1556/1556
f 1556/1556 540/540 538/538
f 1556/1556 538/538 1558/1558
f 1558/1558 538/538 536/536
f 1558/1558 536/536 1560/1560
f 1560/1560 536/536 534/534
f 1560/1560 534/534 1562/1562
f 1562/1562 534/534 532/532
f 1562/1562 532/532 1564/1564
f 1564/1564 532/532 530/530
f 1564/1564 530/530 1566/1566
f 1566/1566 530/530 528/528
f 1566/1566 528/528 1568/1568
f 1568/1568 528/528 526/526
f 1568/1568 526/526 1570/1570
f 1570/1570 526/526 524/524
f 1570/1570 524/524 1572/1572
f 1572/1572 524/524 522/522
f 1572/1572 522/522 1574/1574
f 1574/1574 522/522 520/520
f 1574/1574 520/520 1576/1576
f 1576/1576 520/520 518/518
f 1576/1576 518/518 1578/1578
f 1578/1578 518/518 516/516
f 1578/1578 516/516 1580/1580
f 1580/1580 516/516 514/514
f 1580/1580 514/514 1582/1582
f 1582/1582 514/514 512/512
f 1582/1582 512/512 1584/1584
f 1584/1584 512/512 510/510
f 1584/1584 510/510 1586/1586
f 1586/1586 510/510 508/508
f 1586/1586 508/508 1588/1588
f 1588/1588 508/508 506/506
f 1588/1588 506/506 1590/1590
f 1590/1590 506/506 504/504
f 1590/1590 504/504 1592/1592
f 1592/1592 504/504 502/502
f 1592/1592 502/502 1594/1594
f 1594/1594 502/502 500/500
f 1594/1594 500/500 1596/1596
f 1596/1596 500/500 498/498
f 1596/1596 498/498 1598/1598
f 1598/1598 498/498 496/496
f 1598/1598 496/496 1600/1600
f 1600/1600 496/496 494/494
f 1600/1600 494/494 1602/1602
f 1602/1602 494/494 492/492
f 1602/1602 492/492 1604/1604
f 1604/1604 492/492 490/490
f 1604/1604 490/490 1606/1606
f 1606/1606 490/490 488/488
f 1606/1606 488/488 1608/1608
f 1608/1608 488/488 486/486
f 1608/1608 486/486 1610/1610
f 1610/1610 486/486 484/484
f 1610/1610 484/484 1612/1612
f 1612/1612 484/484 482/482
f 1612/1612 482/482 1614/1614
f 1614/1614 482/482 480/480
f 1614/1614 480/480 1616/1616
f 1616/1616 480/480 478/478
f 1616/1616 478/478 1618/1618
f 1618/1618 478/478 476/476
f 1618/1618 476/476 1620/1620
f 1620/1620 476/476 474/474
f 1620/1620 474/474 1622/1622
f 1622/1622 474/474 472/472
f 1622/1622 472/472 1624/1624
f 1624/1624 472/472 470/470
f 1624/1624 470/470 1626/1626
f 1626/1626 470/470 468/468
f 1626/1626 468/468 1628/1628
f 1628/1628 468/468 466/466
f 1628/1628 466/466 1630/1630
f 1630/1630 466/466 464/464
f 1630/1630 464/464 1632/1632
f 1632/1632 1843/1843 462/462
f 1632/1632 462/462 1634/1634
f 1634/1634 462/462 460/460
f 1634/1634 460/460 1636/1636
f 1636/1636 460/460 458/458
f 1636/1636 458/458 1638/1638
f 1638/1638 458/458 456/456
f 1638/1638 456/456 1640/1640
f 1640/1640 456/456 454/454
f 1640/1640 454/454 1642/1642
f 1642/1642 454/454 452/452
f 1642/1642 452/452 1644/1644
f 1644/1644 452/452 450/450
f 1644/1644 450/450 1646/1646
f 1646/1646 450/450 448/448
f 1646/1646 448/448 1648/1648
f 1648/1648 448/448 446/446
f 1648/1648 446/446 1650/1650
f 1650/1650 446/446 444/444
f 1650/1650 444/444 1652/1652
f 1652/1652 444/444 441/441
f 1652/1652 441/441 1654/1654
f 1654/1654 441/441 439/439
f 1654/1654 439/439 1656/1656
f 1656/1656 439/439 437/437
f 1656/1656 437/437 1658/1658
f 1658/1658 437/437 435/435
f 1658/1658 435/435 1660/1660
f 1660/1660 435/435 433/433
f 1660/1660 433/433 1662/1662
f 1662/1662 433/433 431/431
f 1662/1662 431/431 1664/1664
f 1664/1664 431/431 429/429
f 1664/1664 429/429 1666/1666
f 1666/1666 429/429 427/427
f 1666/1666 427/427 1668/1668
f 1668/1668 427/427 425/425
f 1668/1668 425/425 1670/1670
f 1670/1670 425/425 1844/1844
f 1670/1670 1844/1844 1672/1672
f 1672/1672 1844/1844 421/421
f 1672/1672 421/421 1674/1674
f 1674/1674 421/421 419/419
f 1674/1674 419/419 1676/1676
f 1676/1676 419/419 417/417
f 1676/1676 417/417 1678/1678
f 1678/1678 417/417 415/415
f 1678/1678 415/415 1680/1680
f 1680/1680 415/415 413/413
f 1680/1680 413/413 1682/1682
f 1682/1682 413/413 411/411
f 1682/1682 411/411 1684/1684
f 1684/1684 411/411 409/409
f 1684/1684 409/409 1686/1686
f 1686/1686 409/409 407/407
f 1686/1686 407/407 1688/1688
f 1688/1688 407/407 405/405
f 1688/1688 405/405 1690/1690
f 1690/1690 405/405 403/403
f 1690/1690 403/403 1692/1692
f 1692/1692 403/403 401/401
f 1692/1692 401/401 1694/1694
f 1694/1694 401/401 399/399
f 1694/1694 399/399 1696/1696
f 1696/1696 399/399 397/397
f 1696/1696 397/397 1698/1698
f 1698/1698 397/397 395/395
f 1698/1698 395/395 1700/1700
f 1700/1700 395/395 393/393
f 1700/1700 393/393 1702/1702
f 1702/1702 393/393 391/391
f 1702/1702 391/391 1704/1704
f 1704/1704 391/391 389/389
f 1704/1704 389/389 1706/1706
f 1706/1706 389/389 387/387
f 1706/1706 387/387 1708/1708
f 1708/1708 387/387 385/385
f 1708/1708 385/385 1710/1710
f 1710/1710 385/385 383/383
f 1710/1710 383/383 1712/1712
f 1712/1712 383/383 381/381
f 1712/1712 381/381 1714/1714
f 1714/1714 381/381 379/379
f 1714/1714 379/379 1716/1716
f 1716/1716 379/379 377/377
f 1716/1716 377/377 1718/1718
f 1718/1718 377/377 375/375
f 1718/1718 375/375 1720/1720
f 1720/1720 375/375 373/373
f 1720/1720 373/373 1722/1722
f 1722/1722 373/373 371/371
f 1722/1722 371/371 1724/1724
f 1724/1724 371/371 369/369
f 1724/1724 369/369 1726/1726
f 1726/1726 369/369 367/367
f 1726/1726 367/367 1728/1728
f 1728/1728 367/367 365/365
f 1728/1728 365/365 1730/1730
f 1730/1730 365/365 363/363
f 1730/1730 363/363 1732/1732
f 1732/1732 363/363 361/361
f 1732/1732 361/361 1734/1734
f 1734/1734 361/361 359/359
f 1734/1734 359/359 1736/1736
f 1736/1736 359/359 357/357
f 1736/1736 357/357 1738/1738
f 1738/1738 357/357 355/355
f 1738/1738 355/355 1740/1740
f 1740/1740 355/355 353/353
f 1740/1740 353/353 1742/1742
f 1742/1742 353/353 351/351
f 1742/1742 351/351 1744/1744
f 1744/1744 351/351 349/349
f 1744/1744 349/349 1746/1746
f 1746/1746 349/349 347/347
f 1746/1746 347/347 1748/1748
f 1748/1748 347/347 345/345
f 1748/1748 345/345 1750/1750
f 1750/1750 345/345 343/343
f 1750/1750 343/343 1752/1752
f 1752/1752 343/343 341/341
f 1752/1752 341/341 1754/1754
f 1754/1754 341/341 339/339
f 1754/1754 339/339 1756/1756
f 1756/1756 339/339 337/337
f 1756/1756 337/337 1758/1758
f 1758/1758 337/337 335/335
f 1758/1758 335/335 1760/1760
f 1760/1760 335/335 333/333
f 1760/1760 333/333 1762/1762
f 1762/1762 333/333 331/331
f 1762/1762 331/331 1764/1764
f 1764/1764 331/331 329/329
f 1764/1764 329/329 1766/1766
f 1766/1766 329/329 327/327
f 1766/1766 327/327 1768/1768
f 1768/1768 327/327 325/325
f 1768/1768 325/325 1770/1770
f 1770/1770 325/325 323/323
f 1770/1770 323/323 1772/1772
f 1772/1772 323/323 321/321
f 1772/1772 321/321 1774/1774
f 1774/1774 321/321 319/319
f 1774/1774 319/319 1776/1776
f 1776/1776 319/319 317/317
f 1776/1776 317/317 1778/1778
f 1778/1778 317/317 315/315
f 1778/1778 315/315 1780/1780
f 1780/1780 315/315 313/313
f 1780/1780 313/313 1782/1782
f 1782/1782 313/313 311/311
f 1782/1782 311/311 1784/1784
f 1784/1784 311/311 309/309
f 1784/1784 309/309 1786/1786
f 1786/1786 309/309 307/307
f 1786/1786 307/307 1788/1788
f 1788/1788 307/307 305/305
f 1788/1788 305/305 1790/1790
f 1790/1790 305/305 303/303
f 1790/1790 303/303 1792/1792
f 1792/1792 303/303 301/301
f 1792/1792 301/301 1794/1794
f 1794/1794 301/301 299/299
f 1794/1794 299/299 1796/1796
f 1796/1796 299/299 297/297
f 1796/1796 297/297 1798/1798
f 1798/1798 297/297 295/295
f 1798/1798 295/295 1800/1800
f 1800/1800 295/295 293/293
f 1800/1800 293/293 1802/1802
f 1802/1802 293/293 291/291
f 1804/1804 289/289 1806/1806
f 1806/1806 289/289 287/287
f 1806/1806 287/287 1808/1808
f 1808/1808 287/287 982/982
f 1808/1808 982/982 1810/1810
f 1810/1810 982/982 984/984
f 1810/1810 984/984 1812/1812
f 1812/1812 984/984 986/986
f 1812/1812 986/986 1814/1814
f 1814/1814 986/986 988/988
f 1814/1814 988/988 1816/1816
f 1816/1816 988/988 990/990
f 1816/1816 990/990 1818/1818
f 1818/1818 990/990 992/992
f 1818/1818 992/992 1820/1820
f 1820/1820 992/992 994/994
f 1820/1820 994/994 1822/1822
f 1822/1822 994/994 996/996
f 1822/1822 996/996 1824/1824
f 1824/1824 996/996 998/998
f 1824/1824 998/998 1826/1826
f 1826/1826 998/998 1000/1000
f 1826/1826 1000/1000 1828/1828
f 1828/1828 1000/1000 1002/1002
f 1828/1828 1002/1002 1830/1830
f 1830/1830 1002/1002 1004/1004
f 1830/1830 1004/1004 1832/1832
f 1832/1832 1004/1004 1006/1006
f 1832/1832 1006/1006 1834/1834
f 1834/1834 1006/1006 1008/1008
f 1834/1834 1008/1008 1836/1836
f 1836/1836 1008/1008 1010/1010
f 1836/1836 1010/1010 1838/1838
f 1838/1838 1010/1010 1012/1012
f 1838/1838 1012/1012 1840/1840
f 1840/1840 1012/1012 1014/1014
f 1840/1840 1014/1014 1842/1842
f 1842/1842 1014/1014 1016/1016
f 1842/1842 1016/1016 1018/1018
f 4/4 7/7 1845/1845
f 1845/1845 7/7 862/862
f 1845/1845 862/862 860/860
f 857/857 1519/1519 855/855
f 855/855 1519/1519 1521/1521
f 855/855 1521/1521 853/853
f 853/853 1521/1521 1523/1523
f 853/853 1523/1523 851/851
f 851/851 1523/1523 1525/1525
f 851/851 1525/1525 849/849
f 849/849 1525/1525 1527/1527
f 849/849 1527/1527 847/847
f 847/847 1527/1527 1529/1529
f 847/847 1529/1529 845/845
f 845/845 1529/1529 1531/1531
f 845/845 1531/1531 843/843
f 843/843 1531/1531 1533/1533
f 843/843 1533/1533 841/841
f 841/841 1533/1533 1535/1535
f 841/841 1535/1535 839/839
f 839/839 1535/1535 1537/1537
f 839/839 1537/1537 837/837
f 837/837 1537/1537 1539/1539
f 837/837 1539/1539 835/835
f 835/835 1539/1539 1541/1541
f 835/835 1541/1541 833/833
f 833/833 1541/1541 1543/1543
f 833/833 1543/1543 831/831
f 831/831 1543/1543 1545/1545
f 831/831 1545/1545 829/829
f 829/829 1545/1545 1547/1547
f 829/829 1547/1547 827/827
f 827/827 1547/1547 1549/1549
f 827/827 1549/1549 825/825
f 825/825 1549/1549 1551/1551
f 825/825 1551/1551 823/823
f 823/823 1551/1551 1553/1553
f 823/823 1553/1553 821/821
f 821/821 1553/1553 1555/1555
f 821/821 1555/1555 819/819
f 819/819 1555/1555 1557/1557
f 819/819 1557/1557 817/817
f 817/817 1557/1557 1559/1559
f 817/817 1559/1559 815/815
f 815/815 1559/1559 1561/1561
f 815/815 1561/1561 813/813
f 813/813 1561/1561 1563/1563
f 813/813 1563/1563 811/811
f 811/811 1563/1563 1565/1565
f 811/811 1565/1565 809/809
f 809/809 1565/1565 1567/1567
f 809/809 1567/1567 807/807
f 807/807 1567/1567 1569/1569
f 807/807 1569/1569 805/805
f 805/805 1569/1569 1571/1571
f 805/805 1571/1571 803/803
f 803/803 1571/1571 1573/1573
f 803/803 1573/1573 801/801
f 801/801 1573/1573 1575/1575
f 801/801 1575/1575 799/799
f 799/799 1575/1575 1577/1577
f 799/799 1577/1577 797/797
f 797/797 1577/1577 1579/1579
f 797/797 1579/1579 795/795
f 795/795 1579/1579 1581/1581
f 795/795 1581/1581 793/793
f 793/793 1581/1581 1583/1583
f 793/793 1583/1583 791/791
f 791/791 1583/1583 1585/1585
f 791/791 1585/1585 789/789
f 789/789 1585/1585 1587/1587
f 789/789 1587/1587 787/787
f 787/787 1587/1587 1589/1589
f 787/787 1589/1589 785/785
f 785/785 1589/1589 1591/1591
f 785/785 1591/1591 783/783
f 783/783 1591/1591 1593/1593
f 783/783 1593/1593 781/781
f 781/781 1593/1593 1595/1595
f 781/781 1595/1595 779/779
f 779/779 1595/1595 1597/1597
f 779/779 1597/1597 777/777
f 777/777 1597/1597 1599/1599
f 777/777 1599/1599 775/775
f 775/775 1599/1599 1601/1601
f 775/775 1601/1601 773/773
f 773/773 1601/1601 1603/1603
f 773/773 1603/1603 771/771
f 771/771 1603/1603 1605/1605
f 771/771 1605/1605 769/769
f 769/769 1605/1605 1607/1607
f 769/769 1607/1607 767/767
f 767/767 1607/1607 1609/1609
f 767/767 1609/1609 765/765
f 765/765 1609/1609 1611/1611
f 765/765 1611/1611 763/763
f 763/763 1611/1611 1613/1613
f 763/763 1613/1613 761/761
f 761/761 1613/1613 1615/1615
f 761/761 1615/1615 759/759
f 759/759 1615/1615 1617/1617
f 759/759 1617/1617 757/757
f 757/757 1617/1617 1619/1619
f 757/757 1619/1619 755/755
f 755/755 1619/1619 1621/1621
f 755/755 1621/1621 753/753
f 753/753 1621/1621 1623/1623
f 753/753 1623/1623 751/751
f 751/751 1623/1623 1625/1625
f 751/751 1625/1625 749/749
f 749/749 1625/1625 1627/1627
f 749/749 1627/1627 747/747
f 747/747 1627/1627 1629/1629
f 747/747 1629/1629 745/745
f 745/745 1629/1629 1631/1631
f 745/745 1631/1631 743/743
f 743/743 1631/1631 1633/1633
f 743/743 1633/1633 741/741
f 741/741 1633/1633 1635/1635
f 741/741 1635/1635 739/739
f 739/739 1635/1635 1637/1637
f 739/739 1637/1637 737/737
f 737/737 1637/1637 1639/1639
f 737/737 1639/1639 735/735
f 735/735 1639/1639 1641/1641
f 735/735 1641/1641 733/733
f 733/733 1641/1641 1643/1643
f 733/733 1643/1643 731/731
f 731/731 1643/1643 1645/1645
f 731/731 1645/1645 729/729
f 729/729 1645/1645 1647/1647
f 729/729 1647/1647 727/727
f 727/727 1647/1647 1649/1649
f 727/727 1649/1649 725/725
f 725/725 1649/1649 1651/1651
f 725/725 1651/1651 723/723
f 723/723 1651/1651 1653/1653
f 723/723 1653/1653 721/721
f 721/721 1653/1653 1846/1846
f 721/721 1655/1655 719/719
f 719/719 1655/1655 1657/1657
f 719/719 1657/1657 717/717
f 717/717 1657/1657 1659/1659
f 717/717 1659/1659 715/715
f 715/715 1659/1659 1661/1661
f 715/715 1661/1661 713/713
f 713/713 1661/1661 1663/1663
f 713/713 1663/1663 711/711
f 711/711 1663/1663 1847/1847
f 711/711 1665/1665 709/709
f 709/709 1847/1847 1667/1667
f 709/709 1667/1667 707/707
f 707/707 1667/1667 1669/1669
f 707/707 1669/1669 705/705
f 705/705 1669/1669 1671/1671
f 705/705 1671/1671 703/703
f 703/703 1671/1671 1673/1673
f 703/703 1673/1673 701/701
f 701/701 1673/1673 1675/1675
f 701/701 1675/1675 699/699
f 699/699 1675/1675 1677/1677
f 699/699 1677/1677 697/697
f 697/697 1677/1677 1679/1679
f 697/697 1679/1679 695/695
f 695/695 1679/1679 1681/1681
f 695/695 1681/1681 693/693
f 693/693 1681/1681 1683/1683
f 693/693 1683/1683 691/691
f 691/691 1683/1683 1685/1685
f 691/691 1685/1685 689/689
f 689/689 1685/1685 1687/1687
f 689/689 1687/1687 687/687
f 687/687 1687/1687 1689/1689
f 687/687 1689/1689 685/685
f 685/685 1689/1689 1691/1691
f 685/685 1691/1691 683/683
f 683/683 1691/1691 1693/1693
f 683/683 1693/1693 681/681
f 681/681 1693/1693 1695/1695
f 681/681 1695/1695 679/679
f 679/679 1695/1695 1697/1697
f 679/679 1697/1697 677/677
f 677/677 1697/1697 1699/1699
f 677/677 1699/1699 675/675
f 675/675 1699/1699 1701/1701
f 675/675 1701/1701 673/673
f 673/673 1701/1701 1703/1703
f 673/673 1703/1703 671/671
f 671/671 1703/1703 1705/1705
f 671/671 1705/1705 669/669
f 669/669 1705/1705 1707/1707
f 669/669 1707/1707 667/667
f 667/667 1707/1707 1709/1709
f 667/667 1709/1709 665/665
f 665/665 1709/1709 1711/1711
f 665/665 1711/1711 663/663
f 663/663 1711/1711 1713/1713
f 663/663 1713/1713 661/661
f 661/661 1713/1713 1715/1715
f 661/661 1715/1715 659/659
f 659/659 1715/1715 1717/1717
f 659/659 1717/1717 657/657
f 657/657 1717/1717 1719/1719
f 657/657 1719/1719 655/655
f 655/655 1719/1719 1721/1721
f 655/655 1721/1721 653/653
f 653/653 1721/1721 1723/1723
f 653/653 1723/1723 651/651
f 651/651 1723/1723 1725/1725
f 651/651 1725/1725 649/649
f 649/649 1725/1725 1727/1727
f 649/649 1727/1727 647/647
f 647/647 1727/1727 1729/1729
f 647/647 1729/1729 645/645
f 645/645 1729/1729 1731/1731
f 645/645 1731/1731 643/643
f 643/643 1731/1731 1733/1733
f 643/643 1733/1733 641/641
f 641/641 1733/1733 1735/1735
f 641/641 1735/1735 639/639
f 639/639 1735/1735 1737/1737
f 639/639 1737/1737 637/637
f 637/637 1737/1737 1739/1739
f 637/637 1739/1739 635/635
f 635/635 1739/1739 1741/1741
f 635/635 1741/1741 633/633
f 633/633 1741/1741 1743/1743
f 633/633 1743/1743 631/631
f 631/631 1743/1743 1745/1745
f 631/631 1745/1745 629/629
f 629/629 1745/1745 1747/1747
f 629/629 1747/1747 627/627
f 627/627 1747/1747 1749/1749
f 627/627 1749/1749 625/625
f 625/625 1749/1749 1751/1751
f 625/625 1751/1751 623/623
f 623/623 1751/1751 1753/1753
f 623/623 1753/1753 621/621
f 621/621 1753/1753 1755/1755
f 621/621 1755/1755 619/619
f 619/619 1755/1755 1757/1757
f 619/619 1757/1757 617/617
f 617/617 1757/1757 1759/1759
f 617/617 1759/1759 615/615
f 615/615 1759/1759 1761/1761
f 615/615 1761/1761 613/613
f 613/613 1761/1761 1763/1763
f 613/613 1763/1763 611/611
f 611/611 1763/1763 1765/1765
f 611/611 1765/1765 609/609
f 609/609 1765/1765 1767/1767
f 609/609 1767/1767 607/607
f 607/607 1767/1767 1769/1769
f 607/607 1769/1769 605/605
f 605/605 1769/1769 1771/1771
f 605/605 1771/1771 603/603
f 603/603 1771/1771 1773/1773
f 603/603 1773/1773 601/601
f 601/601 1773/1773 1775/1775
f 601/601 1775/1775 599/599
f 599/599 1775/1775 1777/1777
f 599/599 1777/1777 597/597
f 597/597 1777/1777 1779/1779
f 597/597 1779/1779 595/595
f 595/595 1779/1779 1781/1781
f 595/595 1781/1781 593/593
f 593/593 1781/1781 1783/1783
f 593/593 1783/1783 591/591
f 591/591 1783/1783 1785/1785
f 591/591 1785/1785 589/589
f 589/589 1785/1785 1787/1787
f 589/589 1787/1787 587/587
f 587/587 1787/1787 1789/1789
f 587/587 1789/1789 585/585
f 585/585 1789/1789 1791/1791
f 585/585 1791/1791 583/583
f 583/583 1791/1791 1793/1793
f 583/583 1793/1793 581/581
f 581/581 1793/1793 1795/1795
f 581/581 1795/1795 579/579
f 579/579 1795/1795 1797/1797
f 579/579 1797/1797 577/577
f 577/577 1797/1797 1799/1799
f 577/577 1799/1799 575/575
f 575/575 1799/1799 1801/1801
f 573/573 1803/1803 571/571
f 571/571 1803/1803 1805/1805
f 571/571 1805/1805 569/569
f 569/569 1805/1805 1807/1807
f 569/569 1807/1807 567/567
f 567/567 1807/1807 1809/1809
f 567/567 1809/1809 565/565
f 565/565 1809/1809 1811/1811
f 565/565 1811/1811 563/563
f 563/563 1811/1811 1813/1813
f 563/563 1813/1813 561/561
f 561/561 1813/1813 1815/1815
f 561/561 1815/1815 559/559
f 559/559 1815/1815 1817/1817
f 559/559 1817/1817 557/557
f 557/557 1817/1817 1819/1819
f 557/557 1819/1819 555/555
f 555/555 1819/1819 1821/1821
f 555/555 1821/1821 553/553
f 553/553 1821/1821 1823/1823
f 553/553 1823/1823 551/551
f 551/551 1823/1823 1825/1825
f 551/551 1825/1825 549/549
f 549/549 1825/1825 1827/1827
f 549/549 1827/1827 547/547
f 547/547 1827/1827 1829/1829
f 547/547 1829/1829 545/545
f 545/545 1829/1829 1831/1831
f 545/545 1831/1831 543/543
f 543/543 1831/1831 1833/1833
f 543/543 1833/1833 541/541
f 541/541 1833/1833 1835/1835
f 541/541 1835/1835 539/539
f 539/539 1835/1835 1837/1837
f 539/539 1837/1837 537/537
f 537/537 1837/1837 1839/1839
f 537/537 1839/1839 535/535
f 535/535 1839/1839 1841/1841
f 535/535 1841/1841 533/533
f 533/533 1841/1841 1020/1020
f 1517/1517 859/859 1515/1515
f 1515/1515 859/859 861/861
f 1515/1515 861/861 1513/1513
f 1513/1513 861/861 863/863
f 1513/1513 863/863 1511/1511
f 1511/1511 863/863 864/864
f 1511/1511 864/864 1509/1509
f 1509/1509 864/864 865/865
f 1509/1509 865/865 1507/1507
f 1507/1507 865/865 866/866
f 1507/1507 866/866 1505/1505
f 1505/1505 866/866 867/867
f 1505/1505 867/867 1503/1503
f 1503/1503 867/867 868/868
f 1503/1503 868/868 1501/1501
f 1501/1501 868/868 869/869
f 1501/1501 869/869 1499/1499
f 1499/1499 869/869 870/870
f 1499/1499 870/870 1497/1497
f 1497/1497 870/870 871/871
f 1497/1497 871/871 1495/1495
f 1495/1495 871/871 872/872
f 1495/1495 872/872 1493/1493
f 1493/1493 872/872 873/873
f 1493/1493 873/873 1491/1491
f 1491/1491 873/873 874/874
f 1491/1491 874/874 1489/1489
f 1489/1489 874/874 875/875
f 1489/1489 875/875 1487/1487
f 1487/1487 875/875 876/876
f 1487/1487 876/876 1485/1485
f 1485/1485 876/876 877/877
f 1485/1485 877/877 1483/1483
f 1483/1483 877/877 878/878
f 1483/1483 878/878 1481/1481
f 1481/1481 878/878 879/879
f 1481/1481 879/879 1479/1479
f 1479/1479 879/879 880/880
f 1479/1479 880/880 1477/1477
f 1477/1477 880/880 881/881
f 1477/1477 881/881 1475/1475
f 1475/1475 881/881 882/882
f 1475/1475 882/882 1473/1473
f 1473/1473 882/882 883/883
f 1473/1473 883/883 1471/1471
f 1471/1471 883/883 884/884
f 1471/1471 884/884 1469/1469
f 1469/1469 884/884 885/885
f 1469/1469 885/885 1467/1467
f 1467/1467 885/885 886/886
f 1467/1467 886/886 1465/1465
f 1465/1465 886/886 887/887
f 1465/1465 887/887 1463/1463
f 1463/1463 887/887 888/888
f 1463/1463 888/888 1461/1461
f 1461/1461 888/888 889/889
f 1461/1461 889/889 1459/1459
f 1459/1459 889/889 890/890
f 1459/1459 890/890 1457/1457
f 1457/1457 890/890 891/891
f 1457/1457 891/891 1455/1455
f 1455/1455 891/891 892/892
f 1455/1455 892/892 1453/1453
f 1453/1453 892/892 893/893
f 1453/1453 893/893 1451/1451
f 1451/1451 893/893 894/894
f 1451/1451 894/894 1449/1449
f 1449/1449 894/894 895/895
f 1449/1449 895/895 1447/1447
f 1447/1447 895/895 896/896
f 1447/1447 896/896 1445/1445
f 1445/1445 896/896 897/897
f 1445/1445 897/897 1443/1443
f 1443/1443 897/897 898/898
f 1443/1443 898/898 1441/1441
f 1441/1441 898/898 899/899
f 1441/1441 899/899 1439/1439
f 1439/1439 899/899 900/900
f 1439/1439 900/900 1437/1437
f 1437/1437 900/900 901/901
f 1437/1437 901/901 1435/1435
f 1435/1435 901/901 902/902
f 1435/1435 902/902 1433/1433
f 1433/1433 902/902 903/903
f 1433/1433 903/903 1431/1431
f 1431/1431 903/903 904/904
f 1431/1431 904/904 1429/1429
f 1429/1429 904/904 905/905
f 1429/1429 905/905 1427/1427
f 1427/1427 905/905 906/906
f 1427/1427 906/906 1425/1425
f 1425/1425 906/906 907/907
f 1425/1425 907/907 1423/1423
f 1423/1423 907/907 908/908
f 1423/1423 908/908 1421/1421
f 1421/1421 908/908 909/909
f 1421/1421 909/909 1419/1419
f 1419/1419 909/909 910/910
f 1419/1419 910/910 1417/1417
f 1417/1417 910/910 911/911
f 1417/1417 911/911 1415/1415
f 1415/1415 911/911 912/912
f 1415/1415 912/912 1413/1413
f 1413/1413 912/912 913/913
f 1413/1413 913/913 1411/1411
f 1411/1411 913/913 914/914
f 1411/1411 914/914 1409/1409
f 1409/1409 914/914 915/915
f 1409/1409 915/915 1407/1407
f 1407/1407 915/915 916/916
f 1407/1407 916/916 1405/1405
f 1405/1405 916/916 917/917
f 1405/1405 917/917 1403/1403
f 1403/1403 917/917 918/918
f 1403/1403 918/918 1401/1401
f 1401/1401 918/918 919/919
f 1401/1401 919/919 1399/1399
f 1399/1399 919/919 920/920
f 1399/1399 920/920 1397/1397
f 1397/1397 920/920 921/921
f 1397/1397 921/921 1395/1395
f 1395/1395 921/921 922/922
f 1395/1395 922/922 1393/1393
f 1393/1393 922/922 923/923
f 1393/1393 923/923 1391/1391
f 1391/1391 923/923 924/924
f 1391/1391 924/924 1389/1389
f 1389/1389 924/924 925/925
f 1389/1389 925/925 1387/1387
f 1387/1387 925/925 926/926
f 1387/1387 926/926 1385/1385
f 1385/1385 926/926 927/927
f 1385/1385 927/927 1383/1383
f 1383/1383 927/927 928/928
f 1383/1383 928/928 1381/1381
f 1381/1381 928/928 929/929
f 1381/1381 929/929 1379/1379
f 1379/1379 929/929 930/930
f 1379/1379 930/930 1377/1377
f 1377/1377 930/930 931/931
f 1377/1377 931/931 1375/1375
f 1375/1375 931/931 932/932
f 1375/1375 932/932 1373/1373
f 1373/1373 932/932 933/933
f 1373/1373 933/933 1371/1371
f 1371/1371 933/933 934/934
f 1371/1371 934/934 1369/1369
f 1369/1369 934/934 935/935
f 1369/1369 935/935 1367/1367
f 1367/1367 935/935 936/936
f 1367/1367 936/936 1365/1365
f 1365/1365 936/936 937/937
f 1365/1365 937/937 1363/1363
f 1363/1363 937/937 938/938
f 1363/1363 938/938 1361/1361
f 1361/1361 938/938 939/939
f 1361/1361 939/939 1359/1359
f 1359/1359 939/939 940/940
f 1359/1359 940/940 1357/1357
f 1357/1357 940/940 941/941
f 1357/1357 941/941 1355/1355
f 1355/1355 941/941 942/942
f 1355/1355 942/942 1353/1353
f 1353/1353 942/942 943/943
f 1353/1353 943/943 1351/1351
f 1351/1351 943/943 944/944
f 1351/1351 944/944 1349/1349
f 1349/1349 944/944 945/945
f 1349/1349 945/945 1347/1347
f 1347/1347 945/945 946/946
f 1347/1347 946/946 1345/1345
f 1345/1345 946/946 947/947
f 1345/1345 947/947 1343/1343
f 1343/1343 947/947 948/948
f 1343/1343 948/948 1341/1341
f 1341/1341 948/948 949/949
f 1341/1341 949/949 1339/1339
f 1339/1339 949/949 950/950
f 1339/1339 950/950 1337/1337
f 1337/1337 950/950 951/951
f 1337/1337 951/951 1335/1335
f 1335/1335 951/951 952/952
f 1335/1335 952/952 1333/1333
f 1333/1333 952/952 953/953
f 1333/1333 953/953 1331/1331
f 1331/1331 953/953 954/954
f 1331/1331 954/954 1329/1329
f 1329/1329 954/954 955/955
f 1329/1329 955/955 1327/1327
f 1327/1327 955/955 956/956
f 1327/1327 956/956 1325/1325
f 1325/1325 956/956 957/957
f 1325/1325 957/957 1323/1323
f 1323/1323 957/957 958/958
f 1323/1323 958/958 1321/1321
f 1321/1321 958/958 959/959
f 1321/1321 959/959 1319/1319
f 1319/1319 959/959 960/960
f 1319/1319 960/960 1317/1317
f 1317/1317 960/960 961/961
f 1317/1317 961/961 1315/1315
f 1315/1315 961/961 962/962
f 1315/1315 962/962 1313/1313
f 1313/1313 962/962 963/963
f 1313/1313 963/963 1311/1311
f 1311/1311 963/963 964/964
f 1311/1311 964/964 1309/1309
f 1309/1309 964/964 965/965
f 1309/1309 965/965 1307/1307
f 1307/1307 965/965 966/966
f 1307/1307 966/966 1305/1305
f 1305/1305 966/966 967/967
f 1305/1305 967/967 1303/1303
f 1303/1303 967/967 968/968
f 1303/1303 968/968 1301/1301
f 1301/1301 968/968 969/969
f 1301/1301 969/969 1299/1299
f 1299/1299 969/969 970/970
f 1299/1299 970/970 1297/1297
f 1297/1297 970/970 971/971
f 1297/1297 971/971 1295/1295
f 1295/1295 971/971 972/972
f 1295/1295 972/972 1293/1293
f 1293/1293 972/972 973/973
f 1293/1293 973/973 1291/1291
f 1291/1291 973/973 974/974
f 1291/1291 974/974 1289/1289
f 1289/1289 974/974 975/975
f 1289/1289 975/975 1287/1287
f 1287/1287 975/975 976/976
f 1287/1287 976/976 1285/1285
f 1285/1285 976/976 977/977
f 1285/1285 977/977 1283/1283
f 1283/1283 977/977 978/978
f 1283/1283 978/978 1281/1281
f 1281/1281 978/978 979/979
f 1281/1281 979/979 1279/1279
f 1279/1279 979/979 980/980
f 1279/1279 980/980 1277/1277
f 1277/1277 980/980 981/981
f 1277/1277 981/981 1275/1275
f 1275/1275 981/981 247/247
f 1275/1275 247/247 249/249
f 9/9 862/862 7/7
f 1253/1253 292/292 294/294
f 1251/1251 1253/1253 294/294
f 1251/1251 294/294 296/296
f 1249/1249 1251/1251 296/296
f 1249/1249 296/296 298/298
f 1247/1247 1249/1249 298/298
f 1247/1247 298/298 300/300
f 1245/1245 1247/1247 300/300
f 1245/1245 300/300 302/302
f 1243/1243 1245/1245 302/302
f 1243/1243 302/302 304/304
f 1241/1241 1243/1243 304/304
f 1241/1241 304/304 306/306
f 1239/1239 1241/1241 306/306
f 1239/1239 306/306 308/308
f 1237/1237 1239/1239 308/308
f 1237/1237 308/308 310/310
f 1235/1235 1237/1237 310/310
f 1235/1235 310/310 312/312
f 1233/1233 1235/1235 312/312
f 1233/1233 312/312 314/314
f 1231/1231 1233/1233 314/314
f 1231/1231 314/314 316/316
f 1229/1229 1231/1231 316/316
f 1229/1229 316/316 318/318
f 1227/1227 1229/1229 318/318
f 1227/1227 318/318 320/320
f 1225/1225 1227/1227 320/320
f 1225/1225 320/320 322/322
f 1223/1223 1225/1225 322/322
f 1223/1223 322/322 324/324
f 1221/1221 1223/1223 324/324
f 1221/1221 324/324 326/326
f 1219/1219 1221/1221 326/326
f 1219/1219 326/326 328/328
f 1218/1218 1219/1219 328/328
f 1178/1178 368/368 370/370
f 1176/1176 1178/1178 370/370
f 1176/1176 370/370 372/372
f 1174/1174 1176/1176 372/372
f 1174/1174 372/372 374/374
f 1172/1172 1174/1174 374/374
f 1172/1172 374/374 376/376
f 1170/1170 1172/1172 376/376
f 1170/1170 376/376 378/378
f 1168/1168 1170/1170 378/378
f 1168/1168 378/378 380/380
f 1166/1166 1168/1168 380/380
f 1166/1166 380/380 382/382
f 1164/1164 1166/1166 382/382
f 1164/1164 382/382 384/384
f 1162/1162 1164/1164 384/384
f 1162/1162 384/384 386/386
f 1160/1160 1162/1162 386/386
f 1160/1160 386/386 388/388
f 1158/1158 1160/1160 388/388
f 1158/1158 388/388 390/390
f 1156/1156 1158/1158 390/390
f 1156/1156 390/390 392/392
f 1154/1154 1156/1156 392/392
f 1154/1154 392/392 394/394
f 1152/1152 1154/1154 394/394
f 1152/1152 394/394 396/396
f 1150/1150 1152/1152 396/396
f 1150/1150 396/396 398/398
f 1148/1148 1150/1150 398/398
f 1148/1148 398/398 400/400
f 1146/1146 1148/1148 400/400
f 1146/1146 400/400 402/402
f 1144/1144 1146/1146 402/402
f 1144/1144 402/402 404/404
f 1142/1142 1144/1144 404/404
f 1142/1142 404/404 406/406
f 1140/1140 1142/1142 406/406
f 1140/1140 406/406 408/408
f 1139/1139 1140/1140 408/408
f 1098/1098 451/451 453/453
f 1096/1096 1098/1098 453/453
f 1096/1096 453/453 455/455
f 1094/1094 1096/1096 455/455
f 1094/1094 455/455 457/457
f 1092/1092 1094/1094 457/457
f 1092/1092 457/457 459/459
f 1090/1090 1092/1092 459/459
f 1090/1090 459/459 461/461
f 1088/1088 1090/1090 461/461
f 1088/1088 461/461 463/463
f 1086/1086 1088/1088 463/463
f 1086/1086 463/463 465/465
f 1084/1084 1086/1086 465/465
f 1084/1084 465/465 467/467
f 1082/1082 1084/1084 467/467
f 1082/1082 467/467 469/469
f 1080/1080 1082/1082 469/469
f 1080/1080 469/469 471/471
f 1078/1078 1080/1080 471/471
f 1078/1078 471/471 473/473
f 1076/1076 1078/1078 473/473
f 1076/1076 473/473 475/475
f 1074/1074 1076/1076 475/475
f 1074/1074 475/475 477/477
f 1072/1072 1074/1074 477/477
f 1072/1072 477/477 479/479
f 1070/1070 1072/1072 479/479
f 1070/1070 479/479 481/481
f 1068/1068 1070/1070 481/481
f 1068/1068 481/481 483/483
f 1066/1066 1068/1068 483/483
f 1066/1066 483/483 485/485
f 1064/1064 1066/1066 485/485
f 1064/1064 485/485 487/487
f 1062/1062 1064/1064 487/487
f 1062/1062 487/487 489/489
f 1060/1060 1062/1062 489/489
f 1060/1060 489/489 491/491
f 1059/1059 1060/1060 491/491
f 1019/1019 1023/1023 531/531
f 1848/1848 1849/1849 1850/1850
f 1850/1850 1849/1849 1851/1851
f 1850/1850 1851/1851 1852/1852
f 1852/1852 1851/1851 1853/1853
f 1852/1852 1853/1853 1854/1854
f 1854/1854 1853/1853 1855/1855
f 1854/1854 1855/1855 1856/1856
f 1856/1856 1855/1855 1857/1857
f 1856/1856 1857/1857 1858/1858
f 1858/1858 1857/1857 1859/1859
f 1858/1858 1859/1859 1860/1860
f 1860/1860 1859/1859 1861/1861
f 1860/1860 1861/1861 1862/1862
f 1862/1862 1861/1861 1863/1863
f 1862/1862 1863/1863 1864/1864
f 1864/1864 1863/1863 1865/1865
f 1864/1864 1865/1865 1866/1866
f 1866/1866 1865/1865 1867/1867
f 1866/1866 1867/1867 1868/1868
f 1868/1868 1867/1867 1869/1869
f 1868/1868 1869/1869 1870/1870
f 1870/1870 1869/1869 1871/1871
f 1870/1870 1871/1871 1872/1872
f 1872/1872 1871/1871 1873/1873
f 1872/1872 1873/1873 1874/1874
f 1874/1874 1873/1873 1875/1875
f 1874/1874 1875/1875 1876/1876
f 1876/1876 1875/1875 1877/1877
f 1876/1876 1877/1877 1878/1878
f 1878/1878 1877/1877 1879/1879
f 1878/1878 1879/1879 1880/1880
f 1880/1880 1879/1879 1881/1881
f 1880/1880 1881/1881 1882/1882
f 1882/1882 1881/1881 1883/1883
f 1882/1882 1883/1883 1884/1884
f 1884/1884 1883/1883 1885/1885
f 1884/1884 1885/1885 1886/1886
f 1886/1886 1885/1885 1887/1887
f 1886/1886 1887/1887 1888/1888
f 1888/1888 1887/1887 1889/1889
f 1888/1888 1889/1889 1890/1890
f 1890/1890 1889/1889 1891/1891
f 1890/1890 1891/1891 1892/1892
f 1892/1892 1891/1891 1893/1893
f 1892/1892 1893/1893 1894/1894
f 1894/1894 1893/1893 1895/1895
f 1894/1894 1895/1895 1896/1896
f 1896/1896 1895/1895 1897/1897
f 1896/1896 1897/1897 1898/1898
f 1898/1898 1897/1897 1899/1899
f 1898/1898 1899/1899 1900/1900
f 1900/1900 1899/1899 1901/1901
f 1900/1900 1901/1901 1902/1902
f 1902/1902 1901/1901 1903/1903
f 1902/1902 1903/1903 1904/1904
f 1904/1904 1903/1903 1905/1905
f 1904/1904 1905/1905 1906/1906
f 1906/1906 1905/1905 1907/1907
f 1906/1906 1907/1907 1908/1908
f 1908/1908 1907/1907 1909/1909
f 1908/1908 1909/1909 1910/1910
f 1910/1910 1909/1909 1911/1911
f 1910/1910 1911/1911 1912/1912
f 1912/1912 1911/1911 1913/1913
f 1912/1912 1913/1913 1914/1914
f 1914/1914 1913/1913 1915/1915
f 1914/1914 1915/1915 1916/1916
f 1916/1916 1915/1915 1917/1917
f 1916/1916 1917/1917 1918/1918
f 1918/1918 1917/1917 1919/1919
f 1918/1918 1919/1919 1920/1920
f 1920/1920 1919/1919 1921/1921
f 1920/1920 1921/1921 1922/1922
f 1922/1922 1921/1921 1923/1923
f 1922/1922 1923/1923 1924/1924
f 1924/1924 1923/1923 1925/1925
f 1924/1924 1925/1925 1926/1926
f 1926/1926 1925/1925 1927/1927
f 1926/1926 1927/1927 1928/1928
f 1928/1928 1927/1927 1929/1929
f 1928/1928 1929/1929 1930/1930
f 1930/1930 1929/1929 1931/1931
f 1930/1930 1931/1931 1932/1932
f 1932/1932 1931/1931 1933/1933
f 1932/1932 1933/1933 1934/1934
f 1934/1934 1933/1933 1935/1935
f 1934/1934 1935/1935 1936/1936
f 1936/1936 1935/1935 1937/1937
f 1936/1936 1937/1937 1938/1938
f 1938/1938 1937/1937 1939/1939
f 1938/1938 1939/1939 1940/1940
f 1940/1940 1939/1939 1941/1941
f 1940/1940 1941/1941 1942/1942
f 1942/1942 1941/1941 1943/1943
f 1942/1942 1943/1943 1944/1944
f 1944/1944 1943/1943 1945/1945
f 1944/1944 1945/1945 1946/1946
f 1946/1946 1945/1945 1947/1947
f 1946/1946 1947/1947 1948/1948
f 1948/1948 1947/1947 1949/1949
f 1948/1948 1949/1949 1950/1950
f 1950/1950 1949/1949 1951/1951
f 1950/1950 1951/1951 1952/1952
f 1952/1952 1951/1951 1953/1953
f 1952/1952 1953/1953 1954/1954
f 1954/1954 1953/1953 1955/1955
f 1954/1954 1955/1955 1956/1956
f 1956/1956 1955/1955 1957/1957
f 1956/1956 1957/1957 1958/1958
f 1958/1958 1957/1957 1959/1959
f 1958/1958 1959/1959 1960/1960
f 1960/1960 1959/1959 1961/1961
f 1960/1960 1961/1961 1962/1962
f 1962/1962 1961/1961 1963/1963
f 1962/1962 1963/1963 1964/1964
f 1964/1964 1963/1963 1965/1965
f 1964/1964 1965/1965 1966/1966
f 1966/1966 1965/1965 1967/1967
f 1966/1966 1967/1967 1968/1968
f 1968/1968 1967/1967 1969/1969
f 1968/1968 1969/1969 1970/1970
f 1970/1970 1969/1969 1971/1971
f 1970/1970 1971/1971 1972/1972
f 1972/1972 1971/1971 1973/1973
f 1972/1972 1973/1973 1974/1974
f 1974/1974 1973/1973 1975/1975
f 1974/1974 1975/1975 1976/1976
f 1976/1976 1975/1975 1977/1977
f 1976/1976 1977/1977 1978/1978
f 1978/1978 1977/1977 1979/1979
f 1978/1978 1979/1979 1980/1980
f 1980/1980 1979/1979 1981/1981
f 1980/1980 1981/1981 1982/1982
f 1982/1982 1981/1981 1983/1983
f 1982/1982 1983/1983 1984/1984
f 1984/1984 1983/1983 1985/1985
f 1984/1984 1985/1985 1986/1986
f 1986/1986 1985/1985 1987/1987
f 1986/1986 1987/1987 1988/1988
f 1988/1988 1987/1987 1989/1989
f 1989/1989 1987/1987 1990/1990
f 1989/1989 1990/1990 1991/1991
f 1991/1991 1990/1990 1992/1992
f 1993/1993 1994/1994 1995/1995
f 1995/1995 1994/1994 1996/1996
f 1995/1995 1996/1996 1997/1997
f 1997/1997 1996/1996 1998/1998
f 1997/1997 1998/1998 1999/1999
f 1849/1849 1848/1848 2000/2000
f 2000/2000 1848/1848 2001/2001
f 2000/2000 2001/2001 2002/2002
f 2002/2002 2001/2001 2003/2003
f 2002/2002 2003/2003 2004/2004
f 2004/2004 2003/2003 2005/2005
f 2004/2004 2005/2005 2006/2006
f 2006/2006 2005/2005 2007/2007
f 2006/2006 2007/2007 2008/2008
f 2008/2008 2007/2007 2009/2009
f 2008/2008 2009/2009 2010/2010
f 2010/2010 2009/2009 2011/2011
f 2010/2010 2011/2011 2012/2012
f 2012/2012 2011/2011 2013/2013
f 2012/2012 2013/2013 2014/2014
f 2014/2014 2013/2013 2015/2015
f 2014/2014 2015/2015 2016/2016
f 2016/2016 2015/2015 2017/2017
f 2016/2016 2017/2017 2018/2018
f 2018/2018 2017/2017 2019/2019
f 2018/2018 2019/2019 2020/2020
f 2020/2020 2019/2019 2021/2021
f 2020/2020 2021/2021 2022/2022
f 2022/2022 2021/2021 2023/2023
f 2022/2022 2023/2023 2024/2024
f 2024/2024 2023/2023 2025/2025
f 2024/2024 2025/2025 2026/2026
f 2026/2026 2025/2025 2027/2027
f 2026/2026 2027/2027 2028/2028
f 2028/2028 2027/2027 2029/2029
f 2028/2028 2029/2029 2030/2030
f 2030/2030 2029/2029 2031/2031
f 2030/2030 2031/2031 2032/2032
f 2032/2032 2031/2031 2033/2033
f 2032/2032 2033/2033 2034/2034
f 2034/2034 2033/2033 2035/2035
f 2034/2034 2035/2035 2036/2036
f 2036/2036 2035/2035 2037/2037
f 2036/2036 2037/2037 2038/2038
f 2038/2038 2037/2037 2039/2039
f 2038/2038 2039/2039 2040/2040
f 2040/2040 2039/2039 2041/2041
f 2040/2040 2041/2041 2042/2042
f 2042/2042 2041/2041 2043/2043
f 2042/2042 2043/2043 2044/2044
f 2044/2044 2043/2043 2045/2045
f 2044/2044 2045/2045 2046/2046
f 2046/2046 2045/2045 2047/2047
f 2046/2046 2047/2047 2048/2048
f 2048/2048 2047/2047 2049/2049
f 2048/2048 2049/2049 2050/2050
f 2050/2050 2049/2049 2051/2051
f 2050/2050 2051/2051 2052/2052
f 2052/2052 2051/2051 2053/2053
f 2052/2052 2053/2053 2054/2054
f 2054/2054 2053/2053 2055/2055
f 2054/2054 2055/2055 2056/2056
f 2056/2056 2055/2055 2057/2057
f 2056/2056 2057/2057 2058/2058
f 2058/2058 2057/2057 2059/2059
f 2058/2058 2059/2059 2060/2060
f 2060/2060 2059/2059 2061/2061
f 2060/2060 2061/2061 2062/2062
f 2062/2062 2061/2061 2063/2063
f 2062/2062 2063/2063 2064/2064
f 2064/2064 2063/2063 2065/2065
f 2064/2064 2065/2065 2066/2066
f 2066/2066 2065/2065 2067/2067
f 2066/2066 2067/2067 2068/2068
f 2068/2068 2067/2067 2069/2069
f 2068/2068 2069/2069 2070/2070
f 2070/2070 2069/2069 2071/2071
f 2070/2070 2071/2071 2072/2072
f 2072/2072 2071/2071 2073/2073
f 2072/2072 2073/2073 2074/2074
f 2074/2074 2073/2073 2075/2075
f 2074/2074 2075/2075 2076/2076
f 2076/2076 2075/2075 2077/2077
f 2076/2076 2077/2077 2078/2078
f 2078/2078 2077/2077 2079/2079
f 2078/2078 2079/2079 2080/2080
f 2080/2080 2079/2079 2081/2081
f 2080/2080 2081/2081 2082/2082
f 2082/2082 2081/2081 2083/2083
f 2082/2082 2083/2083 2084/2084
f 2084/2084 2083/2083 2085/2085
f 2084/2084 2085/2085 2086/2086
f 2086/2086 2085/2085 2087/2087
f 2086/2086 2087/2087 2088/2088
f 2088/2088 2087/2087 2089/2089
f 2088/2088 2089/2089 2090/2090
f 2090/2090 2089/2089 2091/2091
f 2090/2090 2091/2091 2092/2092
f 2092/2092 2091/2091 2093/2093
f 2092/2092 2093/2093 2094/2094
f 2094/2094 2093/2093 2095/2095
f 2094/2094 2095/2095 2096/2096
f 2096/2096 2095/2095 2097/2097
f 2096/2096 2097/2097 2098/2098
f 2098/2098 2097/2097 2099/2099
f 2098/2098 2099/2099 2100/2100
f 2100/2100 2099/2099 2101/2101
f 2100/2100 2101/2101 2102/2102
f 2102/2102 2101/2101 2103/2103
f 2102/2102 2103/2103 2104/2104
f 2104/2104 2103/2103 2105/2105
f 2104/2104 2105/2105 2106/2106
f 2106/2106 2105/2105 2107/2107
f 2106/2106 2107/2107 2108/2108
f 2108/2108 2107/2107 2109/2109
f 2108/2108 2109/2109 2110/2110
f 2110/2110 2109/2109 2111/2111
f 2110/2110 2111/2111 2112/2112
f 2112/2112 2111/2111 2113/2113
f 2112/2112 2113/2113 2114/2114
f 2114/2114 2113/2113 2115/2115
f 2114/2114 2115/2115 2116/2116
f 2116/2116 2115/2115 2117/2117
f 2116/2116 2117/2117 2118/2118
f 2118/2118 2117/2117 2119/2119
f 2118/2118 2119/2119 2120/2120
f 2120/2120 2119/2119 2121/2121
f 2120/2120 2121/2121 2122/2122
f 2122/2122 2121/2121 2123/2123
f 2122/2122 2123/2123 2124/2124
f 2124/2124 2123/2123 2125/2125
f 2124/2124 2125/2125 2126/2126
f 2126/2126 2125/2125 2127/2127
f 2126/2126 2127/2127 2128/2128
f 2128/2128 2127/2127 2129/2129
f 2128/2128 2129/2129 2130/2130
f 2130/2130 2129/2129 2131/2131
f 2130/2130 2131/2131 2132/2132
f 2132/2132 2131/2131 2133/2133
f 2132/2132 2133/2133 1999/1999
f 1999/1999 2133/2133 1997/1997
f 2134/2134 2135/2135 2136/2136
f 2136/2136 2135/2135 2137/2137
f 2138/2138 2139/2139 2140/2140
f 2140/2140 2139/2139 2141/2141
f 2140/2140 2141/2141 2142/2142
f 2142/2142 2141/2141 2143/2143
f 2142/2142 2143/2143 2144/2144
f 2144/2144 2143/2143 2145/2145
f 2144/2144 2145/2145 2146/2146
f 2146/2146 2145/2145 2147/2147
f 2146/2146 2147/2147 2148/2148
f 2148/2148 2147/2147 2149/2149
f 2148/2148 2149/2149 2150/2150
f 2150/2150 2149/2149 2151/2151
f 2150/2150 2151/2151 2152/2152
f 2152/2152 2151/2151 2153/2153
f 2152/2152 2153/2153 2154/2154
f 2154/2154 2153/2153 2155/2155
f 2154/2154 2155/2155 2156/2156
f 2156/2156 2155/2155 2157/2157
f 2156/2156 2157/2157 2158/2158
f 2158/2158 2157/2157 2159/2159
f 2158/2158 2159/2159 2160/2160
f 2160/2160 2159/2159 2161/2161
f 2160/2160 2161/2161 2162/2162
f 2162/2162 2161/2161 2163/2163
f 2162/2162 2163/2163 2164/2164
f 2164/2164 2163/2163 2165/2165
f 2164/2164 2165/2165 2166/2166
f 2166/2166 2165/2165 2167/2167
f 2166/2166 2167/2167 2168/2168
f 2168/2168 2167/2167 2169/2169
f 2168/2168 2169/2169 2170/2170
f 2170/2170 2169/2169 2171/2171
f 2170/2170 2171/2171 2172/2172
f 2172/2172 2171/2171 2173/2173
f 2172/2172 2173/2173 2174/2174
f 2174/2174 2173/2173 2175/2175
f 2174/2174 2175/2175 2176/2176
f 2176/2176 2175/2175 2177/2177
f 2176/2176 2177/2177 2178/2178
f 2178/2178 2177/2177 2179/2179
f 2178/2178 2179/2179 2180/2180
f 2180/2180 2179/2179 2181/2181
f 2180/2180 2181/2181 2182/2182
f 2182/2182 2181/2181 2183/2183
f 2182/2182 2183/2183 2184/2184
f 2184/2184 2183/2183 2185/2185
f 2184/2184 2185/2185 2186/2186
f 2186/2186 2185/2185 2187/2187
f 2186/2186 2187/2187 2188/2188
f 2188/2188 2187/2187 2189/2189
f 2188/2188 2189/2189 2190/2190
f 2190/2190 2189/2189 2191/2191
f 2190/2190 2191/2191 2192/2192
f 2192/2192 2191/2191 2193/2193
f 2192/2192 2193/2193 2194/2194
f 2194/2194 2193/2193 2195/2195
f 2194/2194 2195/2195 2196/2196
f 2196/2196 2195/2195 2197/2197
f 2196/2196 2197/2197 2198/2198
f 2198/2198 2197/2197 2199/2199
f 2198/2198 2199/2199 2200/2200
f 2200/2200 2199/2199 2201/2201
f 2200/2200 2201/2201 2202/2202
f 2202/2202 2201/2201 2203/2203
f 2202/2202 2203/2203 2204/2204
f 2204/2204 2203/2203 2205/2205
f 2204/2204 2205/2205 2206/2206
f 2206/2206 2205/2205 2207/2207
f 2206/2206 2207/2207 2208/2208
f 2208/2208 2207/2207 2209/2209
f 2208/2208 2209/2209 2210/2210
f 2210/2210 2209/2209 2211/2211
f 2210/2210 2211/2211 2212/2212
f 2212/2212 2211/2211 2213/2213
f 2212/2212 2213/2213 2214/2214
f 2214/2214 2213/2213 2215/2215
f 2214/2214 2215/2215 2216/2216
f 2216/2216 2215/2215 2217/2217
f 2216/2216 2217/2217 2218/2218
f 2218/2218 2217/2217 2219/2219
f 2218/2218 2219/2219 2220/2220
f 2220/2220 2219/2219 2221/2221
f 2220/2220 2221/2221 2222/2222
f 2222/2222 2221/2221 2223/2223
f 2222/2222 2223/2223 2224/2224
f 2224/2224 2223/2223 2225/2225
f 2224/2224 2225/2225 2226/2226
f 2226/2226 2225/2225 2227/2227
f 2226/2226 2227/2227 2228/2228
f 2228/2228 2227/2227 2229/2229
f 2228/2228 2229/2229 2230/2230
f 2230/2230 2229/2229 2231/2231
f 2230/2230 2231/2231 2232/2232
f 2232/2232 2231/2231 2233/2233
f 2232/2232 2233/2233 2234/2234
f 2234/2234 2233/2233 2235/2235
f 2234/2234 2235/2235 2236/2236
f 2236/2236 2235/2235 2237/2237
f 2236/2236 2237/2237 2238/2238
f 2238/2238 2237/2237 2239/2239
f 2238/2238 2239/2239 2240/2240
f 2240/2240 2239/2239 2241/2241
f 2240/2240 2241/2241 2242/2242
f 2242/2242 2241/2241 2243/2243
f 2242/2242 2243/2243 2244/2244
f 2244/2244 2243/2243 2245/2245
f 2244/2244 2245/2245 2246/2246
f 2246/2246 2245/2245 2247/2247
f 2246/2246 2247/2247 2248/2248
f 2248/2248 2247/2247 2249/2249
f 2248/2248 2249/2249 2250/2250
f 2250/2250 2249/2249 2251/2251
f 2250/2250 2251/2251 2252/2252
f 2252/2252 2251/2251 2253/2253
f 2252/2252 2253/2253 2254/2254
f 2254/2254 2253/2253 2255/2255
f 2254/2254 2255/2255 2256/2256
f 2256/2256 2255/2255 2257/2257
f 2256/2256 2257/2257 2258/2258
f 2258/2258 2257/2257 2259/2259
f 2258/2258 2259/2259 2260/2260
f 2260/2260 2259/2259 2261/2261
f 2260/2260 2261/2261 2262/2262
f 2262/2262 2261/2261 2263/2263
f 2262/2262 2263/2263 2264/2264
f 2264/2264 2263/2263 2265/2265
f 2264/2264 2265/2265 2266/2266
f 2266/2266 2265/2265 2267/2267
f 2266/2266 2267/2267 2268/2268
f 2268/2268 2267/2267 2269/2269
f 2268/2268 2269/2269 2270/2270
f 2270/2270 2269/2269 2271/2271
f 2270/2270 2271/2271 2272/2272
f 2272/2272 2271/2271 2273/2273
f 2272/2272 2273/2273 2274/2274
f 2274/2274 2273/2273 2275/2275
f 2274/2274 2275/2275 2276/2276
f 2276/2276 2275/2275 2277/2277
f 2276/2276 2277/2277 2278/2278
f 2278/2278 2277/2277 2279/2279
f 2278/2278 2279/2279 2280/2280
f 2280/2280 2279/2279 2281/2281
f 2280/2280 2281/2281 2282/2282
f 2282/2282 2281/2281 2283/2283
f 2282/2282 2283/2283 2284/2284
f 2284/2284 2283/2283 2285/2285
f 2284/2284 2285/2285 2286/2286
f 2286/2286 2285/2285 2287/2287
f 2286/2286 2287/2287 2288/2288
f 2288/2288 2287/2287 2289/2289
f 2288/2288 2289/2289 2290/2290
f 2290/2290 2289/2289 2291/2291
f 2290/2290 2291/2291 2292/2292
f 2292/2292 2291/2291 2293/2293
f 2292/2292 2293/2293 2294/2294
f 2294/2294 2293/2293 2295/2295
f 2294/2294 2295/2295 2296/2296
f 2296/2296 2295/2295 2297/2297
f 2296/2296 2297/2297 2298/2298
f 2298/2298 2297/2297 2299/2299
f 2298/2298 2299/2299 2300/2300
f 2300/2300 2299/2299 2301/2301
f 2300/2300 2301/2301 2302/2302
f 2302/2302 2301/2301 2303/2303
f 2302/2302 2303/2303 2304/2304
f 2304/2304 2303/2303 2305/2305
f 2304/2304 2305/2305 2306/2306
f 2306/2306 2305/2305 2307/2307
f 2306/2306 2307/2307 2308/2308
f 2308/2308 2307/2307 2309/2309
f 2308/2308 2309/2309 2310/2310
f 2310/2310 2309/2309 2311/2311
f 2310/2310 2311/2311 2312/2312
f 2312/2312 2311/2311 2313/2313
f 2312/2312 2313/2313 2314/2314
f 2314/2314 2313/2313 2315/2315
f 2314/2314 2315/2315 2316/2316
f 2316/2316 2315/2315 2317/2317
f 2316/2316 2317/2317 2318/2318
f 2318/2318 2317/2317 2319/2319
f 2318/2318 2319/2319 2320/2320
f 2320/2320 2319/2319 2321/2321
f 2320/2320 2321/2321 2322/2322
f 2322/2322 2321/2321 2323/2323
f 2322/2322 2323/2323 2324/2324
f 2324/2324 2323/2323 2325/2325
f 2324/2324 2325/2325 2326/2326
f 2326/2326 2325/2325 2327/2327
f 2326/2326 2327/2327 2328/2328
f 2328/2328 2327/2327 2329/2329
f 2328/2328 2329/2329 2330/2330
f 2330/2330 2329/2329 2331/2331
f 2330/2330 2331/2331 2332/2332
f 2332/2332 2331/2331 2333/2333
f 2332/2332 2333/2333 2334/2334
f 2334/2334 2333/2333 2335/2335
f 2334/2334 2335/2335 2336/2336
f 2336/2336 2335/2335 2337/2337
f 2336/2336 2337/2337 2338/2338
f 2338/2338 2337/2337 2339/2339
f 2338/2338 2339/2339 2340/2340
f 2340/2340 2339/2339 2341/2341
f 2340/2340 2341/2341 2342/2342
f 2342/2342 2341/2341 2343/2343
f 2342/2342 2343/2343 2344/2344
f 2344/2344 2343/2343 2345/2345
f 2344/2344 2345/2345 2346/2346
f 2346/2346 2345/2345 2347/2347
f 2346/2346 2347/2347 2348/2348
f 2348/2348 2347/2347 2349/2349
f 2348/2348 2349/2349 2350/2350
f 2350/2350 2349/2349 2351/2351
f 2350/2350 2351/2351 2352/2352
f 2352/2352 2351/2351 2353/2353
f 2352/2352 2353/2353 2354/2354
f 2354/2354 2353/2353 2355/2355
f 2354/2354 2355/2355 2356/2356
f 2356/2356 2355/2355 2357/2357
f 2356/2356 2357/2357 2358/2358
f 2358/2358 2357/2357 2359/2359
f 2358/2358 2359/2359 2360/2360
f 2360/2360 2359/2359 2361/2361
f 2360/2360 2361/2361 2362/2362
f 2362/2362 2361/2361 2363/2363
f 2362/2362 2363/2363 2364/2364
f 2364/2364 2363/2363 2365/2365
f 2364/2364 2365/2365 2366/2366
f 2366/2366 2365/2365 2367/2367
f 2366/2366 2367/2367 2368/2368
f 2368/2368 2367/2367 2369/2369
f 2368/2368 2369/2369 2370/2370
f 2370/2370 2369/2369 2371/2371
f 2370/2370 2371/2371 2372/2372
f 2372/2372 2371/2371 2373/2373
f 2372/2372 2373/2373 2374/2374
f 2374/2374 2373/2373 2375/2375
f 2374/2374 2375/2375 2376/2376
f 2376/2376 2375/2375 2377/2377
f 2376/2376 2377/2377 2378/2378
f 2378/2378 2377/2377 2379/2379
f 2378/2378 2379/2379 2380/2380
f 2380/2380 2379/2379 2381/2381
f 2380/2380 2381/2381 2382/2382
f 2382/2382 2381/2381 2383/2383
f 2382/2382 2383/2383 2384/2384
f 2384/2384 2383/2383 2385/2385
f 2384/2384 2385/2385 2386/2386
f 2386/2386 2385/2385 2387/2387
f 2386/2386 2387/2387 2388/2388
f 2388/2388 2387/2387 2389/2389
f 2388/2388 2389/2389 2390/2390
f 2390/2390 2389/2389 2391/2391
f 2390/2390 2391/2391 2392/2392
f 2392/2392 2391/2391 2393/2393
f 2392/2392 2393/2393 2394/2394
f 2394/2394 2393/2393 2395/2395
f 2394/2394 2395/2395 2396/2396
f 2396/2396 2395/2395 2397/2397
f 2396/2396 2397/2397 2398/2398
f 2398/2398 2397/2397 2399/2399
f 2398/2398 2399/2399 2400/2400
f 2400/2400 2399/2399 2401/2401
f 2400/2400 2401/2401 2402/2402
f 2402/2402 2401/2401 2403/2403
f 2402/2402 2403/2403 2404/2404
f 2404/2404 2403/2403 2405/2405
f 2404/2404 2405/2405 2406/2406
f 2406/2406 2405/2405 2407/2407
f 2406/2406 2407/2407 2408/2408
f 2408/2408 2407/2407 2409/2409
f 2408/2408 2409/2409 2410/2410
f 2410/2410 2409/2409 2411/2411
f 2410/2410 2411/2411 2412/2412
f 2412/2412 2411/2411 2413/2413
f 2412/2412 2413/2413 2414/2414
f 2414/2414 2413/2413 2415/2415
f 2414/2414 2415/2415 2416/2416
f 2416/2416 2415/2415 2417/2417
f 2416/2416 2417/2417 2418/2418
f 2418/2418 2417/2417 2419/2419
f 2418/2418 2419/2419 2420/2420
f 2420/2420 2419/2419 2421/2421
f 2422/2422 2423/2423 2424/2424
f 2424/2424 2423/2423 2425/2425
f 2424/2424 2425/2425 2426/2426
f 2426/2426 2425/2425 2427/2427
f 2426/2426 2427/2427 2428/2428
f 2428/2428 2427/2427 2429/2429
f 2428/2428 2429/2429 2430/2430
f 2430/2430 2429/2429 2431/2431
f 2430/2430 2431/2431 2432/2432
f 2432/2432 2431/2431 2433/2433
f 2432/2432 2433/2433 2434/2434
f 2434/2434 2433/2433 2435/2435
f 2434/2434 2435/2435 2436/2436
f 2436/2436 2435/2435 2437/2437
f 2436/2436 2437/2437 2438/2438
f 2438/2438 2437/2437 2439/2439
f 2438/2438 2439/2439 2440/2440
f 2440/2440 2439/2439 2441/2441
f 2440/2440 2441/2441 2442/2442
f 2442/2442 2441/2441 2443/2443
f 2442/2442 2443/2443 2444/2444
f 2444/2444 2443/2443 2445/2445
f 2444/2444 2445/2445 2446/2446
f 2446/2446 2445/2445 2447/2447
f 2446/2446 2447/2447 2448/2448
f 2448/2448 2447/2447 2449/2449
f 2448/2448 2449/2449 2450/2450
f 2450/2450 2449/2449 2451/2451
f 2450/2450 2451/2451 2452/2452
f 2452/2452 2451/2451 2453/2453
f 2452/2452 2453/2453 2454/2454
f 2454/2454 2453/2453 2455/2455
f 2454/2454 2455/2455 2456/2456
f 2456/2456 2455/2455 2457/2457
f 2456/2456 2457/2457 2458/2458
f 2458/2458 2457/2457 2459/2459
f 2458/2458 2459/2459 2460/2460
f 2460/2460 2459/2459 2461/2461
f 2460/2460 2461/2461 2462/2462
f 2462/2462 2461/2461 2463/2463
f 2462/2462 2463/2463 2464/2464
f 2464/2464 2463/2463 2465/2465
f 2464/2464 2465/2465 2466/2466
f 2466/2466 2465/2465 2467/2467
f 2466/2466 2467/2467 2468/2468
f 2468/2468 2467/2467 2469/2469
f 2468/2468 2469/2469 2470/2470
f 2470/2470 2469/2469 2471/2471
f 2470/2470 2471/2471 2472/2472
f 2472/2472 2471/2471 2473/2473
f 2472/2472 2473/2473 2474/2474
f 2474/2474 2473/2473 2475/2475
f 2474/2474 2475/2475 2476/2476
f 2476/2476 2475/2475 2477/2477
f 2476/2476 2477/2477 2478/2478
f 2478/2478 2477/2477 2479/2479
f 2478/2478 2479/2479 2480/2480
f 2480/2480 2479/2479 2481/2481
f 2480/2480 2481/2481 2482/2482
f 2482/2482 2481/2481 2483/2483
f 2482/2482 2483/2483 2484/2484
f 2484/2484 2483/2483 2485/2485
f 2484/2484 2485/2485 2486/2486
f 2486/2486 2485/2485 2487/2487
f 2486/2486 2487/2487 2488/2488
f 2488/2488 2487/2487 2489/2489
f 2488/2488 2489/2489 2490/2490
f 2490/2490 2489/2489 2491/2491
f 2490/2490 2491/2491 2492/2492
f 2492/2492 2491/2491 2493/2493
f 2492/2492 2493/2493 2494/2494
f 2494/2494 2493/2493 2495/2495
f 2494/2494 2495/2495 2496/2496
f 2496/2496 2495/2495 2497/2497
f 2496/2496 2497/2497 2498/2498
f 2498/2498 2497/2497 2499/2499
f 2498/2498 2499/2499 2500/2500
f 2500/2500 2499/2499 2501/2501
f 2500/2500 2501/2501 2502/2502
f 2502/2502 2501/2501 2503/2503
f 2502/2502 2503/2503 2504/2504
f 2504/2504 2503/2503 2505/2505
f 2504/2504 2505/2505 2506/2506
f 2506/2506 2505/2505 2507/2507
f 2506/2506 2507/2507 2508/2508
f 2508/2508 2507/2507 2509/2509
f 2508/2508 2509/2509 2510/2510
f 2510/2510 2509/2509 2511/2511
f 2510/2510 2511/2511 2512/2512
f 2512/2512 2511/2511 2513/2513
f 2512/2512 2513/2513 2514/2514
f 2514/2514 2513/2513 2515/2515
f 2514/2514 2515/2515 2516/2516
f 2516/2516 2515/2515 2517/2517
f 2516/2516 2517/2517 2518/2518
f 2518/2518 2517/2517 2519/2519
f 2518/2518 2519/2519 2520/2520
f 2520/2520 2519/2519 2521/2521
f 2520/2520 2521/2521 2522/2522
f 2522/2522 2521/2521 2523/2523
f 2522/2522 2523/2523 2524/2524
f 2524/2524 2523/2523 2525/2525
f 2524/2524 2525/2525 2526/2526
f 2526/2526 2525/2525 2527/2527
f 2526/2526 2527/2527 2528/2528
f 2528/2528 2527/2527 2529/2529
f 2528/2528 2529/2529 2530/2530
f 2530/2530 2529/2529 2531/2531
f 2530/2530 2531/2531 2532/2532
f 2532/2532 2531/2531 2533/2533
f 2532/2532 2533/2533 2534/2534
f 2534/2534 2533/2533 2535/2535
f 2534/2534 2535/2535 2536/2536
f 2536/2536 2535/2535 2537/2537
f 2536/2536 2537/2537 2538/2538
f 2538/2538 2537/2537 2539/2539
f 2538/2538 2539/2539 2540/2540
f 2540/2540 2539/2539 2541/2541
f 2540/2540 2541/2541 2542/2542
f 2542/2542 2541/2541 2543/2543
f 2542/2542 2543/2543 2544/2544
f 2544/2544 2543/2543 2545/2545
f 2544/2544 2545/2545 2546/2546
f 2546/2546 2545/2545 2547/2547
f 2546/2546 2547/2547 2548/2548
f 2548/2548 2547/2547 2549/2549
f 2548/2548 2549/2549 2550/2550
f 2550/2550 2549/2549 2551/2551
f 2550/2550 2551/2551 2552/2552
f 2552/2552 2551/2551 2553/2553
f 2552/2552 2553/2553 2554/2554
f 2554/2554 2553/2553 2555/2555
f 2554/2554 2555/2555 2556/2556
f 2556/2556 2555/2555 2557/2557
f 2556/2556 2557/2557 2558/2558
f 2558/2558 2557/2557 2559/2559
f 2558/2558 2559/2559 2560/2560
f 2560/2560 2559/2559 2561/2561
f 2560/2560 2561/2561 2562/2562
f 2562/2562 2561/2561 2563/2563
f 2562/2562 2563/2563 2564/2564
f 2564/2564 2563/2563 2565/2565
f 2564/2564 2565/2565 2566/2566
f 2566/2566 2565/2565 2567/2567
f 2566/2566 2567/2567 2568/2568
f 2568/2568 2567/2567 2569/2569
f 2568/2568 2569/2569 2570/2570
f 2570/2570 2569/2569 2571/2571
f 2570/2570 2571/2571 2572/2572
f 2572/2572 2571/2571 2573/2573
f 2572/2572 2573/2573 2574/2574
f 2574/2574 2573/2573 2575/2575
f 2574/2574 2575/2575 2576/2576
f 2576/2576 2575/2575 2577/2577
f 2576/2576 2577/2577 2578/2578
f 2578/2578 2577/2577 2579/2579
f 2578/2578 2579/2579 2580/2580
f 2580/2580 2579/2579 2581/2581
f 2580/2580 2581/2581 2582/2582
f 2582/2582 2581/2581 2583/2583
f 2582/2582 2583/2583 2584/2584
f 2584/2584 2583/2583 2585/2585
f 2584/2584 2585/2585 2586/2586
f 2586/2586 2585/2585 2587/2587
f 2586/2586 2587/2587 2588/2588
f 2588/2588 2587/2587 2589/2589
f 2588/2588 2589/2589 2590/2590
f 2590/2590 2589/2589 2591/2591
f 2590/2590 2591/2591 2592/2592
f 2592/2592 2591/2591 2593/2593
f 2592/2592 2593/2593 2594/2594
f 2594/2594 2593/2593 2595/2595
f 2594/2594 2595/2595 2596/2596
f 2596/2596 2595/2595 2597/2597
f 2596/2596 2597/2597 2598/2598
f 2598/2598 2597/2597 2599/2599
f 2598/2598 2599/2599 2600/2600
f 2600/2600 2599/2599 2601/2601
f 2600/2600 2601/2601 2602/2602
f 2602/2602 2601/2601 2603/2603
f 2602/2602 2603/2603 2604/2604
f 2604/2604 2603/2603 2605/2605
f 2604/2604 2605/2605 2606/2606
f 2606/2606 2605/2605 2607/2607
f 2606/2606 2607/2607 2608/2608
f 2608/2608 2607/2607 2609/2609
f 2608/2608 2609/2609 2610/2610
f 2610/2610 2609/2609 2611/2611
f 2610/2610 2611/2611 2612/2612
f 2612/2612 2611/2611 2613/2613
f 2612/2612 2613/2613 2614/2614
f 2614/2614 2613/2613 2615/2615
f 2614/2614 2615/2615 2616/2616
f 2616/2616 2615/2615 2617/2617
f 2616/2616 2617/2617 2618/2618
f 2618/2618 2617/2617 2619/2619
f 2618/2618 2619/2619 2620/2620
f 2620/2620 2619/2619 2621/2621
f 2620/2620 2621/2621 2622/2622
f 2622/2622 2621/2621 2623/2623
f 2622/2622 2623/2623 2624/2624
f 2624/2624 2623/2623 2625/2625
f 2624/2624 2625/2625 2626/2626
f 2626/2626 2625/2625 2627/2627
f 2626/2626 2627/2627 2628/2628
f 2628/2628 2627/2627 2629/2629
f 2628/2628 2629/2629 2630/2630
f 2630/2630 2629/2629 2631/2631
f 2630/2630 2631/2631 2632/2632
f 2632/2632 2631/2631 2633/2633
f 2632/2632 2633/2633 2634/2634
f 2634/2634 2633/2633 2635/2635
f 2634/2634 2635/2635 2636/2636
f 2636/2636 2635/2635 2637/2637
f 2636/2636 2637/2637 2638/2638
f 2638/2638 2637/2637 2639/2639
f 2638/2638 2639/2639 2640/2640
f 2640/2640 2639/2639 2641/2641
f 2640/2640 2641/2641 2642/2642
f 2642/2642 2641/2641 2643/2643
f 2642/2642 2643/2643 2644/2644
f 2644/2644 2643/2643 2645/2645
f 2644/2644 2645/2645 2646/2646
f 2646/2646 2645/2645 2647/2647
f 2646/2646 2647/2647 2648/2648
f 2648/2648 2647/2647 2649/2649
f 2648/2648 2649/2649 2650/2650
f 2650/2650 2649/2649 2651/2651
f 2650/2650 2651/2651 2652/2652
f 2652/2652 2651/2651 2653/2653
f 2652/2652 2653/2653 2654/2654
f 2654/2654 2653/2653 2655/2655
f 2654/2654 2655/2655 2656/2656
f 2656/2656 2655/2655 2657/2657
f 2656/2656 2657/2657 2658/2658
f 2658/2658 2657/2657 2659/2659
f 2658/2658 2659/2659 2660/2660
f 2660/2660 2659/2659 2661/2661
f 2660/2660 2661/2661 2662/2662
f 2662/2662 2661/2661 2663/2663
f 2662/2662 2663/2663 2664/2664
f 2664/2664 2663/2663 2665/2665
f 2664/2664 2665/2665 2666/2666
f 2666/2666 2665/2665 2667/2667
f 2666/2666 2667/2667 2668/2668
f 2668/2668 2667/2667 2669/2669
f 2668/2668 2669/2669 2670/2670
f 2670/2670 2669/2669 2671/2671
f 2670/2670 2671/2671 2672/2672
f 2672/2672 2671/2671 2673/2673
f 2672/2672 2673/2673 2674/2674
f 2674/2674 2673/2673 2675/2675
f 2674/2674 2675/2675 2676/2676
f 2676/2676 2675/2675 2677/2677
f 2676/2676 2677/2677 2678/2678
f 2678/2678 2677/2677 2679/2679
f 2678/2678 2679/2679 2680/2680
f 2680/2680 2679/2679 2681/2681
f 2680/2680 2681/2681 2682/2682
f 2682/2682 2681/2681 2683/2683
f 2682/2682 2683/2683 2684/2684
f 2684/2684 2683/2683 2685/2685
f 2684/2684 2685/2685 2686/2686
f 2686/2686 2685/2685 2687/2687
f 2686/2686 2687/2687 2688/2688
f 2688/2688 2687/2687 2689/2689
f 2688/2688 2689/2689 2690/2690
f 2690/2690 2689/2689 2691/2691
f 2690/2690 2691/2691 2692/2692
f 2692/2692 2691/2691 2693/2693
f 2692/2692 2693/2693 2694/2694
f 2694/2694 2693/2693 2695/2695
f 2694/2694 2695/2695 2696/2696
f 2696/2696 2695/2695 2697/2697
f 2696/2696 2697/2697 2698/2698
f 2698/2698 2697/2697 2699/2699
f 2698/2698 2699/2699 2700/2700
f 2700/2700 2699/2699 2701/2701
f 2700/2700 2701/2701 2702/2702
f 2702/2702 2701/2701 2703/2703
f 2702/2702 2703/2703 2704/2704
f 2704/2704 2703/2703 2705/2705
f 2706/2706 2707/2707 2708/2708
f 2708/2708 2707/2707 2709/2709
f 2708/2708 2709/2709 2710/2710
f 2710/2710 2709/2709 2711/2711
f 2710/2710 2711/2711 2712/2712
f 2712/2712 2711/2711 2713/2713
f 2712/2712 2713/2713 2714/2714
f 2714/2714 2713/2713 2715/2715
f 2714/2714 2715/2715 2716/2716
f 2716/2716 2715/2715 2717/2717
f 2716/2716 2717/2717 2718/2718
f 2718/2718 2717/2717 2719/2719
f 2718/2718 2719/2719 2720/2720
f 2720/2720 2719/2719 2721/2721
f 2720/2720 2721/2721 2722/2722
f 2722/2722 2721/2721 2723/2723
f 2722/2722 2723/2723 2724/2724
f 2724/2724 2723/2723 2725/2725
f 2724/2724 2725/2725 2726/2726
f 2726/2726 2725/2725 2727/2727
f 2726/2726 2727/2727 2728/2728
f 2728/2728 2727/2727 2729/2729
f 2728/2728 2729/2729 2730/2730
f 2730/2730 2729/2729 2731/2731
f 2730/2730 2731/2731 2732/2732
f 2732/2732 2731/2731 2733/2733
f 2732/2732 2733/2733 2734/2734
f 2734/2734 2733/2733 2735/2735
f 2734/2734 2735/2735 2736/2736
f 2736/2736 2735/2735 2737/2737
f 2736/2736 2737/2737 2738/2738
f 2738/2738 2737/2737 2739/2739
f 2738/2738 2739/2739 2740/2740
f 2740/2740 2739/2739 2741/2741
f 2740/2740 2741/2741 2742/2742
f 2742/2742 2741/2741 2743/2743
f 2742/2742 2743/2743 2744/2744
f 2744/2744 2743/2743 2745/2745
f 2744/2744 2745/2745 2746/2746
f 2746/2746 2745/2745 2747/2747
f 2746/2746 2747/2747 2748/2748
f 2748/2748 2747/2747 2749/2749
f 2748/2748 2749/2749 2750/2750
f 2750/2750 2749/2749 2751/2751
f 2750/2750 2751/2751 2752/2752
f 2752/2752 2751/2751 2753/2753
f 2752/2752 2753/2753 2754/2754
f 2754/2754 2753/2753 2755/2755
f 2754/2754 2755/2755 2756/2756
f 2756/2756 2755/2755 2757/2757
f 2756/2756 2757/2757 2758/2758
f 2758/2758 2757/2757 2759/2759
f 2758/2758 2759/2759 2760/2760
f 2760/2760 2759/2759 2761/2761
f 2760/2760 2761/2761 2762/2762
f 2762/2762 2761/2761 2763/2763
f 2762/2762 2763/2763 2764/2764
f 2764/2764 2763/2763 2765/2765
f 2764/2764 2765/2765 2766/2766
f 2766/2766 2765/2765 2767/2767
f 2766/2766 2767/2767 2768/2768
f 2768/2768 2767/2767 2769/2769
f 2768/2768 2769/2769 2770/2770
f 2770/2770 2769/2769 2771/2771
f 2770/2770 2771/2771 2772/2772
f 2772/2772 2771/2771 2773/2773
f 2772/2772 2773/2773 2774/2774
f 2774/2774 2773/2773 2775/2775
f 2774/2774 2775/2775 2776/2776
f 2776/2776 2775/2775 2777/2777
f 2776/2776 2777/2777 2778/2778
f 2778/2778 2777/2777 2779/2779
f 2778/2778 2779/2779 2780/2780
f 2780/2780 2779/2779 2781/2781
f 2780/2780 2781/2781 2782/2782
f 2782/2782 2781/2781 2783/2783
f 2782/2782 2783/2783 2784/2784
f 2784/2784 2783/2783 2785/2785
f 2784/2784 2785/2785 2786/2786
f 2786/2786 2785/2785 2787/2787
f 2786/2786 2787/2787 2788/2788
f 2788/2788 2787/2787 2789/2789
f 2788/2788 2789/2789 2790/2790
f 2790/2790 2789/2789 2791/2791
f 2790/2790 2791/2791 2792/2792
f 2792/2792 2791/2791 2793/2793
f 2792/2792 2793/2793 2794/2794
f 2794/2794 2793/2793 2795/2795
f 2794/2794 2795/2795 2796/2796
f 2796/2796 2795/2795 2797/2797
f 2796/2796 2797/2797 2798/2798
f 2798/2798 2797/2797 2799/2799
f 2798/2798 2799/2799 2800/2800
f 2800/2800 2799/2799 2801/2801
f 2800/2800 2801/2801 2802/2802
f 2802/2802 2801/2801 2803/2803
f 2802/2802 2803/2803 2804/2804
f 2804/2804 2803/2803 2805/2805
f 2804/2804 2805/2805 2806/2806
f 2806/2806 2805/2805 2807/2807
f 2806/2806 2807/2807 2808/2808
f 2808/2808 2807/2807 2809/2809
f 2808/2808 2809/2809 2810/2810
f 2810/2810 2809/2809 2811/2811
f 2810/2810 2811/2811 2812/2812
f 2812/2812 2811/2811 2813/2813
f 2812/2812 2813/2813 2814/2814
f 2814/2814 2813/2813 2815/2815
f 2814/2814 2815/2815 2816/2816
f 2816/2816 2815/2815 2817/2817
f 2816/2816 2817/2817 2818/2818
f 2818/2818 2817/2817 2819/2819
f 2818/2818 2819/2819 2820/2820
f 2820/2820 2819/2819 2821/2821
f 2820/2820 2821/2821 2822/2822
f 2822/2822 2821/2821 2823/2823
f 2822/2822 2823/2823 2824/2824
f 2824/2824 2823/2823 2825/2825
f 2824/2824 2825/2825 2826/2826
f 2826/2826 2825/2825 2827/2827
f 2826/2826 2827/2827 2828/2828
f 2828/2828 2827/2827 2829/2829
f 2828/2828 2829/2829 2830/2830
f 2830/2830 2829/2829 2831/2831
f 2830/2830 2831/2831 2832/2832
f 2832/2832 2831/2831 2833/2833
f 2832/2832 2833/2833 2834/2834
f 2834/2834 2833/2833 2835/2835
f 2834/2834 2835/2835 2836/2836
f 2836/2836 2835/2835 2837/2837
f 2836/2836 2837/2837 2838/2838
f 2838/2838 2837/2837 2839/2839
f 2838/2838 2839/2839 2840/2840
f 2840/2840 2839/2839 2841/2841
f 2840/2840 2841/2841 2842/2842
f 2842/2842 2841/2841 2843/2843
f 2842/2842 2843/2843 2844/2844
f 2844/2844 2843/2843 2845/2845
f 2844/2844 2845/2845 2846/2846
f 2846/2846 2845/2845 2847/2847
f 2846/2846 2847/2847 2848/2848
f 2848/2848 2847/2847 2849/2849
f 2848/2848 2849/2849 2850/2850
f 2850/2850 2849/2849 2851/2851
f 2850/2850 2851/2851 2852/2852
f 2852/2852 2851/2851 2853/2853
f 2852/2852 2853/2853 2854/2854
f 2854/2854 2853/2853 2855/2855
f 2854/2854 2855/2855 2856/2856
f 2856/2856 2855/2855 2857/2857
f 2856/2856 2857/2857 2858/2858
f 2858/2858 2857/2857 2859/2859
f 2858/2858 2859/2859 2860/2860
f 2860/2860 2859/2859 2861/2861
f 2860/2860 2861/2861 2862/2862
f 2862/2862 2861/2861 2863/2863
f 2862/2862 2863/2863 2864/2864
f 2864/2864 2863/2863 2865/2865
f 2864/2864 2865/2865 2866/2866
f 2866/2866 2865/2865 2867/2867
f 2866/2866 2867/2867 2868/2868
f 2868/2868 2867/2867 2869/2869
f 2868/2868 2869/2869 2870/2870
f 2870/2870 2869/2869 2871/2871
f 2870/2870 2871/2871 2872/2872
f 2872/2872 2871/2871 2873/2873
f 2872/2872 2873/2873 2874/2874
f 2874/2874 2873/2873 2875/2875
f 2874/2874 2875/2875 2876/2876
f 2876/2876 2875/2875 2877/2877
f 2876/2876 2877/2877 2878/2878
f 2878/2878 2877/2877 2879/2879
f 2878/2878 2879/2879 2880/2880
f 2880/2880 2879/2879 2881/2881
f 2880/2880 2881/2881 2882/2882
f 2882/2882 2881/2881 2883/2883
f 2882/2882 2883/2883 2884/2884
f 2884/2884 2883/2883 2885/2885
f 2884/2884 2885/2885 2886/2886
f 2886/2886 2885/2885 2887/2887
f 2886/2886 2887/2887 2888/2888
f 2888/2888 2887/2887 2889/2889
f 2888/2888 2889/2889 2890/2890
f 2890/2890 2889/2889 2891/2891
f 2890/2890 2891/2891 2892/2892
f 2892/2892 2891/2891 2893/2893
f 2892/2892 2893/2893 2894/2894
f 2894/2894 2893/2893 2895/2895
f 2894/2894 2895/2895 2896/2896
f 2896/2896 2895/2895 2897/2897
f 2896/2896 2897/2897 2898/2898
f 2898/2898 2897/2897 2899/2899
f 2898/2898 2899/2899 2900/2900
f 2900/2900 2899/2899 2901/2901
f 2900/2900 2901/2901 2902/2902
f 2902/2902 2901/2901 2903/2903
f 2902/2902 2903/2903 2904/2904
f 2904/2904 2903/2903 2905/2905
f 2904/2904 2905/2905 2906/2906
f 2906/2906 2905/2905 2907/2907
f 2906/2906 2907/2907 2908/2908
f 2908/2908 2907/2907 2909/2909
f 2908/2908 2909/2909 2910/2910
f 2910/2910 2909/2909 2911/2911
f 2910/2910 2911/2911 2912/2912
f 2912/2912 2911/2911 2913/2913
f 2912/2912 2913/2913 2914/2914
f 2914/2914 2913/2913 2915/2915
f 2914/2914 2915/2915 2916/2916
f 2916/2916 2915/2915 2917/2917
f 2916/2916 2917/2917 2918/2918
f 2918/2918 2917/2917 2919/2919
f 2918/2918 2919/2919 2920/2920
f 2920/2920 2919/2919 2921/2921
f 2920/2920 2921/2921 2922/2922
f 2922/2922 2921/2921 2923/2923
f 2922/2922 2923/2923 2924/2924
f 2924/2924 2923/2923 2925/2925
f 2924/2924 2925/2925 2926/2926
f 2926/2926 2925/2925 2927/2927
f 2926/2926 2927/2927 2928/2928
f 2928/2928 2927/2927 2929/2929
f 2928/2928 2929/2929 2930/2930
f 2930/2930 2929/2929 2931/2931
f 2930/2930 2931/2931 2932/2932
f 2932/2932 2931/2931 2933/2933
f 2932/2932 2933/2933 2934/2934
f 2934/2934 2933/2933 2935/2935
f 2934/2934 2935/2935 2936/2936
f 2936/2936 2935/2935 2937/2937
f 2936/2936 2937/2937 2938/2938
f 2938/2938 2937/2937 2939/2939
f 2938/2938 2939/2939 2940/2940
f 2940/2940 2939/2939 2941/2941
f 2940/2940 2941/2941 2942/2942
f 2942/2942 2941/2941 2943/2943
f 2942/2942 2943/2943 2944/2944
f 2944/2944 2943/2943 2945/2945
f 2944/2944 2945/2945 2946/2946
f 2946/2946 2945/2945 2947/2947
f 2946/2946 2947/2947 2948/2948
f 2948/2948 2947/2947 2949/2949
f 2948/2948 2949/2949 2950/2950
f 2135/2135 2134/2134 2951/2951
f 2951/2951 2134/2134 2952/2952
f 2951/2951 2952/2952 2953/2953
f 2953/2953 2952/2952 2954/2954
f 2953/2953 2954/2954 2955/2955
f 2955/2955 2954/2954 2956/2956
f 2955/2955 2956/2956 2957/2957
f 2957/2957 2956/2956 2958/2958
f 2957/2957 2958/2958 2959/2959
f 2959/2959 2958/2958 2960/2960
f 2959/2959 2960/2960 2961/2961
f 2961/2961 2960/2960 2962/2962
f 2961/2961 2962/2962 2963/2963
f 2963/2963 2962/2962 2964/2964
f 2963/2963 2964/2964 2965/2965
f 2965/2965 2964/2964 2966/2966
f 2965/2965 2966/2966 2967/2967
f 2967/2967 2966/2966 2968/2968
f 2967/2967 2968/2968 2969/2969
f 2969/2969 2968/2968 2970/2970
f 2969/2969 2970/2970 2971/2971
f 2971/2971 2970/2970 2972/2972
f 2971/2971 2972/2972 2973/2973
f 2973/2973 2972/2972 2974/2974
f 2973/2973 2974/2974 2975/2975
f 2975/2975 2974/2974 2976/2976
f 2975/2975 2976/2976 2977/2977
f 2977/2977 2976/2976 2978/2978
f 2977/2977 2978/2978 2979/2979
f 2979/2979 2978/2978 2980/2980
f 2979/2979 2980/2980 2981/2981
f 2981/2981 2980/2980 2982/2982
f 2981/2981 2982/2982 2983/2983
f 2983/2983 2982/2982 2984/2984
f 2983/2983 2984/2984 2985/2985
f 2985/2985 2984/2984 2986/2986
f 2985/2985 2986/2986 2987/2987
f 2987/2987 2986/2986 2988/2988
f 2987/2987 2988/2988 2989/2989
f 2989/2989 2988/2988 2378/2378
f 2989/2989 2378/2378 2380/2380
f 2986/2986 2990/2990 2988/2988
f 2988/2988 2990/2990 2991/2991
f 2988/2988 2991/2991 2992/2992
f 2992/2992 2991/2991 2374/2374
f 2990/2990 2993/2993 2991/2991
f 2991/2991 2993/2993 2994/2994
f 2991/2991 2994/2994 2374/2374
f 2374/2374 2994/2994 2372/2372
f 2993/2993 2995/2995 2994/2994
f 2994/2994 2995/2995 2996/2996
f 2994/2994 2996/2996 2372/2372
f 2372/2372 2996/2996 2370/2370
f 2995/2995 2997/2997 2996/2996
f 2996/2996 2997/2997 2998/2998
f 2996/2996 2998/2998 2370/2370
f 2370/2370 2998/2998 2368/2368
f 2997/2997 2999/2999 2998/2998
f 2998/2998 2999/2999 3000/3000
f 2998/2998 3000/3000 2368/2368
f 2368/2368 3000/3000 2366/2366
f 2999/2999 3001/3001 3000/3000
f 3000/3000 3001/3001 3002/3002
f 3000/3000 3002/3002 2366/2366
f 2366/2366 3002/3002 2364/2364
f 3001/3001 3003/3003 3002/3002
f 3002/3002 3003/3003 3004/3004
f 3002/3002 3004/3004 2364/2364
f 2364/2364 3004/3004 2362/2362
f 3003/3003 3005/3005 3004/3004
f 3004/3004 3005/3005 3006/3006
f 3004/3004 3006/3006 2362/2362
f 2362/2362 3006/3006 2360/2360
f 3005/3005 3007/3007 3006/3006
f 3006/3006 3007/3007 3008/3008
f 3006/3006 3008/3008 2360/2360
f 2360/2360 3008/3008 2358/2358
f 3007/3007 3009/3009 3008/3008
f 3008/3008 3009/3009 3010/3010
f 3008/3008 3010/3010 2358/2358
f 2358/2358 3010/3010 2356/2356
f 3009/3009 3011/3011 3010/3010
f 3010/3010 3011/3011 3012/3012
f 3010/3010 3012/3012 2356/2356
f 2356/2356 3012/3012 2354/2354
f 3011/3011 3013/3013 3012/3012
f 3012/3012 3013/3013 3014/3014
f 3012/3012 3014/3014 2354/2354
f 2354/2354 3014/3014 2352/2352
f 3013/3013 3015/3015 3014/3014
f 3014/3014 3015/3015 3016/3016
f 3014/3014 3016/3016 2352/2352
f 2352/2352 3016/3016 2350/2350
f 3015/3015 3017/3017 3016/3016
f 3016/3016 3017/3017 3018/3018
f 3016/3016 3018/3018 2350/2350
f 2350/2350 3018/3018 2348/2348
f 3017/3017 3019/3019 3018/3018
f 3018/3018 3019/3019 3020/3020
f 3018/3018 3020/3020 2348/2348
f 2348/2348 3020/3020 2346/2346
f 3019/3019 3021/3021 3020/3020
f 3020/3020 3021/3021 3022/3022
f 3020/3020 3022/3022 2346/2346
f 2346/2346 3022/3022 2344/2344
f 3021/3021 3023/3023 3022/3022
f 3022/3022 3023/3023 3024/3024
f 3022/3022 3024/3024 2344/2344
f 2344/2344 3024/3024 2342/2342
f 3023/3023 3025/3025 3024/3024
f 3024/3024 3025/3025 3026/3026
f 3024/3024 3026/3026 2342/2342
f 2342/2342 3026/3026 2340/2340
f 3025/3025 3027/3027 3026/3026
f 3026/3026 3027/3027 3028/3028
f 3026/3026 3028/3028 2340/2340
f 2340/2340 3028/3028 2338/2338
f 3028/3028 3027/3027 3029/3029
f 3029/3029 3027/3027 3030/3030
f 3029/3029 3030/3030 3031/3031
f 3031/3031 3030/3030 3032/3032
f 3031/3031 3032/3032 3033/3033
f 3033/3033 3032/3032 3034/3034
f 3033/3033 3034/3034 3035/3035
f 3035/3035 3034/3034 3036/3036
f 3035/3035 3036/3036 3037/3037
f 3037/3037 3036/3036 3038/3038
f 3037/3037 3038/3038 3039/3039
f 3039/3039 3038/3038 3040/3040
f 3039/3039 3040/3040 3041/3041
f 3041/3041 3040/3040 3042/3042
f 3041/3041 3042/3042 3043/3043
f 3043/3043 3042/3042 3044/3044
f 3043/3043 3044/3044 3045/3045
f 3045/3045 3044/3044 3046/3046
f 3045/3045 3046/3046 3047/3047
f 3047/3047 3046/3046 3048/3048
f 3047/3047 3048/3048 3049/3049
f 3049/3049 3048/3048 3050/3050
f 3049/3049 3050/3050 3051/3051
f 3051/3051 3050/3050 3052/3052
f 3051/3051 3052/3052 3053/3053
f 3053/3053 3052/3052 3054/3054
f 3053/3053 3054/3054 3055/3055
f 3055/3055 3054/3054 3056/3056
f 3055/3055 3056/3056 3057/3057
f 3057/3057 3056/3056 3058/3058
f 3057/3057 3058/3058 3059/3059
f 3059/3059 3058/3058 3060/3060
f 3059/3059 3060/3060 3061/3061
f 3061/3061 3060/3060 3062/3062
f 3061/3061 3062/3062 3063/3063
f 3063/3063 3062/3062 3064/3064
f 3063/3063 3064/3064 3065/3065
f 3065/3065 3064/3064 3066/3066
f 3065/3065 3066/3066 3067/3067
f 3067/3067 3066/3066 3068/3068
f 3067/3067 3068/3068 2298/2298
f 2298/2298 3068/3068 2296/2296
f 3066/3066 3069/3069 3068/3068
f 3068/3068 3069/3069 3070/3070
f 3068/3068 3070/3070 2296/2296
f 2296/2296 3070/3070 2294/2294
f 3069/3069 3071/3071 3070/3070
f 3070/3070 3071/3071 3072/3072
f 3070/3070 3072/3072 2294/2294
f 2294/2294 3072/3072 2292/2292
f 3071/3071 3073/3073 3072/3072
f 3072/3072 3073/3073 3074/3074
f 3072/3072 3074/3074 2292/2292
f 2292/2292 3074/3074 2290/2290
f 3073/3073 3075/3075 3074/3074
f 3074/3074 3075/3075 3076/3076
f 3074/3074 3076/3076 2290/2290
f 2290/2290 3076/3076 2288/2288
f 3075/3075 3077/3077 3076/3076
f 3076/3076 3077/3077 3078/3078
f 3076/3076 3078/3078 2288/2288
f 2288/2288 3078/3078 2286/2286
f 3077/3077 3079/3079 3078/3078
f 3078/3078 3079/3079 3080/3080
f 3078/3078 3080/3080 2286/2286
f 2286/2286 3080/3080 2284/2284
f 3079/3079 3081/3081 3080/3080
f 3080/3080 3081/3081 3082/3082
f 3080/3080 3082/3082 2284/2284
f 2284/2284 3082/3082 2282/2282
f 3081/3081 3083/3083 3082/3082
f 3082/3082 3083/3083 3084/3084
f 3082/3082 3084/3084 2282/2282
f 2282/2282 3084/3084 2280/2280
f 3083/3083 3085/3085 3084/3084
f 3084/3084 3085/3085 3086/3086
f 3084/3084 3086/3086 2280/2280
f 2280/2280 3086/3086 2278/2278
f 3085/3085 3087/3087 3086/3086
f 3086/3086 3087/3087 3088/3088
f 3086/3086 3088/3088 2278/2278
f 2278/2278 3088/3088 2276/2276
f 3087/3087 3089/3089 3088/3088
f 3088/3088 3089/3089 3090/3090
f 3088/3088 3090/3090 2276/2276
f 2276/2276 3090/3090 2274/2274
f 3089/3089 3091/3091 3090/3090
f 3090/3090 3091/3091 3092/3092
f 3090/3090 3092/3092 2274/2274
f 2274/2274 3092/3092 2272/2272
f 3091/3091 3093/3093 3092/3092
f 3092/3092 3093/3093 3094/3094
f 3092/3092 3094/3094 2272/2272
f 2272/2272 3094/3094 2270/2270
f 3093/3093 3095/3095 3094/3094
f 3094/3094 3095/3095 3096/3096
f 3094/3094 3096/3096 2270/2270
f 2270/2270 3096/3096 2268/2268
f 3095/3095 3097/3097 3096/3096
f 3096/3096 3097/3097 3098/3098
f 3096/3096 3098/3098 2268/2268
f 2268/2268 3098/3098 2266/2266
f 3097/3097 3099/3099 3098/3098
f 3098/3098 3099/3099 3100/3100
f 3098/3098 3100/3100 2266/2266
f 2266/2266 3100/3100 2264/2264
f 3099/3099 3101/3101 3100/3100
f 3100/3100 3101/3101 3102/3102
f 3100/3100 3102/3102 2264/2264
f 2264/2264 3102/3102 2262/2262
f 3101/3101 3103/3103 3102/3102
f 3102/3102 3103/3103 3104/3104
f 3102/3102 3104/3104 2262/2262
f 2262/2262 3104/3104 2260/2260
f 3103/3103 3105/3105 3104/3104
f 3104/3104 3105/3105 3106/3106
f 3104/3104 3106/3106 2260/2260
f 2260/2260 3106/3106 2258/2258
f 3105/3105 3107/3107 3106/3106
f 3106/3106 3107/3107 3108/3108
f 3106/3106 3108/3108 2258/2258
f 2258/2258 3108/3108 2256/2256
f 3108/3108 3107/3107 3109/3109
f 3109/3109 3107/3107 3110/3110
f 3109/3109 3110/3110 3111/3111
f 3111/3111 3110/3110 3112/3112
f 3111/3111 3112/3112 3113/3113
f 3113/3113 3112/3112 3114/3114
f 3113/3113 3114/3114 3115/3115
f 3115/3115 3114/3114 3116/3116
f 3115/3115 3116/3116 3117/3117
f 3117/3117 3116/3116 3118/3118
f 3117/3117 3118/3118 3119/3119
f 3119/3119 3118/3118 3120/3120
f 3119/3119 3120/3120 3121/3121
f 3121/3121 3120/3120 3122/3122
f 3121/3121 3122/3122 3123/3123
f 3123/3123 3122/3122 3124/3124
f 3123/3123 3124/3124 3125/3125
f 3125/3125 3124/3124 3126/3126
f 3125/3125 3126/3126 3127/3127
f 3127/3127 3126/3126 3128/3128
f 3127/3127 3128/3128 3129/3129
f 3129/3129 3128/3128 3130/3130
f 3129/3129 3130/3130 3131/3131
f 3131/3131 3130/3130 3132/3132
f 3131/3131 3132/3132 3133/3133
f 3133/3133 3132/3132 3134/3134
f 3133/3133 3134/3134 3135/3135
f 3135/3135 3134/3134 3136/3136
f 3135/3135 3136/3136 3137/3137
f 3137/3137 3136/3136 3138/3138
f 3137/3137 3138/3138 3139/3139
f 3139/3139 3138/3138 3140/3140
f 3139/3139 3140/3140 3141/3141
f 3141/3141 3140/3140 3142/3142
f 3141/3141 3142/3142 3143/3143
f 3143/3143 3142/3142 3144/3144
f 3143/3143 3144/3144 3145/3145
f 3145/3145 3144/3144 3146/3146
f 3145/3145 3146/3146 3147/3147
f 3147/3147 3146/3146 3148/3148
f 3147/3147 3148/3148 2216/2216
f 2216/2216 3148/3148 2214/2214
f 3146/3146 3149/3149 3148/3148
f 3148/3148 3149/3149 3150/3150
f 3148/3148 3150/3150 2214/2214
f 2214/2214 3150/3150 2212/2212
f 3149/3149 3151/3151 3150/3150
f 3150/3150 3151/3151 3152/3152
f 3150/3150 3152/3152 2212/2212
f 2212/2212 3152/3152 2210/2210
f 3151/3151 3153/3153 3152/3152
f 3152/3152 3153/3153 3154/3154
f 3152/3152 3154/3154 2210/2210
f 2210/2210 3154/3154 2208/2208
f 3153/3153 3155/3155 3154/3154
f 3154/3154 3155/3155 3156/3156
f 3154/3154 3156/3156 2208/2208
f 2208/2208 3156/3156 2206/2206
f 3155/3155 3157/3157 3156/3156
f 3156/3156 3157/3157 3158/3158
f 3156/3156 3158/3158 2206/2206
f 2206/2206 3158/3158 2204/2204
f 3157/3157 3159/3159 3158/3158
f 3158/3158 3159/3159 3160/3160
f 3158/3158 3160/3160 2204/2204
f 2204/2204 3160/3160 2202/2202
f 3159/3159 3161/3161 3160/3160
f 3160/3160 3161/3161 3162/3162
f 3160/3160 3162/3162 2202/2202
f 2202/2202 3162/3162 2200/2200
f 3161/3161 3163/3163 3162/3162
f 3162/3162 3163/3163 3164/3164
f 3162/3162 3164/3164 2200/2200
f 2200/2200 3164/3164 2198/2198
f 3163/3163 3165/3165 3164/3164
f 3164/3164 3165/3165 3166/3166
f 3164/3164 3166/3166 2198/2198
f 2198/2198 3166/3166 2196/2196
f 3165/3165 3167/3167 3166/3166
f 3166/3166 3167/3167 3168/3168
f 3166/3166 3168/3168 2196/2196
f 2196/2196 3168/3168 2194/2194
f 3167/3167 3169/3169 3168/3168
f 3168/3168 3169/3169 3170/3170
f 3168/3168 3170/3170 2194/2194
f 2194/2194 3170/3170 2192/2192
f 3169/3169 3171/3171 3170/3170
f 3170/3170 3171/3171 3172/3172
f 3170/3170 3172/3172 2192/2192
f 2192/2192 3172/3172 2190/2190
f 3171/3171 3173/3173 3172/3172
f 3172/3172 3173/3173 3174/3174
f 3172/3172 3174/3174 2190/2190
f 2190/2190 3174/3174 2188/2188
f 3173/3173 3175/3175 3174/3174
f 3174/3174 3175/3175 3176/3176
f 3174/3174 3176/3176 2188/2188
f 2188/2188 3176/3176 2186/2186
f 3175/3175 3177/3177 3176/3176
f 3176/3176 3177/3177 3178/3178
f 3176/3176 3178/3178 2186/2186
f 2186/2186 3178/3178 2184/2184
f 3177/3177 3179/3179 3178/3178
f 3178/3178 3179/3179 3180/3180
f 3178/3178 3180/3180 2184/2184
f 2184/2184 3180/3180 3181/3181
f 3179/3179 3182/3182 3180/3180
f 3180/3180 3182/3182 3183/3183
f 3180/3180 3183/3183 3181/3181
f 3181/3181 3183/3183 2180/2180
f 3182/3182 3184/3184 3183/3183
f 3183/3183 3184/3184 3185/3185
f 3183/3183 3185/3185 2180/2180
f 2180/2180 3185/3185 2178/2178
f 3184/3184 3186/3186 3185/3185
f 3185/3185 3186/3186 3187/3187
f 3185/3185 3187/3187 2178/2178
f 2178/2178 3187/3187 2176/2176
f 3187/3187 3186/3186 3188/3188
f 3188/3188 3186/3186 3189/3189
f 3188/3188 3189/3189 3190/3190
f 3190/3190 3189/3189 3191/3191
f 3190/3190 3191/3191 3192/3192
f 3192/3192 3191/3191 3193/3193
f 3192/3192 3193/3193 3194/3194
f 3194/3194 3193/3193 3195/3195
f 3194/3194 3195/3195 3196/3196
f 3196/3196 3195/3195 3197/3197
f 3196/3196 3197/3197 3198/3198
f 3198/3198 3197/3197 3199/3199
f 3198/3198 3199/3199 3200/3200
f 3200/3200 3199/3199 3201/3201
f 3200/3200 3201/3201 3202/3202
f 3202/3202 3201/3201 3203/3203
f 3202/3202 3203/3203 3204/3204
f 3204/3204 3203/3203 3205/3205
f 3204/3204 3205/3205 3206/3206
f 3206/3206 3205/3205 3207/3207
f 3206/3206 3207/3207 3208/3208
f 3208/3208 3207/3207 3209/3209
f 3208/3208 3209/3209 3210/3210
f 3210/3210 3209/3209 3211/3211
f 3210/3210 3211/3211 3212/3212
f 3212/3212 3211/3211 3213/3213
f 3212/3212 3213/3213 3214/3214
f 3214/3214 3213/3213 3215/3215
f 3214/3214 3215/3215 3216/3216
f 3216/3216 3215/3215 3217/3217
f 3216/3216 3217/3217 3218/3218
f 3218/3218 3217/3217 3219/3219
f 3218/3218 3219/3219 3220/3220
f 3220/3220 3219/3219 3221/3221
f 3220/3220 3221/3221 3222/3222
f 3222/3222 3221/3221 3223/3223
f 3222/3222 3223/3223 2140/2140
f 2140/2140 3223/3223 2138/2138
f 3224/3224 3225/3225 3226/3226
f 3227/3227 3228/3228 3229/3229
f 3227/3227 3229/3229 3230/3230
f 3230/3230 3229/3229 3231/3231
f 3230/3230 3231/3231 2711/2711
f 2711/2711 3231/3231 3232/3232
f 2711/2711 3232/3232 2713/2713
f 2713/2713 3232/3232 3233/3233
f 2713/2713 3233/3233 2715/2715
f 2715/2715 3233/3233 3234/3234
f 2715/2715 3234/3234 2717/2717
f 2717/2717 3234/3234 3235/3235
f 2717/2717 3235/3235 2719/2719
f 2719/2719 3235/3235 3236/3236
f 2719/2719 3236/3236 2721/2721
f 2721/2721 3236/3236 3237/3237
f 2721/2721 3237/3237 2723/2723
f 2723/2723 3237/3237 3238/3238
f 2723/2723 3238/3238 2725/2725
f 2725/2725 3238/3238 3239/3239
f 2725/2725 3239/3239 2727/2727
f 2727/2727 3239/3239 3240/3240
f 2727/2727 3240/3240 2729/2729
f 2729/2729 3240/3240 3241/3241
f 2729/2729 3241/3241 2731/2731
f 2731/2731 3241/3241 3242/3242
f 2731/2731 3242/3242 2733/2733
f 2733/2733 3242/3242 3243/3243
f 2733/2733 3243/3243 2735/2735
f 2735/2735 3243/3243 3244/3244
f 2735/2735 3244/3244 2737/2737
f 2737/2737 3244/3244 3245/3245
f 2737/2737 3245/3245 2739/2739
f 2739/2739 3245/3245 3246/3246
f 2739/2739 3246/3246 2741/2741
f 2741/2741 3246/3246 3247/3247
f 2741/2741 3247/3247 2743/2743
f 2743/2743 3247/3247 3248/3248
f 2743/2743 3248/3248 2745/2745
f 2745/2745 3248/3248 3249/3249
f 2745/2745 3249/3249 2747/2747
f 2747/2747 3249/3249 3250/3250
f 2747/2747 3250/3250 2749/2749
f 2749/2749 3250/3250 3251/3251
f 2749/2749 3251/3251 2751/2751
f 2751/2751 3251/3251 3252/3252
f 2751/2751 3252/3252 2753/2753
f 2753/2753 3252/3252 3253/3253
f 2753/2753 3253/3253 2755/2755
f 2755/2755 3253/3253 3254/3254
f 2755/2755 3254/3254 2757/2757
f 2757/2757 3254/3254 3255/3255
f 2757/2757 3255/3255 2759/2759
f 2759/2759 3255/3255 3256/3256
f 2759/2759 3256/3256 2761/2761
f 2761/2761 3256/3256 3257/3257
f 2761/2761 3257/3257 2763/2763
f 2763/2763 3257/3257 3258/3258
f 2763/2763 3258/3258 2765/2765
f 2765/2765 3258/3258 3259/3259
f 2765/2765 3259/3259 2767/2767
f 2767/2767 3259/3259 3260/3260
f 2767/2767 3260/3260 2769/2769
f 2769/2769 3260/3260 3261/3261
f 2769/2769 3261/3261 2771/2771
f 2771/2771 3261/3261 3262/3262
f 2771/2771 3262/3262 2773/2773
f 2773/2773 3262/3262 3263/3263
f 2773/2773 3263/3263 2775/2775
f 2775/2775 3263/3263 3264/3264
f 2775/2775 3264/3264 2777/2777
f 2777/2777 3264/3264 3265/3265
f 2777/2777 3265/3265 2779/2779
f 2779/2779 3265/3265 3266/3266
f 2779/2779 3266/3266 2781/2781
f 2781/2781 3266/3266 3267/3267
f 2781/2781 3267/3267 2783/2783
f 2783/2783 3267/3267 3268/3268
f 2783/2783 3268/3268 2785/2785
f 2785/2785 3268/3268 3269/3269
f 2785/2785 3269/3269 2787/2787
f 2787/2787 3269/3269 3270/3270
f 2787/2787 3270/3270 2789/2789
f 2789/2789 3270/3270 3271/3271
f 2789/2789 3271/3271 2791/2791
f 2791/2791 3271/3271 3272/3272
f 2791/2791 3272/3272 2793/2793
f 2793/2793 3272/3272 3273/3273
f 2793/2793 3273/3273 2795/2795
f 2795/2795 3273/3273 3274/3274
f 2795/2795 3274/3274 2797/2797
f 2797/2797 3274/3274 3275/3275
f 2797/2797 3275/3275 2799/2799
f 2799/2799 3275/3275 3276/3276
f 2799/2799 3276/3276 2801/2801
f 2801/2801 3276/3276 3277/3277
f 2801/2801 3277/3277 2803/2803
f 2803/2803 3277/3277 3278/3278
f 2803/2803 3278/3278 2805/2805
f 2805/2805 3278/3278 3279/3279
f 2805/2805 3279/3279 2807/2807
f 2807/2807 3279/3279 3280/3280
f 2807/2807 3280/3280 2809/2809
f 2809/2809 3280/3280 3281/3281
f 2809/2809 3281/3281 2811/2811
f 2811/2811 3281/3281 3282/3282
f 2811/2811 3282/3282 2813/2813
f 2813/2813 3282/3282 3283/3283
f 2813/2813 3283/3283 2815/2815
f 2815/2815 3283/3283 3284/3284
f 2815/2815 3284/3284 2817/2817
f 2817/2817 3284/3284 3285/3285
f 2817/2817 3285/3285 2819/2819
f 2819/2819 3285/3285 3286/3286
f 2819/2819 3286/3286 2821/2821
f 2821/2821 3286/3286 3287/3287
f 2821/2821 3287/3287 2823/2823
f 2823/2823 3287/3287 3288/3288
f 2823/2823 3288/3288 2825/2825
f 2825/2825 3288/3288 3289/3289
f 2825/2825 3289/3289 2827/2827
f 2827/2827 3289/3289 3290/3290
f 2827/2827 3290/3290 2829/2829
f 2829/2829 3290/3290 3291/3291
f 2829/2829 3291/3291 2831/2831
f 2831/2831 3291/3291 3292/3292
f 2831/2831 3292/3292 2833/2833
f 2833/2833 3292/3292 3293/3293
f 2833/2833 3293/3293 2835/2835
f 2835/2835 3293/3293 3294/3294
f 2835/2835 3294/3294 2837/2837
f 2837/2837 3294/3294 3295/3295
f 2837/2837 3295/3295 2839/2839
f 2839/2839 3295/3295 3296/3296
f 2839/2839 3296/3296 2841/2841
f 2841/2841 3296/3296 3297/3297
f 2841/2841 3297/3297 2843/2843
f 2843/2843 3297/3297 3298/3298
f 2843/2843 3298/3298 2845/2845
f 2845/2845 3298/3298 3299/3299
f 2845/2845 3299/3299 2847/2847
f 2847/2847 3299/3299 3300/3300
f 2847/2847 3300/3300 2849/2849
f 2849/2849 3300/3300 3301/3301
f 2849/2849 3301/3301 2851/2851
f 2851/2851 3301/3301 3302/3302
f 2851/2851 3302/3302 2853/2853
f 2853/2853 3302/3302 3303/3303
f 2853/2853 3303/3303 2855/2855
f 2855/2855 3303/3303 3304/3304
f 2855/2855 3304/3304 2857/2857
f 2857/2857 3304/3304 3305/3305
f 2857/2857 3305/3305 2859/2859
f 2859/2859 3305/3305 3306/3306
f 2859/2859 3306/3306 2861/2861
f 2861/2861 3306/3306 3307/3307
f 2861/2861 3307/3307 2863/2863
f 2863/2863 3307/3307 3308/3308
f 2863/2863 3308/3308 2865/2865
f 2865/2865 3308/3308 3309/3309
f 2865/2865 3309/3309 2867/2867
f 2867/2867 3309/3309 3310/3310
f 2867/2867 3310/3310 2869/2869
f 2869/2869 3310/3310 3311/3311
f 2869/2869 3311/3311 2871/2871
f 2871/2871 3311/3311 3312/3312
f 2871/2871 3312/3312 2873/2873
f 2873/2873 3312/3312 3313/3313
f 2873/2873 3313/3313 2875/2875
f 2875/2875 3313/3313 3314/3314
f 2875/2875 3314/3314 2877/2877
f 2877/2877 3314/3314 3315/3315
f 2877/2877 3315/3315 2879/2879
f 2879/2879 3315/3315 3316/3316
f 2879/2879 3316/3316 2881/2881
f 2881/2881 3316/3316 3317/3317
f 2881/2881 3317/3317 2883/2883
f 2883/2883 3317/3317 3318/3318
f 2883/2883 3318/3318 2885/2885
f 2885/2885 3318/3318 3319/3319
f 2885/2885 3319/3319 2887/2887
f 2887/2887 3319/3319 3320/3320
f 2887/2887 3320/3320 2889/2889
f 2889/2889 3320/3320 3321/3321
f 2889/2889 3321/3321 2891/2891
f 2891/2891 3321/3321 3322/3322
f 2891/2891 3322/3322 2893/2893
f 2893/2893 3322/3322 3323/3323
f 2893/2893 3323/3323 2895/2895
f 2895/2895 3323/3323 3324/3324
f 2895/2895 3324/3324 2897/2897
f 2897/2897 3324/3324 3325/3325
f 2897/2897 3325/3325 2899/2899
f 2899/2899 3325/3325 3326/3326
f 2899/2899 3326/3326 2901/2901
f 2901/2901 3326/3326 3327/3327
f 2901/2901 3327/3327 2903/2903
f 2903/2903 3327/3327 3328/3328
f 2903/2903 3328/3328 2905/2905
f 2905/2905 3328/3328 3329/3329
f 2905/2905 3329/3329 2907/2907
f 2907/2907 3329/3329 3330/3330
f 2907/2907 3330/3330 2909/2909
f 2909/2909 3330/3330 3331/3331
f 2909/2909 3331/3331 2911/2911
f 2911/2911 3331/3331 3332/3332
f 2911/2911 3332/3332 2913/2913
f 2913/2913 3332/3332 3333/3333
f 2913/2913 3333/3333 2915/2915
f 2915/2915 3333/3333 3334/3334
f 2915/2915 3334/3334 2917/2917
f 2917/2917 3334/3334 3335/3335
f 2917/2917 3335/3335 2919/2919
f 2919/2919 3335/3335 3336/3336
f 2919/2919 3336/3336 2921/2921
f 2921/2921 3336/3336 3337/3337
f 2921/2921 3337/3337 2923/2923
f 2923/2923 3337/3337 3338/3338
f 2923/2923 3338/3338 2925/2925
f 2925/2925 3338/3338 3339/3339
f 2925/2925 3339/3339 2927/2927
f 2927/2927 3339/3339 3340/3340
f 2927/2927 3340/3340 2929/2929
f 2929/2929 3340/3340 3341/3341
f 2929/2929 3341/3341 2931/2931
f 2931/2931 3341/3341 3342/3342
f 2931/2931 3342/3342 2933/2933
f 2933/2933 3342/3342 3343/3343
f 2933/2933 3343/3343 2935/2935
f 2935/2935 3343/3343 3344/3344
f 2935/2935 3344/3344 2937/2937
f 2937/2937 3344/3344 3345/3345
f 2937/2937 3345/3345 2939/2939
f 2939/2939 3345/3345 3346/3346
f 2939/2939 3346/3346 2941/2941
f 2941/2941 3346/3346 3347/3347
f 2941/2941 3347/3347 2943/2943
f 2943/2943 3347/3347 3348/3348
f 2943/2943 3348/3348 2945/2945
f 2945/2945 3348/3348 3349/3349
f 2945/2945 3349/3349 2947/2947
f 2947/2947 3349/3349 2949/2949
f 2948/2948 2950/2950 3350/3350
f 3350/3350 2950/2950 3351/3351
f 3350/3350 3351/3351 3352/3352
f 3352/3352 3351/3351 3353/3353
f 3352/3352 3353/3353 3354/3354
f 3354/3354 3353/3353 3355/3355
f 3354/3354 3355/3355 3356/3356
f 3356/3356 3355/3355 3357/3357
f 3356/3356 3357/3357 3358/3358
f 3358/3358 3357/3357 3359/3359
f 3358/3358 3359/3359 3360/3360
f 3360/3360 3359/3359 3361/3361
f 3360/3360 3361/3361 3362/3362
f 3362/3362 3361/3361 3363/3363
f 3362/3362 3363/3363 3364/3364
f 3364/3364 3363/3363 3365/3365
f 3364/3364 3365/3365 3366/3366
f 3366/3366 3365/3365 3367/3367
f 3366/3366 3367/3367 3368/3368
f 3368/3368 3367/3367 3369/3369
f 3368/3368 3369/3369 3370/3370
f 3370/3370 3369/3369 3371/3371
f 3370/3370 3371/3371 3372/3372
f 3372/3372 3371/3371 3373/3373
f 3372/3372 3373/3373 3374/3374
f 3374/3374 3373/3373 3375/3375
f 3374/3374 3375/3375 3376/3376
f 3376/3376 3375/3375 3377/3377
f 3376/3376 3377/3377 3378/3378
f 3378/3378 3377/3377 3379/3379
f 3378/3378 3379/3379 3380/3380
f 3380/3380 3379/3379 3381/3381
f 3380/3380 3381/3381 3382/3382
f 3382/3382 3381/3381 3383/3383
f 3382/3382 3383/3383 3384/3384
f 3384/3384 3383/3383 3385/3385
f 3384/3384 3385/3385 3386/3386
f 3386/3386 3385/3385 3224/3224
f 3386/3386 3224/3224 3226/3226
f 2139/2139 3387/3387 2141/2141
f 2141/2141 3387/3387 3388/3388
f 2141/2141 3388/3388 2143/2143
f 2143/2143 3388/3388 3389/3389
f 2143/2143 3389/3389 2145/2145
f 2145/2145 3389/3389 3390/3390
f 2145/2145 3390/3390 2147/2147
f 2147/2147 3390/3390 3391/3391
f 2147/2147 3391/3391 2149/2149
f 2149/2149 3391/3391 3392/3392
f 2149/2149 3392/3392 2151/2151
f 2151/2151 3392/3392 3393/3393
f 2151/2151 3393/3393 2153/2153
f 2153/2153 3393/3393 3394/3394
f 2153/2153 3394/3394 2155/2155
f 2155/2155 3394/3394 3395/3395
f 2155/2155 3395/3395 2157/2157
f 2157/2157 3395/3395 3396/3396
f 2157/2157 3396/3396 2159/2159
f 2159/2159 3396/3396 3397/3397
f 2159/2159 3397/3397 2161/2161
f 2161/2161 3397/3397 3398/3398
f 2161/2161 3398/3398 2163/2163
f 2163/2163 3398/3398 3399/3399
f 2163/2163 3399/3399 2165/2165
f 2165/2165 3399/3399 3400/3400
f 2165/2165 3400/3400 2167/2167
f 2167/2167 3400/3400 3401/3401
f 2167/2167 3401/3401 2169/2169
f 2169/2169 3401/3401 3402/3402
f 2169/2169 3402/3402 2171/2171
f 2171/2171 3402/3402 3403/3403
f 2171/2171 3403/3403 2173/2173
f 2173/2173 3403/3403 3404/3404
f 2173/2173 3404/3404 2175/2175
f 2175/2175 3404/3404 3405/3405
f 2175/2175 3405/3405 2177/2177
f 2177/2177 3405/3405 3406/3406
f 2177/2177 3406/3406 2179/2179
f 2179/2179 3406/3406 3407/3407
f 2179/2179 3407/3407 2181/2181
f 2181/2181 3407/3407 3408/3408
f 2181/2181 3408/3408 2183/2183
f 2183/2183 3408/3408 3409/3409
f 2183/2183 3409/3409 2185/2185
f 2185/2185 3409/3409 3410/3410
f 2185/2185 3410/3410 2187/2187
f 2187/2187 3410/3410 3411/3411
f 2187/2187 3411/3411 2189/2189
f 2189/2189 3411/3411 3412/3412
f 2189/2189 3412/3412 2191/2191
f 2191/2191 3412/3412 3413/3413
f 2191/2191 3413/3413 2193/2193
f 2193/2193 3413/3413 3414/3414
f 2193/2193 3414/3414 2195/2195
f 2195/2195 3414/3414 3415/3415
f 2195/2195 3415/3415 2197/2197
f 2197/2197 3415/3415 3416/3416
f 2197/2197 3416/3416 2199/2199
f 2199/2199 3416/3416 3417/3417
f 2199/2199 3417/3417 2201/2201
f 2201/2201 3417/3417 3418/3418
f 2201/2201 3418/3418 2203/2203
f 2203/2203 3418/3418 3419/3419
f 2203/2203 3419/3419 2205/2205
f 2205/2205 3419/3419 3420/3420
f 2205/2205 3420/3420 2207/2207
f 2207/2207 3420/3420 3421/3421
f 2207/2207 3421/3421 2209/2209
f 2209/2209 3421/3421 3422/3422
f 2209/2209 3422/3422 2211/2211
f 2211/2211 3422/3422 3423/3423
f 2211/2211 3423/3423 2213/2213
f 2213/2213 3423/3423 3424/3424
f 2213/2213 3424/3424 2215/2215
f 2215/2215 3424/3424 3425/3425
f 2215/2215 3425/3425 2217/2217
f 2217/2217 3425/3425 3426/3426
f 2217/2217 3426/3426 2219/2219
f 2219/2219 3426/3426 3427/3427
f 2219/2219 3427/3427 2221/2221
f 2221/2221 3427/3427 3428/3428
f 2221/2221 3428/3428 2223/2223
f 2223/2223 3428/3428 3429/3429
f 2223/2223 3429/3429 2225/2225
f 2225/2225 3429/3429 3430/3430
f 2225/2225 3430/3430 2227/2227
f 2227/2227 3430/3430 3431/3431
f 2227/2227 3431/3431 2229/2229
f 2229/2229 3431/3431 3432/3432
f 2229/2229 3432/3432 2231/2231
f 2231/2231 3432/3432 3433/3433
f 2231/2231 3433/3433 2233/2233
f 2233/2233 3433/3433 3434/3434
f 2233/2233 3434/3434 2235/2235
f 2235/2235 3434/3434 3435/3435
f 2235/2235 3435/3435 2237/2237
f 2237/2237 3435/3435 3436/3436
f 2237/2237 3436/3436 2239/2239
f 2239/2239 3436/3436 3437/3437
f 2239/2239 3437/3437 2241/2241
f 2241/2241 3437/3437 3438/3438
f 2241/2241 3438/3438 2243/2243
f 2243/2243 3438/3438 3439/3439
f 2243/2243 3439/3439 2245/2245
f 2245/2245 3439/3439 3440/3440
f 2245/2245 3440/3440 2247/2247
f 2247/2247 3440/3440 3441/3441
f 2247/2247 3441/3441 2249/2249
f 2249/2249 3441/3441 3442/3442
f 2249/2249 3442/3442 2251/2251
f 2251/2251 3442/3442 3443/3443
f 2251/2251 3443/3443 2253/2253
f 2253/2253 3443/3443 3444/3444
f 2253/2253 3444/3444 2255/2255
f 2255/2255 3444/3444 3445/3445
f 2255/2255 3445/3445 2257/2257
f 2257/2257 3445/3445 3446/3446
f 2257/2257 3446/3446 2259/2259
f 2259/2259 3446/3446 3447/3447
f 2259/2259 3447/3447 2261/2261
f 2261/2261 3447/3447 3448/3448
f 2261/2261 3448/3448 2263/2263
f 2263/2263 3448/3448 3449/3449
f 2263/2263 3449/3449 2265/2265
f 2265/2265 3449/3449 3450/3450
f 2265/2265 3450/3450 2267/2267
f 2267/2267 3450/3450 3451/3451
f 2267/2267 3451/3451 2269/2269
f 2269/2269 3451/3451 3452/3452
f 2269/2269 3452/3452 3453/3453
f 3453/3453 3452/3452 3454/3454
f 3453/3453 3454/3454 2273/2273
f 2273/2273 3454/3454 3455/3455
f 2273/2273 3455/3455 2275/2275
f 2275/2275 3455/3455 3456/3456
f 2275/2275 3456/3456 2277/2277
f 2277/2277 3456/3456 3457/3457
f 2277/2277 3457/3457 2279/2279
f 2279/2279 3457/3457 3458/3458
f 2279/2279 3458/3458 2281/2281
f 2281/2281 3458/3458 3459/3459
f 2281/2281 3459/3459 2283/2283
f 2283/2283 3459/3459 3460/3460
f 2283/2283 3460/3460 2285/2285
f 2285/2285 3460/3460 3461/3461
f 2285/2285 3461/3461 2287/2287
f 2287/2287 3461/3461 3462/3462
f 2287/2287 3462/3462 3463/3463
f 3463/3463 3462/3462 3464/3464
f 3463/3463 3464/3464 2291/2291
f 2291/2291 3464/3464 3465/3465
f 2291/2291 3465/3465 2293/2293
f 2293/2293 3465/3465 3466/3466
f 2293/2293 3466/3466 2295/2295
f 2295/2295 3466/3466 3467/3467
f 2295/2295 3467/3467 2297/2297
f 2297/2297 3467/3467 3468/3468
f 2297/2297 3468/3468 2299/2299
f 2299/2299 3468/3468 3469/3469
f 2299/2299 3469/3469 2301/2301
f 2301/2301 3469/3469 3470/3470
f 2301/2301 3470/3470 2303/2303
f 2303/2303 3470/3470 3471/3471
f 2303/2303 3471/3471 2305/2305
f 2305/2305 3471/3471 3472/3472
f 2305/2305 3472/3472 2307/2307
f 2307/2307 3472/3472 3473/3473
f 2307/2307 3473/3473 2309/2309
f 2309/2309 3473/3473 3474/3474
f 2309/2309 3474/3474 3475/3475
f 2311/2311 3474/3474 3476/3476
f 2311/2311 3476/3476 2313/2313
f 2313/2313 3476/3476 3477/3477
f 2313/2313 3477/3477 2315/2315
f 2315/2315 3477/3477 3478/3478
f 2315/2315 3478/3478 2317/2317
f 2317/2317 3478/3478 3479/3479
f 2317/2317 3479/3479 2319/2319
f 2319/2319 3479/3479 3480/3480
f 2319/2319 3480/3480 2321/2321
f 2321/2321 3480/3480 3481/3481
f 2321/2321 3481/3481 2323/2323
f 2323/2323 3481/3481 3482/3482
f 2323/2323 3482/3482 2325/2325
f 2325/2325 3482/3482 3483/3483
f 2325/2325 3483/3483 2327/2327
f 2327/2327 3483/3483 3484/3484
f 2327/2327 3484/3484 2329/2329
f 2329/2329 3484/3484 3485/3485
f 2329/2329 3485/3485 2331/2331
f 2331/2331 3485/3485 3486/3486
f 2331/2331 3486/3486 2333/2333
f 2333/2333 3486/3486 3487/3487
f 2333/2333 3487/3487 2335/2335
f 2335/2335 3487/3487 3488/3488
f 2335/2335 3488/3488 2337/2337
f 2337/2337 3488/3488 3489/3489
f 2337/2337 3489/3489 2339/2339
f 2339/2339 3489/3489 3490/3490
f 2339/2339 3490/3490 2341/2341
f 2341/2341 3490/3490 3491/3491
f 2341/2341 3491/3491 2343/2343
f 2343/2343 3491/3491 3492/3492
f 2343/2343 3492/3492 2345/2345
f 2345/2345 3492/3492 3493/3493
f 2345/2345 3493/3493 2347/2347
f 2347/2347 3493/3493 3494/3494
f 2347/2347 3494/3494 2349/2349
f 2349/2349 3494/3494 3495/3495
f 2349/2349 3495/3495 2351/2351
f 2351/2351 3495/3495 3496/3496
f 2351/2351 3496/3496 2353/2353
f 2353/2353 3496/3496 3497/3497
f 2353/2353 3497/3497 2355/2355
f 2355/2355 3497/3497 3498/3498
f 2355/2355 3498/3498 2357/2357
f 2357/2357 3498/3498 3499/3499
f 2357/2357 3499/3499 2359/2359
f 2359/2359 3499/3499 3500/3500
f 2359/2359 3500/3500 2361/2361
f 2361/2361 3500/3500 3501/3501
f 2361/2361 3501/3501 2363/2363
f 2363/2363 3501/3501 3502/3502
f 2363/2363 3502/3502 2365/2365
f 2365/2365 3502/3502 3503/3503
f 2365/2365 3503/3503 2367/2367
f 2367/2367 3503/3503 3504/3504
f 2367/2367 3504/3504 2369/2369
f 2369/2369 3504/3504 3505/3505
f 2369/2369 3505/3505 2371/2371
f 2371/2371 3505/3505 3506/3506
f 2371/2371 3506/3506 2373/2373
f 2373/2373 3506/3506 3507/3507
f 2373/2373 3507/3507 2375/2375
f 2375/2375 3507/3507 3508/3508
f 2375/2375 3508/3508 2377/2377
f 2377/2377 3508/3508 3509/3509
f 2377/2377 3509/3509 2379/2379
f 2379/2379 3509/3509 3510/3510
f 2379/2379 3510/3510 2381/2381
f 2381/2381 3510/3510 3511/3511
f 2381/2381 3511/3511 2383/2383
f 2383/2383 3511/3511 3512/3512
f 2383/2383 3512/3512 2385/2385
f 2385/2385 3512/3512 3513/3513
f 2385/2385 3513/3513 2387/2387
f 2387/2387 3513/3513 3514/3514
f 2387/2387 3514/3514 2389/2389
f 2389/2389 3514/3514 3515/3515
f 2389/2389 3515/3515 2391/2391
f 2391/2391 3515/3515 3516/3516
f 2391/2391 3516/3516 2393/2393
f 2393/2393 3516/3516 3517/3517
f 2393/2393 3517/3517 2395/2395
f 2395/2395 3517/3517 3518/3518
f 2395/2395 3518/3518 2397/2397
f 2397/2397 3518/3518 3519/3519
f 2397/2397 3519/3519 2399/2399
f 2399/2399 3519/3519 3520/3520
f 2399/2399 3520/3520 2401/2401
f 2401/2401 3520/3520 3521/3521
f 2401/2401 3521/3521 2403/2403
f 2403/2403 3521/3521 3522/3522
f 2403/2403 3522/3522 2405/2405
f 2405/2405 3522/3522 3523/3523
f 2405/2405 3523/3523 2407/2407
f 2407/2407 3523/3523 3524/3524
f 2407/2407 3524/3524 2409/2409
f 2409/2409 3524/3524 3525/3525
f 2409/2409 3525/3525 2411/2411
f 2411/2411 3525/3525 3526/3526
f 2411/2411 3526/3526 2413/2413
f 2413/2413 3526/3526 3527/3527
f 2413/2413 3527/3527 2415/2415
f 2415/2415 3527/3527 3528/3528
f 2415/2415 3528/3528 2417/2417
f 2417/2417 3528/3528 3529/3529
f 2417/2417 3529/3529 2419/2419
f 2419/2419 3529/3529 3530/3530
f 2419/2419 3530/3530 2421/2421
f 2421/2421 3530/3530 3531/3531
f 2423/2423 3532/3532 2425/2425
f 2425/2425 3532/3532 3533/3533
f 2425/2425 3533/3533 2427/2427
f 2427/2427 3533/3533 3534/3534
f 2427/2427 3534/3534 2429/2429
f 2429/2429 3534/3534 3535/3535
f 2429/2429 3535/3535 2431/2431
f 2431/2431 3535/3535 3536/3536
f 2431/2431 3536/3536 2433/2433
f 2433/2433 3536/3536 3537/3537
f 2433/2433 3537/3537 2435/2435
f 2435/2435 3537/3537 3538/3538
f 2435/2435 3538/3538 2437/2437
f 2437/2437 3538/3538 3539/3539
f 2437/2437 3539/3539 2439/2439
f 2439/2439 3539/3539 3540/3540
f 2439/2439 3540/3540 2441/2441
f 2441/2441 3540/3540 3541/3541
f 2441/2441 3541/3541 2443/2443
f 2443/2443 3541/3541 3542/3542
f 2443/2443 3542/3542 2445/2445
f 2445/2445 3542/3542 3543/3543
f 2445/2445 3543/3543 2447/2447
f 2447/2447 3543/3543 3544/3544
f 2447/2447 3544/3544 2449/2449
f 2449/2449 3544/3544 3545/3545
f 2449/2449 3545/3545 2451/2451
f 2451/2451 3545/3545 3546/3546
f 2451/2451 3546/3546 2453/2453
f 2453/2453 3546/3546 3547/3547
f 2453/2453 3547/3547 2455/2455
f 2455/2455 3547/3547 3548/3548
f 2455/2455 3548/3548 2457/2457
f 2457/2457 3548/3548 3549/3549
f 2457/2457 3549/3549 2459/2459
f 2459/2459 3549/3549 3550/3550
f 2459/2459 3550/3550 2461/2461
f 2461/2461 3550/3550 3551/3551
f 2461/2461 3551/3551 2463/2463
f 2463/2463 3551/3551 3552/3552
f 2463/2463 3552/3552 2465/2465
f 2465/2465 3552/3552 3553/3553
f 2465/2465 3553/3553 2467/2467
f 2467/2467 3553/3553 3554/3554
f 2467/2467 3554/3554 2469/2469
f 2469/2469 3554/3554 3555/3555
f 2469/2469 3555/3555 2471/2471
f 2471/2471 3555/3555 3556/3556
f 2471/2471 3556/3556 2473/2473
f 2473/2473 3556/3556 3557/3557
f 2473/2473 3557/3557 2475/2475
f 2475/2475 3557/3557 3558/3558
f 2475/2475 3558/3558 2477/2477
f 2477/2477 3558/3558 3559/3559
f 2477/2477 3559/3559 2479/2479
f 2479/2479 3559/3559 3560/3560
f 2479/2479 3560/3560 2481/2481
f 2481/2481 3560/3560 3561/3561
f 2481/2481 3561/3561 2483/2483
f 2483/2483 3561/3561 3562/3562
f 2483/2483 3562/3562 2485/2485
f 2485/2485 3562/3562 3563/3563
f 2485/2485 3563/3563 2487/2487
f 2487/2487 3563/3563 3564/3564
f 2487/2487 3564/3564 2489/2489
f 2489/2489 3564/3564 3565/3565
f 2489/2489 3565/3565 2491/2491
f 2491/2491 3565/3565 3566/3566
f 2491/2491 3566/3566 2493/2493
f 2493/2493 3566/3566 3567/3567
f 2493/2493 3567/3567 2495/2495
f 2495/2495 3567/3567 3568/3568
f 2495/2495 3568/3568 2497/2497
f 2497/2497 3568/3568 3569/3569
f 2497/2497 3569/3569 2499/2499
f 2499/2499 3569/3569 3570/3570
f 2499/2499 3570/3570 2501/2501
f 2501/2501 3570/3570 3571/3571
f 2501/2501 3571/3571 2503/2503
f 2503/2503 3571/3571 3572/3572
f 2503/2503 3572/3572 2505/2505
f 2505/2505 3572/3572 3573/3573
f 2505/2505 3573/3573 2507/2507
f 2507/2507 3573/3573 3574/3574
f 2507/2507 3574/3574 2509/2509
f 2509/2509 3574/3574 3575/3575
f 2509/2509 3575/3575 2511/2511
f 2511/2511 3575/3575 3576/3576
f 2511/2511 3576/3576 2513/2513
f 2513/2513 3576/3576 3577/3577
f 2513/2513 3577/3577 2515/2515
f 2515/2515 3577/3577 3578/3578
f 2515/2515 3578/3578 2517/2517
f 2517/2517 3578/3578 3579/3579
f 2517/2517 3579/3579 2519/2519
f 2519/2519 3579/3579 3580/3580
f 2519/2519 3580/3580 2521/2521
f 2521/2521 3580/3580 3581/3581
f 2521/2521 3581/3581 2523/2523
f 2523/2523 3581/3581 3582/3582
f 2523/2523 3582/3582 2525/2525
f 2525/2525 3582/3582 3583/3583
f 2525/2525 3583/3583 2527/2527
f 2527/2527 3583/3583 3584/3584
f 2527/2527 3584/3584 2529/2529
f 2529/2529 3584/3584 3585/3585
f 2529/2529 3585/3585 2531/2531
f 2531/2531 3585/3585 3586/3586
f 2531/2531 3586/3586 2533/2533
f 2533/2533 3586/3586 3587/3587
f 2533/2533 3587/3587 2535/2535
f 2535/2535 3587/3587 3588/3588
f 2535/2535 3588/3588 2537/2537
f 2537/2537 3588/3588 3589/3589
f 2537/2537 3589/3589 2539/2539
f 2539/2539 3589/3589 3590/3590
f 2539/2539 3590/3590 2541/2541
f 2541/2541 3590/3590 3591/3591
f 2541/2541 3591/3591 2543/2543
f 2543/2543 3591/3591 3592/3592
f 2543/2543 3592/3592 2545/2545
f 2545/2545 3592/3592 3593/3593
f 2545/2545 3593/3593 2547/2547
f 2547/2547 3593/3593 3594/3594
f 2547/2547 3594/3594 2549/2549
f 2549/2549 3594/3594 3595/3595
f 2549/2549 3595/3595 2551/2551
f 2551/2551 3595/3595 3596/3596
f 2551/2551 3596/3596 2553/2553
f 2553/2553 3596/3596 3597/3597
f 2553/2553 3597/3597 2555/2555
f 2555/2555 3597/3597 3598/3598
f 2555/2555 3598/3598 2557/2557
f 2557/2557 3598/3598 3599/3599
f 2557/2557 3599/3599 2559/2559
f 2559/2559 3599/3599 3600/3600
f 2559/2559 3600/3600 2561/2561
f 2561/2561 3600/3600 3601/3601
f 2561/2561 3601/3601 2563/2563
f 2563/2563 3601/3601 3602/3602
f 2563/2563 3602/3602 2565/2565
f 2565/2565 3602/3602 3603/3603
f 2565/2565 3603/3603 2567/2567
f 2567/2567 3603/3603 3604/3604
f 2567/2567 3604/3604 2569/2569
f 2569/2569 3604/3604 3605/3605
f 2569/2569 3605/3605 2571/2571
f 2571/2571 3605/3605 3606/3606
f 2571/2571 3606/3606 2573/2573
f 2573/2573 3606/3606 3607/3607
f 2573/2573 3607/3607 2575/2575
f 2575/2575 3607/3607 3608/3608
f 2575/2575 3608/3608 2577/2577
f 2577/2577 3608/3608 3609/3609
f 2577/2577 3609/3609 2579/2579
f 2579/2579 3609/3609 3610/3610
f 2579/2579 3610/3610 2581/2581
f 2581/2581 3610/3610 3611/3611
f 2581/2581 3611/3611 2583/2583
f 2583/2583 3611/3611 3612/3612
f 2583/2583 3612/3612 2585/2585
f 2585/2585 3612/3612 3613/3613
f 2585/2585 3613/3613 2587/2587
f 2587/2587 3613/3613 3614/3614
f 2587/2587 3614/3614 2589/2589
f 2589/2589 3614/3614 3615/3615
f 2589/2589 3615/3615 2591/2591
f 2591/2591 3615/3615 3616/3616
f 2591/2591 3616/3616 2593/2593
f 2593/2593 3616/3616 3617/3617
f 2593/2593 3617/3617 2595/2595
f 2595/2595 3617/3617 3618/3618
f 2595/2595 3618/3618 2597/2597
f 2597/2597 3618/3618 3619/3619
f 2597/2597 3619/3619 2599/2599
f 2599/2599 3619/3619 3620/3620
f 2599/2599 3620/3620 2601/2601
f 2601/2601 3620/3620 3621/3621
f 2601/2601 3621/3621 2603/2603
f 2603/2603 3621/3621 3622/3622
f 2603/2603 3622/3622 2605/2605
f 2605/2605 3622/3622 3623/3623
f 2605/2605 3623/3623 2607/2607
f 2607/2607 3623/3623 3624/3624
f 2607/2607 3624/3624 2609/2609
f 2609/2609 3624/3624 3625/3625
f 2609/2609 3625/3625 2611/2611
f 2611/2611 3625/3625 3626/3626
f 2611/2611 3626/3626 2613/2613
f 2613/2613 3626/3626 3627/3627
f 2613/2613 3627/3627 2615/2615
f 2615/2615 3627/3627 3628/3628
f 2615/2615 3628/3628 2617/2617
f 2617/2617 3628/3628 3629/3629
f 2617/2617 3629/3629 2619/2619
f 2619/2619 3629/3629 3630/3630
f 2619/2619 3630/3630 2621/2621
f 2621/2621 3630/3630 3631/3631
f 2621/2621 3631/3631 2623/2623
f 2623/2623 3631/3631 3632/3632
f 2623/2623 3632/3632 2625/2625
f 2625/2625 3632/3632 3633/3633
f 2625/2625 3633/3633 2627/2627
f 2627/2627 3633/3633 3634/3634
f 2627/2627 3634/3634 2629/2629
f 2629/2629 3634/3634 3635/3635
f 2629/2629 3635/3635 2631/2631
f 2631/2631 3635/3635 3636/3636
f 2631/2631 3636/3636 2633/2633
f 2633/2633 3636/3636 3637/3637
f 2633/2633 3637/3637 2635/2635
f 2635/2635 3637/3637 3638/3638
f 2635/2635 3638/3638 2637/2637
f 2637/2637 3638/3638 3639/3639
f 2637/2637 3639/3639 2639/2639
f 2639/2639 3639/3639 3640/3640
f 2639/2639 3640/3640 2641/2641
f 2641/2641 3640/3640 3641/3641
f 2641/2641 3641/3641 2643/2643
f 2643/2643 3641/3641 3642/3642
f 2643/2643 3642/3642 2645/2645
f 2645/2645 3642/3642 3643/3643
f 2645/2645 3643/3643 2647/2647
f 2647/2647 3643/3643 3644/3644
f 2647/2647 3644/3644 2649/2649
f 2649/2649 3644/3644 3645/3645
f 2649/2649 3645/3645 2651/2651
f 2651/2651 3645/3645 3646/3646
f 2651/2651 3646/3646 2653/2653
f 2653/2653 3646/3646 3647/3647
f 2653/2653 3647/3647 2655/2655
f 2655/2655 3647/3647 3648/3648
f 2655/2655 3648/3648 2657/2657
f 2657/2657 3648/3648 3649/3649
f 2657/2657 3649/3649 2659/2659
f 2659/2659 3649/3649 3650/3650
f 2659/2659 3650/3650 2661/2661
f 2661/2661 3650/3650 3651/3651
f 2661/2661 3651/3651 2663/2663
f 2663/2663 3651/3651 3652/3652
f 2663/2663 3652/3652 2665/2665
f 2665/2665 3652/3652 3653/3653
f 2665/2665 3653/3653 2667/2667
f 2667/2667 3653/3653 3654/3654
f 2667/2667 3654/3654 2669/2669
f 2669/2669 3654/3654 3655/3655
f 2669/2669 3655/3655 2671/2671
f 2671/2671 3655/3655 3656/3656
f 2671/2671 3656/3656 2673/2673
f 2673/2673 3656/3656 3657/3657
f 2673/2673 3657/3657 2675/2675
f 2675/2675 3657/3657 3658/3658
f 2675/2675 3658/3658 2677/2677
f 2677/2677 3658/3658 3659/3659
f 2677/2677 3659/3659 2679/2679
f 2679/2679 3659/3659 3660/3660
f 2679/2679 3660/3660 2681/2681
f 2681/2681 3660/3660 3661/3661
f 2681/2681 3661/3661 2683/2683
f 2683/2683 3661/3661 3662/3662
f 2683/2683 3662/3662 2685/2685
f 2685/2685 3662/3662 3663/3663
f 2685/2685 3663/3663 2687/2687
f 2687/2687 3663/3663 3664/3664
f 2687/2687 3664/3664 2689/2689
f 2689/2689 3664/3664 3665/3665
f 2689/2689 3665/3665 2691/2691
f 2691/2691 3665/3665 3666/3666
f 2691/2691 3666/3666 2693/2693
f 2693/2693 3666/3666 3667/3667
f 2693/2693 3667/3667 2695/2695
f 2695/2695 3667/3667 3668/3668
f 2695/2695 3668/3668 2697/2697
f 2697/2697 3668/3668 3669/3669
f 2697/2697 3669/3669 2699/2699
f 2699/2699 3669/3669 3670/3670
f 2699/2699 3670/3670 2701/2701
f 2701/2701 3670/3670 3671/3671
f 2701/2701 3671/3671 2703/2703
f 2703/2703 3671/3671 3672/3672
f 2703/2703 3672/3672 2705/2705
f 2705/2705 3672/3672 3673/3673
f 2707/2707 3674/3674 2709/2709
f 2709/2709 3674/3674 3230/3230
f 2709/2709 3230/3230 2711/2711
f 3387/3387 3675/3675 3388/3388
f 3388/3388 3675/3675 3676/3676
f 3388/3388 3676/3676 3389/3389
f 3389/3389 3676/3676 3677/3677
f 3389/3389 3677/3677 3390/3390
f 3390/3390 3677/3677 3678/3678
f 3390/3390 3678/3678 3391/3391
f 3391/3391 3678/3678 3679/3679
f 3391/3391 3679/3679 3392/3392
f 3392/3392 3679/3679 3680/3680
f 3392/3392 3680/3680 3393/3393
f 3393/3393 3680/3680 3681/3681
f 3393/3393 3681/3681 3394/3394
f 3394/3394 3681/3681 3682/3682
f 3394/3394 3682/3682 3395/3395
f 3395/3395 3682/3682 3683/3683
f 3395/3395 3683/3683 3396/3396
f 3396/3396 3683/3683 3684/3684
f 3396/3396 3684/3684 3397/3397
f 3397/3397 3684/3684 3685/3685
f 3397/3397 3685/3685 3398/3398
f 3398/3398 3685/3685 3686/3686
f 3398/3398 3686/3686 3399/3399
f 3399/3399 3686/3686 3687/3687
f 3399/3399 3687/3687 3400/3400
f 3400/3400 3687/3687 3688/3688
f 3400/3400 3688/3688 3401/3401
f 3401/3401 3688/3688 3689/3689
f 3401/3401 3689/3689 3402/3402
f 3402/3402 3689/3689 3690/3690
f 3402/3402 3690/3690 3403/3403
f 3403/3403 3690/3690 3691/3691
f 3403/3403 3691/3691 3404/3404
f 3404/3404 3691/3691 3692/3692
f 3404/3404 3692/3692 3405/3405
f 3405/3405 3692/3692 3693/3693
f 3405/3405 3693/3693 3406/3406
f 3406/3406 3693/3693 3694/3694
f 3406/3406 3694/3694 3407/3407
f 3407/3407 3694/3694 3695/3695
f 3407/3407 3695/3695 3408/3408
f 3408/3408 3695/3695 3696/3696
f 3408/3408 3696/3696 3409/3409
f 3409/3409 3696/3696 3697/3697
f 3409/3409 3697/3697 3410/3410
f 3410/3410 3697/3697 3698/3698
f 3410/3410 3698/3698 3411/3411
f 3411/3411 3698/3698 3699/3699
f 3411/3411 3699/3699 3412/3412
f 3412/3412 3699/3699 3700/3700
f 3412/3412 3700/3700 3413/3413
f 3413/3413 3700/3700 3701/3701
f 3413/3413 3701/3701 3414/3414
f 3414/3414 3701/3701 3702/3702
f 3414/3414 3702/3702 3415/3415
f 3415/3415 3702/3702 3703/3703
f 3415/3415 3703/3703 3416/3416
f 3416/3416 3703/3703 3704/3704
f 3416/3416 3704/3704 3417/3417
f 3417/3417 3704/3704 3705/3705
f 3417/3417 3705/3705 3418/3418
f 3418/3418 3705/3705 3706/3706
f 3418/3418 3706/3706 3419/3419
f 3419/3419 3706/3706 3707/3707
f 3419/3419 3707/3707 3420/3420
f 3420/3420 3707/3707 3708/3708
f 3420/3420 3708/3708 3421/3421
f 3421/3421 3708/3708 3709/3709
f 3421/3421 3709/3709 3422/3422
f 3422/3422 3709/3709 3710/3710
f 3422/3422 3710/3710 3423/3423
f 3423/3423 3710/3710 3711/3711
f 3423/3423 3711/3711 3424/3424
f 3424/3424 3711/3711 3712/3712
f 3424/3424 3712/3712 3425/3425
f 3425/3425 3712/3712 3713/3713
f 3425/3425 3713/3713 3426/3426
f 3426/3426 3713/3713 3714/3714
f 3426/3426 3714/3714 3427/3427
f 3427/3427 3714/3714 3715/3715
f 3427/3427 3715/3715 3428/3428
f 3428/3428 3715/3715 3716/3716
f 3428/3428 3716/3716 3429/3429
f 3429/3429 3716/3716 3717/3717
f 3429/3429 3717/3717 3430/3430
f 3430/3430 3717/3717 3718/3718
f 3430/3430 3718/3718 3431/3431
f 3431/3431 3718/3718 3719/3719
f 3431/3431 3719/3719 3432/3432
f 3432/3432 3719/3719 3720/3720
f 3432/3432 3720/3720 3433/3433
f 3433/3433 3720/3720 3721/3721
f 3433/3433 3721/3721 3434/3434
f 3434/3434 3721/3721 3722/3722
f 3434/3434 3722/3722 3435/3435
f 3435/3435 3722/3722 3723/3723
f 3435/3435 3723/3723 3436/3436
f 3436/3436 3723/3723 3724/3724
f 3436/3436 3724/3724 3437/3437
f 3437/3437 3724/3724 3725/3725
f 3437/3437 3725/3725 3438/3438
f 3438/3438 3725/3725 3726/3726
f 3438/3438 3726/3726 3439/3439
f 3439/3439 3726/3726 3727/3727
f 3439/3439 3727/3727 3440/3440
f 3440/3440 3727/3727 3728/3728
f 3440/3440 3728/3728 3441/3441
f 3441/3441 3728/3728 3729/3729
f 3441/3441 3729/3729 3442/3442
f 3442/3442 3729/3729 3730/3730
f 3442/3442 3730/3730 3443/3443
f 3443/3443 3730/3730 3731/3731
f 3443/3443 3731/3731 3444/3444
f 3444/3444 3731/3731 3732/3732
f 3444/3444 3732/3732 3445/3445
f 3445/3445 3732/3732 3733/3733
f 3445/3445 3733/3733 3446/3446
f 3446/3446 3733/3733 3734/3734
f 3446/3446 3734/3734 3447/3447
f 3447/3447 3734/3734 3735/3735
f 3447/3447 3735/3735 3448/3448
f 3448/3448 3735/3735 3736/3736
f 3448/3448 3736/3736 3449/3449
f 3449/3449 3736/3736 3737/3737
f 3449/3449 3737/3737 3450/3450
f 3450/3450 3737/3737 3738/3738
f 3450/3450 3738/3738 3451/3451
f 3451/3451 3738/3738 3739/3739
f 3451/3451 3739/3739 3452/3452
f 3452/3452 3739/3739 3740/3740
f 3452/3452 3740/3740 3454/3454
f 3454/3454 3740/3740 3741/3741
f 3454/3454 3741/3741 3455/3455
f 3455/3455 3741/3741 3742/3742
f 3455/3455 3742/3742 3456/3456
f 3456/3456 3742/3742 3743/3743
f 3456/3456 3743/3743 3457/3457
f 3457/3457 3743/3743 3744/3744
f 3457/3457 3744/3744 3458/3458
f 3458/3458 3744/3744 3745/3745
f 3458/3458 3745/3745 3459/3459
f 3459/3459 3745/3745 3746/3746
f 3459/3459 3746/3746 3460/3460
f 3460/3460 3746/3746 3747/3747
f 3460/3460 3747/3747 3461/3461
f 3461/3461 3747/3747 3748/3748
f 3461/3461 3748/3748 3462/3462
f 3462/3462 3748/3748 3749/3749
f 3462/3462 3749/3749 3464/3464
f 3464/3464 3749/3749 3750/3750
f 3464/3464 3750/3750 3465/3465
f 3465/3465 3750/3750 3751/3751
f 3465/3465 3751/3751 3466/3466
f 3466/3466 3751/3751 3752/3752
f 3466/3466 3752/3752 3467/3467
f 3467/3467 3752/3752 3753/3753
f 3467/3467 3753/3753 3468/3468
f 3468/3468 3753/3753 3754/3754
f 3468/3468 3754/3754 3469/3469
f 3469/3469 3754/3754 3755/3755
f 3469/3469 3755/3755 3470/3470
f 3470/3470 3755/3755 3756/3756
f 3470/3470 3756/3756 3471/3471
f 3471/3471 3756/3756 3757/3757
f 3471/3471 3757/3757 3472/3472
f 3472/3472 3757/3757 3758/3758
f 3472/3472 3758/3758 3473/3473
f 3473/3473 3758/3758 3759/3759
f 3473/3473 3759/3759 3474/3474
f 3474/3474 3759/3759 3760/3760
f 3474/3474 3760/3760 3476/3476
f 3476/3476 3760/3760 3761/3761
f 3476/3476 3761/3761 3477/3477
f 3477/3477 3761/3761 3762/3762
f 3477/3477 3762/3762 3478/3478
f 3478/3478 3762/3762 3763/3763
f 3478/3478 3763/3763 3479/3479
f 3479/3479 3763/3763 3764/3764
f 3479/3479 3764/3764 3480/3480
f 3480/3480 3764/3764 3765/3765
f 3480/3480 3765/3765 3481/3481
f 3481/3481 3765/3765 3766/3766
f 3481/3481 3766/3766 3482/3482
f 3482/3482 3766/3766 3767/3767
f 3482/3482 3767/3767 3483/3483
f 3483/3483 3767/3767 3768/3768
f 3483/3483 3768/3768 3484/3484
f 3484/3484 3768/3768 3769/3769
f 3484/3484 3769/3769 3485/3485
f 3485/3485 3769/3769 3770/3770
f 3485/3485 3770/3770 3486/3486
f 3486/3486 3770/3770 3771/3771
f 3486/3486 3771/3771 3487/3487
f 3487/3487 3771/3771 3772/3772
f 3487/3487 3772/3772 3488/3488
f 3488/3488 3772/3772 3773/3773
f 3488/3488 3773/3773 3489/3489
f 3489/3489 3773/3773 3774/3774
f 3489/3489 3774/3774 3490/3490
f 3490/3490 3774/3774 3775/3775
f 3490/3490 3775/3775 3491/3491
f 3491/3491 3775/3775 3776/3776
f 3491/3491 3776/3776 3492/3492
f 3492/3492 3776/3776 3777/3777
f 3492/3492 3777/3777 3493/3493
f 3493/3493 3777/3777 3778/3778
f 3493/3493 3778/3778 3494/3494
f 3494/3494 3778/3778 3779/3779
f 3494/3494 3779/3779 3495/3495
f 3495/3495 3779/3779 3780/3780
f 3495/3495 3780/3780 3496/3496
f 3496/3496 3780/3780 3781/3781
f 3496/3496 3781/3781 3497/3497
f 3497/3497 3781/3781 3782/3782
f 3497/3497 3782/3782 3498/3498
f 3498/3498 3782/3782 3783/3783
f 3498/3498 3783/3783 3499/3499
f 3499/3499 3783/3783 3784/3784
f 3499/3499 3784/3784 3500/3500
f 3500/3500 3784/3784 3785/3785
f 3500/3500 3785/3785 3501/3501
f 3501/3501 3785/3785 3786/3786
f 3501/3501 3786/3786 3502/3502
f 3502/3502 3786/3786 3787/3787
f 3502/3502 3787/3787 3503/3503
f 3503/3503 3787/3787 3788/3788
f 3503/3503 3788/3788 3504/3504
f 3504/3504 3788/3788 3789/3789
f 3504/3504 3789/3789 3505/3505
f 3505/3505 3789/3789 3790/3790
f 3505/3505 3790/3790 3506/3506
f 3506/3506 3790/3790 3791/3791
f 3506/3506 3791/3791 3507/3507
f 3507/3507 3791/3791 3792/3792
f 3507/3507 3792/3792 3508/3508
f 3508/3508 3792/3792 3793/3793
f 3508/3508 3793/3793 3509/3509
f 3509/3509 3793/3793 3794/3794
f 3509/3509 3794/3794 3510/3510
f 3510/3510 3794/3794 3795/3795
f 3510/3510 3795/3795 3511/3511
f 3511/3511 3795/3795 3796/3796
f 3511/3511 3796/3796 3512/3512
f 3512/3512 3796/3796 3797/3797
f 3512/3512 3797/3797 3513/3513
f 3513/3513 3797/3797 3798/3798
f 3513/3513 3798/3798 3514/3514
f 3514/3514 3798/3798 3799/3799
f 3514/3514 3799/3799 3515/3515
f 3515/3515 3799/3799 3800/3800
f 3515/3515 3800/3800 3516/3516
f 3516/3516 3800/3800 3801/3801
f 3516/3516 3801/3801 3517/3517
f 3517/3517 3801/3801 3802/3802
f 3517/3517 3802/3802 3518/3518
f 3518/3518 3802/3802 3803/3803
f 3518/3518 3803/3803 3519/3519
f 3519/3519 3803/3803 3804/3804
f 3519/3519 3804/3804 3520/3520
f 3520/3520 3804/3804 3805/3805
f 3520/3520 3805/3805 3521/3521
f 3521/3521 3805/3805 3806/3806
f 3521/3521 3806/3806 3522/3522
f 3522/3522 3806/3806 3807/3807
f 3522/3522 3807/3807 3523/3523
f 3523/3523 3807/3807 3808/3808
f 3523/3523 3808/3808 3524/3524
f 3524/3524 3808/3808 3809/3809
f 3524/3524 3809/3809 3525/3525
f 3525/3525 3809/3809 3810/3810
f 3525/3525 3810/3810 3526/3526
f 3526/3526 3810/3810 3811/3811
f 3526/3526 3811/3811 3527/3527
f 3527/3527 3811/3811 3812/3812
f 3527/3527 3812/3812 3528/3528
f 3528/3528 3812/3812 3813/3813
f 3528/3528 3813/3813 3529/3529
f 3529/3529 3813/3813 3814/3814
f 3529/3529 3814/3814 3530/3530
f 3530/3530 3814/3814 3815/3815
f 3530/3530 3815/3815 3531/3531
f 3531/3531 3815/3815 3816/3816
f 3532/3532 3817/3817 3533/3533
f 3533/3533 3817/3817 3818/3818
f 3533/3533 3818/3818 3534/3534
f 3534/3534 3818/3818 3819/3819
f 3534/3534 3819/3819 3535/3535
f 3535/3535 3819/3819 3820/3820
f 3535/3535 3820/3820 3536/3536
f 3536/3536 3820/3820 3821/3821
f 3536/3536 3821/3821 3537/3537
f 3537/3537 3821/3821 3822/3822
f 3537/3537 3822/3822 3538/3538
f 3538/3538 3822/3822 3823/3823
f 3538/3538 3823/3823 3539/3539
f 3539/3539 3823/3823 3824/3824
f 3539/3539 3824/3824 3540/3540
f 3540/3540 3824/3824 3825/3825
f 3540/3540 3825/3825 3541/3541
f 3541/3541 3825/3825 3826/3826
f 3541/3541 3826/3826 3542/3542
f 3542/3542 3826/3826 3827/3827
f 3542/3542 3827/3827 3543/3543
f 3543/3543 3827/3827 3828/3828
f 3543/3543 3828/3828 3544/3544
f 3544/3544 3828/3828 3829/3829
f 3544/3544 3829/3829 3545/3545
f 3545/3545 3829/3829 3830/3830
f 3545/3545 3830/3830 3546/3546
f 3546/3546 3830/3830 3831/3831
f 3546/3546 3831/3831 3547/3547
f 3547/3547 3831/3831 3832/3832
f 3547/3547 3832/3832 3548/3548
f 3548/3548 3832/3832 3833/3833
f 3548/3548 3833/3833 3549/3549
f 3549/3549 3833/3833 3834/3834
f 3549/3549 3834/3834 3550/3550
f 3550/3550 3834/3834 3835/3835
f 3550/3550 3835/3835 3551/3551
f 3551/3551 3835/3835 3836/3836
f 3551/3551 3836/3836 3552/3552
f 3552/3552 3836/3836 3837/3837
f 3552/3552 3837/3837 3553/3553
f 3553/3553 3837/3837 3838/3838
f 3553/3553 3838/3838 3554/3554
f 3554/3554 3838/3838 3839/3839
f 3554/3554 3839/3839 3555/3555
f 3555/3555 3839/3839 3840/3840
f 3555/3555 3840/3840 3556/3556
f 3556/3556 3840/3840 3841/3841
f 3556/3556 3841/3841 3557/3557
f 3557/3557 3841/3841 3842/3842
f 3557/3557 3842/3842 3558/3558
f 3558/3558 3842/3842 3843/3843
f 3558/3558 3843/3843 3559/3559
f 3559/3559 3843/3843 3844/3844
f 3559/3559 3844/3844 3560/3560
f 3560/3560 3844/3844 3845/3845
f 3560/3560 3845/3845 3561/3561
f 3561/3561 3845/3845 3846/3846
f 3561/3561 3846/3846 3562/3562
f 3562/3562 3846/3846 3847/3847
f 3562/3562 3847/3847 3563/3563
f 3563/3563 3847/3847 3848/3848
f 3563/3563 3848/3848 3564/3564
f 3564/3564 3848/3848 3849/3849
f 3564/3564 3849/3849 3565/3565
f 3565/3565 3849/3849 3850/3850
f 3565/3565 3850/3850 3566/3566
f 3566/3566 3850/3850 3851/3851
f 3566/3566 3851/3851 3567/3567
f 3567/3567 3851/3851 3852/3852
f 3567/3567 3852/3852 3568/3568
f 3568/3568 3852/3852 3853/3853
f 3568/3568 3853/3853 3569/3569
f 3569/3569 3853/3853 3854/3854
f 3569/3569 3854/3854 3570/3570
f 3570/3570 3854/3854 3855/3855
f 3570/3570 3855/3855 3571/3571
f 3571/3571 3855/3855 3856/3856
f 3571/3571 3856/3856 3572/3572
f 3572/3572 3856/3856 3857/3857
f 3572/3572 3857/3857 3573/3573
f 3573/3573 3857/3857 3858/3858
f 3573/3573 3858/3858 3574/3574
f 3574/3574 3858/3858 3859/3859
f 3574/3574 3859/3859 3575/3575
f 3575/3575 3859/3859 3860/3860
f 3575/3575 3860/3860 3576/3576
f 3576/3576 3860/3860 3861/3861
f 3576/3576 3861/3861 3577/3577
f 3577/3577 3861/3861 3862/3862
f 3577/3577 3862/3862 3578/3578
f 3578/3578 3862/3862 3863/3863
f 3578/3578 3863/3863 3579/3579
f 3579/3579 3863/3863 3864/3864
f 3579/3579 3864/3864 3580/3580
f 3580/3580 3864/3864 3865/3865
f 3580/3580 3865/3865 3581/3581
f 3581/3581 3865/3865 3866/3866
f 3581/3581 3866/3866 3582/3582
f 3582/3582 3866/3866 3867/3867
f 3582/3582 3867/3867 3583/3583
f 3583/3583 3867/3867 3868/3868
f 3583/3583 3868/3868 3584/3584
f 3584/3584 3868/3868 3869/3869
f 3584/3584 3869/3869 3585/3585
f 3585/3585 3869/3869 3870/3870
f 3585/3585 3870/3870 3586/3586
f 3586/3586 3870/3870 3871/3871
f 3586/3586 3871/3871 3587/3587
f 3587/3587 3871/3871 3872/3872
f 3587/3587 3872/3872 3588/3588
f 3588/3588 3872/3872 3873/3873
f 3588/3588 3873/3873 3589/3589
f 3589/3589 3873/3873 3874/3874
f 3589/3589 3874/3874 3590/3590
f 3590/3590 3874/3874 3875/3875
f 3590/3590 3875/3875 3591/3591
f 3591/3591 3875/3875 3876/3876
f 3591/3591 3876/3876 3592/3592
f 3592/3592 3876/3876 3877/3877
f 3592/3592 3877/3877 3593/3593
f 3593/3593 3877/3877 3878/3878
f 3593/3593 3878/3878 3594/3594
f 3594/3594 3878/3878 3879/3879
f 3594/3594 3879/3879 3595/3595
f 3595/3595 3879/3879 3880/3880
f 3595/3595 3880/3880 3596/3596
f 3596/3596 3880/3880 3881/3881
f 3596/3596 3881/3881 3597/3597
f 3597/3597 3881/3881 3882/3882
f 3597/3597 3882/3882 3598/3598
f 3598/3598 3882/3882 3883/3883
f 3598/3598 3883/3883 3599/3599
f 3599/3599 3883/3883 3884/3884
f 3599/3599 3884/3884 3600/3600
f 3600/3600 3884/3884 3885/3885
f 3600/3600 3885/3885 3601/3601
f 3601/3601 3885/3885 3886/3886
f 3601/3601 3886/3886 3602/3602
f 3602/3602 3886/3886 3887/3887
f 3602/3602 3887/3887 3603/3603
f 3603/3603 3887/3887 3888/3888
f 3603/3603 3888/3888 3604/3604
f 3604/3604 3888/3888 3889/3889
f 3604/3604 3889/3889 3605/3605
f 3605/3605 3889/3889 3890/3890
f 3605/3605 3890/3890 3606/3606
f 3606/3606 3890/3890 3891/3891
f 3606/3606 3891/3891 3607/3607
f 3607/3607 3891/3891 3892/3892
f 3607/3607 3892/3892 3608/3608
f 3608/3608 3892/3892 3893/3893
f 3608/3608 3893/3893 3609/3609
f 3609/3609 3893/3893 3894/3894
f 3609/3609 3894/3894 3610/3610
f 3610/3610 3894/3894 3895/3895
f 3610/3610 3895/3895 3611/3611
f 3611/3611 3895/3895 3896/3896
f 3611/3611 3896/3896 3612/3612
f 3612/3612 3896/3896 3897/3897
f 3612/3612 3897/3897 3613/3613
f 3613/3613 3897/3897 3898/3898
f 3613/3613 3898/3898 3614/3614
f 3614/3614 3898/3898 3899/3899
f 3614/3614 3899/3899 3615/3615
f 3615/3615 3899/3899 3900/3900
f 3615/3615 3900/3900 3616/3616
f 3616/3616 3900/3900 3901/3901
f 3616/3616 3901/3901 3617/3617
f 3617/3617 3901/3901 3902/3902
f 3617/3617 3902/3902 3618/3618
f 3618/3618 3902/3902 3903/3903
f 3618/3618 3903/3903 3619/3619
f 3619/3619 3903/3903 3904/3904
f 3619/3619 3904/3904 3620/3620
f 3620/3620 3904/3904 3905/3905
f 3620/3620 3905/3905 3621/3621
f 3621/3621 3905/3905 3906/3906
f 3621/3621 3906/3906 3622/3622
f 3622/3622 3906/3906 3907/3907
f 3622/3622 3907/3907 3623/3623
f 3623/3623 3907/3907 3908/3908
f 3623/3623 3908/3908 3624/3624
f 3624/3624 3908/3908 3909/3909
f 3624/3624 3909/3909 3625/3625
f 3625/3625 3909/3909 3910/3910
f 3625/3625 3910/3910 3626/3626
f 3626/3626 3910/3910 3911/3911
f 3626/3626 3911/3911 3627/3627
f 3627/3627 3911/3911 3912/3912
f 3627/3627 3912/3912 3628/3628
f 3628/3628 3912/3912 3913/3913
f 3628/3628 3913/3913 3629/3629
f 3629/3629 3913/3913 3914/3914
f 3629/3629 3914/3914 3630/3630
f 3630/3630 3914/3914 3915/3915
f 3630/3630 3915/3915 3631/3631
f 3631/3631 3915/3915 3916/3916
f 3631/3631 3916/3916 3632/3632
f 3632/3632 3916/3916 3917/3917
f 3632/3632 3917/3917 3633/3633
f 3633/3633 3917/3917 3918/3918
f 3633/3633 3918/3918 3634/3634
f 3634/3634 3918/3918 3919/3919
f 3634/3634 3919/3919 3635/3635
f 3635/3635 3919/3919 3920/3920
f 3635/3635 3920/3920 3636/3636
f 3636/3636 3920/3920 3921/3921
f 3636/3636 3921/3921 3637/3637
f 3637/3637 3921/3921 3922/3922
f 3637/3637 3922/3922 3638/3638
f 3638/3638 3922/3922 3923/3923
f 3638/3638 3923/3923 3639/3639
f 3639/3639 3923/3923 3924/3924
f 3639/3639 3924/3924 3640/3640
f 3640/3640 3924/3924 3925/3925
f 3640/3640 3925/3925 3641/3641
f 3641/3641 3925/3925 3926/3926
f 3641/3641 3926/3926 3642/3642
f 3642/3642 3926/3926 3927/3927
f 3642/3642 3927/3927 3643/3643
f 3643/3643 3927/3927 3928/3928
f 3643/3643 3928/3928 3644/3644
f 3644/3644 3928/3928 3929/3929
f 3644/3644 3929/3929 3645/3645
f 3645/3645 3929/3929 3930/3930
f 3645/3645 3930/3930 3646/3646
f 3646/3646 3930/3930 3931/3931
f 3646/3646 3931/3931 3647/3647
f 3647/3647 3931/3931 3932/3932
f 3647/3647 3932/3932 3648/3648
f 3648/3648 3932/3932 3933/3933
f 3648/3648 3933/3933 3649/3649
f 3649/3649 3933/3933 3934/3934
f 3649/3649 3934/3934 3650/3650
f 3650/3650 3934/3934 3935/3935
f 3650/3650 3935/3935 3651/3651
f 3651/3651 3935/3935 3936/3936
f 3651/3651 3936/3936 3652/3652
f 3652/3652 3936/3936 3937/3937
f 3652/3652 3937/3937 3653/3653
f 3653/3653 3937/3937 3938/3938
f 3653/3653 3938/3938 3654/3654
f 3654/3654 3938/3938 3350/3350
f 3654/3654 3350/3350 3655/3655
f 3655/3655 3350/3350 3352/3352
f 3655/3655 3352/3352 3656/3656
f 3656/3656 3352/3352 3354/3354
f 3656/3656 3354/3354 3657/3657
f 3657/3657 3354/3354 3356/3356
f 3657/3657 3356/3356 3658/3658
f 3658/3658 3356/3356 3358/3358
f 3658/3658 3358/3358 3659/3659
f 3659/3659 3358/3358 3360/3360
f 3659/3659 3360/3360 3660/3660
f 3660/3660 3360/3360 3362/3362
f 3660/3660 3362/3362 3661/3661
f 3661/3661 3362/3362 3364/3364
f 3661/3661 3364/3364 3662/3662
f 3662/3662 3364/3364 3366/3366
f 3662/3662 3366/3366 3663/3663
f 3663/3663 3366/3366 3368/3368
f 3663/3663 3368/3368 3664/3664
f 3664/3664 3368/3368 3370/3370
f 3664/3664 3370/3370 3665/3665
f 3665/3665 3370/3370 3372/3372
f 3665/3665 3372/3372 3666/3666
f 3666/3666 3372/3372 3374/3374
f 3666/3666 3374/3374 3667/3667
f 3667/3667 3374/3374 3376/3376
f 3667/3667 3376/3376 3668/3668
f 3668/3668 3376/3376 3378/3378
f 3668/3668 3378/3378 3669/3669
f 3669/3669 3378/3378 3380/3380
f 3669/3669 3380/3380 3670/3670
f 3670/3670 3380/3380 3382/3382
f 3670/3670 3382/3382 3671/3671
f 3671/3671 3382/3382 3384/3384
f 3671/3671 3384/3384 3672/3672
f 3672/3672 3384/3384 3386/3386
f 3672/3672 3386/3386 3673/3673
f 3673/3673 3386/3386 3226/3226
f 3674/3674 3227/3227 3230/3230
f 3939/3939 2137/2137 3940/3940
f 3940/3940 2137/2137 2135/2135
f 3940/3940 2135/2135 3941/3941
f 3941/3941 2135/2135 2951/2951
f 3941/3941 2951/2951 3942/3942
f 3942/3942 2951/2951 2953/2953
f 3942/3942 2953/2953 3943/3943
f 3943/3943 2953/2953 2955/2955
f 3943/3943 2955/2955 3944/3944
f 3944/3944 2955/2955 2957/2957
f 3944/3944 2957/2957 3945/3945
f 3945/3945 2957/2957 2959/2959
f 3945/3945 2959/2959 3946/3946
f 3946/3946 2959/2959 2961/2961
f 3946/3946 2961/2961 3947/3947
f 3947/3947 2961/2961 2963/2963
f 3947/3947 2963/2963 3948/3948
f 3948/3948 2963/2963 2965/2965
f 3948/3948 2965/2965 3949/3949
f 3949/3949 2965/2965 2967/2967
f 3949/3949 2967/2967 3950/3950
f 3950/3950 2967/2967 2969/2969
f 3950/3950 2969/2969 3951/3951
f 3951/3951 2969/2969 2971/2971
f 3951/3951 2971/2971 3952/3952
f 3952/3952 2971/2971 2973/2973
f 3952/3952 2973/2973 3953/3953
f 3953/3953 2973/2973 2975/2975
f 3953/3953 2975/2975 3954/3954
f 3954/3954 2975/2975 2977/2977
f 3954/3954 2977/2977 3955/3955
f 3955/3955 2977/2977 2979/2979
f 3955/3955 2979/2979 3956/3956
f 3956/3956 2979/2979 2981/2981
f 3956/3956 2981/2981 3957/3957
f 3957/3957 2981/2981 2983/2983
f 3957/3957 2983/2983 3958/3958
f 3958/3958 2983/2983 2985/2985
f 3958/3958 2985/2985 2987/2987
f 3675/3675 2422/2422 3676/3676
f 3676/3676 2422/2422 2424/2424
f 3676/3676 2424/2424 3677/3677
f 3677/3677 2424/2424 2426/2426
f 3677/3677 2426/2426 3678/3678
f 3678/3678 2426/2426 2428/2428
f 3678/3678 2428/2428 3679/3679
f 3679/3679 2428/2428 2430/2430
f 3679/3679 2430/2430 3680/3680
f 3680/3680 2430/2430 2432/2432
f 3680/3680 2432/2432 3681/3681
f 3681/3681 2432/2432 2434/2434
f 3681/3681 2434/2434 3682/3682
f 3682/3682 2434/2434 2436/2436
f 3682/3682 2436/2436 3683/3683
f 3683/3683 2436/2436 2438/2438
f 3683/3683 2438/2438 3684/3684
f 3684/3684 2438/2438 2440/2440
f 3684/3684 2440/2440 3685/3685
f 3685/3685 2440/2440 2442/2442
f 3685/3685 2442/2442 3686/3686
f 3686/3686 2442/2442 2444/2444
f 3686/3686 2444/2444 3687/3687
f 3687/3687 2444/2444 2446/2446
f 3687/3687 2446/2446 3688/3688
f 3688/3688 2446/2446 2448/2448
f 3688/3688 2448/2448 3689/3689
f 3689/3689 2448/2448 2450/2450
f 3689/3689 2450/2450 3690/3690
f 3690/3690 2450/2450 2452/2452
f 3690/3690 2452/2452 3691/3691
f 3691/3691 2452/2452 2454/2454
f 3691/3691 2454/2454 3692/3692
f 3692/3692 2454/2454 2456/2456
f 3692/3692 2456/2456 3693/3693
f 3693/3693 2456/2456 2458/2458
f 3693/3693 2458/2458 3694/3694
f 3694/3694 2458/2458 2460/2460
f 3694/3694 2460/2460 3695/3695
f 3695/3695 2460/2460 2462/2462
f 3695/3695 2462/2462 3696/3696
f 3696/3696 2462/2462 2464/2464
f 3696/3696 2464/2464 3697/3697
f 3697/3697 2464/2464 2466/2466
f 3697/3697 2466/2466 3698/3698
f 3698/3698 2466/2466 2468/2468
f 3698/3698 2468/2468 3699/3699
f 3699/3699 2468/2468 2470/2470
f 3699/3699 2470/2470 3700/3700
f 3700/3700 2470/2470 2472/2472
f 3700/3700 2472/2472 3701/3701
f 3701/3701 2472/2472 2474/2474
f 3701/3701 2474/2474 3702/3702
f 3702/3702 2474/2474 2476/2476
f 3702/3702 2476/2476 3703/3703
f 3703/3703 2476/2476 2478/2478
f 3703/3703 2478/2478 3704/3704
f 3704/3704 2478/2478 2480/2480
f 3704/3704 2480/2480 3705/3705
f 3705/3705 2480/2480 2482/2482
f 3705/3705 2482/2482 3706/3706
f 3706/3706 2482/2482 2484/2484
f 3706/3706 2484/2484 3707/3707
f 3707/3707 2484/2484 2486/2486
f 3707/3707 2486/2486 3708/3708
f 3708/3708 2486/2486 2488/2488
f 3708/3708 2488/2488 3709/3709
f 3709/3709 2488/2488 2490/2490
f 3709/3709 2490/2490 3710/3710
f 3710/3710 2490/2490 2492/2492
f 3710/3710 2492/2492 3711/3711
f 3711/3711 2492/2492 2494/2494
f 3711/3711 2494/2494 3712/3712
f 3712/3712 2494/2494 2496/2496
f 3712/3712 2496/2496 3713/3713
f 3713/3713 2496/2496 2498/2498
f 3713/3713 2498/2498 3714/3714
f 3714/3714 2498/2498 2500/2500
f 3714/3714 2500/2500 3715/3715
f 3715/3715 2500/2500 2502/2502
f 3715/3715 2502/2502 3716/3716
f 3716/3716 2502/2502 2504/2504
f 3716/3716 2504/2504 3717/3717
f 3717/3717 2504/2504 2506/2506
f 3717/3717 2506/2506 3718/3718
f 3718/3718 2506/2506 2508/2508
f 3718/3718 2508/2508 3719/3719
f 3719/3719 2508/2508 2510/2510
f 3719/3719 2510/2510 3720/3720
f 3720/3720 2510/2510 2512/2512
f 3720/3720 2512/2512 3721/3721
f 3721/3721 2512/2512 2514/2514
f 3721/3721 2514/2514 3722/3722
f 3722/3722 2514/2514 2516/2516
f 3722/3722 2516/2516 3723/3723
f 3723/3723 2516/2516 2518/2518
f 3723/3723 2518/2518 3724/3724
f 3724/3724 2518/2518 2520/2520
f 3724/3724 2520/2520 3725/3725
f 3725/3725 2520/2520 2522/2522
f 3725/3725 2522/2522 3726/3726
f 3726/3726 2522/2522 2524/2524
f 3726/3726 2524/2524 3727/3727
f 3727/3727 2524/2524 2526/2526
f 3727/3727 2526/2526 3728/3728
f 3728/3728 2526/2526 2528/2528
f 3728/3728 2528/2528 3729/3729
f 3729/3729 2528/2528 2530/2530
f 3729/3729 2530/2530 3730/3730
f 3730/3730 2530/2530 2532/2532
f 3730/3730 2532/2532 3731/3731
f 3731/3731 2532/2532 2534/2534
f 3731/3731 2534/2534 3732/3732
f 3732/3732 2534/2534 2536/2536
f 3732/3732 2536/2536 3733/3733
f 3733/3733 2536/2536 2538/2538
f 3733/3733 2538/2538 3734/3734
f 3734/3734 2538/2538 2540/2540
f 3734/3734 2540/2540 3735/3735
f 3735/3735 2540/2540 2542/2542
f 3735/3735 2542/2542 3736/3736
f 3736/3736 2542/2542 2544/2544
f 3736/3736 2544/2544 3737/3737
f 3737/3737 2544/2544 2546/2546
f 3737/3737 2546/2546 3738/3738
f 3738/3738 2546/2546 2548/2548
f 3738/3738 2548/2548 3739/3739
f 3739/3739 2548/2548 2550/2550
f 3739/3739 2550/2550 3740/3740
f 3740/3740 2550/2550 2552/2552
f 3740/3740 2552/2552 3741/3741
f 3741/3741 2552/2552 2554/2554
f 3741/3741 2554/2554 3742/3742
f 3742/3742 2554/2554 2556/2556
f 3742/3742 2556/2556 3959/3959
f 3743/3743 2556/2556 2558/2558
f 3959/3959 2558/2558 3744/3744
f 3744/3744 2558/2558 2560/2560
f 3744/3744 2560/2560 3745/3745
f 3745/3745 2560/2560 2562/2562
f 3745/3745 2562/2562 3746/3746
f 3746/3746 2562/2562 2564/2564
f 3746/3746 2564/2564 3747/3747
f 3747/3747 2564/2564 2566/2566
f 3747/3747 2566/2566 3960/3960
f 3960/3960 2566/2566 2568/2568
f 3960/3960 2568/2568 3749/3749
f 3749/3749 2568/2568 2570/2570
f 3749/3749 2570/2570 3750/3750
f 3750/3750 2570/2570 2572/2572
f 3750/3750 2572/2572 3751/3751
f 3751/3751 2572/2572 2574/2574
f 3751/3751 2574/2574 3752/3752
f 3752/3752 2574/2574 2576/2576
f 3752/3752 2576/2576 3753/3753
f 3753/3753 2576/2576 2578/2578
f 3753/3753 2578/2578 3754/3754
f 3754/3754 2578/2578 2580/2580
f 3754/3754 2580/2580 3755/3755
f 3755/3755 2580/2580 2582/2582
f 3755/3755 2582/2582 3756/3756
f 3756/3756 2582/2582 2584/2584
f 3756/3756 2584/2584 3757/3757
f 3757/3757 2584/2584 2586/2586
f 3757/3757 2586/2586 3758/3758
f 3758/3758 2586/2586 2588/2588
f 3758/3758 2588/2588 3759/3759
f 3759/3759 2588/2588 2590/2590
f 3759/3759 2590/2590 3760/3760
f 3760/3760 2590/2590 2592/2592
f 3760/3760 2592/2592 3761/3761
f 3761/3761 2592/2592 2594/2594
f 3761/3761 2594/2594 3762/3762
f 3762/3762 2594/2594 2596/2596
f 3762/3762 2596/2596 3763/3763
f 3763/3763 2596/2596 2598/2598
f 3763/3763 2598/2598 3764/3764
f 3764/3764 2598/2598 2600/2600
f 3764/3764 2600/2600 3765/3765
f 3765/3765 2600/2600 2602/2602
f 3765/3765 2602/2602 3766/3766
f 3766/3766 2602/2602 2604/2604
f 3766/3766 2604/2604 3767/3767
f 3767/3767 2604/2604 2606/2606
f 3767/3767 2606/2606 3768/3768
f 3768/3768 2606/2606 2608/2608
f 3768/3768 2608/2608 3769/3769
f 3769/3769 2608/2608 2610/2610
f 3769/3769 2610/2610 3770/3770
f 3770/3770 2610/2610 2612/2612
f 3770/3770 2612/2612 3771/3771
f 3771/3771 2612/2612 2614/2614
f 3771/3771 2614/2614 3772/3772
f 3772/3772 2614/2614 2616/2616
f 3772/3772 2616/2616 3773/3773
f 3773/3773 2616/2616 2618/2618
f 3773/3773 2618/2618 3774/3774
f 3774/3774 2618/2618 2620/2620
f 3774/3774 2620/2620 3775/3775
f 3775/3775 2620/2620 2622/2622
f 3775/3775 2622/2622 3776/3776
f 3776/3776 2622/2622 2624/2624
f 3776/3776 2624/2624 3777/3777
f 3777/3777 2624/2624 2626/2626
f 3777/3777 2626/2626 3778/3778
f 3778/3778 2626/2626 2628/2628
f 3778/3778 2628/2628 3779/3779
f 3779/3779 2628/2628 2630/2630
f 3779/3779 2630/2630 3780/3780
f 3780/3780 2630/2630 2632/2632
f 3780/3780 2632/2632 3781/3781
f 3781/3781 2632/2632 2634/2634
f 3781/3781 2634/2634 3782/3782
f 3782/3782 2634/2634 2636/2636
f 3782/3782 2636/2636 3783/3783
f 3783/3783 2636/2636 2638/2638
f 3783/3783 2638/2638 3784/3784
f 3784/3784 2638/2638 2640/2640
f 3784/3784 2640/2640 3785/3785
f 3785/3785 2640/2640 2642/2642
f 3785/3785 2642/2642 3786/3786
f 3786/3786 2642/2642 2644/2644
f 3786/3786 2644/2644 3787/3787
f 3787/3787 2644/2644 2646/2646
f 3787/3787 2646/2646 3788/3788
f 3788/3788 2646/2646 2648/2648
f 3788/3788 2648/2648 3789/3789
f 3789/3789 2648/2648 2650/2650
f 3789/3789 2650/2650 3790/3790
f 3790/3790 2650/2650 2652/2652
f 3790/3790 2652/2652 3791/3791
f 3791/3791 2652/2652 2654/2654
f 3791/3791 2654/2654 3792/3792
f 3792/3792 2654/2654 2656/2656
f 3792/3792 2656/2656 3793/3793
f 3793/3793 2656/2656 2658/2658
f 3793/3793 2658/2658 3794/3794
f 3794/3794 2658/2658 2660/2660
f 3794/3794 2660/2660 3795/3795
f 3795/3795 2660/2660 2662/2662
f 3795/3795 2662/2662 3796/3796
f 3796/3796 2662/2662 2664/2664
f 3796/3796 2664/2664 3797/3797
f 3797/3797 2664/2664 2666/2666
f 3797/3797 2666/2666 3798/3798
f 3798/3798 2666/2666 2668/2668
f 3798/3798 2668/2668 3799/3799
f 3799/3799 2668/2668 2670/2670
f 3799/3799 2670/2670 3800/3800
f 3800/3800 2670/2670 2672/2672
f 3800/3800 2672/2672 3801/3801
f 3801/3801 2672/2672 2674/2674
f 3801/3801 2674/2674 3802/3802
f 3802/3802 2674/2674 2676/2676
f 3802/3802 2676/2676 3803/3803
f 3803/3803 2676/2676 2678/2678
f 3803/3803 2678/2678 3804/3804
f 3804/3804 2678/2678 2680/2680
f 3804/3804 2680/2680 3805/3805
f 3805/3805 2680/2680 2682/2682
f 3805/3805 2682/2682 3806/3806
f 3806/3806 2682/2682 2684/2684
f 3806/3806 2684/2684 3807/3807
f 3807/3807 2684/2684 2686/2686
f 3807/3807 2686/2686 3808/3808
f 3808/3808 2686/2686 2688/2688
f 3808/3808 2688/2688 3809/3809
f 3809/3809 2688/2688 2690/2690
f 3809/3809 2690/2690 3810/3810
f 3810/3810 2690/2690 2692/2692
f 3810/3810 2692/2692 3811/3811
f 3811/3811 2692/2692 2694/2694
f 3811/3811 2694/2694 3812/3812
f 3812/3812 2694/2694 2696/2696
f 3812/3812 2696/2696 3813/3813
f 3813/3813 2696/2696 2698/2698
f 3813/3813 2698/2698 3814/3814
f 3814/3814 2698/2698 2700/2700
f 3814/3814 2700/2700 3815/3815
f 3815/3815 2700/2700 2702/2702
f 3815/3815 2702/2702 3816/3816
f 3816/3816 2702/2702 2704/2704
f 3817/3817 2706/2706 3818/3818
f 3818/3818 2706/2706 2708/2708
f 3818/3818 2708/2708 3819/3819
f 3819/3819 2708/2708 2710/2710
f 3819/3819 2710/2710 3820/3820
f 3820/3820 2710/2710 2712/2712
f 3820/3820 2712/2712 3821/3821
f 3821/3821 2712/2712 2714/2714
f 3821/3821 2714/2714 3822/3822
f 3822/3822 2714/2714 2716/2716
f 3822/3822 2716/2716 3823/3823
f 3823/3823 2716/2716 2718/2718
f 3823/3823 2718/2718 3824/3824
f 3824/3824 2718/2718 2720/2720
f 3824/3824 2720/2720 3825/3825
f 3825/3825 2720/2720 2722/2722
f 3825/3825 2722/2722 3826/3826
f 3826/3826 2722/2722 2724/2724
f 3826/3826 2724/2724 3827/3827
f 3827/3827 2724/2724 2726/2726
f 3827/3827 2726/2726 3828/3828
f 3828/3828 2726/2726 2728/2728
f 3828/3828 2728/2728 3829/3829
f 3829/3829 2728/2728 2730/2730
f 3829/3829 2730/2730 3830/3830
f 3830/3830 2730/2730 2732/2732
f 3830/3830 2732/2732 3831/3831
f 3831/3831 2732/2732 2734/2734
f 3831/3831 2734/2734 3832/3832
f 3832/3832 2734/2734 2736/2736
f 3832/3832 2736/2736 3833/3833
f 3833/3833 2736/2736 2738/2738
f 3833/3833 2738/2738 3834/3834
f 3834/3834 2738/2738 2740/2740
f 3834/3834 2740/2740 3835/3835
f 3835/3835 2740/2740 2742/2742
f 3835/3835 2742/2742 3836/3836
f 3836/3836 2742/2742 2744/2744
f 3836/3836 2744/2744 3837/3837
f 3837/3837 2744/2744 2746/2746
f 3837/3837 2746/2746 3838/3838
f 3838/3838 2746/2746 2748/2748
f 3838/3838 2748/2748 3839/3839
f 3839/3839 2748/2748 2750/2750
f 3839/3839 2750/2750 3840/3840
f 3840/3840 2750/2750 2752/2752
f 3840/3840 2752/2752 3841/3841
f 3841/3841 2752/2752 2754/2754
f 3841/3841 2754/2754 3842/3842
f 3842/3842 2754/2754 2756/2756
f 3842/3842 2756/2756 3843/3843
f 3843/3843 2756/2756 2758/2758
f 3843/3843 2758/2758 3844/3844
f 3844/3844 2758/2758 2760/2760
f 3844/3844 2760/2760 3845/3845
f 3845/3845 2760/2760 2762/2762
f 3845/3845 2762/2762 3846/3846
f 3846/3846 2762/2762 2764/2764
f 3846/3846 2764/2764 3847/3847
f 3847/3847 2764/2764 2766/2766
f 3847/3847 2766/2766 3848/3848
f 3848/3848 2766/2766 2768/2768
f 3848/3848 2768/2768 3849/3849
f 3849/3849 2768/2768 2770/2770
f 3849/3849 2770/2770 3850/3850
f 3850/3850 2770/2770 2772/2772
f 3850/3850 2772/2772 3851/3851
f 3851/3851 2772/2772 2774/2774
f 3851/3851 2774/2774 3852/3852
f 3852/3852 2774/2774 2776/2776
f 3852/3852 2776/2776 3853/3853
f 3853/3853 2776/2776 2778/2778
f 3853/3853 2778/2778 3854/3854
f 3854/3854 2778/2778 2780/2780
f 3854/3854 2780/2780 3855/3855
f 3855/3855 2780/2780 2782/2782
f 3855/3855 2782/2782 3856/3856
f 3856/3856 2782/2782 2784/2784
f 3856/3856 2784/2784 3857/3857
f 3857/3857 2784/2784 2786/2786
f 3857/3857 2786/2786 3858/3858
f 3858/3858 2786/2786 2788/2788
f 3858/3858 2788/2788 3859/3859
f 3859/3859 2788/2788 2790/2790
f 3859/3859 2790/2790 3860/3860
f 3860/3860 2790/2790 2792/2792
f 3860/3860 2792/2792 3861/3861
f 3861/3861 2792/2792 2794/2794
f 3861/3861 2794/2794 3862/3862
f 3862/3862 2794/2794 2796/2796
f 3862/3862 2796/2796 3863/3863
f 3863/3863 2796/2796 2798/2798
f 3863/3863 2798/2798 3864/3864
f 3864/3864 2798/2798 2800/2800
f 3864/3864 2800/2800 3865/3865
f 3865/3865 2800/2800 2802/2802
f 3865/3865 2802/2802 3866/3866
f 3866/3866 2802/2802 2804/2804
f 3866/3866 2804/2804 3867/3867
f 3867/3867 2804/2804 2806/2806
f 3867/3867 2806/2806 3868/3868
f 3868/3868 2806/2806 2808/2808
f 3868/3868 2808/2808 3869/3869
f 3869/3869 2808/2808 2810/2810
f 3869/3869 2810/2810 3870/3870
f 3870/3870 2810/2810 2812/2812
f 3870/3870 2812/2812 3871/3871
f 3871/3871 2812/2812 2814/2814
f 3871/3871 2814/2814 3872/3872
f 3872/3872 2814/2814 2816/2816
f 3872/3872 2816/2816 3873/3873
f 3873/3873 2816/2816 2818/2818
f 3873/3873 2818/2818 3874/3874
f 3874/3874 2818/2818 2820/2820
f 3874/3874 2820/2820 3875/3875
f 3875/3875 2820/2820 2822/2822
f 3875/3875 2822/2822 3876/3876
f 3876/3876 2822/2822 2824/2824
f 3876/3876 2824/2824 3877/3877
f 3877/3877 2824/2824 2826/2826
f 3877/3877 2826/2826 3878/3878
f 3878/3878 2826/2826 2828/2828
f 3878/3878 2828/2828 3879/3879
f 3879/3879 2828/2828 2830/2830
f 3879/3879 2830/2830 3880/3880
f 3880/3880 2830/2830 2832/2832
f 3880/3880 2832/2832 3881/3881
f 3881/3881 2832/2832 2834/2834
f 3881/3881 2834/2834 3882/3882
f 3882/3882 2834/2834 2836/2836
f 3882/3882 2836/2836 3883/3883
f 3883/3883 2836/2836 2838/2838
f 3883/3883 2838/2838 3884/3884
f 3884/3884 2838/2838 2840/2840
f 3884/3884 2840/2840 3885/3885
f 3885/3885 2840/2840 2842/2842
f 3885/3885 2842/2842 3886/3886
f 3886/3886 2842/2842 2844/2844
f 3886/3886 2844/2844 3887/3887
f 3887/3887 2844/2844 2846/2846
f 3887/3887 2846/2846 3888/3888
f 3888/3888 2846/2846 2848/2848
f 3888/3888 2848/2848 3889/3889
f 3889/3889 2848/2848 2850/2850
f 3889/3889 2850/2850 3890/3890
f 3890/3890 2850/2850 2852/2852
f 3890/3890 2852/2852 3891/3891
f 3891/3891 2852/2852 2854/2854
f 3891/3891 2854/2854 3892/3892
f 3892/3892 2854/2854 2856/2856
f 3892/3892 2856/2856 3893/3893
f 3893/3893 2856/2856 2858/2858
f 3893/3893 2858/2858 3894/3894
f 3894/3894 2858/2858 2860/2860
f 3894/3894 2860/2860 3895/3895
f 3895/3895 2860/2860 2862/2862
f 3895/3895 2862/2862 3896/3896
f 3896/3896 2862/2862 2864/2864
f 3896/3896 2864/2864 3897/3897
f 3897/3897 2864/2864 2866/2866
f 3897/3897 2866/2866 3898/3898
f 3898/3898 2866/2866 2868/2868
f 3898/3898 2868/2868 3899/3899
f 3899/3899 2868/2868 2870/2870
f 3899/3899 2870/2870 3900/3900
f 3900/3900 2870/2870 2872/2872
f 3900/3900 2872/2872 3901/3901
f 3901/3901 2872/2872 2874/2874
f 3901/3901 2874/2874 3902/3902
f 3902/3902 2874/2874 2876/2876
f 3902/3902 2876/2876 3903/3903
f 3903/3903 2876/2876 2878/2878
f 3903/3903 2878/2878 3904/3904
f 3904/3904 2878/2878 2880/2880
f 3904/3904 2880/2880 3905/3905
f 3905/3905 2880/2880 2882/2882
f 3905/3905 2882/2882 3906/3906
f 3906/3906 2882/2882 2884/2884
f 3906/3906 2884/2884 3907/3907
f 3907/3907 2884/2884 2886/2886
f 3907/3907 2886/2886 3908/3908
f 3908/3908 2886/2886 2888/2888
f 3908/3908 2888/2888 3909/3909
f 3909/3909 2888/2888 2890/2890
f 3909/3909 2890/2890 3910/3910
f 3910/3910 2890/2890 2892/2892
f 3910/3910 2892/2892 3911/3911
f 3911/3911 2892/2892 2894/2894
f 3911/3911 2894/2894 3912/3912
f 3912/3912 2894/2894 2896/2896
f 3912/3912 2896/2896 3913/3913
f 3913/3913 2896/2896 2898/2898
f 3913/3913 2898/2898 3914/3914
f 3914/3914 2898/2898 2900/2900
f 3914/3914 2900/2900 3915/3915
f 3915/3915 2900/2900 2902/2902
f 3915/3915 2902/2902 3916/3916
f 3916/3916 2902/2902 2904/2904
f 3916/3916 2904/2904 3917/3917
f 3917/3917 2904/2904 2906/2906
f 3917/3917 2906/2906 3918/3918
f 3918/3918 2906/2906 2908/2908
f 3918/3918 2908/2908 3919/3919
f 3919/3919 2908/2908 2910/2910
f 3919/3919 2910/2910 3920/3920
f 3920/3920 2910/2910 2912/2912
f 3920/3920 2912/2912 3921/3921
f 3921/3921 2912/2912 2914/2914
f 3921/3921 2914/2914 3922/3922
f 3922/3922 2914/2914 2916/2916
f 3922/3922 2916/2916 3923/3923
f 3923/3923 2916/2916 2918/2918
f 3923/3923 2918/2918 3924/3924
f 3924/3924 2918/2918 2920/2920
f 3924/3924 2920/2920 3925/3925
f 3925/3925 2920/2920 2922/2922
f 3925/3925 2922/2922 3926/3926
f 3926/3926 2922/2922 2924/2924
f 3926/3926 2924/2924 3927/3927
f 3927/3927 2924/2924 2926/2926
f 3927/3927 2926/2926 3928/3928
f 3928/3928 2926/2926 2928/2928
f 3928/3928 2928/2928 3929/3929
f 3929/3929 2928/2928 2930/2930
f 3929/3929 2930/2930 3930/3930
f 3930/3930 2930/2930 2932/2932
f 3930/3930 2932/2932 3931/3931
f 3931/3931 2932/2932 2934/2934
f 3931/3931 2934/2934 3932/3932
f 3932/3932 2934/2934 2936/2936
f 3932/3932 2936/2936 3933/3933
f 3933/3933 2936/2936 2938/2938
f 3933/3933 2938/2938 3934/3934
f 3934/3934 2938/2938 2940/2940
f 3934/3934 2940/2940 3935/3935
f 3935/3935 2940/2940 2942/2942
f 3935/3935 2942/2942 3936/3936
f 3936/3936 2942/2942 2944/2944
f 3936/3936 2944/2944 3937/3937
f 3937/3937 2944/2944 2946/2946
f 3937/3937 2946/2946 3938/3938
f 3938/3938 2946/2946 2948/2948
f 3938/3938 2948/2948 3350/3350
f 3961/3961 3939/3939 3962/3962
f 3962/3962 3939/3939 3940/3940
f 3962/3962 3940/3940 3963/3963
f 3963/3963 3940/3940 3941/3941
f 3963/3963 3941/3941 3964/3964
f 3964/3964 3941/3941 3942/3942
f 3964/3964 3942/3942 3965/3965
f 3965/3965 3942/3942 3943/3943
f 3965/3965 3943/3943 3966/3966
f 3966/3966 3943/3943 3944/3944
f 3966/3966 3944/3944 3967/3967
f 3967/3967 3944/3944 3945/3945
f 3967/3967 3945/3945 3968/3968
f 3968/3968 3945/3945 3946/3946
f 3968/3968 3946/3946 3969/3969
f 3969/3969 3946/3946 3947/3947
f 3969/3969 3947/3947 3970/3970
f 3970/3970 3947/3947 3948/3948
f 3970/3970 3948/3948 3971/3971
f 3971/3971 3948/3948 3949/3949
f 3971/3971 3949/3949 3972/3972
f 3972/3972 3949/3949 3950/3950
f 3972/3972 3950/3950 3973/3973
f 3973/3973 3950/3950 3951/3951
f 3973/3973 3951/3951 3974/3974
f 3974/3974 3951/3951 3952/3952
f 3974/3974 3952/3952 3975/3975
f 3975/3975 3952/3952 3953/3953
f 3975/3975 3953/3953 3976/3976
f 3976/3976 3953/3953 3954/3954
f 3976/3976 3954/3954 3977/3977
f 3977/3977 3954/3954 3955/3955
f 3977/3977 3955/3955 3978/3978
f 3978/3978 3955/3955 3956/3956
f 3978/3978 3956/3956 3979/3979
f 3979/3979 3956/3956 3957/3957
f 3979/3979 3957/3957 3980/3980
f 3980/3980 3957/3957 3958/3958
f 3980/3980 3958/3958 2989/2989
f 2989/2989 3958/3958 2987/2987
f 2420/2420 3961/3961 2418/2418
f 2418/2418 3961/3961 3962/3962
f 2418/2418 3962/3962 2416/2416
f 2416/2416 3962/3962 3963/3963
f 2416/2416 3963/3963 2414/2414
f 2414/2414 3963/3963 3964/3964
f 2414/2414 3964/3964 2412/2412
f 2412/2412 3964/3964 3965/3965
f 2412/2412 3965/3965 2410/2410
f 2410/2410 3965/3965 3966/3966
f 2410/2410 3966/3966 2408/2408
f 2408/2408 3966/3966 3967/3967
f 2408/2408 3967/3967 2406/2406
f 2406/2406 3967/3967 3968/3968
f 2406/2406 3968/3968 2404/2404
f 2404/2404 3968/3968 3969/3969
f 2404/2404 3969/3969 2402/2402
f 2402/2402 3969/3969 3970/3970
f 2402/2402 3970/3970 2400/2400
f 2400/2400 3970/3970 3971/3971
f 2400/2400 3971/3971 2398/2398
f 2398/2398 3971/3971 3972/3972
f 2398/2398 3972/3972 2396/2396
f 2396/2396 3972/3972 3973/3973
f 2396/2396 3973/3973 2394/2394
f 2394/2394 3973/3973 3974/3974
f 2394/2394 3974/3974 2392/2392
f 2392/2392 3974/3974 3975/3975
f 2392/2392 3975/3975 2390/2390
f 2390/2390 3975/3975 3976/3976
f 2390/2390 3976/3976 2388/2388
f 2388/2388 3976/3976 3977/3977
f 2388/2388 3977/3977 2386/2386
f 2386/2386 3977/3977 3978/3978
f 2386/2386 3978/3978 2384/2384
f 2384/2384 3978/3978 3979/3979
f 2384/2384 3979/3979 2382/2382
f 2382/2382 3979/3979 3980/3980
f 2382/2382 3980/3980 2380/2380
f 2380/2380 3980/3980 2989/2989
f 2992/2992 2378/2378 2988/2988
f 3031/3031 2336/2336 3029/3029
f 3029/3029 2336/2336 2338/2338
f 3029/3029 2338/2338 3028/3028
f 2336/2336 3031/3031 2334/2334
f 2334/2334 3031/3031 3033/3033
f 2334/2334 3033/3033 2332/2332
f 2332/2332 3033/3033 3035/3035
f 2332/2332 3035/3035 2330/2330
f 2330/2330 3035/3035 3037/3037
f 2330/2330 3037/3037 2328/2328
f 2328/2328 3037/3037 3039/3039
f 2328/2328 3039/3039 2326/2326
f 2326/2326 3039/3039 3041/3041
f 2326/2326 3041/3041 2324/2324
f 2324/2324 3041/3041 3043/3043
f 2324/2324 3043/3043 2322/2322
f 2322/2322 3043/3043 3045/3045
f 2322/2322 3045/3045 2320/2320
f 2320/2320 3045/3045 3047/3047
f 2320/2320 3047/3047 2318/2318
f 2318/2318 3047/3047 3049/3049
f 2318/2318 3049/3049 2316/2316
f 2316/2316 3049/3049 3051/3051
f 2316/2316 3051/3051 2314/2314
f 2314/2314 3051/3051 3053/3053
f 2314/2314 3053/3053 2312/2312
f 2312/2312 3053/3053 3055/3055
f 2312/2312 3055/3055 2310/2310
f 2310/2310 3055/3055 3057/3057
f 2310/2310 3057/3057 2308/2308
f 2308/2308 3057/3057 3059/3059
f 2308/2308 3059/3059 2306/2306
f 2306/2306 3059/3059 3061/3061
f 2306/2306 3061/3061 2304/2304
f 2304/2304 3061/3061 3063/3063
f 2304/2304 3063/3063 2302/2302
f 2302/2302 3063/3063 3065/3065
f 2302/2302 3065/3065 2300/2300
f 2300/2300 3065/3065 3067/3067
f 2300/2300 3067/3067 2298/2298
f 2254/2254 2256/2256 3109/3109
f 3109/3109 2256/2256 3108/3108
f 2252/2252 2254/2254 3111/3111
f 3111/3111 2254/2254 3109/3109
f 2250/2250 2252/2252 3113/3113
f 3113/3113 2252/2252 3111/3111
f 2248/2248 2250/2250 3115/3115
f 3115/3115 2250/2250 3113/3113
f 2246/2246 2248/2248 3117/3117
f 3117/3117 2248/2248 3115/3115
f 2244/2244 2246/2246 3119/3119
f 3119/3119 2246/2246 3117/3117
f 2242/2242 2244/2244 3121/3121
f 3121/3121 2244/2244 3119/3119
f 2240/2240 2242/2242 3123/3123
f 3123/3123 2242/2242 3121/3121
f 2238/2238 2240/2240 3125/3125
f 3125/3125 2240/2240 3123/3123
f 2236/2236 2238/2238 3127/3127
f 3127/3127 2238/2238 3125/3125
f 2234/2234 2236/2236 3129/3129
f 3129/3129 2236/2236 3127/3127
f 2232/2232 2234/2234 3131/3131
f 3131/3131 2234/2234 3129/3129
f 2230/2230 2232/2232 3133/3133
f 3133/3133 2232/2232 3131/3131
f 2228/2228 2230/2230 3135/3135
f 3135/3135 2230/2230 3133/3133
f 2226/2226 2228/2228 3137/3137
f 3137/3137 2228/2228 3135/3135
f 2224/2224 2226/2226 3139/3139
f 3139/3139 2226/2226 3137/3137
f 2222/2222 2224/2224 3141/3141
f 3141/3141 2224/2224 3139/3139
f 2220/2220 2222/2222 3143/3143
f 3143/3143 2222/2222 3141/3141
f 2218/2218 2220/2220 3145/3145
f 3145/3145 2220/2220 3143/3143
f 3147/3147 2216/2216 2218/2218
f 3145/3145 3147/3147 2218/2218
f 2174/2174 2176/2176 3188/3188
f 3188/3188 2176/2176 3187/3187
f 2172/2172 2174/2174 3190/3190
f 3190/3190 2174/2174 3188/3188
f 2170/2170 2172/2172 3192/3192
f 3192/3192 2172/2172 3190/3190
f 2168/2168 2170/2170 3194/3194
f 3194/3194 2170/2170 3192/3192
f 2166/2166 2168/2168 3196/3196
f 3196/3196 2168/2168 3194/3194
f 2164/2164 2166/2166 3198/3198
f 3198/3198 2166/2166 3196/3196
f 2162/2162 2164/2164 3200/3200
f 3200/3200 2164/2164 3198/3198
f 2160/2160 2162/2162 3202/3202
f 3202/3202 2162/2162 3200/3200
f 2158/2158 2160/2160 3204/3204
f 3204/3204 2160/2160 3202/3202
f 2156/2156 2158/2158 3206/3206
f 3206/3206 2158/2158 3204/3204
f 2154/2154 2156/2156 3208/3208
f 3208/3208 2156/2156 3206/3206
f 2152/2152 2154/2154 3210/3210
f 3210/3210 2154/2154 3208/3208
f 2150/2150 2152/2152 3212/3212
f 3212/3212 2152/2152 3210/3210
f 2148/2148 2150/2150 3214/3214
f 3214/3214 2150/2150 3212/3212
f 2146/2146 2148/2148 3216/3216
f 3216/3216 2148/2148 3214/3214
f 2144/2144 2146/2146 3218/3218
f 3218/3218 2146/2146 3216/3216
f 2142/2142 2144/2144 3220/3220
f 3220/3220 2144/2144 3218/3218
f 2140/2140 2142/2142 3222/3222
f 3222/3222 2142/2142 3220/3220
f 3981/3981 3982/3982 3983/3983
f 3983/3983 3982/3982 3984/3984
f 3985/3985 3986/3986 3987/3987
f 3987/3987 3986/3986 3988/3988
f 3987/3987 3988/3988 3989/3989
f 3989/3989 3988/3988 3990/3990
f 3989/3989 3990/3990 3991/3991
f 3991/3991 3990/3990 3992/3992
f 3991/3991 3992/3992 3993/3993
f 3993/3993 3992/3992 3994/3994
f 3993/3993 3994/3994 3995/3995
f 3995/3995 3994/3994 3996/3996
f 3995/3995 3996/3996 3997/3997
f 3997/3997 3996/3996 3998/3998
f 3997/3997 3998/3998 3999/3999
f 3999/3999 3998/3998 4000/4000
f 3999/3999 4000/4000 4001/4001
f 4001/4001 4000/4000 4002/4002
f 4001/4001 4002/4002 4003/4003
f 4003/4003 4002/4002 4004/4004
f 4003/4003 4004/4004 4005/4005
f 4005/4005 4004/4004 4006/4006
f 4005/4005 4006/4006 4007/4007
f 4007/4007 4006/4006 4008/4008
f 4007/4007 4008/4008 4009/4009
f 4009/4009 4008/4008 4010/4010
f 4009/4009 4010/4010 4011/4011
f 4011/4011 4010/4010 4012/4012
f 4011/4011 4012/4012 4013/4013
f 4013/4013 4012/4012 4014/4014
f 4013/4013 4014/4014 4015/4015
f 4015/4015 4014/4014 4016/4016
f 4015/4015 4016/4016 4017/4017
f 4017/4017 4016/4016 4018/4018
f 4017/4017 4018/4018 4019/4019
f 4019/4019 4018/4018 4020/4020
f 4019/4019 4020/4020 4021/4021
f 4021/4021 4020/4020 4022/4022
f 4021/4021 4022/4022 4023/4023
f 4023/4023 4022/4022 4024/4024
f 4023/4023 4024/4024 4025/4025
f 4025/4025 4024/4024 4026/4026
f 4025/4025 4026/4026 4027/4027
f 4027/4027 4026/4026 4028/4028
f 4027/4027 4028/4028 4029/4029
f 4029/4029 4028/4028 4030/4030
f 4029/4029 4030/4030 4031/4031
f 4031/4031 4030/4030 4032/4032
f 4031/4031 4032/4032 4033/4033
f 4033/4033 4032/4032 4034/4034
f 4033/4033 4034/4034 4035/4035
f 4035/4035 4034/4034 4036/4036
f 4035/4035 4036/4036 4037/4037
f 4037/4037 4036/4036 4038/4038
f 4037/4037 4038/4038 4039/4039
f 4039/4039 4038/4038 4040/4040
f 4039/4039 4040/4040 4041/4041
f 4041/4041 4040/4040 4042/4042
f 4041/4041 4042/4042 4043/4043
f 4043/4043 4042/4042 4044/4044
f 4043/4043 4044/4044 4045/4045
f 4045/4045 4044/4044 4046/4046
f 4045/4045 4046/4046 4047/4047
f 4047/4047 4046/4046 4048/4048
f 4047/4047 4048/4048 4049/4049
f 4049/4049 4048/4048 4050/4050
f 4049/4049 4050/4050 4051/4051
f 4051/4051 4050/4050 4052/4052
f 4051/4051 4052/4052 4053/4053
f 4053/4053 4052/4052 4054/4054
f 4053/4053 4054/4054 4055/4055
f 4055/4055 4054/4054 4056/4056
f 4055/4055 4056/4056 4057/4057
f 4057/4057 4056/4056 4058/4058
f 4057/4057 4058/4058 4059/4059
f 4059/4059 4058/4058 4060/4060
f 4059/4059 4060/4060 4061/4061
f 4061/4061 4060/4060 4062/4062
f 4061/4061 4062/4062 4063/4063
f 4063/4063 4062/4062 4064/4064
f 4063/4063 4064/4064 4065/4065
f 4065/4065 4064/4064 4066/4066
f 4065/4065 4066/4066 4067/4067
f 4067/4067 4066/4066 4068/4068
f 4067/4067 4068/4068 4069/4069
f 4069/4069 4068/4068 4070/4070
f 4069/4069 4070/4070 4071/4071
f 4071/4071 4070/4070 4072/4072
f 4071/4071 4072/4072 4073/4073
f 4073/4073 4072/4072 4074/4074
f 4073/4073 4074/4074 4075/4075
f 4075/4075 4074/4074 4076/4076
f 4075/4075 4076/4076 4077/4077
f 4077/4077 4076/4076 4078/4078
f 4077/4077 4078/4078 4079/4079
f 4079/4079 4078/4078 4080/4080
f 4079/4079 4080/4080 4081/4081
f 4081/4081 4080/4080 4082/4082
f 4081/4081 4082/4082 4083/4083
f 4083/4083 4082/4082 4084/4084
f 4083/4083 4084/4084 4085/4085
f 4085/4085 4084/4084 4086/4086
f 4085/4085 4086/4086 4087/4087
f 4087/4087 4086/4086 4088/4088
f 4087/4087 4088/4088 4089/4089
f 4089/4089 4088/4088 4090/4090
f 4089/4089 4090/4090 4091/4091
f 4091/4091 4090/4090 4092/4092
f 4091/4091 4092/4092 4093/4093
f 4093/4093 4092/4092 4094/4094
f 4093/4093 4094/4094 4095/4095
f 4095/4095 4094/4094 4096/4096
f 4095/4095 4096/4096 4097/4097
f 4097/4097 4096/4096 4098/4098
f 4097/4097 4098/4098 4099/4099
f 4099/4099 4098/4098 4100/4100
f 4099/4099 4100/4100 4101/4101
f 4101/4101 4100/4100 4102/4102
f 4101/4101 4102/4102 4103/4103
f 4103/4103 4102/4102 4104/4104
f 4103/4103 4104/4104 4105/4105
f 4105/4105 4104/4104 4106/4106
f 4105/4105 4106/4106 4107/4107
f 4107/4107 4106/4106 4108/4108
f 4107/4107 4108/4108 4109/4109
f 4109/4109 4108/4108 4110/4110
f 4109/4109 4110/4110 4111/4111
f 4111/4111 4110/4110 4112/4112
f 4111/4111 4112/4112 4113/4113
f 4113/4113 4112/4112 4114/4114
f 4113/4113 4114/4114 4115/4115
f 4115/4115 4114/4114 4116/4116
f 4115/4115 4116/4116 4117/4117
f 4117/4117 4116/4116 4118/4118
f 4117/4117 4118/4118 4119/4119
f 4119/4119 4118/4118 4120/4120
f 4119/4119 4120/4120 4121/4121
f 4121/4121 4120/4120 4122/4122
f 4121/4121 4122/4122 4123/4123
f 4123/4123 4122/4122 4124/4124
f 4123/4123 4124/4124 4125/4125
f 4125/4125 4124/4124 4126/4126
f 4125/4125 4126/4126 4127/4127
f 4127/4127 4126/4126 4128/4128
f 4127/4127 4128/4128 4129/4129
f 4129/4129 4128/4128 4130/4130
f 4129/4129 4130/4130 4131/4131
f 4131/4131 4130/4130 4132/4132
f 4131/4131 4132/4132 4133/4133
f 4133/4133 4132/4132 4134/4134
f 4133/4133 4134/4134 4135/4135
f 4135/4135 4134/4134 4136/4136
f 4135/4135 4137/4137 4138/4138
f 4138/4138 4137/4137 4139/4139
f 4138/4138 4139/4139 4140/4140
f 4140/4140 4139/4139 4141/4141
f 4140/4140 4141/4141 4142/4142
f 4142/4142 4141/4141 4143/4143
f 4142/4142 4143/4143 4144/4144
f 4144/4144 4143/4143 4145/4145
f 4144/4144 4145/4145 4146/4146
f 4146/4146 4145/4145 4147/4147
f 4146/4146 4147/4147 4148/4148
f 4148/4148 4147/4147 4149/4149
f 4148/4148 4149/4149 4150/4150
f 4150/4150 4149/4149 4151/4151
f 4150/4150 4151/4151 4152/4152
f 4152/4152 4151/4151 4153/4153
f 4152/4152 4153/4153 4154/4154
f 4154/4154 4153/4153 4155/4155
f 4154/4154 4155/4155 4156/4156
f 4156/4156 4155/4155 4157/4157
f 4156/4156 4157/4157 4158/4158
f 4158/4158 4157/4157 4159/4159
f 4158/4158 4159/4159 4160/4160
f 4160/4160 4159/4159 4161/4161
f 4160/4160 4161/4161 4162/4162
f 4162/4162 4161/4161 4163/4163
f 4162/4162 4163/4163 4164/4164
f 4164/4164 4163/4163 4165/4165
f 4164/4164 4165/4165 4166/4166
f 4166/4166 4165/4165 4167/4167
f 4166/4166 4167/4167 4168/4168
f 4168/4168 4167/4167 4169/4169
f 4168/4168 4169/4169 4170/4170
f 4170/4170 4169/4169 4171/4171
f 4170/4170 4171/4171 4172/4172
f 4172/4172 4171/4171 4173/4173
f 4172/4172 4173/4173 4174/4174
f 4174/4174 4173/4173 4175/4175
f 4174/4174 4175/4175 4176/4176
f 4176/4176 4175/4175 4177/4177
f 4176/4176 4177/4177 4178/4178
f 4178/4178 4177/4177 4179/4179
f 4178/4178 4179/4179 4180/4180
f 4180/4180 4179/4179 4181/4181
f 4180/4180 4181/4181 4182/4182
f 4182/4182 4181/4181 4183/4183
f 4182/4182 4183/4183 4184/4184
f 4184/4184 4183/4183 4185/4185
f 4184/4184 4185/4185 4186/4186
f 4186/4186 4185/4185 4187/4187
f 4186/4186 4187/4187 4188/4188
f 4188/4188 4187/4187 4189/4189
f 4188/4188 4189/4189 4190/4190
f 4190/4190 4189/4189 4191/4191
f 4190/4190 4191/4191 4192/4192
f 4192/4192 4191/4191 4193/4193
f 4192/4192 4193/4193 4194/4194
f 4194/4194 4193/4193 4195/4195
f 4194/4194 4195/4195 4196/4196
f 4196/4196 4195/4195 4197/4197
f 4196/4196 4197/4197 4198/4198
f 4198/4198 4197/4197 4199/4199
f 4198/4198 4199/4199 4200/4200
f 4200/4200 4199/4199 4201/4201
f 4200/4200 4201/4201 4202/4202
f 4202/4202 4201/4201 4203/4203
f 4202/4202 4203/4203 4204/4204
f 4204/4204 4203/4203 4205/4205
f 4204/4204 4205/4205 4206/4206
f 4206/4206 4205/4205 4207/4207
f 4206/4206 4207/4207 4208/4208
f 4208/4208 4207/4207 4209/4209
f 4208/4208 4209/4209 4210/4210
f 4210/4210 4209/4209 4211/4211
f 4210/4210 4211/4211 4212/4212
f 4212/4212 4211/4211 4213/4213
f 4212/4212 4213/4213 4214/4214
f 4214/4214 4213/4213 4215/4215
f 4214/4214 4215/4215 4216/4216
f 4216/4216 4215/4215 4217/4217
f 4216/4216 4217/4217 4218/4218
f 4218/4218 4217/4217 4219/4219
f 4218/4218 4219/4219 4220/4220
f 4220/4220 4219/4219 4221/4221
f 4220/4220 4221/4221 4222/4222
f 4222/4222 4221/4221 4223/4223
f 4222/4222 4223/4223 4224/4224
f 4224/4224 4223/4223 4225/4225
f 4224/4224 4225/4225 4226/4226
f 4226/4226 4225/4225 4227/4227
f 4226/4226 4227/4227 4228/4228
f 4228/4228 4227/4227 4229/4229
f 4228/4228 4229/4229 4230/4230
f 4230/4230 4229/4229 4231/4231
f 4230/4230 4231/4231 4232/4232
f 4232/4232 4231/4231 4233/4233
f 4232/4232 4233/4233 4234/4234
f 4234/4234 4233/4233 4235/4235
f 4234/4234 4235/4235 4236/4236
f 4236/4236 4235/4235 4237/4237
f 4236/4236 4237/4237 4238/4238
f 4238/4238 4237/4237 4239/4239
f 4238/4238 4239/4239 4240/4240
f 4240/4240 4239/4239 4241/4241
f 4240/4240 4241/4241 4242/4242
f 4242/4242 4241/4241 4243/4243
f 4242/4242 4243/4243 4244/4244
f 4244/4244 4243/4243 4245/4245
f 4244/4244 4245/4245 4246/4246
f 4246/4246 4245/4245 4247/4247
f 4246/4246 4247/4247 4248/4248
f 4248/4248 4247/4247 4249/4249
f 4248/4248 4249/4249 4250/4250
f 4250/4250 4249/4249 4251/4251
f 4250/4250 4251/4251 4252/4252
f 4252/4252 4251/4251 4253/4253
f 4252/4252 4253/4253 4254/4254
f 4254/4254 4253/4253 4255/4255
f 4254/4254 4255/4255 4256/4256
f 4256/4256 4255/4255 4257/4257
f 4256/4256 4257/4257 4258/4258
f 4258/4258 4257/4257 4259/4259
f 4258/4258 4259/4259 4260/4260
f 4260/4260 4259/4259 4261/4261
f 4260/4260 4261/4261 4262/4262
f 4262/4262 4261/4261 4263/4263
f 4262/4262 4263/4263 4264/4264
f 4264/4264 4263/4263 4265/4265
f 4264/4264 4265/4265 4266/4266
f 4266/4266 4265/4265 4267/4267
f 4266/4266 4267/4267 4268/4268
f 4268/4268 4267/4267 4269/4269
f 4270/4270 4271/4271 4272/4272
f 4272/4272 4271/4271 4273/4273
f 4272/4272 4273/4273 4274/4274
f 4274/4274 4273/4273 4275/4275
f 4274/4274 4275/4275 4276/4276
f 4276/4276 4275/4275 4277/4277
f 4276/4276 4277/4277 4278/4278
f 4278/4278 4277/4277 4279/4279
f 4278/4278 4279/4279 4280/4280
f 4280/4280 4279/4279 4281/4281
f 4280/4280 4281/4281 4282/4282
f 4282/4282 4281/4281 4283/4283
f 4282/4282 4283/4283 4284/4284
f 4284/4284 4283/4283 4285/4285
f 4284/4284 4285/4285 4286/4286
f 4286/4286 4285/4285 4287/4287
f 4286/4286 4287/4287 4288/4288
f 4288/4288 4287/4287 4289/4289
f 4288/4288 4289/4289 4290/4290
f 4290/4290 4289/4289 4291/4291
f 4290/4290 4291/4291 4292/4292
f 4292/4292 4291/4291 4293/4293
f 4292/4292 4293/4293 4294/4294
f 4294/4294 4293/4293 4295/4295
f 4294/4294 4295/4295 4296/4296
f 4296/4296 4295/4295 4297/4297
f 4296/4296 4297/4297 4298/4298
f 4298/4298 4297/4297 4299/4299
f 4298/4298 4299/4299 4300/4300
f 4300/4300 4299/4299 4301/4301
f 4300/4300 4301/4301 4302/4302
f 4302/4302 4301/4301 4303/4303
f 4302/4302 4303/4303 4304/4304
f 4304/4304 4303/4303 4305/4305
f 4304/4304 4305/4305 4306/4306
f 4306/4306 4305/4305 4307/4307
f 4306/4306 4307/4307 4308/4308
f 4308/4308 4307/4307 4309/4309
f 4308/4308 4309/4309 4310/4310
f 4310/4310 4309/4309 4311/4311
f 4310/4310 4311/4311 4312/4312
f 4312/4312 4311/4311 4313/4313
f 4312/4312 4313/4313 4314/4314
f 4314/4314 4313/4313 4315/4315
f 4314/4314 4315/4315 4316/4316
f 4316/4316 4315/4315 4317/4317
f 4316/4316 4317/4317 4318/4318
f 4318/4318 4317/4317 4319/4319
f 4318/4318 4319/4319 4320/4320
f 4320/4320 4319/4319 4321/4321
f 4320/4320 4321/4321 4322/4322
f 4322/4322 4321/4321 4323/4323
f 4322/4322 4323/4323 4324/4324
f 4324/4324 4323/4323 4325/4325
f 4324/4324 4325/4325 4326/4326
f 4326/4326 4325/4325 4327/4327
f 4326/4326 4327/4327 4328/4328
f 4328/4328 4327/4327 4329/4329
f 4328/4328 4329/4329 4330/4330
f 4330/4330 4329/4329 4331/4331
f 4330/4330 4331/4331 4332/4332
f 4332/4332 4331/4331 4333/4333
f 4332/4332 4333/4333 4334/4334
f 4334/4334 4333/4333 4335/4335
f 4334/4334 4335/4335 4336/4336
f 4336/4336 4335/4335 4337/4337
f 4336/4336 4337/4337 4338/4338
f 4338/4338 4337/4337 4339/4339
f 4338/4338 4339/4339 4340/4340
f 4340/4340 4339/4339 4341/4341
f 4340/4340 4341/4341 4342/4342
f 4342/4342 4341/4341 4343/4343
f 4342/4342 4343/4343 4344/4344
f 4344/4344 4343/4343 4345/4345
f 4344/4344 4345/4345 4346/4346
f 4346/4346 4345/4345 4347/4347
f 4346/4346 4347/4347 4348/4348
f 4348/4348 4347/4347 4349/4349
f 4348/4348 4349/4349 4350/4350
f 4350/4350 4349/4349 4351/4351
f 4350/4350 4351/4351 4352/4352
f 4352/4352 4351/4351 4353/4353
f 4352/4352 4353/4353 4354/4354
f 4354/4354 4353/4353 4355/4355
f 4354/4354 4355/4355 4356/4356
f 4356/4356 4355/4355 4357/4357
f 4356/4356 4357/4357 4358/4358
f 4358/4358 4357/4357 4359/4359
f 4358/4358 4359/4359 4360/4360
f 4360/4360 4359/4359 4361/4361
f 4360/4360 4361/4361 4362/4362
f 4362/4362 4361/4361 4363/4363
f 4362/4362 4363/4363 4364/4364
f 4364/4364 4363/4363 4365/4365
f 4364/4364 4365/4365 4366/4366
f 4366/4366 4365/4365 4367/4367
f 4366/4366 4367/4367 4368/4368
f 4368/4368 4367/4367 4369/4369
f 4368/4368 4369/4369 4370/4370
f 4370/4370 4369/4369 4371/4371
f 4370/4370 4371/4371 4372/4372
f 4372/4372 4371/4371 4373/4373
f 4372/4372 4373/4373 4374/4374
f 4374/4374 4373/4373 4375/4375
f 4374/4374 4375/4375 4376/4376
f 4376/4376 4375/4375 4377/4377
f 4376/4376 4377/4377 4378/4378
f 4378/4378 4377/4377 4379/4379
f 4378/4378 4379/4379 4380/4380
f 4380/4380 4379/4379 4381/4381
f 4380/4380 4381/4381 4382/4382
f 4382/4382 4381/4381 4383/4383
f 4382/4382 4383/4383 4384/4384
f 4384/4384 4383/4383 4385/4385
f 4384/4384 4385/4385 4386/4386
f 4386/4386 4385/4385 4387/4387
f 4386/4386 4387/4387 4388/4388
f 4388/4388 4387/4387 4389/4389
f 4388/4388 4389/4389 4390/4390
f 4390/4390 4389/4389 4391/4391
f 4390/4390 4391/4391 4392/4392
f 4392/4392 4391/4391 4393/4393
f 4392/4392 4393/4393 4394/4394
f 4394/4394 4393/4393 4395/4395
f 4394/4394 4395/4395 4396/4396
f 4396/4396 4395/4395 4397/4397
f 4396/4396 4397/4397 4398/4398
f 4398/4398 4397/4397 4399/4399
f 4398/4398 4399/4399 4400/4400
f 4400/4400 4399/4399 4401/4401
f 4400/4400 4401/4401 4402/4402
f 4402/4402 4401/4401 4403/4403
f 4402/4402 4403/4403 4404/4404
f 4404/4404 4403/4403 4405/4405
f 4404/4404 4405/4405 4406/4406
f 4406/4406 4405/4405 4407/4407
f 4406/4406 4407/4407 4408/4408
f 4408/4408 4407/4407 4409/4409
f 4408/4408 4409/4409 4410/4410
f 4410/4410 4409/4409 4411/4411
f 4410/4410 4411/4411 4412/4412
f 4412/4412 4411/4411 4413/4413
f 4412/4412 4413/4413 4414/4414
f 4414/4414 4413/4413 4415/4415
f 4414/4414 4415/4415 4416/4416
f 4416/4416 4415/4415 4417/4417
f 4416/4416 4417/4417 4418/4418
f 4418/4418 4417/4417 4419/4419
f 4418/4418 4419/4419 4420/4420
f 4420/4420 4419/4419 4421/4421
f 4420/4420 4421/4421 4422/4422
f 4422/4422 4421/4421 4423/4423
f 4422/4422 4423/4423 4424/4424
f 4424/4424 4423/4423 4425/4425
f 4424/4424 4425/4425 4426/4426
f 4426/4426 4425/4425 4427/4427
f 4426/4426 4427/4427 4428/4428
f 4428/4428 4427/4427 4429/4429
f 4428/4428 4429/4429 4430/4430
f 4430/4430 4429/4429 4431/4431
f 4430/4430 4431/4431 4432/4432
f 4432/4432 4431/4431 4433/4433
f 4432/4432 4433/4433 4434/4434
f 4434/4434 4433/4433 4435/4435
f 4434/4434 4435/4435 4436/4436
f 4436/4436 4435/4435 4437/4437
f 4436/4436 4437/4437 4438/4438
f 4438/4438 4437/4437 4439/4439
f 4438/4438 4439/4439 4440/4440
f 4440/4440 4439/4439 4441/4441
f 4440/4440 4441/4441 4442/4442
f 4442/4442 4441/4441 4443/4443
f 4442/4442 4443/4443 4444/4444
f 4444/4444 4443/4443 4445/4445
f 4444/4444 4445/4445 4446/4446
f 4446/4446 4445/4445 4447/4447
f 4446/4446 4447/4447 4448/4448
f 4448/4448 4447/4447 4449/4449
f 4448/4448 4449/4449 4450/4450
f 4450/4450 4449/4449 4451/4451
f 4450/4450 4451/4451 4452/4452
f 4452/4452 4451/4451 4453/4453
f 4452/4452 4453/4453 4454/4454
f 4454/4454 4453/4453 4455/4455
f 4454/4454 4455/4455 4456/4456
f 4456/4456 4455/4455 4457/4457
f 4456/4456 4457/4457 4458/4458
f 4458/4458 4457/4457 4459/4459
f 4458/4458 4459/4459 4460/4460
f 4460/4460 4459/4459 4461/4461
f 4460/4460 4461/4461 4462/4462
f 4462/4462 4461/4461 4463/4463
f 4462/4462 4463/4463 4464/4464
f 4464/4464 4463/4463 4465/4465
f 4464/4464 4465/4465 4466/4466
f 4466/4466 4465/4465 4467/4467
f 4466/4466 4467/4467 4468/4468
f 4468/4468 4467/4467 4469/4469
f 4468/4468 4469/4469 4470/4470
f 4470/4470 4469/4469 4471/4471
f 4470/4470 4471/4471 4472/4472
f 4472/4472 4471/4471 4473/4473
f 4472/4472 4473/4473 4474/4474
f 4474/4474 4473/4473 4475/4475
f 4474/4474 4475/4475 4476/4476
f 4476/4476 4475/4475 4477/4477
f 4476/4476 4477/4477 4478/4478
f 4478/4478 4477/4477 4479/4479
f 4478/4478 4479/4479 4480/4480
f 4480/4480 4479/4479 4481/4481
f 4480/4480 4481/4481 4482/4482
f 4482/4482 4481/4481 4483/4483
f 4482/4482 4483/4483 4484/4484
f 4484/4484 4483/4483 4485/4485
f 4484/4484 4485/4485 4486/4486
f 4486/4486 4485/4485 4487/4487
f 4486/4486 4487/4487 4488/4488
f 4488/4488 4487/4487 4489/4489
f 4488/4488 4489/4489 4490/4490
f 4490/4490 4489/4489 4491/4491
f 4490/4490 4491/4491 4492/4492
f 4492/4492 4491/4491 4493/4493
f 4492/4492 4493/4493 4494/4494
f 4494/4494 4493/4493 4495/4495
f 4494/4494 4495/4495 4496/4496
f 4496/4496 4495/4495 4497/4497
f 4496/4496 4497/4497 4498/4498
f 4498/4498 4497/4497 4499/4499
f 4498/4498 4499/4499 4500/4500
f 4500/4500 4499/4499 4501/4501
f 4500/4500 4501/4501 4502/4502
f 4502/4502 4501/4501 4503/4503
f 4502/4502 4503/4503 4504/4504
f 4504/4504 4503/4503 4505/4505
f 4504/4504 4505/4505 4506/4506
f 4506/4506 4505/4505 4507/4507
f 4506/4506 4507/4507 4508/4508
f 4508/4508 4507/4507 4509/4509
f 4508/4508 4509/4509 4510/4510
f 4510/4510 4509/4509 4511/4511
f 4510/4510 4511/4511 4512/4512
f 4512/4512 4511/4511 4513/4513
f 4512/4512 4513/4513 4514/4514
f 4514/4514 4513/4513 4515/4515
f 4514/4514 4515/4515 4516/4516
f 4516/4516 4515/4515 4517/4517
f 4516/4516 4517/4517 4518/4518
f 4518/4518 4517/4517 4519/4519
f 4518/4518 4519/4519 4520/4520
f 4520/4520 4519/4519 4521/4521
f 4520/4520 4521/4521 4522/4522
f 4522/4522 4521/4521 4523/4523
f 4522/4522 4523/4523 4524/4524
f 4524/4524 4523/4523 4525/4525
f 4524/4524 4525/4525 4526/4526
f 4526/4526 4525/4525 4527/4527
f 4526/4526 4527/4527 4528/4528
f 4528/4528 4527/4527 4529/4529
f 4528/4528 4529/4529 4530/4530
f 4530/4530 4529/4529 4531/4531
f 4530/4530 4531/4531 4532/4532
f 4532/4532 4531/4531 4533/4533
f 4532/4532 4533/4533 4534/4534
f 4534/4534 4533/4533 4535/4535
f 4534/4534 4535/4535 4536/4536
f 4536/4536 4535/4535 4537/4537
f 4536/4536 4537/4537 4538/4538
f 4538/4538 4537/4537 4539/4539
f 4538/4538 4539/4539 4540/4540
f 4540/4540 4539/4539 4541/4541
f 4540/4540 4541/4541 4542/4542
f 4542/4542 4541/4541 4543/4543
f 4542/4542 4543/4543 4544/4544
f 4544/4544 4543/4543 4545/4545
f 4544/4544 4545/4545 4546/4546
f 4546/4546 4545/4545 4547/4547
f 4546/4546 4547/4547 4548/4548
f 4548/4548 4547/4547 4549/4549
f 4548/4548 4549/4549 4550/4550
f 4550/4550 4549/4549 4551/4551
f 4550/4550 4551/4551 4552/4552
f 4552/4552 4551/4551 4553/4553
f 4554/4554 4555/4555 4556/4556
f 4556/4556 4555/4555 4557/4557
f 4556/4556 4557/4557 4558/4558
f 4558/4558 4557/4557 4559/4559
f 4558/4558 4559/4559 4560/4560
f 4560/4560 4559/4559 4561/4561
f 4560/4560 4561/4561 4562/4562
f 4562/4562 4561/4561 4563/4563
f 4562/4562 4563/4563 4564/4564
f 4564/4564 4563/4563 4565/4565
f 4564/4564 4565/4565 4566/4566
f 4566/4566 4565/4565 4567/4567
f 4566/4566 4567/4567 4568/4568
f 4568/4568 4567/4567 4569/4569
f 4568/4568 4569/4569 4570/4570
f 4570/4570 4569/4569 4571/4571
f 4570/4570 4571/4571 4572/4572
f 4572/4572 4571/4571 4573/4573
f 4572/4572 4573/4573 4574/4574
f 4574/4574 4573/4573 4575/4575
f 4574/4574 4575/4575 4576/4576
f 4576/4576 4575/4575 4577/4577
f 4576/4576 4577/4577 4578/4578
f 4578/4578 4577/4577 4579/4579
f 4578/4578 4579/4579 4580/4580
f 4580/4580 4579/4579 4581/4581
f 4580/4580 4581/4581 4582/4582
f 4582/4582 4581/4581 4583/4583
f 4582/4582 4583/4583 4584/4584
f 4584/4584 4583/4583 4585/4585
f 4584/4584 4585/4585 4586/4586
f 4586/4586 4585/4585 4587/4587
f 4586/4586 4587/4587 4588/4588
f 4588/4588 4587/4587 4589/4589
f 4588/4588 4589/4589 4590/4590
f 4590/4590 4589/4589 4591/4591
f 4590/4590 4591/4591 4592/4592
f 4592/4592 4591/4591 4593/4593
f 4592/4592 4593/4593 4594/4594
f 4594/4594 4593/4593 4595/4595
f 4594/4594 4595/4595 4596/4596
f 4596/4596 4595/4595 4597/4597
f 4596/4596 4597/4597 4598/4598
f 4598/4598 4597/4597 4599/4599
f 4598/4598 4599/4599 4600/4600
f 4600/4600 4599/4599 4601/4601
f 4600/4600 4601/4601 4602/4602
f 4602/4602 4601/4601 4603/4603
f 4602/4602 4603/4603 4604/4604
f 4604/4604 4603/4603 4605/4605
f 4604/4604 4605/4605 4606/4606
f 4606/4606 4605/4605 4607/4607
f 4606/4606 4607/4607 4608/4608
f 4608/4608 4607/4607 4609/4609
f 4608/4608 4609/4609 4610/4610
f 4610/4610 4609/4609 4611/4611
f 4610/4610 4611/4611 4612/4612
f 4612/4612 4611/4611 4613/4613
f 4612/4612 4613/4613 4614/4614
f 4614/4614 4613/4613 4615/4615
f 4614/4614 4615/4615 4616/4616
f 4616/4616 4615/4615 4617/4617
f 4616/4616 4617/4617 4618/4618
f 4618/4618 4617/4617 4619/4619
f 4618/4618 4619/4619 4620/4620
f 4620/4620 4619/4619 4621/4621
f 4620/4620 4621/4621 4622/4622
f 4622/4622 4621/4621 4623/4623
f 4622/4622 4623/4623 4624/4624
f 4624/4624 4623/4623 4625/4625
f 4624/4624 4625/4625 4626/4626
f 4626/4626 4625/4625 4627/4627
f 4626/4626 4627/4627 4628/4628
f 4628/4628 4627/4627 4629/4629
f 4628/4628 4629/4629 4630/4630
f 4630/4630 4629/4629 4631/4631
f 4630/4630 4631/4631 4632/4632
f 4632/4632 4631/4631 4633/4633
f 4632/4632 4633/4633 4634/4634
f 4634/4634 4633/4633 4635/4635
f 4634/4634 4635/4635 4636/4636
f 4636/4636 4635/4635 4637/4637
f 4636/4636 4637/4637 4638/4638
f 4638/4638 4637/4637 4639/4639
f 4638/4638 4639/4639 4640/4640
f 4640/4640 4639/4639 4641/4641
f 4640/4640 4641/4641 4642/4642
f 4642/4642 4641/4641 4643/4643
f 4642/4642 4643/4643 4644/4644
f 4644/4644 4643/4643 4645/4645
f 4644/4644 4645/4645 4646/4646
f 4646/4646 4645/4645 4647/4647
f 4646/4646 4647/4647 4648/4648
f 4648/4648 4647/4647 4649/4649
f 4648/4648 4649/4649 4650/4650
f 4650/4650 4649/4649 4651/4651
f 4650/4650 4651/4651 4652/4652
f 4652/4652 4651/4651 4653/4653
f 4652/4652 4653/4653 4654/4654
f 4654/4654 4653/4653 4655/4655
f 4654/4654 4655/4655 4656/4656
f 4656/4656 4655/4655 4657/4657
f 4656/4656 4657/4657 4658/4658
f 4658/4658 4657/4657 4659/4659
f 4658/4658 4659/4659 4660/4660
f 4660/4660 4659/4659 4661/4661
f 4660/4660 4661/4661 4662/4662
f 4662/4662 4661/4661 4663/4663
f 4662/4662 4663/4663 4664/4664
f 4664/4664 4663/4663 4665/4665
f 4664/4664 4665/4665 4666/4666
f 4666/4666 4665/4665 4667/4667
f 4666/4666 4667/4667 4668/4668
f 4668/4668 4667/4667 4669/4669
f 4668/4668 4669/4669 4670/4670
f 4670/4670 4669/4669 4671/4671
f 4670/4670 4671/4671 4672/4672
f 4672/4672 4671/4671 4673/4673
f 4672/4672 4673/4673 4674/4674
f 4674/4674 4673/4673 4675/4675
f 4674/4674 4675/4675 4676/4676
f 4676/4676 4675/4675 4677/4677
f 4676/4676 4677/4677 4678/4678
f 4678/4678 4677/4677 4679/4679
f 4678/4678 4679/4679 4680/4680
f 4680/4680 4679/4679 4681/4681
f 4680/4680 4681/4681 4682/4682
f 4682/4682 4681/4681 4683/4683
f 4682/4682 4683/4683 4684/4684
f 4684/4684 4683/4683 4685/4685
f 4684/4684 4685/4685 4686/4686
f 4686/4686 4685/4685 4687/4687
f 4686/4686 4687/4687 4688/4688
f 4688/4688 4687/4687 4689/4689
f 4688/4688 4689/4689 4690/4690
f 4690/4690 4689/4689 4691/4691
f 4690/4690 4691/4691 4692/4692
f 4692/4692 4691/4691 4693/4693
f 4692/4692 4693/4693 4694/4694
f 4694/4694 4693/4693 4695/4695
f 4694/4694 4695/4695 4696/4696
f 4696/4696 4695/4695 4697/4697
f 4696/4696 4697/4697 4698/4698
f 4698/4698 4697/4697 4699/4699
f 4698/4698 4699/4699 4700/4700
f 4700/4700 4699/4699 4701/4701
f 4700/4700 4701/4701 4702/4702
f 4702/4702 4701/4701 4703/4703
f 4702/4702 4703/4703 4704/4704
f 4704/4704 4703/4703 4705/4705
f 4704/4704 4705/4705 4706/4706
f 4706/4706 4705/4705 4707/4707
f 4706/4706 4707/4707 4708/4708
f 4708/4708 4707/4707 4709/4709
f 4708/4708 4709/4709 4710/4710
f 4710/4710 4709/4709 4711/4711
f 4710/4710 4711/4711 4712/4712
f 4712/4712 4711/4711 4713/4713
f 4712/4712 4713/4713 4714/4714
f 4714/4714 4713/4713 4715/4715
f 4714/4714 4715/4715 4716/4716
f 4716/4716 4715/4715 4717/4717
f 4716/4716 4717/4717 4718/4718
f 4718/4718 4717/4717 4719/4719
f 4718/4718 4719/4719 4720/4720
f 4720/4720 4719/4719 4721/4721
f 4720/4720 4721/4721 4722/4722
f 4722/4722 4721/4721 4723/4723
f 4722/4722 4723/4723 4724/4724
f 4724/4724 4723/4723 4725/4725
f 4724/4724 4725/4725 4726/4726
f 4726/4726 4725/4725 4727/4727
f 4726/4726 4727/4727 4728/4728
f 4728/4728 4727/4727 4729/4729
f 4728/4728 4729/4729 4730/4730
f 4730/4730 4729/4729 4731/4731
f 4730/4730 4731/4731 4732/4732
f 4732/4732 4731/4731 4733/4733
f 4732/4732 4733/4733 4734/4734
f 4734/4734 4733/4733 4735/4735
f 4734/4734 4735/4735 4736/4736
f 4736/4736 4735/4735 4737/4737
f 4736/4736 4737/4737 4738/4738
f 4738/4738 4737/4737 4739/4739
f 4738/4738 4739/4739 4740/4740
f 4740/4740 4739/4739 4741/4741
f 4740/4740 4741/4741 4742/4742
f 4742/4742 4741/4741 4743/4743
f 4742/4742 4743/4743 4744/4744
f 4744/4744 4743/4743 4745/4745
f 4744/4744 4745/4745 4746/4746
f 4746/4746 4745/4745 4747/4747
f 4746/4746 4747/4747 4748/4748
f 4748/4748 4747/4747 4749/4749
f 4748/4748 4749/4749 4750/4750
f 4750/4750 4749/4749 4751/4751
f 4750/4750 4751/4751 4752/4752
f 4752/4752 4751/4751 4753/4753
f 4752/4752 4753/4753 4754/4754
f 4754/4754 4753/4753 4755/4755
f 4754/4754 4755/4755 4756/4756
f 4756/4756 4755/4755 4757/4757
f 4756/4756 4757/4757 4758/4758
f 4758/4758 4757/4757 4759/4759
f 4758/4758 4759/4759 4760/4760
f 4760/4760 4759/4759 4761/4761
f 4760/4760 4761/4761 4762/4762
f 4762/4762 4761/4761 4763/4763
f 4762/4762 4763/4763 4764/4764
f 4764/4764 4763/4763 4765/4765
f 4764/4764 4765/4765 4766/4766
f 4766/4766 4765/4765 4767/4767
f 4766/4766 4767/4767 4768/4768
f 4768/4768 4767/4767 4769/4769
f 4768/4768 4769/4769 4770/4770
f 4770/4770 4769/4769 4771/4771
f 4770/4770 4771/4771 4772/4772
f 4772/4772 4771/4771 4773/4773
f 4772/4772 4773/4773 4774/4774
f 4774/4774 4773/4773 4775/4775
f 4774/4774 4775/4775 4776/4776
f 4776/4776 4775/4775 4777/4777
f 4776/4776 4777/4777 4778/4778
f 4778/4778 4777/4777 4779/4779
f 4778/4778 4779/4779 4780/4780
f 4780/4780 4779/4779 4781/4781
f 4780/4780 4781/4781 4782/4782
f 4782/4782 4781/4781 4783/4783
f 4782/4782 4783/4783 4784/4784
f 4784/4784 4783/4783 4785/4785
f 4784/4784 4785/4785 4786/4786
f 4786/4786 4785/4785 4787/4787
f 4786/4786 4787/4787 4788/4788
f 4788/4788 4787/4787 4789/4789
f 4788/4788 4789/4789 4790/4790
f 4790/4790 4789/4789 4791/4791
f 4790/4790 4791/4791 4792/4792
f 4792/4792 4791/4791 4793/4793
f 4792/4792 4793/4793 4794/4794
f 4794/4794 4793/4793 4795/4795
f 4794/4794 4795/4795 4796/4796
f 4796/4796 4795/4795 4797/4797
f 4796/4796 4797/4797 4798/4798
f 3982/3982 3981/3981 4799/4799
f 4799/4799 3981/3981 4800/4800
f 4799/4799 4800/4800 4801/4801
f 4801/4801 4800/4800 4802/4802
f 4801/4801 4802/4802 4803/4803
f 4803/4803 4802/4802 4804/4804
f 4803/4803 4804/4804 4805/4805
f 4805/4805 4804/4804 4806/4806
f 4805/4805 4806/4806 4807/4807
f 4807/4807 4806/4806 4808/4808
f 4807/4807 4808/4808 4809/4809
f 4809/4809 4808/4808 4810/4810
f 4809/4809 4810/4810 4811/4811
f 4811/4811 4810/4810 4812/4812
f 4811/4811 4812/4812 4813/4813
f 4813/4813 4812/4812 4814/4814
f 4813/4813 4814/4814 4815/4815
f 4815/4815 4814/4814 4816/4816
f 4815/4815 4816/4816 4817/4817
f 4817/4817 4816/4816 4818/4818
f 4817/4817 4818/4818 4819/4819
f 4819/4819 4818/4818 4820/4820
f 4819/4819 4820/4820 4821/4821
f 4821/4821 4820/4820 4822/4822
f 4821/4821 4822/4822 4823/4823
f 4823/4823 4822/4822 4824/4824
f 4823/4823 4824/4824 4825/4825
f 4825/4825 4824/4824 4826/4826
f 4825/4825 4826/4826 4827/4827
f 4827/4827 4826/4826 4828/4828
f 4827/4827 4828/4828 4829/4829
f 4829/4829 4828/4828 4830/4830
f 4829/4829 4830/4830 4831/4831
f 4831/4831 4830/4830 4832/4832
f 4831/4831 4832/4832 4833/4833
f 4833/4833 4832/4832 4834/4834
f 4833/4833 4834/4834 4835/4835
f 4835/4835 4834/4834 4836/4836
f 4835/4835 4836/4836 4837/4837
f 4837/4837 4836/4836 4226/4226
f 4837/4837 4226/4226 4228/4228
f 4834/4834 4838/4838 4836/4836
f 4836/4836 4838/4838 4839/4839
f 4836/4836 4839/4839 4840/4840
f 4840/4840 4839/4839 4222/4222
f 4838/4838 4841/4841 4839/4839
f 4839/4839 4841/4841 4842/4842
f 4839/4839 4842/4842 4222/4222
f 4222/4222 4842/4842 4220/4220
f 4841/4841 4843/4843 4842/4842
f 4842/4842 4843/4843 4844/4844
f 4842/4842 4844/4844 4220/4220
f 4220/4220 4844/4844 4218/4218
f 4843/4843 4845/4845 4844/4844
f 4844/4844 4845/4845 4846/4846
f 4844/4844 4846/4846 4218/4218
f 4218/4218 4846/4846 4216/4216
f 4845/4845 4847/4847 4846/4846
f 4846/4846 4847/4847 4848/4848
f 4846/4846 4848/4848 4216/4216
f 4216/4216 4848/4848 4214/4214
f 4847/4847 4849/4849 4848/4848
f 4848/4848 4849/4849 4850/4850
f 4848/4848 4850/4850 4214/4214
f 4214/4214 4850/4850 4212/4212
f 4849/4849 4851/4851 4850/4850
f 4850/4850 4851/4851 4852/4852
f 4850/4850 4852/4852 4212/4212
f 4212/4212 4852/4852 4210/4210
f 4851/4851 4853/4853 4852/4852
f 4852/4852 4853/4853 4854/4854
f 4852/4852 4854/4854 4210/4210
f 4210/4210 4854/4854 4208/4208
f 4853/4853 4855/4855 4854/4854
f 4854/4854 4855/4855 4856/4856
f 4854/4854 4856/4856 4208/4208
f 4208/4208 4856/4856 4206/4206
f 4855/4855 4857/4857 4856/4856
f 4856/4856 4857/4857 4858/4858
f 4856/4856 4858/4858 4206/4206
f 4206/4206 4858/4858 4204/4204
f 4857/4857 4859/4859 4858/4858
f 4858/4858 4859/4859 4860/4860
f 4858/4858 4860/4860 4204/4204
f 4204/4204 4860/4860 4202/4202
f 4859/4859 4861/4861 4860/4860
f 4860/4860 4861/4861 4862/4862
f 4860/4860 4862/4862 4202/4202
f 4202/4202 4862/4862 4200/4200
f 4861/4861 4863/4863 4862/4862
f 4862/4862 4863/4863 4864/4864
f 4862/4862 4864/4864 4200/4200
f 4200/4200 4864/4864 4198/4198
f 4863/4863 4865/4865 4864/4864
f 4864/4864 4865/4865 4866/4866
f 4864/4864 4866/4866 4198/4198
f 4198/4198 4866/4866 4196/4196
f 4865/4865 4867/4867 4866/4866
f 4866/4866 4867/4867 4868/4868
f 4866/4866 4868/4868 4196/4196
f 4196/4196 4868/4868 4194/4194
f 4867/4867 4869/4869 4868/4868
f 4868/4868 4869/4869 4870/4870
f 4868/4868 4870/4870 4194/4194
f 4194/4194 4870/4870 4192/4192
f 4869/4869 4871/4871 4870/4870
f 4870/4870 4871/4871 4872/4872
f 4870/4870 4872/4872 4192/4192
f 4192/4192 4872/4872 4190/4190
f 4871/4871 4873/4873 4872/4872
f 4872/4872 4873/4873 4874/4874
f 4872/4872 4874/4874 4190/4190
f 4190/4190 4874/4874 4188/4188
f 4873/4873 4875/4875 4874/4874
f 4874/4874 4875/4875 4876/4876
f 4874/4874 4876/4876 4188/4188
f 4188/4188 4876/4876 4186/4186
f 4876/4876 4875/4875 4877/4877
f 4877/4877 4875/4875 4878/4878
f 4877/4877 4878/4878 4879/4879
f 4879/4879 4878/4878 4880/4880
f 4879/4879 4880/4880 4881/4881
f 4881/4881 4880/4880 4882/4882
f 4881/4881 4882/4882 4883/4883
f 4883/4883 4882/4882 4884/4884
f 4883/4883 4884/4884 4885/4885
f 4885/4885 4884/4884 4886/4886
f 4885/4885 4886/4886 4887/4887
f 4887/4887 4886/4886 4888/4888
f 4887/4887 4888/4888 4889/4889
f 4889/4889 4888/4888 4890/4890
f 4889/4889 4890/4890 4891/4891
f 4891/4891 4890/4890 4892/4892
f 4891/4891 4892/4892 4893/4893
f 4893/4893 4892/4892 4894/4894
f 4893/4893 4894/4894 4895/4895
f 4895/4895 4894/4894 4896/4896
f 4895/4895 4896/4896 4897/4897
f 4897/4897 4896/4896 4898/4898
f 4897/4897 4898/4898 4899/4899
f 4899/4899 4898/4898 4900/4900
f 4899/4899 4900/4900 4901/4901
f 4901/4901 4900/4900 4902/4902
f 4901/4901 4902/4902 4903/4903
f 4903/4903 4902/4902 4904/4904
f 4903/4903 4904/4904 4905/4905
f 4905/4905 4904/4904 4906/4906
f 4905/4905 4906/4906 4907/4907
f 4907/4907 4906/4906 4908/4908
f 4907/4907 4908/4908 4909/4909
f 4909/4909 4908/4908 4910/4910
f 4909/4909 4910/4910 4911/4911
f 4911/4911 4910/4910 4912/4912
f 4911/4911 4912/4912 4913/4913
f 4913/4913 4912/4912 4914/4914
f 4913/4913 4914/4914 4915/4915
f 4915/4915 4914/4914 4916/4916
f 4915/4915 4916/4916 4146/4146
f 4146/4146 4916/4916 4144/4144
f 4914/4914 4917/4917 4916/4916
f 4916/4916 4917/4917 4918/4918
f 4916/4916 4918/4918 4144/4144
f 4144/4144 4918/4918 4142/4142
f 4917/4917 4919/4919 4918/4918
f 4918/4918 4919/4919 4920/4920
f 4918/4918 4920/4920 4142/4142
f 4142/4142 4920/4920 4140/4140
f 4919/4919 4921/4921 4920/4920
f 4920/4920 4921/4921 4922/4922
f 4920/4920 4922/4922 4140/4140
f 4140/4140 4922/4922 4138/4138
f 4921/4921 4923/4923 4922/4922
f 4922/4922 4923/4923 4924/4924
f 4922/4922 4924/4924 4138/4138
f 4138/4138 4924/4924 4135/4135
f 4923/4923 4925/4925 4924/4924
f 4924/4924 4925/4925 4926/4926
f 4924/4924 4926/4926 4135/4135
f 4135/4135 4926/4926 4133/4133
f 4925/4925 4927/4927 4926/4926
f 4926/4926 4927/4927 4928/4928
f 4926/4926 4928/4928 4133/4133
f 4133/4133 4928/4928 4131/4131
f 4927/4927 4929/4929 4928/4928
f 4928/4928 4929/4929 4930/4930
f 4928/4928 4930/4930 4131/4131
f 4131/4131 4930/4930 4129/4129
f 4929/4929 4931/4931 4930/4930
f 4930/4930 4931/4931 4932/4932
f 4930/4930 4932/4932 4129/4129
f 4129/4129 4932/4932 4127/4127
f 4931/4931 4933/4933 4932/4932
f 4932/4932 4933/4933 4934/4934
f 4932/4932 4934/4934 4127/4127
f 4127/4127 4934/4934 4125/4125
f 4933/4933 4935/4935 4934/4934
f 4934/4934 4935/4935 4936/4936
f 4934/4934 4936/4936 4125/4125
f 4125/4125 4936/4936 4123/4123
f 4935/4935 4937/4937 4936/4936
f 4936/4936 4937/4937 4938/4938
f 4936/4936 4938/4938 4123/4123
f 4123/4123 4938/4938 4121/4121
f 4937/4937 4939/4939 4938/4938
f 4938/4938 4939/4939 4940/4940
f 4938/4938 4940/4940 4121/4121
f 4121/4121 4940/4940 4119/4119
f 4939/4939 4941/4941 4940/4940
f 4940/4940 4941/4941 4942/4942
f 4940/4940 4942/4942 4119/4119
f 4119/4119 4942/4942 4117/4117
f 4941/4941 4943/4943 4942/4942
f 4942/4942 4943/4943 4944/4944
f 4942/4942 4944/4944 4117/4117
f 4117/4117 4944/4944 4115/4115
f 4943/4943 4945/4945 4944/4944
f 4944/4944 4945/4945 4946/4946
f 4944/4944 4946/4946 4115/4115
f 4115/4115 4946/4946 4113/4113
f 4945/4945 4947/4947 4946/4946
f 4946/4946 4947/4947 4948/4948
f 4946/4946 4948/4948 4113/4113
f 4113/4113 4948/4948 4111/4111
f 4947/4947 4949/4949 4948/4948
f 4948/4948 4949/4949 4950/4950
f 4948/4948 4950/4950 4111/4111
f 4111/4111 4950/4950 4109/4109
f 4949/4949 4951/4951 4950/4950
f 4950/4950 4951/4951 4952/4952
f 4950/4950 4952/4952 4109/4109
f 4109/4109 4952/4952 4107/4107
f 4951/4951 4953/4953 4952/4952
f 4952/4952 4953/4953 4954/4954
f 4952/4952 4954/4954 4107/4107
f 4107/4107 4954/4954 4105/4105
f 4953/4953 4955/4955 4954/4954
f 4954/4954 4955/4955 4956/4956
f 4954/4954 4956/4956 4105/4105
f 4105/4105 4956/4956 4103/4103
f 4956/4956 4955/4955 4957/4957
f 4957/4957 4955/4955 4958/4958
f 4957/4957 4958/4958 4959/4959
f 4959/4959 4958/4958 4960/4960
f 4959/4959 4960/4960 4961/4961
f 4961/4961 4960/4960 4962/4962
f 4961/4961 4962/4962 4963/4963
f 4963/4963 4962/4962 4964/4964
f 4963/4963 4964/4964 4965/4965
f 4965/4965 4964/4964 4966/4966
f 4965/4965 4966/4966 4967/4967
f 4967/4967 4966/4966 4968/4968
f 4967/4967 4968/4968 4969/4969
f 4969/4969 4968/4968 4970/4970
f 4969/4969 4970/4970 4971/4971
f 4971/4971 4970/4970 4972/4972
f 4971/4971 4972/4972 4973/4973
f 4973/4973 4972/4972 4974/4974
f 4973/4973 4974/4974 4975/4975
f 4975/4975 4974/4974 4976/4976
f 4975/4975 4976/4976 4977/4977
f 4977/4977 4976/4976 4978/4978
f 4977/4977 4978/4978 4979/4979
f 4979/4979 4978/4978 4980/4980
f 4979/4979 4980/4980 4981/4981
f 4981/4981 4980/4980 4982/4982
f 4981/4981 4982/4982 4983/4983
f 4983/4983 4982/4982 4984/4984
f 4983/4983 4984/4984 4985/4985
f 4985/4985 4984/4984 4986/4986
f 4985/4985 4986/4986 4987/4987
f 4987/4987 4986/4986 4988/4988
f 4987/4987 4988/4988 4989/4989
f 4989/4989 4988/4988 4990/4990
f 4989/4989 4990/4990 4991/4991
f 4991/4991 4990/4990 4992/4992
f 4991/4991 4992/4992 4993/4993
f 4993/4993 4992/4992 4994/4994
f 4993/4993 4994/4994 4995/4995
f 4995/4995 4994/4994 4996/4996
f 4995/4995 4996/4996 4063/4063
f 4063/4063 4996/4996 4061/4061
f 4994/4994 4997/4997 4996/4996
f 4996/4996 4997/4997 4998/4998
f 4996/4996 4998/4998 4061/4061
f 4061/4061 4998/4998 4059/4059
f 4997/4997 4999/4999 4998/4998
f 4998/4998 4999/4999 5000/5000
f 4998/4998 5000/5000 4059/4059
f 4059/4059 5000/5000 4057/4057
f 4999/4999 5001/5001 5000/5000
f 5000/5000 5001/5001 5002/5002
f 5000/5000 5002/5002 4057/4057
f 4057/4057 5002/5002 4055/4055
f 5001/5001 5003/5003 5002/5002
f 5002/5002 5003/5003 5004/5004
f 5002/5002 5004/5004 4055/4055
f 4055/4055 5004/5004 4053/4053
f 5003/5003 5005/5005 5004/5004
f 5004/5004 5005/5005 5006/5006
f 5004/5004 5006/5006 4053/4053
f 4053/4053 5006/5006 4051/4051
f 5005/5005 5007/5007 5006/5006
f 5006/5006 5007/5007 5008/5008
f 5006/5006 5008/5008 4051/4051
f 4051/4051 5008/5008 4049/4049
f 5007/5007 5009/5009 5008/5008
f 5008/5008 5009/5009 5010/5010
f 5008/5008 5010/5010 4049/4049
f 4049/4049 5010/5010 4047/4047
f 5009/5009 5011/5011 5010/5010
f 5010/5010 5011/5011 5012/5012
f 5010/5010 5012/5012 4047/4047
f 4047/4047 5012/5012 4045/4045
f 5011/5011 5013/5013 5012/5012
f 5012/5012 5013/5013 5014/5014
f 5012/5012 5014/5014 4045/4045
f 4045/4045 5014/5014 4043/4043
f 5013/5013 5015/5015 5014/5014
f 5014/5014 5015/5015 5016/5016
f 5014/5014 5016/5016 4043/4043
f 4043/4043 5016/5016 4041/4041
f 5015/5015 5017/5017 5016/5016
f 5016/5016 5017/5017 5018/5018
f 5016/5016 5018/5018 4041/4041
f 4041/4041 5018/5018 4039/4039
f 5017/5017 5019/5019 5018/5018
f 5018/5018 5019/5019 5020/5020
f 5018/5018 5020/5020 4039/4039
f 4039/4039 5020/5020 4037/4037
f 5019/5019 5021/5021 5020/5020
f 5020/5020 5021/5021 5022/5022
f 5020/5020 5022/5022 4037/4037
f 4037/4037 5022/5022 4035/4035
f 5021/5021 5023/5023 5022/5022
f 5022/5022 5023/5023 5024/5024
f 5022/5022 5024/5024 4035/4035
f 4035/4035 5024/5024 4033/4033
f 5023/5023 5025/5025 5024/5024
f 5024/5024 5025/5025 5026/5026
f 5024/5024 5026/5026 4033/4033
f 4033/4033 5026/5026 4031/4031
f 5025/5025 5027/5027 5026/5026
f 5026/5026 5027/5027 5028/5028
f 5026/5026 5028/5028 4031/4031
f 4031/4031 5028/5028 5029/5029
f 5027/5027 5030/5030 5028/5028
f 5028/5028 5030/5030 5031/5031
f 5028/5028 5031/5031 5029/5029
f 5029/5029 5031/5031 4027/4027
f 5030/5030 5032/5032 5031/5031
f 5031/5031 5032/5032 5033/5033
f 5031/5031 5033/5033 4027/4027
f 4027/4027 5033/5033 4025/4025
f 5032/5032 5034/5034 5033/5033
f 5033/5033 5034/5034 5035/5035
f 5033/5033 5035/5035 4025/4025
f 4025/4025 5035/5035 4023/4023
f 5035/5035 5034/5034 5036/5036
f 5036/5036 5034/5034 5037/5037
f 5036/5036 5037/5037 5038/5038
f 5038/5038 5037/5037 5039/5039
f 5038/5038 5039/5039 5040/5040
f 5040/5040 5039/5039 5041/5041
f 5040/5040 5041/5041 5042/5042
f 5042/5042 5041/5041 5043/5043
f 5042/5042 5043/5043 5044/5044
f 5044/5044 5043/5043 5045/5045
f 5044/5044 5045/5045 5046/5046
f 5046/5046 5045/5045 5047/5047
f 5046/5046 5047/5047 5048/5048
f 5048/5048 5047/5047 5049/5049
f 5048/5048 5049/5049 5050/5050
f 5050/5050 5049/5049 5051/5051
f 5050/5050 5051/5051 5052/5052
f 5052/5052 5051/5051 5053/5053
f 5052/5052 5053/5053 5054/5054
f 5054/5054 5053/5053 5055/5055
f 5054/5054 5055/5055 5056/5056
f 5056/5056 5055/5055 5057/5057
f 5056/5056 5057/5057 5058/5058
f 5058/5058 5057/5057 5059/5059
f 5058/5058 5059/5059 5060/5060
f 5060/5060 5059/5059 5061/5061
f 5060/5060 5061/5061 5062/5062
f 5062/5062 5061/5061 5063/5063
f 5062/5062 5063/5063 5064/5064
f 5064/5064 5063/5063 5065/5065
f 5064/5064 5065/5065 5066/5066
f 5066/5066 5065/5065 5067/5067
f 5066/5066 5067/5067 5068/5068
f 5068/5068 5067/5067 5069/5069
f 5068/5068 5069/5069 5070/5070
f 5070/5070 5069/5069 5071/5071
f 5070/5070 5071/5071 3987/3987
f 3987/3987 5071/5071 3985/3985
f 5072/5072 5073/5073 5074/5074
f 5075/5075 5076/5076 5077/5077
f 5075/5075 5077/5077 5078/5078
f 5078/5078 5077/5077 5079/5079
f 5078/5078 5079/5079 4559/4559
f 4559/4559 5079/5079 5080/5080
f 4559/4559 5080/5080 4561/4561
f 4561/4561 5080/5080 5081/5081
f 4561/4561 5081/5081 4563/4563
f 4563/4563 5081/5081 5082/5082
f 4563/4563 5082/5082 4565/4565
f 4565/4565 5082/5082 5083/5083
f 4565/4565 5083/5083 4567/4567
f 4567/4567 5083/5083 5084/5084
f 4567/4567 5084/5084 4569/4569
f 4569/4569 5084/5084 5085/5085
f 4569/4569 5085/5085 4571/4571
f 4571/4571 5085/5085 5086/5086
f 4571/4571 5086/5086 4573/4573
f 4573/4573 5086/5086 5087/5087
f 4573/4573 5087/5087 4575/4575
f 4575/4575 5087/5087 5088/5088
f 4575/4575 5088/5088 4577/4577
f 4577/4577 5088/5088 5089/5089
f 4577/4577 5089/5089 4579/4579
f 4579/4579 5089/5089 5090/5090
f 4579/4579 5090/5090 4581/4581
f 4581/4581 5090/5090 5091/5091
f 4581/4581 5091/5091 4583/4583
f 4583/4583 5091/5091 5092/5092
f 4583/4583 5092/5092 4585/4585
f 4585/4585 5092/5092 5093/5093
f 4585/4585 5093/5093 4587/4587
f 4587/4587 5093/5093 5094/5094
f 4587/4587 5094/5094 4589/4589
f 4589/4589 5094/5094 5095/5095
f 4589/4589 5095/5095 4591/4591
f 4591/4591 5095/5095 5096/5096
f 4591/4591 5096/5096 4593/4593
f 4593/4593 5096/5096 5097/5097
f 4593/4593 5097/5097 4595/4595
f 4595/4595 5097/5097 5098/5098
f 4595/4595 5098/5098 4597/4597
f 4597/4597 5098/5098 5099/5099
f 4597/4597 5099/5099 4599/4599
f 4599/4599 5099/5099 5100/5100
f 4599/4599 5100/5100 4601/4601
f 4601/4601 5100/5100 5101/5101
f 4601/4601 5101/5101 4603/4603
f 4603/4603 5101/5101 5102/5102
f 4603/4603 5102/5102 4605/4605
f 4605/4605 5102/5102 5103/5103
f 4605/4605 5103/5103 4607/4607
f 4607/4607 5103/5103 5104/5104
f 4607/4607 5104/5104 4609/4609
f 4609/4609 5104/5104 5105/5105
f 4609/4609 5105/5105 4611/4611
f 4611/4611 5105/5105 5106/5106
f 4611/4611 5106/5106 4613/4613
f 4613/4613 5106/5106 5107/5107
f 4613/4613 5107/5107 4615/4615
f 4615/4615 5107/5107 5108/5108
f 4615/4615 5108/5108 4617/4617
f 4617/4617 5108/5108 5109/5109
f 4617/4617 5109/5109 4619/4619
f 4619/4619 5109/5109 5110/5110
f 4619/4619 5110/5110 4621/4621
f 4621/4621 5110/5110 5111/5111
f 4621/4621 5111/5111 4623/4623
f 4623/4623 5111/5111 5112/5112
f 4623/4623 5112/5112 4625/4625
f 4625/4625 5112/5112 5113/5113
f 4625/4625 5113/5113 4627/4627
f 4627/4627 5113/5113 5114/5114
f 4627/4627 5114/5114 4629/4629
f 4629/4629 5114/5114 5115/5115
f 4629/4629 5115/5115 4631/4631
f 4631/4631 5115/5115 5116/5116
f 4631/4631 5116/5116 4633/4633
f 4633/4633 5116/5116 5117/5117
f 4633/4633 5117/5117 4635/4635
f 4635/4635 5117/5117 5118/5118
f 4635/4635 5118/5118 4637/4637
f 4637/4637 5118/5118 5119/5119
f 4637/4637 5119/5119 4639/4639
f 4639/4639 5119/5119 5120/5120
f 4639/4639 5120/5120 4641/4641
f 4641/4641 5120/5120 5121/5121
f 4641/4641 5121/5121 4643/4643
f 4643/4643 5121/5121 5122/5122
f 4643/4643 5122/5122 4645/4645
f 4645/4645 5122/5122 5123/5123
f 4645/4645 5123/5123 4647/4647
f 4647/4647 5123/5123 5124/5124
f 4647/4647 5124/5124 4649/4649
f 4649/4649 5124/5124 5125/5125
f 4649/4649 5125/5125 4651/4651
f 4651/4651 5125/5125 5126/5126
f 4651/4651 5126/5126 4653/4653
f 4653/4653 5126/5126 5127/5127
f 4653/4653 5127/5127 4655/4655
f 4655/4655 5127/5127 5128/5128
f 4655/4655 5128/5128 4657/4657
f 4657/4657 5128/5128 5129/5129
f 4657/4657 5129/5129 4659/4659
f 4659/4659 5129/5129 5130/5130
f 4659/4659 5130/5130 4661/4661
f 4661/4661 5130/5130 5131/5131
f 4661/4661 5131/5131 4663/4663
f 4663/4663 5131/5131 5132/5132
f 4663/4663 5132/5132 4665/4665
f 4665/4665 5132/5132 5133/5133
f 4665/4665 5133/5133 4667/4667
f 4667/4667 5133/5133 5134/5134
f 4667/4667 5134/5134 4669/4669
f 4669/4669 5134/5134 5135/5135
f 4669/4669 5135/5135 4671/4671
f 4671/4671 5135/5135 5136/5136
f 4671/4671 5136/5136 4673/4673
f 4673/4673 5136/5136 5137/5137
f 4673/4673 5137/5137 4675/4675
f 4675/4675 5137/5137 5138/5138
f 4675/4675 5138/5138 4677/4677
f 4677/4677 5138/5138 5139/5139
f 4677/4677 5139/5139 4679/4679
f 4679/4679 5139/5139 5140/5140
f 4679/4679 5140/5140 4681/4681
f 4681/4681 5140/5140 5141/5141
f 4681/4681 5141/5141 4683/4683
f 4683/4683 5141/5141 5142/5142
f 4683/4683 5142/5142 4685/4685
f 4685/4685 5142/5142 5143/5143
f 4685/4685 5143/5143 4687/4687
f 4687/4687 5143/5143 5144/5144
f 4687/4687 5144/5144 4689/4689
f 4689/4689 5144/5144 5145/5145
f 4689/4689 5145/5145 4691/4691
f 4691/4691 5145/5145 5146/5146
f 4691/4691 5146/5146 4693/4693
f 4693/4693 5146/5146 5147/5147
f 4693/4693 5147/5147 4695/4695
f 4695/4695 5147/5147 5148/5148
f 4695/4695 5148/5148 4697/4697
f 4697/4697 5148/5148 5149/5149
f 4697/4697 5149/5149 4699/4699
f 4699/4699 5149/5149 5150/5150
f 4699/4699 5150/5150 4701/4701
f 4701/4701 5150/5150 5151/5151
f 4701/4701 5151/5151 4703/4703
f 4703/4703 5151/5151 5152/5152
f 4703/4703 5152/5152 4705/4705
f 4705/4705 5152/5152 5153/5153
f 4705/4705 5153/5153 4707/4707
f 4707/4707 5153/5153 5154/5154
f 4707/4707 5154/5154 4709/4709
f 4709/4709 5154/5154 5155/5155
f 4709/4709 5155/5155 4711/4711
f 4711/4711 5155/5155 5156/5156
f 4711/4711 5156/5156 4713/4713
f 4713/4713 5156/5156 5157/5157
f 4713/4713 5157/5157 4715/4715
f 4715/4715 5157/5157 5158/5158
f 4715/4715 5158/5158 4717/4717
f 4717/4717 5158/5158 5159/5159
f 4717/4717 5159/5159 4719/4719
f 4719/4719 5159/5159 5160/5160
f 4719/4719 5160/5160 4721/4721
f 4721/4721 5160/5160 5161/5161
f 4721/4721 5161/5161 4723/4723
f 4723/4723 5161/5161 5162/5162
f 4723/4723 5162/5162 4725/4725
f 4725/4725 5162/5162 5163/5163
f 4725/4725 5163/5163 4727/4727
f 4727/4727 5163/5163 5164/5164
f 4727/4727 5164/5164 4729/4729
f 4729/4729 5164/5164 5165/5165
f 4729/4729 5165/5165 4731/4731
f 4731/4731 5165/5165 5166/5166
f 4731/4731 5166/5166 4733/4733
f 4733/4733 5166/5166 5167/5167
f 4733/4733 5167/5167 4735/4735
f 4735/4735 5167/5167 5168/5168
f 4735/4735 5168/5168 4737/4737
f 4737/4737 5168/5168 5169/5169
f 4737/4737 5169/5169 4739/4739
f 4739/4739 5169/5169 5170/5170
f 4739/4739 5170/5170 4741/4741
f 4741/4741 5170/5170 5171/5171
f 4741/4741 5171/5171 4743/4743
f 4743/4743 5171/5171 5172/5172
f 4743/4743 5172/5172 4745/4745
f 4745/4745 5172/5172 5173/5173
f 4745/4745 5173/5173 4747/4747
f 4747/4747 5173/5173 5174/5174
f 4747/4747 5174/5174 4749/4749
f 4749/4749 5174/5174 5175/5175
f 4749/4749 5175/5175 4751/4751
f 4751/4751 5175/5175 5176/5176
f 4751/4751 5176/5176 4753/4753
f 4753/4753 5176/5176 5177/5177
f 4753/4753 5177/5177 4755/4755
f 4755/4755 5177/5177 5178/5178
f 4755/4755 5178/5178 4757/4757
f 4757/4757 5178/5178 5179/5179
f 4757/4757 5179/5179 4759/4759
f 4759/4759 5179/5179 5180/5180
f 4759/4759 5180/5180 4761/4761
f 4761/4761 5180/5180 5181/5181
f 4761/4761 5181/5181 4763/4763
f 4763/4763 5181/5181 5182/5182
f 4763/4763 5182/5182 4765/4765
f 4765/4765 5182/5182 5183/5183
f 4765/4765 5183/5183 4767/4767
f 4767/4767 5183/5183 5184/5184
f 4767/4767 5184/5184 4769/4769
f 4769/4769 5184/5184 5185/5185
f 4769/4769 5185/5185 4771/4771
f 4771/4771 5185/5185 5186/5186
f 4771/4771 5186/5186 4773/4773
f 4773/4773 5186/5186 5187/5187
f 4773/4773 5187/5187 4775/4775
f 4775/4775 5187/5187 5188/5188
f 4775/4775 5188/5188 4777/4777
f 4777/4777 5188/5188 5189/5189
f 4777/4777 5189/5189 4779/4779
f 4779/4779 5189/5189 5190/5190
f 4779/4779 5190/5190 4781/4781
f 4781/4781 5190/5190 5191/5191
f 4781/4781 5191/5191 4783/4783
f 4783/4783 5191/5191 5192/5192
f 4783/4783 5192/5192 4785/4785
f 4785/4785 5192/5192 5193/5193
f 4785/4785 5193/5193 4787/4787
f 4787/4787 5193/5193 5194/5194
f 4787/4787 5194/5194 4789/4789
f 4789/4789 5194/5194 5195/5195
f 4789/4789 5195/5195 4791/4791
f 4791/4791 5195/5195 5196/5196
f 4791/4791 5196/5196 4793/4793
f 4793/4793 5196/5196 5197/5197
f 4793/4793 5197/5197 4795/4795
f 4795/4795 5197/5197 4797/4797
f 4796/4796 4798/4798 5198/5198
f 5198/5198 4798/4798 5199/5199
f 5198/5198 5199/5199 5200/5200
f 5200/5200 5199/5199 5201/5201
f 5200/5200 5201/5201 5202/5202
f 5202/5202 5201/5201 5203/5203
f 5202/5202 5203/5203 5204/5204
f 5204/5204 5203/5203 5205/5205
f 5204/5204 5205/5205 5206/5206
f 5206/5206 5205/5205 5207/5207
f 5206/5206 5207/5207 5208/5208
f 5208/5208 5207/5207 5209/5209
f 5208/5208 5209/5209 5210/5210
f 5210/5210 5209/5209 5211/5211
f 5210/5210 5211/5211 5212/5212
f 5212/5212 5211/5211 5213/5213
f 5212/5212 5213/5213 5214/5214
f 5214/5214 5213/5213 5215/5215
f 5214/5214 5215/5215 5216/5216
f 5216/5216 5215/5215 5217/5217
f 5216/5216 5217/5217 5218/5218
f 5218/5218 5217/5217 5219/5219
f 5218/5218 5219/5219 5220/5220
f 5220/5220 5219/5219 5221/5221
f 5220/5220 5221/5221 5222/5222
f 5222/5222 5221/5221 5223/5223
f 5222/5222 5223/5223 5224/5224
f 5224/5224 5223/5223 5225/5225
f 5224/5224 5225/5225 5226/5226
f 5226/5226 5225/5225 5227/5227
f 5226/5226 5227/5227 5228/5228
f 5228/5228 5227/5227 5229/5229
f 5228/5228 5229/5229 5230/5230
f 5230/5230 5229/5229 5231/5231
f 5230/5230 5231/5231 5232/5232
f 5232/5232 5231/5231 5233/5233
f 5232/5232 5233/5233 5234/5234
f 5234/5234 5233/5233 5072/5072
f 5234/5234 5072/5072 5074/5074
f 3986/3986 5235/5235 3988/3988
f 3988/3988 5235/5235 5236/5236
f 3988/3988 5236/5236 3990/3990
f 3990/3990 5236/5236 5237/5237
f 3990/3990 5237/5237 3992/3992
f 3992/3992 5237/5237 5238/5238
f 3992/3992 5238/5238 3994/3994
f 3994/3994 5238/5238 5239/5239
f 3994/3994 5239/5239 3996/3996
f 3996/3996 5239/5239 5240/5240
f 3996/3996 5240/5240 3998/3998
f 3998/3998 5240/5240 5241/5241
f 3998/3998 5241/5241 4000/4000
f 4000/4000 5241/5241 5242/5242
f 4000/4000 5242/5242 4002/4002
f 4002/4002 5242/5242 5243/5243
f 4002/4002 5243/5243 4004/4004
f 4004/4004 5243/5243 5244/5244
f 4004/4004 5244/5244 4006/4006
f 4006/4006 5244/5244 5245/5245
f 4006/4006 5245/5245 4008/4008
f 4008/4008 5245/5245 5246/5246
f 4008/4008 5246/5246 4010/4010
f 4010/4010 5246/5246 5247/5247
f 4010/4010 5247/5247 4012/4012
f 4012/4012 5247/5247 5248/5248
f 4012/4012 5248/5248 4014/4014
f 4014/4014 5248/5248 5249/5249
f 4014/4014 5249/5249 4016/4016
f 4016/4016 5249/5249 5250/5250
f 4016/4016 5250/5250 4018/4018
f 4018/4018 5250/5250 5251/5251
f 4018/4018 5251/5251 4020/4020
f 4020/4020 5251/5251 5252/5252
f 4020/4020 5252/5252 4022/4022
f 4022/4022 5252/5252 5253/5253
f 4022/4022 5253/5253 4024/4024
f 4024/4024 5253/5253 5254/5254
f 4024/4024 5254/5254 4026/4026
f 4026/4026 5254/5254 5255/5255
f 4026/4026 5255/5255 4028/4028
f 4028/4028 5255/5255 5256/5256
f 4028/4028 5256/5256 4030/4030
f 4030/4030 5256/5256 5257/5257
f 4030/4030 5257/5257 4032/4032
f 4032/4032 5257/5257 5258/5258
f 4032/4032 5258/5258 4034/4034
f 4034/4034 5258/5258 5259/5259
f 4034/4034 5259/5259 4036/4036
f 4036/4036 5259/5259 5260/5260
f 4036/4036 5260/5260 4038/4038
f 4038/4038 5260/5260 5261/5261
f 4038/4038 5261/5261 4040/4040
f 4040/4040 5261/5261 5262/5262
f 4040/4040 5262/5262 4042/4042
f 4042/4042 5262/5262 5263/5263
f 4042/4042 5263/5263 4044/4044
f 4044/4044 5263/5263 5264/5264
f 4044/4044 5264/5264 4046/4046
f 4046/4046 5264/5264 5265/5265
f 4046/4046 5265/5265 4048/4048
f 4048/4048 5265/5265 5266/5266
f 4048/4048 5266/5266 4050/4050
f 4050/4050 5266/5266 5267/5267
f 4050/4050 5267/5267 4052/4052
f 4052/4052 5267/5267 5268/5268
f 4052/4052 5268/5268 4054/4054
f 4054/4054 5268/5268 5269/5269
f 4054/4054 5269/5269 4056/4056
f 4056/4056 5269/5269 5270/5270
f 4056/4056 5270/5270 4058/4058
f 4058/4058 5270/5270 5271/5271
f 4058/4058 5271/5271 4060/4060
f 4060/4060 5271/5271 5272/5272
f 4060/4060 5272/5272 4062/4062
f 4062/4062 5272/5272 5273/5273
f 4062/4062 5273/5273 4064/4064
f 4064/4064 5273/5273 5274/5274
f 4064/4064 5274/5274 4066/4066
f 4066/4066 5274/5274 5275/5275
f 4066/4066 5275/5275 4068/4068
f 4068/4068 5275/5275 5276/5276
f 4068/4068 5276/5276 4070/4070
f 4070/4070 5276/5276 5277/5277
f 4070/4070 5277/5277 4072/4072
f 4072/4072 5277/5277 5278/5278
f 4072/4072 5278/5278 4074/4074
f 4074/4074 5278/5278 5279/5279
f 4074/4074 5279/5279 4076/4076
f 4076/4076 5279/5279 5280/5280
f 4076/4076 5280/5280 4078/4078
f 4078/4078 5280/5280 5281/5281
f 4078/4078 5281/5281 4080/4080
f 4080/4080 5281/5281 5282/5282
f 4080/4080 5282/5282 4082/4082
f 4082/4082 5282/5282 5283/5283
f 4082/4082 5283/5283 4084/4084
f 4084/4084 5283/5283 5284/5284
f 4084/4084 5284/5284 4086/4086
f 4086/4086 5284/5284 5285/5285
f 4086/4086 5285/5285 4088/4088
f 4088/4088 5285/5285 5286/5286
f 4088/4088 5286/5286 4090/4090
f 4090/4090 5286/5286 5287/5287
f 4090/4090 5287/5287 4092/4092
f 4092/4092 5287/5287 5288/5288
f 4092/4092 5288/5288 4094/4094
f 4094/4094 5288/5288 5289/5289
f 4094/4094 5289/5289 4096/4096
f 4096/4096 5289/5289 5290/5290
f 4096/4096 5290/5290 4098/4098
f 4098/4098 5290/5290 5291/5291
f 4098/4098 5291/5291 4100/4100
f 4100/4100 5291/5291 5292/5292
f 4100/4100 5292/5292 4102/4102
f 4102/4102 5292/5292 5293/5293
f 4102/4102 5293/5293 4104/4104
f 4104/4104 5293/5293 5294/5294
f 4104/4104 5294/5294 4106/4106
f 4106/4106 5294/5294 5295/5295
f 4106/4106 5295/5295 4108/4108
f 4108/4108 5295/5295 5296/5296
f 4108/4108 5296/5296 4110/4110
f 4110/4110 5296/5296 5297/5297
f 4110/4110 5297/5297 4112/4112
f 4112/4112 5297/5297 5298/5298
f 4112/4112 5298/5298 4114/4114
f 4114/4114 5298/5298 5299/5299
f 4114/4114 5299/5299 4116/4116
f 4116/4116 5299/5299 5300/5300
f 4116/4116 5300/5300 5301/5301
f 5301/5301 5300/5300 5302/5302
f 5301/5301 5302/5302 4120/4120
f 4120/4120 5302/5302 5303/5303
f 4120/4120 5303/5303 4122/4122
f 4122/4122 5303/5303 5304/5304
f 4122/4122 5304/5304 4124/4124
f 4124/4124 5304/5304 5305/5305
f 4124/4124 5305/5305 4126/4126
f 4126/4126 5305/5305 5306/5306
f 4126/4126 5306/5306 4128/4128
f 4128/4128 5306/5306 5307/5307
f 4128/4128 5307/5307 4130/4130
f 4130/4130 5307/5307 5308/5308
f 4130/4130 5308/5308 4132/4132
f 4132/4132 5308/5308 5309/5309
f 4132/4132 5309/5309 4134/4134
f 4134/4134 5309/5309 5310/5310
f 4134/4134 5310/5310 4136/4136
f 4136/4136 5310/5310 5311/5311
f 4136/4136 5311/5311 4139/4139
f 4139/4139 5311/5311 5312/5312
f 4139/4139 5312/5312 4141/4141
f 4141/4141 5312/5312 5313/5313
f 4141/4141 5313/5313 4143/4143
f 4143/4143 5313/5313 5314/5314
f 4143/4143 5314/5314 4145/4145
f 4145/4145 5314/5314 5315/5315
f 4145/4145 5315/5315 4147/4147
f 4147/4147 5315/5315 5316/5316
f 4147/4147 5316/5316 4149/4149
f 4149/4149 5316/5316 5317/5317
f 4149/4149 5317/5317 4151/4151
f 4151/4151 5317/5317 5318/5318
f 4151/4151 5318/5318 4153/4153
f 4153/4153 5318/5318 5319/5319
f 4153/4153 5319/5319 4155/4155
f 4155/4155 5319/5319 5320/5320
f 4155/4155 5320/5320 4157/4157
f 4157/4157 5320/5320 5321/5321
f 4157/4157 5321/5321 4159/4159
f 4159/4159 5321/5321 5322/5322
f 4159/4159 5322/5322 4161/4161
f 4161/4161 5322/5322 5323/5323
f 4161/4161 5323/5323 4163/4163
f 4163/4163 5323/5323 5324/5324
f 4163/4163 5324/5324 4165/4165
f 4165/4165 5324/5324 5325/5325
f 4165/4165 5325/5325 4167/4167
f 4167/4167 5325/5325 5326/5326
f 4167/4167 5326/5326 4169/4169
f 4169/4169 5326/5326 5327/5327
f 4169/4169 5327/5327 4171/4171
f 4171/4171 5327/5327 5328/5328
f 4171/4171 5328/5328 4173/4173
f 4173/4173 5328/5328 5329/5329
f 4173/4173 5329/5329 4175/4175
f 4175/4175 5329/5329 5330/5330
f 4175/4175 5330/5330 4177/4177
f 4177/4177 5330/5330 5331/5331
f 4177/4177 5331/5331 4179/4179
f 4179/4179 5331/5331 5332/5332
f 4179/4179 5332/5332 4181/4181
f 4181/4181 5332/5332 5333/5333
f 4181/4181 5333/5333 4183/4183
f 4183/4183 5333/5333 5334/5334
f 4183/4183 5334/5334 4185/4185
f 4185/4185 5334/5334 5335/5335
f 4185/4185 5335/5335 4187/4187
f 4187/4187 5335/5335 5336/5336
f 4187/4187 5336/5336 4189/4189
f 4189/4189 5336/5336 5337/5337
f 4189/4189 5337/5337 4191/4191
f 4191/4191 5337/5337 5338/5338
f 4191/4191 5338/5338 4193/4193
f 4193/4193 5338/5338 5339/5339
f 4193/4193 5339/5339 4195/4195
f 4195/4195 5339/5339 5340/5340
f 4195/4195 5340/5340 4197/4197
f 4197/4197 5340/5340 5341/5341
f 4197/4197 5341/5341 4199/4199
f 4199/4199 5341/5341 5342/5342
f 4199/4199 5342/5342 4201/4201
f 4201/4201 5342/5342 5343/5343
f 4201/4201 5343/5343 4203/4203
f 4203/4203 5343/5343 5344/5344
f 4203/4203 5344/5344 4205/4205
f 4205/4205 5344/5344 5345/5345
f 4205/4205 5345/5345 4207/4207
f 4207/4207 5345/5345 5346/5346
f 4207/4207 5346/5346 4209/4209
f 4209/4209 5346/5346 5347/5347
f 4209/4209 5347/5347 4211/4211
f 4211/4211 5347/5347 5348/5348
f 4211/4211 5348/5348 4213/4213
f 4213/4213 5348/5348 5349/5349
f 4213/4213 5349/5349 4215/4215
f 4215/4215 5349/5349 5350/5350
f 4215/4215 5350/5350 4217/4217
f 4217/4217 5350/5350 5351/5351
f 4217/4217 5351/5351 4219/4219
f 4219/4219 5351/5351 5352/5352
f 4219/4219 5352/5352 4221/4221
f 4221/4221 5352/5352 5353/5353
f 4221/4221 5353/5353 4223/4223
f 4223/4223 5353/5353 5354/5354
f 4223/4223 5354/5354 4225/4225
f 4225/4225 5354/5354 5355/5355
f 4225/4225 5355/5355 4227/4227
f 4227/4227 5355/5355 5356/5356
f 4227/4227 5356/5356 4229/4229
f 4229/4229 5356/5356 5357/5357
f 4229/4229 5357/5357 4231/4231
f 4231/4231 5357/5357 5358/5358
f 4231/4231 5358/5358 4233/4233
f 4233/4233 5358/5358 5359/5359
f 4233/4233 5359/5359 4235/4235
f 4235/4235 5359/5359 5360/5360
f 4235/4235 5360/5360 4237/4237
f 4237/4237 5360/5360 5361/5361
f 4237/4237 5361/5361 4239/4239
f 4239/4239 5361/5361 5362/5362
f 4239/4239 5362/5362 4241/4241
f 4241/4241 5362/5362 5363/5363
f 4241/4241 5363/5363 4243/4243
f 4243/4243 5363/5363 5364/5364
f 4243/4243 5364/5364 4245/4245
f 4245/4245 5364/5364 5365/5365
f 4245/4245 5365/5365 4247/4247
f 4247/4247 5365/5365 5366/5366
f 4247/4247 5366/5366 4249/4249
f 4249/4249 5366/5366 5367/5367
f 4249/4249 5367/5367 4251/4251
f 4251/4251 5367/5367 5368/5368
f 4251/4251 5368/5368 4253/4253
f 4253/4253 5368/5368 5369/5369
f 4253/4253 5369/5369 4255/4255
f 4255/4255 5369/5369 5370/5370
f 4255/4255 5370/5370 4257/4257
f 4257/4257 5370/5370 5371/5371
f 4257/4257 5371/5371 4259/4259
f 4259/4259 5371/5371 5372/5372
f 4259/4259 5372/5372 4261/4261
f 4261/4261 5372/5372 5373/5373
f 4261/4261 5373/5373 4263/4263
f 4263/4263 5373/5373 5374/5374
f 4263/4263 5374/5374 4265/4265
f 4265/4265 5374/5374 5375/5375
f 4265/4265 5375/5375 4267/4267
f 4267/4267 5375/5375 5376/5376
f 4267/4267 5376/5376 4269/4269
f 4269/4269 5376/5376 5377/5377
f 4271/4271 5378/5378 4273/4273
f 4273/4273 5378/5378 5379/5379
f 4273/4273 5379/5379 4275/4275
f 4275/4275 5379/5379 5380/5380
f 4275/4275 5380/5380 4277/4277
f 4277/4277 5380/5380 5381/5381
f 4277/4277 5381/5381 4279/4279
f 4279/4279 5381/5381 5382/5382
f 4279/4279 5382/5382 4281/4281
f 4281/4281 5382/5382 5383/5383
f 4281/4281 5383/5383 4283/4283
f 4283/4283 5383/5383 5384/5384
f 4283/4283 5384/5384 4285/4285
f 4285/4285 5384/5384 5385/5385
f 4285/4285 5385/5385 4287/4287
f 4287/4287 5385/5385 5386/5386
f 4287/4287 5386/5386 4289/4289
f 4289/4289 5386/5386 5387/5387
f 4289/4289 5387/5387 4291/4291
f 4291/4291 5387/5387 5388/5388
f 4291/4291 5388/5388 4293/4293
f 4293/4293 5388/5388 5389/5389
f 4293/4293 5389/5389 4295/4295
f 4295/4295 5389/5389 5390/5390
f 4295/4295 5390/5390 4297/4297
f 4297/4297 5390/5390 5391/5391
f 4297/4297 5391/5391 4299/4299
f 4299/4299 5391/5391 5392/5392
f 4299/4299 5392/5392 4301/4301
f 4301/4301 5392/5392 5393/5393
f 4301/4301 5393/5393 4303/4303
f 4303/4303 5393/5393 5394/5394
f 4303/4303 5394/5394 4305/4305
f 4305/4305 5394/5394 5395/5395
f 4305/4305 5395/5395 4307/4307
f 4307/4307 5395/5395 5396/5396
f 4307/4307 5396/5396 4309/4309
f 4309/4309 5396/5396 5397/5397
f 4309/4309 5397/5397 4311/4311
f 4311/4311 5397/5397 5398/5398
f 4311/4311 5398/5398 4313/4313
f 4313/4313 5398/5398 5399/5399
f 4313/4313 5399/5399 4315/4315
f 4315/4315 5399/5399 5400/5400
f 4315/4315 5400/5400 4317/4317
f 4317/4317 5400/5400 5401/5401
f 4317/4317 5401/5401 4319/4319
f 4319/4319 5401/5401 5402/5402
f 4319/4319 5402/5402 4321/4321
f 4321/4321 5402/5402 5403/5403
f 4321/4321 5403/5403 4323/4323
f 4323/4323 5403/5403 5404/5404
f 4323/4323 5404/5404 4325/4325
f 4325/4325 5404/5404 5405/5405
f 4325/4325 5405/5405 4327/4327
f 4327/4327 5405/5405 5406/5406
f 4327/4327 5406/5406 4329/4329
f 4329/4329 5406/5406 5407/5407
f 4329/4329 5407/5407 4331/4331
f 4331/4331 5407/5407 5408/5408
f 4331/4331 5408/5408 4333/4333
f 4333/4333 5408/5408 5409/5409
f 4333/4333 5409/5409 4335/4335
f 4335/4335 5409/5409 5410/5410
f 4335/4335 5410/5410 4337/4337
f 4337/4337 5410/5410 5411/5411
f 4337/4337 5411/5411 4339/4339
f 4339/4339 5411/5411 5412/5412
f 4339/4339 5412/5412 4341/4341
f 4341/4341 5412/5412 5413/5413
f 4341/4341 5413/5413 4343/4343
f 4343/4343 5413/5413 5414/5414
f 4343/4343 5414/5414 4345/4345
f 4345/4345 5414/5414 5415/5415
f 4345/4345 5415/5415 4347/4347
f 4347/4347 5415/5415 5416/5416
f 4347/4347 5416/5416 4349/4349
f 4349/4349 5416/5416 5417/5417
f 4349/4349 5417/5417 4351/4351
f 4351/4351 5417/5417 5418/5418
f 4351/4351 5418/5418 4353/4353
f 4353/4353 5418/5418 5419/5419
f 4353/4353 5419/5419 4355/4355
f 4355/4355 5419/5419 5420/5420
f 4355/4355 5420/5420 4357/4357
f 4357/4357 5420/5420 5421/5421
f 4357/4357 5421/5421 4359/4359
f 4359/4359 5421/5421 5422/5422
f 4359/4359 5422/5422 4361/4361
f 4361/4361 5422/5422 5423/5423
f 4361/4361 5423/5423 4363/4363
f 4363/4363 5423/5423 5424/5424
f 4363/4363 5424/5424 4365/4365
f 4365/4365 5424/5424 5425/5425
f 4365/4365 5425/5425 4367/4367
f 4367/4367 5425/5425 5426/5426
f 4367/4367 5426/5426 4369/4369
f 4369/4369 5426/5426 5427/5427
f 4369/4369 5427/5427 4371/4371
f 4371/4371 5427/5427 5428/5428
f 4371/4371 5428/5428 4373/4373
f 4373/4373 5428/5428 5429/5429
f 4373/4373 5429/5429 4375/4375
f 4375/4375 5429/5429 5430/5430
f 4375/4375 5430/5430 4377/4377
f 4377/4377 5430/5430 5431/5431
f 4377/4377 5431/5431 4379/4379
f 4379/4379 5431/5431 5432/5432
f 4379/4379 5432/5432 4381/4381
f 4381/4381 5432/5432 5433/5433
f 4381/4381 5433/5433 4383/4383
f 4383/4383 5433/5433 5434/5434
f 4383/4383 5434/5434 4385/4385
f 4385/4385 5434/5434 5435/5435
f 4385/4385 5435/5435 4387/4387
f 4387/4387 5435/5435 5436/5436
f 4387/4387 5436/5436 4389/4389
f 4389/4389 5436/5436 5437/5437
f 4389/4389 5437/5437 4391/4391
f 4391/4391 5437/5437 5438/5438
f 4391/4391 5438/5438 4393/4393
f 4393/4393 5438/5438 5439/5439
f 4393/4393 5439/5439 4395/4395
f 4395/4395 5439/5439 5440/5440
f 4395/4395 5440/5440 4397/4397
f 4397/4397 5440/5440 5441/5441
f 4397/4397 5441/5441 4399/4399
f 4399/4399 5441/5441 5442/5442
f 4399/4399 5442/5442 4401/4401
f 4401/4401 5442/5442 5443/5443
f 4401/4401 5443/5443 4403/4403
f 4403/4403 5443/5443 5444/5444
f 4403/4403 5444/5444 4405/4405
f 4405/4405 5444/5444 5445/5445
f 4405/4405 5445/5445 4407/4407
f 4407/4407 5445/5445 5446/5446
f 4407/4407 5446/5446 4409/4409
f 4409/4409 5446/5446 5447/5447
f 4409/4409 5447/5447 4411/4411
f 4411/4411 5447/5447 5448/5448
f 4411/4411 5448/5448 4413/4413
f 4413/4413 5448/5448 5449/5449
f 4413/4413 5449/5449 4415/4415
f 4415/4415 5449/5449 5450/5450
f 4415/4415 5450/5450 4417/4417
f 4417/4417 5450/5450 5451/5451
f 4417/4417 5451/5451 4419/4419
f 4419/4419 5451/5451 5452/5452
f 4419/4419 5452/5452 4421/4421
f 4421/4421 5452/5452 5453/5453
f 4421/4421 5453/5453 4423/4423
f 4423/4423 5453/5453 5454/5454
f 4423/4423 5454/5454 4425/4425
f 4425/4425 5454/5454 5455/5455
f 4425/4425 5455/5455 4427/4427
f 4427/4427 5455/5455 5456/5456
f 4427/4427 5456/5456 4429/4429
f 4429/4429 5456/5456 5457/5457
f 4429/4429 5457/5457 4431/4431
f 4431/4431 5457/5457 5458/5458
f 4431/4431 5458/5458 4433/4433
f 4433/4433 5458/5458 5459/5459
f 4433/4433 5459/5459 4435/4435
f 4435/4435 5459/5459 5460/5460
f 4435/4435 5460/5460 4437/4437
f 4437/4437 5460/5460 5461/5461
f 4437/4437 5461/5461 4439/4439
f 4439/4439 5461/5461 5462/5462
f 4439/4439 5462/5462 4441/4441
f 4441/4441 5462/5462 5463/5463
f 4441/4441 5463/5463 4443/4443
f 4443/4443 5463/5463 5464/5464
f 4443/4443 5464/5464 4445/4445
f 4445/4445 5464/5464 5465/5465
f 4445/4445 5465/5465 4447/4447
f 4447/4447 5465/5465 5466/5466
f 4447/4447 5466/5466 4449/4449
f 4449/4449 5466/5466 5467/5467
f 4449/4449 5467/5467 4451/4451
f 4451/4451 5467/5467 5468/5468
f 4451/4451 5468/5468 4453/4453
f 4453/4453 5468/5468 5469/5469
f 4453/4453 5469/5469 4455/4455
f 4455/4455 5469/5469 5470/5470
f 4455/4455 5470/5470 4457/4457
f 4457/4457 5470/5470 5471/5471
f 4457/4457 5471/5471 4459/4459
f 4459/4459 5471/5471 5472/5472
f 4459/4459 5472/5472 4461/4461
f 4461/4461 5472/5472 5473/5473
f 4461/4461 5473/5473 4463/4463
f 4463/4463 5473/5473 5474/5474
f 4463/4463 5474/5474 4465/4465
f 4465/4465 5474/5474 5475/5475
f 4465/4465 5475/5475 4467/4467
f 4467/4467 5475/5475 5476/5476
f 4467/4467 5476/5476 4469/4469
f 4469/4469 5476/5476 5477/5477
f 4469/4469 5477/5477 4471/4471
f 4471/4471 5477/5477 5478/5478
f 4471/4471 5478/5478 4473/4473
f 4473/4473 5478/5478 5479/5479
f 4473/4473 5479/5479 4475/4475
f 4475/4475 5479/5479 5480/5480
f 4475/4475 5480/5480 4477/4477
f 4477/4477 5480/5480 5481/5481
f 4477/4477 5481/5481 4479/4479
f 4479/4479 5481/5481 5482/5482
f 4479/4479 5482/5482 4481/4481
f 4481/4481 5482/5482 5483/5483
f 4481/4481 5483/5483 4483/4483
f 4483/4483 5483/5483 5484/5484
f 4483/4483 5484/5484 4485/4485
f 4485/4485 5484/5484 5485/5485
f 4485/4485 5485/5485 4487/4487
f 4487/4487 5485/5485 5486/5486
f 4487/4487 5486/5486 4489/4489
f 4489/4489 5486/5486 5487/5487
f 4489/4489 5487/5487 4491/4491
f 4491/4491 5487/5487 5488/5488
f 4491/4491 5488/5488 4493/4493
f 4493/4493 5488/5488 5489/5489
f 4493/4493 5489/5489 4495/4495
f 4495/4495 5489/5489 5490/5490
f 4495/4495 5490/5490 4497/4497
f 4497/4497 5490/5490 5491/5491
f 4497/4497 5491/5491 4499/4499
f 4499/4499 5491/5491 5492/5492
f 4499/4499 5492/5492 4501/4501
f 4501/4501 5492/5492 5493/5493
f 4501/4501 5493/5493 4503/4503
f 4503/4503 5493/5493 5494/5494
f 4503/4503 5494/5494 4505/4505
f 4505/4505 5494/5494 5495/5495
f 4505/4505 5495/5495 4507/4507
f 4507/4507 5495/5495 5496/5496
f 4507/4507 5496/5496 4509/4509
f 4509/4509 5496/5496 5497/5497
f 4509/4509 5497/5497 4511/4511
f 4511/4511 5497/5497 5498/5498
f 4511/4511 5498/5498 4513/4513
f 4513/4513 5498/5498 5499/5499
f 4513/4513 5499/5499 4515/4515
f 4515/4515 5499/5499 5500/5500
f 4515/4515 5500/5500 4517/4517
f 4517/4517 5500/5500 5501/5501
f 4517/4517 5501/5501 4519/4519
f 4519/4519 5501/5501 5502/5502
f 4519/4519 5502/5502 4521/4521
f 4521/4521 5502/5502 5503/5503
f 4521/4521 5503/5503 4523/4523
f 4523/4523 5503/5503 5504/5504
f 4523/4523 5504/5504 4525/4525
f 4525/4525 5504/5504 5505/5505
f 4525/4525 5505/5505 4527/4527
f 4527/4527 5505/5505 5506/5506
f 4527/4527 5506/5506 4529/4529
f 4529/4529 5506/5506 5507/5507
f 4529/4529 5507/5507 4531/4531
f 4531/4531 5507/5507 5508/5508
f 4531/4531 5508/5508 4533/4533
f 4533/4533 5508/5508 5509/5509
f 4533/4533 5509/5509 4535/4535
f 4535/4535 5509/5509 5510/5510
f 4535/4535 5510/5510 4537/4537
f 4537/4537 5510/5510 5511/5511
f 4537/4537 5511/5511 4539/4539
f 4539/4539 5511/5511 5512/5512
f 4539/4539 5512/5512 4541/4541
f 4541/4541 5512/5512 5513/5513
f 4541/4541 5513/5513 4543/4543
f 4543/4543 5513/5513 5514/5514
f 4543/4543 5514/5514 4545/4545
f 4545/4545 5514/5514 5515/5515
f 4545/4545 5515/5515 4547/4547
f 4547/4547 5515/5515 5516/5516
f 4547/4547 5516/5516 4549/4549
f 4549/4549 5516/5516 5517/5517
f 4549/4549 5517/5517 4551/4551
f 4551/4551 5517/5517 5518/5518
f 4551/4551 5518/5518 4553/4553
f 4553/4553 5518/5518 5519/5519
f 4555/4555 5520/5520 4557/4557
f 4557/4557 5520/5520 5078/5078
f 4557/4557 5078/5078 4559/4559
f 5235/5235 5521/5521 5236/5236
f 5236/5236 5521/5521 5522/5522
f 5236/5236 5522/5522 5237/5237
f 5237/5237 5522/5522 5523/5523
f 5237/5237 5523/5523 5238/5238
f 5238/5238 5523/5523 5524/5524
f 5238/5238 5524/5524 5239/5239
f 5239/5239 5524/5524 5525/5525
f 5239/5239 5525/5525 5240/5240
f 5240/5240 5525/5525 5526/5526
f 5240/5240 5526/5526 5241/5241
f 5241/5241 5526/5526 5527/5527
f 5241/5241 5527/5527 5242/5242
f 5242/5242 5527/5527 5528/5528
f 5242/5242 5528/5528 5243/5243
f 5243/5243 5528/5528 5529/5529
f 5243/5243 5529/5529 5244/5244
f 5244/5244 5529/5529 5530/5530
f 5244/5244 5530/5530 5245/5245
f 5245/5245 5530/5530 5531/5531
f 5245/5245 5531/5531 5246/5246
f 5246/5246 5531/5531 5532/5532
f 5246/5246 5532/5532 5247/5247
f 5247/5247 5532/5532 5533/5533
f 5247/5247 5533/5533 5248/5248
f 5248/5248 5533/5533 5534/5534
f 5248/5248 5534/5534 5249/5249
f 5249/5249 5534/5534 5535/5535
f 5249/5249 5535/5535 5250/5250
f 5250/5250 5535/5535 5536/5536
f 5250/5250 5536/5536 5251/5251
f 5251/5251 5536/5536 5537/5537
f 5251/5251 5537/5537 5252/5252
f 5252/5252 5537/5537 5538/5538
f 5252/5252 5538/5538 5253/5253
f 5253/5253 5538/5538 5539/5539
f 5253/5253 5539/5539 5254/5254
f 5254/5254 5539/5539 5540/5540
f 5254/5254 5540/5540 5255/5255
f 5255/5255 5540/5540 5541/5541
f 5255/5255 5541/5541 5256/5256
f 5256/5256 5541/5541 5542/5542
f 5256/5256 5542/5542 5257/5257
f 5257/5257 5542/5542 5543/5543
f 5257/5257 5543/5543 5258/5258
f 5258/5258 5543/5543 5544/5544
f 5258/5258 5544/5544 5259/5259
f 5259/5259 5544/5544 5545/5545
f 5259/5259 5545/5545 5260/5260
f 5260/5260 5545/5545 5546/5546
f 5260/5260 5546/5546 5261/5261
f 5261/5261 5546/5546 5547/5547
f 5261/5261 5547/5547 5262/5262
f 5262/5262 5547/5547 5548/5548
f 5262/5262 5548/5548 5263/5263
f 5263/5263 5548/5548 5549/5549
f 5263/5263 5549/5549 5264/5264
f 5264/5264 5549/5549 5550/5550
f 5264/5264 5550/5550 5265/5265
f 5265/5265 5550/5550 5551/5551
f 5265/5265 5551/5551 5266/5266
f 5266/5266 5551/5551 5552/5552
f 5266/5266 5552/5552 5267/5267
f 5267/5267 5552/5552 5553/5553
f 5267/5267 5553/5553 5268/5268
f 5268/5268 5553/5553 5554/5554
f 5268/5268 5554/5554 5269/5269
f 5269/5269 5554/5554 5555/5555
f 5269/5269 5555/5555 5270/5270
f 5270/5270 5555/5555 5556/5556
f 5270/5270 5556/5556 5271/5271
f 5271/5271 5556/5556 5557/5557
f 5271/5271 5557/5557 5272/5272
f 5272/5272 5557/5557 5558/5558
f 5272/5272 5558/5558 5273/5273
f 5273/5273 5558/5558 5559/5559
f 5273/5273 5559/5559 5274/5274
f 5274/5274 5559/5559 5560/5560
f 5274/5274 5560/5560 5275/5275
f 5275/5275 5560/5560 5561/5561
f 5275/5275 5561/5561 5276/5276
f 5276/5276 5561/5561 5562/5562
f 5276/5276 5562/5562 5277/5277
f 5277/5277 5562/5562 5563/5563
f 5277/5277 5563/5563 5278/5278
f 5278/5278 5563/5563 5564/5564
f 5278/5278 5564/5564 5279/5279
f 5279/5279 5564/5564 5565/5565
f 5279/5279 5565/5565 5280/5280
f 5280/5280 5565/5565 5566/5566
f 5280/5280 5566/5566 5281/5281
f 5281/5281 5566/5566 5567/5567
f 5281/5281 5567/5567 5282/5282
f 5282/5282 5567/5567 5568/5568
f 5282/5282 5568/5568 5283/5283
f 5283/5283 5568/5568 5569/5569
f 5283/5283 5569/5569 5284/5284
f 5284/5284 5569/5569 5570/5570
f 5284/5284 5570/5570 5285/5285
f 5285/5285 5570/5570 5571/5571
f 5285/5285 5571/5571 5286/5286
f 5286/5286 5571/5571 5572/5572
f 5286/5286 5572/5572 5287/5287
f 5287/5287 5572/5572 5573/5573
f 5287/5287 5573/5573 5288/5288
f 5288/5288 5573/5573 5574/5574
f 5288/5288 5574/5574 5289/5289
f 5289/5289 5574/5574 5575/5575
f 5289/5289 5575/5575 5290/5290
f 5290/5290 5575/5575 5576/5576
f 5290/5290 5576/5576 5291/5291
f 5291/5291 5576/5576 5577/5577
f 5291/5291 5577/5577 5292/5292
f 5292/5292 5577/5577 5578/5578
f 5292/5292 5578/5578 5293/5293
f 5293/5293 5578/5578 5579/5579
f 5293/5293 5579/5579 5294/5294
f 5294/5294 5579/5579 5580/5580
f 5294/5294 5580/5580 5295/5295
f 5295/5295 5580/5580 5581/5581
f 5295/5295 5581/5581 5296/5296
f 5296/5296 5581/5581 5582/5582
f 5296/5296 5582/5582 5297/5297
f 5297/5297 5582/5582 5583/5583
f 5297/5297 5583/5583 5298/5298
f 5298/5298 5583/5583 5584/5584
f 5298/5298 5584/5584 5299/5299
f 5299/5299 5584/5584 5585/5585
f 5299/5299 5585/5585 5300/5300
f 5300/5300 5585/5585 5586/5586
f 5300/5300 5586/5586 5302/5302
f 5302/5302 5586/5586 5587/5587
f 5302/5302 5587/5587 5303/5303
f 5303/5303 5587/5587 5588/5588
f 5303/5303 5588/5588 5304/5304
f 5304/5304 5588/5588 5589/5589
f 5304/5304 5589/5589 5305/5305
f 5305/5305 5589/5589 5590/5590
f 5305/5305 5590/5590 5306/5306
f 5306/5306 5590/5590 5591/5591
f 5306/5306 5591/5591 5307/5307
f 5307/5307 5591/5591 5592/5592
f 5307/5307 5592/5592 5308/5308
f 5308/5308 5592/5592 5593/5593
f 5308/5308 5593/5593 5309/5309
f 5309/5309 5593/5593 5594/5594
f 5309/5309 5594/5594 5310/5310
f 5310/5310 5594/5594 5595/5595
f 5310/5310 5595/5595 5311/5311
f 5311/5311 5595/5595 5596/5596
f 5311/5311 5596/5596 5312/5312
f 5312/5312 5596/5596 5597/5597
f 5312/5312 5597/5597 5313/5313
f 5313/5313 5597/5597 5598/5598
f 5313/5313 5598/5598 5314/5314
f 5314/5314 5598/5598 5599/5599
f 5314/5314 5599/5599 5315/5315
f 5315/5315 5599/5599 5600/5600
f 5315/5315 5600/5600 5316/5316
f 5316/5316 5600/5600 5601/5601
f 5316/5316 5601/5601 5317/5317
f 5317/5317 5601/5601 5602/5602
f 5317/5317 5602/5602 5318/5318
f 5318/5318 5602/5602 5603/5603
f 5318/5318 5603/5603 5319/5319
f 5319/5319 5603/5603 5604/5604
f 5319/5319 5604/5604 5320/5320
f 5320/5320 5604/5604 5605/5605
f 5320/5320 5605/5605 5321/5321
f 5321/5321 5605/5605 5606/5606
f 5321/5321 5606/5606 5322/5322
f 5322/5322 5606/5606 5607/5607
f 5322/5322 5607/5607 5323/5323
f 5323/5323 5607/5607 5608/5608
f 5323/5323 5608/5608 5324/5324
f 5324/5324 5608/5608 5609/5609
f 5324/5324 5609/5609 5325/5325
f 5325/5325 5609/5609 5610/5610
f 5325/5325 5610/5610 5326/5326
f 5326/5326 5610/5610 5611/5611
f 5326/5326 5611/5611 5327/5327
f 5327/5327 5611/5611 5612/5612
f 5327/5327 5612/5612 5328/5328
f 5328/5328 5612/5612 5613/5613
f 5328/5328 5613/5613 5329/5329
f 5329/5329 5613/5613 5614/5614
f 5329/5329 5614/5614 5330/5330
f 5330/5330 5614/5614 5615/5615
f 5330/5330 5615/5615 5331/5331
f 5331/5331 5615/5615 5616/5616
f 5331/5331 5616/5616 5332/5332
f 5332/5332 5616/5616 5617/5617
f 5332/5332 5617/5617 5333/5333
f 5333/5333 5617/5617 5618/5618
f 5333/5333 5618/5618 5334/5334
f 5334/5334 5618/5618 5619/5619
f 5334/5334 5619/5619 5335/5335
f 5335/5335 5619/5619 5620/5620
f 5335/5335 5620/5620 5336/5336
f 5336/5336 5620/5620 5621/5621
f 5336/5336 5621/5621 5337/5337
f 5337/5337 5621/5621 5622/5622
f 5337/5337 5622/5622 5338/5338
f 5338/5338 5622/5622 5623/5623
f 5338/5338 5623/5623 5339/5339
f 5339/5339 5623/5623 5624/5624
f 5339/5339 5624/5624 5340/5340
f 5340/5340 5624/5624 5625/5625
f 5340/5340 5625/5625 5341/5341
f 5341/5341 5625/5625 5626/5626
f 5341/5341 5626/5626 5342/5342
f 5342/5342 5626/5626 5627/5627
f 5342/5342 5627/5627 5343/5343
f 5343/5343 5627/5627 5628/5628
f 5343/5343 5628/5628 5344/5344
f 5344/5344 5628/5628 5629/5629
f 5344/5344 5629/5629 5345/5345
f 5345/5345 5629/5629 5630/5630
f 5345/5345 5630/5630 5346/5346
f 5346/5346 5630/5630 5631/5631
f 5346/5346 5631/5631 5347/5347
f 5347/5347 5631/5631 5632/5632
f 5347/5347 5632/5632 5348/5348
f 5348/5348 5632/5632 5633/5633
f 5348/5348 5633/5633 5349/5349
f 5349/5349 5633/5633 5634/5634
f 5349/5349 5634/5634 5350/5350
f 5350/5350 5634/5634 5635/5635
f 5350/5350 5635/5635 5351/5351
f 5351/5351 5635/5635 5636/5636
f 5351/5351 5636/5636 5352/5352
f 5352/5352 5636/5636 5637/5637
f 5352/5352 5637/5637 5353/5353
f 5353/5353 5637/5637 5638/5638
f 5353/5353 5638/5638 5354/5354
f 5354/5354 5638/5638 5639/5639
f 5354/5354 5639/5639 5355/5355
f 5355/5355 5639/5639 5640/5640
f 5355/5355 5640/5640 5356/5356
f 5356/5356 5640/5640 5641/5641
f 5356/5356 5641/5641 5357/5357
f 5357/5357 5641/5641 5642/5642
f 5357/5357 5642/5642 5358/5358
f 5358/5358 5642/5642 5643/5643
f 5358/5358 5643/5643 5359/5359
f 5359/5359 5643/5643 5644/5644
f 5359/5359 5644/5644 5360/5360
f 5360/5360 5644/5644 5645/5645
f 5360/5360 5645/5645 5361/5361
f 5361/5361 5645/5645 5646/5646
f 5361/5361 5646/5646 5362/5362
f 5362/5362 5646/5646 5647/5647
f 5362/5362 5647/5647 5363/5363
f 5363/5363 5647/5647 5648/5648
f 5363/5363 5648/5648 5364/5364
f 5364/5364 5648/5648 5649/5649
f 5364/5364 5649/5649 5365/5365
f 5365/5365 5649/5649 5650/5650
f 5365/5365 5650/5650 5366/5366
f 5366/5366 5650/5650 5651/5651
f 5366/5366 5651/5651 5367/5367
f 5367/5367 5651/5651 5652/5652
f 5367/5367 5652/5652 5368/5368
f 5368/5368 5652/5652 5653/5653
f 5368/5368 5653/5653 5369/5369
f 5369/5369 5653/5653 5654/5654
f 5369/5369 5654/5654 5370/5370
f 5370/5370 5654/5654 5655/5655
f 5370/5370 5655/5655 5371/5371
f 5371/5371 5655/5655 5656/5656
f 5371/5371 5656/5656 5372/5372
f 5372/5372 5656/5656 5657/5657
f 5372/5372 5657/5657 5373/5373
f 5373/5373 5657/5657 5658/5658
f 5373/5373 5658/5658 5374/5374
f 5374/5374 5658/5658 5659/5659
f 5374/5374 5659/5659 5375/5375
f 5375/5375 5659/5659 5660/5660
f 5375/5375 5660/5660 5376/5376
f 5376/5376 5660/5660 5661/5661
f 5376/5376 5661/5661 5377/5377
f 5377/5377 5661/5661 5662/5662
f 5378/5378 5663/5663 5379/5379
f 5379/5379 5663/5663 5664/5664
f 5379/5379 5664/5664 5380/5380
f 5380/5380 5664/5664 5665/5665
f 5380/5380 5665/5665 5381/5381
f 5381/5381 5665/5665 5666/5666
f 5381/5381 5666/5666 5382/5382
f 5382/5382 5666/5666 5667/5667
f 5382/5382 5667/5667 5383/5383
f 5383/5383 5667/5667 5668/5668
f 5383/5383 5668/5668 5384/5384
f 5384/5384 5668/5668 5669/5669
f 5384/5384 5669/5669 5385/5385
f 5385/5385 5669/5669 5670/5670
f 5385/5385 5670/5670 5386/5386
f 5386/5386 5670/5670 5671/5671
f 5386/5386 5671/5671 5387/5387
f 5387/5387 5671/5671 5672/5672
f 5387/5387 5672/5672 5388/5388
f 5388/5388 5672/5672 5673/5673
f 5388/5388 5673/5673 5389/5389
f 5389/5389 5673/5673 5674/5674
f 5389/5389 5674/5674 5390/5390
f 5390/5390 5674/5674 5675/5675
f 5390/5390 5675/5675 5391/5391
f 5391/5391 5675/5675 5676/5676
f 5391/5391 5676/5676 5392/5392
f 5392/5392 5676/5676 5677/5677
f 5392/5392 5677/5677 5393/5393
f 5393/5393 5677/5677 5678/5678
f 5393/5393 5678/5678 5394/5394
f 5394/5394 5678/5678 5679/5679
f 5394/5394 5679/5679 5395/5395
f 5395/5395 5679/5679 5680/5680
f 5395/5395 5680/5680 5396/5396
f 5396/5396 5680/5680 5681/5681
f 5396/5396 5681/5681 5397/5397
f 5397/5397 5681/5681 5682/5682
f 5397/5397 5682/5682 5398/5398
f 5398/5398 5682/5682 5683/5683
f 5398/5398 5683/5683 5399/5399
f 5399/5399 5683/5683 5684/5684
f 5399/5399 5684/5684 5400/5400
f 5400/5400 5684/5684 5685/5685
f 5400/5400 5685/5685 5401/5401
f 5401/5401 5685/5685 5686/5686
f 5401/5401 5686/5686 5402/5402
f 5402/5402 5686/5686 5687/5687
f 5402/5402 5687/5687 5403/5403
f 5403/5403 5687/5687 5688/5688
f 5403/5403 5688/5688 5404/5404
f 5404/5404 5688/5688 5689/5689
f 5404/5404 5689/5689 5405/5405
f 5405/5405 5689/5689 5690/5690
f 5405/5405 5690/5690 5406/5406
f 5406/5406 5690/5690 5691/5691
f 5406/5406 5691/5691 5407/5407
f 5407/5407 5691/5691 5692/5692
f 5407/5407 5692/5692 5408/5408
f 5408/5408 5692/5692 5693/5693
f 5408/5408 5693/5693 5409/5409
f 5409/5409 5693/5693 5694/5694
f 5409/5409 5694/5694 5410/5410
f 5410/5410 5694/5694 5695/5695
f 5410/5410 5695/5695 5411/5411
f 5411/5411 5695/5695 5696/5696
f 5411/5411 5696/5696 5412/5412
f 5412/5412 5696/5696 5697/5697
f 5412/5412 5697/5697 5413/5413
f 5413/5413 5697/5697 5698/5698
f 5413/5413 5698/5698 5414/5414
f 5414/5414 5698/5698 5699/5699
f 5414/5414 5699/5699 5415/5415
f 5415/5415 5699/5699 5700/5700
f 5415/5415 5700/5700 5416/5416
f 5416/5416 5700/5700 5701/5701
f 5416/5416 5701/5701 5417/5417
f 5417/5417 5701/5701 5702/5702
f 5417/5417 5702/5702 5418/5418
f 5418/5418 5702/5702 5703/5703
f 5418/5418 5703/5703 5419/5419
f 5419/5419 5703/5703 5704/5704
f 5419/5419 5704/5704 5420/5420
f 5420/5420 5704/5704 5705/5705
f 5420/5420 5705/5705 5421/5421
f 5421/5421 5705/5705 5706/5706
f 5421/5421 5706/5706 5422/5422
f 5422/5422 5706/5706 5707/5707
f 5422/5422 5707/5707 5423/5423
f 5423/5423 5707/5707 5708/5708
f 5423/5423 5708/5708 5424/5424
f 5424/5424 5708/5708 5709/5709
f 5424/5424 5709/5709 5425/5425
f 5425/5425 5709/5709 5710/5710
f 5425/5425 5710/5710 5426/5426
f 5426/5426 5710/5710 5711/5711
f 5426/5426 5711/5711 5427/5427
f 5427/5427 5711/5711 5712/5712
f 5427/5427 5712/5712 5428/5428
f 5428/5428 5712/5712 5713/5713
f 5428/5428 5713/5713 5429/5429
f 5429/5429 5713/5713 5714/5714
f 5429/5429 5714/5714 5430/5430
f 5430/5430 5714/5714 5715/5715
f 5430/5430 5715/5715 5431/5431
f 5431/5431 5715/5715 5716/5716
f 5431/5431 5716/5716 5432/5432
f 5432/5432 5716/5716 5717/5717
f 5432/5432 5717/5717 5433/5433
f 5433/5433 5717/5717 5718/5718
f 5433/5433 5718/5718 5434/5434
f 5434/5434 5718/5718 5719/5719
f 5434/5434 5719/5719 5435/5435
f 5435/5435 5719/5719 5720/5720
f 5435/5435 5720/5720 5436/5436
f 5436/5436 5720/5720 5721/5721
f 5436/5436 5721/5721 5437/5437
f 5437/5437 5721/5721 5722/5722
f 5437/5437 5722/5722 5438/5438
f 5438/5438 5722/5722 5723/5723
f 5438/5438 5723/5723 5439/5439
f 5439/5439 5723/5723 5724/5724
f 5439/5439 5724/5724 5440/5440
f 5440/5440 5724/5724 5725/5725
f 5440/5440 5725/5725 5441/5441
f 5441/5441 5725/5725 5726/5726
f 5441/5441 5726/5726 5442/5442
f 5442/5442 5726/5726 5727/5727
f 5442/5442 5727/5727 5443/5443
f 5443/5443 5727/5727 5728/5728
f 5443/5443 5728/5728 5444/5444
f 5444/5444 5728/5728 5729/5729
f 5444/5444 5729/5729 5445/5445
f 5445/5445 5729/5729 5730/5730
f 5445/5445 5730/5730 5446/5446
f 5446/5446 5730/5730 5731/5731
f 5446/5446 5731/5731 5447/5447
f 5447/5447 5731/5731 5732/5732
f 5447/5447 5732/5732 5448/5448
f 5448/5448 5732/5732 5733/5733
f 5448/5448 5733/5733 5449/5449
f 5449/5449 5733/5733 5734/5734
f 5449/5449 5734/5734 5450/5450
f 5450/5450 5734/5734 5735/5735
f 5450/5450 5735/5735 5451/5451
f 5451/5451 5735/5735 5736/5736
f 5451/5451 5736/5736 5452/5452
f 5452/5452 5736/5736 5737/5737
f 5452/5452 5737/5737 5453/5453
f 5453/5453 5737/5737 5738/5738
f 5453/5453 5738/5738 5454/5454
f 5454/5454 5738/5738 5739/5739
f 5454/5454 5739/5739 5455/5455
f 5455/5455 5739/5739 5740/5740
f 5455/5455 5740/5740 5456/5456
f 5456/5456 5740/5740 5741/5741
f 5456/5456 5741/5741 5457/5457
f 5457/5457 5741/5741 5742/5742
f 5457/5457 5742/5742 5458/5458
f 5458/5458 5742/5742 5743/5743
f 5458/5458 5743/5743 5459/5459
f 5459/5459 5743/5743 5744/5744
f 5459/5459 5744/5744 5460/5460
f 5460/5460 5744/5744 5745/5745
f 5460/5460 5745/5745 5461/5461
f 5461/5461 5745/5745 5746/5746
f 5461/5461 5746/5746 5462/5462
f 5462/5462 5746/5746 5747/5747
f 5462/5462 5747/5747 5463/5463
f 5463/5463 5747/5747 5748/5748
f 5463/5463 5748/5748 5464/5464
f 5464/5464 5748/5748 5749/5749
f 5464/5464 5749/5749 5465/5465
f 5465/5465 5749/5749 5750/5750
f 5465/5465 5750/5750 5466/5466
f 5466/5466 5750/5750 5751/5751
f 5466/5466 5751/5751 5467/5467
f 5467/5467 5751/5751 5752/5752
f 5467/5467 5752/5752 5468/5468
f 5468/5468 5752/5752 5753/5753
f 5468/5468 5753/5753 5469/5469
f 5469/5469 5753/5753 5754/5754
f 5469/5469 5754/5754 5470/5470
f 5470/5470 5754/5754 5755/5755
f 5470/5470 5755/5755 5471/5471
f 5471/5471 5755/5755 5756/5756
f 5471/5471 5756/5756 5472/5472
f 5472/5472 5756/5756 5757/5757
f 5472/5472 5757/5757 5473/5473
f 5473/5473 5757/5757 5758/5758
f 5473/5473 5758/5758 5474/5474
f 5474/5474 5758/5758 5759/5759
f 5474/5474 5759/5759 5475/5475
f 5475/5475 5759/5759 5760/5760
f 5475/5475 5760/5760 5476/5476
f 5476/5476 5760/5760 5761/5761
f 5476/5476 5761/5761 5477/5477
f 5477/5477 5761/5761 5762/5762
f 5477/5477 5762/5762 5478/5478
f 5478/5478 5762/5762 5763/5763
f 5478/5478 5763/5763 5479/5479
f 5479/5479 5763/5763 5764/5764
f 5479/5479 5764/5764 5480/5480
f 5480/5480 5764/5764 5765/5765
f 5480/5480 5765/5765 5481/5481
f 5481/5481 5765/5765 5766/5766
f 5481/5481 5766/5766 5482/5482
f 5482/5482 5766/5766 5767/5767
f 5482/5482 5767/5767 5483/5483
f 5483/5483 5767/5767 5768/5768
f 5483/5483 5768/5768 5484/5484
f 5484/5484 5768/5768 5769/5769
f 5484/5484 5769/5769 5485/5485
f 5485/5485 5769/5769 5770/5770
f 5485/5485 5770/5770 5486/5486
f 5486/5486 5770/5770 5771/5771
f 5486/5486 5771/5771 5487/5487
f 5487/5487 5771/5771 5772/5772
f 5487/5487 5772/5772 5488/5488
f 5488/5488 5772/5772 5773/5773
f 5488/5488 5773/5773 5489/5489
f 5489/5489 5773/5773 5774/5774
f 5489/5489 5774/5774 5490/5490
f 5490/5490 5774/5774 5775/5775
f 5490/5490 5775/5775 5491/5491
f 5491/5491 5775/5775 5776/5776
f 5491/5491 5776/5776 5492/5492
f 5492/5492 5776/5776 5777/5777
f 5492/5492 5777/5777 5493/5493
f 5493/5493 5777/5777 5778/5778
f 5493/5493 5778/5778 5494/5494
f 5494/5494 5778/5778 5779/5779
f 5494/5494 5779/5779 5495/5495
f 5495/5495 5779/5779 5780/5780
f 5495/5495 5780/5780 5496/5496
f 5496/5496 5780/5780 5781/5781
f 5496/5496 5781/5781 5497/5497
f 5497/5497 5781/5781 5782/5782
f 5497/5497 5782/5782 5498/5498
f 5498/5498 5782/5782 5783/5783
f 5498/5498 5783/5783 5499/5499
f 5499/5499 5783/5783 5784/5784
f 5499/5499 5784/5784 5500/5500
f 5500/5500 5784/5784 5198/5198
f 5500/5500 5198/5198 5501/5501
f 5501/5501 5198/5198 5200/5200
f 5501/5501 5200/5200 5502/5502
f 5502/5502 5200/5200 5202/5202
f 5502/5502 5202/5202 5503/5503
f 5503/5503 5202/5202 5204/5204
f 5503/5503 5204/5204 5504/5504
f 5504/5504 5204/5204 5206/5206
f 5504/5504 5206/5206 5505/5505
f 5505/5505 5206/5206 5208/5208
f 5505/5505 5208/5208 5506/5506
f 5506/5506 5208/5208 5210/5210
f 5506/5506 5210/5210 5507/5507
f 5507/5507 5210/5210 5212/5212
f 5507/5507 5212/5212 5508/5508
f 5508/5508 5212/5212 5214/5214
f 5508/5508 5214/5214 5509/5509
f 5509/5509 5214/5214 5216/5216
f 5509/5509 5216/5216 5510/5510
f 5510/5510 5216/5216 5218/5218
f 5510/5510 5218/5218 5511/5511
f 5511/5511 5218/5218 5220/5220
f 5511/5511 5220/5220 5512/5512
f 5512/5512 5220/5220 5222/5222
f 5512/5512 5222/5222 5513/5513
f 5513/5513 5222/5222 5224/5224
f 5513/5513 5224/5224 5514/5514
f 5514/5514 5224/5224 5226/5226
f 5514/5514 5226/5226 5515/5515
f 5515/5515 5226/5226 5228/5228
f 5515/5515 5228/5228 5516/5516
f 5516/5516 5228/5228 5230/5230
f 5516/5516 5230/5230 5517/5517
f 5517/5517 5230/5230 5232/5232
f 5517/5517 5232/5232 5518/5518
f 5518/5518 5232/5232 5234/5234
f 5518/5518 5234/5234 5519/5519
f 5519/5519 5234/5234 5074/5074
f 5520/5520 5075/5075 5078/5078
f 5785/5785 3984/3984 5786/5786
f 5786/5786 3984/3984 3982/3982
f 5786/5786 3982/3982 5787/5787
f 5787/5787 3982/3982 4799/4799
f 5787/5787 4799/4799 5788/5788
f 5788/5788 4799/4799 4801/4801
f 5788/5788 4801/4801 5789/5789
f 5789/5789 4801/4801 4803/4803
f 5789/5789 4803/4803 5790/5790
f 5790/5790 4803/4803 4805/4805
f 5790/5790 4805/4805 5791/5791
f 5791/5791 4805/4805 4807/4807
f 5791/5791 4807/4807 5792/5792
f 5792/5792 4807/4807 4809/4809
f 5792/5792 4809/4809 5793/5793
f 5793/5793 4809/4809 4811/4811
f 5793/5793 4811/4811 5794/5794
f 5794/5794 4811/4811 4813/4813
f 5794/5794 4813/4813 5795/5795
f 5795/5795 4813/4813 4815/4815
f 5795/5795 4815/4815 5796/5796
f 5796/5796 4815/4815 4817/4817
f 5796/5796 4817/4817 5797/5797
f 5797/5797 4817/4817 4819/4819
f 5797/5797 4819/4819 5798/5798
f 5798/5798 4819/4819 4821/4821
f 5798/5798 4821/4821 5799/5799
f 5799/5799 4821/4821 4823/4823
f 5799/5799 4823/4823 5800/5800
f 5800/5800 4823/4823 4825/4825
f 5800/5800 4825/4825 5801/5801
f 5801/5801 4825/4825 4827/4827
f 5801/5801 4827/4827 5802/5802
f 5802/5802 4827/4827 4829/4829
f 5802/5802 4829/4829 5803/5803
f 5803/5803 4829/4829 4831/4831
f 5803/5803 4831/4831 5804/5804
f 5804/5804 4831/4831 4833/4833
f 5804/5804 4833/4833 4835/4835
f 5521/5521 4270/4270 5522/5522
f 5522/5522 4270/4270 4272/4272
f 5522/5522 4272/4272 5523/5523
f 5523/5523 4272/4272 4274/4274
f 5523/5523 4274/4274 5524/5524
f 5524/5524 4274/4274 4276/4276
f 5524/5524 4276/4276 5525/5525
f 5525/5525 4276/4276 4278/4278
f 5525/5525 4278/4278 5526/5526
f 5526/5526 4278/4278 4280/4280
f 5526/5526 4280/4280 5527/5527
f 5527/5527 4280/4280 4282/4282
f 5527/5527 4282/4282 5528/5528
f 5528/5528 4282/4282 4284/4284
f 5528/5528 4284/4284 5529/5529
f 5529/5529 4284/4284 4286/4286
f 5529/5529 4286/4286 5530/5530
f 5530/5530 4286/4286 4288/4288
f 5530/5530 4288/4288 5531/5531
f 5531/5531 4288/4288 4290/4290
f 5531/5531 4290/4290 5532/5532
f 5532/5532 4290/4290 4292/4292
f 5532/5532 4292/4292 5533/5533
f 5533/5533 4292/4292 4294/4294
f 5533/5533 4294/4294 5534/5534
f 5534/5534 4294/4294 4296/4296
f 5534/5534 4296/4296 5535/5535
f 5535/5535 4296/4296 4298/4298
f 5535/5535 4298/4298 5536/5536
f 5536/5536 4298/4298 4300/4300
f 5536/5536 4300/4300 5537/5537
f 5537/5537 4300/4300 4302/4302
f 5537/5537 4302/4302 5538/5538
f 5538/5538 4302/4302 4304/4304
f 5538/5538 4304/4304 5539/5539
f 5539/5539 4304/4304 4306/4306
f 5539/5539 4306/4306 5540/5540
f 5540/5540 4306/4306 4308/4308
f 5540/5540 4308/4308 5541/5541
f 5541/5541 4308/4308 4310/4310
f 5541/5541 4310/4310 5542/5542
f 5542/5542 4310/4310 4312/4312
f 5542/5542 4312/4312 5543/5543
f 5543/5543 4312/4312 4314/4314
f 5543/5543 4314/4314 5544/5544
f 5544/5544 4314/4314 4316/4316
f 5544/5544 4316/4316 5545/5545
f 5545/5545 4316/4316 4318/4318
f 5545/5545 4318/4318 5546/5546
f 5546/5546 4318/4318 4320/4320
f 5546/5546 4320/4320 5547/5547
f 5547/5547 4320/4320 4322/4322
f 5547/5547 4322/4322 5548/5548
f 5548/5548 4322/4322 4324/4324
f 5548/5548 4324/4324 5549/5549
f 5549/5549 4324/4324 4326/4326
f 5549/5549 4326/4326 5550/5550
f 5550/5550 4326/4326 4328/4328
f 5550/5550 4328/4328 5551/5551
f 5551/5551 4328/4328 4330/4330
f 5551/5551 4330/4330 5552/5552
f 5552/5552 4330/4330 4332/4332
f 5552/5552 4332/4332 5553/5553
f 5553/5553 4332/4332 4334/4334
f 5553/5553 4334/4334 5554/5554
f 5554/5554 4334/4334 4336/4336
f 5554/5554 4336/4336 5555/5555
f 5555/5555 4336/4336 4338/4338
f 5555/5555 4338/4338 5556/5556
f 5556/5556 4338/4338 4340/4340
f 5556/5556 4340/4340 5557/5557
f 5557/5557 4340/4340 4342/4342
f 5557/5557 4342/4342 5558/5558
f 5558/5558 4342/4342 4344/4344
f 5558/5558 4344/4344 5559/5559
f 5559/5559 4344/4344 4346/4346
f 5559/5559 4346/4346 5560/5560
f 5560/5560 4346/4346 4348/4348
f 5560/5560 4348/4348 5561/5561
f 5561/5561 4348/4348 4350/4350
f 5561/5561 4350/4350 5562/5562
f 5562/5562 4350/4350 4352/4352
f 5562/5562 4352/4352 5563/5563
f 5563/5563 4352/4352 4354/4354
f 5563/5563 4354/4354 5564/5564
f 5564/5564 4354/4354 4356/4356
f 5564/5564 4356/4356 5565/5565
f 5565/5565 4356/4356 4358/4358
f 5565/5565 4358/4358 5566/5566
f 5566/5566 4358/4358 4360/4360
f 5566/5566 4360/4360 5567/5567
f 5567/5567 4360/4360 4362/4362
f 5567/5567 4362/4362 5568/5568
f 5568/5568 4362/4362 4364/4364
f 5568/5568 4364/4364 5569/5569
f 5569/5569 4364/4364 4366/4366
f 5569/5569 4366/4366 5570/5570
f 5570/5570 4366/4366 4368/4368
f 5570/5570 4368/4368 5571/5571
f 5571/5571 4368/4368 4370/4370
f 5571/5571 4370/4370 5572/5572
f 5572/5572 4370/4370 4372/4372
f 5572/5572 4372/4372 5573/5573
f 5573/5573 4372/4372 4374/4374
f 5573/5573 4374/4374 5574/5574
f 5574/5574 4374/4374 4376/4376
f 5574/5574 4376/4376 5575/5575
f 5575/5575 4376/4376 4378/4378
f 5575/5575 4378/4378 5576/5576
f 5576/5576 4378/4378 4380/4380
f 5576/5576 4380/4380 5577/5577
f 5577/5577 4380/4380 4382/4382
f 5577/5577 4382/4382 5578/5578
f 5578/5578 4382/4382 4384/4384
f 5578/5578 4384/4384 5579/5579
f 5579/5579 4384/4384 4386/4386
f 5579/5579 4386/4386 5580/5580
f 5580/5580 4386/4386 4388/4388
f 5580/5580 4388/4388 5581/5581
f 5581/5581 4388/4388 4390/4390
f 5581/5581 4390/4390 5582/5582
f 5582/5582 4390/4390 4392/4392
f 5582/5582 4392/4392 5583/5583
f 5583/5583 4392/4392 4394/4394
f 5583/5583 4394/4394 5584/5584
f 5584/5584 4394/4394 4396/4396
f 5584/5584 4396/4396 5585/5585
f 5585/5585 4396/4396 4398/4398
f 5585/5585 4398/4398 5586/5586
f 5586/5586 4398/4398 4400/4400
f 5586/5586 4400/4400 5587/5587
f 5587/5587 4400/4400 4402/4402
f 5587/5587 4402/4402 5588/5588
f 5588/5588 4402/4402 4404/4404
f 5588/5588 4404/4404 5805/5805
f 5589/5589 4404/4404 4406/4406
f 5805/5805 4406/4406 5590/5590
f 5590/5590 4406/4406 4408/4408
f 5590/5590 4408/4408 5591/5591
f 5591/5591 4408/4408 4410/4410
f 5591/5591 4410/4410 5592/5592
f 5592/5592 4410/4410 4412/4412
f 5592/5592 4412/4412 5593/5593
f 5593/5593 4412/4412 4414/4414
f 5593/5593 4414/4414 5806/5806
f 5806/5806 4414/4414 4416/4416
f 5806/5806 4416/4416 5595/5595
f 5595/5595 4416/4416 4418/4418
f 5595/5595 4418/4418 5596/5596
f 5596/5596 4418/4418 4420/4420
f 5596/5596 4420/4420 5597/5597
f 5597/5597 4420/4420 4422/4422
f 5597/5597 4422/4422 5598/5598
f 5598/5598 4422/4422 4424/4424
f 5598/5598 4424/4424 5599/5599
f 5599/5599 4424/4424 4426/4426
f 5599/5599 4426/4426 5600/5600
f 5600/5600 4426/4426 4428/4428
f 5600/5600 4428/4428 5601/5601
f 5601/5601 4428/4428 4430/4430
f 5601/5601 4430/4430 5602/5602
f 5602/5602 4430/4430 4432/4432
f 5602/5602 4432/4432 5603/5603
f 5603/5603 4432/4432 4434/4434
f 5603/5603 4434/4434 5604/5604
f 5604/5604 4434/4434 4436/4436
f 5604/5604 4436/4436 5605/5605
f 5605/5605 4436/4436 4438/4438
f 5605/5605 4438/4438 5606/5606
f 5606/5606 4438/4438 4440/4440
f 5606/5606 4440/4440 5607/5607
f 5607/5607 4440/4440 4442/4442
f 5607/5607 4442/4442 5608/5608
f 5608/5608 4442/4442 4444/4444
f 5608/5608 4444/4444 5609/5609
f 5609/5609 4444/4444 4446/4446
f 5609/5609 4446/4446 5610/5610
f 5610/5610 4446/4446 4448/4448
f 5610/5610 4448/4448 5611/5611
f 5611/5611 4448/4448 4450/4450
f 5611/5611 4450/4450 5612/5612
f 5612/5612 4450/4450 4452/4452
f 5612/5612 4452/4452 5613/5613
f 5613/5613 4452/4452 4454/4454
f 5613/5613 4454/4454 5614/5614
f 5614/5614 4454/4454 4456/4456
f 5614/5614 4456/4456 5615/5615
f 5615/5615 4456/4456 4458/4458
f 5615/5615 4458/4458 5616/5616
f 5616/5616 4458/4458 4460/4460
f 5616/5616 4460/4460 5617/5617
f 5617/5617 4460/4460 4462/4462
f 5617/5617 4462/4462 5618/5618
f 5618/5618 4462/4462 4464/4464
f 5618/5618 4464/4464 5619/5619
f 5619/5619 4464/4464 4466/4466
f 5619/5619 4466/4466 5620/5620
f 5620/5620 4466/4466 4468/4468
f 5620/5620 4468/4468 5621/5621
f 5621/5621 4468/4468 4470/4470
f 5621/5621 4470/4470 5622/5622
f 5622/5622 4470/4470 4472/4472
f 5622/5622 4472/4472 5623/5623
f 5623/5623 4472/4472 4474/4474
f 5623/5623 4474/4474 5624/5624
f 5624/5624 4474/4474 4476/4476
f 5624/5624 4476/4476 5625/5625
f 5625/5625 4476/4476 4478/4478
f 5625/5625 4478/4478 5626/5626
f 5626/5626 4478/4478 4480/4480
f 5626/5626 4480/4480 5627/5627
f 5627/5627 4480/4480 4482/4482
f 5627/5627 4482/4482 5628/5628
f 5628/5628 4482/4482 4484/4484
f 5628/5628 4484/4484 5629/5629
f 5629/5629 4484/4484 4486/4486
f 5629/5629 4486/4486 5630/5630
f 5630/5630 4486/4486 4488/4488
f 5630/5630 4488/4488 5631/5631
f 5631/5631 4488/4488 4490/4490
f 5631/5631 4490/4490 5632/5632
f 5632/5632 4490/4490 4492/4492
f 5632/5632 4492/4492 5633/5633
f 5633/5633 4492/4492 4494/4494
f 5633/5633 4494/4494 5634/5634
f 5634/5634 4494/4494 4496/4496
f 5634/5634 4496/4496 5635/5635
f 5635/5635 4496/4496 4498/4498
f 5635/5635 4498/4498 5636/5636
f 5636/5636 4498/4498 4500/4500
f 5636/5636 4500/4500 5637/5637
f 5637/5637 4500/4500 4502/4502
f 5637/5637 4502/4502 5638/5638
f 5638/5638 4502/4502 4504/4504
f 5638/5638 4504/4504 5639/5639
f 5639/5639 4504/4504 4506/4506
f 5639/5639 4506/4506 5640/5640
f 5640/5640 4506/4506 4508/4508
f 5640/5640 4508/4508 5641/5641
f 5641/5641 4508/4508 4510/4510
f 5641/5641 4510/4510 5642/5642
f 5642/5642 4510/4510 4512/4512
f 5642/5642 4512/4512 5643/5643
f 5643/5643 4512/4512 4514/4514
f 5643/5643 4514/4514 5644/5644
f 5644/5644 4514/4514 4516/4516
f 5644/5644 4516/4516 5645/5645
f 5645/5645 4516/4516 4518/4518
f 5645/5645 4518/4518 5646/5646
f 5646/5646 4518/4518 4520/4520
f 5646/5646 4520/4520 5647/5647
f 5647/5647 4520/4520 4522/4522
f 5647/5647 4522/4522 5648/5648
f 5648/5648 4522/4522 4524/4524
f 5648/5648 4524/4524 5649/5649
f 5649/5649 4524/4524 4526/4526
f 5649/5649 4526/4526 5650/5650
f 5650/5650 4526/4526 4528/4528
f 5650/5650 4528/4528 5651/5651
f 5651/5651 4528/4528 4530/4530
f 5651/5651 4530/4530 5652/5652
f 5652/5652 4530/4530 4532/4532
f 5652/5652 4532/4532 5653/5653
f 5653/5653 4532/4532 4534/4534
f 5653/5653 4534/4534 5654/5654
f 5654/5654 4534/4534 4536/4536
f 5654/5654 4536/4536 5655/5655
f 5655/5655 4536/4536 4538/4538
f 5655/5655 4538/4538 5656/5656
f 5656/5656 4538/4538 4540/4540
f 5656/5656 4540/4540 5657/5657
f 5657/5657 4540/4540 4542/4542
f 5657/5657 4542/4542 5658/5658
f 5658/5658 4542/4542 4544/4544
f 5658/5658 4544/4544 5659/5659
f 5659/5659 4544/4544 4546/4546
f 5659/5659 4546/4546 5660/5660
f 5660/5660 4546/4546 4548/4548
f 5660/5660 4548/4548 5661/5661
f 5661/5661 4548/4548 4550/4550
f 5661/5661 4550/4550 5662/5662
f 5662/5662 4550/4550 4552/4552
f 5663/5663 4554/4554 5664/5664
f 5664/5664 4554/4554 4556/4556
f 5664/5664 4556/4556 5665/5665
f 5665/5665 4556/4556 4558/4558
f 5665/5665 4558/4558 5666/5666
f 5666/5666 4558/4558 4560/4560
f 5666/5666 4560/4560 5667/5667
f 5667/5667 4560/4560 4562/4562
f 5667/5667 4562/4562 5668/5668
f 5668/5668 4562/4562 4564/4564
f 5668/5668 4564/4564 5669/5669
f 5669/5669 4564/4564 4566/4566
f 5669/5669 4566/4566 5670/5670
f 5670/5670 4566/4566 4568/4568
f 5670/5670 4568/4568 5671/5671
f 5671/5671 4568/4568 4570/4570
f 5671/5671 4570/4570 5672/5672
f 5672/5672 4570/4570 4572/4572
f 5672/5672 4572/4572 5673/5673
f 5673/5673 4572/4572 4574/4574
f 5673/5673 4574/4574 5674/5674
f 5674/5674 4574/4574 4576/4576
f 5674/5674 4576/4576 5675/5675
f 5675/5675 4576/4576 4578/4578
f 5675/5675 4578/4578 5676/5676
f 5676/5676 4578/4578 4580/4580
f 5676/5676 4580/4580 5677/5677
f 5677/5677 4580/4580 4582/4582
f 5677/5677 4582/4582 5678/5678
f 5678/5678 4582/4582 4584/4584
f 5678/5678 4584/4584 5679/5679
f 5679/5679 4584/4584 4586/4586
f 5679/5679 4586/4586 5680/5680
f 5680/5680 4586/4586 4588/4588
f 5680/5680 4588/4588 5681/5681
f 5681/5681 4588/4588 4590/4590
f 5681/5681 4590/4590 5682/5682
f 5682/5682 4590/4590 4592/4592
f 5682/5682 4592/4592 5683/5683
f 5683/5683 4592/4592 4594/4594
f 5683/5683 4594/4594 5684/5684
f 5684/5684 4594/4594 4596/4596
f 5684/5684 4596/4596 5685/5685
f 5685/5685 4596/4596 4598/4598
f 5685/5685 4598/4598 5686/5686
f 5686/5686 4598/4598 4600/4600
f 5686/5686 4600/4600 5687/5687
f 5687/5687 4600/4600 4602/4602
f 5687/5687 4602/4602 5688/5688
f 5688/5688 4602/4602 4604/4604
f 5688/5688 4604/4604 5689/5689
f 5689/5689 4604/4604 4606/4606
f 5689/5689 4606/4606 5690/5690
f 5690/5690 4606/4606 4608/4608
f 5690/5690 4608/4608 5691/5691
f 5691/5691 4608/4608 4610/4610
f 5691/5691 4610/4610 5692/5692
f 5692/5692 4610/4610 4612/4612
f 5692/5692 4612/4612 5693/5693
f 5693/5693 4612/4612 4614/4614
f 5693/5693 4614/4614 5694/5694
f 5694/5694 4614/4614 4616/4616
f 5694/5694 4616/4616 5695/5695
f 5695/5695 4616/4616 4618/4618
f 5695/5695 4618/4618 5696/5696
f 5696/5696 4618/4618 4620/4620
f 5696/5696 4620/4620 5697/5697
f 5697/5697 4620/4620 4622/4622
f 5697/5697 4622/4622 5698/5698
f 5698/5698 4622/4622 4624/4624
f 5698/5698 4624/4624 5699/5699
f 5699/5699 4624/4624 4626/4626
f 5699/5699 4626/4626 5700/5700
f 5700/5700 4626/4626 4628/4628
f 5700/5700 4628/4628 5701/5701
f 5701/5701 4628/4628 4630/4630
f 5701/5701 4630/4630 5702/5702
f 5702/5702 4630/4630 4632/4632
f 5702/5702 4632/4632 5703/5703
f 5703/5703 4632/4632 4634/4634
f 5703/5703 4634/4634 5704/5704
f 5704/5704 4634/4634 4636/4636
f 5704/5704 4636/4636 5705/5705
f 5705/5705 4636/4636 4638/4638
f 5705/5705 4638/4638 5706/5706
f 5706/5706 4638/4638 4640/4640
f 5706/5706 4640/4640 5707/5707
f 5707/5707 4640/4640 4642/4642
f 5707/5707 4642/4642 5708/5708
f 5708/5708 4642/4642 4644/4644
f 5708/5708 4644/4644 5709/5709
f 5709/5709 4644/4644 4646/4646
f 5709/5709 4646/4646 5710/5710
f 5710/5710 4646/4646 4648/4648
f 5710/5710 4648/4648 5711/5711
f 5711/5711 4648/4648 4650/4650
f 5711/5711 4650/4650 5712/5712
f 5712/5712 4650/4650 4652/4652
f 5712/5712 4652/4652 5713/5713
f 5713/5713 4652/4652 4654/4654
f 5713/5713 4654/4654 5714/5714
f 5714/5714 4654/4654 4656/4656
f 5714/5714 4656/4656 5715/5715
f 5715/5715 4656/4656 4658/4658
f 5715/5715 4658/4658 5716/5716
f 5716/5716 4658/4658 4660/4660
f 5716/5716 4660/4660 5717/5717
f 5717/5717 4660/4660 4662/4662
f 5717/5717 4662/4662 5718/5718
f 5718/5718 4662/4662 4664/4664
f 5718/5718 4664/4664 5719/5719
f 5719/5719 4664/4664 4666/4666
f 5719/5719 4666/4666 5720/5720
f 5720/5720 4666/4666 4668/4668
f 5720/5720 4668/4668 5721/5721
f 5721/5721 4668/4668 4670/4670
f 5721/5721 4670/4670 5722/5722
f 5722/5722 4670/4670 4672/4672
f 5722/5722 4672/4672 5723/5723
f 5723/5723 4672/4672 4674/4674
f 5723/5723 4674/4674 5724/5724
f 5724/5724 4674/4674 4676/4676
f 5724/5724 4676/4676 5725/5725
f 5725/5725 4676/4676 4678/4678
f 5725/5725 4678/4678 5726/5726
f 5726/5726 4678/4678 4680/4680
f 5726/5726 4680/4680 5727/5727
f 5727/5727 4680/4680 4682/4682
f 5727/5727 4682/4682 5728/5728
f 5728/5728 4682/4682 4684/4684
f 5728/5728 4684/4684 5729/5729
f 5729/5729 4684/4684 4686/4686
f 5729/5729 4686/4686 5730/5730
f 5730/5730 4686/4686 4688/4688
f 5730/5730 4688/4688 5731/5731
f 5731/5731 4688/4688 4690/4690
f 5731/5731 4690/4690 5732/5732
f 5732/5732 4690/4690 4692/4692
f 5732/5732 4692/4692 5733/5733
f 5733/5733 4692/4692 4694/4694
f 5733/5733 4694/4694 5734/5734
f 5734/5734 4694/4694 4696/4696
f 5734/5734 4696/4696 5735/5735
f 5735/5735 4696/4696 4698/4698
f 5735/5735 4698/4698 5736/5736
f 5736/5736 4698/4698 4700/4700
f 5736/5736 4700/4700 5737/5737
f 5737/5737 4700/4700 4702/4702
f 5737/5737 4702/4702 5738/5738
f 5738/5738 4702/4702 4704/4704
f 5738/5738 4704/4704 5739/5739
f 5739/5739 4704/4704 4706/4706
f 5739/5739 4706/4706 5740/5740
f 5740/5740 4706/4706 4708/4708
f 5740/5740 4708/4708 5741/5741
f 5741/5741 4708/4708 4710/4710
f 5741/5741 4710/4710 5742/5742
f 5742/5742 4710/4710 4712/4712
f 5742/5742 4712/4712 5743/5743
f 5743/5743 4712/4712 4714/4714
f 5743/5743 4714/4714 5744/5744
f 5744/5744 4714/4714 4716/4716
f 5744/5744 4716/4716 5745/5745
f 5745/5745 4716/4716 4718/4718
f 5745/5745 4718/4718 5746/5746
f 5746/5746 4718/4718 4720/4720
f 5746/5746 4720/4720 5747/5747
f 5747/5747 4720/4720 4722/4722
f 5747/5747 4722/4722 5748/5748
f 5748/5748 4722/4722 4724/4724
f 5748/5748 4724/4724 5749/5749
f 5749/5749 4724/4724 4726/4726
f 5749/5749 4726/4726 5750/5750
f 5750/5750 4726/4726 4728/4728
f 5750/5750 4728/4728 5751/5751
f 5751/5751 4728/4728 4730/4730
f 5751/5751 4730/4730 5752/5752
f 5752/5752 4730/4730 4732/4732
f 5752/5752 4732/4732 5753/5753
f 5753/5753 4732/4732 4734/4734
f 5753/5753 4734/4734 5754/5754
f 5754/5754 4734/4734 4736/4736
f 5754/5754 4736/4736 5755/5755
f 5755/5755 4736/4736 4738/4738
f 5755/5755 4738/4738 5756/5756
f 5756/5756 4738/4738 4740/4740
f 5756/5756 4740/4740 5757/5757
f 5757/5757 4740/4740 4742/4742
f 5757/5757 4742/4742 5758/5758
f 5758/5758 4742/4742 4744/4744
f 5758/5758 4744/4744 5759/5759
f 5759/5759 4744/4744 4746/4746
f 5759/5759 4746/4746 5760/5760
f 5760/5760 4746/4746 4748/4748
f 5760/5760 4748/4748 5761/5761
f 5761/5761 4748/4748 4750/4750
f 5761/5761 4750/4750 5762/5762
f 5762/5762 4750/4750 4752/4752
f 5762/5762 4752/4752 5763/5763
f 5763/5763 4752/4752 4754/4754
f 5763/5763 4754/4754 5764/5764
f 5764/5764 4754/4754 4756/4756
f 5764/5764 4756/4756 5765/5765
f 5765/5765 4756/4756 4758/4758
f 5765/5765 4758/4758 5766/5766
f 5766/5766 4758/4758 4760/4760
f 5766/5766 4760/4760 5767/5767
f 5767/5767 4760/4760 4762/4762
f 5767/5767 4762/4762 5768/5768
f 5768/5768 4762/4762 4764/4764
f 5768/5768 4764/4764 5769/5769
f 5769/5769 4764/4764 4766/4766
f 5769/5769 4766/4766 5770/5770
f 5770/5770 4766/4766 4768/4768
f 5770/5770 4768/4768 5771/5771
f 5771/5771 4768/4768 4770/4770
f 5771/5771 4770/4770 5772/5772
f 5772/5772 4770/4770 4772/4772
f 5772/5772 4772/4772 5773/5773
f 5773/5773 4772/4772 4774/4774
f 5773/5773 4774/4774 5774/5774
f 5774/5774 4774/4774 4776/4776
f 5774/5774 4776/4776 5775/5775
f 5775/5775 4776/4776 4778/4778
f 5775/5775 4778/4778 5776/5776
f 5776/5776 4778/4778 4780/4780
f 5776/5776 4780/4780 5777/5777
f 5777/5777 4780/4780 4782/4782
f 5777/5777 4782/4782 5778/5778
f 5778/5778 4782/4782 4784/4784
f 5778/5778 4784/4784 5779/5779
f 5779/5779 4784/4784 4786/4786
f 5779/5779 4786/4786 5780/5780
f 5780/5780 4786/4786 4788/4788
f 5780/5780 4788/4788 5781/5781
f 5781/5781 4788/4788 4790/4790
f 5781/5781 4790/4790 5782/5782
f 5782/5782 4790/4790 4792/4792
f 5782/5782 4792/4792 5783/5783
f 5783/5783 4792/4792 4794/4794
f 5783/5783 4794/4794 5784/5784
f 5784/5784 4794/4794 4796/4796
f 5784/5784 4796/4796 5198/5198
f 5807/5807 5785/5785 5808/5808
f 5808/5808 5785/5785 5786/5786
f 5808/5808 5786/5786 5809/5809
f 5809/5809 5786/5786 5787/5787
f 5809/5809 5787/5787 5810/5810
f 5810/5810 5787/5787 5788/5788
f 5810/5810 5788/5788 5811/5811
f 5811/5811 5788/5788 5789/5789
f 5811/5811 5789/5789 5812/5812
f 5812/5812 5789/5789 5790/5790
f 5812/5812 5790/5790 5813/5813
f 5813/5813 5790/5790 5791/5791
f 5813/5813 5791/5791 5814/5814
f 5814/5814 5791/5791 5792/5792
f 5814/5814 5792/5792 5815/5815
f 5815/5815 5792/5792 5793/5793
f 5815/5815 5793/5793 5816/5816
f 5816/5816 5793/5793 5794/5794
f 5816/5816 5794/5794 5817/5817
f 5817/5817 5794/5794 5795/5795
f 5817/5817 5795/5795 5818/5818
f 5818/5818 5795/5795 5796/5796
f 5818/5818 5796/5796 5819/5819
f 5819/5819 5796/5796 5797/5797
f 5819/5819 5797/5797 5820/5820
f 5820/5820 5797/5797 5798/5798
f 5820/5820 5798/5798 5821/5821
f 5821/5821 5798/5798 5799/5799
f 5821/5821 5799/5799 5822/5822
f 5822/5822 5799/5799 5800/5800
f 5822/5822 5800/5800 5823/5823
f 5823/5823 5800/5800 5801/5801
f 5823/5823 5801/5801 5824/5824
f 5824/5824 5801/5801 5802/5802
f 5824/5824 5802/5802 5825/5825
f 5825/5825 5802/5802 5803/5803
f 5825/5825 5803/5803 5826/5826
f 5826/5826 5803/5803 5804/5804
f 5826/5826 5804/5804 4837/4837
f 4837/4837 5804/5804 4835/4835
f 4268/4268 5807/5807 4266/4266
f 4266/4266 5807/5807 5808/5808
f 4266/4266 5808/5808 4264/4264
f 4264/4264 5808/5808 5809/5809
f 4264/4264 5809/5809 4262/4262
f 4262/4262 5809/5809 5810/5810
f 4262/4262 5810/5810 4260/4260
f 4260/4260 5810/5810 5811/5811
f 4260/4260 5811/5811 4258/4258
f 4258/4258 5811/5811 5812/5812
f 4258/4258 5812/5812 4256/4256
f 4256/4256 5812/5812 5813/5813
f 4256/4256 5813/5813 4254/4254
f 4254/4254 5813/5813 5814/5814
f 4254/4254 5814/5814 4252/4252
f 4252/4252 5814/5814 5815/5815
f 4252/4252 5815/5815 4250/4250
f 4250/4250 5815/5815 5816/5816
f 4250/4250 5816/5816 4248/4248
f 4248/4248 5816/5816 5817/5817
f 4248/4248 5817/5817 4246/4246
f 4246/4246 5817/5817 5818/5818
f 4246/4246 5818/5818 4244/4244
f 4244/4244 5818/5818 5819/5819
f 4244/4244 5819/5819 4242/4242
f 4242/4242 5819/5819 5820/5820
f 4242/4242 5820/5820 4240/4240
f 4240/4240 5820/5820 5821/5821
f 4240/4240 5821/5821 4238/4238
f 4238/4238 5821/5821 5822/5822
f 4238/4238 5822/5822 4236/4236
f 4236/4236 5822/5822 5823/5823
f 4236/4236 5823/5823 4234/4234
f 4234/4234 5823/5823 5824/5824
f 4234/4234 5824/5824 4232/4232
f 4232/4232 5824/5824 5825/5825
f 4232/4232 5825/5825 4230/4230
f 4230/4230 5825/5825 5826/5826
f 4230/4230 5826/5826 4228/4228
f 4228/4228 5826/5826 4837/4837
f 4840/4840 4226/4226 4836/4836
f 4879/4879 4184/4184 4877/4877
f 4877/4877 4184/4184 4186/4186
f 4877/4877 4186/4186 4876/4876
f 4184/4184 4879/4879 4182/4182
f 4182/4182 4879/4879 4881/4881
f 4182/4182 4881/4881 4180/4180
f 4180/4180 4881/4881 4883/4883
f 4180/4180 4883/4883 4178/4178
f 4178/4178 4883/4883 4885/4885
f 4178/4178 4885/4885 4176/4176
f 4176/4176 4885/4885 4887/4887
f 4176/4176 4887/4887 4174/4174
f 4174/4174 4887/4887 4889/4889
f 4174/4174 4889/4889 4172/4172
f 4172/4172 4889/4889 4891/4891
f 4172/4172 4891/4891 4170/4170
f 4170/4170 4891/4891 4893/4893
f 4170/4170 4893/4893 4168/4168
f 4168/4168 4893/4893 4895/4895
f 4168/4168 4895/4895 4166/4166
f 4166/4166 4895/4895 4897/4897
f 4166/4166 4897/4897 4164/4164
f 4164/4164 4897/4897 4899/4899
f 4164/4164 4899/4899 4162/4162
f 4162/4162 4899/4899 4901/4901
f 4162/4162 4901/4901 4160/4160
f 4160/4160 4901/4901 4903/4903
f 4160/4160 4903/4903 4158/4158
f 4158/4158 4903/4903 4905/4905
f 4158/4158 4905/4905 4156/4156
f 4156/4156 4905/4905 4907/4907
f 4156/4156 4907/4907 4154/4154
f 4154/4154 4907/4907 4909/4909
f 4154/4154 4909/4909 4152/4152
f 4152/4152 4909/4909 4911/4911
f 4152/4152 4911/4911 4150/4150
f 4150/4150 4911/4911 4913/4913
f 4150/4150 4913/4913 4148/4148
f 4148/4148 4913/4913 4915/4915
f 4148/4148 4915/4915 4146/4146
f 4101/4101 4103/4103 4957/4957
f 4957/4957 4103/4103 4956/4956
f 4099/4099 4101/4101 4959/4959
f 4959/4959 4101/4101 4957/4957
f 4097/4097 4099/4099 4961/4961
f 4961/4961 4099/4099 4959/4959
f 4095/4095 4097/4097 4963/4963
f 4963/4963 4097/4097 4961/4961
f 4093/4093 4095/4095 4965/4965
f 4965/4965 4095/4095 4963/4963
f 4091/4091 4093/4093 4967/4967
f 4967/4967 4093/4093 4965/4965
f 4089/4089 4091/4091 4969/4969
f 4969/4969 4091/4091 4967/4967
f 4087/4087 4089/4089 4971/4971
f 4971/4971 4089/4089 4969/4969
f 4085/4085 4087/4087 4973/4973
f 4973/4973 4087/4087 4971/4971
f 4083/4083 4085/4085 4975/4975
f 4975/4975 4085/4085 4973/4973
f 4081/4081 4083/4083 4977/4977
f 4977/4977 4083/4083 4975/4975
f 4079/4079 4081/4081 4979/4979
f 4979/4979 4081/4081 4977/4977
f 4077/4077 4079/4079 4981/4981
f 4981/4981 4079/4079 4979/4979
f 4075/4075 4077/4077 4983/4983
f 4983/4983 4077/4077 4981/4981
f 4073/4073 4075/4075 4985/4985
f 4985/4985 4075/4075 4983/4983
f 4071/4071 4073/4073 4987/4987
f 4987/4987 4073/4073 4985/4985
f 4069/4069 4071/4071 4989/4989
f 4989/4989 4071/4071 4987/4987
f 4067/4067 4069/4069 4991/4991
f 4991/4991 4069/4069 4989/4989
f 4065/4065 4067/4067 4993/4993
f 4993/4993 4067/4067 4991/4991
f 4995/4995 4063/4063 4065/4065
f 4993/4993 4995/4995 4065/4065
f 4021/4021 4023/4023 5036/5036
f 5036/5036 4023/4023 5035/5035
f 4019/4019 4021/4021 5038/5038
f 5038/5038 4021/4021 5036/5036
f 4017/4017 4019/4019 5040/5040
f 5040/5040 4019/4019 5038/5038
f 4015/4015 4017/4017 5042/5042
f 5042/5042 4017/4017 5040/5040
f 4013/4013 4015/4015 5044/5044
f 5044/5044 4015/4015 5042/5042
f 4011/4011 4013/4013 5046/5046
f 5046/5046 4013/4013 5044/5044
f 4009/4009 4011/4011 5048/5048
f 5048/5048 4011/4011 5046/5046
f 4007/4007 4009/4009 5050/5050
f 5050/5050 4009/4009 5048/5048
f 4005/4005 4007/4007 5052/5052
f 5052/5052 4007/4007 5050/5050
f 4003/4003 4005/4005 5054/5054
f 5054/5054 4005/4005 5052/5052
f 4001/4001 4003/4003 5056/5056
f 5056/5056 4003/4003 5054/5054
f 3999/3999 4001/4001 5058/5058
f 5058/5058 4001/4001 5056/5056
f 3997/3997 3999/3999 5060/5060
f 5060/5060 3999/3999 5058/5058
f 3995/3995 3997/3997 5062/5062
f 5062/5062 3997/3997 5060/5060
f 3993/3993 3995/3995 5064/5064
f 5064/5064 3995/3995 5062/5062
f 3991/3991 3993/3993 5066/5066
f 5066/5066 3993/3993 5064/5064
f 3989/3989 3991/3991 5068/5068
f 5068/5068 3991/3991 5066/5066
f 3987/3987 3989/3989 5070/5070
f 5070/5070 3989/3989 5068/5068
f 5827/5827 5828/5828 5829/5829
f 5829/5829 5828/5828 5830/5830
f 5829/5829 5830/5830 5831/5831
f 5831/5831 5830/5830 5832/5832
f 5831/5831 5832/5832 5833/5833
f 5833/5833 5832/5832 5834/5834
f 5833/5833 5834/5834 5835/5835
f 5835/5835 5834/5834 5836/5836
f 5835/5835 5836/5836 5837/5837
f 5837/5837 5836/5836 5838/5838
f 5837/5837 5838/5838 5839/5839
f 5839/5839 5838/5838 5840/5840
f 5839/5839 5840/5840 5841/5841
f 5841/5841 5840/5840 5842/5842
f 5841/5841 5842/5842 5843/5843
f 5843/5843 5842/5842 5844/5844
f 5843/5843 5844/5844 5845/5845
f 5845/5845 5844/5844 5846/5846
f 5845/5845 5846/5846 5847/5847
f 5847/5847 5846/5846 5848/5848
f 5847/5847 5848/5848 5849/5849
f 5849/5849 5848/5848 5850/5850
f 5849/5849 5850/5850 5851/5851
f 5851/5851 5850/5850 5852/5852
f 5851/5851 5852/5852 5853/5853
f 5853/5853 5852/5852 5854/5854
f 5853/5853 5854/5854 5855/5855
f 5855/5855 5854/5854 5856/5856
f 5855/5855 5856/5856 5857/5857
f 5857/5857 5856/5856 5858/5858
f 5857/5857 5858/5858 5859/5859
f 5859/5859 5858/5858 5860/5860
f 5859/5859 5860/5860 5861/5861
f 5861/5861 5860/5860 5862/5862
f 5861/5861 5862/5862 5863/5863
f 5863/5863 5862/5862 5864/5864
f 5863/5863 5864/5864 5865/5865
f 5865/5865 5864/5864 5866/5866
f 5865/5865 5866/5866 5867/5867
f 5867/5867 5866/5866 5868/5868
f 5867/5867 5868/5868 5869/5869
f 5869/5869 5868/5868 5870/5870
f 5869/5869 5870/5870 5871/5871
f 5871/5871 5870/5870 5872/5872
f 5871/5871 5872/5872 5873/5873
f 5873/5873 5872/5872 5874/5874
f 5873/5873 5874/5874 5875/5875
f 5875/5875 5874/5874 5876/5876
f 5875/5875 5876/5876 5877/5877
f 5877/5877 5876/5876 5878/5878
f 5877/5877 5878/5878 5879/5879
f 5879/5879 5878/5878 5880/5880
f 5879/5879 5880/5880 5881/5881
f 5881/5881 5880/5880 5882/5882
f 5881/5881 5882/5882 5883/5883
f 5883/5883 5882/5882 5884/5884
f 5883/5883 5884/5884 5885/5885
f 5885/5885 5884/5884 5886/5886
f 5885/5885 5886/5886 5887/5887
f 5887/5887 5886/5886 5888/5888
f 5887/5887 5888/5888 5889/5889
f 5889/5889 5888/5888 5890/5890
f 5889/5889 5890/5890 5891/5891
f 5891/5891 5890/5890 5892/5892
f 5891/5891 5892/5892 5893/5893
f 5893/5893 5892/5892 5894/5894
f 5893/5893 5894/5894 5895/5895
f 5895/5895 5894/5894 5896/5896
f 5895/5895 5896/5896 5897/5897
f 5897/5897 5896/5896 5898/5898
f 5897/5897 5898/5898 5899/5899
f 5899/5899 5898/5898 5900/5900
f 5899/5899 5900/5900 5901/5901
f 5901/5901 5900/5900 5902/5902
f 5901/5901 5902/5902 5903/5903
f 5903/5903 5902/5902 5904/5904
f 5903/5903 5904/5904 5905/5905
f 5905/5905 5904/5904 5906/5906
f 5905/5905 5906/5906 5907/5907
f 5907/5907 5906/5906 5908/5908
f 5907/5907 5908/5908 5909/5909
f 5909/5909 5908/5908 5910/5910
f 5909/5909 5910/5910 5911/5911
f 5911/5911 5910/5910 5912/5912
f 5911/5911 5912/5912 5913/5913
f 5913/5913 5912/5912 5914/5914
f 5913/5913 5914/5914 5915/5915
f 5915/5915 5914/5914 5916/5916
f 5915/5915 5916/5916 5917/5917
f 5917/5917 5916/5916 5918/5918
f 5917/5917 5918/5918 5919/5919
f 5919/5919 5918/5918 5920/5920
f 5919/5919 5920/5920 5921/5921
f 5921/5921 5920/5920 5922/5922
f 5921/5921 5922/5922 5923/5923
f 5923/5923 5922/5922 5924/5924
f 5923/5923 5924/5924 5925/5925
f 5925/5925 5924/5924 5926/5926
f 5925/5925 5926/5926 5927/5927
f 5927/5927 5926/5926 5928/5928
f 5927/5927 5928/5928 5929/5929
f 5929/5929 5928/5928 5930/5930
f 5929/5929 5930/5930 5931/5931
f 5931/5931 5930/5930 5932/5932
f 5931/5931 5932/5932 5933/5933
f 5933/5933 5932/5932 5934/5934
f 5933/5933 5934/5934 5935/5935
f 5935/5935 5934/5934 5936/5936
f 5935/5935 5936/5936 5937/5937
f 5937/5937 5936/5936 5938/5938
f 5937/5937 5938/5938 5939/5939
f 5939/5939 5938/5938 5940/5940
f 5939/5939 5940/5940 5941/5941
f 5941/5941 5940/5940 5942/5942
f 5941/5941 5942/5942 5943/5943
f 5943/5943 5942/5942 5944/5944
f 5943/5943 5944/5944 5945/5945
f 5945/5945 5944/5944 5946/5946
f 5945/5945 5946/5946 5947/5947
f 5947/5947 5946/5946 5948/5948
f 5947/5947 5948/5948 5949/5949
f 5949/5949 5948/5948 5950/5950
f 5949/5949 5950/5950 5951/5951
f 5951/5951 5950/5950 5952/5952
f 5951/5951 5952/5952 5953/5953
f 5953/5953 5952/5952 5954/5954
f 5953/5953 5954/5954 5955/5955
f 5955/5955 5954/5954 5956/5956
f 5955/5955 5956/5956 5957/5957
f 5957/5957 5956/5956 5958/5958
f 5957/5957 5958/5958 5959/5959
f 5959/5959 5958/5958 5960/5960
f 5959/5959 5960/5960 5961/5961
f 5961/5961 5960/5960 5962/5962
f 5961/5961 5962/5962 5963/5963
f 5963/5963 5962/5962 5964/5964
f 5963/5963 5964/5964 5965/5965
f 5965/5965 5964/5964 5966/5966
f 5965/5965 5966/5966 5967/5967
f 5967/5967 5966/5966 5968/5968
f 5968/5968 5966/5966 5969/5969
f 5968/5968 5969/5969 5970/5970
f 5970/5970 5969/5969 5971/5971
f 5972/5972 5973/5973 5974/5974
f 5974/5974 5973/5973 5975/5975
f 5974/5974 5975/5975 5976/5976
f 5976/5976 5975/5975 5977/5977
f 5976/5976 5977/5977 5978/5978
f 5828/5828 5827/5827 5979/5979
f 5979/5979 5827/5827 5980/5980
f 5979/5979 5980/5980 5981/5981
f 5981/5981 5980/5980 5982/5982
f 5981/5981 5982/5982 5983/5983
f 5983/5983 5982/5982 5984/5984
f 5983/5983 5984/5984 5985/5985
f 5985/5985 5984/5984 5986/5986
f 5985/5985 5986/5986 5987/5987
f 5987/5987 5986/5986 5988/5988
f 5987/5987 5988/5988 5989/5989
f 5989/5989 5988/5988 5990/5990
f 5989/5989 5990/5990 5991/5991
f 5991/5991 5990/5990 5992/5992
f 5991/5991 5992/5992 5993/5993
f 5993/5993 5992/5992 5994/5994
f 5993/5993 5994/5994 5995/5995
f 5995/5995 5994/5994 5996/5996
f 5995/5995 5996/5996 5997/5997
f 5997/5997 5996/5996 5998/5998
f 5997/5997 5998/5998 5999/5999
f 5999/5999 5998/5998 6000/6000
f 5999/5999 6000/6000 6001/6001
f 6001/6001 6000/6000 6002/6002
f 6001/6001 6002/6002 6003/6003
f 6003/6003 6002/6002 6004/6004
f 6003/6003 6004/6004 6005/6005
f 6005/6005 6004/6004 6006/6006
f 6005/6005 6006/6006 6007/6007
f 6007/6007 6006/6006 6008/6008
f 6007/6007 6008/6008 6009/6009
f 6009/6009 6008/6008 6010/6010
f 6009/6009 6010/6010 6011/6011
f 6011/6011 6010/6010 6012/6012
f 6011/6011 6012/6012 6013/6013
f 6013/6013 6012/6012 6014/6014
f 6013/6013 6014/6014 6015/6015
f 6015/6015 6014/6014 6016/6016
f 6015/6015 6016/6016 6017/6017
f 6017/6017 6016/6016 6018/6018
f 6017/6017 6018/6018 6019/6019
f 6019/6019 6018/6018 6020/6020
f 6019/6019 6020/6020 6021/6021
f 6021/6021 6020/6020 6022/6022
f 6021/6021 6022/6022 6023/6023
f 6023/6023 6022/6022 6024/6024
f 6023/6023 6024/6024 6025/6025
f 6025/6025 6024/6024 6026/6026
f 6025/6025 6026/6026 6027/6027
f 6027/6027 6026/6026 6028/6028
f 6027/6027 6028/6028 6029/6029
f 6029/6029 6028/6028 6030/6030
f 6029/6029 6030/6030 6031/6031
f 6031/6031 6030/6030 6032/6032
f 6031/6031 6032/6032 6033/6033
f 6033/6033 6032/6032 6034/6034
f 6033/6033 6034/6034 6035/6035
f 6035/6035 6034/6034 6036/6036
f 6035/6035 6036/6036 6037/6037
f 6037/6037 6036/6036 6038/6038
f 6037/6037 6038/6038 6039/6039
f 6039/6039 6038/6038 6040/6040
f 6039/6039 6040/6040 6041/6041
f 6041/6041 6040/6040 6042/6042
f 6041/6041 6042/6042 6043/6043
f 6043/6043 6042/6042 6044/6044
f 6043/6043 6044/6044 6045/6045
f 6045/6045 6044/6044 6046/6046
f 6045/6045 6046/6046 6047/6047
f 6047/6047 6046/6046 6048/6048
f 6047/6047 6048/6048 6049/6049
f 6049/6049 6048/6048 6050/6050
f 6049/6049 6050/6050 6051/6051
f 6051/6051 6050/6050 6052/6052
f 6051/6051 6052/6052 6053/6053
f 6053/6053 6052/6052 6054/6054
f 6053/6053 6054/6054 6055/6055
f 6055/6055 6054/6054 6056/6056
f 6055/6055 6056/6056 6057/6057
f 6057/6057 6056/6056 6058/6058
f 6057/6057 6058/6058 6059/6059
f 6059/6059 6058/6058 6060/6060
f 6059/6059 6060/6060 6061/6061
f 6061/6061 6060/6060 6062/6062
f 6061/6061 6062/6062 6063/6063
f 6063/6063 6062/6062 6064/6064
f 6063/6063 6064/6064 6065/6065
f 6065/6065 6064/6064 6066/6066
f 6065/6065 6066/6066 6067/6067
f 6067/6067 6066/6066 6068/6068
f 6067/6067 6068/6068 6069/6069
f 6069/6069 6068/6068 6070/6070
f 6069/6069 6070/6070 6071/6071
f 6071/6071 6070/6070 6072/6072
f 6071/6071 6072/6072 6073/6073
f 6073/6073 6072/6072 6074/6074
f 6073/6073 6074/6074 6075/6075
f 6075/6075 6074/6074 6076/6076
f 6075/6075 6076/6076 6077/6077
f 6077/6077 6076/6076 6078/6078
f 6077/6077 6078/6078 6079/6079
f 6079/6079 6078/6078 6080/6080
f 6079/6079 6080/6080 6081/6081
f 6081/6081 6080/6080 6082/6082
f 6081/6081 6082/6082 6083/6083
f 6083/6083 6082/6082 6084/6084
f 6083/6083 6084/6084 6085/6085
f 6085/6085 6084/6084 6086/6086
f 6085/6085 6086/6086 6087/6087
f 6087/6087 6086/6086 6088/6088
f 6087/6087 6088/6088 6089/6089
f 6089/6089 6088/6088 6090/6090
f 6089/6089 6090/6090 6091/6091
f 6091/6091 6090/6090 6092/6092
f 6091/6091 6092/6092 6093/6093
f 6093/6093 6092/6092 6094/6094
f 6093/6093 6094/6094 6095/6095
f 6095/6095 6094/6094 6096/6096
f 6095/6095 6096/6096 6097/6097
f 6097/6097 6096/6096 6098/6098
f 6097/6097 6098/6098 6099/6099
f 6099/6099 6098/6098 6100/6100
f 6099/6099 6100/6100 6101/6101
f 6101/6101 6100/6100 6102/6102
f 6101/6101 6102/6102 6103/6103
f 6103/6103 6102/6102 6104/6104
f 6103/6103 6104/6104 6105/6105
f 6105/6105 6104/6104 6106/6106
f 6105/6105 6106/6106 6107/6107
f 6107/6107 6106/6106 6108/6108
f 6107/6107 6108/6108 6109/6109
f 6109/6109 6108/6108 6110/6110
f 6109/6109 6110/6110 6111/6111
f 6111/6111 6110/6110 6112/6112
f 6111/6111 6112/6112 5978/5978
f 5978/5978 6112/6112 5976/5976
f 6113/6113 6114/6114 6115/6115
f 6116/6116 6117/6117 6118/6118
f 6116/6116 6118/6118 6119/6119
f 6119/6119 6118/6118 6120/6120
f 6119/6119 6120/6120 6121/6121
f 6121/6121 6120/6120 6122/6122
f 6121/6121 6122/6122 6123/6123
f 6123/6123 6122/6122 6124/6124
f 6123/6123 6124/6124 6125/6125
f 6125/6125 6124/6124 6126/6126
f 6125/6125 6126/6126 6127/6127
f 6127/6127 6126/6126 6128/6128
f 6127/6127 6128/6128 6129/6129
f 6129/6129 6128/6128 6130/6130
f 6129/6129 6130/6130 6131/6131
f 6131/6131 6130/6130 6132/6132
f 6131/6131 6132/6132 6133/6133
f 6133/6133 6132/6132 6134/6134
f 6133/6133 6134/6134 6135/6135
f 6135/6135 6134/6134 6136/6136
f 6135/6135 6136/6136 6137/6137
f 6137/6137 6136/6136 6138/6138
f 6137/6137 6138/6138 6139/6139
f 6139/6139 6138/6138 6140/6140
f 6139/6139 6140/6140 6141/6141
f 6141/6141 6140/6140 6142/6142
f 6141/6141 6142/6142 6143/6143
f 6143/6143 6142/6142 6144/6144
f 6143/6143 6144/6144 6145/6145
f 6145/6145 6144/6144 6146/6146
f 6145/6145 6146/6146 6147/6147
f 6147/6147 6146/6146 6148/6148
f 6147/6147 6148/6148 6149/6149
f 6149/6149 6148/6148 6150/6150
f 6149/6149 6150/6150 6151/6151
f 6151/6151 6150/6150 6152/6152
f 6151/6151 6152/6152 6153/6153
f 6153/6153 6152/6152 6154/6154
f 6153/6153 6154/6154 6155/6155
f 6155/6155 6154/6154 6156/6156
f 6155/6155 6156/6156 6157/6157
f 6157/6157 6156/6156 6158/6158
f 6157/6157 6158/6158 6159/6159
f 6159/6159 6158/6158 6160/6160
f 6159/6159 6160/6160 6161/6161
f 6161/6161 6160/6160 6162/6162
f 6161/6161 6162/6162 6163/6163
f 6163/6163 6162/6162 6164/6164
f 6163/6163 6164/6164 6165/6165
f 6165/6165 6164/6164 6166/6166
f 6165/6165 6166/6166 6167/6167
f 6167/6167 6166/6166 6168/6168
f 6167/6167 6168/6168 6169/6169
f 6169/6169 6168/6168 6170/6170
f 6169/6169 6170/6170 6171/6171
f 6171/6171 6170/6170 6172/6172
f 6171/6171 6172/6172 6173/6173
f 6173/6173 6172/6172 6174/6174
f 6173/6173 6174/6174 6175/6175
f 6175/6175 6174/6174 6176/6176
f 6175/6175 6176/6176 6177/6177
f 6177/6177 6176/6176 6178/6178
f 6177/6177 6178/6178 6179/6179
f 6179/6179 6178/6178 6180/6180
f 6179/6179 6180/6180 6181/6181
f 6181/6181 6180/6180 6182/6182
f 6181/6181 6182/6182 6183/6183
f 6183/6183 6182/6182 6184/6184
f 6183/6183 6184/6184 6185/6185
f 6185/6185 6184/6184 6186/6186
f 6185/6185 6186/6186 6187/6187
f 6187/6187 6186/6186 6188/6188
f 6187/6187 6188/6188 6189/6189
f 6189/6189 6188/6188 6190/6190
f 6189/6189 6190/6190 6191/6191
f 6191/6191 6190/6190 6192/6192
f 6191/6191 6192/6192 6193/6193
f 6193/6193 6192/6192 6194/6194
f 6193/6193 6194/6194 6195/6195
f 6195/6195 6194/6194 6196/6196
f 6195/6195 6196/6196 6197/6197
f 6197/6197 6196/6196 6198/6198
f 6197/6197 6198/6198 6199/6199
f 6199/6199 6198/6198 6200/6200
f 6199/6199 6200/6200 6201/6201
f 6201/6201 6200/6200 6202/6202
f 6201/6201 6202/6202 6203/6203
f 6203/6203 6202/6202 6204/6204
f 6203/6203 6204/6204 6205/6205
f 6205/6205 6204/6204 6206/6206
f 6205/6205 6206/6206 6207/6207
f 6207/6207 6206/6206 6208/6208
f 6207/6207 6208/6208 6209/6209
f 6209/6209 6208/6208 6210/6210
f 6209/6209 6210/6210 6211/6211
f 6211/6211 6210/6210 6212/6212
f 6211/6211 6212/6212 6213/6213
f 6213/6213 6212/6212 6214/6214
f 6213/6213 6214/6214 6215/6215
f 6215/6215 6214/6214 6216/6216
f 6215/6215 6216/6216 6217/6217
f 6217/6217 6216/6216 6218/6218
f 6217/6217 6218/6218 6219/6219
f 6219/6219 6218/6218 6220/6220
f 6219/6219 6220/6220 6221/6221
f 6221/6221 6220/6220 6222/6222
f 6221/6221 6222/6222 6223/6223
f 6223/6223 6222/6222 6224/6224
f 6223/6223 6224/6224 6225/6225
f 6225/6225 6224/6224 6226/6226
f 6225/6225 6226/6226 6227/6227
f 6227/6227 6226/6226 6228/6228
f 6227/6227 6228/6228 6229/6229
f 6229/6229 6228/6228 6230/6230
f 6229/6229 6230/6230 6231/6231
f 6231/6231 6230/6230 6232/6232
f 6231/6231 6232/6232 6233/6233
f 6233/6233 6232/6232 6234/6234
f 6233/6233 6234/6234 6235/6235
f 6235/6235 6234/6234 6236/6236
f 6235/6235 6236/6236 6237/6237
f 6237/6237 6236/6236 6238/6238
f 6237/6237 6238/6238 6239/6239
f 6239/6239 6238/6238 6240/6240
f 6239/6239 6240/6240 6241/6241
f 6241/6241 6240/6240 6242/6242
f 6241/6241 6242/6242 6243/6243
f 6243/6243 6242/6242 6244/6244
f 6243/6243 6244/6244 6245/6245
f 6245/6245 6244/6244 6246/6246
f 6245/6245 6246/6246 6247/6247
f 6247/6247 6246/6246 6248/6248
f 6247/6247 6248/6248 6249/6249
f 6249/6249 6248/6248 6250/6250
f 6249/6249 6250/6250 6251/6251
f 6251/6251 6250/6250 6252/6252
f 6251/6251 6252/6252 6253/6253
f 6253/6253 6252/6252 6254/6254
f 6253/6253 6254/6254 6255/6255
f 6255/6255 6254/6254 6256/6256
f 6255/6255 6256/6256 6257/6257
f 6257/6257 6256/6256 6258/6258
f 6257/6257 6258/6258 6259/6259
f 6259/6259 6258/6258 6260/6260
f 6259/6259 6260/6260 6261/6261
f 6261/6261 6260/6260 6262/6262
f 6261/6261 6262/6262 6263/6263
f 6263/6263 6262/6262 6264/6264
f 6263/6263 6264/6264 6265/6265
f 6265/6265 6264/6264 6266/6266
f 6265/6265 6266/6266 6267/6267
f 6267/6267 6266/6266 6268/6268
f 6267/6267 6268/6268 6269/6269
f 6269/6269 6268/6268 6270/6270
f 6269/6269 6270/6270 6271/6271
f 6271/6271 6270/6270 6272/6272
f 6271/6271 6272/6272 6273/6273
f 6273/6273 6272/6272 6274/6274
f 6273/6273 6274/6274 6275/6275
f 6275/6275 6274/6274 6276/6276
f 6275/6275 6276/6276 6277/6277
f 6277/6277 6276/6276 6278/6278
f 6277/6277 6278/6278 6279/6279
f 6279/6279 6278/6278 6280/6280
f 6279/6279 6280/6280 6281/6281
f 6281/6281 6280/6280 6282/6282
f 6281/6281 6282/6282 6283/6283
f 6283/6283 6282/6282 6284/6284
f 6283/6283 6284/6284 6285/6285
f 6285/6285 6284/6284 6286/6286
f 6285/6285 6286/6286 6287/6287
f 6287/6287 6286/6286 6288/6288
f 6287/6287 6288/6288 6289/6289
f 6289/6289 6288/6288 6290/6290
f 6289/6289 6290/6290 6291/6291
f 6291/6291 6290/6290 6292/6292
f 6291/6291 6292/6292 6293/6293
f 6293/6293 6292/6292 6294/6294
f 6293/6293 6294/6294 6295/6295
f 6295/6295 6294/6294 6296/6296
f 6295/6295 6296/6296 6297/6297
f 6297/6297 6296/6296 6298/6298
f 6297/6297 6298/6298 6299/6299
f 6299/6299 6298/6298 6300/6300
f 6299/6299 6300/6300 6301/6301
f 6301/6301 6300/6300 6302/6302
f 6301/6301 6302/6302 6303/6303
f 6303/6303 6302/6302 6304/6304
f 6303/6303 6304/6304 6305/6305
f 6305/6305 6304/6304 6306/6306
f 6305/6305 6306/6306 6307/6307
f 6307/6307 6306/6306 6308/6308
f 6307/6307 6308/6308 6309/6309
f 6309/6309 6308/6308 6310/6310
f 6309/6309 6310/6310 6311/6311
f 6311/6311 6310/6310 6312/6312
f 6311/6311 6312/6312 6313/6313
f 6313/6313 6312/6312 6314/6314
f 6313/6313 6314/6314 6315/6315
f 6315/6315 6314/6314 6316/6316
f 6315/6315 6316/6316 6317/6317
f 6317/6317 6316/6316 6318/6318
f 6317/6317 6318/6318 6319/6319
f 6319/6319 6318/6318 6320/6320
f 6319/6319 6320/6320 6321/6321
f 6321/6321 6320/6320 6322/6322
f 6321/6321 6322/6322 6323/6323
f 6323/6323 6322/6322 6324/6324
f 6323/6323 6324/6324 6325/6325
f 6325/6325 6324/6324 6326/6326
f 6325/6325 6326/6326 6327/6327
f 6327/6327 6326/6326 6328/6328
f 6327/6327 6328/6328 6329/6329
f 6329/6329 6328/6328 6330/6330
f 6329/6329 6330/6330 6331/6331
f 6331/6331 6330/6330 6332/6332
f 6331/6331 6332/6332 6333/6333
f 6333/6333 6332/6332 6334/6334
f 6333/6333 6334/6334 6335/6335
f 6335/6335 6334/6334 6336/6336
f 6335/6335 6336/6336 6337/6337
f 6337/6337 6336/6336 6338/6338
f 6337/6337 6338/6338 6339/6339
f 6339/6339 6338/6338 6340/6340
f 6339/6339 6340/6340 6341/6341
f 6341/6341 6340/6340 6342/6342
f 6341/6341 6342/6342 6343/6343
f 6343/6343 6342/6342 6344/6344
f 6343/6343 6344/6344 6345/6345
f 6345/6345 6344/6344 6346/6346
f 6345/6345 6346/6346 6347/6347
f 6347/6347 6346/6346 6348/6348
f 6347/6347 6348/6348 6349/6349
f 6349/6349 6348/6348 6350/6350
f 6349/6349 6350/6350 6351/6351
f 6351/6351 6350/6350 6352/6352
f 6351/6351 6352/6352 6353/6353
f 6353/6353 6352/6352 6354/6354
f 6353/6353 6354/6354 6355/6355
f 6355/6355 6354/6354 6356/6356
f 6355/6355 6356/6356 6357/6357
f 6357/6357 6356/6356 6358/6358
f 6357/6357 6358/6358 6359/6359
f 6359/6359 6358/6358 6360/6360
f 6359/6359 6360/6360 6361/6361
f 6361/6361 6360/6360 6362/6362
f 6361/6361 6362/6362 6363/6363
f 6363/6363 6362/6362 6364/6364
f 6363/6363 6364/6364 6365/6365
f 6365/6365 6364/6364 6366/6366
f 6365/6365 6366/6366 6367/6367
f 6367/6367 6366/6366 6368/6368
f 6367/6367 6368/6368 6369/6369
f 6369/6369 6368/6368 6370/6370
f 6369/6369 6370/6370 6371/6371
f 6371/6371 6370/6370 6372/6372
f 6371/6371 6372/6372 6373/6373
f 6373/6373 6372/6372 6374/6374
f 6373/6373 6374/6374 6375/6375
f 6375/6375 6374/6374 6376/6376
f 6375/6375 6376/6376 6377/6377
f 6377/6377 6376/6376 6378/6378
f 6377/6377 6378/6378 6379/6379
f 6379/6379 6378/6378 6380/6380
f 6379/6379 6380/6380 6381/6381
f 6381/6381 6380/6380 6382/6382
f 6381/6381 6382/6382 6383/6383
f 6383/6383 6382/6382 6384/6384
f 6383/6383 6384/6384 6385/6385
f 6385/6385 6384/6384 6386/6386
f 6385/6385 6386/6386 6387/6387
f 6387/6387 6386/6386 6388/6388
f 6387/6387 6388/6388 6389/6389
f 6389/6389 6388/6388 6390/6390
f 6389/6389 6390/6390 6391/6391
f 6391/6391 6390/6390 6392/6392
f 6391/6391 6392/6392 6393/6393
f 6393/6393 6392/6392 6394/6394
f 6393/6393 6394/6394 6395/6395
f 6395/6395 6394/6394 6396/6396
f 6395/6395 6396/6396 6397/6397
f 6397/6397 6396/6396 6113/6113
f 6397/6397 6113/6113 6115/6115
f 6398/6398 6399/6399 6400/6400
f 6400/6400 6399/6399 6401/6401
f 6402/6402 6403/6403 6404/6404
f 6404/6404 6403/6403 6405/6405
f 6404/6404 6405/6405 6406/6406
f 6406/6406 6405/6405 6407/6407
f 6406/6406 6407/6407 6408/6408
f 6408/6408 6407/6407 6409/6409
f 6408/6408 6409/6409 6410/6410
f 6410/6410 6409/6409 6411/6411
f 6410/6410 6411/6411 6412/6412
f 6412/6412 6411/6411 6413/6413
f 6412/6412 6413/6413 6414/6414
f 6414/6414 6413/6413 6415/6415
f 6414/6414 6415/6415 6416/6416
f 6416/6416 6415/6415 6417/6417
f 6416/6416 6417/6417 6418/6418
f 6418/6418 6417/6417 6419/6419
f 6418/6418 6419/6419 6420/6420
f 6420/6420 6419/6419 6421/6421
f 6420/6420 6421/6421 6422/6422
f 6422/6422 6421/6421 6423/6423
f 6422/6422 6423/6423 6424/6424
f 6424/6424 6423/6423 6425/6425
f 6424/6424 6425/6425 6426/6426
f 6426/6426 6425/6425 6427/6427
f 6426/6426 6427/6427 6428/6428
f 6428/6428 6427/6427 6429/6429
f 6428/6428 6429/6429 6430/6430
f 6430/6430 6429/6429 6431/6431
f 6430/6430 6431/6431 6432/6432
f 6432/6432 6431/6431 6433/6433
f 6432/6432 6433/6433 6434/6434
f 6434/6434 6433/6433 6435/6435
f 6434/6434 6435/6435 6436/6436
f 6436/6436 6435/6435 6437/6437
f 6436/6436 6437/6437 6438/6438
f 6438/6438 6437/6437 6439/6439
f 6438/6438 6439/6439 6440/6440
f 6440/6440 6439/6439 6441/6441
f 6440/6440 6441/6441 6442/6442
f 6442/6442 6441/6441 6443/6443
f 6442/6442 6443/6443 6444/6444
f 6444/6444 6443/6443 6445/6445
f 6444/6444 6445/6445 6446/6446
f 6446/6446 6445/6445 6447/6447
f 6446/6446 6447/6447 6448/6448
f 6448/6448 6447/6447 6449/6449
f 6448/6448 6449/6449 6450/6450
f 6450/6450 6449/6449 6451/6451
f 6450/6450 6451/6451 6452/6452
f 6452/6452 6451/6451 6453/6453
f 6452/6452 6453/6453 6454/6454
f 6454/6454 6453/6453 6455/6455
f 6454/6454 6455/6455 6456/6456
f 6456/6456 6455/6455 6457/6457
f 6456/6456 6457/6457 6458/6458
f 6458/6458 6457/6457 6459/6459
f 6458/6458 6459/6459 6460/6460
f 6460/6460 6459/6459 6461/6461
f 6460/6460 6461/6461 6462/6462
f 6462/6462 6461/6461 6463/6463
f 6462/6462 6463/6463 6464/6464
f 6464/6464 6463/6463 6465/6465
f 6464/6464 6465/6465 6466/6466
f 6466/6466 6465/6465 6467/6467
f 6466/6466 6467/6467 6468/6468
f 6468/6468 6467/6467 6469/6469
f 6468/6468 6469/6469 6470/6470
f 6470/6470 6469/6469 6471/6471
f 6470/6470 6471/6471 6472/6472
f 6472/6472 6471/6471 6473/6473
f 6472/6472 6473/6473 6474/6474
f 6474/6474 6473/6473 6475/6475
f 6474/6474 6475/6475 6476/6476
f 6476/6476 6475/6475 6477/6477
f 6476/6476 6477/6477 6478/6478
f 6478/6478 6477/6477 6479/6479
f 6478/6478 6479/6479 6480/6480
f 6480/6480 6479/6479 6481/6481
f 6480/6480 6481/6481 6482/6482
f 6482/6482 6481/6481 6483/6483
f 6482/6482 6483/6483 6484/6484
f 6484/6484 6483/6483 6485/6485
f 6484/6484 6485/6485 6486/6486
f 6486/6486 6485/6485 6487/6487
f 6486/6486 6487/6487 6488/6488
f 6488/6488 6487/6487 6489/6489
f 6488/6488 6489/6489 6490/6490
f 6490/6490 6489/6489 6491/6491
f 6490/6490 6491/6491 6492/6492
f 6492/6492 6491/6491 6493/6493
f 6492/6492 6493/6493 6494/6494
f 6494/6494 6493/6493 6495/6495
f 6494/6494 6495/6495 6496/6496
f 6496/6496 6495/6495 6497/6497
f 6496/6496 6497/6497 6498/6498
f 6498/6498 6497/6497 6499/6499
f 6498/6498 6499/6499 6500/6500
f 6500/6500 6499/6499 6501/6501
f 6500/6500 6501/6501 6502/6502
f 6502/6502 6501/6501 6503/6503
f 6502/6502 6503/6503 6504/6504
f 6504/6504 6503/6503 6505/6505
f 6504/6504 6505/6505 6506/6506
f 6506/6506 6505/6505 6507/6507
f 6506/6506 6507/6507 6508/6508
f 6508/6508 6507/6507 6509/6509
f 6508/6508 6509/6509 6510/6510
f 6510/6510 6509/6509 6511/6511
f 6510/6510 6511/6511 6512/6512
f 6512/6512 6511/6511 6513/6513
f 6512/6512 6513/6513 6514/6514
f 6514/6514 6513/6513 6515/6515
f 6514/6514 6515/6515 6516/6516
f 6516/6516 6515/6515 6517/6517
f 6516/6516 6517/6517 6518/6518
f 6518/6518 6517/6517 6519/6519
f 6518/6518 6519/6519 6520/6520
f 6520/6520 6519/6519 6521/6521
f 6520/6520 6521/6521 6522/6522
f 6522/6522 6521/6521 6523/6523
f 6522/6522 6523/6523 6524/6524
f 6524/6524 6523/6523 6525/6525
f 6524/6524 6525/6525 6526/6526
f 6526/6526 6525/6525 6527/6527
f 6526/6526 6527/6527 6528/6528
f 6528/6528 6527/6527 6529/6529
f 6528/6528 6529/6529 6530/6530
f 6530/6530 6529/6529 6531/6531
f 6530/6530 6531/6531 6532/6532
f 6532/6532 6531/6531 6533/6533
f 6532/6532 6533/6533 6534/6534
f 6534/6534 6533/6533 6535/6535
f 6534/6534 6535/6535 6536/6536
f 6536/6536 6535/6535 6537/6537
f 6536/6536 6537/6537 6538/6538
f 6538/6538 6537/6537 6539/6539
f 6538/6538 6539/6539 6540/6540
f 6540/6540 6539/6539 6541/6541
f 6540/6540 6541/6541 6542/6542
f 6542/6542 6541/6541 6543/6543
f 6542/6542 6543/6543 6544/6544
f 6544/6544 6543/6543 6545/6545
f 6544/6544 6545/6545 6546/6546
f 6546/6546 6545/6545 6547/6547
f 6546/6546 6547/6547 6548/6548
f 6548/6548 6547/6547 6549/6549
f 6548/6548 6549/6549 6550/6550
f 6550/6550 6549/6549 6551/6551
f 6550/6550 6551/6551 6552/6552
f 6552/6552 6551/6551 6553/6553
f 6552/6552 6553/6553 6554/6554
f 6554/6554 6553/6553 6555/6555
f 6554/6554 6555/6555 6556/6556
f 6556/6556 6555/6555 6557/6557
f 6556/6556 6557/6557 6558/6558
f 6558/6558 6557/6557 6559/6559
f 6558/6558 6559/6559 6560/6560
f 6560/6560 6559/6559 6561/6561
f 6560/6560 6561/6561 6562/6562
f 6562/6562 6561/6561 6563/6563
f 6562/6562 6563/6563 6564/6564
f 6564/6564 6563/6563 6565/6565
f 6564/6564 6565/6565 6566/6566
f 6566/6566 6565/6565 6567/6567
f 6566/6566 6567/6567 6568/6568
f 6568/6568 6567/6567 6569/6569
f 6568/6568 6569/6569 6570/6570
f 6570/6570 6569/6569 6571/6571
f 6570/6570 6571/6571 6572/6572
f 6572/6572 6571/6571 6573/6573
f 6572/6572 6573/6573 6574/6574
f 6574/6574 6573/6573 6575/6575
f 6574/6574 6575/6575 6576/6576
f 6576/6576 6575/6575 6577/6577
f 6576/6576 6577/6577 6578/6578
f 6578/6578 6577/6577 6579/6579
f 6578/6578 6579/6579 6580/6580
f 6580/6580 6579/6579 6581/6581
f 6580/6580 6581/6581 6582/6582
f 6582/6582 6581/6581 6583/6583
f 6582/6582 6583/6583 6584/6584
f 6584/6584 6583/6583 6585/6585
f 6584/6584 6585/6585 6586/6586
f 6586/6586 6585/6585 6587/6587
f 6586/6586 6587/6587 6588/6588
f 6588/6588 6587/6587 6589/6589
f 6588/6588 6589/6589 6590/6590
f 6590/6590 6589/6589 6591/6591
f 6590/6590 6591/6591 6592/6592
f 6592/6592 6591/6591 6593/6593
f 6592/6592 6593/6593 6594/6594
f 6594/6594 6593/6593 6595/6595
f 6594/6594 6595/6595 6596/6596
f 6596/6596 6595/6595 6597/6597
f 6596/6596 6597/6597 6598/6598
f 6598/6598 6597/6597 6599/6599
f 6598/6598 6599/6599 6600/6600
f 6600/6600 6599/6599 6601/6601
f 6600/6600 6601/6601 6602/6602
f 6602/6602 6601/6601 6603/6603
f 6602/6602 6603/6603 6604/6604
f 6604/6604 6603/6603 6605/6605
f 6604/6604 6605/6605 6606/6606
f 6606/6606 6605/6605 6607/6607
f 6606/6606 6607/6607 6608/6608
f 6608/6608 6607/6607 6609/6609
f 6608/6608 6609/6609 6610/6610
f 6610/6610 6609/6609 6611/6611
f 6610/6610 6611/6611 6612/6612
f 6612/6612 6611/6611 6613/6613
f 6612/6612 6613/6613 6614/6614
f 6614/6614 6613/6613 6615/6615
f 6614/6614 6615/6615 6616/6616
f 6616/6616 6615/6615 6617/6617
f 6616/6616 6617/6617 6618/6618
f 6618/6618 6617/6617 6619/6619
f 6618/6618 6619/6619 6620/6620
f 6620/6620 6619/6619 6621/6621
f 6620/6620 6621/6621 6622/6622
f 6622/6622 6621/6621 6623/6623
f 6622/6622 6623/6623 6624/6624
f 6624/6624 6623/6623 6625/6625
f 6624/6624 6625/6625 6626/6626
f 6626/6626 6625/6625 6627/6627
f 6626/6626 6627/6627 6628/6628
f 6628/6628 6627/6627 6629/6629
f 6628/6628 6629/6629 6630/6630
f 6630/6630 6629/6629 6631/6631
f 6630/6630 6631/6631 6632/6632
f 6632/6632 6631/6631 6633/6633
f 6632/6632 6633/6633 6634/6634
f 6634/6634 6633/6633 6635/6635
f 6634/6634 6635/6635 6636/6636
f 6636/6636 6635/6635 6637/6637
f 6636/6636 6637/6637 6638/6638
f 6638/6638 6637/6637 6639/6639
f 6638/6638 6639/6639 6640/6640
f 6640/6640 6639/6639 6641/6641
f 6640/6640 6641/6641 6642/6642
f 6642/6642 6641/6641 6643/6643
f 6642/6642 6643/6643 6644/6644
f 6644/6644 6643/6643 6645/6645
f 6644/6644 6645/6645 6646/6646
f 6646/6646 6645/6645 6647/6647
f 6646/6646 6647/6647 6648/6648
f 6648/6648 6647/6647 6649/6649
f 6648/6648 6649/6649 6650/6650
f 6650/6650 6649/6649 6651/6651
f 6650/6650 6651/6651 6652/6652
f 6652/6652 6651/6651 6653/6653
f 6652/6652 6653/6653 6654/6654
f 6654/6654 6653/6653 6655/6655
f 6654/6654 6655/6655 6656/6656
f 6656/6656 6655/6655 6657/6657
f 6656/6656 6657/6657 6658/6658
f 6658/6658 6657/6657 6659/6659
f 6658/6658 6659/6659 6660/6660
f 6660/6660 6659/6659 6661/6661
f 6660/6660 6661/6661 6662/6662
f 6662/6662 6661/6661 6663/6663
f 6662/6662 6663/6663 6664/6664
f 6664/6664 6663/6663 6665/6665
f 6664/6664 6665/6665 6666/6666
f 6666/6666 6665/6665 6667/6667
f 6666/6666 6667/6667 6668/6668
f 6668/6668 6667/6667 6669/6669
f 6668/6668 6669/6669 6670/6670
f 6670/6670 6669/6669 6671/6671
f 6670/6670 6671/6671 6672/6672
f 6672/6672 6671/6671 6673/6673
f 6672/6672 6673/6673 6674/6674
f 6674/6674 6673/6673 6675/6675
f 6674/6674 6675/6675 6676/6676
f 6676/6676 6675/6675 6677/6677
f 6676/6676 6677/6677 6678/6678
f 6678/6678 6677/6677 6679/6679
f 6678/6678 6679/6679 6680/6680
f 6680/6680 6679/6679 6681/6681
f 6680/6680 6681/6681 6682/6682
f 6682/6682 6681/6681 6683/6683
f 6682/6682 6683/6683 6684/6684
f 6684/6684 6683/6683 6685/6685
f 6686/6686 6687/6687 6688/6688
f 6688/6688 6687/6687 6689/6689
f 6688/6688 6689/6689 6690/6690
f 6690/6690 6689/6689 6691/6691
f 6690/6690 6691/6691 6692/6692
f 6692/6692 6691/6691 6693/6693
f 6692/6692 6693/6693 6694/6694
f 6694/6694 6693/6693 6695/6695
f 6694/6694 6695/6695 6696/6696
f 6696/6696 6695/6695 6697/6697
f 6696/6696 6697/6697 6698/6698
f 6698/6698 6697/6697 6699/6699
f 6698/6698 6699/6699 6700/6700
f 6700/6700 6699/6699 6701/6701
f 6700/6700 6701/6701 6702/6702
f 6702/6702 6701/6701 6703/6703
f 6702/6702 6703/6703 6704/6704
f 6704/6704 6703/6703 6705/6705
f 6704/6704 6705/6705 6706/6706
f 6706/6706 6705/6705 6707/6707
f 6706/6706 6707/6707 6708/6708
f 6708/6708 6707/6707 6709/6709
f 6708/6708 6709/6709 6710/6710
f 6710/6710 6709/6709 6711/6711
f 6710/6710 6711/6711 6712/6712
f 6712/6712 6711/6711 6713/6713
f 6712/6712 6713/6713 6714/6714
f 6714/6714 6713/6713 6715/6715
f 6714/6714 6715/6715 6716/6716
f 6716/6716 6715/6715 6717/6717
f 6716/6716 6717/6717 6718/6718
f 6718/6718 6717/6717 6719/6719
f 6718/6718 6719/6719 6720/6720
f 6720/6720 6719/6719 6721/6721
f 6720/6720 6721/6721 6722/6722
f 6722/6722 6721/6721 6723/6723
f 6722/6722 6723/6723 6724/6724
f 6724/6724 6723/6723 6725/6725
f 6724/6724 6725/6725 6726/6726
f 6726/6726 6725/6725 6727/6727
f 6726/6726 6727/6727 6728/6728
f 6728/6728 6727/6727 6729/6729
f 6728/6728 6729/6729 6730/6730
f 6730/6730 6729/6729 6731/6731
f 6730/6730 6731/6731 6732/6732
f 6732/6732 6731/6731 6733/6733
f 6732/6732 6733/6733 6734/6734
f 6734/6734 6733/6733 6735/6735
f 6734/6734 6735/6735 6736/6736
f 6736/6736 6735/6735 6737/6737
f 6736/6736 6737/6737 6738/6738
f 6738/6738 6737/6737 6739/6739
f 6738/6738 6739/6739 6740/6740
f 6740/6740 6739/6739 6741/6741
f 6740/6740 6741/6741 6742/6742
f 6742/6742 6741/6741 6743/6743
f 6742/6742 6743/6743 6744/6744
f 6744/6744 6743/6743 6745/6745
f 6744/6744 6745/6745 6746/6746
f 6746/6746 6745/6745 6747/6747
f 6746/6746 6747/6747 6748/6748
f 6748/6748 6747/6747 6749/6749
f 6748/6748 6749/6749 6750/6750
f 6750/6750 6749/6749 6751/6751
f 6750/6750 6751/6751 6752/6752
f 6752/6752 6751/6751 6753/6753
f 6752/6752 6753/6753 6754/6754
f 6754/6754 6753/6753 6755/6755
f 6754/6754 6755/6755 6756/6756
f 6756/6756 6755/6755 6757/6757
f 6756/6756 6757/6757 6758/6758
f 6758/6758 6757/6757 6759/6759
f 6758/6758 6759/6759 6760/6760
f 6760/6760 6759/6759 6761/6761
f 6760/6760 6761/6761 6762/6762
f 6762/6762 6761/6761 6763/6763
f 6762/6762 6763/6763 6764/6764
f 6764/6764 6763/6763 6765/6765
f 6764/6764 6765/6765 6766/6766
f 6766/6766 6765/6765 6767/6767
f 6766/6766 6767/6767 6768/6768
f 6768/6768 6767/6767 6769/6769
f 6768/6768 6769/6769 6770/6770
f 6770/6770 6769/6769 6771/6771
f 6770/6770 6771/6771 6772/6772
f 6772/6772 6771/6771 6773/6773
f 6772/6772 6773/6773 6774/6774
f 6774/6774 6773/6773 6775/6775
f 6774/6774 6775/6775 6776/6776
f 6776/6776 6775/6775 6777/6777
f 6776/6776 6777/6777 6778/6778
f 6778/6778 6777/6777 6779/6779
f 6778/6778 6779/6779 6780/6780
f 6780/6780 6779/6779 6781/6781
f 6780/6780 6781/6781 6782/6782
f 6782/6782 6781/6781 6783/6783
f 6782/6782 6783/6783 6784/6784
f 6784/6784 6783/6783 6785/6785
f 6784/6784 6785/6785 6786/6786
f 6786/6786 6785/6785 6787/6787
f 6786/6786 6787/6787 6788/6788
f 6788/6788 6787/6787 6789/6789
f 6788/6788 6789/6789 6790/6790
f 6790/6790 6789/6789 6791/6791
f 6790/6790 6791/6791 6792/6792
f 6792/6792 6791/6791 6793/6793
f 6792/6792 6793/6793 6794/6794
f 6794/6794 6793/6793 6795/6795
f 6794/6794 6795/6795 6796/6796
f 6796/6796 6795/6795 6797/6797
f 6796/6796 6797/6797 6798/6798
f 6798/6798 6797/6797 6799/6799
f 6798/6798 6799/6799 6800/6800
f 6800/6800 6799/6799 6801/6801
f 6800/6800 6801/6801 6802/6802
f 6802/6802 6801/6801 6803/6803
f 6802/6802 6803/6803 6804/6804
f 6804/6804 6803/6803 6805/6805
f 6804/6804 6805/6805 6806/6806
f 6806/6806 6805/6805 6807/6807
f 6806/6806 6807/6807 6808/6808
f 6808/6808 6807/6807 6809/6809
f 6808/6808 6809/6809 6810/6810
f 6810/6810 6809/6809 6811/6811
f 6810/6810 6811/6811 6812/6812
f 6812/6812 6811/6811 6813/6813
f 6812/6812 6813/6813 6814/6814
f 6814/6814 6813/6813 6815/6815
f 6814/6814 6815/6815 6816/6816
f 6816/6816 6815/6815 6817/6817
f 6816/6816 6817/6817 6818/6818
f 6818/6818 6817/6817 6819/6819
f 6818/6818 6819/6819 6820/6820
f 6820/6820 6819/6819 6821/6821
f 6820/6820 6821/6821 6822/6822
f 6822/6822 6821/6821 6823/6823
f 6822/6822 6823/6823 6824/6824
f 6824/6824 6823/6823 6825/6825
f 6824/6824 6825/6825 6826/6826
f 6826/6826 6825/6825 6827/6827
f 6826/6826 6827/6827 6828/6828
f 6828/6828 6827/6827 6829/6829
f 6828/6828 6829/6829 6830/6830
f 6830/6830 6829/6829 6831/6831
f 6830/6830 6831/6831 6832/6832
f 6832/6832 6831/6831 6833/6833
f 6832/6832 6833/6833 6834/6834
f 6834/6834 6833/6833 6835/6835
f 6834/6834 6835/6835 6836/6836
f 6836/6836 6835/6835 6837/6837
f 6836/6836 6837/6837 6838/6838
f 6838/6838 6837/6837 6839/6839
f 6838/6838 6839/6839 6840/6840
f 6840/6840 6839/6839 6841/6841
f 6840/6840 6841/6841 6842/6842
f 6842/6842 6841/6841 6843/6843
f 6842/6842 6843/6843 6844/6844
f 6844/6844 6843/6843 6845/6845
f 6844/6844 6845/6845 6846/6846
f 6846/6846 6845/6845 6847/6847
f 6846/6846 6847/6847 6848/6848
f 6848/6848 6847/6847 6849/6849
f 6848/6848 6849/6849 6850/6850
f 6850/6850 6849/6849 6851/6851
f 6850/6850 6851/6851 6852/6852
f 6852/6852 6851/6851 6853/6853
f 6852/6852 6853/6853 6854/6854
f 6854/6854 6853/6853 6855/6855
f 6854/6854 6855/6855 6856/6856
f 6856/6856 6855/6855 6857/6857
f 6856/6856 6857/6857 6858/6858
f 6858/6858 6857/6857 6859/6859
f 6858/6858 6859/6859 6860/6860
f 6860/6860 6859/6859 6861/6861
f 6860/6860 6861/6861 6862/6862
f 6862/6862 6861/6861 6863/6863
f 6862/6862 6863/6863 6864/6864
f 6864/6864 6863/6863 6865/6865
f 6864/6864 6865/6865 6866/6866
f 6866/6866 6865/6865 6867/6867
f 6866/6866 6867/6867 6868/6868
f 6868/6868 6867/6867 6869/6869
f 6868/6868 6869/6869 6870/6870
f 6870/6870 6869/6869 6871/6871
f 6870/6870 6871/6871 6872/6872
f 6872/6872 6871/6871 6873/6873
f 6872/6872 6873/6873 6874/6874
f 6874/6874 6873/6873 6875/6875
f 6874/6874 6875/6875 6876/6876
f 6876/6876 6875/6875 6877/6877
f 6876/6876 6877/6877 6878/6878
f 6878/6878 6877/6877 6879/6879
f 6878/6878 6879/6879 6880/6880
f 6880/6880 6879/6879 6881/6881
f 6880/6880 6881/6881 6882/6882
f 6882/6882 6881/6881 6883/6883
f 6882/6882 6883/6883 6884/6884
f 6884/6884 6883/6883 6885/6885
f 6884/6884 6885/6885 6886/6886
f 6886/6886 6885/6885 6887/6887
f 6886/6886 6887/6887 6888/6888
f 6888/6888 6887/6887 6889/6889
f 6888/6888 6889/6889 6890/6890
f 6890/6890 6889/6889 6891/6891
f 6890/6890 6891/6891 6892/6892
f 6892/6892 6891/6891 6893/6893
f 6892/6892 6893/6893 6894/6894
f 6894/6894 6893/6893 6895/6895
f 6894/6894 6895/6895 6896/6896
f 6896/6896 6895/6895 6897/6897
f 6896/6896 6897/6897 6898/6898
f 6898/6898 6897/6897 6899/6899
f 6898/6898 6899/6899 6900/6900
f 6900/6900 6899/6899 6901/6901
f 6900/6900 6901/6901 6902/6902
f 6902/6902 6901/6901 6903/6903
f 6902/6902 6903/6903 6904/6904
f 6904/6904 6903/6903 6905/6905
f 6904/6904 6905/6905 6906/6906
f 6906/6906 6905/6905 6907/6907
f 6906/6906 6907/6907 6908/6908
f 6908/6908 6907/6907 6909/6909
f 6908/6908 6909/6909 6910/6910
f 6910/6910 6909/6909 6911/6911
f 6910/6910 6911/6911 6912/6912
f 6912/6912 6911/6911 6913/6913
f 6912/6912 6913/6913 6914/6914
f 6914/6914 6913/6913 6915/6915
f 6914/6914 6915/6915 6916/6916
f 6916/6916 6915/6915 6917/6917
f 6916/6916 6917/6917 6918/6918
f 6918/6918 6917/6917 6919/6919
f 6918/6918 6919/6919 6920/6920
f 6920/6920 6919/6919 6921/6921
f 6920/6920 6921/6921 6922/6922
f 6922/6922 6921/6921 6923/6923
f 6922/6922 6923/6923 6924/6924
f 6924/6924 6923/6923 6925/6925
f 6924/6924 6925/6925 6926/6926
f 6926/6926 6925/6925 6927/6927
f 6926/6926 6927/6927 6928/6928
f 6928/6928 6927/6927 6929/6929
f 6928/6928 6929/6929 6930/6930
f 6930/6930 6929/6929 6931/6931
f 6930/6930 6931/6931 6932/6932
f 6932/6932 6931/6931 6933/6933
f 6932/6932 6933/6933 6934/6934
f 6934/6934 6933/6933 6935/6935
f 6934/6934 6935/6935 6936/6936
f 6936/6936 6935/6935 6937/6937
f 6936/6936 6937/6937 6938/6938
f 6938/6938 6937/6937 6939/6939
f 6938/6938 6939/6939 6940/6940
f 6940/6940 6939/6939 6941/6941
f 6940/6940 6941/6941 6942/6942
f 6942/6942 6941/6941 6943/6943
f 6942/6942 6943/6943 6944/6944
f 6944/6944 6943/6943 6945/6945
f 6944/6944 6945/6945 6946/6946
f 6946/6946 6945/6945 6947/6947
f 6946/6946 6947/6947 6948/6948
f 6948/6948 6947/6947 6949/6949
f 6948/6948 6949/6949 6950/6950
f 6950/6950 6949/6949 6951/6951
f 6950/6950 6951/6951 6952/6952
f 6952/6952 6951/6951 6953/6953
f 6952/6952 6953/6953 6954/6954
f 6954/6954 6953/6953 6955/6955
f 6954/6954 6955/6955 6956/6956
f 6956/6956 6955/6955 6957/6957
f 6956/6956 6957/6957 6958/6958
f 6958/6958 6957/6957 6959/6959
f 6958/6958 6959/6959 6960/6960
f 6960/6960 6959/6959 6961/6961
f 6960/6960 6961/6961 6962/6962
f 6962/6962 6961/6961 6963/6963
f 6962/6962 6963/6963 6964/6964
f 6964/6964 6963/6963 6965/6965
f 6964/6964 6965/6965 6966/6966
f 6966/6966 6965/6965 6967/6967
f 6966/6966 6967/6967 6968/6968
f 6968/6968 6967/6967 6969/6969
f 6970/6970 6971/6971 6972/6972
f 6972/6972 6971/6971 6973/6973
f 6972/6972 6973/6973 6974/6974
f 6974/6974 6973/6973 6121/6121
f 6974/6974 6121/6121 6975/6975
f 6975/6975 6121/6121 6123/6123
f 6975/6975 6123/6123 6976/6976
f 6976/6976 6123/6123 6125/6125
f 6976/6976 6125/6125 6977/6977
f 6977/6977 6125/6125 6127/6127
f 6977/6977 6127/6127 6978/6978
f 6978/6978 6127/6127 6129/6129
f 6978/6978 6129/6129 6979/6979
f 6979/6979 6129/6129 6131/6131
f 6979/6979 6131/6131 6980/6980
f 6980/6980 6131/6131 6133/6133
f 6980/6980 6133/6133 6981/6981
f 6981/6981 6133/6133 6135/6135
f 6981/6981 6135/6135 6982/6982
f 6982/6982 6135/6135 6137/6137
f 6982/6982 6137/6137 6983/6983
f 6983/6983 6137/6137 6139/6139
f 6983/6983 6139/6139 6984/6984
f 6984/6984 6139/6139 6141/6141
f 6984/6984 6141/6141 6985/6985
f 6985/6985 6141/6141 6143/6143
f 6985/6985 6143/6143 6986/6986
f 6986/6986 6143/6143 6145/6145
f 6986/6986 6145/6145 6987/6987
f 6987/6987 6145/6145 6147/6147
f 6987/6987 6147/6147 6988/6988
f 6988/6988 6147/6147 6149/6149
f 6988/6988 6149/6149 6989/6989
f 6989/6989 6149/6149 6151/6151
f 6989/6989 6151/6151 6990/6990
f 6990/6990 6151/6151 6153/6153
f 6990/6990 6153/6153 6991/6991
f 6991/6991 6153/6153 6155/6155
f 6991/6991 6155/6155 6992/6992
f 6992/6992 6155/6155 6157/6157
f 6992/6992 6157/6157 6993/6993
f 6993/6993 6157/6157 6159/6159
f 6993/6993 6159/6159 6994/6994
f 6994/6994 6159/6159 6161/6161
f 6994/6994 6161/6161 6995/6995
f 6995/6995 6161/6161 6163/6163
f 6995/6995 6163/6163 6996/6996
f 6996/6996 6163/6163 6165/6165
f 6996/6996 6165/6165 6997/6997
f 6997/6997 6165/6165 6167/6167
f 6997/6997 6167/6167 6998/6998
f 6998/6998 6167/6167 6169/6169
f 6998/6998 6169/6169 6999/6999
f 6999/6999 6169/6169 6171/6171
f 6999/6999 6171/6171 7000/7000
f 7000/7000 6171/6171 6173/6173
f 7000/7000 6173/6173 7001/7001
f 7001/7001 6173/6173 6175/6175
f 7001/7001 6175/6175 7002/7002
f 7002/7002 6175/6175 6177/6177
f 7002/7002 6177/6177 7003/7003
f 7003/7003 6177/6177 6179/6179
f 7003/7003 6179/6179 7004/7004
f 7004/7004 6179/6179 6181/6181
f 7004/7004 6181/6181 7005/7005
f 7005/7005 6181/6181 6183/6183
f 7005/7005 6183/6183 7006/7006
f 7006/7006 6183/6183 6185/6185
f 7006/7006 6185/6185 7007/7007
f 7007/7007 6185/6185 6187/6187
f 7007/7007 6187/6187 7008/7008
f 7008/7008 6187/6187 6189/6189
f 7008/7008 6189/6189 7009/7009
f 7009/7009 6189/6189 6191/6191
f 7009/7009 6191/6191 7010/7010
f 7010/7010 6191/6191 6193/6193
f 7010/7010 6193/6193 7011/7011
f 7011/7011 6193/6193 6195/6195
f 7011/7011 6195/6195 7012/7012
f 7012/7012 6195/6195 6197/6197
f 7012/7012 6197/6197 7013/7013
f 7013/7013 6197/6197 6199/6199
f 7013/7013 6199/6199 7014/7014
f 7014/7014 6199/6199 6201/6201
f 7014/7014 6201/6201 7015/7015
f 7015/7015 6201/6201 6203/6203
f 7015/7015 6203/6203 7016/7016
f 7016/7016 6203/6203 6205/6205
f 7016/7016 6205/6205 7017/7017
f 7017/7017 6205/6205 6207/6207
f 7017/7017 6207/6207 7018/7018
f 7018/7018 6207/6207 6209/6209
f 7018/7018 6209/6209 7019/7019
f 7019/7019 6209/6209 6211/6211
f 7019/7019 6211/6211 7020/7020
f 7020/7020 6211/6211 6213/6213
f 7020/7020 6213/6213 7021/7021
f 7021/7021 6213/6213 6215/6215
f 7021/7021 6215/6215 7022/7022
f 7022/7022 6215/6215 6217/6217
f 7022/7022 6217/6217 7023/7023
f 7023/7023 6217/6217 6219/6219
f 7023/7023 6219/6219 7024/7024
f 7024/7024 6219/6219 6221/6221
f 7024/7024 6221/6221 7025/7025
f 7025/7025 6221/6221 6223/6223
f 7025/7025 6223/6223 7026/7026
f 7026/7026 6223/6223 6225/6225
f 7026/7026 6225/6225 7027/7027
f 7027/7027 6225/6225 6227/6227
f 7027/7027 6227/6227 7028/7028
f 7028/7028 6227/6227 6229/6229
f 7028/7028 6229/6229 7029/7029
f 7029/7029 6229/6229 6231/6231
f 7029/7029 6231/6231 7030/7030
f 7030/7030 6231/6231 6233/6233
f 7030/7030 6233/6233 7031/7031
f 7031/7031 6233/6233 6235/6235
f 7031/7031 6235/6235 7032/7032
f 7032/7032 6235/6235 6237/6237
f 7032/7032 6237/6237 7033/7033
f 7033/7033 6237/6237 6239/6239
f 7033/7033 6239/6239 7034/7034
f 7034/7034 6239/6239 6241/6241
f 7034/7034 6241/6241 7035/7035
f 7035/7035 6241/6241 6243/6243
f 7035/7035 6243/6243 7036/7036
f 7036/7036 6243/6243 6245/6245
f 7036/7036 6245/6245 7037/7037
f 7037/7037 6245/6245 6247/6247
f 7037/7037 6247/6247 7038/7038
f 7038/7038 6247/6247 6249/6249
f 7038/7038 6249/6249 7039/7039
f 7039/7039 6249/6249 6251/6251
f 7039/7039 6251/6251 7040/7040
f 7040/7040 6251/6251 6253/6253
f 7040/7040 6253/6253 7041/7041
f 7041/7041 6253/6253 6255/6255
f 7041/7041 6255/6255 7042/7042
f 7042/7042 6255/6255 6257/6257
f 7042/7042 6257/6257 7043/7043
f 7043/7043 6257/6257 6259/6259
f 7043/7043 6259/6259 7044/7044
f 7044/7044 6259/6259 6261/6261
f 7044/7044 6261/6261 7045/7045
f 7045/7045 6261/6261 6263/6263
f 7045/7045 6263/6263 7046/7046
f 7046/7046 6263/6263 6265/6265
f 7046/7046 6265/6265 7047/7047
f 7047/7047 6265/6265 6267/6267
f 7047/7047 6267/6267 7048/7048
f 7048/7048 6267/6267 6269/6269
f 7048/7048 6269/6269 7049/7049
f 7049/7049 6269/6269 6271/6271
f 7049/7049 6271/6271 7050/7050
f 7050/7050 6271/6271 6273/6273
f 7050/7050 6273/6273 7051/7051
f 7051/7051 6273/6273 6275/6275
f 7051/7051 6275/6275 7052/7052
f 7052/7052 6275/6275 6277/6277
f 7052/7052 6277/6277 7053/7053
f 7053/7053 6277/6277 6279/6279
f 7053/7053 6279/6279 7054/7054
f 7054/7054 6279/6279 6281/6281
f 7054/7054 6281/6281 7055/7055
f 7055/7055 6281/6281 6283/6283
f 7055/7055 6283/6283 7056/7056
f 7056/7056 6283/6283 6285/6285
f 7056/7056 6285/6285 7057/7057
f 7057/7057 6285/6285 6287/6287
f 7057/7057 6287/6287 7058/7058
f 7058/7058 6287/6287 6289/6289
f 7058/7058 6289/6289 7059/7059
f 7059/7059 6289/6289 6291/6291
f 7059/7059 6291/6291 7060/7060
f 7060/7060 6291/6291 6293/6293
f 7060/7060 6293/6293 7061/7061
f 7061/7061 6293/6293 6295/6295
f 7061/7061 6295/6295 7062/7062
f 7062/7062 6295/6295 6297/6297
f 7062/7062 6297/6297 7063/7063
f 7063/7063 6297/6297 6299/6299
f 7063/7063 6299/6299 7064/7064
f 7064/7064 6299/6299 6301/6301
f 7064/7064 6301/6301 7065/7065
f 7065/7065 6301/6301 6303/6303
f 7065/7065 6303/6303 7066/7066
f 7066/7066 6303/6303 6305/6305
f 7066/7066 6305/6305 7067/7067
f 7067/7067 6305/6305 6307/6307
f 7067/7067 6307/6307 7068/7068
f 7068/7068 6307/6307 6309/6309
f 7068/7068 6309/6309 7069/7069
f 7069/7069 6309/6309 6311/6311
f 7069/7069 6311/6311 7070/7070
f 7070/7070 6311/6311 6313/6313
f 7070/7070 6313/6313 7071/7071
f 7071/7071 6313/6313 6315/6315
f 7071/7071 6315/6315 7072/7072
f 7072/7072 6315/6315 6317/6317
f 7072/7072 6317/6317 7073/7073
f 7073/7073 6317/6317 6319/6319
f 7073/7073 6319/6319 7074/7074
f 7074/7074 6319/6319 6321/6321
f 7074/7074 6321/6321 7075/7075
f 7075/7075 6321/6321 6323/6323
f 7075/7075 6323/6323 7076/7076
f 7076/7076 6323/6323 6325/6325
f 7076/7076 6325/6325 7077/7077
f 7077/7077 6325/6325 6327/6327
f 7077/7077 6327/6327 7078/7078
f 7078/7078 6327/6327 6329/6329
f 7078/7078 6329/6329 7079/7079
f 7079/7079 6329/6329 6331/6331
f 7079/7079 6331/6331 7080/7080
f 7080/7080 6331/6331 6333/6333
f 7080/7080 6333/6333 7081/7081
f 7081/7081 6333/6333 6335/6335
f 7081/7081 6335/6335 7082/7082
f 7082/7082 6335/6335 6337/6337
f 7082/7082 6337/6337 7083/7083
f 7083/7083 6337/6337 6339/6339
f 7083/7083 6339/6339 7084/7084
f 7084/7084 6339/6339 6341/6341
f 7084/7084 6341/6341 7085/7085
f 7085/7085 6341/6341 6343/6343
f 7085/7085 6343/6343 7086/7086
f 7086/7086 6343/6343 6345/6345
f 7086/7086 6345/6345 7087/7087
f 7087/7087 6345/6345 6347/6347
f 7087/7087 6347/6347 7088/7088
f 7088/7088 6347/6347 6349/6349
f 7088/7088 6349/6349 7089/7089
f 7089/7089 6349/6349 6351/6351
f 7089/7089 6351/6351 7090/7090
f 7090/7090 6351/6351 6353/6353
f 7090/7090 6353/6353 7091/7091
f 7091/7091 6353/6353 6355/6355
f 7091/7091 6355/6355 7092/7092
f 7092/7092 6355/6355 6357/6357
f 7092/7092 6357/6357 6359/6359
f 6399/6399 6398/6398 7093/7093
f 7093/7093 6398/6398 7094/7094
f 7093/7093 7094/7094 7095/7095
f 7095/7095 7094/7094 7096/7096
f 7095/7095 7096/7096 7097/7097
f 7097/7097 7096/7096 7098/7098
f 7097/7097 7098/7098 7099/7099
f 7099/7099 7098/7098 7100/7100
f 7099/7099 7100/7100 7101/7101
f 7101/7101 7100/7100 7102/7102
f 7101/7101 7102/7102 7103/7103
f 7103/7103 7102/7102 7104/7104
f 7103/7103 7104/7104 7105/7105
f 7105/7105 7104/7104 7106/7106
f 7105/7105 7106/7106 7107/7107
f 7107/7107 7106/7106 7108/7108
f 7107/7107 7108/7108 7109/7109
f 7109/7109 7108/7108 7110/7110
f 7109/7109 7110/7110 7111/7111
f 7111/7111 7110/7110 7112/7112
f 7111/7111 7112/7112 7113/7113
f 7113/7113 7112/7112 7114/7114
f 7113/7113 7114/7114 7115/7115
f 7115/7115 7114/7114 7116/7116
f 7115/7115 7116/7116 7117/7117
f 7117/7117 7116/7116 7118/7118
f 7117/7117 7118/7118 7119/7119
f 7119/7119 7118/7118 7120/7120
f 7119/7119 7120/7120 7121/7121
f 7121/7121 7120/7120 7122/7122
f 7121/7121 7122/7122 7123/7123
f 7123/7123 7122/7122 7124/7124
f 7123/7123 7124/7124 7125/7125
f 7125/7125 7124/7124 7126/7126
f 7125/7125 7126/7126 7127/7127
f 7127/7127 7126/7126 7128/7128
f 7127/7127 7128/7128 7129/7129
f 7129/7129 7128/7128 7130/7130
f 7129/7129 7130/7130 7131/7131
f 7131/7131 7130/7130 6642/6642
f 7131/7131 6642/6642 6644/6644
f 7128/7128 7132/7132 7130/7130
f 7130/7130 7132/7132 7133/7133
f 7130/7130 7133/7133 7134/7134
f 7134/7134 7133/7133 6638/6638
f 7132/7132 7135/7135 7133/7133
f 7133/7133 7135/7135 7136/7136
f 7133/7133 7136/7136 6638/6638
f 6638/6638 7136/7136 6636/6636
f 7135/7135 7137/7137 7136/7136
f 7136/7136 7137/7137 7138/7138
f 7136/7136 7138/7138 6636/6636
f 6636/6636 7138/7138 6634/6634
f 7137/7137 7139/7139 7138/7138
f 7138/7138 7139/7139 7140/7140
f 7138/7138 7140/7140 6634/6634
f 6634/6634 7140/7140 6632/6632
f 7139/7139 7141/7141 7140/7140
f 7140/7140 7141/7141 7142/7142
f 7140/7140 7142/7142 6632/6632
f 6632/6632 7142/7142 6630/6630
f 7141/7141 7143/7143 7142/7142
f 7142/7142 7143/7143 7144/7144
f 7142/7142 7144/7144 6630/6630
f 6630/6630 7144/7144 6628/6628
f 7143/7143 7145/7145 7144/7144
f 7144/7144 7145/7145 7146/7146
f 7144/7144 7146/7146 6628/6628
f 6628/6628 7146/7146 6626/6626
f 7145/7145 7147/7147 7146/7146
f 7146/7146 7147/7147 7148/7148
f 7146/7146 7148/7148 6626/6626
f 6626/6626 7148/7148 6624/6624
f 7147/7147 7149/7149 7148/7148
f 7148/7148 7149/7149 7150/7150
f 7148/7148 7150/7150 6624/6624
f 6624/6624 7150/7150 6622/6622
f 7149/7149 7151/7151 7150/7150
f 7150/7150 7151/7151 7152/7152
f 7150/7150 7152/7152 6622/6622
f 6622/6622 7152/7152 6620/6620
f 7151/7151 7153/7153 7152/7152
f 7152/7152 7153/7153 7154/7154
f 7152/7152 7154/7154 6620/6620
f 6620/6620 7154/7154 6618/6618
f 7153/7153 7155/7155 7154/7154
f 7154/7154 7155/7155 7156/7156
f 7154/7154 7156/7156 6618/6618
f 6618/6618 7156/7156 6616/6616
f 7155/7155 7157/7157 7156/7156
f 7156/7156 7157/7157 7158/7158
f 7156/7156 7158/7158 6616/6616
f 6616/6616 7158/7158 6614/6614
f 7157/7157 7159/7159 7158/7158
f 7158/7158 7159/7159 7160/7160
f 7158/7158 7160/7160 6614/6614
f 6614/6614 7160/7160 6612/6612
f 7159/7159 7161/7161 7160/7160
f 7160/7160 7161/7161 7162/7162
f 7160/7160 7162/7162 6612/6612
f 6612/6612 7162/7162 6610/6610
f 7161/7161 7163/7163 7162/7162
f 7162/7162 7163/7163 7164/7164
f 7162/7162 7164/7164 6610/6610
f 6610/6610 7164/7164 6608/6608
f 7163/7163 7165/7165 7164/7164
f 7164/7164 7165/7165 7166/7166
f 7164/7164 7166/7166 6608/6608
f 6608/6608 7166/7166 6606/6606
f 7165/7165 7167/7167 7166/7166
f 7166/7166 7167/7167 7168/7168
f 7166/7166 7168/7168 6606/6606
f 6606/6606 7168/7168 6604/6604
f 7167/7167 7169/7169 7168/7168
f 7168/7168 7169/7169 7170/7170
f 7168/7168 7170/7170 6604/6604
f 6604/6604 7170/7170 6602/6602
f 7170/7170 7169/7169 7171/7171
f 7171/7171 7169/7169 7172/7172
f 7171/7171 7172/7172 7173/7173
f 7173/7173 7172/7172 7174/7174
f 7173/7173 7174/7174 7175/7175
f 7175/7175 7174/7174 7176/7176
f 7175/7175 7176/7176 7177/7177
f 7177/7177 7176/7176 7178/7178
f 7177/7177 7178/7178 7179/7179
f 7179/7179 7178/7178 7180/7180
f 7179/7179 7180/7180 7181/7181
f 7181/7181 7180/7180 7182/7182
f 7181/7181 7182/7182 7183/7183
f 7183/7183 7182/7182 7184/7184
f 7183/7183 7184/7184 7185/7185
f 7185/7185 7184/7184 7186/7186
f 7185/7185 7186/7186 7187/7187
f 7187/7187 7186/7186 7188/7188
f 7187/7187 7188/7188 7189/7189
f 7189/7189 7188/7188 7190/7190
f 7189/7189 7190/7190 7191/7191
f 7191/7191 7190/7190 7192/7192
f 7191/7191 7192/7192 7193/7193
f 7193/7193 7192/7192 7194/7194
f 7193/7193 7194/7194 7195/7195
f 7195/7195 7194/7194 7196/7196
f 7195/7195 7196/7196 7197/7197
f 7197/7197 7196/7196 7198/7198
f 7197/7197 7198/7198 7199/7199
f 7199/7199 7198/7198 7200/7200
f 7199/7199 7200/7200 7201/7201
f 7201/7201 7200/7200 7202/7202
f 7201/7201 7202/7202 7203/7203
f 7203/7203 7202/7202 7204/7204
f 7203/7203 7204/7204 7205/7205
f 7205/7205 7204/7204 7206/7206
f 7205/7205 7206/7206 7207/7207
f 7207/7207 7206/7206 7208/7208
f 7207/7207 7208/7208 7209/7209
f 7209/7209 7208/7208 7210/7210
f 7209/7209 7210/7210 6562/6562
f 6562/6562 7210/7210 6560/6560
f 7208/7208 7211/7211 7210/7210
f 7210/7210 7211/7211 7212/7212
f 7210/7210 7212/7212 6560/6560
f 6560/6560 7212/7212 6558/6558
f 7211/7211 7213/7213 7212/7212
f 7212/7212 7213/7213 7214/7214
f 7212/7212 7214/7214 6558/6558
f 6558/6558 7214/7214 6556/6556
f 7213/7213 7215/7215 7214/7214
f 7214/7214 7215/7215 7216/7216
f 7214/7214 7216/7216 6556/6556
f 6556/6556 7216/7216 6554/6554
f 7215/7215 7217/7217 7216/7216
f 7216/7216 7217/7217 7218/7218
f 7216/7216 7218/7218 6554/6554
f 6554/6554 7218/7218 6552/6552
f 7217/7217 7219/7219 7218/7218
f 7218/7218 7219/7219 7220/7220
f 7218/7218 7220/7220 6552/6552
f 6552/6552 7220/7220 6550/6550
f 7219/7219 7221/7221 7220/7220
f 7220/7220 7221/7221 7222/7222
f 7220/7220 7222/7222 6550/6550
f 6550/6550 7222/7222 6548/6548
f 7221/7221 7223/7223 7222/7222
f 7222/7222 7223/7223 7224/7224
f 7222/7222 7224/7224 6548/6548
f 6548/6548 7224/7224 6546/6546
f 7223/7223 7225/7225 7224/7224
f 7224/7224 7225/7225 7226/7226
f 7224/7224 7226/7226 6546/6546
f 6546/6546 7226/7226 6544/6544
f 7225/7225 7227/7227 7226/7226
f 7226/7226 7227/7227 7228/7228
f 7226/7226 7228/7228 6544/6544
f 6544/6544 7228/7228 6542/6542
f 7227/7227 7229/7229 7228/7228
f 7228/7228 7229/7229 7230/7230
f 7228/7228 7230/7230 6542/6542
f 6542/6542 7230/7230 6540/6540
f 7229/7229 7231/7231 7230/7230
f 7230/7230 7231/7231 7232/7232
f 7230/7230 7232/7232 6540/6540
f 6540/6540 7232/7232 6538/6538
f 7231/7231 7233/7233 7232/7232
f 7232/7232 7233/7233 7234/7234
f 7232/7232 7234/7234 6538/6538
f 6538/6538 7234/7234 6536/6536
f 7233/7233 7235/7235 7234/7234
f 7234/7234 7235/7235 7236/7236
f 7234/7234 7236/7236 6536/6536
f 6536/6536 7236/7236 6534/6534
f 7235/7235 7237/7237 7236/7236
f 7236/7236 7237/7237 7238/7238
f 7236/7236 7238/7238 6534/6534
f 6534/6534 7238/7238 6532/6532
f 7237/7237 7239/7239 7238/7238
f 7238/7238 7239/7239 7240/7240
f 7238/7238 7240/7240 6532/6532
f 6532/6532 7240/7240 6530/6530
f 7239/7239 7241/7241 7240/7240
f 7240/7240 7241/7241 7242/7242
f 7240/7240 7242/7242 6530/6530
f 6530/6530 7242/7242 6528/6528
f 7241/7241 7243/7243 7242/7242
f 7242/7242 7243/7243 7244/7244
f 7242/7242 7244/7244 6528/6528
f 6528/6528 7244/7244 6526/6526
f 7243/7243 7245/7245 7244/7244
f 7244/7244 7245/7245 7246/7246
f 7244/7244 7246/7246 6526/6526
f 6526/6526 7246/7246 6524/6524
f 7245/7245 7247/7247 7246/7246
f 7246/7246 7247/7247 7248/7248
f 7246/7246 7248/7248 6524/6524
f 6524/6524 7248/7248 6522/6522
f 7247/7247 7249/7249 7248/7248
f 7248/7248 7249/7249 7250/7250
f 7248/7248 7250/7250 6522/6522
f 6522/6522 7250/7250 6520/6520
f 7250/7250 7249/7249 7251/7251
f 7251/7251 7249/7249 7252/7252
f 7251/7251 7252/7252 7253/7253
f 7253/7253 7252/7252 7254/7254
f 7253/7253 7254/7254 7255/7255
f 7255/7255 7254/7254 7256/7256
f 7255/7255 7256/7256 7257/7257
f 7257/7257 7256/7256 7258/7258
f 7257/7257 7258/7258 7259/7259
f 7259/7259 7258/7258 7260/7260
f 7259/7259 7260/7260 7261/7261
f 7261/7261 7260/7260 7262/7262
f 7261/7261 7262/7262 7263/7263
f 7263/7263 7262/7262 7264/7264
f 7263/7263 7264/7264 7265/7265
f 7265/7265 7264/7264 7266/7266
f 7265/7265 7266/7266 7267/7267
f 7267/7267 7266/7266 7268/7268
f 7267/7267 7268/7268 7269/7269
f 7269/7269 7268/7268 7270/7270
f 7269/7269 7270/7270 7271/7271
f 7271/7271 7270/7270 7272/7272
f 7271/7271 7272/7272 7273/7273
f 7273/7273 7272/7272 7274/7274
f 7273/7273 7274/7274 7275/7275
f 7275/7275 7274/7274 7276/7276
f 7275/7275 7276/7276 7277/7277
f 7277/7277 7276/7276 7278/7278
f 7277/7277 7278/7278 7279/7279
f 7279/7279 7278/7278 7280/7280
f 7279/7279 7280/7280 7281/7281
f 7281/7281 7280/7280 7282/7282
f 7281/7281 7282/7282 7283/7283
f 7283/7283 7282/7282 7284/7284
f 7283/7283 7284/7284 7285/7285
f 7285/7285 7284/7284 7286/7286
f 7285/7285 7286/7286 7287/7287
f 7287/7287 7286/7286 7288/7288
f 7287/7287 7288/7288 7289/7289
f 7289/7289 7288/7288 7290/7290
f 7289/7289 7290/7290 6480/6480
f 6480/6480 7290/7290 6478/6478
f 7288/7288 7291/7291 7290/7290
f 7290/7290 7291/7291 7292/7292
f 7290/7290 7292/7292 6478/6478
f 6478/6478 7292/7292 6476/6476
f 7291/7291 7293/7293 7292/7292
f 7292/7292 7293/7293 7294/7294
f 7292/7292 7294/7294 6476/6476
f 6476/6476 7294/7294 6474/6474
f 7293/7293 7295/7295 7294/7294
f 7294/7294 7295/7295 7296/7296
f 7294/7294 7296/7296 6474/6474
f 6474/6474 7296/7296 6472/6472
f 7295/7295 7297/7297 7296/7296
f 7296/7296 7297/7297 7298/7298
f 7296/7296 7298/7298 6472/6472
f 6472/6472 7298/7298 6470/6470
f 7297/7297 7299/7299 7298/7298
f 7298/7298 7299/7299 7300/7300
f 7298/7298 7300/7300 6470/6470
f 6470/6470 7300/7300 6468/6468
f 7299/7299 7301/7301 7300/7300
f 7300/7300 7301/7301 7302/7302
f 7300/7300 7302/7302 6468/6468
f 6468/6468 7302/7302 6466/6466
f 7301/7301 7303/7303 7302/7302
f 7302/7302 7303/7303 7304/7304
f 7302/7302 7304/7304 6466/6466
f 6466/6466 7304/7304 6464/6464
f 7303/7303 7305/7305 7304/7304
f 7304/7304 7305/7305 7306/7306
f 7304/7304 7306/7306 6464/6464
f 6464/6464 7306/7306 6462/6462
f 7305/7305 7307/7307 7306/7306
f 7306/7306 7307/7307 7308/7308
f 7306/7306 7308/7308 6462/6462
f 6462/6462 7308/7308 6460/6460
f 7307/7307 7309/7309 7308/7308
f 7308/7308 7309/7309 7310/7310
f 7308/7308 7310/7310 6460/6460
f 6460/6460 7310/7310 6458/6458
f 7309/7309 7311/7311 7310/7310
f 7310/7310 7311/7311 7312/7312
f 7310/7310 7312/7312 6458/6458
f 6458/6458 7312/7312 6456/6456
f 7311/7311 7313/7313 7312/7312
f 7312/7312 7313/7313 7314/7314
f 7312/7312 7314/7314 6456/6456
f 6456/6456 7314/7314 6454/6454
f 7313/7313 7315/7315 7314/7314
f 7314/7314 7315/7315 7316/7316
f 7314/7314 7316/7316 6454/6454
f 6454/6454 7316/7316 6452/6452
f 7315/7315 7317/7317 7316/7316
f 7316/7316 7317/7317 7318/7318
f 7316/7316 7318/7318 6452/6452
f 6452/6452 7318/7318 6450/6450
f 7317/7317 7319/7319 7318/7318
f 7318/7318 7319/7319 7320/7320
f 7318/7318 7320/7320 6450/6450
f 6450/6450 7320/7320 6448/6448
f 7319/7319 7321/7321 7320/7320
f 7320/7320 7321/7321 7322/7322
f 7320/7320 7322/7322 6448/6448
f 6448/6448 7322/7322 7323/7323
f 7321/7321 7324/7324 7322/7322
f 7322/7322 7324/7324 7325/7325
f 7322/7322 7325/7325 7323/7323
f 7323/7323 7325/7325 6444/6444
f 7324/7324 7326/7326 7325/7325
f 7325/7325 7326/7326 7327/7327
f 7325/7325 7327/7327 6444/6444
f 6444/6444 7327/7327 6442/6442
f 7326/7326 7328/7328 7327/7327
f 7327/7327 7328/7328 7329/7329
f 7327/7327 7329/7329 6442/6442
f 6442/6442 7329/7329 6440/6440
f 7329/7329 7328/7328 7330/7330
f 7330/7330 7328/7328 7331/7331
f 7330/7330 7331/7331 7332/7332
f 7332/7332 7331/7331 7333/7333
f 7332/7332 7333/7333 7334/7334
f 7334/7334 7333/7333 7335/7335
f 7334/7334 7335/7335 7336/7336
f 7336/7336 7335/7335 7337/7337
f 7336/7336 7337/7337 7338/7338
f 7338/7338 7337/7337 7339/7339
f 7338/7338 7339/7339 7340/7340
f 7340/7340 7339/7339 7341/7341
f 7340/7340 7341/7341 7342/7342
f 7342/7342 7341/7341 7343/7343
f 7342/7342 7343/7343 7344/7344
f 7344/7344 7343/7343 7345/7345
f 7344/7344 7345/7345 7346/7346
f 7346/7346 7345/7345 7347/7347
f 7346/7346 7347/7347 7348/7348
f 7348/7348 7347/7347 7349/7349
f 7348/7348 7349/7349 7350/7350
f 7350/7350 7349/7349 7351/7351
f 7350/7350 7351/7351 7352/7352
f 7352/7352 7351/7351 7353/7353
f 7352/7352 7353/7353 7354/7354
f 7354/7354 7353/7353 7355/7355
f 7354/7354 7355/7355 7356/7356
f 7356/7356 7355/7355 7357/7357
f 7356/7356 7357/7357 7358/7358
f 7358/7358 7357/7357 7359/7359
f 7358/7358 7359/7359 7360/7360
f 7360/7360 7359/7359 7361/7361
f 7360/7360 7361/7361 7362/7362
f 7362/7362 7361/7361 7363/7363
f 7362/7362 7363/7363 7364/7364
f 7364/7364 7363/7363 7365/7365
f 7364/7364 7365/7365 6404/6404
f 6404/6404 7365/7365 6402/6402
f 6115/6115 7366/7366 6397/6397
f 6397/6397 7366/7366 7367/7367
f 6397/6397 7367/7367 6395/6395
f 6395/6395 7367/7367 7368/7368
f 6395/6395 7368/7368 6393/6393
f 6393/6393 7368/7368 7369/7369
f 6393/6393 7369/7369 6391/6391
f 6391/6391 7369/7369 7370/7370
f 6391/6391 7370/7370 6389/6389
f 6389/6389 7370/7370 7371/7371
f 6389/6389 7371/7371 6387/6387
f 6387/6387 7371/7371 7372/7372
f 6387/6387 7372/7372 6385/6385
f 6385/6385 7372/7372 7373/7373
f 6385/6385 7373/7373 6383/6383
f 6383/6383 7373/7373 7374/7374
f 6383/6383 7374/7374 6381/6381
f 6381/6381 7374/7374 7375/7375
f 6381/6381 7375/7375 6379/6379
f 6379/6379 7375/7375 7376/7376
f 6379/6379 7376/7376 6377/6377
f 6377/6377 7376/7376 7377/7377
f 6377/6377 7377/7377 6375/6375
f 6375/6375 7377/7377 7378/7378
f 6375/6375 7378/7378 6373/6373
f 6373/6373 7378/7378 7379/7379
f 6373/6373 7379/7379 6371/6371
f 6371/6371 7379/7379 7380/7380
f 6371/6371 7380/7380 6369/6369
f 6369/6369 7380/7380 7381/7381
f 6369/6369 7381/7381 6367/6367
f 6367/6367 7381/7381 7382/7382
f 6367/6367 7382/7382 6365/6365
f 6365/6365 7382/7382 7383/7383
f 6365/6365 7383/7383 6363/6363
f 6363/6363 7383/7383 7384/7384
f 6363/6363 7384/7384 6361/6361
f 6361/6361 7384/7384 7385/7385
f 6361/6361 7385/7385 7386/7386
f 7386/7386 7385/7385 7387/7387
f 7386/7386 7387/7387 7388/7388
f 7388/7388 7387/7387 7389/7389
f 7388/7388 7389/7389 7390/7390
f 7390/7390 7389/7389 7391/7391
f 7390/7390 7391/7391 7392/7392
f 7392/7392 7391/7391 7393/7393
f 7392/7392 7393/7393 7394/7394
f 7394/7394 7393/7393 7395/7395
f 7394/7394 7395/7395 7396/7396
f 7396/7396 7395/7395 7397/7397
f 7396/7396 7397/7397 7398/7398
f 7398/7398 7397/7397 7399/7399
f 7398/7398 7399/7399 7400/7400
f 7400/7400 7399/7399 7401/7401
f 7400/7400 7401/7401 7402/7402
f 7402/7402 7401/7401 7403/7403
f 7402/7402 7403/7403 7404/7404
f 7404/7404 7403/7403 7405/7405
f 7404/7404 7405/7405 7406/7406
f 7406/7406 7405/7405 7407/7407
f 7406/7406 7407/7407 7408/7408
f 7408/7408 7407/7407 7409/7409
f 7408/7408 7409/7409 7410/7410
f 7410/7410 7409/7409 7411/7411
f 7410/7410 7411/7411 7412/7412
f 7412/7412 7411/7411 7413/7413
f 7412/7412 7413/7413 7414/7414
f 7414/7414 7413/7413 7415/7415
f 7414/7414 7415/7415 7416/7416
f 7416/7416 7415/7415 7417/7417
f 7416/7416 7417/7417 7418/7418
f 7418/7418 7417/7417 7419/7419
f 7418/7418 7419/7419 7420/7420
f 7420/7420 7419/7419 7421/7421
f 7420/7420 7421/7421 7422/7422
f 7422/7422 7421/7421 7423/7423
f 7422/7422 7423/7423 7424/7424
f 7424/7424 7423/7423 7425/7425
f 7424/7424 7425/7425 7426/7426
f 7426/7426 7425/7425 7427/7427
f 7426/7426 7427/7427 7428/7428
f 7428/7428 7427/7427 7429/7429
f 7428/7428 7429/7429 7430/7430
f 7430/7430 7429/7429 7431/7431
f 7430/7430 7431/7431 7432/7432
f 7432/7432 7431/7431 7433/7433
f 7432/7432 7433/7433 7434/7434
f 7434/7434 7433/7433 7435/7435
f 7434/7434 7435/7435 7436/7436
f 7436/7436 7435/7435 7437/7437
f 7436/7436 7437/7437 7438/7438
f 7438/7438 7437/7437 7439/7439
f 7438/7438 7439/7439 7440/7440
f 7440/7440 7439/7439 7441/7441
f 7440/7440 7441/7441 7442/7442
f 7442/7442 7441/7441 7443/7443
f 7442/7442 7443/7443 7444/7444
f 7444/7444 7443/7443 7445/7445
f 7444/7444 7445/7445 7446/7446
f 7446/7446 7445/7445 7447/7447
f 7446/7446 7447/7447 7448/7448
f 7448/7448 7447/7447 7449/7449
f 7448/7448 7449/7449 7450/7450
f 7450/7450 7449/7449 7451/7451
f 7450/7450 7451/7451 7452/7452
f 7452/7452 7451/7451 7453/7453
f 7452/7452 7453/7453 7454/7454
f 7454/7454 7453/7453 7455/7455
f 7454/7454 7455/7455 7456/7456
f 7456/7456 7455/7455 7457/7457
f 7456/7456 7457/7457 7458/7458
f 7458/7458 7457/7457 7459/7459
f 7458/7458 7459/7459 7460/7460
f 7460/7460 7459/7459 7461/7461
f 7460/7460 7461/7461 7462/7462
f 7462/7462 7461/7461 7463/7463
f 7462/7462 7463/7463 7464/7464
f 7464/7464 7463/7463 7465/7465
f 7464/7464 7465/7465 7466/7466
f 7466/7466 7465/7465 7467/7467
f 7466/7466 7467/7467 7468/7468
f 7468/7468 7467/7467 7469/7469
f 7468/7468 7469/7469 7470/7470
f 7470/7470 7469/7469 7471/7471
f 7470/7470 7471/7471 7472/7472
f 7472/7472 7471/7471 7473/7473
f 7472/7472 7473/7473 7474/7474
f 7474/7474 7473/7473 7475/7475
f 7474/7474 7475/7475 7476/7476
f 7476/7476 7475/7475 7477/7477
f 7476/7476 7477/7477 7478/7478
f 7478/7478 7477/7477 7479/7479
f 7478/7478 7479/7479 7480/7480
f 7480/7480 7479/7479 7481/7481
f 7480/7480 7481/7481 7482/7482
f 7482/7482 7481/7481 7483/7483
f 7482/7482 7483/7483 7484/7484
f 7484/7484 7483/7483 7485/7485
f 7484/7484 7485/7485 7486/7486
f 7486/7486 7485/7485 7487/7487
f 7486/7486 7487/7487 7488/7488
f 7488/7488 7487/7487 7489/7489
f 7488/7488 7489/7489 7490/7490
f 7490/7490 7489/7489 7491/7491
f 7490/7490 7491/7491 7492/7492
f 7492/7492 7491/7491 7493/7493
f 7492/7492 7493/7493 7494/7494
f 7494/7494 7493/7493 7495/7495
f 7494/7494 7495/7495 7496/7496
f 7496/7496 7495/7495 7497/7497
f 7496/7496 7497/7497 7498/7498
f 7498/7498 7497/7497 7499/7499
f 7498/7498 7499/7499 7500/7500
f 7500/7500 7499/7499 7501/7501
f 7500/7500 7501/7501 7502/7502
f 7502/7502 7501/7501 7503/7503
f 7502/7502 7503/7503 7504/7504
f 7504/7504 7503/7503 7505/7505
f 7504/7504 7505/7505 7506/7506
f 7506/7506 7505/7505 7507/7507
f 7506/7506 7507/7507 7508/7508
f 7508/7508 7507/7507 7509/7509
f 7508/7508 7509/7509 7510/7510
f 7510/7510 7509/7509 7511/7511
f 7510/7510 7511/7511 7512/7512
f 7512/7512 7511/7511 7513/7513
f 7512/7512 7513/7513 7514/7514
f 7514/7514 7513/7513 7515/7515
f 7514/7514 7515/7515 7516/7516
f 7516/7516 7515/7515 7517/7517
f 7516/7516 7517/7517 7518/7518
f 7518/7518 7517/7517 7519/7519
f 7518/7518 7519/7519 7520/7520
f 7520/7520 7519/7519 7521/7521
f 7520/7520 7521/7521 7522/7522
f 7522/7522 7521/7521 7523/7523
f 7522/7522 7523/7523 7524/7524
f 7524/7524 7523/7523 7525/7525
f 7524/7524 7525/7525 7526/7526
f 7526/7526 7525/7525 7527/7527
f 7526/7526 7527/7527 7528/7528
f 7528/7528 7527/7527 7529/7529
f 7528/7528 7529/7529 7530/7530
f 7530/7530 7529/7529 7531/7531
f 7530/7530 7531/7531 7532/7532
f 7532/7532 7531/7531 7533/7533
f 7532/7532 7533/7533 7534/7534
f 7534/7534 7533/7533 7535/7535
f 7534/7534 7535/7535 7536/7536
f 7536/7536 7535/7535 7537/7537
f 7536/7536 7537/7537 7538/7538
f 7538/7538 7537/7537 7539/7539
f 7538/7538 7539/7539 7540/7540
f 7540/7540 7539/7539 7541/7541
f 7540/7540 7541/7541 7542/7542
f 7542/7542 7541/7541 7543/7543
f 7542/7542 7543/7543 7544/7544
f 7544/7544 7543/7543 7545/7545
f 7544/7544 7545/7545 7546/7546
f 7546/7546 7545/7545 7547/7547
f 7546/7546 7547/7547 7548/7548
f 7548/7548 7547/7547 7549/7549
f 7548/7548 7549/7549 7550/7550
f 7550/7550 7549/7549 7551/7551
f 7550/7550 7551/7551 7552/7552
f 7552/7552 7551/7551 7553/7553
f 7552/7552 7553/7553 7554/7554
f 7554/7554 7553/7553 7555/7555
f 7554/7554 7555/7555 7556/7556
f 7556/7556 7555/7555 7557/7557
f 7556/7556 7557/7557 7558/7558
f 7558/7558 7557/7557 7559/7559
f 7558/7558 7559/7559 7560/7560
f 7560/7560 7559/7559 7561/7561
f 7560/7560 7561/7561 7562/7562
f 7562/7562 7561/7561 7563/7563
f 7562/7562 7563/7563 7564/7564
f 7564/7564 7563/7563 7565/7565
f 7564/7564 7565/7565 7566/7566
f 7566/7566 7565/7565 7567/7567
f 7566/7566 7567/7567 7568/7568
f 7568/7568 7567/7567 7569/7569
f 7568/7568 7569/7569 7570/7570
f 7570/7570 7569/7569 7571/7571
f 7570/7570 7571/7571 7572/7572
f 7572/7572 7571/7571 7573/7573
f 7572/7572 7573/7573 7574/7574
f 7574/7574 7573/7573 7575/7575
f 7574/7574 7575/7575 7576/7576
f 7576/7576 7575/7575 7577/7577
f 7576/7576 7577/7577 7578/7578
f 7578/7578 7577/7577 7579/7579
f 7578/7578 7579/7579 7580/7580
f 7580/7580 7579/7579 7581/7581
f 7580/7580 7581/7581 7582/7582
f 7582/7582 7581/7581 7583/7583
f 7582/7582 7583/7583 7584/7584
f 7584/7584 7583/7583 7585/7585
f 7584/7584 7585/7585 7586/7586
f 7586/7586 7585/7585 7587/7587
f 7586/7586 7587/7587 7588/7588
f 7588/7588 7587/7587 7589/7589
f 7588/7588 7589/7589 7590/7590
f 7590/7590 7589/7589 7591/7591
f 7590/7590 7591/7591 7592/7592
f 7592/7592 7591/7591 7593/7593
f 7592/7592 7593/7593 7594/7594
f 7594/7594 7593/7593 7595/7595
f 7594/7594 7595/7595 7596/7596
f 7596/7596 7595/7595 7597/7597
f 7596/7596 7597/7597 7598/7598
f 7598/7598 7597/7597 7599/7599
f 7598/7598 7599/7599 7600/7600
f 7600/7600 7599/7599 7601/7601
f 7600/7600 7601/7601 7602/7602
f 7602/7602 7601/7601 7603/7603
f 7602/7602 7603/7603 7604/7604
f 7604/7604 7603/7603 7605/7605
f 7604/7604 7605/7605 7606/7606
f 7606/7606 7605/7605 7607/7607
f 7606/7606 7607/7607 7608/7608
f 7608/7608 7607/7607 7609/7609
f 7608/7608 7609/7609 7610/7610
f 7610/7610 7609/7609 7611/7611
f 7610/7610 7611/7611 7612/7612
f 7612/7612 7611/7611 7613/7613
f 7612/7612 7613/7613 7614/7614
f 7614/7614 7613/7613 7615/7615
f 7614/7614 7615/7615 7616/7616
f 7616/7616 7615/7615 7617/7617
f 7616/7616 7617/7617 7618/7618
f 7618/7618 7617/7617 7619/7619
f 7618/7618 7619/7619 7620/7620
f 7620/7620 7619/7619 7621/7621
f 7620/7620 7621/7621 7622/7622
f 7622/7622 7621/7621 7623/7623
f 7622/7622 7623/7623 7624/7624
f 7624/7624 7623/7623 7625/7625
f 7624/7624 7625/7625 7626/7626
f 7626/7626 7625/7625 7627/7627
f 7626/7626 7627/7627 7628/7628
f 7628/7628 7627/7627 7629/7629
f 7630/7630 7631/7631 7632/7632
f 7632/7632 7631/7631 7633/7633
f 7632/7632 7633/7633 7634/7634
f 7634/7634 7633/7633 7635/7635
f 7634/7634 7635/7635 7636/7636
f 7636/7636 7635/7635 7637/7637
f 7636/7636 7637/7637 7638/7638
f 7638/7638 7637/7637 7639/7639
f 7638/7638 7639/7639 7640/7640
f 7640/7640 7639/7639 7641/7641
f 7640/7640 7641/7641 7642/7642
f 7642/7642 7641/7641 7643/7643
f 7642/7642 7643/7643 7644/7644
f 7644/7644 7643/7643 7645/7645
f 7644/7644 7645/7645 7646/7646
f 7646/7646 7645/7645 7647/7647
f 7646/7646 7647/7647 7648/7648
f 7648/7648 7647/7647 7649/7649
f 7648/7648 7649/7649 7650/7650
f 7650/7650 7649/7649 7651/7651
f 7650/7650 7651/7651 7652/7652
f 7652/7652 7651/7651 7653/7653
f 7652/7652 7653/7653 7654/7654
f 7654/7654 7653/7653 7655/7655
f 7654/7654 7655/7655 7656/7656
f 7656/7656 7655/7655 7657/7657
f 7656/7656 7657/7657 7658/7658
f 7658/7658 7657/7657 7659/7659
f 7658/7658 7659/7659 7660/7660
f 7660/7660 7659/7659 7661/7661
f 7660/7660 7661/7661 7662/7662
f 7662/7662 7661/7661 7663/7663
f 7662/7662 7663/7663 7664/7664
f 7664/7664 7663/7663 7665/7665
f 7664/7664 7665/7665 7666/7666
f 7666/7666 7665/7665 7667/7667
f 7666/7666 7667/7667 7668/7668
f 7668/7668 7667/7667 7669/7669
f 7668/7668 7669/7669 7670/7670
f 7670/7670 7669/7669 7671/7671
f 7670/7670 7671/7671 7672/7672
f 7672/7672 7671/7671 7673/7673
f 7672/7672 7673/7673 7674/7674
f 7674/7674 7673/7673 7675/7675
f 7674/7674 7675/7675 7676/7676
f 7676/7676 7675/7675 7677/7677
f 7676/7676 7677/7677 7678/7678
f 7678/7678 7677/7677 7679/7679
f 7678/7678 7679/7679 7680/7680
f 7680/7680 7679/7679 7681/7681
f 7680/7680 7681/7681 7682/7682
f 7682/7682 7681/7681 7683/7683
f 7682/7682 7683/7683 7684/7684
f 7684/7684 7683/7683 7685/7685
f 7684/7684 7685/7685 7686/7686
f 7686/7686 7685/7685 7687/7687
f 7686/7686 7687/7687 7688/7688
f 7688/7688 7687/7687 7689/7689
f 7688/7688 7689/7689 7690/7690
f 7690/7690 7689/7689 7691/7691
f 7690/7690 7691/7691 7692/7692
f 7692/7692 7691/7691 7693/7693
f 7692/7692 7693/7693 7694/7694
f 7694/7694 7693/7693 7695/7695
f 7694/7694 7695/7695 7696/7696
f 7696/7696 7695/7695 7697/7697
f 7696/7696 7697/7697 7698/7698
f 7698/7698 7697/7697 7699/7699
f 7698/7698 7699/7699 7700/7700
f 7700/7700 7699/7699 7701/7701
f 7700/7700 7701/7701 7702/7702
f 7702/7702 7701/7701 7703/7703
f 7702/7702 7703/7703 7704/7704
f 7704/7704 7703/7703 7705/7705
f 7704/7704 7705/7705 7706/7706
f 7706/7706 7705/7705 7707/7707
f 7706/7706 7707/7707 7708/7708
f 7708/7708 7707/7707 7709/7709
f 7708/7708 7709/7709 7710/7710
f 7710/7710 7709/7709 7711/7711
f 7710/7710 7711/7711 7712/7712
f 7712/7712 7711/7711 7713/7713
f 7712/7712 7713/7713 7714/7714
f 7714/7714 7713/7713 7715/7715
f 7714/7714 7715/7715 7716/7716
f 7716/7716 7715/7715 7717/7717
f 7716/7716 7717/7717 7718/7718
f 7718/7718 7717/7717 7719/7719
f 7718/7718 7719/7719 7720/7720
f 7720/7720 7719/7719 7721/7721
f 7720/7720 7721/7721 7722/7722
f 7722/7722 7721/7721 7723/7723
f 7722/7722 7723/7723 7724/7724
f 7724/7724 7723/7723 7725/7725
f 7724/7724 7725/7725 7726/7726
f 7726/7726 7725/7725 7727/7727
f 7726/7726 7727/7727 7728/7728
f 7728/7728 7727/7727 7729/7729
f 7728/7728 7729/7729 7730/7730
f 7730/7730 7729/7729 7731/7731
f 7730/7730 7731/7731 7732/7732
f 7732/7732 7731/7731 7733/7733
f 7732/7732 7733/7733 7734/7734
f 7734/7734 7733/7733 7735/7735
f 7734/7734 7735/7735 7736/7736
f 7736/7736 7735/7735 7737/7737
f 7736/7736 7737/7737 7738/7738
f 7738/7738 7737/7737 7739/7739
f 7738/7738 7739/7739 7740/7740
f 7740/7740 7739/7739 7741/7741
f 7740/7740 7741/7741 7742/7742
f 7742/7742 7741/7741 7743/7743
f 7742/7742 7743/7743 7744/7744
f 7744/7744 7743/7743 7745/7745
f 7744/7744 7745/7745 7746/7746
f 7746/7746 7745/7745 7747/7747
f 7746/7746 7747/7747 7748/7748
f 7748/7748 7747/7747 7749/7749
f 7748/7748 7749/7749 7750/7750
f 7750/7750 7749/7749 7751/7751
f 7750/7750 7751/7751 7752/7752
f 7752/7752 7751/7751 7753/7753
f 7752/7752 7753/7753 7754/7754
f 7754/7754 7753/7753 7755/7755
f 7754/7754 7755/7755 7756/7756
f 7756/7756 7755/7755 7757/7757
f 7756/7756 7757/7757 7758/7758
f 7758/7758 7757/7757 7759/7759
f 7758/7758 7759/7759 7760/7760
f 7760/7760 7759/7759 7761/7761
f 7760/7760 7761/7761 7762/7762
f 7762/7762 7761/7761 7763/7763
f 7762/7762 7763/7763 7764/7764
f 7764/7764 7763/7763 7765/7765
f 7764/7764 7765/7765 7766/7766
f 7766/7766 7765/7765 7767/7767
f 7766/7766 7767/7767 7768/7768
f 7768/7768 7767/7767 7769/7769
f 7768/7768 7769/7769 7770/7770
f 7770/7770 7769/7769 7771/7771
f 7770/7770 7771/7771 7772/7772
f 7772/7772 7771/7771 7773/7773
f 7772/7772 7773/7773 7774/7774
f 7774/7774 7773/7773 7775/7775
f 7774/7774 7775/7775 7776/7776
f 7776/7776 7775/7775 7777/7777
f 7776/7776 7777/7777 7778/7778
f 7778/7778 7777/7777 7779/7779
f 7778/7778 7779/7779 7780/7780
f 7780/7780 7779/7779 7781/7781
f 7780/7780 7781/7781 7782/7782
f 7782/7782 7781/7781 7783/7783
f 7782/7782 7783/7783 7784/7784
f 7784/7784 7783/7783 7785/7785
f 7784/7784 7785/7785 7786/7786
f 7786/7786 7785/7785 7787/7787
f 7786/7786 7787/7787 7788/7788
f 7788/7788 7787/7787 7789/7789
f 7788/7788 7789/7789 7790/7790
f 7790/7790 7789/7789 7791/7791
f 7790/7790 7791/7791 7792/7792
f 7792/7792 7791/7791 7793/7793
f 7792/7792 7793/7793 7794/7794
f 7794/7794 7793/7793 7795/7795
f 7794/7794 7795/7795 7796/7796
f 7796/7796 7795/7795 7797/7797
f 7796/7796 7797/7797 7798/7798
f 7798/7798 7797/7797 7799/7799
f 7798/7798 7799/7799 7800/7800
f 7800/7800 7799/7799 7801/7801
f 7800/7800 7801/7801 7802/7802
f 7802/7802 7801/7801 7803/7803
f 7802/7802 7803/7803 7804/7804
f 7804/7804 7803/7803 7805/7805
f 7804/7804 7805/7805 7806/7806
f 7806/7806 7805/7805 7807/7807
f 7806/7806 7807/7807 7808/7808
f 7808/7808 7807/7807 7809/7809
f 7808/7808 7809/7809 7810/7810
f 7810/7810 7809/7809 7811/7811
f 7810/7810 7811/7811 7812/7812
f 7812/7812 7811/7811 7813/7813
f 7812/7812 7813/7813 7814/7814
f 7814/7814 7813/7813 7815/7815
f 7814/7814 7815/7815 7816/7816
f 7816/7816 7815/7815 7817/7817
f 7816/7816 7817/7817 7818/7818
f 7818/7818 7817/7817 7819/7819
f 7818/7818 7819/7819 7820/7820
f 7820/7820 7819/7819 7821/7821
f 7820/7820 7821/7821 7822/7822
f 7822/7822 7821/7821 7823/7823
f 7822/7822 7823/7823 7824/7824
f 7824/7824 7823/7823 7825/7825
f 7824/7824 7825/7825 7826/7826
f 7826/7826 7825/7825 7827/7827
f 7826/7826 7827/7827 7828/7828
f 7828/7828 7827/7827 7829/7829
f 7828/7828 7829/7829 7830/7830
f 7830/7830 7829/7829 7831/7831
f 7830/7830 7831/7831 7832/7832
f 7832/7832 7831/7831 7833/7833
f 7832/7832 7833/7833 7834/7834
f 7834/7834 7833/7833 7835/7835
f 7834/7834 7835/7835 7836/7836
f 7836/7836 7835/7835 7837/7837
f 7836/7836 7837/7837 7838/7838
f 7838/7838 7837/7837 7839/7839
f 7838/7838 7839/7839 7840/7840
f 7840/7840 7839/7839 7841/7841
f 7840/7840 7841/7841 7842/7842
f 7842/7842 7841/7841 7843/7843
f 7842/7842 7843/7843 7844/7844
f 7844/7844 7843/7843 7845/7845
f 7844/7844 7845/7845 7846/7846
f 7846/7846 7845/7845 7847/7847
f 7846/7846 7847/7847 7848/7848
f 7848/7848 7847/7847 7849/7849
f 7848/7848 7849/7849 7850/7850
f 7850/7850 7849/7849 7851/7851
f 7850/7850 7851/7851 7852/7852
f 7852/7852 7851/7851 7853/7853
f 7852/7852 7853/7853 7854/7854
f 7854/7854 7853/7853 7855/7855
f 7854/7854 7855/7855 7856/7856
f 7856/7856 7855/7855 7857/7857
f 7856/7856 7857/7857 7858/7858
f 7858/7858 7857/7857 7859/7859
f 7858/7858 7859/7859 7860/7860
f 7860/7860 7859/7859 7861/7861
f 7860/7860 7861/7861 7862/7862
f 7862/7862 7861/7861 7863/7863
f 7862/7862 7863/7863 7864/7864
f 7864/7864 7863/7863 7865/7865
f 7864/7864 7865/7865 7866/7866
f 7866/7866 7865/7865 7867/7867
f 7866/7866 7867/7867 7868/7868
f 7868/7868 7867/7867 7869/7869
f 7868/7868 7869/7869 7870/7870
f 7870/7870 7869/7869 7871/7871
f 7870/7870 7871/7871 7872/7872
f 7872/7872 7871/7871 7873/7873
f 7872/7872 7873/7873 7874/7874
f 7874/7874 7873/7873 7875/7875
f 7874/7874 7875/7875 7876/7876
f 7876/7876 7875/7875 7877/7877
f 7876/7876 7877/7877 7878/7878
f 7878/7878 7877/7877 7879/7879
f 7878/7878 7879/7879 7880/7880
f 7880/7880 7879/7879 7881/7881
f 7880/7880 7881/7881 7882/7882
f 7882/7882 7881/7881 7883/7883
f 7882/7882 7883/7883 7884/7884
f 7884/7884 7883/7883 7885/7885
f 7884/7884 7885/7885 7886/7886
f 7886/7886 7885/7885 7887/7887
f 7886/7886 7887/7887 7888/7888
f 7888/7888 7887/7887 7889/7889
f 7888/7888 7889/7889 7890/7890
f 7890/7890 7889/7889 7891/7891
f 7890/7890 7891/7891 7892/7892
f 7892/7892 7891/7891 7893/7893
f 7892/7892 7893/7893 7894/7894
f 7894/7894 7893/7893 7895/7895
f 7894/7894 7895/7895 7896/7896
f 7896/7896 7895/7895 7897/7897
f 7896/7896 7897/7897 7898/7898
f 7898/7898 7897/7897 7899/7899
f 7898/7898 7899/7899 7900/7900
f 7900/7900 7899/7899 7901/7901
f 7900/7900 7901/7901 7902/7902
f 7902/7902 7901/7901 7903/7903
f 7902/7902 7903/7903 7904/7904
f 7904/7904 7903/7903 7905/7905
f 7904/7904 7905/7905 7906/7906
f 7906/7906 7905/7905 7907/7907
f 7906/7906 7907/7907 7908/7908
f 7908/7908 7907/7907 7909/7909
f 7908/7908 7909/7909 7910/7910
f 7910/7910 7909/7909 7911/7911
f 7910/7910 7911/7911 7912/7912
f 7912/7912 7911/7911 7913/7913
f 7914/7914 7915/7915 7916/7916
f 7916/7916 7915/7915 7917/7917
f 7916/7916 7917/7917 7918/7918
f 7918/7918 7917/7917 7919/7919
f 7918/7918 7919/7919 7920/7920
f 7920/7920 7919/7919 7921/7921
f 7920/7920 7921/7921 7922/7922
f 7922/7922 7921/7921 7923/7923
f 7922/7922 7923/7923 7924/7924
f 7924/7924 7923/7923 7925/7925
f 7924/7924 7925/7925 7926/7926
f 7926/7926 7925/7925 7927/7927
f 7926/7926 7927/7927 7928/7928
f 7928/7928 7927/7927 7929/7929
f 7928/7928 7929/7929 7930/7930
f 7930/7930 7929/7929 7931/7931
f 7930/7930 7931/7931 7932/7932
f 7932/7932 7931/7931 7933/7933
f 7932/7932 7933/7933 7934/7934
f 7934/7934 7933/7933 7935/7935
f 7934/7934 7935/7935 7936/7936
f 7936/7936 7935/7935 7937/7937
f 7936/7936 7937/7937 7938/7938
f 7938/7938 7937/7937 7939/7939
f 7938/7938 7939/7939 7940/7940
f 7940/7940 7939/7939 7941/7941
f 7940/7940 7941/7941 7942/7942
f 7942/7942 7941/7941 7943/7943
f 7942/7942 7943/7943 7944/7944
f 7944/7944 7943/7943 7945/7945
f 7944/7944 7945/7945 7946/7946
f 7946/7946 7945/7945 7947/7947
f 7946/7946 7947/7947 7948/7948
f 7948/7948 7947/7947 7949/7949
f 7948/7948 7949/7949 7950/7950
f 7950/7950 7949/7949 7951/7951
f 7950/7950 7951/7951 7952/7952
f 7952/7952 7951/7951 7953/7953
f 7952/7952 7953/7953 7131/7131
f 7131/7131 7953/7953 7129/7129
f 7366/7366 6969/6969 7367/7367
f 7367/7367 6969/6969 6967/6967
f 7367/7367 6967/6967 7368/7368
f 7368/7368 6967/6967 6965/6965
f 7368/7368 6965/6965 7369/7369
f 7369/7369 6965/6965 6963/6963
f 7369/7369 6963/6963 7370/7370
f 7370/7370 6963/6963 6961/6961
f 7370/7370 6961/6961 7371/7371
f 7371/7371 6961/6961 6959/6959
f 7371/7371 6959/6959 7372/7372
f 7372/7372 6959/6959 6957/6957
f 7372/7372 6957/6957 7373/7373
f 7373/7373 6957/6957 6955/6955
f 7373/7373 6955/6955 7374/7374
f 7374/7374 6955/6955 6953/6953
f 7374/7374 6953/6953 7375/7375
f 7375/7375 6953/6953 6951/6951
f 7375/7375 6951/6951 7376/7376
f 7376/7376 6951/6951 6949/6949
f 7376/7376 6949/6949 7377/7377
f 7377/7377 6949/6949 6947/6947
f 7377/7377 6947/6947 7378/7378
f 7378/7378 6947/6947 6945/6945
f 7378/7378 6945/6945 7379/7379
f 7379/7379 6945/6945 6943/6943
f 7379/7379 6943/6943 7380/7380
f 7380/7380 6943/6943 6941/6941
f 7380/7380 6941/6941 7381/7381
f 7381/7381 6941/6941 6939/6939
f 7381/7381 6939/6939 7382/7382
f 7382/7382 6939/6939 6937/6937
f 7382/7382 6937/6937 7383/7383
f 7383/7383 6937/6937 6935/6935
f 7383/7383 6935/6935 7384/7384
f 7384/7384 6935/6935 6933/6933
f 7384/7384 6933/6933 7385/7385
f 7385/7385 6933/6933 6931/6931
f 7385/7385 6931/6931 7387/7387
f 7387/7387 6931/6931 6929/6929
f 7387/7387 6929/6929 7389/7389
f 7389/7389 6929/6929 6927/6927
f 7389/7389 6927/6927 7391/7391
f 7391/7391 6927/6927 6925/6925
f 7391/7391 6925/6925 7393/7393
f 7393/7393 6925/6925 6923/6923
f 7393/7393 6923/6923 7395/7395
f 7395/7395 6923/6923 6921/6921
f 7395/7395 6921/6921 7397/7397
f 7397/7397 6921/6921 6919/6919
f 7397/7397 6919/6919 7399/7399
f 7399/7399 6919/6919 6917/6917
f 7399/7399 6917/6917 7401/7401
f 7401/7401 6917/6917 6915/6915
f 7401/7401 6915/6915 7403/7403
f 7403/7403 6915/6915 6913/6913
f 7403/7403 6913/6913 7405/7405
f 7405/7405 6913/6913 6911/6911
f 7405/7405 6911/6911 7407/7407
f 7407/7407 6911/6911 6909/6909
f 7407/7407 6909/6909 7409/7409
f 7409/7409 6909/6909 6907/6907
f 7409/7409 6907/6907 7411/7411
f 7411/7411 6907/6907 6905/6905
f 7411/7411 6905/6905 7413/7413
f 7413/7413 6905/6905 6903/6903
f 7413/7413 6903/6903 7415/7415
f 7415/7415 6903/6903 6901/6901
f 7415/7415 6901/6901 7417/7417
f 7417/7417 6901/6901 6899/6899
f 7417/7417 6899/6899 7419/7419
f 7419/7419 6899/6899 6897/6897
f 7419/7419 6897/6897 7421/7421
f 7421/7421 6897/6897 6895/6895
f 7421/7421 6895/6895 7423/7423
f 7423/7423 6895/6895 6893/6893
f 7423/7423 6893/6893 7425/7425
f 7425/7425 6893/6893 6891/6891
f 7425/7425 6891/6891 7427/7427
f 7427/7427 6891/6891 6889/6889
f 7427/7427 6889/6889 7429/7429
f 7429/7429 6889/6889 6887/6887
f 7429/7429 6887/6887 7431/7431
f 7431/7431 6887/6887 6885/6885
f 7431/7431 6885/6885 7433/7433
f 7433/7433 6885/6885 6883/6883
f 7433/7433 6883/6883 7435/7435
f 7435/7435 6883/6883 6881/6881
f 7435/7435 6881/6881 7437/7437
f 7437/7437 6881/6881 6879/6879
f 7437/7437 6879/6879 7439/7439
f 7439/7439 6879/6879 6877/6877
f 7439/7439 6877/6877 7441/7441
f 7441/7441 6877/6877 6875/6875
f 7441/7441 6875/6875 7443/7443
f 7443/7443 6875/6875 6873/6873
f 7443/7443 6873/6873 7445/7445
f 7445/7445 6873/6873 6871/6871
f 7445/7445 6871/6871 7447/7447
f 7447/7447 6871/6871 6869/6869
f 7447/7447 6869/6869 7449/7449
f 7449/7449 6869/6869 6867/6867
f 7449/7449 6867/6867 7451/7451
f 7451/7451 6867/6867 6865/6865
f 7451/7451 6865/6865 7453/7453
f 7453/7453 6865/6865 6863/6863
f 7453/7453 6863/6863 7455/7455
f 7455/7455 6863/6863 6861/6861
f 7455/7455 6861/6861 7457/7457
f 7457/7457 6861/6861 6859/6859
f 7457/7457 6859/6859 7459/7459
f 7459/7459 6859/6859 6857/6857
f 7459/7459 6857/6857 7461/7461
f 7461/7461 6857/6857 6855/6855
f 7461/7461 6855/6855 7463/7463
f 7463/7463 6855/6855 6853/6853
f 7463/7463 6853/6853 7465/7465
f 7465/7465 6853/6853 6851/6851
f 7465/7465 6851/6851 7467/7467
f 7467/7467 6851/6851 6849/6849
f 7467/7467 6849/6849 7469/7469
f 7469/7469 6849/6849 6847/6847
f 7469/7469 6847/6847 7471/7471
f 7471/7471 6847/6847 6845/6845
f 7471/7471 6845/6845 7473/7473
f 7473/7473 6845/6845 6843/6843
f 7473/7473 6843/6843 7475/7475
f 7475/7475 6843/6843 6841/6841
f 7475/7475 6841/6841 7477/7477
f 7477/7477 6841/6841 6839/6839
f 7477/7477 6839/6839 7479/7479
f 7479/7479 6839/6839 6837/6837
f 7479/7479 6837/6837 7481/7481
f 7481/7481 6837/6837 6835/6835
f 7481/7481 6835/6835 7483/7483
f 7483/7483 6835/6835 6833/6833
f 7483/7483 6833/6833 7485/7485
f 7485/7485 6833/6833 6831/6831
f 7485/7485 6831/6831 7487/7487
f 7487/7487 6831/6831 6829/6829
f 7487/7487 6829/6829 7489/7489
f 7489/7489 6829/6829 6827/6827
f 7489/7489 6827/6827 7491/7491
f 7491/7491 6827/6827 6825/6825
f 7491/7491 6825/6825 7493/7493
f 7493/7493 6825/6825 6823/6823
f 7493/7493 6823/6823 7495/7495
f 7495/7495 6823/6823 6821/6821
f 7495/7495 6821/6821 7497/7497
f 7497/7497 6821/6821 6819/6819
f 7497/7497 6819/6819 7499/7499
f 7499/7499 6819/6819 6817/6817
f 7499/7499 6817/6817 7501/7501
f 7501/7501 6817/6817 6815/6815
f 7501/7501 6815/6815 7503/7503
f 7503/7503 6815/6815 6813/6813
f 7503/7503 6813/6813 7505/7505
f 7505/7505 6813/6813 6811/6811
f 7505/7505 6811/6811 7507/7507
f 7507/7507 6811/6811 6809/6809
f 7507/7507 6809/6809 7509/7509
f 7509/7509 6809/6809 6807/6807
f 7509/7509 6807/6807 7511/7511
f 7511/7511 6807/6807 6805/6805
f 7511/7511 6805/6805 7513/7513
f 7513/7513 6805/6805 6803/6803
f 7513/7513 6803/6803 7515/7515
f 7515/7515 6803/6803 6801/6801
f 7515/7515 6801/6801 7517/7517
f 7517/7517 6801/6801 6799/6799
f 7517/7517 6799/6799 7519/7519
f 7519/7519 6799/6799 6797/6797
f 7519/7519 6797/6797 7521/7521
f 7521/7521 6797/6797 6795/6795
f 7521/7521 6795/6795 7523/7523
f 7523/7523 6795/6795 6793/6793
f 7523/7523 6793/6793 7525/7525
f 7525/7525 6793/6793 6791/6791
f 7525/7525 6791/6791 7527/7527
f 7527/7527 6791/6791 6789/6789
f 7527/7527 6789/6789 7529/7529
f 7529/7529 6789/6789 6787/6787
f 7529/7529 6787/6787 7531/7531
f 7531/7531 6787/6787 6785/6785
f 7531/7531 6785/6785 7533/7533
f 7533/7533 6785/6785 6783/6783
f 7533/7533 6783/6783 7535/7535
f 7535/7535 6783/6783 6781/6781
f 7535/7535 6781/6781 7537/7537
f 7537/7537 6781/6781 6779/6779
f 7537/7537 6779/6779 7539/7539
f 7539/7539 6779/6779 6777/6777
f 7539/7539 6777/6777 7541/7541
f 7541/7541 6777/6777 6775/6775
f 7541/7541 6775/6775 7543/7543
f 7543/7543 6775/6775 6773/6773
f 7543/7543 6773/6773 7545/7545
f 7545/7545 6773/6773 6771/6771
f 7545/7545 6771/6771 7547/7547
f 7547/7547 6771/6771 6769/6769
f 7547/7547 6769/6769 7549/7549
f 7549/7549 6769/6769 6767/6767
f 7549/7549 6767/6767 7551/7551
f 7551/7551 6767/6767 6765/6765
f 7551/7551 6765/6765 7553/7553
f 7553/7553 6765/6765 6763/6763
f 7553/7553 6763/6763 7555/7555
f 7555/7555 6763/6763 6761/6761
f 7555/7555 6761/6761 7557/7557
f 7557/7557 6761/6761 6759/6759
f 7557/7557 6759/6759 7559/7559
f 7559/7559 6759/6759 6757/6757
f 7559/7559 6757/6757 7561/7561
f 7561/7561 6757/6757 6755/6755
f 7561/7561 6755/6755 7563/7563
f 7563/7563 6755/6755 6753/6753
f 7563/7563 6753/6753 7565/7565
f 7565/7565 6753/6753 6751/6751
f 7565/7565 6751/6751 7567/7567
f 7567/7567 6751/6751 6749/6749
f 7567/7567 6749/6749 7569/7569
f 7569/7569 6749/6749 6747/6747
f 7569/7569 6747/6747 7571/7571
f 7571/7571 6747/6747 6745/6745
f 7571/7571 6745/6745 7573/7573
f 7573/7573 6745/6745 6743/6743
f 7573/7573 6743/6743 7575/7575
f 7575/7575 6743/6743 6741/6741
f 7575/7575 6741/6741 7577/7577
f 7577/7577 6741/6741 6739/6739
f 7577/7577 6739/6739 7579/7579
f 7579/7579 6739/6739 6737/6737
f 7579/7579 6737/6737 7581/7581
f 7581/7581 6737/6737 6735/6735
f 7581/7581 6735/6735 7583/7583
f 7583/7583 6735/6735 6733/6733
f 7583/7583 6733/6733 7585/7585
f 7585/7585 6733/6733 6731/6731
f 7585/7585 6731/6731 7587/7587
f 7587/7587 6731/6731 6729/6729
f 7587/7587 6729/6729 7589/7589
f 7589/7589 6729/6729 6727/6727
f 7589/7589 6727/6727 7591/7591
f 7591/7591 6727/6727 6725/6725
f 7591/7591 6725/6725 7593/7593
f 7593/7593 6725/6725 6723/6723
f 7593/7593 6723/6723 7595/7595
f 7595/7595 6723/6723 6721/6721
f 7595/7595 6721/6721 7597/7597
f 7597/7597 6721/6721 6719/6719
f 7597/7597 6719/6719 7599/7599
f 7599/7599 6719/6719 6717/6717
f 7599/7599 6717/6717 7601/7601
f 7601/7601 6717/6717 6715/6715
f 7601/7601 6715/6715 7603/7603
f 7603/7603 6715/6715 6713/6713
f 7603/7603 6713/6713 7605/7605
f 7605/7605 6713/6713 6711/6711
f 7605/7605 6711/6711 7607/7607
f 7607/7607 6711/6711 6709/6709
f 7607/7607 6709/6709 7609/7609
f 7609/7609 6709/6709 6707/6707
f 7609/7609 6707/6707 7611/7611
f 7611/7611 6707/6707 6705/6705
f 7611/7611 6705/6705 7613/7613
f 7613/7613 6705/6705 6703/6703
f 7613/7613 6703/6703 7615/7615
f 7615/7615 6703/6703 6701/6701
f 7615/7615 6701/6701 7617/7617
f 7617/7617 6701/6701 6699/6699
f 7617/7617 6699/6699 7619/7619
f 7619/7619 6699/6699 6697/6697
f 7619/7619 6697/6697 7621/7621
f 7621/7621 6697/6697 6695/6695
f 7621/7621 6695/6695 7623/7623
f 7623/7623 6695/6695 6693/6693
f 7623/7623 6693/6693 7625/7625
f 7625/7625 6693/6693 6691/6691
f 7625/7625 6691/6691 7627/7627
f 7627/7627 6691/6691 6689/6689
f 7627/7627 6689/6689 7629/7629
f 7629/7629 6689/6689 6687/6687
f 7631/7631 6685/6685 7633/7633
f 7633/7633 6685/6685 6683/6683
f 7633/7633 6683/6683 7635/7635
f 7635/7635 6683/6683 6681/6681
f 7635/7635 6681/6681 7637/7637
f 7637/7637 6681/6681 6679/6679
f 7637/7637 6679/6679 7639/7639
f 7639/7639 6679/6679 6677/6677
f 7639/7639 6677/6677 7641/7641
f 7641/7641 6677/6677 6675/6675
f 7641/7641 6675/6675 7643/7643
f 7643/7643 6675/6675 6673/6673
f 7643/7643 6673/6673 7645/7645
f 7645/7645 6673/6673 6671/6671
f 7645/7645 6671/6671 7647/7647
f 7647/7647 6671/6671 6669/6669
f 7647/7647 6669/6669 7649/7649
f 7649/7649 6669/6669 6667/6667
f 7649/7649 6667/6667 7651/7651
f 7651/7651 6667/6667 6665/6665
f 7651/7651 6665/6665 7653/7653
f 7653/7653 6665/6665 6663/6663
f 7653/7653 6663/6663 7655/7655
f 7655/7655 6663/6663 6661/6661
f 7655/7655 6661/6661 7657/7657
f 7657/7657 6661/6661 6659/6659
f 7657/7657 6659/6659 7659/7659
f 7659/7659 6659/6659 6657/6657
f 7659/7659 6657/6657 7661/7661
f 7661/7661 6657/6657 6655/6655
f 7661/7661 6655/6655 7663/7663
f 7663/7663 6655/6655 6653/6653
f 7663/7663 6653/6653 7665/7665
f 7665/7665 6653/6653 6651/6651
f 7665/7665 6651/6651 7667/7667
f 7667/7667 6651/6651 6649/6649
f 7667/7667 6649/6649 7669/7669
f 7669/7669 6649/6649 6647/6647
f 7669/7669 6647/6647 7671/7671
f 7671/7671 6647/6647 6645/6645
f 7671/7671 6645/6645 7673/7673
f 7673/7673 6645/6645 6643/6643
f 7673/7673 6643/6643 7675/7675
f 7675/7675 6643/6643 6641/6641
f 7675/7675 6641/6641 7677/7677
f 7677/7677 6641/6641 6639/6639
f 7677/7677 6639/6639 7679/7679
f 7679/7679 6639/6639 6637/6637
f 7679/7679 6637/6637 7681/7681
f 7681/7681 6637/6637 6635/6635
f 7681/7681 6635/6635 7683/7683
f 7683/7683 6635/6635 6633/6633
f 7683/7683 6633/6633 7685/7685
f 7685/7685 6633/6633 6631/6631
f 7685/7685 6631/6631 7687/7687
f 7687/7687 6631/6631 6629/6629
f 7687/7687 6629/6629 7689/7689
f 7689/7689 6629/6629 6627/6627
f 7689/7689 6627/6627 7691/7691
f 7691/7691 6627/6627 6625/6625
f 7691/7691 6625/6625 7693/7693
f 7693/7693 6625/6625 6623/6623
f 7693/7693 6623/6623 7695/7695
f 7695/7695 6623/6623 6621/6621
f 7695/7695 6621/6621 7697/7697
f 7697/7697 6621/6621 6619/6619
f 7697/7697 6619/6619 7699/7699
f 7699/7699 6619/6619 6617/6617
f 7699/7699 6617/6617 7701/7701
f 7701/7701 6617/6617 6615/6615
f 7701/7701 6615/6615 7703/7703
f 7703/7703 6615/6615 6613/6613
f 7703/7703 6613/6613 7705/7705
f 7705/7705 6613/6613 6611/6611
f 7705/7705 6611/6611 7707/7707
f 7707/7707 6611/6611 6609/6609
f 7707/7707 6609/6609 7709/7709
f 7709/7709 6609/6609 6607/6607
f 7709/7709 6607/6607 7711/7711
f 7711/7711 6607/6607 6605/6605
f 7711/7711 6605/6605 7713/7713
f 7713/7713 6605/6605 6603/6603
f 7713/7713 6603/6603 7715/7715
f 7715/7715 6603/6603 6601/6601
f 7715/7715 6601/6601 7717/7717
f 7717/7717 6601/6601 6599/6599
f 7717/7717 6599/6599 7719/7719
f 7719/7719 6599/6599 6597/6597
f 7719/7719 6597/6597 7721/7721
f 7721/7721 6597/6597 6595/6595
f 7721/7721 6595/6595 7723/7723
f 7723/7723 6595/6595 6593/6593
f 7723/7723 6593/6593 7725/7725
f 7725/7725 6593/6593 6591/6591
f 7725/7725 6591/6591 7727/7727
f 7727/7727 6591/6591 6589/6589
f 7727/7727 6589/6589 7729/7729
f 7729/7729 6589/6589 6587/6587
f 7729/7729 6587/6587 7731/7731
f 7731/7731 6587/6587 6585/6585
f 7731/7731 6585/6585 7733/7733
f 7733/7733 6585/6585 6583/6583
f 7733/7733 6583/6583 7735/7735
f 7735/7735 6583/6583 6581/6581
f 7735/7735 6581/6581 7737/7737
f 7737/7737 6581/6581 6579/6579
f 7737/7737 6579/6579 7739/7739
f 7739/7739 6579/6579 6577/6577
f 7739/7739 6577/6577 7741/7741
f 7741/7741 6577/6577 6575/6575
f 7741/7741 6575/6575 7743/7743
f 7743/7743 7954/7954 6573/6573
f 7743/7743 6573/6573 7745/7745
f 7745/7745 6573/6573 6571/6571
f 7745/7745 6571/6571 7747/7747
f 7747/7747 6571/6571 6569/6569
f 7747/7747 6569/6569 7749/7749
f 7749/7749 6569/6569 6567/6567
f 7749/7749 6567/6567 7751/7751
f 7751/7751 6567/6567 6565/6565
f 7751/7751 6565/6565 7753/7753
f 7753/7753 6565/6565 6563/6563
f 7753/7753 6563/6563 7755/7755
f 7755/7755 6563/6563 6561/6561
f 7755/7755 6561/6561 7757/7757
f 7757/7757 6561/6561 6559/6559
f 7757/7757 6559/6559 7759/7759
f 7759/7759 6559/6559 6557/6557
f 7759/7759 6557/6557 7761/7761
f 7761/7761 6557/6557 6555/6555
f 7761/7761 6555/6555 7763/7763
f 7763/7763 6555/6555 7955/7955
f 7763/7763 7955/7955 7765/7765
f 7765/7765 7955/7955 6551/6551
f 7765/7765 6551/6551 7767/7767
f 7767/7767 6551/6551 6549/6549
f 7767/7767 6549/6549 7769/7769
f 7769/7769 6549/6549 6547/6547
f 7769/7769 6547/6547 7771/7771
f 7771/7771 6547/6547 6545/6545
f 7771/7771 6545/6545 7773/7773
f 7773/7773 6545/6545 6543/6543
f 7773/7773 6543/6543 7775/7775
f 7775/7775 6543/6543 6541/6541
f 7775/7775 6541/6541 7777/7777
f 7777/7777 6541/6541 6539/6539
f 7777/7777 6539/6539 7779/7779
f 7779/7779 6539/6539 6537/6537
f 7779/7779 6537/6537 7781/7781
f 7781/7781 6537/6537 7956/7956
f 7781/7781 7956/7956 7783/7783
f 7783/7783 7956/7956 6533/6533
f 7783/7783 6533/6533 7785/7785
f 7785/7785 6533/6533 6531/6531
f 7785/7785 6531/6531 7787/7787
f 7787/7787 6531/6531 6529/6529
f 7787/7787 6529/6529 7789/7789
f 7789/7789 6529/6529 6527/6527
f 7789/7789 6527/6527 7791/7791
f 7791/7791 6527/6527 6525/6525
f 7791/7791 6525/6525 7793/7793
f 7793/7793 6525/6525 6523/6523
f 7793/7793 6523/6523 7795/7795
f 7795/7795 6523/6523 6521/6521
f 7795/7795 6521/6521 7797/7797
f 7797/7797 6521/6521 6519/6519
f 7797/7797 6519/6519 7799/7799
f 7799/7799 6519/6519 6517/6517
f 7799/7799 6517/6517 7801/7801
f 7801/7801 6517/6517 6515/6515
f 7801/7801 6515/6515 7803/7803
f 7803/7803 6515/6515 7957/7957
f 7803/7803 6513/6513 7805/7805
f 7805/7805 6513/6513 6511/6511
f 7805/7805 6511/6511 7807/7807
f 7807/7807 6511/6511 6509/6509
f 7807/7807 6509/6509 7809/7809
f 7809/7809 6509/6509 6507/6507
f 7809/7809 6507/6507 7811/7811
f 7811/7811 6507/6507 6505/6505
f 7811/7811 6505/6505 7813/7813
f 7813/7813 6505/6505 6503/6503
f 7813/7813 6503/6503 7815/7815
f 7815/7815 6503/6503 6501/6501
f 7815/7815 6501/6501 7817/7817
f 7817/7817 6501/6501 6499/6499
f 7817/7817 6499/6499 7819/7819
f 7819/7819 6499/6499 6497/6497
f 7819/7819 6497/6497 7821/7821
f 7821/7821 6497/6497 6495/6495
f 7821/7821 6495/6495 7823/7823
f 7823/7823 6495/6495 6493/6493
f 7823/7823 6493/6493 7825/7825
f 7825/7825 6493/6493 6491/6491
f 7825/7825 6491/6491 7827/7827
f 7827/7827 6491/6491 6489/6489
f 7827/7827 6489/6489 7829/7829
f 7829/7829 6489/6489 6487/6487
f 7829/7829 6487/6487 7831/7831
f 7831/7831 6487/6487 6485/6485
f 7831/7831 6485/6485 7833/7833
f 7833/7833 6485/6485 6483/6483
f 7833/7833 6483/6483 7835/7835
f 7835/7835 6483/6483 6481/6481
f 7835/7835 6481/6481 7837/7837
f 7837/7837 6481/6481 6479/6479
f 7837/7837 6479/6479 7839/7839
f 7839/7839 6479/6479 6477/6477
f 7839/7839 6477/6477 7841/7841
f 7841/7841 6477/6477 6475/6475
f 7841/7841 6475/6475 7843/7843
f 7843/7843 6475/6475 6473/6473
f 7843/7843 6473/6473 7845/7845
f 7845/7845 6473/6473 6471/6471
f 7845/7845 6471/6471 7847/7847
f 7847/7847 6471/6471 6469/6469
f 7847/7847 6469/6469 7849/7849
f 7849/7849 6469/6469 6467/6467
f 7849/7849 6467/6467 7851/7851
f 7851/7851 6467/6467 6465/6465
f 7851/7851 6465/6465 7853/7853
f 7853/7853 6465/6465 6463/6463
f 7853/7853 6463/6463 7855/7855
f 7855/7855 6463/6463 6461/6461
f 7855/7855 6461/6461 7857/7857
f 7857/7857 6461/6461 6459/6459
f 7857/7857 6459/6459 7859/7859
f 7859/7859 6459/6459 6457/6457
f 7859/7859 6457/6457 7861/7861
f 7861/7861 6457/6457 6455/6455
f 7861/7861 6455/6455 7863/7863
f 7863/7863 6455/6455 6453/6453
f 7863/7863 6453/6453 7865/7865
f 7865/7865 6453/6453 6451/6451
f 7865/7865 6451/6451 7867/7867
f 7867/7867 6451/6451 6449/6449
f 7867/7867 6449/6449 7869/7869
f 7869/7869 6449/6449 6447/6447
f 7869/7869 6447/6447 7871/7871
f 7871/7871 6447/6447 6445/6445
f 7871/7871 6445/6445 7873/7873
f 7873/7873 6445/6445 6443/6443
f 7873/7873 6443/6443 7875/7875
f 7875/7875 6443/6443 6441/6441
f 7875/7875 6441/6441 7877/7877
f 7877/7877 6441/6441 6439/6439
f 7877/7877 6439/6439 7879/7879
f 7879/7879 6439/6439 6437/6437
f 7879/7879 6437/6437 7881/7881
f 7881/7881 6437/6437 6435/6435
f 7881/7881 6435/6435 7883/7883
f 7883/7883 6435/6435 6433/6433
f 7883/7883 6433/6433 7885/7885
f 7885/7885 6433/6433 6431/6431
f 7885/7885 6431/6431 7887/7887
f 7887/7887 6431/6431 6429/6429
f 7887/7887 6429/6429 7889/7889
f 7889/7889 6429/6429 6427/6427
f 7889/7889 6427/6427 7891/7891
f 7891/7891 6427/6427 6425/6425
f 7891/7891 6425/6425 7893/7893
f 7893/7893 6425/6425 6423/6423
f 7893/7893 6423/6423 7895/7895
f 7895/7895 6423/6423 6421/6421
f 7895/7895 6421/6421 7897/7897
f 7897/7897 6421/6421 6419/6419
f 7897/7897 6419/6419 7899/7899
f 7899/7899 6419/6419 6417/6417
f 7899/7899 6417/6417 7901/7901
f 7901/7901 6417/6417 6415/6415
f 7901/7901 6415/6415 7903/7903
f 7903/7903 6415/6415 6413/6413
f 7903/7903 6413/6413 7905/7905
f 7905/7905 6413/6413 6411/6411
f 7905/7905 6411/6411 7907/7907
f 7907/7907 6411/6411 6409/6409
f 7907/7907 6409/6409 7909/7909
f 7909/7909 6409/6409 6407/6407
f 7909/7909 6407/6407 7911/7911
f 7911/7911 6407/6407 6405/6405
f 7911/7911 6405/6405 7913/7913
f 7913/7913 6405/6405 6403/6403
f 7915/7915 6401/6401 7917/7917
f 7917/7917 6401/6401 6399/6399
f 7917/7917 6399/6399 7919/7919
f 7919/7919 6399/6399 7093/7093
f 7919/7919 7093/7093 7921/7921
f 7921/7921 7093/7093 7095/7095
f 7921/7921 7095/7095 7923/7923
f 7923/7923 7095/7095 7097/7097
f 7923/7923 7097/7097 7925/7925
f 7925/7925 7097/7097 7099/7099
f 7925/7925 7099/7099 7927/7927
f 7927/7927 7099/7099 7101/7101
f 7927/7927 7101/7101 7929/7929
f 7929/7929 7101/7101 7103/7103
f 7929/7929 7103/7103 7931/7931
f 7931/7931 7103/7103 7105/7105
f 7931/7931 7105/7105 7933/7933
f 7933/7933 7105/7105 7107/7107
f 7933/7933 7107/7107 7935/7935
f 7935/7935 7107/7107 7109/7109
f 7935/7935 7109/7109 7937/7937
f 7937/7937 7109/7109 7111/7111
f 7937/7937 7111/7111 7939/7939
f 7939/7939 7111/7111 7113/7113
f 7939/7939 7113/7113 7941/7941
f 7941/7941 7113/7113 7115/7115
f 7941/7941 7115/7115 7943/7943
f 7943/7943 7115/7115 7117/7117
f 7943/7943 7117/7117 7945/7945
f 7945/7945 7117/7117 7119/7119
f 7945/7945 7119/7119 7947/7947
f 7947/7947 7119/7119 7121/7121
f 7947/7947 7121/7121 7949/7949
f 7949/7949 7121/7121 7123/7123
f 7949/7949 7123/7123 7951/7951
f 7951/7951 7123/7123 7125/7125
f 7951/7951 7125/7125 7953/7953
f 7953/7953 7125/7125 7127/7127
f 7953/7953 7127/7127 7129/7129
f 6116/6116 6119/6119 7958/7958
f 7958/7958 6119/6119 6973/6973
f 7958/7958 6973/6973 6971/6971
f 6968/6968 7630/7630 6966/6966
f 6966/6966 7630/7630 7632/7632
f 6966/6966 7632/7632 6964/6964
f 6964/6964 7632/7632 7634/7634
f 6964/6964 7634/7634 6962/6962
f 6962/6962 7634/7634 7636/7636
f 6962/6962 7636/7636 6960/6960
f 6960/6960 7636/7636 7638/7638
f 6960/6960 7638/7638 6958/6958
f 6958/6958 7638/7638 7640/7640
f 6958/6958 7640/7640 6956/6956
f 6956/6956 7640/7640 7642/7642
f 6956/6956 7642/7642 6954/6954
f 6954/6954 7642/7642 7644/7644
f 6954/6954 7644/7644 6952/6952
f 6952/6952 7644/7644 7646/7646
f 6952/6952 7646/7646 6950/6950
f 6950/6950 7646/7646 7648/7648
f 6950/6950 7648/7648 6948/6948
f 6948/6948 7648/7648 7650/7650
f 6948/6948 7650/7650 6946/6946
f 6946/6946 7650/7650 7652/7652
f 6946/6946 7652/7652 6944/6944
f 6944/6944 7652/7652 7654/7654
f 6944/6944 7654/7654 6942/6942
f 6942/6942 7654/7654 7656/7656
f 6942/6942 7656/7656 6940/6940
f 6940/6940 7656/7656 7658/7658
f 6940/6940 7658/7658 6938/6938
f 6938/6938 7658/7658 7660/7660
f 6938/6938 7660/7660 6936/6936
f 6936/6936 7660/7660 7662/7662
f 6936/6936 7662/7662 6934/6934
f 6934/6934 7662/7662 7664/7664
f 6934/6934 7664/7664 6932/6932
f 6932/6932 7664/7664 7666/7666
f 6932/6932 7666/7666 6930/6930
f 6930/6930 7666/7666 7668/7668
f 6930/6930 7668/7668 6928/6928
f 6928/6928 7668/7668 7670/7670
f 6928/6928 7670/7670 6926/6926
f 6926/6926 7670/7670 7672/7672
f 6926/6926 7672/7672 6924/6924
f 6924/6924 7672/7672 7674/7674
f 6924/6924 7674/7674 6922/6922
f 6922/6922 7674/7674 7676/7676
f 6922/6922 7676/7676 6920/6920
f 6920/6920 7676/7676 7678/7678
f 6920/6920 7678/7678 6918/6918
f 6918/6918 7678/7678 7680/7680
f 6918/6918 7680/7680 6916/6916
f 6916/6916 7680/7680 7682/7682
f 6916/6916 7682/7682 6914/6914
f 6914/6914 7682/7682 7684/7684
f 6914/6914 7684/7684 6912/6912
f 6912/6912 7684/7684 7686/7686
f 6912/6912 7686/7686 6910/6910
f 6910/6910 7686/7686 7688/7688
f 6910/6910 7688/7688 6908/6908
f 6908/6908 7688/7688 7690/7690
f 6908/6908 7690/7690 6906/6906
f 6906/6906 7690/7690 7692/7692
f 6906/6906 7692/7692 6904/6904
f 6904/6904 7692/7692 7694/7694
f 6904/6904 7694/7694 6902/6902
f 6902/6902 7694/7694 7696/7696
f 6902/6902 7696/7696 6900/6900
f 6900/6900 7696/7696 7698/7698
f 6900/6900 7698/7698 6898/6898
f 6898/6898 7698/7698 7700/7700
f 6898/6898 7700/7700 6896/6896
f 6896/6896 7700/7700 7702/7702
f 6896/6896 7702/7702 6894/6894
f 6894/6894 7702/7702 7704/7704
f 6894/6894 7704/7704 6892/6892
f 6892/6892 7704/7704 7706/7706
f 6892/6892 7706/7706 6890/6890
f 6890/6890 7706/7706 7708/7708
f 6890/6890 7708/7708 6888/6888
f 6888/6888 7708/7708 7710/7710
f 6888/6888 7710/7710 6886/6886
f 6886/6886 7710/7710 7712/7712
f 6886/6886 7712/7712 6884/6884
f 6884/6884 7712/7712 7714/7714
f 6884/6884 7714/7714 6882/6882
f 6882/6882 7714/7714 7716/7716
f 6882/6882 7716/7716 6880/6880
f 6880/6880 7716/7716 7718/7718
f 6880/6880 7718/7718 6878/6878
f 6878/6878 7718/7718 7720/7720
f 6878/6878 7720/7720 6876/6876
f 6876/6876 7720/7720 7722/7722
f 6876/6876 7722/7722 6874/6874
f 6874/6874 7722/7722 7724/7724
f 6874/6874 7724/7724 6872/6872
f 6872/6872 7724/7724 7726/7726
f 6872/6872 7726/7726 6870/6870
f 6870/6870 7726/7726 7728/7728
f 6870/6870 7728/7728 6868/6868
f 6868/6868 7728/7728 7730/7730
f 6868/6868 7730/7730 6866/6866
f 6866/6866 7730/7730 7732/7732
f 6866/6866 7732/7732 6864/6864
f 6864/6864 7732/7732 7734/7734
f 6864/6864 7734/7734 6862/6862
f 6862/6862 7734/7734 7736/7736
f 6862/6862 7736/7736 6860/6860
f 6860/6860 7736/7736 7738/7738
f 6860/6860 7738/7738 6858/6858
f 6858/6858 7738/7738 7740/7740
f 6858/6858 7740/7740 6856/6856
f 6856/6856 7740/7740 7742/7742
f 6856/6856 7742/7742 6854/6854
f 6854/6854 7742/7742 7744/7744
f 6854/6854 7744/7744 6852/6852
f 6852/6852 7744/7744 7746/7746
f 6852/6852 7746/7746 6850/6850
f 6850/6850 7746/7746 7748/7748
f 6850/6850 7748/7748 6848/6848
f 6848/6848 7748/7748 7750/7750
f 6848/6848 7750/7750 6846/6846
f 6846/6846 7750/7750 7752/7752
f 6846/6846 7752/7752 6844/6844
f 6844/6844 7752/7752 7754/7754
f 6844/6844 7754/7754 6842/6842
f 6842/6842 7754/7754 7756/7756
f 6842/6842 7756/7756 6840/6840
f 6840/6840 7756/7756 7758/7758
f 6840/6840 7758/7758 6838/6838
f 6838/6838 7758/7758 7760/7760
f 6838/6838 7760/7760 6836/6836
f 6836/6836 7760/7760 7762/7762
f 6836/6836 7762/7762 6834/6834
f 6834/6834 7762/7762 7764/7764
f 6834/6834 7764/7764 6832/6832
f 6832/6832 7764/7764 7959/7959
f 6832/6832 7766/7766 6830/6830
f 6830/6830 7959/7959 7768/7768
f 6830/6830 7768/7768 6828/6828
f 6828/6828 7768/7768 7770/7770
f 6828/6828 7770/7770 6826/6826
f 6826/6826 7770/7770 7772/7772
f 6826/6826 7772/7772 6824/6824
f 6824/6824 7772/7772 7774/7774
f 6824/6824 7774/7774 6822/6822
f 6822/6822 7774/7774 7960/7960
f 6822/6822 7776/7776 6820/6820
f 6820/6820 7960/7960 7778/7778
f 6820/6820 7778/7778 6818/6818
f 6818/6818 7778/7778 7780/7780
f 6818/6818 7780/7780 6816/6816
f 6816/6816 7780/7780 7782/7782
f 6816/6816 7782/7782 6814/6814
f 6814/6814 7782/7782 7784/7784
f 6814/6814 7784/7784 6812/6812
f 6812/6812 7784/7784 7786/7786
f 6812/6812 7786/7786 6810/6810
f 6810/6810 7786/7786 7788/7788
f 6810/6810 7788/7788 6808/6808
f 6808/6808 7788/7788 7790/7790
f 6808/6808 7790/7790 6806/6806
f 6806/6806 7790/7790 7792/7792
f 6806/6806 7792/7792 6804/6804
f 6804/6804 7792/7792 7794/7794
f 6804/6804 7794/7794 6802/6802
f 6802/6802 7794/7794 7796/7796
f 6802/6802 7796/7796 6800/6800
f 6800/6800 7796/7796 7798/7798
f 6800/6800 7798/7798 6798/6798
f 6798/6798 7798/7798 7800/7800
f 6798/6798 7800/7800 6796/6796
f 6796/6796 7800/7800 7802/7802
f 6796/6796 7802/7802 6794/6794
f 6794/6794 7802/7802 7804/7804
f 6794/6794 7804/7804 6792/6792
f 6792/6792 7804/7804 7806/7806
f 6792/6792 7806/7806 6790/6790
f 6790/6790 7806/7806 7808/7808
f 6790/6790 7808/7808 6788/6788
f 6788/6788 7808/7808 7810/7810
f 6788/6788 7810/7810 6786/6786
f 6786/6786 7810/7810 7812/7812
f 6786/6786 7812/7812 6784/6784
f 6784/6784 7812/7812 7814/7814
f 6784/6784 7814/7814 6782/6782
f 6782/6782 7814/7814 7816/7816
f 6782/6782 7816/7816 6780/6780
f 6780/6780 7816/7816 7818/7818
f 6780/6780 7818/7818 6778/6778
f 6778/6778 7818/7818 7820/7820
f 6778/6778 7820/7820 6776/6776
f 6776/6776 7820/7820 7822/7822
f 6776/6776 7822/7822 6774/6774
f 6774/6774 7822/7822 7824/7824
f 6774/6774 7824/7824 6772/6772
f 6772/6772 7824/7824 7826/7826
f 6772/6772 7826/7826 6770/6770
f 6770/6770 7826/7826 7828/7828
f 6770/6770 7828/7828 6768/6768
f 6768/6768 7828/7828 7830/7830
f 6768/6768 7830/7830 6766/6766
f 6766/6766 7830/7830 7832/7832
f 6766/6766 7832/7832 6764/6764
f 6764/6764 7832/7832 7834/7834
f 6764/6764 7834/7834 6762/6762
f 6762/6762 7834/7834 7836/7836
f 6762/6762 7836/7836 6760/6760
f 6760/6760 7836/7836 7838/7838
f 6760/6760 7838/7838 6758/6758
f 6758/6758 7838/7838 7840/7840
f 6758/6758 7840/7840 6756/6756
f 6756/6756 7840/7840 7842/7842
f 6756/6756 7842/7842 6754/6754
f 6754/6754 7842/7842 7844/7844
f 6754/6754 7844/7844 6752/6752
f 6752/6752 7844/7844 7846/7846
f 6752/6752 7846/7846 6750/6750
f 6750/6750 7846/7846 7848/7848
f 6750/6750 7848/7848 6748/6748
f 6748/6748 7848/7848 7850/7850
f 6748/6748 7850/7850 6746/6746
f 6746/6746 7850/7850 7852/7852
f 6746/6746 7852/7852 6744/6744
f 6744/6744 7852/7852 7854/7854
f 6744/6744 7854/7854 6742/6742
f 6742/6742 7854/7854 7856/7856
f 6742/6742 7856/7856 6740/6740
f 6740/6740 7856/7856 7858/7858
f 6740/6740 7858/7858 6738/6738
f 6738/6738 7858/7858 7860/7860
f 6738/6738 7860/7860 6736/6736
f 6736/6736 7860/7860 7862/7862
f 6736/6736 7862/7862 6734/6734
f 6734/6734 7862/7862 7864/7864
f 6734/6734 7864/7864 6732/6732
f 6732/6732 7864/7864 7866/7866
f 6732/6732 7866/7866 6730/6730
f 6730/6730 7866/7866 7868/7868
f 6730/6730 7868/7868 6728/6728
f 6728/6728 7868/7868 7870/7870
f 6728/6728 7870/7870 6726/6726
f 6726/6726 7870/7870 7872/7872
f 6726/6726 7872/7872 6724/6724
f 6724/6724 7872/7872 7874/7874
f 6724/6724 7874/7874 6722/6722
f 6722/6722 7874/7874 7876/7876
f 6722/6722 7876/7876 6720/6720
f 6720/6720 7876/7876 7878/7878
f 6720/6720 7878/7878 6718/6718
f 6718/6718 7878/7878 7880/7880
f 6718/6718 7880/7880 6716/6716
f 6716/6716 7880/7880 7882/7882
f 6716/6716 7882/7882 6714/6714
f 6714/6714 7882/7882 7884/7884
f 6714/6714 7884/7884 6712/6712
f 6712/6712 7884/7884 7886/7886
f 6712/6712 7886/7886 6710/6710
f 6710/6710 7886/7886 7888/7888
f 6710/6710 7888/7888 6708/6708
f 6708/6708 7888/7888 7890/7890
f 6708/6708 7890/7890 6706/6706
f 6706/6706 7890/7890 7892/7892
f 6706/6706 7892/7892 6704/6704
f 6704/6704 7892/7892 7894/7894
f 6704/6704 7894/7894 6702/6702
f 6702/6702 7894/7894 7896/7896
f 6702/6702 7896/7896 6700/6700
f 6700/6700 7896/7896 7898/7898
f 6700/6700 7898/7898 6698/6698
f 6698/6698 7898/7898 7900/7900
f 6698/6698 7900/7900 6696/6696
f 6696/6696 7900/7900 7902/7902
f 6696/6696 7902/7902 6694/6694
f 6694/6694 7902/7902 7904/7904
f 6694/6694 7904/7904 6692/6692
f 6692/6692 7904/7904 7906/7906
f 6692/6692 7906/7906 6690/6690
f 6690/6690 7906/7906 7908/7908
f 6690/6690 7908/7908 6688/6688
f 6688/6688 7908/7908 7910/7910
f 6688/6688 7910/7910 6686/6686
f 6686/6686 7910/7910 7912/7912
f 6684/6684 7914/7914 6682/6682
f 6682/6682 7914/7914 7916/7916
f 6682/6682 7916/7916 6680/6680
f 6680/6680 7916/7916 7918/7918
f 6680/6680 7918/7918 6678/6678
f 6678/6678 7918/7918 7920/7920
f 6678/6678 7920/7920 6676/6676
f 6676/6676 7920/7920 7922/7922
f 6676/6676 7922/7922 6674/6674
f 6674/6674 7922/7922 7924/7924
f 6674/6674 7924/7924 6672/6672
f 6672/6672 7924/7924 7926/7926
f 6672/6672 7926/7926 6670/6670
f 6670/6670 7926/7926 7928/7928
f 6670/6670 7928/7928 6668/6668
f 6668/6668 7928/7928 7930/7930
f 6668/6668 7930/7930 6666/6666
f 6666/6666 7930/7930 7932/7932
f 6666/6666 7932/7932 6664/6664
f 6664/6664 7932/7932 7934/7934
f 6664/6664 7934/7934 6662/6662
f 6662/6662 7934/7934 7936/7936
f 6662/6662 7936/7936 6660/6660
f 6660/6660 7936/7936 7938/7938
f 6660/6660 7938/7938 6658/6658
f 6658/6658 7938/7938 7940/7940
f 6658/6658 7940/7940 6656/6656
f 6656/6656 7940/7940 7942/7942
f 6656/6656 7942/7942 6654/6654
f 6654/6654 7942/7942 7944/7944
f 6654/6654 7944/7944 6652/6652
f 6652/6652 7944/7944 7946/7946
f 6652/6652 7946/7946 6650/6650
f 6650/6650 7946/7946 7948/7948
f 6650/6650 7948/7948 6648/6648
f 6648/6648 7948/7948 7950/7950
f 6648/6648 7950/7950 6646/6646
f 6646/6646 7950/7950 7952/7952
f 6646/6646 7952/7952 6644/6644
f 6644/6644 7952/7952 7131/7131
f 7628/7628 6970/6970 7626/7626
f 7626/7626 6970/6970 6972/6972
f 7626/7626 6972/6972 7624/7624
f 7624/7624 6972/6972 6974/6974
f 7624/7624 6974/6974 7622/7622
f 7622/7622 6974/6974 6975/6975
f 7622/7622 6975/6975 7620/7620
f 7620/7620 6975/6975 6976/6976
f 7620/7620 6976/6976 7618/7618
f 7618/7618 6976/6976 6977/6977
f 7618/7618 6977/6977 7616/7616
f 7616/7616 6977/6977 6978/6978
f 7616/7616 6978/6978 7614/7614
f 7614/7614 6978/6978 6979/6979
f 7614/7614 6979/6979 7612/7612
f 7612/7612 6979/6979 6980/6980
f 7612/7612 6980/6980 7610/7610
f 7610/7610 6980/6980 6981/6981
f 7610/7610 6981/6981 7608/7608
f 7608/7608 6981/6981 6982/6982
f 7608/7608 6982/6982 7606/7606
f 7606/7606 6982/6982 6983/6983
f 7606/7606 6983/6983 7604/7604
f 7604/7604 6983/6983 6984/6984
f 7604/7604 6984/6984 7602/7602
f 7602/7602 6984/6984 6985/6985
f 7602/7602 6985/6985 7600/7600
f 7600/7600 6985/6985 6986/6986
f 7600/7600 6986/6986 7598/7598
f 7598/7598 6986/6986 6987/6987
f 7598/7598 6987/6987 7596/7596
f 7596/7596 6987/6987 6988/6988
f 7596/7596 6988/6988 7594/7594
f 7594/7594 6988/6988 6989/6989
f 7594/7594 6989/6989 7592/7592
f 7592/7592 6989/6989 6990/6990
f 7592/7592 6990/6990 7590/7590
f 7590/7590 6990/6990 6991/6991
f 7590/7590 6991/6991 7588/7588
f 7588/7588 6991/6991 6992/6992
f 7588/7588 6992/6992 7586/7586
f 7586/7586 6992/6992 6993/6993
f 7586/7586 6993/6993 7584/7584
f 7584/7584 6993/6993 6994/6994
f 7584/7584 6994/6994 7582/7582
f 7582/7582 6994/6994 6995/6995
f 7582/7582 6995/6995 7580/7580
f 7580/7580 6995/6995 6996/6996
f 7580/7580 6996/6996 7578/7578
f 7578/7578 6996/6996 6997/6997
f 7578/7578 6997/6997 7576/7576
f 7576/7576 6997/6997 6998/6998
f 7576/7576 6998/6998 7574/7574
f 7574/7574 6998/6998 6999/6999
f 7574/7574 6999/6999 7572/7572
f 7572/7572 6999/6999 7000/7000
f 7572/7572 7000/7000 7570/7570
f 7570/7570 7000/7000 7001/7001
f 7570/7570 7001/7001 7568/7568
f 7568/7568 7001/7001 7002/7002
f 7568/7568 7002/7002 7566/7566
f 7566/7566 7002/7002 7003/7003
f 7566/7566 7003/7003 7564/7564
f 7564/7564 7003/7003 7004/7004
f 7564/7564 7004/7004 7562/7562
f 7562/7562 7004/7004 7005/7005
f 7562/7562 7005/7005 7560/7560
f 7560/7560 7005/7005 7006/7006
f 7560/7560 7006/7006 7558/7558
f 7558/7558 7006/7006 7007/7007
f 7558/7558 7007/7007 7556/7556
f 7556/7556 7007/7007 7008/7008
f 7556/7556 7008/7008 7554/7554
f 7554/7554 7008/7008 7009/7009
f 7554/7554 7009/7009 7552/7552
f 7552/7552 7009/7009 7010/7010
f 7552/7552 7010/7010 7550/7550
f 7550/7550 7010/7010 7011/7011
f 7550/7550 7011/7011 7548/7548
f 7548/7548 7011/7011 7012/7012
f 7548/7548 7012/7012 7546/7546
f 7546/7546 7012/7012 7013/7013
f 7546/7546 7013/7013 7544/7544
f 7544/7544 7013/7013 7014/7014
f 7544/7544 7014/7014 7542/7542
f 7542/7542 7014/7014 7015/7015
f 7542/7542 7015/7015 7540/7540
f 7540/7540 7015/7015 7016/7016
f 7540/7540 7016/7016 7538/7538
f 7538/7538 7016/7016 7017/7017
f 7538/7538 7017/7017 7536/7536
f 7536/7536 7017/7017 7018/7018
f 7536/7536 7018/7018 7534/7534
f 7534/7534 7018/7018 7019/7019
f 7534/7534 7019/7019 7532/7532
f 7532/7532 7019/7019 7020/7020
f 7532/7532 7020/7020 7530/7530
f 7530/7530 7020/7020 7021/7021
f 7530/7530 7021/7021 7528/7528
f 7528/7528 7021/7021 7022/7022
f 7528/7528 7022/7022 7526/7526
f 7526/7526 7022/7022 7023/7023
f 7526/7526 7023/7023 7524/7524
f 7524/7524 7023/7023 7024/7024
f 7524/7524 7024/7024 7522/7522
f 7522/7522 7024/7024 7025/7025
f 7522/7522 7025/7025 7520/7520
f 7520/7520 7025/7025 7026/7026
f 7520/7520 7026/7026 7518/7518
f 7518/7518 7026/7026 7027/7027
f 7518/7518 7027/7027 7516/7516
f 7516/7516 7027/7027 7028/7028
f 7516/7516 7028/7028 7514/7514
f 7514/7514 7028/7028 7029/7029
f 7514/7514 7029/7029 7512/7512
f 7512/7512 7029/7029 7030/7030
f 7512/7512 7030/7030 7510/7510
f 7510/7510 7030/7030 7031/7031
f 7510/7510 7031/7031 7508/7508
f 7508/7508 7031/7031 7032/7032
f 7508/7508 7032/7032 7506/7506
f 7506/7506 7032/7032 7033/7033
f 7506/7506 7033/7033 7504/7504
f 7504/7504 7033/7033 7034/7034
f 7504/7504 7034/7034 7502/7502
f 7502/7502 7034/7034 7035/7035
f 7502/7502 7035/7035 7500/7500
f 7500/7500 7035/7035 7036/7036
f 7500/7500 7036/7036 7498/7498
f 7498/7498 7036/7036 7037/7037
f 7498/7498 7037/7037 7496/7496
f 7496/7496 7037/7037 7038/7038
f 7496/7496 7038/7038 7494/7494
f 7494/7494 7038/7038 7039/7039
f 7494/7494 7039/7039 7492/7492
f 7492/7492 7039/7039 7040/7040
f 7492/7492 7040/7040 7490/7490
f 7490/7490 7040/7040 7041/7041
f 7490/7490 7041/7041 7488/7488
f 7488/7488 7041/7041 7042/7042
f 7488/7488 7042/7042 7486/7486
f 7486/7486 7042/7042 7043/7043
f 7486/7486 7043/7043 7484/7484
f 7484/7484 7043/7043 7044/7044
f 7484/7484 7044/7044 7482/7482
f 7482/7482 7044/7044 7045/7045
f 7482/7482 7045/7045 7480/7480
f 7480/7480 7045/7045 7046/7046
f 7480/7480 7046/7046 7478/7478
f 7478/7478 7046/7046 7047/7047
f 7478/7478 7047/7047 7476/7476
f 7476/7476 7047/7047 7048/7048
f 7476/7476 7048/7048 7474/7474
f 7474/7474 7048/7048 7049/7049
f 7474/7474 7049/7049 7472/7472
f 7472/7472 7049/7049 7050/7050
f 7472/7472 7050/7050 7470/7470
f 7470/7470 7050/7050 7051/7051
f 7470/7470 7051/7051 7468/7468
f 7468/7468 7051/7051 7052/7052
f 7468/7468 7052/7052 7466/7466
f 7466/7466 7052/7052 7053/7053
f 7466/7466 7053/7053 7464/7464
f 7464/7464 7053/7053 7054/7054
f 7464/7464 7054/7054 7462/7462
f 7462/7462 7054/7054 7055/7055
f 7462/7462 7055/7055 7460/7460
f 7460/7460 7055/7055 7056/7056
f 7460/7460 7056/7056 7458/7458
f 7458/7458 7056/7056 7057/7057
f 7458/7458 7057/7057 7456/7456
f 7456/7456 7057/7057 7058/7058
f 7456/7456 7058/7058 7454/7454
f 7454/7454 7058/7058 7059/7059
f 7454/7454 7059/7059 7452/7452
f 7452/7452 7059/7059 7060/7060
f 7452/7452 7060/7060 7450/7450
f 7450/7450 7060/7060 7061/7061
f 7450/7450 7061/7061 7448/7448
f 7448/7448 7061/7061 7062/7062
f 7448/7448 7062/7062 7446/7446
f 7446/7446 7062/7062 7063/7063
f 7446/7446 7063/7063 7444/7444
f 7444/7444 7063/7063 7064/7064
f 7444/7444 7064/7064 7442/7442
f 7442/7442 7064/7064 7065/7065
f 7442/7442 7065/7065 7440/7440
f 7440/7440 7065/7065 7066/7066
f 7440/7440 7066/7066 7438/7438
f 7438/7438 7066/7066 7067/7067
f 7438/7438 7067/7067 7436/7436
f 7436/7436 7067/7067 7068/7068
f 7436/7436 7068/7068 7434/7434
f 7434/7434 7068/7068 7069/7069
f 7434/7434 7069/7069 7432/7432
f 7432/7432 7069/7069 7070/7070
f 7432/7432 7070/7070 7430/7430
f 7430/7430 7070/7070 7071/7071
f 7430/7430 7071/7071 7428/7428
f 7428/7428 7071/7071 7072/7072
f 7428/7428 7072/7072 7426/7426
f 7426/7426 7072/7072 7073/7073
f 7426/7426 7073/7073 7424/7424
f 7424/7424 7073/7073 7074/7074
f 7424/7424 7074/7074 7422/7422
f 7422/7422 7074/7074 7075/7075
f 7422/7422 7075/7075 7420/7420
f 7420/7420 7075/7075 7076/7076
f 7420/7420 7076/7076 7418/7418
f 7418/7418 7076/7076 7077/7077
f 7418/7418 7077/7077 7416/7416
f 7416/7416 7077/7077 7078/7078
f 7416/7416 7078/7078 7414/7414
f 7414/7414 7078/7078 7079/7079
f 7414/7414 7079/7079 7412/7412
f 7412/7412 7079/7079 7080/7080
f 7412/7412 7080/7080 7410/7410
f 7410/7410 7080/7080 7081/7081
f 7410/7410 7081/7081 7408/7408
f 7408/7408 7081/7081 7082/7082
f 7408/7408 7082/7082 7406/7406
f 7406/7406 7082/7082 7083/7083
f 7406/7406 7083/7083 7404/7404
f 7404/7404 7083/7083 7084/7084
f 7404/7404 7084/7084 7402/7402
f 7402/7402 7084/7084 7085/7085
f 7402/7402 7085/7085 7400/7400
f 7400/7400 7085/7085 7086/7086
f 7400/7400 7086/7086 7398/7398
f 7398/7398 7086/7086 7087/7087
f 7398/7398 7087/7087 7396/7396
f 7396/7396 7087/7087 7088/7088
f 7396/7396 7088/7088 7394/7394
f 7394/7394 7088/7088 7089/7089
f 7394/7394 7089/7089 7392/7392
f 7392/7392 7089/7089 7090/7090
f 7392/7392 7090/7090 7390/7390
f 7390/7390 7090/7090 7091/7091
f 7390/7390 7091/7091 7388/7388
f 7388/7388 7091/7091 7092/7092
f 7388/7388 7092/7092 7386/7386
f 7386/7386 7092/7092 6359/6359
f 7386/7386 6359/6359 6361/6361
f 6121/6121 6973/6973 6119/6119
f 7364/7364 6404/6404 6406/6406
f 7362/7362 7364/7364 6406/6406
f 7362/7362 6406/6406 6408/6408
f 7360/7360 7362/7362 6408/6408
f 7360/7360 6408/6408 6410/6410
f 7358/7358 7360/7360 6410/6410
f 7358/7358 6410/6410 6412/6412
f 7356/7356 7358/7358 6412/6412
f 7356/7356 6412/6412 6414/6414
f 7354/7354 7356/7356 6414/6414
f 7354/7354 6414/6414 6416/6416
f 7352/7352 7354/7354 6416/6416
f 7352/7352 6416/6416 6418/6418
f 7350/7350 7352/7352 6418/6418
f 7350/7350 6418/6418 6420/6420
f 7348/7348 7350/7350 6420/6420
f 7348/7348 6420/6420 6422/6422
f 7346/7346 7348/7348 6422/6422
f 7346/7346 6422/6422 6424/6424
f 7344/7344 7346/7346 6424/6424
f 7344/7344 6424/6424 6426/6426
f 7342/7342 7344/7344 6426/6426
f 7342/7342 6426/6426 6428/6428
f 7340/7340 7342/7342 6428/6428
f 7340/7340 6428/6428 6430/6430
f 7338/7338 7340/7340 6430/6430
f 7338/7338 6430/6430 6432/6432
f 7336/7336 7338/7338 6432/6432
f 7336/7336 6432/6432 6434/6434
f 7334/7334 7336/7336 6434/6434
f 7334/7334 6434/6434 6436/6436
f 7332/7332 7334/7334 6436/6436
f 7332/7332 6436/6436 6438/6438
f 7330/7330 7332/7332 6438/6438
f 7330/7330 6438/6438 6440/6440
f 7329/7329 7330/7330 6440/6440
f 7289/7289 6480/6480 6482/6482
f 7287/7287 7289/7289 6482/6482
f 7287/7287 6482/6482 6484/6484
f 7285/7285 7287/7287 6484/6484
f 7285/7285 6484/6484 6486/6486
f 7283/7283 7285/7285 6486/6486
f 7283/7283 6486/6486 6488/6488
f 7281/7281 7283/7283 6488/6488
f 7281/7281 6488/6488 6490/6490
f 7279/7279 7281/7281 6490/6490
f 7279/7279 6490/6490 6492/6492
f 7277/7277 7279/7279 6492/6492
f 7277/7277 6492/6492 6494/6494
f 7275/7275 7277/7277 6494/6494
f 7275/7275 6494/6494 6496/6496
f 7273/7273 7275/7275 6496/6496
f 7273/7273 6496/6496 6498/6498
f 7271/7271 7273/7273 6498/6498
f 7271/7271 6498/6498 6500/6500
f 7269/7269 7271/7271 6500/6500
f 7269/7269 6500/6500 6502/6502
f 7267/7267 7269/7269 6502/6502
f 7267/7267 6502/6502 6504/6504
f 7265/7265 7267/7267 6504/6504
f 7265/7265 6504/6504 6506/6506
f 7263/7263 7265/7265 6506/6506
f 7263/7263 6506/6506 6508/6508
f 7261/7261 7263/7263 6508/6508
f 7261/7261 6508/6508 6510/6510
f 7259/7259 7261/7261 6510/6510
f 7259/7259 6510/6510 6512/6512
f 7257/7257 7259/7259 6512/6512
f 7257/7257 6512/6512 6514/6514
f 7255/7255 7257/7257 6514/6514
f 7255/7255 6514/6514 6516/6516
f 7253/7253 7255/7255 6516/6516
f 7253/7253 6516/6516 6518/6518
f 7251/7251 7253/7253 6518/6518
f 7251/7251 6518/6518 6520/6520
f 7250/7250 7251/7251 6520/6520
f 7209/7209 6562/6562 6564/6564
f 7207/7207 7209/7209 6564/6564
f 7207/7207 6564/6564 6566/6566
f 7205/7205 7207/7207 6566/6566
f 7205/7205 6566/6566 6568/6568
f 7203/7203 7205/7205 6568/6568
f 7203/7203 6568/6568 6570/6570
f 7201/7201 7203/7203 6570/6570
f 7201/7201 6570/6570 6572/6572
f 7199/7199 7201/7201 6572/6572
f 7199/7199 6572/6572 6574/6574
f 7197/7197 7199/7199 6574/6574
f 7197/7197 6574/6574 6576/6576
f 7195/7195 7197/7197 6576/6576
f 7195/7195 6576/6576 6578/6578
f 7193/7193 7195/7195 6578/6578
f 7193/7193 6578/6578 6580/6580
f 7191/7191 7193/7193 6580/6580
f 7191/7191 6580/6580 6582/6582
f 7189/7189 7191/7191 6582/6582
f 7189/7189 6582/6582 6584/6584
f 7187/7187 7189/7189 6584/6584
f 7187/7187 6584/6584 6586/6586
f 7185/7185 7187/7187 6586/6586
f 7185/7185 6586/6586 6588/6588
f 7183/7183 7185/7185 6588/6588
f 7183/7183 6588/6588 6590/6590
f 7181/7181 7183/7183 6590/6590
f 7181/7181 6590/6590 6592/6592
f 7179/7179 7181/7181 6592/6592
f 7179/7179 6592/6592 6594/6594
f 7177/7177 7179/7179 6594/6594
f 7177/7177 6594/6594 6596/6596
f 7175/7175 7177/7177 6596/6596
f 7175/7175 6596/6596 6598/6598
f 7173/7173 7175/7175 6598/6598
f 7173/7173 6598/6598 6600/6600
f 7171/7171 7173/7173 6600/6600
f 7171/7171 6600/6600 6602/6602
f 7170/7170 7171/7171 6602/6602
f 7130/7130 7134/7134 6642/6642

