mtllib material.mtl
usemtl material_nanoscan_3_1
v -0.46355946 0.39666608 0.28881007
v -0.45672497 0.39142178 0.28881007
v -0.46355946 0.39666608 0.26281007
v -0.45672497 0.39142179 0.26281006
v -0.44876595 0.38812508 0.28881007
v -0.44876595 0.38812509 0.26281006
v -0.44022496 0.38700059 0.28881007
v -0.44022496 0.38700059 0.26281006
v -0.43168385 0.38812508 0.28881007
v -0.43168385 0.38812509 0.26281006
v -0.42372498 0.39142178 0.28881007
v -0.42372498 0.39142179 0.26281006
v -0.41689038 0.39666608 0.28881007
v -0.41689038 0.39666608 0.26281006
v -0.41164608 0.40350068 0.28881007
v -0.41164609 0.40350068 0.26281006
v -0.40834938 0.41145959 0.28881007
v -0.40834939 0.41145959 0.26281006
v -0.40722496 0.42000066 0.28881007
v -0.40722497 0.42000066 0.26281006
v -0.40834938 0.42854169 0.28881007
v -0.40834939 0.42854169 0.26281006
v -0.41164608 0.43650067 0.28881007
v -0.41164609 0.43650067 0.26281006
v -0.41164609 0.43650067 0.26281006
v -0.41164608 0.43650067 0.28881007
v -0.41689038 0.44333516 0.28881007
v -0.41689038 0.44333516 0.26281007
v 0.48969392 0.42325047 0.26280998
v 0.46310952 0.39666608 0.26280998
v 0.48969392 0.42325047 0.28880999
v 0.46310953 0.39666608 0.28880999
v 0.44295591 -0.50985062 0.26280992
v 0.41644052 -0.48333520 0.26280992
v 0.44295591 -0.50985063 0.28880992
v 0.41644052 -0.48333520 0.28880993
v -0.48985005 0.42295678 0.28881007
v -0.46355946 0.39666608 0.28881007
v -0.48985005 0.42295678 0.26281007
v -0.46355946 0.39666608 0.26281007
v 0.50300000 -0.41006883 0.23879543
v 0.50300000 0.37006879 0.23879549
v 0.50300001 -0.41006883 0.28880992
v 0.50300001 0.37006879 0.28880998
v 0.41644052 0.44333516 0.28881000
v 0.41119623 0.43650067 0.28881000
v 0.41644052 0.44333516 0.26280999
v 0.41119623 0.43650067 0.26280999
v 0.40789941 0.42854169 0.28881000
v 0.40789941 0.42854169 0.26280999
v 0.40677503 0.42000066 0.28880999
v 0.40677503 0.42000066 0.26280999
v 0.40789941 0.41145959 0.28880999
v 0.40789941 0.41145959 0.26280999
v 0.41119623 0.40350068 0.28880999
v 0.41119623 0.40350068 0.26280999
v 0.41644052 0.39666608 0.28880999
v 0.41644052 0.39666608 0.26280999
v 0.42327501 0.39142178 0.28880999
v 0.42327501 0.39142179 0.26280999
v 0.43123403 0.38812508 0.28880999
v 0.43123403 0.38812509 0.26280999
v 0.43977502 0.38700059 0.28880999
v 0.43977502 0.38700059 0.26280999
v 0.44831602 0.38812508 0.28880999
v 0.44831601 0.38812509 0.26280999
v 0.45627500 0.39142178 0.28880999
v 0.45627500 0.39142179 0.26280999
v 0.46310953 0.39666608 0.28880999
v 0.46310952 0.39666608 0.26280998
v 0.48969392 -0.46325051 0.28880992
v 0.46310953 -0.43666612 0.28880993
v 0.48969392 -0.46325051 0.26280992
v 0.46310952 -0.43666612 0.26280992
v -0.45672497 0.39142179 0.26281006
v -0.45083157 0.40939267 0.26281007
v -0.46355946 0.39666608 0.26281007
v -0.45321538 0.41249928 0.26281007
v -0.45471386 0.41611695 0.26281007
v -0.44772496 0.40700898 0.26281007
v -0.44876595 0.38812509 0.26281006
v -0.44410725 0.40551038 0.26281006
v -0.44022496 0.38700059 0.26281006
v -0.44022496 0.40499928 0.26281006
v -0.43634266 0.40551038 0.26281006
v -0.43168385 0.38812509 0.26281006
v -0.43272496 0.40700898 0.26281006
v -0.42372498 0.39142179 0.26281006
v -0.42961838 0.40939267 0.26281006
v -0.41689038 0.39666608 0.26281006
v -0.42723458 0.41249928 0.26281006
v -0.41164609 0.40350068 0.26281006
v -0.42573605 0.41611695 0.26281006
v -0.40834939 0.41145959 0.26281006
v -0.42522496 0.41999928 0.26281006
v -0.40722497 0.42000066 0.26281006
v -0.40834939 0.42854169 0.26281006
v -0.42573605 0.42388158 0.26281006
v -0.41164609 0.43650067 0.26281006
v -0.42723458 0.42749928 0.26281007
v -0.41689038 0.44333516 0.26281007
v -0.42961838 0.43060597 0.26281007
v -0.43272496 0.43298966 0.26281007
v -0.43634266 0.43448815 0.26281007
v -0.44324967 0.46969437 0.26281007
v -0.44022496 0.43499928 0.26281007
v -0.45738358 0.46074498 0.26281007
v -0.44410725 0.43448815 0.26281007
v -0.44772496 0.43298966 0.26281007
v -0.47004036 0.44980588 0.26281007
v -0.45083157 0.43060597 0.26281007
v -0.45321538 0.42749928 0.26281007
v -0.48094227 0.43711697 0.26281007
v -0.45471386 0.42388158 0.26281007
v -0.45522496 0.41999928 0.26281007
v -0.48985005 0.42295678 0.26281007
v -0.50299996 -0.41006883 0.28881001
v -0.50299996 -0.41006883 0.23879552
v -0.50216267 -0.42379522 0.28881001
v -0.50185048 -0.42614060 0.23879552
v -0.49966316 -0.43731790 0.28881001
v -0.49842545 -0.44188519 0.23879551
v -0.49553868 -0.45043672 0.28881001
v -0.49279458 -0.45698212 0.23879551
v -0.48985005 -0.46295682 0.28881001
v -0.48985005 -0.46295682 0.26281000
v -0.48507256 -0.47112401 0.23879551
v -0.48094227 -0.47711701 0.26281000
v -0.47541646 -0.48402303 0.23879551
v -0.47004036 -0.48980592 0.26281000
v -0.46402299 -0.49541650 0.23879551
v -0.45738358 -0.50074502 0.26281000
v -0.45112397 -0.50507252 0.23879551
v -0.44324967 -0.50969441 0.26281000
v -0.43698209 -0.51279462 0.23879550
v -0.44324967 -0.50969442 0.28881000
v -0.43066887 -0.51544950 0.28881000
v -0.42188515 -0.51842549 0.23879550
v -0.41747887 -0.51962312 0.28881000
v -0.40614056 -0.52185052 0.23879550
v -0.40387745 -0.52215261 0.28880999
v -0.39006879 -0.52300000 0.23879550
v -0.39006878 -0.52300000 0.28880999
v -0.44324967 0.46969437 0.26281007
v -0.41689038 0.44333516 0.26281007
v -0.44324967 0.46969437 0.28881007
v -0.41689038 0.44333516 0.28881007
v 0.39006883 0.48299996 0.28881000
v 0.39006883 0.48299996 0.23879551
v -0.39006878 0.48299996 0.28881007
v -0.39006879 0.48299996 0.23879557
v 0.39006883 -0.52300000 0.28880993
v 0.39006883 -0.52300000 0.23879543
v 0.40379492 -0.52216271 0.28880992
v 0.40614061 -0.52185052 0.23879543
v 0.41731752 -0.51966333 0.28880992
v 0.42188520 -0.51842549 0.23879543
v 0.43043592 -0.51553891 0.28880992
v 0.43698213 -0.51279462 0.23879543
v 0.44295591 -0.50985063 0.28880992
v 0.44295591 -0.50985062 0.26280992
v 0.45112401 -0.50507252 0.23879543
v 0.45711622 -0.50094293 0.26280992
v 0.46402303 -0.49541650 0.23879543
v 0.46980512 -0.49004109 0.26280992
v 0.47541650 -0.48402303 0.23879543
v 0.48074441 -0.47738442 0.26280992
v 0.48507253 -0.47112401 0.23879543
v 0.48969392 -0.46325051 0.26280992
v 0.49279462 -0.45698212 0.23879543
v 0.48969392 -0.46325051 0.28880992
v 0.49544923 -0.45066961 0.28880992
v 0.49842549 -0.44188519 0.23879543
v 0.49962301 -0.43747930 0.28880992
v 0.50185052 -0.42614060 0.23879543
v 0.50215250 -0.42387773 0.28880992
v 0.50300000 -0.41006883 0.23879543
v 0.50300001 -0.41006883 0.28880992
v 0.45711622 -0.50094293 0.26280992
v 0.43977502 -0.47500062 0.26280992
v 0.44295591 -0.50985062 0.26280992
v 0.43589273 -0.47448953 0.26280992
v 0.41644052 -0.48333520 0.26280992
v 0.43227502 -0.47299100 0.26280992
v 0.42916841 -0.47060719 0.26280992
v 0.46980512 -0.49004109 0.26280992
v 0.44727502 -0.47299100 0.26280992
v 0.44365732 -0.47448953 0.26280992
v 0.48074441 -0.47738442 0.26280992
v 0.45276540 -0.46750062 0.26280992
v 0.45038160 -0.47060719 0.26280992
v 0.48969392 -0.46325051 0.26280992
v 0.45477502 -0.46000062 0.26280992
v 0.45426393 -0.46388291 0.26280992
v 0.45426393 -0.45611833 0.26280992
v 0.46310952 -0.43666612 0.26280992
v 0.45276540 -0.45250062 0.26280992
v 0.45038160 -0.44939401 0.26280992
v 0.44727502 -0.44701032 0.26280992
v 0.45627500 -0.43142182 0.26280992
v 0.44365732 -0.44551183 0.26280992
v 0.44831601 -0.42812512 0.26280992
v 0.43977502 -0.44500062 0.26280992
v 0.43977502 -0.42700063 0.26280992
v 0.43123403 -0.42812512 0.26280993
v 0.43589273 -0.44551183 0.26280992
v 0.42327501 -0.43142182 0.26280993
v 0.43227502 -0.44701032 0.26280992
v 0.41644052 -0.43666612 0.26280993
v 0.42916841 -0.44939401 0.26280992
v 0.41119623 -0.44350061 0.26280993
v 0.42678461 -0.45250062 0.26280992
v 0.40789941 -0.45145963 0.26280993
v 0.42528612 -0.45611833 0.26280992
v 0.40677503 -0.46000062 0.26280993
v 0.42477502 -0.46000062 0.26280992
v 0.42528612 -0.46388291 0.26280992
v 0.40789941 -0.46854173 0.26280992
v 0.42678461 -0.46750062 0.26280992
v 0.41119623 -0.47650071 0.26280992
v 0.50300001 0.37006879 0.28880998
v 0.50300000 0.37006879 0.23879549
v 0.50215250 0.38387769 0.28880998
v 0.50185052 0.38614057 0.23879549
v 0.49962301 0.39747937 0.28880999
v 0.49842549 0.40188516 0.23879549
v 0.49544923 0.41066956 0.28880999
v 0.49279462 0.41698209 0.23879549
v 0.48969392 0.42325047 0.28880999
v 0.48969392 0.42325047 0.26280998
v 0.48507253 0.43112397 0.23879549
v 0.48074441 0.43738439 0.26280999
v 0.47541650 0.44402299 0.23879550
v 0.46980512 0.45004105 0.26280999
v 0.46402303 0.45541646 0.23879550
v 0.45711622 0.46094289 0.26280999
v 0.45112401 0.46507257 0.23879550
v 0.44295591 0.46985059 0.26280999
v 0.43698213 0.47279458 0.23879550
v 0.44295591 0.46985058 0.28881000
v 0.43043592 0.47553887 0.28881000
v 0.42188520 0.47842545 0.23879550
v 0.41731752 0.47966328 0.28881000
v 0.40614061 0.48185048 0.23879550
v 0.40379492 0.48216267 0.28881000
v 0.39006883 0.48299996 0.23879551
v 0.39006883 0.48299996 0.28881000
v -0.39006878 0.48299996 0.28881007
v -0.39006879 0.48299996 0.23879557
v -0.40387745 0.48215256 0.28881007
v -0.40614056 0.48185048 0.23879558
v -0.41747887 0.47962308 0.28881007
v -0.42188515 0.47842545 0.23879558
v -0.43066887 0.47544945 0.28881007
v -0.43698209 0.47279458 0.23879558
v -0.44324967 0.46969437 0.28881007
v -0.44324967 0.46969437 0.26281007
v -0.45112397 0.46507257 0.23879558
v -0.45738358 0.46074498 0.26281007
v -0.46402299 0.45541646 0.23879558
v -0.47004036 0.44980588 0.26281007
v -0.47541646 0.44402299 0.23879558
v -0.48094227 0.43711697 0.26281007
v -0.48507256 0.43112397 0.23879558
v -0.48985005 0.42295678 0.26281007
v -0.49279458 0.41698209 0.23879558
v -0.48985005 0.42295678 0.28881007
v -0.49553868 0.41043668 0.28881007
v -0.49842545 0.40188516 0.23879558
v -0.49966316 0.39731797 0.28881007
v -0.50185048 0.38614057 0.23879558
v -0.50216267 0.38379517 0.28881007
v -0.50299996 0.37006879 0.23879558
v -0.50299996 0.37006879 0.28881007
v -0.48094227 -0.47711701 0.26281000
v -0.45522496 -0.46000062 0.26281000
v -0.48985005 -0.46295682 0.26281000
v -0.45471375 -0.45611833 0.26281000
v -0.46355946 -0.43666612 0.26281000
v -0.45321538 -0.45250062 0.26281000
v -0.45083157 -0.44939412 0.26281000
v -0.47004036 -0.48980592 0.26281000
v -0.45321538 -0.46750062 0.26281000
v -0.45471375 -0.46388291 0.26281000
v -0.45738358 -0.50074502 0.26281000
v -0.44772496 -0.47299100 0.26281000
v -0.45083157 -0.47060719 0.26281000
v -0.44324967 -0.50969441 0.26281000
v -0.44022496 -0.47500062 0.26281000
v -0.44410725 -0.47448953 0.26281000
v -0.43634266 -0.47448953 0.26281000
v -0.41689038 -0.48333520 0.26281000
v -0.43272496 -0.47299100 0.26281000
v -0.42961838 -0.47060719 0.26281000
v -0.42723458 -0.46750062 0.26281000
v -0.41164609 -0.47650071 0.26281000
v -0.42573605 -0.46388291 0.26281000
v -0.40834939 -0.46854173 0.26281000
v -0.42522496 -0.46000062 0.26281000
v -0.40722497 -0.46000062 0.26281000
v -0.40834939 -0.45145963 0.26281000
v -0.42573605 -0.45611833 0.26281000
v -0.41164609 -0.44350072 0.26281000
v -0.42723458 -0.45250062 0.26281000
v -0.41689038 -0.43666612 0.26281000
v -0.42961838 -0.44939412 0.26281000
v -0.42372498 -0.43142182 0.26281000
v -0.43272496 -0.44701032 0.26281000
v -0.43168385 -0.42812512 0.26281000
v -0.43634266 -0.44551183 0.26281000
v -0.44022496 -0.42700063 0.26281000
v -0.44022496 -0.44500062 0.26281000
v -0.44410725 -0.44551183 0.26281000
v -0.44876595 -0.42812512 0.26281000
v -0.44772496 -0.44701032 0.26281000
v -0.45672497 -0.43142182 0.26281000
v 0.48074441 0.43738439 0.26280999
v 0.45477502 0.41999928 0.26280999
v 0.48969392 0.42325047 0.26280998
v 0.45426393 0.41611695 0.26280999
v 0.46310952 0.39666608 0.26280998
v 0.45276540 0.41249928 0.26280999
v 0.45038160 0.40939267 0.26280999
v 0.46980512 0.45004105 0.26280999
v 0.45276540 0.42749928 0.26280999
v 0.45426393 0.42388158 0.26280999
v 0.45711622 0.46094289 0.26280999
v 0.44727502 0.43298966 0.26280999
v 0.45038160 0.43060597 0.26280999
v 0.44295591 0.46985059 0.26280999
v 0.43977502 0.43499928 0.26280999
v 0.44365732 0.43448815 0.26280999
v 0.43589273 0.43448815 0.26280999
v 0.41644052 0.44333516 0.26280999
v 0.43227502 0.43298966 0.26280999
v 0.42916841 0.43060597 0.26280999
v 0.41119623 0.43650067 0.26280999
v 0.42678461 0.42749928 0.26280999
v 0.40789941 0.42854169 0.26280999
v 0.42528612 0.42388158 0.26280999
v 0.40677503 0.42000066 0.26280999
v 0.42477502 0.41999928 0.26280999
v 0.42528612 0.41611695 0.26280999
v 0.40789941 0.41145959 0.26280999
v 0.42678461 0.41249928 0.26280999
v 0.41119623 0.40350068 0.26280999
v 0.42916841 0.40939267 0.26280999
v 0.41644052 0.39666608 0.26280999
v 0.43227502 0.40700898 0.26280999
v 0.42327501 0.39142179 0.26280999
v 0.43589273 0.40551038 0.26280999
v 0.43123403 0.38812509 0.26280999
v 0.43977502 0.40499928 0.26280999
v 0.43977502 0.38700059 0.26280999
v 0.44831601 0.38812509 0.26280999
v 0.44365732 0.40551038 0.26280999
v 0.45627500 0.39142179 0.26280999
v 0.44727502 0.40700898 0.26280999
v -0.39006879 -0.52300000 0.23879550
v 0.39006883 -0.52300000 0.23879543
v -0.39006878 -0.52300000 0.28880999
v 0.39006883 -0.52300000 0.28880993
v -0.48985005 -0.46295682 0.26281000
v -0.46355946 -0.43666612 0.26281000
v -0.48985005 -0.46295682 0.28881001
v -0.46355946 -0.43666612 0.28881001
v 0.46310953 -0.43666612 0.28880993
v 0.45627500 -0.43142183 0.28880993
v 0.46310952 -0.43666612 0.26280992
v 0.45627500 -0.43142182 0.26280992
v 0.44831602 -0.42812513 0.28880993
v 0.44831601 -0.42812512 0.26280992
v 0.43977502 -0.42700063 0.28880993
v 0.43977502 -0.42700063 0.26280992
v 0.43123403 -0.42812513 0.28880993
v 0.43123403 -0.42812512 0.26280993
v 0.42327501 -0.43142183 0.28880993
v 0.42327501 -0.43142182 0.26280993
v 0.41644052 -0.43666612 0.28880993
v 0.41644052 -0.43666612 0.26280993
v 0.41119623 -0.44350061 0.28880993
v 0.41119623 -0.44350061 0.26280993
v 0.40789941 -0.45145963 0.28880993
v 0.40789941 -0.45145963 0.26280993
v 0.40677503 -0.46000062 0.28880993
v 0.40677503 -0.46000062 0.26280993
v 0.40789941 -0.46854173 0.28880993
v 0.40789941 -0.46854173 0.26280992
v 0.41119623 -0.47650071 0.28880993
v 0.41119623 -0.47650071 0.26280992
v 0.41644052 -0.48333520 0.28880993
v 0.41644052 -0.48333520 0.26280992
v 0.44295591 0.46985058 0.28881000
v 0.41644052 0.44333516 0.28881000
v 0.44295591 0.46985059 0.26280999
v 0.41644052 0.44333516 0.26280999
v -0.41689038 -0.48333520 0.28881000
v -0.41164608 -0.47650071 0.28881000
v -0.41689038 -0.48333520 0.26281000
v -0.41164609 -0.47650071 0.26281000
v -0.40834938 -0.46854173 0.28881000
v -0.40834939 -0.46854173 0.26281000
v -0.40834939 -0.46854173 0.26281000
v -0.40834938 -0.46854173 0.28881000
v -0.40722496 -0.46000062 0.28881000
v -0.40722497 -0.46000062 0.26281000
v -0.40834938 -0.45145963 0.28881000
v -0.40834939 -0.45145963 0.26281000
v -0.41164608 -0.44350072 0.28881000
v -0.41164609 -0.44350072 0.26281000
v -0.41689038 -0.43666612 0.28881000
v -0.41689038 -0.43666612 0.26281000
v -0.42372498 -0.43142183 0.28881000
v -0.42372498 -0.43142182 0.26281000
v -0.43168385 -0.42812513 0.28881000
v -0.43168385 -0.42812512 0.26281000
v -0.44022496 -0.42700063 0.28881000
v -0.44022496 -0.42700063 0.26281000
v -0.44876595 -0.42812513 0.28881001
v -0.44876595 -0.42812512 0.26281000
v -0.45672497 -0.43142183 0.28881001
v -0.45672497 -0.43142182 0.26281000
v -0.46355946 -0.43666612 0.28881001
v -0.46355946 -0.43666612 0.26281000
v -0.49799996 0.37006879 0.23379558
v -0.49799996 -0.41006883 0.23379552
v -0.50299996 0.37006879 0.23879558
v -0.50299996 -0.41006883 0.23879552
v -0.50299996 -0.41006883 0.23879552
v -0.49799996 -0.41006883 0.23379552
v -0.50185048 -0.42614060 0.23879552
v -0.49667119 -0.42695302 0.23379552
v -0.49842545 -0.44188519 0.23879551
v -0.49271748 -0.44342141 0.23379551
v -0.49279458 -0.45698212 0.23879551
v -0.48623616 -0.45906861 0.23379551
v -0.48507256 -0.47112401 0.23879551
v -0.47738698 -0.47350922 0.23379551
v -0.47541646 -0.48402303 0.23879551
v -0.46638768 -0.48638772 0.23379551
v -0.46402299 -0.49541650 0.23879551
v -0.45350919 -0.49738702 0.23379551
v -0.45112397 -0.50507252 0.23879551
v -0.43906857 -0.50623620 0.23379550
v -0.43698209 -0.51279462 0.23879550
v -0.42342137 -0.51271752 0.23379550
v -0.42188515 -0.51842549 0.23879550
v -0.40695298 -0.51667122 0.23379550
v -0.40614056 -0.52185052 0.23879550
v -0.39006879 -0.51800000 0.23379550
v -0.39006879 -0.52300000 0.23879550
v -0.39006879 -0.51800000 0.23379550
v 0.39006883 -0.51800000 0.23379543
v -0.39006879 -0.52300000 0.23879550
v 0.39006883 -0.52300000 0.23879543
v 0.39006883 -0.52300000 0.23879543
v 0.39006883 -0.51800000 0.23379543
v 0.40614061 -0.52185052 0.23879543
v 0.40695302 -0.51667122 0.23379543
v 0.42188520 -0.51842549 0.23879543
v 0.42342141 -0.51271752 0.23379543
v 0.43698213 -0.51279462 0.23879543
v 0.43906861 -0.50623620 0.23379543
v 0.45112401 -0.50507252 0.23879543
v 0.45350923 -0.49738702 0.23379543
v 0.46402303 -0.49541650 0.23879543
v 0.46638772 -0.48638772 0.23379543
v 0.47541650 -0.48402303 0.23879543
v 0.47738702 -0.47350922 0.23379543
v 0.48507253 -0.47112401 0.23879543
v 0.48623620 -0.45906861 0.23379543
v 0.49279462 -0.45698212 0.23879543
v 0.49271752 -0.44342141 0.23379543
v 0.49842549 -0.44188519 0.23879543
v 0.49667123 -0.42695302 0.23379543
v 0.50185052 -0.42614060 0.23879543
v 0.49800000 -0.41006883 0.23379543
v 0.50300000 -0.41006883 0.23879543
v 0.49800000 -0.41006883 0.23379543
v 0.49800000 0.37006879 0.23379549
v 0.50300000 -0.41006883 0.23879543
v 0.50300000 0.37006879 0.23879549
v 0.50300000 0.37006879 0.23879549
v 0.49800000 0.37006879 0.23379549
v 0.50185052 0.38614057 0.23879549
v 0.49667123 0.38695298 0.23379549
v 0.49842549 0.40188516 0.23879549
v 0.49271752 0.40342138 0.23379549
v 0.49279462 0.41698209 0.23879549
v 0.48623620 0.41906858 0.23379549
v 0.48507253 0.43112397 0.23879549
v 0.47738702 0.43350919 0.23379550
v 0.47541650 0.44402299 0.23879550
v 0.46638772 0.44638768 0.23379550
v 0.46402303 0.45541646 0.23879550
v 0.45350923 0.45738698 0.23379550
v 0.45112401 0.46507257 0.23879550
v 0.43906861 0.46623616 0.23379550
v 0.43698213 0.47279458 0.23879550
v 0.42342141 0.47271749 0.23379550
v 0.42188520 0.47842545 0.23879550
v 0.40695302 0.47667119 0.23379550
v 0.40614061 0.48185048 0.23879550
v 0.39006883 0.47799996 0.23379551
v 0.39006883 0.48299996 0.23879551
v 0.39006883 0.47799996 0.23379551
v -0.39006879 0.47799996 0.23379557
v 0.39006883 0.48299996 0.23879551
v -0.39006879 0.48299996 0.23879557
v -0.39006879 0.48299996 0.23879557
v -0.39006879 0.47799996 0.23379557
v -0.40614056 0.48185048 0.23879558
v -0.40695298 0.47667119 0.23379558
v -0.42188515 0.47842545 0.23879558
v -0.42342137 0.47271749 0.23379558
v -0.43698209 0.47279458 0.23879558
v -0.43906857 0.46623616 0.23379558
v -0.45112397 0.46507257 0.23879558
v -0.45350919 0.45738698 0.23379558
v -0.46402299 0.45541646 0.23879558
v -0.46638768 0.44638768 0.23379558
v -0.47541646 0.44402299 0.23879558
v -0.47738698 0.43350919 0.23379558
v -0.48507256 0.43112397 0.23879558
v -0.48623616 0.41906858 0.23379558
v -0.49279458 0.41698209 0.23879558
v -0.49271748 0.40342138 0.23379558
v -0.49842545 0.40188516 0.23879558
v -0.49667119 0.38695298 0.23379558
v -0.50185048 0.38614057 0.23879558
v -0.49799996 0.37006879 0.23379558
v -0.50299996 0.37006879 0.23879558
v -0.50299996 0.37006879 0.28881007
v -0.50299996 0.37006879 0.23879558
v -0.50299996 -0.41006883 0.28881001
v -0.50299996 -0.41006883 0.23879552
v 0.39006883 -0.52300000 0.28880993
v 0.40789941 -0.45145963 0.28880993
v -0.39006878 -0.52300000 0.28880999
v -0.40834938 -0.45145963 0.28881000
v -0.40722496 -0.46000062 0.28881000
v 0.40379492 -0.52216271 0.28880992
v 0.41644052 -0.48333520 0.28880993
v 0.41119623 -0.47650071 0.28880993
v 0.40789941 -0.46854173 0.28880993
v 0.41731752 -0.51966333 0.28880992
v 0.43043592 -0.51553891 0.28880992
v 0.44295591 -0.50985063 0.28880992
v 0.40677503 -0.46000062 0.28880993
v 0.41119623 -0.44350061 0.28880993
v -0.41164608 -0.44350072 0.28881000
v -0.00013188 0.31175418 0.28881002
v -0.02461188 0.31175418 0.28881002
v -0.00247188 0.31219527 0.28881002
v -0.00445188 0.31263648 0.28881002
v 0.41644052 -0.43666612 0.28880993
v 0.04594811 0.31175418 0.28881002
v 0.03082811 0.31175418 0.28881002
v 0.01750811 0.31175418 0.28881002
v 0.02974811 0.31219527 0.28881002
v 0.01930812 0.31263648 0.28881002
v 0.02902811 0.31263648 0.28881002
v 0.02848811 0.31373937 0.28881002
v 0.04990811 0.31241588 0.28881002
v 0.42327501 -0.43142183 0.28880993
v 0.43123403 -0.42812513 0.28880993
v 0.43977502 -0.42700063 0.28880993
v 0.50300001 -0.41006883 0.28880992
v 0.50300001 0.37006879 0.28880998
v 0.43123403 0.38812508 0.28880999
v 0.43977502 0.38700059 0.28880999
v 0.44831602 0.38812508 0.28880999
v 0.45627500 0.39142178 0.28880999
v 0.46310953 0.39666608 0.28880999
v 0.50215250 0.38387769 0.28880998
v 0.49962301 0.39747937 0.28880999
v 0.44831602 -0.42812513 0.28880993
v 0.45627500 -0.43142183 0.28880993
v 0.46310953 -0.43666612 0.28880993
v 0.48969392 -0.46325051 0.28880992
v 0.49544923 -0.45066961 0.28880992
v 0.49962301 -0.43747930 0.28880992
v 0.50215250 -0.42387773 0.28880992
v 0.49544923 0.41066956 0.28880999
v 0.48969392 0.42325047 0.28880999
v 0.42327501 0.39142178 0.28880999
v 0.05098811 0.31329827 0.28881002
v 0.41644052 0.39666608 0.28880999
v 0.05134811 0.31484237 0.28881002
v 0.41119623 0.40350068 0.28880999
v 0.40789941 0.41145959 0.28880999
v 0.40677503 0.42000066 0.28880999
v 0.04954812 0.33557767 0.28881002
v 0.04972811 0.33469525 0.28881002
v 0.05116811 0.31550418 0.28881002
v 0.04936811 0.33359239 0.28881002
v 0.05080812 0.31616588 0.28881002
v 0.04882812 0.33293057 0.28881002
v 0.05026812 0.31660706 0.28881002
v 0.04972811 0.31682767 0.28881002
v 0.04774811 0.33248937 0.28881002
v 0.04558811 0.31748937 0.28881002
v 0.04558811 0.33248937 0.28881002
v 0.39006883 0.48299996 0.28881000
v 0.40789941 0.42854169 0.28881000
v 0.41119623 0.43650067 0.28881000
v 0.41644052 0.44333516 0.28881000
v 0.40379492 0.48216267 0.28881000
v 0.41731752 0.47966328 0.28881000
v 0.43043592 0.47553887 0.28881000
v 0.44295591 0.46985058 0.28881000
v -0.39006878 0.48299996 0.28881007
v 0.00000002 0.46499997 0.28881003
v 0.00129412 0.46482957 0.28881003
v 0.00250002 0.46433007 0.28881003
v -0.40387745 0.48215256 0.28881007
v -0.41689038 0.44333516 0.28881007
v -0.41164608 0.43650067 0.28881007
v -0.40834938 0.42854169 0.28881007
v -0.41747887 0.47962308 0.28881007
v -0.43066887 0.47544945 0.28881007
v -0.44324967 0.46969437 0.28881007
v -0.40722496 0.42000066 0.28881007
v -0.05107188 0.34462178 0.28881003
v -0.05071188 0.34550408 0.28881003
v -0.40834938 0.41145959 0.28881007
v -0.05125189 0.34351888 0.28881003
v -0.41164608 0.40350068 0.28881007
v -0.05125189 0.31594527 0.28881003
v -0.05107188 0.31395997 0.28881003
v -0.41689038 0.39666608 0.28881007
v -0.05053189 0.31263648 0.28881003
v -0.42372498 0.39142178 0.28881007
v -0.43168385 0.38812508 0.28881007
v -0.44022496 0.38700059 0.28881007
v -0.50299996 0.37006879 0.28881007
v -0.50299996 -0.41006883 0.28881001
v -0.43168385 -0.42812513 0.28881000
v -0.44022496 -0.42700063 0.28881000
v -0.44876595 -0.42812513 0.28881001
v -0.45672497 -0.43142183 0.28881001
v -0.46355946 -0.43666612 0.28881001
v -0.50216267 -0.42379522 0.28881001
v -0.49966316 -0.43731790 0.28881001
v -0.44876595 0.38812508 0.28881007
v -0.45672497 0.39142178 0.28881007
v -0.46355946 0.39666608 0.28881007
v -0.48985005 0.42295678 0.28881007
v -0.49553868 0.41043668 0.28881007
v -0.49966316 0.39731797 0.28881007
v -0.50216267 0.38379517 0.28881007
v -0.49553868 -0.45043672 0.28881001
v -0.48985005 -0.46295682 0.28881001
v -0.42372498 -0.43142183 0.28881000
v -0.04981189 0.31219527 0.28881003
v -0.04855189 0.31175418 0.28881003
v -0.41689038 -0.43666612 0.28881000
v -0.40834938 -0.46854173 0.28881000
v -0.41164608 -0.47650071 0.28881000
v -0.41689038 -0.48333520 0.28881000
v -0.44324967 -0.50969442 0.28881000
v -0.43066887 -0.51544950 0.28881000
v -0.41747887 -0.51962312 0.28881000
v -0.40387745 -0.52215261 0.28880999
v -0.00999998 0.41999997 0.28881003
v -0.02020724 0.41999997 0.28881003
v -0.00999998 0.36499997 0.28881003
v -0.02150133 0.42017037 0.28881003
v -0.02270724 0.42066987 0.28881003
v -0.04783189 0.34660706 0.28881003
v -0.02374277 0.42146447 0.28881003
v -0.04909188 0.34638646 0.28881003
v -0.04999188 0.34616586 0.28881003
v -0.02453736 0.42249997 0.28881003
v -0.02503686 0.42370587 0.28881003
v -0.02520724 0.42499997 0.28881003
v -0.02503686 0.42629407 0.28881003
v -0.02453736 0.42749997 0.28881003
v -0.00433010 0.46249997 0.28881003
v -0.00353551 0.46353547 0.28881003
v -0.00249998 0.46433007 0.28881003
v -0.00129407 0.46482957 0.28881003
v 0.00353556 0.46353547 0.28881003
v 0.00433015 0.46249997 0.28881003
v 0.02453740 0.42749997 0.28881003
v 0.02503691 0.42629407 0.28881003
v 0.02520727 0.42499997 0.28881003
v 0.04540812 0.34373937 0.28881002
v 0.04468812 0.34506299 0.28881002
v 0.02503691 0.42370587 0.28881003
v 0.02453740 0.42249997 0.28881003
v 0.02374281 0.42146447 0.28881003
v 0.04288811 0.34616586 0.28881002
v 0.04378811 0.34572469 0.28881002
v 0.02270727 0.42066987 0.28881003
v 0.01000001 0.36499997 0.28881003
v 0.04216811 0.34594525 0.28881002
v 0.04162811 0.34572469 0.28881002
v 0.00982965 0.36370587 0.28881003
v 0.04072812 0.34462178 0.28881002
v 0.00933015 0.36249997 0.28881003
v 0.02650812 0.33756299 0.28881002
v 0.02434811 0.33712178 0.28881002
v 0.01732811 0.33756299 0.28881002
v 0.01858811 0.33712178 0.28881002
v 0.01786811 0.33734239 0.28881002
v 0.02150138 0.42017037 0.28881003
v 0.02020727 0.41999997 0.28881003
v 0.01000001 0.41999997 0.28881003
v 0.00853556 0.36146447 0.28881003
v 0.00750001 0.36066987 0.28881003
v 0.01624812 0.33712178 0.28881002
v 0.00629412 0.36017037 0.28881003
v 0.00400812 0.33645997 0.28881002
v 0.00500002 0.35999997 0.28881003
v 0.00202812 0.33712178 0.28881002
v -0.00013188 0.33756299 0.28881002
v -0.00499998 0.35999997 0.28881003
v -0.00247188 0.33712178 0.28881002
v -0.00629407 0.36017037 0.28881003
v -0.00445188 0.33645997 0.28881002
v -0.01453188 0.33645997 0.28881003
v -0.00625188 0.33535706 0.28881002
v -0.01345188 0.33513646 0.28881003
v -0.00769188 0.33381299 0.28881002
v -0.01291188 0.33381299 0.28881003
v -0.00895188 0.33204827 0.28881002
v -0.01309188 0.33270997 0.28881002
v -0.00967188 0.32984239 0.28881002
v -0.01363188 0.33182767 0.28881002
v -0.01435188 0.33116586 0.28881002
v -0.01615188 0.33712178 0.28881003
v -0.00749998 0.36066987 0.28881003
v -0.01759188 0.33756299 0.28881003
v -0.00853551 0.36146447 0.28881003
v -0.03217188 0.34484239 0.28881003
v -0.03271188 0.34572469 0.28881003
v -0.00933010 0.36249997 0.28881003
v -0.00982960 0.36370587 0.28881003
v -0.03361188 0.34638646 0.28881003
v -0.03469188 0.34660706 0.28881003
v -0.02461188 0.33756299 0.28881003
v -0.01921188 0.33712178 0.28881003
v -0.02353188 0.33712178 0.28881003
v -0.02029188 0.33645997 0.28881003
v -0.02281189 0.33645997 0.28881003
v -0.02119188 0.33513646 0.28881003
v -0.02245189 0.33513646 0.28881003
v -0.02209189 0.33337178 0.28881003
v -0.01561188 0.33116586 0.28881003
v -0.01039188 0.32454827 0.28881002
v -0.01021188 0.32719525 0.28881002
v -0.01633188 0.33160706 0.28881003
v -0.02137188 0.32895997 0.28881003
v -0.02173188 0.32741586 0.28881003
v -0.02191188 0.32565118 0.28881003
v -0.01741188 0.33182767 0.28881003
v -0.02083188 0.33028348 0.28881003
v -0.02011188 0.33116586 0.28881003
v -0.01831188 0.33204827 0.28881003
v -0.01939188 0.33182767 0.28881003
v -0.02191188 0.31550418 0.28881002
v -0.01039188 0.32168057 0.28881002
v -0.02227188 0.31373937 0.28881002
v -0.00895188 0.31704827 0.28881002
v -0.00985188 0.31925418 0.28881002
v -0.00769188 0.31528357 0.28881002
v -0.02281189 0.31263648 0.28881002
v -0.00625188 0.31373937 0.28881002
v -0.02569188 0.31219527 0.28881002
v -0.04747188 0.31219527 0.28881003
v -0.04657188 0.31263648 0.28881003
v -0.02641188 0.31263648 0.28881002
v -0.02695188 0.31373937 0.28881002
v -0.02713188 0.31550418 0.28881002
v -0.04567188 0.31594527 0.28881003
v -0.04603188 0.31395997 0.28881003
v -0.02713188 0.33315118 0.28881003
v -0.03415188 0.32873937 0.28881003
v -0.03469188 0.32807767 0.28881003
v -0.03541188 0.32741586 0.28881003
v -0.02659188 0.33645997 0.28881003
v -0.03469188 0.33160706 0.28881003
v -0.03415188 0.33072469 0.28881003
v -0.03397188 0.32984239 0.28881003
v -0.03217188 0.34263646 0.28881003
v -0.03271188 0.34197469 0.28881003
v -0.03361188 0.34131299 0.28881003
v 0.00580812 0.33535706 0.28881002
v 0.01552811 0.33645997 0.28881002
v 0.00742812 0.33381299 0.28881002
v 0.01498811 0.33535706 0.28881002
v 0.00868811 0.33182767 0.28881002
v 0.00958812 0.32962178 0.28881002
v 0.01012812 0.32719525 0.28881002
v 0.01030812 0.32454827 0.28881002
v 0.01498811 0.31550418 0.28881002
v 0.00994811 0.32168057 0.28881002
v 0.00940812 0.31925418 0.28881002
v 0.00850811 0.31682767 0.28881002
v 0.01516811 0.31373937 0.28881002
v 0.00724811 0.31506297 0.28881002
v 0.01570811 0.31263648 0.28881002
v 0.00580812 0.31351888 0.28881002
v 0.00400812 0.31263648 0.28881002
v 0.00202812 0.31219527 0.28881002
v 0.01642812 0.31219527 0.28881002
v 0.02830812 0.31550418 0.28881002
v 0.02020811 0.31550418 0.28881002
v 0.01984812 0.31373937 0.28881002
v 0.02830812 0.32609239 0.28881002
v 0.02020811 0.32675408 0.28881002
v 0.02056811 0.32873937 0.28881002
v 0.02812811 0.32873937 0.28881002
v 0.02110812 0.33028348 0.28881002
v 0.02218811 0.33160706 0.28881002
v 0.02326811 0.33226888 0.28881002
v 0.02758812 0.33094525 0.28881002
v 0.02470811 0.33270997 0.28881002
v 0.02650812 0.33226888 0.28881002
v 0.02272812 0.33645997 0.28881002
v 0.01894811 0.33645997 0.28881002
v 0.01948812 0.33579827 0.28881002
v 0.02110812 0.33491586 0.28881002
v 0.01984812 0.33403348 0.28881002
v 0.01984812 0.33315118 0.28881002
v 0.04036811 0.34373937 0.28881002
v 0.02848811 0.33712178 0.28881002
v 0.03010811 0.33645997 0.28881002
v 0.03784812 0.33645997 0.28881002
v 0.03154811 0.33513646 0.28881002
v 0.03730811 0.33557767 0.28881002
v 0.03262811 0.33337178 0.28881002
v 0.03730811 0.33359239 0.28881002
v 0.03334812 0.33072469 0.28881002
v 0.03784812 0.33293057 0.28881002
v 0.03334812 0.32918057 0.28881002
v 0.03856811 0.33248937 0.28881002
v 0.03352811 0.32741586 0.28881002
v 0.04036811 0.33248937 0.28881002
v 0.04036811 0.31748937 0.28881002
v 0.03352811 0.31550418 0.28881002
v 0.04072812 0.31550418 0.28881002
v 0.03334812 0.31373937 0.28881002
v 0.04126812 0.31373937 0.28881002
v 0.03280811 0.31263648 0.28881002
v 0.04234811 0.31263648 0.28881002
v 0.03190811 0.31219527 0.28881002
v 0.04828811 0.31219527 0.28881002
v 0.04378811 0.31219527 0.28881002
v 0.03856811 0.33690118 0.28881002
v 0.03964811 0.33712178 0.28881002
v 0.04036811 0.33712178 0.28881002
v 0.04540812 0.34263646 0.28881002
v 0.04900811 0.33645997 0.28881002
v 0.04558811 0.34131299 0.28881002
v 0.04828811 0.33690118 0.28881002
v 0.04738812 0.33712178 0.28881002
v 0.04558811 0.33712178 0.28881002
v 0.04900811 0.31660706 0.28881002
v 0.04594811 0.31704827 0.28881002
v 0.04648811 0.31660706 0.28881002
v -0.03199188 0.34395997 0.28881003
v -0.04567188 0.34131299 0.28881003
v -0.03649188 0.33248937 0.28881003
v -0.03541188 0.33226888 0.28881003
v -0.04567188 0.33248937 0.28881003
v -0.04567188 0.32741586 0.28881003
v 0.00500001 0.35999997 0.28681002
v -0.00999998 0.41999997 0.28681002
v -0.00499998 0.35999997 0.28681002
v -0.00999998 0.36499997 0.28681002
v -0.00629408 0.36017037 0.28681002
v -0.00749998 0.36066987 0.28681002
v -0.00853551 0.36146447 0.28681002
v -0.00933010 0.36249997 0.28681002
v -0.00982960 0.36370587 0.28681002
v 0.01000001 0.36499997 0.28681002
v 0.00629412 0.36017037 0.28681002
v 0.00750001 0.36066987 0.28681002
v 0.00853555 0.36146447 0.28681002
v 0.00933014 0.36249997 0.28681002
v 0.00982964 0.36370587 0.28681002
v 0.01000001 0.41999997 0.28681002
v 0.00433015 0.46249997 0.28681003
v -0.00433010 0.46249997 0.28681003
v 0.00000002 0.46499997 0.28681003
v -0.00129407 0.46482957 0.28681003
v 0.02453740 0.42749997 0.28681002
v 0.02020727 0.41999997 0.28681002
v 0.02150137 0.42017037 0.28681002
v 0.02270727 0.42066987 0.28681002
v 0.02374281 0.42146447 0.28681002
v 0.02453740 0.42249997 0.28681002
v 0.02503691 0.42629407 0.28681002
v 0.02503691 0.42370587 0.28681002
v 0.02520727 0.42499997 0.28681002
v 0.00353555 0.46353547 0.28681003
v 0.00250002 0.46433007 0.28681003
v 0.00129412 0.46482957 0.28681003
v -0.00249999 0.46433007 0.28681003
v -0.00353551 0.46353547 0.28681003
v -0.02453736 0.42749997 0.28681003
v -0.02020724 0.41999997 0.28681002
v -0.02150133 0.42017037 0.28681002
v -0.02270724 0.42066987 0.28681002
v -0.02374277 0.42146447 0.28681003
v -0.02453736 0.42249997 0.28681003
v -0.02503686 0.42370587 0.28681003
v -0.02503686 0.42629407 0.28681003
v -0.02520724 0.42499997 0.28681003
v -0.02020724 0.41999997 0.28881003
v -0.00999998 0.41999997 0.28881003
v -0.02020724 0.41999997 0.28681002
v -0.00999998 0.41999997 0.28681002
v -0.00999998 0.41999997 0.28881003
v -0.00999998 0.36499997 0.28881003
v -0.00999998 0.41999997 0.28681002
v -0.00999998 0.36499997 0.28681002
v -0.00999998 0.36499997 0.28681002
v -0.00982960 0.36370587 0.28681002
v -0.00982960 0.36370587 0.28881003
v -0.00933010 0.36249997 0.28681002
v -0.00933010 0.36249997 0.28881003
v -0.00853551 0.36146447 0.28681002
v -0.00853551 0.36146447 0.28881003
v -0.00749998 0.36066987 0.28681002
v -0.00749998 0.36066987 0.28881003
v -0.00629408 0.36017037 0.28681002
v -0.00629407 0.36017037 0.28881003
v -0.00499998 0.35999997 0.28681002
v -0.00499998 0.35999997 0.28881003
v -0.00499998 0.35999997 0.28881003
v 0.00500002 0.35999997 0.28881003
v -0.00499998 0.35999997 0.28681002
v 0.00500001 0.35999997 0.28681002
v 0.00500001 0.35999997 0.28681002
v 0.00500002 0.35999997 0.28881003
v 0.00629412 0.36017037 0.28681002
v 0.00629412 0.36017037 0.28881003
v 0.00750001 0.36066987 0.28681002
v 0.00750001 0.36066987 0.28881003
v 0.00853555 0.36146447 0.28681002
v 0.00853556 0.36146447 0.28881003
v 0.00933014 0.36249997 0.28681002
v 0.00933015 0.36249997 0.28881003
v 0.00982964 0.36370587 0.28681002
v 0.00982965 0.36370587 0.28881003
v 0.01000001 0.36499997 0.28681002
v 0.01000001 0.36499997 0.28881003
v 0.01000001 0.36499997 0.28881003
v 0.01000001 0.41999997 0.28881003
v 0.01000001 0.36499997 0.28681002
v 0.01000001 0.41999997 0.28681002
v 0.01000001 0.41999997 0.28881003
v 0.02020727 0.41999997 0.28881003
v 0.01000001 0.41999997 0.28681002
v 0.02020727 0.41999997 0.28681002
v 0.02020727 0.41999997 0.28681002
v 0.02020727 0.41999997 0.28881003
v 0.02150137 0.42017037 0.28681002
v 0.02150138 0.42017037 0.28881003
v 0.02270727 0.42066987 0.28681002
v 0.02270727 0.42066987 0.28881003
v 0.02374281 0.42146447 0.28681002
v 0.02374281 0.42146447 0.28881003
v 0.02453740 0.42249997 0.28681002
v 0.02453740 0.42249997 0.28881003
v 0.02503691 0.42370587 0.28681002
v 0.02503691 0.42370587 0.28881003
v 0.02520727 0.42499997 0.28681002
v 0.02520727 0.42499997 0.28881003
v 0.02520727 0.42499997 0.28681002
v 0.02520727 0.42499997 0.28881003
v 0.02503691 0.42629407 0.28681002
v 0.02503691 0.42629407 0.28881003
v 0.02453740 0.42749997 0.28681002
v 0.02453740 0.42749997 0.28881003
v 0.02453740 0.42749997 0.28881003
v 0.00433015 0.46249997 0.28881003
v 0.02453740 0.42749997 0.28681002
v 0.00433015 0.46249997 0.28681003
v 0.00433015 0.46249997 0.28681003
v 0.00433015 0.46249997 0.28881003
v 0.00353555 0.46353547 0.28681003
v 0.00353556 0.46353547 0.28881003
v 0.00250002 0.46433007 0.28681003
v 0.00250002 0.46433007 0.28881003
v 0.00129412 0.46482957 0.28681003
v 0.00129412 0.46482957 0.28881003
v 0.00000002 0.46499997 0.28681003
v 0.00000002 0.46499997 0.28881003
v -0.00129407 0.46482957 0.28681003
v -0.00129407 0.46482957 0.28881003
v -0.00249999 0.46433007 0.28681003
v -0.00249998 0.46433007 0.28881003
v -0.00353551 0.46353547 0.28681003
v -0.00353551 0.46353547 0.28881003
v -0.00433010 0.46249997 0.28681003
v -0.00433010 0.46249997 0.28881003
v -0.00433010 0.46249997 0.28881003
v -0.02453736 0.42749997 0.28881003
v -0.00433010 0.46249997 0.28681003
v -0.02453736 0.42749997 0.28681003
v -0.02453736 0.42749997 0.28681003
v -0.02453736 0.42749997 0.28881003
v -0.02503686 0.42629407 0.28681003
v -0.02503686 0.42629407 0.28881003
v -0.02520724 0.42499997 0.28681003
v -0.02520724 0.42499997 0.28881003
v -0.02520724 0.42499997 0.28681003
v -0.02520724 0.42499997 0.28881003
v -0.02503686 0.42370587 0.28681003
v -0.02503686 0.42370587 0.28881003
v -0.02453736 0.42249997 0.28681003
v -0.02453736 0.42249997 0.28881003
v -0.02374277 0.42146447 0.28681003
v -0.02374277 0.42146447 0.28881003
v -0.02270724 0.42066987 0.28681002
v -0.02270724 0.42066987 0.28881003
v -0.02150133 0.42017037 0.28681002
v -0.02150133 0.42017037 0.28881003
v -0.02020724 0.41999997 0.28681002
v -0.02020724 0.41999997 0.28881003
v -0.02281189 0.31263648 0.28681002
v -0.02227188 0.31373937 0.28681002
v -0.02461188 0.31175418 0.28681002
v -0.02191188 0.31550418 0.28681002
v -0.02569188 0.31219527 0.28681002
v -0.02713188 0.31550418 0.28681002
v -0.02641188 0.31263648 0.28681002
v -0.02695188 0.31373937 0.28681002
v -0.02191188 0.32565118 0.28681002
v -0.02713188 0.33315118 0.28681002
v -0.02173189 0.32741586 0.28681002
v -0.02209189 0.33337178 0.28681002
v -0.02137189 0.32895997 0.28681002
v -0.02083188 0.33028348 0.28681002
v -0.02011188 0.33116586 0.28681002
v -0.02119188 0.33513646 0.28681002
v -0.01939188 0.33182767 0.28681002
v -0.02029188 0.33645997 0.28681002
v -0.01921188 0.33712178 0.28681002
v -0.01831188 0.33204827 0.28681002
v -0.01759188 0.33756299 0.28681002
v -0.01741188 0.33182767 0.28681002
v -0.01615188 0.33712178 0.28681002
v -0.01633188 0.33160706 0.28681002
v -0.01453189 0.33645997 0.28681002
v -0.01561188 0.33116586 0.28681002
v -0.01435188 0.33116586 0.28681002
v -0.01363188 0.33182767 0.28681002
v -0.01345188 0.33513646 0.28681002
v -0.01309188 0.33270997 0.28681002
v -0.01291188 0.33381299 0.28681002
v -0.02245189 0.33513646 0.28681002
v -0.02353188 0.33712178 0.28681002
v -0.02461188 0.33756299 0.28681002
v -0.02281189 0.33645997 0.28681002
v -0.02659188 0.33645997 0.28681002
v -0.01759188 0.33756299 0.28881003
v -0.01921188 0.33712178 0.28881003
v -0.01759188 0.33756299 0.28681002
v -0.01921188 0.33712178 0.28681002
v -0.01921188 0.33712178 0.28881003
v -0.02029188 0.33645997 0.28881003
v -0.01921188 0.33712178 0.28681002
v -0.02029188 0.33645997 0.28681002
v -0.02029188 0.33645997 0.28881003
v -0.02119188 0.33513646 0.28881003
v -0.02029188 0.33645997 0.28681002
v -0.02119188 0.33513646 0.28681002
v -0.02119188 0.33513646 0.28881003
v -0.02209189 0.33337178 0.28881003
v -0.02119188 0.33513646 0.28681002
v -0.02209189 0.33337178 0.28681002
v -0.02209189 0.33337178 0.28881003
v -0.02245189 0.33513646 0.28881003
v -0.02209189 0.33337178 0.28681002
v -0.02245189 0.33513646 0.28681002
v -0.02245189 0.33513646 0.28881003
v -0.02281189 0.33645997 0.28881003
v -0.02245189 0.33513646 0.28681002
v -0.02281189 0.33645997 0.28681002
v -0.02281189 0.33645997 0.28881003
v -0.02353188 0.33712178 0.28881003
v -0.02281189 0.33645997 0.28681002
v -0.02353188 0.33712178 0.28681002
v -0.02353188 0.33712178 0.28881003
v -0.02461188 0.33756299 0.28881003
v -0.02353188 0.33712178 0.28681002
v -0.02461188 0.33756299 0.28681002
v -0.02461188 0.33756299 0.28881003
v -0.02659188 0.33645997 0.28881003
v -0.02461188 0.33756299 0.28681002
v -0.02659188 0.33645997 0.28681002
v -0.02659188 0.33645997 0.28881003
v -0.02713188 0.33315118 0.28881003
v -0.02659188 0.33645997 0.28681002
v -0.02713188 0.33315118 0.28681002
v -0.02713188 0.33315118 0.28881003
v -0.02713188 0.31550418 0.28881002
v -0.02713188 0.33315118 0.28681002
v -0.02713188 0.31550418 0.28681002
v -0.02713188 0.31550418 0.28881002
v -0.02695188 0.31373937 0.28881002
v -0.02713188 0.31550418 0.28681002
v -0.02695188 0.31373937 0.28681002
v -0.02695188 0.31373937 0.28881002
v -0.02641188 0.31263648 0.28881002
v -0.02695188 0.31373937 0.28681002
v -0.02641188 0.31263648 0.28681002
v -0.02641188 0.31263648 0.28881002
v -0.02569188 0.31219527 0.28881002
v -0.02641188 0.31263648 0.28681002
v -0.02569188 0.31219527 0.28681002
v -0.02569188 0.31219527 0.28881002
v -0.02461188 0.31175418 0.28881002
v -0.02569188 0.31219527 0.28681002
v -0.02461188 0.31175418 0.28681002
v -0.02461188 0.31175418 0.28881002
v -0.02281189 0.31263648 0.28881002
v -0.02461188 0.31175418 0.28681002
v -0.02281189 0.31263648 0.28681002
v -0.02281189 0.31263648 0.28881002
v -0.02227188 0.31373937 0.28881002
v -0.02281189 0.31263648 0.28681002
v -0.02227188 0.31373937 0.28681002
v -0.02227188 0.31373937 0.28881002
v -0.02191188 0.31550418 0.28881002
v -0.02227188 0.31373937 0.28681002
v -0.02191188 0.31550418 0.28681002
v -0.02191188 0.31550418 0.28881002
v -0.02191188 0.32565118 0.28881003
v -0.02191188 0.31550418 0.28681002
v -0.02191188 0.32565118 0.28681002
v -0.02191188 0.32565118 0.28881003
v -0.02173188 0.32741586 0.28881003
v -0.02191188 0.32565118 0.28681002
v -0.02173189 0.32741586 0.28681002
v -0.02173188 0.32741586 0.28881003
v -0.02137188 0.32895997 0.28881003
v -0.02173189 0.32741586 0.28681002
v -0.02137189 0.32895997 0.28681002
v -0.02137188 0.32895997 0.28881003
v -0.02083188 0.33028348 0.28881003
v -0.02137189 0.32895997 0.28681002
v -0.02083188 0.33028348 0.28681002
v -0.02083188 0.33028348 0.28881003
v -0.02011188 0.33116586 0.28881003
v -0.02083188 0.33028348 0.28681002
v -0.02011188 0.33116586 0.28681002
v -0.02011188 0.33116586 0.28881003
v -0.01939188 0.33182767 0.28881003
v -0.02011188 0.33116586 0.28681002
v -0.01939188 0.33182767 0.28681002
v -0.01939188 0.33182767 0.28881003
v -0.01831188 0.33204827 0.28881003
v -0.01939188 0.33182767 0.28681002
v -0.01831188 0.33204827 0.28681002
v -0.01831188 0.33204827 0.28881003
v -0.01741188 0.33182767 0.28881003
v -0.01831188 0.33204827 0.28681002
v -0.01741188 0.33182767 0.28681002
v -0.01741188 0.33182767 0.28881003
v -0.01633188 0.33160706 0.28881003
v -0.01741188 0.33182767 0.28681002
v -0.01633188 0.33160706 0.28681002
v -0.01633188 0.33160706 0.28881003
v -0.01561188 0.33116586 0.28881003
v -0.01633188 0.33160706 0.28681002
v -0.01561188 0.33116586 0.28681002
v -0.01561188 0.33116586 0.28881003
v -0.01435188 0.33116586 0.28881002
v -0.01561188 0.33116586 0.28681002
v -0.01435188 0.33116586 0.28681002
v -0.01435188 0.33116586 0.28881002
v -0.01363188 0.33182767 0.28881002
v -0.01435188 0.33116586 0.28681002
v -0.01363188 0.33182767 0.28681002
v -0.01363188 0.33182767 0.28881002
v -0.01309188 0.33270997 0.28881002
v -0.01363188 0.33182767 0.28681002
v -0.01309188 0.33270997 0.28681002
v -0.01309188 0.33270997 0.28881002
v -0.01291188 0.33381299 0.28881003
v -0.01309188 0.33270997 0.28681002
v -0.01291188 0.33381299 0.28681002
v -0.01291188 0.33381299 0.28881003
v -0.01345188 0.33513646 0.28881003
v -0.01291188 0.33381299 0.28681002
v -0.01345188 0.33513646 0.28681002
v -0.01345188 0.33513646 0.28881003
v -0.01453188 0.33645997 0.28881003
v -0.01345188 0.33513646 0.28681002
v -0.01453189 0.33645997 0.28681002
v -0.01453188 0.33645997 0.28881003
v -0.01615188 0.33712178 0.28881003
v -0.01453189 0.33645997 0.28681002
v -0.01615188 0.33712178 0.28681002
v -0.01615188 0.33712178 0.28881003
v -0.01759188 0.33756299 0.28881003
v -0.01615188 0.33712178 0.28681002
v -0.01759188 0.33756299 0.28681002
v -0.00247188 0.31219527 0.28681001
v -0.00013188 0.31175418 0.28681001
v -0.00013188 0.31638648 0.28681002
v 0.00202812 0.31219527 0.28681001
v 0.00184812 0.31682767 0.28681001
v 0.00400811 0.31263648 0.28681001
v 0.00364812 0.31837176 0.28681001
v 0.00580811 0.31351888 0.28681001
v 0.00724811 0.31506297 0.28681001
v 0.00850811 0.31682767 0.28681001
v 0.00472811 0.32101888 0.28681001
v 0.00940811 0.31925418 0.28681001
v 0.00994811 0.32168057 0.28681001
v 0.00508811 0.32454827 0.28681002
v 0.01030812 0.32454827 0.28681001
v 0.01012812 0.32719525 0.28681001
v 0.00472811 0.32807767 0.28681002
v 0.00958812 0.32962178 0.28681002
v 0.00868811 0.33182767 0.28681002
v 0.00364812 0.33072469 0.28681002
v 0.00742811 0.33381299 0.28681002
v 0.00580811 0.33535706 0.28681002
v 0.00400811 0.33645997 0.28681002
v 0.00184812 0.33226888 0.28681002
v 0.00202812 0.33712178 0.28681002
v -0.00013188 0.33293057 0.28681002
v -0.00013188 0.33756299 0.28681002
v -0.00247188 0.33712178 0.28681002
v -0.00175188 0.33248937 0.28681002
v -0.00445188 0.33645997 0.28681002
v -0.00301188 0.33182767 0.28681002
v -0.00625188 0.33535706 0.28681002
v -0.00409188 0.33050408 0.28681002
v -0.00769189 0.33381299 0.28681002
v -0.00895188 0.33204827 0.28681002
v -0.00463188 0.32895997 0.28681002
v -0.00967188 0.32984239 0.28681002
v -0.00517188 0.32675408 0.28681002
v -0.01021188 0.32719525 0.28681002
v -0.01039188 0.32454827 0.28681002
v -0.00517188 0.32212178 0.28681002
v -0.01039188 0.32168057 0.28681002
v -0.00985188 0.31925418 0.28681002
v -0.00463188 0.32013646 0.28681002
v -0.00895188 0.31704827 0.28681002
v -0.00409188 0.31837176 0.28681002
v -0.00769189 0.31528357 0.28681002
v -0.00625188 0.31373937 0.28681002
v -0.00301188 0.31726888 0.28681002
v -0.00445188 0.31263648 0.28681002
v -0.00175188 0.31660707 0.28681002
v 0.00184812 0.33226888 0.28881002
v -0.00013188 0.33293057 0.28881002
v -0.00013188 0.31638648 0.28881002
v -0.00175188 0.33248937 0.28881002
v -0.00175188 0.31660706 0.28881002
v -0.00463188 0.32013646 0.28881002
v -0.00301188 0.31726888 0.28881002
v -0.00409188 0.31837176 0.28881002
v -0.00301188 0.33182767 0.28881002
v -0.00463188 0.32895997 0.28881002
v -0.00517188 0.32675408 0.28881002
v -0.00517188 0.32212178 0.28881002
v -0.00409188 0.33050408 0.28881002
v 0.00184812 0.31682767 0.28881002
v 0.00364812 0.33072469 0.28881002
v 0.00472812 0.32807767 0.28881002
v 0.00508811 0.32454827 0.28881002
v 0.00472812 0.32101888 0.28881002
v 0.00364812 0.31837176 0.28881002
v 0.00364812 0.31837176 0.28881002
v 0.00184812 0.31682767 0.28881002
v 0.00364812 0.31837176 0.28681001
v 0.00184812 0.31682767 0.28681001
v 0.00472812 0.32101888 0.28881002
v 0.00364812 0.31837176 0.28881002
v 0.00472811 0.32101888 0.28681001
v 0.00364812 0.31837176 0.28681001
v 0.00508811 0.32454827 0.28881002
v 0.00472812 0.32101888 0.28881002
v 0.00508811 0.32454827 0.28681002
v 0.00472811 0.32101888 0.28681001
v 0.00472812 0.32807767 0.28881002
v 0.00508811 0.32454827 0.28881002
v 0.00472811 0.32807767 0.28681002
v 0.00508811 0.32454827 0.28681002
v 0.00364812 0.33072469 0.28881002
v 0.00472812 0.32807767 0.28881002
v 0.00364812 0.33072469 0.28681002
v 0.00472811 0.32807767 0.28681002
v 0.00184812 0.33226888 0.28881002
v 0.00364812 0.33072469 0.28881002
v 0.00184812 0.33226888 0.28681002
v 0.00364812 0.33072469 0.28681002
v -0.00013188 0.33293057 0.28881002
v 0.00184812 0.33226888 0.28881002
v -0.00013188 0.33293057 0.28681002
v 0.00184812 0.33226888 0.28681002
v -0.00175188 0.33248937 0.28881002
v -0.00013188 0.33293057 0.28881002
v -0.00175188 0.33248937 0.28681002
v -0.00013188 0.33293057 0.28681002
v -0.00301188 0.33182767 0.28881002
v -0.00175188 0.33248937 0.28881002
v -0.00301188 0.33182767 0.28681002
v -0.00301188 0.33182767 0.28681002
v -0.00175188 0.33248937 0.28881002
v -0.00175188 0.33248937 0.28681002
v -0.00409188 0.33050408 0.28881002
v -0.00301188 0.33182767 0.28881002
v -0.00409188 0.33050408 0.28681002
v -0.00301188 0.33182767 0.28681002
v -0.00463188 0.32895997 0.28881002
v -0.00409188 0.33050408 0.28881002
v -0.00463188 0.32895997 0.28681002
v -0.00409188 0.33050408 0.28681002
v -0.00517188 0.32675408 0.28881002
v -0.00463188 0.32895997 0.28881002
v -0.00517188 0.32675408 0.28681002
v -0.00463188 0.32895997 0.28681002
v -0.00517188 0.32212178 0.28881002
v -0.00517188 0.32675408 0.28881002
v -0.00517188 0.32212178 0.28681002
v -0.00517188 0.32675408 0.28681002
v -0.00463188 0.32013646 0.28881002
v -0.00517188 0.32212178 0.28881002
v -0.00463188 0.32013646 0.28681002
v -0.00517188 0.32212178 0.28681002
v -0.00409188 0.31837176 0.28881002
v -0.00463188 0.32013646 0.28881002
v -0.00409188 0.31837176 0.28681002
v -0.00463188 0.32013646 0.28681002
v -0.00301188 0.31726888 0.28881002
v -0.00409188 0.31837176 0.28881002
v -0.00301188 0.31726888 0.28681002
v -0.00409188 0.31837176 0.28681002
v -0.00175188 0.31660706 0.28881002
v -0.00301188 0.31726888 0.28881002
v -0.00175188 0.31660707 0.28681002
v -0.00301188 0.31726888 0.28681002
v -0.00013188 0.31638648 0.28881002
v -0.00175188 0.31660706 0.28881002
v -0.00013188 0.31638648 0.28681002
v -0.00175188 0.31660707 0.28681002
v 0.00184812 0.31682767 0.28881002
v -0.00013188 0.31638648 0.28881002
v 0.00184812 0.31682767 0.28681001
v -0.00013188 0.31638648 0.28681002
v -0.00985188 0.31925418 0.28881002
v -0.00895188 0.31704827 0.28881002
v -0.00985188 0.31925418 0.28681002
v -0.00895188 0.31704827 0.28681002
v -0.00895188 0.31704827 0.28881002
v -0.00769188 0.31528357 0.28881002
v -0.00895188 0.31704827 0.28681002
v -0.00769189 0.31528357 0.28681002
v -0.00769188 0.31528357 0.28881002
v -0.00625188 0.31373937 0.28881002
v -0.00769189 0.31528357 0.28681002
v -0.00625188 0.31373937 0.28681002
v -0.00625188 0.31373937 0.28881002
v -0.00445188 0.31263648 0.28881002
v -0.00625188 0.31373937 0.28681002
v -0.00445188 0.31263648 0.28681002
v -0.00445188 0.31263648 0.28881002
v -0.00247188 0.31219527 0.28881002
v -0.00445188 0.31263648 0.28681002
v -0.00247188 0.31219527 0.28681001
v -0.00247188 0.31219527 0.28881002
v -0.00013188 0.31175418 0.28881002
v -0.00247188 0.31219527 0.28681001
v -0.00013188 0.31175418 0.28681001
v -0.00013188 0.31175418 0.28881002
v 0.00202812 0.31219527 0.28881002
v -0.00013188 0.31175418 0.28681001
v 0.00202812 0.31219527 0.28681001
v 0.00202812 0.31219527 0.28881002
v 0.00400812 0.31263648 0.28881002
v 0.00202812 0.31219527 0.28681001
v 0.00400811 0.31263648 0.28681001
v 0.00400812 0.31263648 0.28881002
v 0.00580812 0.31351888 0.28881002
v 0.00400811 0.31263648 0.28681001
v 0.00580811 0.31351888 0.28681001
v 0.00580812 0.31351888 0.28881002
v 0.00724811 0.31506297 0.28881002
v 0.00580811 0.31351888 0.28681001
v 0.00724811 0.31506297 0.28681001
v 0.00724811 0.31506297 0.28881002
v 0.00850811 0.31682767 0.28881002
v 0.00724811 0.31506297 0.28681001
v 0.00850811 0.31682767 0.28681001
v 0.00850811 0.31682767 0.28881002
v 0.00940812 0.31925418 0.28881002
v 0.00850811 0.31682767 0.28681001
v 0.00940811 0.31925418 0.28681001
v 0.00940812 0.31925418 0.28881002
v 0.00994811 0.32168057 0.28881002
v 0.00940811 0.31925418 0.28681001
v 0.00994811 0.32168057 0.28681001
v 0.00994811 0.32168057 0.28881002
v 0.01030812 0.32454827 0.28881002
v 0.00994811 0.32168057 0.28681001
v 0.01030812 0.32454827 0.28681001
v 0.01030812 0.32454827 0.28881002
v 0.01012812 0.32719525 0.28881002
v 0.01030812 0.32454827 0.28681001
v 0.01012812 0.32719525 0.28681001
v 0.01012812 0.32719525 0.28881002
v 0.00958812 0.32962178 0.28881002
v 0.01012812 0.32719525 0.28681001
v 0.00958812 0.32962178 0.28681002
v 0.00958812 0.32962178 0.28881002
v 0.00868811 0.33182767 0.28881002
v 0.00958812 0.32962178 0.28681002
v 0.00868811 0.33182767 0.28681002
v 0.00868811 0.33182767 0.28881002
v 0.00742812 0.33381299 0.28881002
v 0.00868811 0.33182767 0.28681002
v 0.00742811 0.33381299 0.28681002
v 0.00742812 0.33381299 0.28881002
v 0.00580812 0.33535706 0.28881002
v 0.00742811 0.33381299 0.28681002
v 0.00580811 0.33535706 0.28681002
v 0.00580812 0.33535706 0.28881002
v 0.00400812 0.33645997 0.28881002
v 0.00580811 0.33535706 0.28681002
v 0.00400811 0.33645997 0.28681002
v 0.00400812 0.33645997 0.28881002
v 0.00202812 0.33712178 0.28881002
v 0.00400811 0.33645997 0.28681002
v 0.00202812 0.33712178 0.28681002
v 0.00202812 0.33712178 0.28881002
v -0.00013188 0.33756299 0.28881002
v 0.00202812 0.33712178 0.28681002
v -0.00013188 0.33756299 0.28681002
v -0.00013188 0.33756299 0.28881002
v -0.00247188 0.33712178 0.28881002
v -0.00013188 0.33756299 0.28681002
v -0.00247188 0.33712178 0.28681002
v -0.00247188 0.33712178 0.28881002
v -0.00445188 0.33645997 0.28881002
v -0.00247188 0.33712178 0.28681002
v -0.00445188 0.33645997 0.28681002
v -0.00445188 0.33645997 0.28881002
v -0.00625188 0.33535706 0.28881002
v -0.00445188 0.33645997 0.28681002
v -0.00625188 0.33535706 0.28681002
v -0.00625188 0.33535706 0.28881002
v -0.00769188 0.33381299 0.28881002
v -0.00625188 0.33535706 0.28681002
v -0.00769189 0.33381299 0.28681002
v -0.00769188 0.33381299 0.28881002
v -0.00895188 0.33204827 0.28881002
v -0.00769189 0.33381299 0.28681002
v -0.00895188 0.33204827 0.28681002
v -0.00895188 0.33204827 0.28881002
v -0.00967188 0.32984239 0.28881002
v -0.00895188 0.33204827 0.28681002
v -0.00967188 0.32984239 0.28681002
v -0.00967188 0.32984239 0.28881002
v -0.01021188 0.32719525 0.28881002
v -0.00967188 0.32984239 0.28681002
v -0.01021188 0.32719525 0.28681002
v -0.01021188 0.32719525 0.28881002
v -0.01039188 0.32454827 0.28881002
v -0.01021188 0.32719525 0.28681002
v -0.01039188 0.32454827 0.28681002
v -0.01039188 0.32454827 0.28881002
v -0.01039188 0.32168057 0.28881002
v -0.01039188 0.32454827 0.28681002
v -0.01039188 0.32168057 0.28681002
v -0.01039188 0.32168057 0.28881002
v -0.00985188 0.31925418 0.28881002
v -0.01039188 0.32168057 0.28681002
v -0.00985188 0.31925418 0.28681002
v 0.01750811 0.31175418 0.28681001
v 0.01930811 0.31263648 0.28681001
v 0.01642812 0.31219527 0.28681001
v 0.01516811 0.31373937 0.28681001
v 0.01570811 0.31263648 0.28681001
v 0.01498811 0.31550418 0.28681001
v 0.01984812 0.31373937 0.28681001
v 0.02020811 0.31550418 0.28681001
v 0.02020811 0.32675408 0.28681001
v 0.01498811 0.33535706 0.28681002
v 0.02056811 0.32873937 0.28681001
v 0.01984812 0.33315118 0.28681001
v 0.02110812 0.33028348 0.28681001
v 0.02218811 0.33160706 0.28681001
v 0.02110812 0.33491586 0.28681001
v 0.02326811 0.33226888 0.28681001
v 0.02272811 0.33645997 0.28681001
v 0.02470811 0.33270997 0.28681001
v 0.02434811 0.33712178 0.28681001
v 0.02650811 0.33756299 0.28681001
v 0.02650811 0.33226888 0.28681001
v 0.02848811 0.33712178 0.28681001
v 0.02758812 0.33094525 0.28681001
v 0.03010811 0.33645997 0.28681001
v 0.03154811 0.33513646 0.28681001
v 0.03262811 0.33337178 0.28681001
v 0.02812811 0.32873937 0.28681001
v 0.03334811 0.33072469 0.28681001
v 0.03334811 0.32918057 0.28681001
v 0.03352811 0.32741586 0.28681001
v 0.02830812 0.32609239 0.28681001
v 0.03352811 0.31550418 0.28681001
v 0.02830812 0.31550418 0.28681001
v 0.03190811 0.31219527 0.28681001
v 0.02848811 0.31373937 0.28681001
v 0.02974811 0.31219527 0.28681001
v 0.02902811 0.31263648 0.28681001
v 0.03082811 0.31175418 0.28681001
v 0.03280811 0.31263648 0.28681001
v 0.03334811 0.31373937 0.28681001
v 0.01984812 0.33403348 0.28681001
v 0.01894811 0.33645997 0.28681001
v 0.01552811 0.33645997 0.28681002
v 0.01624811 0.33712178 0.28681002
v 0.01786811 0.33734239 0.28681002
v 0.01732811 0.33756299 0.28681002
v 0.01948811 0.33579827 0.28681001
v 0.01858811 0.33712178 0.28681001
v 0.02830812 0.31550418 0.28881002
v 0.02848811 0.31373937 0.28881002
v 0.02830812 0.31550418 0.28681001
v 0.02848811 0.31373937 0.28681001
v 0.02848811 0.31373937 0.28881002
v 0.02902811 0.31263648 0.28881002
v 0.02848811 0.31373937 0.28681001
v 0.02902811 0.31263648 0.28681001
v 0.02902811 0.31263648 0.28881002
v 0.02974811 0.31219527 0.28881002
v 0.02902811 0.31263648 0.28681001
v 0.02974811 0.31219527 0.28681001
v 0.02974811 0.31219527 0.28881002
v 0.03082811 0.31175418 0.28881002
v 0.02974811 0.31219527 0.28681001
v 0.03082811 0.31175418 0.28681001
v 0.03082811 0.31175418 0.28881002
v 0.03190811 0.31219527 0.28881002
v 0.03082811 0.31175418 0.28681001
v 0.03190811 0.31219527 0.28681001
v 0.03190811 0.31219527 0.28881002
v 0.03280811 0.31263648 0.28881002
v 0.03190811 0.31219527 0.28681001
v 0.03280811 0.31263648 0.28681001
v 0.03280811 0.31263648 0.28881002
v 0.03334812 0.31373937 0.28881002
v 0.03280811 0.31263648 0.28681001
v 0.03334811 0.31373937 0.28681001
v 0.03334812 0.31373937 0.28881002
v 0.03352811 0.31550418 0.28881002
v 0.03334811 0.31373937 0.28681001
v 0.03352811 0.31550418 0.28681001
v 0.03352811 0.31550418 0.28881002
v 0.03352811 0.32741586 0.28881002
v 0.03352811 0.31550418 0.28681001
v 0.03352811 0.32741586 0.28681001
v 0.03352811 0.32741586 0.28881002
v 0.03334812 0.32918057 0.28881002
v 0.03352811 0.32741586 0.28681001
v 0.03334811 0.32918057 0.28681001
v 0.03334812 0.32918057 0.28881002
v 0.03334812 0.33072469 0.28881002
v 0.03334811 0.32918057 0.28681001
v 0.03334811 0.33072469 0.28681001
v 0.03334812 0.33072469 0.28881002
v 0.03262811 0.33337178 0.28881002
v 0.03334811 0.33072469 0.28681001
v 0.03262811 0.33337178 0.28681001
v 0.03262811 0.33337178 0.28881002
v 0.03154811 0.33513646 0.28881002
v 0.03262811 0.33337178 0.28681001
v 0.03154811 0.33513646 0.28681001
v 0.03154811 0.33513646 0.28881002
v 0.03010811 0.33645997 0.28881002
v 0.03154811 0.33513646 0.28681001
v 0.03010811 0.33645997 0.28681001
v 0.03010811 0.33645997 0.28881002
v 0.02848811 0.33712178 0.28881002
v 0.03010811 0.33645997 0.28681001
v 0.02848811 0.33712178 0.28681001
v 0.02848811 0.33712178 0.28881002
v 0.02650812 0.33756299 0.28881002
v 0.02848811 0.33712178 0.28681001
v 0.02650811 0.33756299 0.28681001
v 0.02650812 0.33756299 0.28881002
v 0.02434811 0.33712178 0.28881002
v 0.02650811 0.33756299 0.28681001
v 0.02434811 0.33712178 0.28681001
v 0.02434811 0.33712178 0.28881002
v 0.02272812 0.33645997 0.28881002
v 0.02434811 0.33712178 0.28681001
v 0.02272811 0.33645997 0.28681001
v 0.02272812 0.33645997 0.28881002
v 0.02110812 0.33491586 0.28881002
v 0.02272811 0.33645997 0.28681001
v 0.02110812 0.33491586 0.28681001
v 0.02110812 0.33491586 0.28881002
v 0.01984812 0.33315118 0.28881002
v 0.02110812 0.33491586 0.28681001
v 0.01984812 0.33315118 0.28681001
v 0.01984812 0.33315118 0.28881002
v 0.01984812 0.33403348 0.28881002
v 0.01984812 0.33315118 0.28681001
v 0.01984812 0.33403348 0.28681001
v 0.01984812 0.33403348 0.28881002
v 0.01948812 0.33579827 0.28881002
v 0.01984812 0.33403348 0.28681001
v 0.01948811 0.33579827 0.28681001
v 0.01948812 0.33579827 0.28881002
v 0.01894811 0.33645997 0.28881002
v 0.01948811 0.33579827 0.28681001
v 0.01894811 0.33645997 0.28681001
v 0.01894811 0.33645997 0.28881002
v 0.01858811 0.33712178 0.28881002
v 0.01894811 0.33645997 0.28681001
v 0.01858811 0.33712178 0.28681001
v 0.01858811 0.33712178 0.28881002
v 0.01786811 0.33734239 0.28881002
v 0.01858811 0.33712178 0.28681001
v 0.01786811 0.33734239 0.28681002
v 0.01786811 0.33734239 0.28881002
v 0.01732811 0.33756299 0.28881002
v 0.01786811 0.33734239 0.28681002
v 0.01732811 0.33756299 0.28681002
v 0.01732811 0.33756299 0.28881002
v 0.01624812 0.33712178 0.28881002
v 0.01732811 0.33756299 0.28681002
v 0.01624811 0.33712178 0.28681002
v 0.01624812 0.33712178 0.28881002
v 0.01552811 0.33645997 0.28881002
v 0.01624811 0.33712178 0.28681002
v 0.01552811 0.33645997 0.28681002
v 0.01552811 0.33645997 0.28881002
v 0.01498811 0.33535706 0.28881002
v 0.01552811 0.33645997 0.28681002
v 0.01498811 0.33535706 0.28681002
v 0.01498811 0.33535706 0.28881002
v 0.01498811 0.31550418 0.28881002
v 0.01498811 0.33535706 0.28681002
v 0.01498811 0.31550418 0.28681001
v 0.01498811 0.31550418 0.28881002
v 0.01516811 0.31373937 0.28881002
v 0.01498811 0.31550418 0.28681001
v 0.01516811 0.31373937 0.28681001
v 0.01516811 0.31373937 0.28881002
v 0.01570811 0.31263648 0.28881002
v 0.01516811 0.31373937 0.28681001
v 0.01570811 0.31263648 0.28681001
v 0.01570811 0.31263648 0.28881002
v 0.01642812 0.31219527 0.28881002
v 0.01570811 0.31263648 0.28681001
v 0.01642812 0.31219527 0.28681001
v 0.01642812 0.31219527 0.28881002
v 0.01750811 0.31175418 0.28881002
v 0.01642812 0.31219527 0.28681001
v 0.01750811 0.31175418 0.28681001
v 0.01750811 0.31175418 0.28881002
v 0.01930812 0.31263648 0.28881002
v 0.01750811 0.31175418 0.28681001
v 0.01930811 0.31263648 0.28681001
v 0.01930812 0.31263648 0.28881002
v 0.01984812 0.31373937 0.28881002
v 0.01930811 0.31263648 0.28681001
v 0.01984812 0.31373937 0.28681001
v 0.01984812 0.31373937 0.28881002
v 0.02020811 0.31550418 0.28881002
v 0.01984812 0.31373937 0.28681001
v 0.02020811 0.31550418 0.28681001
v 0.02020811 0.31550418 0.28881002
v 0.02020811 0.32675408 0.28881002
v 0.02020811 0.31550418 0.28681001
v 0.02020811 0.32675408 0.28681001
v 0.02020811 0.32675408 0.28881002
v 0.02056811 0.32873937 0.28881002
v 0.02020811 0.32675408 0.28681001
v 0.02056811 0.32873937 0.28681001
v 0.02056811 0.32873937 0.28881002
v 0.02110812 0.33028348 0.28881002
v 0.02056811 0.32873937 0.28681001
v 0.02110812 0.33028348 0.28681001
v 0.02110812 0.33028348 0.28881002
v 0.02218811 0.33160706 0.28881002
v 0.02110812 0.33028348 0.28681001
v 0.02218811 0.33160706 0.28681001
v 0.02218811 0.33160706 0.28881002
v 0.02326811 0.33226888 0.28881002
v 0.02218811 0.33160706 0.28681001
v 0.02326811 0.33226888 0.28681001
v 0.02326811 0.33226888 0.28881002
v 0.02470811 0.33270997 0.28881002
v 0.02326811 0.33226888 0.28681001
v 0.02470811 0.33270997 0.28681001
v 0.02470811 0.33270997 0.28881002
v 0.02650812 0.33226888 0.28881002
v 0.02470811 0.33270997 0.28681001
v 0.02650811 0.33226888 0.28681001
v 0.02650812 0.33226888 0.28881002
v 0.02758812 0.33094525 0.28881002
v 0.02650811 0.33226888 0.28681001
v 0.02758812 0.33094525 0.28681001
v 0.02758812 0.33094525 0.28881002
v 0.02812811 0.32873937 0.28881002
v 0.02758812 0.33094525 0.28681001
v 0.02812811 0.32873937 0.28681001
v 0.02812811 0.32873937 0.28881002
v 0.02830812 0.32609239 0.28881002
v 0.02812811 0.32873937 0.28681001
v 0.02830812 0.32609239 0.28681001
v 0.02830812 0.32609239 0.28881002
v 0.02830812 0.31550418 0.28881002
v 0.02830812 0.32609239 0.28681001
v 0.02830812 0.31550418 0.28681001
v 0.04828811 0.31219527 0.28681001
v 0.04648811 0.31660707 0.28681001
v 0.04594811 0.31175418 0.28681001
v 0.04594811 0.31704827 0.28681001
v 0.04558811 0.31748937 0.28681001
v 0.04900811 0.31660707 0.28681001
v 0.04990811 0.31241588 0.28681001
v 0.04972811 0.31682767 0.28681001
v 0.05026812 0.31660707 0.28681001
v 0.05080812 0.31616588 0.28681001
v 0.05098811 0.31329827 0.28681001
v 0.05116811 0.31550418 0.28681001
v 0.05134811 0.31484237 0.28681001
v 0.04558811 0.33248937 0.28681001
v 0.04036811 0.33248937 0.28681001
v 0.04036811 0.31748937 0.28681001
v 0.04072812 0.31550418 0.28681001
v 0.04774811 0.33248937 0.28681001
v 0.04738812 0.33712178 0.28681001
v 0.04558811 0.33712178 0.28681001
v 0.04036811 0.33712178 0.28681001
v 0.04558811 0.34131299 0.28681001
v 0.04378811 0.34572469 0.28681001
v 0.04540812 0.34263646 0.28681001
v 0.04468812 0.34506299 0.28681001
v 0.04540812 0.34373937 0.28681001
v 0.04828811 0.33690118 0.28681001
v 0.04882812 0.33293057 0.28681001
v 0.04900811 0.33645997 0.28681001
v 0.04936811 0.33359239 0.28681001
v 0.04954812 0.33557767 0.28681001
v 0.04972811 0.33469525 0.28681001
v 0.04288811 0.34616586 0.28681001
v 0.04216811 0.34594525 0.28681001
v 0.04162811 0.34572469 0.28681001
v 0.04072812 0.34462178 0.28681001
v 0.04036811 0.34373937 0.28681001
v 0.03964811 0.33712178 0.28681001
v 0.03856811 0.33248937 0.28681001
v 0.03856811 0.33690118 0.28681001
v 0.03784812 0.33293057 0.28681001
v 0.03784812 0.33645997 0.28681001
v 0.03730811 0.33557767 0.28681001
v 0.03730811 0.33359239 0.28681001
v 0.04126812 0.31373937 0.28681001
v 0.04234811 0.31263648 0.28681001
v 0.04378811 0.31219527 0.28681001
v 0.05098811 0.31329827 0.28881002
v 0.05134811 0.31484237 0.28881002
v 0.05098811 0.31329827 0.28681001
v 0.05134811 0.31484237 0.28681001
v 0.05134811 0.31484237 0.28881002
v 0.05116811 0.31550418 0.28881002
v 0.05134811 0.31484237 0.28681001
v 0.05116811 0.31550418 0.28681001
v 0.05116811 0.31550418 0.28881002
v 0.05080812 0.31616588 0.28881002
v 0.05116811 0.31550418 0.28681001
v 0.05080812 0.31616588 0.28681001
v 0.05080812 0.31616588 0.28881002
v 0.05026812 0.31660706 0.28881002
v 0.05080812 0.31616588 0.28681001
v 0.05026812 0.31660707 0.28681001
v 0.05026812 0.31660706 0.28881002
v 0.04972811 0.31682767 0.28881002
v 0.05026812 0.31660707 0.28681001
v 0.04972811 0.31682767 0.28681001
v 0.04972811 0.31682767 0.28881002
v 0.04900811 0.31660706 0.28881002
v 0.04972811 0.31682767 0.28681001
v 0.04900811 0.31660707 0.28681001
v 0.04900811 0.31660706 0.28881002
v 0.04648811 0.31660706 0.28881002
v 0.04900811 0.31660707 0.28681001
v 0.04648811 0.31660707 0.28681001
v 0.04648811 0.31660706 0.28881002
v 0.04594811 0.31704827 0.28881002
v 0.04648811 0.31660707 0.28681001
v 0.04594811 0.31704827 0.28681001
v 0.04594811 0.31704827 0.28881002
v 0.04558811 0.31748937 0.28881002
v 0.04594811 0.31704827 0.28681001
v 0.04558811 0.31748937 0.28681001
v 0.04558811 0.31748937 0.28881002
v 0.04558811 0.33248937 0.28881002
v 0.04558811 0.31748937 0.28681001
v 0.04558811 0.33248937 0.28681001
v 0.04558811 0.33248937 0.28881002
v 0.04774811 0.33248937 0.28881002
v 0.04558811 0.33248937 0.28681001
v 0.04774811 0.33248937 0.28681001
v 0.04774811 0.33248937 0.28881002
v 0.04882812 0.33293057 0.28881002
v 0.04774811 0.33248937 0.28681001
v 0.04882812 0.33293057 0.28681001
v 0.04882812 0.33293057 0.28881002
v 0.04936811 0.33359239 0.28881002
v 0.04882812 0.33293057 0.28681001
v 0.04936811 0.33359239 0.28681001
v 0.04936811 0.33359239 0.28881002
v 0.04972811 0.33469525 0.28881002
v 0.04936811 0.33359239 0.28681001
v 0.04972811 0.33469525 0.28681001
v 0.04972811 0.33469525 0.28881002
v 0.04954812 0.33557767 0.28881002
v 0.04972811 0.33469525 0.28681001
v 0.04954812 0.33557767 0.28681001
v 0.04954812 0.33557767 0.28881002
v 0.04900811 0.33645997 0.28881002
v 0.04954812 0.33557767 0.28681001
v 0.04900811 0.33645997 0.28681001
v 0.04900811 0.33645997 0.28881002
v 0.04828811 0.33690118 0.28881002
v 0.04900811 0.33645997 0.28681001
v 0.04828811 0.33690118 0.28681001
v 0.04828811 0.33690118 0.28881002
v 0.04738812 0.33712178 0.28881002
v 0.04828811 0.33690118 0.28681001
v 0.04738812 0.33712178 0.28681001
v 0.04738812 0.33712178 0.28881002
v 0.04558811 0.33712178 0.28881002
v 0.04738812 0.33712178 0.28681001
v 0.04558811 0.33712178 0.28681001
v 0.04558811 0.33712178 0.28881002
v 0.04558811 0.34131299 0.28881002
v 0.04558811 0.33712178 0.28681001
v 0.04558811 0.34131299 0.28681001
v 0.04558811 0.34131299 0.28881002
v 0.04540812 0.34263646 0.28881002
v 0.04558811 0.34131299 0.28681001
v 0.04540812 0.34263646 0.28681001
v 0.04540812 0.34263646 0.28881002
v 0.04540812 0.34373937 0.28881002
v 0.04540812 0.34263646 0.28681001
v 0.04540812 0.34373937 0.28681001
v 0.04540812 0.34373937 0.28881002
v 0.04468812 0.34506299 0.28881002
v 0.04540812 0.34373937 0.28681001
v 0.04468812 0.34506299 0.28681001
v 0.04468812 0.34506299 0.28881002
v 0.04378811 0.34572469 0.28881002
v 0.04468812 0.34506299 0.28681001
v 0.04378811 0.34572469 0.28681001
v 0.04378811 0.34572469 0.28881002
v 0.04288811 0.34616586 0.28881002
v 0.04378811 0.34572469 0.28681001
v 0.04288811 0.34616586 0.28681001
v 0.04288811 0.34616586 0.28881002
v 0.04216811 0.34594525 0.28881002
v 0.04288811 0.34616586 0.28681001
v 0.04216811 0.34594525 0.28681001
v 0.04216811 0.34594525 0.28881002
v 0.04162811 0.34572469 0.28881002
v 0.04216811 0.34594525 0.28681001
v 0.04162811 0.34572469 0.28681001
v 0.04162811 0.34572469 0.28881002
v 0.04072812 0.34462178 0.28881002
v 0.04162811 0.34572469 0.28681001
v 0.04072812 0.34462178 0.28681001
v 0.04072812 0.34462178 0.28881002
v 0.04036811 0.34373937 0.28881002
v 0.04072812 0.34462178 0.28681001
v 0.04036811 0.34373937 0.28681001
v 0.04036811 0.34373937 0.28881002
v 0.04036811 0.33712178 0.28881002
v 0.04036811 0.34373937 0.28681001
v 0.04036811 0.33712178 0.28681001
v 0.04036811 0.33712178 0.28881002
v 0.03964811 0.33712178 0.28881002
v 0.04036811 0.33712178 0.28681001
v 0.03964811 0.33712178 0.28681001
v 0.03964811 0.33712178 0.28881002
v 0.03856811 0.33690118 0.28881002
v 0.03964811 0.33712178 0.28681001
v 0.03856811 0.33690118 0.28681001
v 0.03856811 0.33690118 0.28881002
v 0.03784812 0.33645997 0.28881002
v 0.03856811 0.33690118 0.28681001
v 0.03784812 0.33645997 0.28681001
v 0.03784812 0.33645997 0.28881002
v 0.03730811 0.33557767 0.28881002
v 0.03784812 0.33645997 0.28681001
v 0.03730811 0.33557767 0.28681001
v 0.03730811 0.33557767 0.28881002
v 0.03730811 0.33359239 0.28881002
v 0.03730811 0.33557767 0.28681001
v 0.03730811 0.33359239 0.28681001
v 0.03730811 0.33359239 0.28881002
v 0.03784812 0.33293057 0.28881002
v 0.03730811 0.33359239 0.28681001
v 0.03784812 0.33293057 0.28681001
v 0.03784812 0.33293057 0.28881002
v 0.03856811 0.33248937 0.28881002
v 0.03784812 0.33293057 0.28681001
v 0.03856811 0.33248937 0.28681001
v 0.03856811 0.33248937 0.28881002
v 0.04036811 0.33248937 0.28881002
v 0.03856811 0.33248937 0.28681001
v 0.04036811 0.33248937 0.28681001
v 0.04036811 0.33248937 0.28881002
v 0.04036811 0.31748937 0.28881002
v 0.04036811 0.33248937 0.28681001
v 0.04036811 0.31748937 0.28681001
v 0.04036811 0.31748937 0.28881002
v 0.04072812 0.31550418 0.28881002
v 0.04036811 0.31748937 0.28681001
v 0.04072812 0.31550418 0.28681001
v 0.04072812 0.31550418 0.28881002
v 0.04126812 0.31373937 0.28881002
v 0.04072812 0.31550418 0.28681001
v 0.04126812 0.31373937 0.28681001
v 0.04126812 0.31373937 0.28881002
v 0.04234811 0.31263648 0.28881002
v 0.04126812 0.31373937 0.28681001
v 0.04234811 0.31263648 0.28681001
v 0.04234811 0.31263648 0.28881002
v 0.04378811 0.31219527 0.28881002
v 0.04234811 0.31263648 0.28681001
v 0.04378811 0.31219527 0.28681001
v 0.04378811 0.31219527 0.28881002
v 0.04594811 0.31175418 0.28881002
v 0.04378811 0.31219527 0.28681001
v 0.04594811 0.31175418 0.28681001
v 0.04594811 0.31175418 0.28881002
v 0.04828811 0.31219527 0.28881002
v 0.04594811 0.31175418 0.28681001
v 0.04828811 0.31219527 0.28681001
v 0.04828811 0.31219527 0.28881002
v 0.04990811 0.31241588 0.28881002
v 0.04828811 0.31219527 0.28681001
v 0.04990811 0.31241588 0.28681001
v 0.04990811 0.31241588 0.28881002
v 0.05098811 0.31329827 0.28881002
v 0.04990811 0.31241588 0.28681001
v 0.05098811 0.31329827 0.28681001
v -0.04981189 0.31219527 0.28681002
v -0.04855189 0.31175418 0.28681002
v -0.05125189 0.31594527 0.28681002
v -0.04747188 0.31219527 0.28681002
v -0.04567189 0.31594527 0.28681002
v -0.04603188 0.31395997 0.28681002
v -0.04657188 0.31263648 0.28681002
v -0.04567189 0.32741586 0.28681002
v -0.05125189 0.34351888 0.28681002
v -0.04567189 0.33248937 0.28681002
v -0.04567189 0.34131299 0.28681002
v -0.03649188 0.33248937 0.28681002
v -0.03541189 0.32741586 0.28681002
v -0.03541189 0.33226888 0.28681002
v -0.03469188 0.33160706 0.28681002
v -0.03469188 0.32807767 0.28681002
v -0.03415188 0.33072469 0.28681002
v -0.03397188 0.32984239 0.28681002
v -0.03415188 0.32873937 0.28681002
v -0.03361188 0.34131299 0.28681002
v -0.03469188 0.34660706 0.28681002
v -0.04783189 0.34660706 0.28681002
v -0.04909189 0.34638646 0.28681002
v -0.03271188 0.34197469 0.28681002
v -0.03271188 0.34572469 0.28681002
v -0.03361188 0.34638646 0.28681002
v -0.03217188 0.34263646 0.28681002
v -0.03199189 0.34395997 0.28681002
v -0.03217188 0.34484239 0.28681002
v -0.04999188 0.34616586 0.28681002
v -0.05107188 0.34462178 0.28681002
v -0.05071188 0.34550408 0.28681002
v -0.05107188 0.31395997 0.28681002
v -0.05053189 0.31263648 0.28681002
v -0.03271188 0.34572469 0.28881003
v -0.03361188 0.34638646 0.28881003
v -0.03271188 0.34572469 0.28681002
v -0.03361188 0.34638646 0.28681002
v -0.03361188 0.34638646 0.28881003
v -0.03469188 0.34660706 0.28881003
v -0.03361188 0.34638646 0.28681002
v -0.03469188 0.34660706 0.28681002
v -0.03469188 0.34660706 0.28881003
v -0.04783189 0.34660706 0.28881003
v -0.03469188 0.34660706 0.28681002
v -0.04783189 0.34660706 0.28681002
v -0.04783189 0.34660706 0.28881003
v -0.04909188 0.34638646 0.28881003
v -0.04783189 0.34660706 0.28681002
v -0.04909189 0.34638646 0.28681002
v -0.04909188 0.34638646 0.28881003
v -0.04999188 0.34616586 0.28881003
v -0.04909189 0.34638646 0.28681002
v -0.04999188 0.34616586 0.28681002
v -0.04999188 0.34616586 0.28881003
v -0.05071188 0.34550408 0.28881003
v -0.04999188 0.34616586 0.28681002
v -0.05071188 0.34550408 0.28681002
v -0.05071188 0.34550408 0.28881003
v -0.05107188 0.34462178 0.28881003
v -0.05071188 0.34550408 0.28681002
v -0.05107188 0.34462178 0.28681002
v -0.05107188 0.34462178 0.28881003
v -0.05125189 0.34351888 0.28881003
v -0.05107188 0.34462178 0.28681002
v -0.05125189 0.34351888 0.28681002
v -0.05125189 0.34351888 0.28881003
v -0.05125189 0.31594527 0.28881003
v -0.05125189 0.34351888 0.28681002
v -0.05125189 0.31594527 0.28681002
v -0.05125189 0.31594527 0.28881003
v -0.05107188 0.31395997 0.28881003
v -0.05125189 0.31594527 0.28681002
v -0.05107188 0.31395997 0.28681002
v -0.05107188 0.31395997 0.28881003
v -0.05053189 0.31263648 0.28881003
v -0.05107188 0.31395997 0.28681002
v -0.05053189 0.31263648 0.28681002
v -0.05053189 0.31263648 0.28881003
v -0.04981189 0.31219527 0.28881003
v -0.05053189 0.31263648 0.28681002
v -0.04981189 0.31219527 0.28681002
v -0.04981189 0.31219527 0.28881003
v -0.04855189 0.31175418 0.28881003
v -0.04981189 0.31219527 0.28681002
v -0.04855189 0.31175418 0.28681002
v -0.04855189 0.31175418 0.28881003
v -0.04747188 0.31219527 0.28881003
v -0.04855189 0.31175418 0.28681002
v -0.04747188 0.31219527 0.28681002
v -0.04747188 0.31219527 0.28881003
v -0.04657188 0.31263648 0.28881003
v -0.04747188 0.31219527 0.28681002
v -0.04657188 0.31263648 0.28681002
v -0.04657188 0.31263648 0.28881003
v -0.04603188 0.31395997 0.28881003
v -0.04657188 0.31263648 0.28681002
v -0.04603188 0.31395997 0.28681002
v -0.04603188 0.31395997 0.28881003
v -0.04567188 0.31594527 0.28881003
v -0.04603188 0.31395997 0.28681002
v -0.04567189 0.31594527 0.28681002
v -0.04567188 0.31594527 0.28881003
v -0.04567188 0.32741586 0.28881003
v -0.04567189 0.31594527 0.28681002
v -0.04567189 0.32741586 0.28681002
v -0.04567188 0.32741586 0.28881003
v -0.03541188 0.32741586 0.28881003
v -0.04567189 0.32741586 0.28681002
v -0.03541189 0.32741586 0.28681002
v -0.03541188 0.32741586 0.28881003
v -0.03469188 0.32807767 0.28881003
v -0.03541189 0.32741586 0.28681002
v -0.03469188 0.32807767 0.28681002
v -0.03469188 0.32807767 0.28881003
v -0.03415188 0.32873937 0.28881003
v -0.03469188 0.32807767 0.28681002
v -0.03415188 0.32873937 0.28681002
v -0.03415188 0.32873937 0.28881003
v -0.03397188 0.32984239 0.28881003
v -0.03415188 0.32873937 0.28681002
v -0.03397188 0.32984239 0.28681002
v -0.03397188 0.32984239 0.28881003
v -0.03415188 0.33072469 0.28881003
v -0.03397188 0.32984239 0.28681002
v -0.03415188 0.33072469 0.28681002
v -0.03415188 0.33072469 0.28881003
v -0.03469188 0.33160706 0.28881003
v -0.03415188 0.33072469 0.28681002
v -0.03469188 0.33160706 0.28681002
v -0.03469188 0.33160706 0.28881003
v -0.03541188 0.33226888 0.28881003
v -0.03469188 0.33160706 0.28681002
v -0.03541189 0.33226888 0.28681002
v -0.03541188 0.33226888 0.28881003
v -0.03649188 0.33248937 0.28881003
v -0.03541189 0.33226888 0.28681002
v -0.03649188 0.33248937 0.28681002
v -0.03649188 0.33248937 0.28881003
v -0.04567188 0.33248937 0.28881003
v -0.03649188 0.33248937 0.28681002
v -0.04567189 0.33248937 0.28681002
v -0.04567188 0.33248937 0.28881003
v -0.04567188 0.34131299 0.28881003
v -0.04567189 0.33248937 0.28681002
v -0.04567189 0.34131299 0.28681002
v -0.04567188 0.34131299 0.28881003
v -0.03361188 0.34131299 0.28881003
v -0.04567189 0.34131299 0.28681002
v -0.03361188 0.34131299 0.28681002
v -0.03361188 0.34131299 0.28881003
v -0.03271188 0.34197469 0.28881003
v -0.03361188 0.34131299 0.28681002
v -0.03271188 0.34197469 0.28681002
v -0.03271188 0.34197469 0.28881003
v -0.03217188 0.34263646 0.28881003
v -0.03271188 0.34197469 0.28681002
v -0.03217188 0.34263646 0.28681002
v -0.03217188 0.34263646 0.28881003
v -0.03199188 0.34395997 0.28881003
v -0.03217188 0.34263646 0.28681002
v -0.03199189 0.34395997 0.28681002
v -0.03199188 0.34395997 0.28881003
v -0.03217188 0.34484239 0.28881003
v -0.03199189 0.34395997 0.28681002
v -0.03217188 0.34484239 0.28681002
v -0.03217188 0.34484239 0.28881003
v -0.03271188 0.34572469 0.28881003
v -0.03217188 0.34484239 0.28681002
v -0.03271188 0.34572469 0.28681002
v -0.44324967 -0.50969442 0.28881000
v -0.41689038 -0.48333520 0.28881000
v -0.44324967 -0.50969441 0.26281000
v -0.41689038 -0.48333520 0.26281000
vt 0.00000000 -0.13516399
vt 0.00000000 -0.22155800
vt 0.25999999 -0.13516399
vt 0.25999999 -0.22155800
vt 0.00000000 -0.30795100
vt 0.25999999 -0.30795100
vt 0.00000000 -0.39434499
vt 0.25999999 -0.39434499
vt 0.00000000 -0.48073900
vt 0.25999999 -0.48073900
vt 0.00000000 -0.56713301
vt 0.25999999 -0.56713301
vt 0.00000000 -0.65352702
vt 0.25999999 -0.65352702
vt 0.00000000 -0.73992002
vt 0.25999999 -0.73992002
vt 0.00000000 -0.82631397
vt 0.25999999 -0.82631397
vt 0.00000000 -0.91270798
vt 0.25999999 -0.91270798
vt 0.00000000 -0.99910200
vt 0.25999999 -0.99910200
vt 0.00000000 -1.08549595
vt 0.25999999 -1.08549595
vt 0.25999999 0.98795599
vt 0.00000000 0.98795599
vt 0.00000000 0.90156198
vt 0.25999999 0.90156198
vt -0.12575699 0.25999999
vt -0.50171697 0.25999999
vt -0.12575699 0.00000000
vt -0.50171697 0.00000000
vt -0.15138800 0.25999999
vt -0.52637303 0.25999999
vt -0.15138800 0.00000000
vt -0.52637303 0.00000000
vt -0.37180600 0.00000000
vt 0.00000000 0.00000000
vt -0.37180600 0.25999999
vt 0.00000000 0.25999999
vt 7.80137682 0.50014597
vt 0.00000000 0.50014597
vt 7.80137682 0.00000000
vt 0.00000000 0.00000000
vt 0.00000000 0.36796501
vt 0.00000000 0.28157100
vt 0.25999999 0.36796501
vt 0.25999999 0.28157100
vt 0.00000000 0.19517700
vt 0.25999999 0.19517700
vt 0.00000000 0.10878400
vt 0.25999999 0.10878400
vt 0.00000000 0.02238994
vt 0.25999999 0.02238994
vt 0.00000000 -0.06400400
vt 0.25999999 -0.06400400
vt 0.00000000 -0.15039800
vt 0.25999999 -0.15039800
vt 0.00000000 -0.23679200
vt 0.25999999 -0.23679200
vt 0.00000000 -0.32318500
vt 0.25999999 -0.32318500
vt 0.00000000 -0.40957901
vt 0.25999999 -0.40957901
vt 0.00000000 -0.49597299
vt 0.25999999 -0.49597299
vt 0.00000000 -0.58236700
vt 0.25999999 -0.58236700
vt 0.00000000 -0.66876101
vt 0.25999999 -0.66876101
vt -0.37595999 0.00000000
vt 0.00000000 0.00000000
vt -0.37595999 0.25999999
vt 0.00000000 0.25999999
vt 4.11421824 4.56724977
vt 4.29392719 4.50831604
vt 4.16666079 4.63559484
vt 4.32499313 4.53215408
vt 4.36117077 4.54713917
vt 4.27009010 4.47725010
vt 4.08125114 4.48765993
vt 4.25510502 4.44107294
vt 4.07000685 4.40224981
vt 4.24999285 4.40224981
vt 4.25510502 4.36342716
vt 4.08125114 4.31684017
vt 4.27009010 4.32725000
vt 4.11421824 4.23724985
vt 4.29392719 4.29618406
vt 4.16666079 4.16890478
vt 4.32499313 4.27234602
vt 4.23500681 4.11646080
vt 4.36117077 4.25736094
vt 4.31459618 4.08349419
vt 4.39999294 4.25225019
vt 4.40000677 4.07224989
vt 4.48541689 4.08349419
vt 4.43881607 4.25736094
vt 4.56500721 4.11646080
vt 4.47499323 4.27234602
vt 4.63335180 4.16890478
vt 4.50605917 4.29618406
vt 4.52989721 4.32725000
vt 4.54488182 4.36342716
vt 4.89694405 4.43249607
vt 4.54999304 4.40224981
vt 4.80744982 4.57383585
vt 4.54488182 4.44107294
vt 4.52989721 4.47725010
vt 4.69805908 4.70040417
vt 4.50605917 4.50831604
vt 4.47499323 4.53215408
vt 4.57116985 4.80942297
vt 4.43881607 4.54713917
vt 4.39999294 4.55224991
vt 4.42956781 4.89850187
vt 0.00000000 1.77391899
vt -0.50014597 1.77391899
vt 0.00000000 1.63631499
vt -0.50014597 1.61265302
vt 0.00000000 1.49871194
vt -0.50014597 1.45138800
vt 0.00000000 1.36110795
vt -0.50014597 1.29012299
vt 0.00000000 1.22350502
vt -0.25999999 1.22350502
vt -0.50014597 1.12885702
vt -0.25999999 1.05606103
vt -0.50014597 0.96759200
vt -0.25999999 0.88861799
vt -0.50014597 0.80632699
vt -0.25999999 0.72117400
vt -0.50014597 0.64506102
vt -0.25999999 0.55373102
vt -0.50014597 0.48379600
vt 0.00000000 0.55373102
vt 0.00000000 0.41529801
vt -0.50014597 0.32253101
vt 0.00000000 0.27686501
vt -0.50014597 0.16126500
vt 0.00000000 0.13843299
vt -0.50014597 0.00000000
vt 0.00000000 0.00000000
vt -0.11575700 0.25999999
vt -0.48853299 0.25999999
vt -0.11575700 0.00000000
vt -0.48853299 0.00000000
vt 7.80137682 0.00000000
vt 7.80137682 0.50014597
vt 0.00000000 0.00000000
vt 0.00000000 0.50014597
vt 0.00000000 1.77391899
vt -0.50014597 1.77391899
vt 0.00000000 1.63631797
vt -0.50014597 1.61265302
vt 0.00000000 1.49871695
vt -0.50014597 1.45138800
vt 0.00000000 1.36111605
vt -0.50014597 1.29012299
vt 0.00000000 1.22351503
vt -0.25999999 1.22351503
vt -0.50014597 1.12885702
vt -0.25999999 1.05607104
vt -0.50014597 0.96759200
vt -0.25999999 0.88862801
vt -0.50014597 0.80632699
vt -0.25999999 0.72118402
vt -0.50014597 0.64506102
vt -0.25999999 0.55374098
vt -0.50014597 0.48379600
vt 0.00000000 0.55374098
vt 0.00000000 0.41530600
vt -0.50014597 0.32253101
vt 0.00000000 0.27687001
vt -0.50014597 0.16126500
vt 0.00000000 0.13843501
vt -0.50014597 0.00000000
vt 0.00000000 0.00000000
vt -4.80942917 -4.57116222
vt -4.55000687 -4.39774990
vt -4.89850616 -4.42955923
vt -4.54489517 -4.35892677
vt -4.63335180 -4.16440487
vt -4.52991009 -4.32275009
vt -4.50607300 -4.29168415
vt -4.70041084 -4.69805193
vt -4.52991009 -4.47275019
vt -4.54489517 -4.43657303
vt -4.57384396 -4.80744410
vt -4.47500706 -4.52765417
vt -4.50607300 -4.50381613
vt -4.43250513 -4.89693880
vt -4.40000677 -4.54775000
vt -4.43882895 -4.54263878
vt -4.36118412 -4.54263878
vt -4.16666079 -4.63109493
vt -4.32500696 -4.52765417
vt -4.29394102 -4.50381613
vt -4.27010298 -4.47275019
vt -4.11421824 -4.56274986
vt -4.25511789 -4.43657303
vt -4.08125114 -4.48316002
vt -4.25000715 -4.39774990
vt -4.07000685 -4.39774990
vt -4.08125114 -4.31233978
vt -4.25511789 -4.35892677
vt -4.11421824 -4.23274994
vt -4.27010298 -4.32275009
vt -4.16666079 -4.16440487
vt -4.29394102 -4.29168415
vt -4.23500681 -4.11196184
vt -4.32500696 -4.26784611
vt -4.31459618 -4.07899523
vt -4.36118412 -4.25286102
vt -4.40000677 -4.06774998
vt -4.40000677 -4.24774981
vt -4.43882895 -4.25286102
vt -4.48541689 -4.07899523
vt -4.47500706 -4.26784611
vt -4.56500721 -4.11196184
vt 0.00000000 1.77391899
vt -0.50014597 1.77391899
vt 0.00000000 1.63548303
vt -0.50014597 1.61265302
vt 0.00000000 1.49704802
vt -0.50014597 1.45138800
vt 0.00000000 1.35861301
vt -0.50014597 1.29012299
vt 0.00000000 1.22017801
vt -0.25999999 1.22017801
vt -0.50014597 1.12885702
vt -0.25999999 1.05273402
vt -0.50014597 0.96759200
vt -0.25999999 0.88529098
vt -0.50014597 0.80632699
vt -0.25999999 0.71784699
vt -0.50014597 0.64506102
vt -0.25999999 0.55040401
vt -0.50014597 0.48379600
vt 0.00000000 0.55040401
vt 0.00000000 0.41280299
vt -0.50014597 0.32253101
vt 0.00000000 0.27520201
vt -0.50014597 0.16126500
vt 0.00000000 0.13760100
vt -0.50014597 0.00000000
vt 0.00000000 0.00000000
vt 0.00000000 1.77391899
vt -0.50014597 1.77391899
vt 0.00000000 1.63548601
vt -0.50014597 1.61265302
vt 0.00000000 1.49705303
vt -0.50014597 1.45138800
vt 0.00000000 1.35862005
vt -0.50014597 1.29012299
vt 0.00000000 1.22018802
vt -0.25999999 1.22018802
vt -0.50014597 1.12885702
vt -0.25999999 1.05274403
vt -0.50014597 0.96759200
vt -0.25999999 0.88530099
vt -0.50014597 0.80632699
vt -0.25999999 0.71785700
vt -0.50014597 0.64506102
vt -0.25999999 0.55041403
vt -0.50014597 0.48379600
vt 0.00000000 0.55041403
vt 0.00000000 0.41281000
vt -0.50014597 0.32253101
vt 0.00000000 0.27520701
vt -0.50014597 0.16126500
vt 0.00000000 0.13760300
vt -0.50014597 0.00000000
vt 0.00000000 0.00000000
vt -4.57116985 4.80942297
vt -4.40000677 4.55224991
vt -4.42956781 4.89850187
vt -4.36118412 4.54713917
vt -4.16666079 4.63559484
vt -4.32500696 4.53215408
vt -4.29394102 4.50831604
vt -4.69805908 4.70040417
vt -4.47500706 4.53215408
vt -4.43882990 4.54713917
vt -4.80744982 4.57383585
vt -4.52991009 4.47725010
vt -4.50607300 4.50831604
vt -4.89694405 4.43249607
vt -4.55000687 4.40224981
vt -4.54489613 4.44107294
vt -4.54489613 4.36342716
vt -4.63335180 4.16890478
vt -4.52991009 4.32725000
vt -4.50607300 4.29618406
vt -4.47500706 4.27234602
vt -4.56500721 4.11646080
vt -4.43882990 4.25736094
vt -4.48541689 4.08349419
vt -4.40000677 4.25225019
vt -4.40000677 4.07224989
vt -4.31459618 4.08349419
vt -4.36118412 4.25736094
vt -4.23500681 4.11646080
vt -4.32500696 4.27234602
vt -4.16666079 4.16890478
vt -4.29394102 4.29618406
vt -4.11421824 4.23724985
vt -4.27010298 4.32725000
vt -4.08125114 4.31684017
vt -4.25511789 4.36342716
vt -4.07000685 4.40224981
vt -4.25000715 4.40224981
vt -4.25511789 4.44107294
vt -4.08125114 4.48765993
vt -4.27010298 4.47725010
vt -4.11421824 4.56724977
vt 4.57384396 -4.80744410
vt 4.39999294 -4.54775000
vt 4.43250513 -4.89693880
vt 4.36117077 -4.54263878
vt 4.16666079 -4.63109493
vt 4.32499313 -4.52765417
vt 4.29392719 -4.50381613
vt 4.70041084 -4.69805193
vt 4.47499323 -4.52765417
vt 4.43881607 -4.54263878
vt 4.80942917 -4.57116222
vt 4.52989721 -4.47275019
vt 4.50605917 -4.50381613
vt 4.89850616 -4.42955923
vt 4.54999304 -4.39774990
vt 4.54488182 -4.43657303
vt 4.54488182 -4.35892677
vt 4.63335180 -4.16440487
vt 4.52989721 -4.32275009
vt 4.50605917 -4.29168415
vt 4.56500721 -4.11196184
vt 4.47499323 -4.26784611
vt 4.48541689 -4.07899523
vt 4.43881607 -4.25286102
vt 4.40000677 -4.06774998
vt 4.39999294 -4.24774981
vt 4.36117077 -4.25286102
vt 4.31459618 -4.07899523
vt 4.32499313 -4.26784611
vt 4.23500681 -4.11196184
vt 4.29392719 -4.29168415
vt 4.16666079 -4.16440487
vt 4.27009010 -4.32275009
vt 4.11421824 -4.23274994
vt 4.25510502 -4.35892677
vt 4.08125114 -4.31233978
vt 4.24999285 -4.39774990
vt 4.07000685 -4.39774990
vt 4.08125114 -4.48316002
vt 4.25510502 -4.43657303
vt 4.11421824 -4.56274986
vt 4.27009010 -4.47275019
vt 7.80137682 0.50014597
vt 0.00000000 0.50014597
vt 7.80137682 0.00000000
vt 0.00000000 0.00000000
vt -0.14499700 0.25999999
vt -0.51680303 0.25999999
vt -0.14499700 0.00000000
vt -0.51680303 0.00000000
vt 0.00000000 -0.66876101
vt 0.00000000 -0.58236700
vt -0.25999999 -0.66876101
vt -0.25999999 -0.58236700
vt 0.00000000 -0.49597299
vt -0.25999999 -0.49597299
vt 0.00000000 -0.40957901
vt -0.25999999 -0.40957901
vt 0.00000000 -0.32318500
vt -0.25999999 -0.32318500
vt 0.00000000 -0.23679200
vt -0.25999999 -0.23679200
vt 0.00000000 -0.15039800
vt -0.25999999 -0.15039800
vt 0.00000000 -0.06400400
vt -0.25999999 -0.06400400
vt 0.00000000 0.02238994
vt -0.25999999 0.02238994
vt 0.00000000 0.10878400
vt -0.25999999 0.10878400
vt 0.00000000 0.19517700
vt -0.25999999 0.19517700
vt 0.00000000 0.28157100
vt -0.25999999 0.28157100
vt 0.00000000 0.36796501
vt -0.25999999 0.36796501
vt -0.37498501 0.00000000
vt 0.00000000 0.00000000
vt -0.37498501 0.25999999
vt 0.00000000 0.25999999
vt 0.00000000 0.90156198
vt 0.00000000 0.98795599
vt -0.25999999 0.90156198
vt -0.25999999 0.98795599
vt 0.00000000 1.07434905
vt -0.25999999 1.07434905
vt -0.25999999 -0.99910200
vt 0.00000000 -0.99910200
vt 0.00000000 -0.91270798
vt -0.25999999 -0.91270798
vt 0.00000000 -0.82631397
vt -0.25999999 -0.82631397
vt 0.00000000 -0.73992002
vt -0.25999999 -0.73992002
vt 0.00000000 -0.65352702
vt -0.25999999 -0.65352702
vt 0.00000000 -0.56713301
vt -0.25999999 -0.56713301
vt 0.00000000 -0.48073900
vt -0.25999999 -0.48073900
vt 0.00000000 -0.39434499
vt -0.25999999 -0.39434499
vt 0.00000000 -0.30795100
vt -0.25999999 -0.30795100
vt 0.00000000 -0.22155800
vt -0.25999999 -0.22155800
vt 0.00000000 -0.13516399
vt -0.25999999 -0.13516399
vt -0.03535497 3.90068793
vt -0.03535497 -3.90068793
vt 0.03535497 3.90068793
vt 0.03535497 -3.90068793
vt -0.07071095 0.00000000
vt 0.00000000 0.00000000
vt -0.07071095 0.15769491
vt 0.00000000 0.17346500
vt -0.07071095 0.31539100
vt 0.00000000 0.34693000
vt -0.07071095 0.47308600
vt 0.00000000 0.52039498
vt -0.07071095 0.63078099
vt 0.00000000 0.69385898
vt -0.07071095 0.78847700
vt 0.00000000 0.86732399
vt -0.07071095 0.94617200
vt 0.00000000 1.04078901
vt -0.07071095 1.10386705
vt 0.00000000 1.21425402
vt -0.07071095 1.26156294
vt 0.00000000 1.38771904
vt -0.07071095 1.41925800
vt 0.00000000 1.56118405
vt -0.07071095 1.57695305
vt 0.00000000 1.73464894
vt -0.07071095 1.73464894
vt -0.03535497 3.90068793
vt -0.03535497 -3.90068793
vt 0.03535497 3.90068793
vt 0.03535497 -3.90068793
vt -0.07071095 1.73464894
vt 0.00000000 1.73464894
vt -0.07071095 1.89234400
vt 0.00000000 1.90811396
vt -0.07071095 2.05003905
vt 0.00000000 2.08157802
vt -0.07071095 2.20773506
vt 0.00000000 2.25504303
vt -0.07071095 2.36543012
vt 0.00000000 2.42850804
vt -0.07071095 2.52312493
vt 0.00000000 2.60197306
vt -0.07071095 2.68082094
vt 0.00000000 2.77543807
vt -0.07071095 2.83851600
vt 0.00000000 2.94890308
vt -0.07071095 2.99621105
vt 0.00000000 3.12236810
vt -0.07071095 3.15390706
vt 0.00000000 3.29583192
vt -0.07071095 3.31160212
vt 0.00000000 3.46929693
vt -0.07071095 3.46929693
vt -0.03535497 3.90068793
vt -0.03535497 -3.90068793
vt 0.03535497 3.90068793
vt 0.03535497 -3.90068793
vt -0.07071095 -3.46929693
vt 0.00000000 -3.46929693
vt -0.07071095 -3.31160212
vt 0.00000000 -3.29583192
vt -0.07071095 -3.15390706
vt 0.00000000 -3.12236810
vt -0.07071095 -2.99621105
vt 0.00000000 -2.94890308
vt -0.07071095 -2.83851600
vt 0.00000000 -2.77543807
vt -0.07071095 -2.68082094
vt 0.00000000 -2.60197306
vt -0.07071095 -2.52312493
vt 0.00000000 -2.42850804
vt -0.07071095 -2.36543012
vt 0.00000000 -2.25504303
vt -0.07071095 -2.20773506
vt 0.00000000 -2.08157802
vt -0.07071095 -2.05003905
vt 0.00000000 -1.90811396
vt -0.07071095 -1.89234400
vt 0.00000000 -1.73464894
vt -0.07071095 -1.73464894
vt -0.03535497 3.90068793
vt -0.03535497 -3.90068793
vt 0.03535497 3.90068793
vt 0.03535497 -3.90068793
vt -0.07071095 -1.73464894
vt 0.00000000 -1.73464894
vt -0.07071095 -1.57695305
vt 0.00000000 -1.56118405
vt -0.07071095 -1.41925800
vt 0.00000000 -1.38771904
vt -0.07071095 -1.26156294
vt 0.00000000 -1.21425402
vt -0.07071095 -1.10386705
vt 0.00000000 -1.04078901
vt -0.07071095 -0.94617200
vt 0.00000000 -0.86732399
vt -0.07071095 -0.78847700
vt 0.00000000 -0.69385898
vt -0.07071095 -0.63078099
vt 0.00000000 -0.52039498
vt -0.07071095 -0.47308600
vt 0.00000000 -0.34693000
vt -0.07071095 -0.31539100
vt 0.00000000 -0.17346500
vt -0.07071095 -0.15769491
vt 0.00000000 0.00000000
vt -0.07071095 0.00000000
vt 7.80137682 0.00000000
vt 7.80137682 0.50014597
vt 0.00000000 0.00000000
vt 0.00000000 0.50014597
vt -5.03000021 -3.90068793
vt -4.31459618 -4.07899523
vt -5.03000021 3.90068793
vt -4.31459618 4.08349419
vt -4.40000677 4.07224989
vt -5.02162695 -4.03794909
vt -4.63335180 -4.16440487
vt -4.56500721 -4.11196184
vt -4.48541689 -4.07899523
vt -4.99663401 -4.17317486
vt -4.95538902 -4.30435991
vt -4.89850616 -4.42955923
vt -4.40000677 -4.06774998
vt -4.23500681 -4.11196184
vt -4.23500681 4.11646080
vt 3.31754088 0.00131899
vt 3.31754088 0.24611899
vt 3.32195306 0.02471899
vt 3.32636499 0.04451894
vt -4.16666079 -4.16440487
vt 3.31754088 -0.45948100
vt 3.31754088 -0.30828100
vt 3.31754088 -0.17508100
vt 3.32195306 -0.29748100
vt 3.32636499 -0.19308101
vt 3.32636499 -0.29028100
vt 3.33739400 -0.28488100
vt 3.32415891 -0.49908099
vt -4.11421824 -4.23274994
vt -4.08125114 -4.31233978
vt -4.07000685 -4.39774990
vt -3.90068793 -5.03000021
vt 3.90068793 -5.03000021
vt 4.08125114 -4.31233978
vt 4.07000685 -4.39774990
vt 4.08125114 -4.48316002
vt 4.11421824 -4.56274986
vt 4.16666079 -4.63109493
vt 4.03877687 -5.02152586
vt 4.17479277 -4.99623013
vt -4.08125114 -4.48316002
vt -4.11421824 -4.56274986
vt -4.16666079 -4.63109493
vt -4.43250513 -4.89693880
vt -4.30669594 -4.95449209
vt -4.17479277 -4.99623013
vt -4.03877687 -5.02152586
vt 4.30669594 -4.95449209
vt 4.43250513 -4.89693880
vt 4.11421824 -4.23274994
vt 3.33298302 -0.50988102
vt 4.16666079 -4.16440487
vt 3.34842396 -0.51348102
vt 4.23500681 -4.11196184
vt 4.31459618 -4.07899523
vt 4.40000677 -4.06774998
vt 3.55577707 -0.49548101
vt 3.54695296 -0.49728099
vt 3.35504103 -0.51168102
vt 3.53592396 -0.49368101
vt 3.36165905 -0.50808102
vt 3.52930593 -0.48828101
vt 3.36607099 -0.50268102
vt 3.36827707 -0.49728099
vt 3.52489400 -0.47748101
vt 3.37489390 -0.45588100
vt 3.52489400 -0.45588100
vt 5.03000021 -3.90068793
vt 4.48541689 -4.07899523
vt 4.56500721 -4.11196184
vt 4.63335180 -4.16440487
vt 5.02162695 -4.03794909
vt 4.99663401 -4.17317486
vt 4.95538902 -4.30435991
vt 4.89850616 -4.42955923
vt 5.03000021 3.90068793
vt 4.84999990 0.00000000
vt 4.84829617 -0.01294100
vt 4.84330082 -0.02499997
vt 5.02152586 4.03877497
vt 4.63335180 4.16890478
vt 4.56500721 4.11646080
vt 4.48541689 4.08349419
vt 4.99623108 4.17478895
vt 4.95449495 4.30668879
vt 4.89694405 4.43249607
vt 4.40000677 4.07224989
vt 3.64621806 0.51071900
vt 3.65504098 0.50711900
vt 4.31459618 4.08349419
vt 3.63518810 0.51251900
vt 4.23500681 4.11646080
vt 3.35945296 0.51251900
vt 3.33960009 0.51071900
vt 4.16666079 4.16890478
vt 3.32636499 0.50531900
vt 4.11421824 4.23724985
vt 4.08125114 4.31684017
vt 4.07000685 4.40224981
vt 3.90068793 5.03000021
vt -3.90068793 5.03000021
vt -4.08125114 4.31684017
vt -4.07000685 4.40224981
vt -4.08125114 4.48765993
vt -4.11421824 4.56724977
vt -4.16666079 4.63559484
vt -4.03795195 5.02162695
vt -4.17317915 4.99663210
vt 4.08125114 4.48765993
vt 4.11421824 4.56724977
vt 4.16666079 4.63559484
vt 4.42956781 4.89850187
vt 4.30436707 4.95538712
vt 4.17317915 4.99663210
vt 4.03795195 5.02162695
vt -4.30436707 4.95538712
vt -4.42956781 4.89850187
vt -4.11421824 4.23724985
vt 3.32195306 0.49811900
vt 3.31754088 0.48551899
vt -4.16666079 4.16890478
vt -4.48541689 4.08349419
vt -4.56500721 4.11646080
vt -4.63335180 4.16890478
vt -4.89694405 4.43249607
vt -4.95449495 4.30668879
vt -4.99623108 4.17478895
vt -5.02152586 4.03877497
vt 4.40000010 0.10000000
vt 4.40000010 0.20207299
vt 3.84999990 0.10000000
vt 4.40170383 0.21501400
vt 4.40669918 0.22707300
vt 3.66607094 0.47831899
vt 4.41464520 0.23742799
vt 3.66386509 0.49091899
vt 3.66165900 0.49991900
vt 4.42500019 0.24537399
vt 4.43705893 0.25036901
vt 4.44999981 0.25207299
vt 4.46294117 0.25036901
vt 4.47499990 0.24537399
vt 4.82499981 0.04330098
vt 4.83535480 0.03535497
vt 4.84330082 0.02499997
vt 4.84829617 0.01294100
vt 4.83535480 -0.03535497
vt 4.82499981 -0.04330098
vt 4.47499990 -0.24537399
vt 4.46294117 -0.25036901
vt 4.44999981 -0.25207299
vt 3.63739395 -0.45408100
vt 3.65063000 -0.44688100
vt 4.43705893 -0.25036901
vt 4.42500019 -0.24537399
vt 4.41464520 -0.23742799
vt 3.66165900 -0.42888099
vt 3.65724707 -0.43788099
vt 4.40669918 -0.22707300
vt 3.84999990 -0.10000000
vt 3.65945292 -0.42168099
vt 3.65724707 -0.41628101
vt 3.83705902 -0.09829598
vt 3.64621806 -0.40728101
vt 3.82500005 -0.09330099
vt 3.57562995 -0.26508099
vt 3.57121801 -0.24348100
vt 3.57562995 -0.17328100
vt 3.57121801 -0.18588100
vt 3.57342410 -0.17868100
vt 4.40170383 -0.21501400
vt 4.40000010 -0.20207299
vt 4.40000010 -0.10000000
vt 3.81464505 -0.08535498
vt 3.80669904 -0.07499998
vt 3.57121801 -0.16248100
vt 3.80170393 -0.06294095
vt 3.56459999 -0.04008096
vt 3.79999995 -0.04999995
vt 3.57121801 -0.02028095
vt 3.57562995 0.00131899
vt 3.79999995 0.04999995
vt 3.57121801 0.02471899
vt 3.80170393 0.06294095
vt 3.56459999 0.04451894
vt 3.56459999 0.14531900
vt 3.55357099 0.06251895
vt 3.55136490 0.13451900
vt 3.53813004 0.07691895
vt 3.53813004 0.12911899
vt 3.52048302 0.08951896
vt 3.52710009 0.13091899
vt 3.49842405 0.09671896
vt 3.51827693 0.13631900
vt 3.51165891 0.14351900
vt 3.57121801 0.16151901
vt 3.80669904 0.07499998
vt 3.57562995 0.17591891
vt 3.81464505 0.08535498
vt 3.64842391 0.32171899
vt 3.65724707 0.32711899
vt 3.82500005 0.09330099
vt 3.83705902 0.09829598
vt 3.66386509 0.33611900
vt 3.66607094 0.34691900
vt 3.57562995 0.24611899
vt 3.57121801 0.19211900
vt 3.57121801 0.23531900
vt 3.56459999 0.20291901
vt 3.56459999 0.22811900
vt 3.55136490 0.21191899
vt 3.55136490 0.22451900
vt 3.53371811 0.22091900
vt 3.51165891 0.15611900
vt 3.44548297 0.10391900
vt 3.47195292 0.10211900
vt 3.51607108 0.16331901
vt 3.48959994 0.21371900
vt 3.47415900 0.21731900
vt 3.45651197 0.21911900
vt 3.51827693 0.17411891
vt 3.50283599 0.20831899
vt 3.51165891 0.20111901
vt 3.52048302 0.18311889
vt 3.51827693 0.19391900
vt 3.35504103 0.21911900
vt 3.41680598 0.10391900
vt 3.33739400 0.22271900
vt 3.37048292 0.08951896
vt 3.39254093 0.09851896
vt 3.35283589 0.07691895
vt 3.32636499 0.22811900
vt 3.33739400 0.06251895
vt 3.32195306 0.25691900
vt 3.32195306 0.47471899
vt 3.32636499 0.46571901
vt 3.32636499 0.26411900
vt 3.33739400 0.26951900
vt 3.35504103 0.27131900
vt 3.35945296 0.45671901
vt 3.33960009 0.46031901
vt 3.53151202 0.27131900
vt 3.48739409 0.34151900
vt 3.48077703 0.34691900
vt 3.47415900 0.35411900
vt 3.56459999 0.26591900
vt 3.51607108 0.34691900
vt 3.50724697 0.34151900
vt 3.49842405 0.33971900
vt 3.62636495 0.32171899
vt 3.61974692 0.32711899
vt 3.61313009 0.33611900
vt 3.55357099 -0.05808097
vt 3.56459999 -0.15528101
vt 3.53813004 -0.07428097
vt 3.55357099 -0.14988101
vt 3.51827693 -0.08688098
vt 3.49621797 -0.09588098
vt 3.47195292 -0.10128100
vt 3.44548297 -0.10308100
vt 3.35504103 -0.14988101
vt 3.41680598 -0.09948098
vt 3.39254093 -0.09408098
vt 3.36827707 -0.08508098
vt 3.33739400 -0.15168101
vt 3.35063004 -0.07248097
vt 3.32636499 -0.15708099
vt 3.33518791 -0.05808097
vt 3.32636499 -0.04008096
vt 3.32195306 -0.02028095
vt 3.32195306 -0.16428100
vt 3.35504103 -0.28308100
vt 3.35504103 -0.20208099
vt 3.33739400 -0.19848099
vt 3.46092391 -0.28308100
vt 3.46754098 -0.20208099
vt 3.48739409 -0.20568100
vt 3.48739409 -0.28128099
vt 3.50283599 -0.21108100
vt 3.51607108 -0.22188100
vt 3.52268791 -0.23268101
vt 3.50945306 -0.27588099
vt 3.52710009 -0.24708100
vt 3.52268791 -0.26508099
vt 3.56459999 -0.22728100
vt 3.56459999 -0.18948101
vt 3.55798292 -0.19488101
vt 3.54915905 -0.21108100
vt 3.54033589 -0.19848099
vt 3.53151202 -0.19848099
vt 3.63739395 -0.40368101
vt 3.57121801 -0.28488100
vt 3.56459999 -0.30108100
vt 3.56459999 -0.37848100
vt 3.55136490 -0.31548101
vt 3.55577707 -0.37308100
vt 3.53371811 -0.32628101
vt 3.53592396 -0.37308100
vt 3.50724697 -0.33348101
vt 3.52930593 -0.37848100
vt 3.49180603 -0.33348101
vt 3.52489400 -0.38568100
vt 3.47415900 -0.33528101
vt 3.52489400 -0.40368101
vt 3.37489390 -0.40368101
vt 3.35504103 -0.33528101
vt 3.35504103 -0.40728101
vt 3.33739400 -0.33348101
vt 3.33739400 -0.41268101
vt 3.32636499 -0.32808101
vt 3.32636499 -0.42348099
vt 3.32195306 -0.31908101
vt 3.32195306 -0.48288101
vt 3.32195306 -0.43788099
vt 3.56901193 -0.38568100
vt 3.57121801 -0.39648101
vt 3.57121801 -0.40368101
vt 3.62636495 -0.45408100
vt 3.56459999 -0.49008101
vt 3.61313009 -0.45588100
vt 3.56901193 -0.48288101
vt 3.57121801 -0.47388101
vt 3.57121801 -0.45588100
vt 3.36607099 -0.49008101
vt 3.37048292 -0.45948100
vt 3.36607099 -0.46488100
vt 3.63960004 0.31991899
vt 3.61313009 0.45671901
vt 3.52489400 0.36491901
vt 3.52268791 0.35411900
vt 3.52489400 0.45671901
vt 3.47415900 0.45671901
vt 3.79999995 -0.04999995
vt 4.40000010 0.10000000
vt 3.79999995 0.04999995
vt 3.84999990 0.10000000
vt 3.80170393 0.06294095
vt 3.80669904 0.07499998
vt 3.81464505 0.08535498
vt 3.82500005 0.09330099
vt 3.83705902 0.09829598
vt 3.84999990 -0.10000000
vt 3.80170393 -0.06294095
vt 3.80669904 -0.07499998
vt 3.81464505 -0.08535498
vt 3.82500005 -0.09330099
vt 3.83705902 -0.09829598
vt 4.40000010 -0.10000000
vt 4.82499981 -0.04330098
vt 4.82499981 0.04330098
vt 4.84999990 0.00000000
vt 4.84829617 0.01294100
vt 4.47499990 -0.24537399
vt 4.40000010 -0.20207299
vt 4.40170383 -0.21501400
vt 4.40669918 -0.22707300
vt 4.41464520 -0.23742799
vt 4.42500019 -0.24537399
vt 4.46294117 -0.25036901
vt 4.43705893 -0.25036901
vt 4.44999981 -0.25207299
vt 4.83535480 -0.03535497
vt 4.84330082 -0.02499997
vt 4.84829617 -0.01294100
vt 4.84330082 0.02499997
vt 4.83535480 0.03535497
vt 4.47499990 0.24537399
vt 4.40000010 0.20207299
vt 4.40170383 0.21501400
vt 4.40669918 0.22707300
vt 4.41464520 0.23742799
vt 4.42500019 0.24537399
vt 4.43705893 0.25036901
vt 4.46294117 0.25036901
vt 4.44999981 0.25207299
vt -0.10207300 0.00000000
vt 0.00000000 0.00000000
vt -0.10207300 0.01999998
vt 0.00000000 0.01999998
vt -0.55000001 0.00000000
vt 0.00000000 0.00000000
vt -0.55000001 0.01999998
vt 0.00000000 0.01999998
vt -0.01999998 0.00000000
vt -0.01999998 0.01308995
vt 0.00000000 0.01308995
vt -0.01999998 0.02617996
vt 0.00000000 0.02617996
vt -0.01999998 0.03926998
vt 0.00000000 0.03926998
vt -0.01999998 0.05235999
vt 0.00000000 0.05235999
vt -0.01999998 0.06544995
vt 0.00000000 0.06544995
vt -0.01999998 0.07853996
vt 0.00000000 0.07853996
vt -0.10000000 0.00000000
vt 0.00000000 0.00000000
vt -0.10000000 0.01999998
vt 0.00000000 0.01999998
vt -0.01999998 0.07853996
vt 0.00000000 0.07853996
vt -0.01999998 0.09162998
vt 0.00000000 0.09162998
vt -0.01999998 0.10471990
vt 0.00000000 0.10471990
vt -0.01999998 0.11781000
vt 0.00000000 0.11781000
vt -0.01999998 0.13090000
vt 0.00000000 0.13090000
vt -0.01999998 0.14399000
vt 0.00000000 0.14399000
vt -0.01999998 0.15707991
vt 0.00000000 0.15707991
vt -0.55000001 0.00000000
vt 0.00000000 0.00000000
vt -0.55000001 0.01999998
vt 0.00000000 0.01999998
vt -0.10207300 0.00000000
vt 0.00000000 0.00000000
vt -0.10207300 0.01999998
vt 0.00000000 0.01999998
vt -0.01999998 0.07853996
vt 0.00000000 0.07853996
vt -0.01999998 0.09162998
vt 0.00000000 0.09162998
vt -0.01999998 0.10471990
vt 0.00000000 0.10471990
vt -0.01999998 0.11781000
vt 0.00000000 0.11781000
vt -0.01999998 0.13090000
vt 0.00000000 0.13090000
vt -0.01999998 0.14399000
vt 0.00000000 0.14399000
vt -0.01999998 0.15707991
vt 0.00000000 0.15707991
vt -0.01999998 -0.15707991
vt 0.00000000 -0.15707991
vt -0.01999998 -0.14399000
vt 0.00000000 -0.14399000
vt -0.01999998 -0.13090000
vt 0.00000000 -0.13090000
vt -0.40414500 0.00000000
vt 0.00000000 0.00000000
vt -0.40414500 0.01999998
vt 0.00000000 0.01999998
vt -0.01999998 -0.13090000
vt 0.00000000 -0.13090000
vt -0.01999998 -0.11781000
vt 0.00000000 -0.11781000
vt -0.01999998 -0.10471990
vt 0.00000000 -0.10471990
vt -0.01999998 -0.09162998
vt 0.00000000 -0.09162998
vt -0.01999998 -0.07853996
vt 0.00000000 -0.07853996
vt -0.01999998 -0.06544995
vt 0.00000000 -0.06544995
vt -0.01999998 -0.05235999
vt 0.00000000 -0.05235999
vt -0.01999998 -0.03926998
vt 0.00000000 -0.03926998
vt -0.01999998 -0.02617996
vt 0.00000000 -0.02617996
vt -0.40414500 0.00000000
vt 0.00000000 0.00000000
vt -0.40414500 0.01999998
vt 0.00000000 0.01999998
vt 0.01999998 -0.13090000
vt 0.00000000 -0.13090000
vt 0.01999998 -0.14399000
vt 0.00000000 -0.14399000
vt 0.01999998 -0.15707991
vt 0.00000000 -0.15707991
vt 0.01999998 0.15707991
vt 0.00000000 0.15707991
vt 0.01999998 0.14399000
vt 0.00000000 0.14399000
vt 0.01999998 0.13090000
vt 0.00000000 0.13090000
vt 0.01999998 0.11781000
vt 0.00000000 0.11781000
vt 0.01999998 0.10471990
vt 0.00000000 0.10471990
vt 0.01999998 0.09162998
vt 0.00000000 0.09162998
vt 0.01999998 0.07853996
vt 0.00000000 0.07853996
vt 3.32636499 0.22811900
vt 3.33739400 0.22271900
vt 3.31754088 0.24611899
vt 3.35504103 0.21911900
vt 3.32195306 0.25691900
vt 3.35504103 0.27131900
vt 3.32636499 0.26411900
vt 3.33739400 0.26951900
vt 3.45651197 0.21911900
vt 3.53151202 0.27131900
vt 3.47415900 0.21731900
vt 3.53371811 0.22091900
vt 3.48959994 0.21371900
vt 3.50283599 0.20831899
vt 3.51165891 0.20111901
vt 3.55136490 0.21191899
vt 3.51827693 0.19391900
vt 3.56459999 0.20291901
vt 3.57121801 0.19211900
vt 3.52048302 0.18311889
vt 3.57562995 0.17591891
vt 3.51827693 0.17411891
vt 3.57121801 0.16151901
vt 3.51607108 0.16331901
vt 3.56459999 0.14531900
vt 3.51165891 0.15611900
vt 3.51165891 0.14351900
vt 3.51827693 0.13631900
vt 3.55136490 0.13451900
vt 3.52710009 0.13091899
vt 3.53813004 0.12911899
vt 3.55136490 0.22451900
vt 3.57121801 0.23531900
vt 3.57562995 0.24611899
vt 3.56459999 0.22811900
vt 3.56459999 0.26591900
vt -0.01678997 0.00000000
vt 0.00000000 0.00000000
vt -0.01678997 0.01999998
vt 0.00000000 0.01999998
vt -0.01266598 0.00000000
vt 0.00000000 0.00000000
vt -0.01266598 0.01999998
vt 0.00000000 0.01999998
vt -0.01600497 0.00000000
vt 0.00000000 0.00000000
vt -0.01600497 0.01999998
vt 0.00000000 0.01999998
vt -0.01980996 0.00000000
vt 0.00000000 0.00000000
vt -0.01980996 0.01999998
vt 0.00000000 0.01999998
vt -0.01801097 0.00000000
vt 0.00000000 0.00000000
vt -0.01801097 0.01999998
vt 0.00000000 0.01999998
vt -0.01371598 0.00000000
vt 0.00000000 0.00000000
vt -0.01371598 0.01999998
vt 0.00000000 0.01999998
vt -0.00977898 0.00000000
vt 0.00000000 0.00000000
vt -0.00977898 0.01999998
vt 0.00000000 0.01999998
vt -0.01166599 0.00000000
vt 0.00000000 0.00000000
vt -0.01166599 0.01999998
vt 0.00000000 0.01999998
vt -0.02266496 0.00000000
vt 0.00000000 0.00000000
vt -0.02266496 0.01999998
vt 0.00000000 0.01999998
vt -0.03352600 0.00000000
vt 0.00000000 0.00000000
vt -0.03352600 0.01999998
vt 0.00000000 0.01999998
vt -0.17647091 0.00000000
vt 0.00000000 0.00000000
vt -0.17647091 0.01999998
vt 0.00000000 0.01999998
vt -0.01773899 0.00000000
vt 0.00000000 0.00000000
vt -0.01773899 0.01999998
vt 0.00000000 0.01999998
vt -0.01227998 0.00000000
vt 0.00000000 0.00000000
vt -0.01227998 0.01999998
vt 0.00000000 0.01999998
vt -0.00844395 0.00000000
vt 0.00000000 0.00000000
vt -0.00844395 0.01999998
vt 0.00000000 0.01999998
vt -0.01166599 0.00000000
vt 0.00000000 0.00000000
vt -0.01166599 0.01999998
vt 0.00000000 0.01999998
vt -0.02004599 0.00000000
vt 0.00000000 0.00000000
vt -0.02004599 0.01999998
vt 0.00000000 0.01999998
vt -0.01227998 0.00000000
vt 0.00000000 0.00000000
vt -0.01227998 0.01999998
vt 0.00000000 0.01999998
vt -0.01801097 0.00000000
vt 0.00000000 0.00000000
vt -0.01801097 0.01999998
vt 0.00000000 0.01999998
vt -0.10147100 0.00000000
vt 0.00000000 0.00000000
vt -0.10147100 0.01999998
vt 0.00000000 0.01999998
vt -0.01773899 0.00000000
vt 0.00000000 0.00000000
vt -0.01773899 0.01999998
vt 0.00000000 0.01999998
vt -0.01585495 0.00000000
vt 0.00000000 0.00000000
vt -0.01585495 0.01999998
vt 0.00000000 0.01999998
vt -0.01429498 0.00000000
vt 0.00000000 0.00000000
vt -0.01429498 0.01999998
vt 0.00000000 0.01999998
vt -0.01138800 0.00000000
vt 0.00000000 0.00000000
vt -0.01138800 0.01999998
vt 0.00000000 0.01999998
vt -0.00977898 0.00000000
vt 0.00000000 0.00000000
vt -0.00977898 0.01999998
vt 0.00000000 0.01999998
vt -0.01102298 0.00000000
vt 0.00000000 0.00000000
vt -0.01102298 0.01999998
vt 0.00000000 0.01999998
vt -0.00926596 0.00000000
vt 0.00000000 0.00000000
vt -0.00926596 0.01999998
vt 0.00000000 0.01999998
vt -0.01102298 0.00000000
vt 0.00000000 0.00000000
vt -0.01102298 0.01999998
vt 0.00000000 0.01999998
vt -0.00844395 0.00000000
vt 0.00000000 0.00000000
vt -0.00844395 0.01999998
vt 0.00000000 0.01999998
vt -0.01260000 0.00000000
vt 0.00000000 0.00000000
vt -0.01260000 0.01999998
vt 0.00000000 0.01999998
vt -0.00977898 0.00000000
vt 0.00000000 0.00000000
vt -0.00977898 0.01999998
vt 0.00000000 0.01999998
vt -0.01034498 0.00000000
vt 0.00000000 0.00000000
vt -0.01034498 0.01999998
vt 0.00000000 0.01999998
vt -0.01117497 0.00000000
vt 0.00000000 0.00000000
vt -0.01117497 0.01999998
vt 0.00000000 0.01999998
vt -0.01429498 0.00000000
vt 0.00000000 0.00000000
vt -0.01429498 0.01999998
vt 0.00000000 0.01999998
vt -0.01708298 0.00000000
vt 0.00000000 0.00000000
vt -0.01708298 0.01999998
vt 0.00000000 0.01999998
vt -0.01749998 0.00000000
vt 0.00000000 0.00000000
vt -0.01749998 0.01999998
vt 0.00000000 0.01999998
vt -0.01506096 0.00000000
vt 0.00000000 0.00000000
vt -0.01506096 0.01999998
vt 0.00000000 0.01999998
vt 3.32195306 0.02471899
vt 3.31754088 0.00131899
vt 3.36386490 0.00131899
vt 3.32195306 -0.02028095
vt 3.36827707 -0.01848095
vt 3.32636499 -0.04008096
vt 3.38371801 -0.03648096
vt 3.33518791 -0.05808097
vt 3.35063004 -0.07248097
vt 3.36827707 -0.08508098
vt 3.41018796 -0.04728096
vt 3.39254093 -0.09408098
vt 3.41680598 -0.09948098
vt 3.44548297 -0.05088096
vt 3.44548297 -0.10308100
vt 3.47195292 -0.10128100
vt 3.48077703 -0.04728096
vt 3.49621797 -0.09588098
vt 3.51827693 -0.08688098
vt 3.50724697 -0.03648096
vt 3.53813004 -0.07428097
vt 3.55357099 -0.05808097
vt 3.56459999 -0.04008096
vt 3.52268791 -0.01848095
vt 3.57121801 -0.02028095
vt 3.52930593 0.00131899
vt 3.57562995 0.00131899
vt 3.57121801 0.02471899
vt 3.52489400 0.01751899
vt 3.56459999 0.04451894
vt 3.51827693 0.03011900
vt 3.55357099 0.06251895
vt 3.50504088 0.04091894
vt 3.53813004 0.07691895
vt 3.52048302 0.08951896
vt 3.48959994 0.04631894
vt 3.49842405 0.09671896
vt 3.46754098 0.05171895
vt 3.47195292 0.10211900
vt 3.44548297 0.10391900
vt 3.42121792 0.05171895
vt 3.41680598 0.10391900
vt 3.39254093 0.09851896
vt 3.40136504 0.04631894
vt 3.37048292 0.08951896
vt 3.38371801 0.04091894
vt 3.35283589 0.07691895
vt 3.33739400 0.06251895
vt 3.37268806 0.03011900
vt 3.32636499 0.04451894
vt 3.36607099 0.01751899
vt 3.52268791 -0.01848095
vt 3.52930593 0.00131899
vt 3.36386490 0.00131899
vt 3.52489400 0.01751899
vt 3.36607099 0.01751899
vt 3.40136504 0.04631894
vt 3.37268806 0.03011900
vt 3.38371801 0.04091894
vt 3.51827693 0.03011900
vt 3.48959994 0.04631894
vt 3.46754098 0.05171895
vt 3.42121792 0.05171895
vt 3.50504088 0.04091894
vt 3.36827707 -0.01848095
vt 3.50724697 -0.03648096
vt 3.48077703 -0.04728096
vt 3.44548297 -0.05088096
vt 3.41018796 -0.04728096
vt 3.38371801 -0.03648096
vt -0.02371597 0.00000000
vt 0.00000000 0.00000000
vt -0.02371597 0.01999998
vt 0.00000000 0.01999998
vt -0.02858895 0.00000000
vt 0.00000000 0.00000000
vt -0.02858895 0.01999998
vt 0.00000000 0.01999998
vt -0.03547698 0.00000000
vt 0.00000000 0.00000000
vt -0.03547698 0.01999998
vt 0.00000000 0.01999998
vt -0.03547698 0.00000000
vt 0.00000000 0.00000000
vt -0.03547698 0.01999998
vt 0.00000000 0.01999998
vt -0.02858895 0.00000000
vt 0.00000000 0.00000000
vt -0.02858895 0.01999998
vt 0.00000000 0.01999998
vt -0.02371597 0.00000000
vt 0.00000000 0.00000000
vt -0.02371597 0.01999998
vt 0.00000000 0.01999998
vt -0.02087700 0.00000000
vt 0.00000000 0.00000000
vt -0.02087700 0.01999998
vt 0.00000000 0.01999998
vt -0.01678997 0.00000000
vt 0.00000000 0.00000000
vt -0.01678997 0.01999998
vt 0.00000000 0.01999998
vt -0.01423197 0.00000000
vt 0.00000000 0.00000000
vt -0.01423197 0.01999998
vt -0.01423197 0.01999998
vt 0.00000000 0.00000000
vt 0.00000000 0.01999998
vt -0.01708298 0.00000000
vt 0.00000000 0.00000000
vt -0.01708298 0.01999998
vt 0.00000000 0.01999998
vt -0.01635795 0.00000000
vt 0.00000000 0.00000000
vt -0.01635795 0.01999998
vt 0.00000000 0.01999998
vt -0.02270996 0.00000000
vt 0.00000000 0.00000000
vt -0.02270996 0.01999998
vt 0.00000000 0.01999998
vt -0.04632395 0.00000000
vt 0.00000000 0.00000000
vt -0.04632395 0.01999998
vt 0.00000000 0.01999998
vt -0.02057397 0.00000000
vt 0.00000000 0.00000000
vt -0.02057397 0.01999998
vt 0.00000000 0.01999998
vt -0.01845496 0.00000000
vt 0.00000000 0.00000000
vt -0.01845496 0.01999998
vt 0.00000000 0.01999998
vt -0.01543694 0.00000000
vt 0.00000000 0.00000000
vt -0.01543694 0.01999998
vt 0.00000000 0.01999998
vt -0.01423197 0.00000000
vt 0.00000000 0.00000000
vt -0.01423197 0.01999998
vt 0.00000000 0.01999998
vt -0.01634895 0.00000000
vt 0.00000000 0.00000000
vt -0.01634895 0.01999998
vt 0.00000000 0.01999998
vt -0.02028596 0.00000000
vt 0.00000000 0.00000000
vt -0.02028596 0.01999998
vt 0.00000000 0.01999998
vt -0.02382397 0.00000000
vt 0.00000000 0.00000000
vt -0.02382397 0.01999998
vt 0.00000000 0.01999998
vt -0.02168399 0.00000000
vt 0.00000000 0.00000000
vt -0.02168399 0.01999998
vt 0.00000000 0.01999998
vt -0.02111399 0.00000000
vt 0.00000000 0.00000000
vt -0.02111399 0.01999998
vt 0.00000000 0.01999998
vt -0.02110999 0.00000000
vt 0.00000000 0.00000000
vt -0.02110999 0.01999998
vt 0.00000000 0.01999998
vt -0.02028596 0.00000000
vt 0.00000000 0.00000000
vt -0.02028596 0.01999998
vt 0.00000000 0.01999998
vt -0.02381199 0.00000000
vt 0.00000000 0.00000000
vt -0.02381199 0.01999998
vt 0.00000000 0.01999998
vt -0.02204596 0.00000000
vt 0.00000000 0.00000000
vt -0.02204596 0.01999998
vt 0.00000000 0.01999998
vt -0.02028596 0.00000000
vt 0.00000000 0.00000000
vt -0.02028596 0.01999998
vt 0.00000000 0.01999998
vt -0.02004599 0.00000000
vt 0.00000000 0.00000000
vt -0.02004599 0.01999998
vt 0.00000000 0.01999998
vt -0.02111399 0.00000000
vt 0.00000000 0.00000000
vt -0.02111399 0.01999998
vt 0.00000000 0.01999998
vt -0.02168399 0.00000000
vt 0.00000000 0.00000000
vt -0.02168399 0.01999998
vt 0.00000000 0.01999998
vt -0.02587997 0.00000000
vt 0.00000000 0.00000000
vt -0.02587997 0.01999998
vt 0.00000000 0.01999998
vt -0.02485799 0.00000000
vt 0.00000000 0.00000000
vt -0.02485799 0.01999998
vt 0.00000000 0.01999998
vt -0.02890199 0.00000000
vt 0.00000000 0.00000000
vt -0.02890199 0.01999998
vt 0.00000000 0.01999998
vt -0.02653199 0.00000000
vt 0.00000000 0.00000000
vt -0.02653199 0.01999998
vt 0.00000000 0.01999998
vt -0.02485799 0.00000000
vt 0.00000000 0.00000000
vt -0.02485799 0.01999998
vt 0.00000000 0.01999998
vt -0.02382397 0.00000000
vt 0.00000000 0.00000000
vt -0.02382397 0.01999998
vt 0.00000000 0.01999998
vt -0.02351397 0.00000000
vt 0.00000000 0.00000000
vt -0.02351397 0.01999998
vt 0.00000000 0.01999998
vt -0.02237999 0.00000000
vt 0.00000000 0.00000000
vt -0.02237999 0.01999998
vt 0.00000000 0.01999998
vt -0.02110999 0.00000000
vt 0.00000000 0.00000000
vt -0.02110999 0.01999998
vt 0.00000000 0.01999998
vt -0.02087700 0.00000000
vt 0.00000000 0.00000000
vt -0.02087700 0.01999998
vt 0.00000000 0.01999998
vt -0.02204596 0.00000000
vt 0.00000000 0.00000000
vt -0.02204596 0.01999998
vt 0.00000000 0.01999998
vt -0.02381199 0.00000000
vt 0.00000000 0.00000000
vt -0.02381199 0.01999998
vt 0.00000000 0.01999998
vt -0.02087700 0.00000000
vt 0.00000000 0.00000000
vt -0.02087700 0.01999998
vt 0.00000000 0.01999998
vt -0.02110999 0.00000000
vt 0.00000000 0.00000000
vt -0.02110999 0.01999998
vt 0.00000000 0.01999998
vt -0.02111399 0.00000000
vt 0.00000000 0.00000000
vt -0.02111399 0.01999998
vt 0.00000000 0.01999998
vt -0.02168399 0.00000000
vt 0.00000000 0.00000000
vt -0.02168399 0.01999998
vt 0.00000000 0.01999998
vt -0.02320396 0.00000000
vt 0.00000000 0.00000000
vt -0.02320396 0.01999998
vt 0.00000000 0.01999998
vt -0.02701598 0.00000000
vt 0.00000000 0.00000000
vt -0.02701598 0.01999998
vt 0.00000000 0.01999998
vt -0.02653199 0.00000000
vt 0.00000000 0.00000000
vt -0.02653199 0.01999998
vt 0.00000000 0.01999998
vt -0.02867597 0.00000000
vt 0.00000000 0.00000000
vt -0.02867597 0.01999998
vt 0.00000000 0.01999998
vt -0.02485799 0.00000000
vt 0.00000000 0.00000000
vt -0.02485799 0.01999998
vt 0.00000000 0.01999998
vt 3.31754088 -0.17508100
vt 3.32636499 -0.19308101
vt 3.32195306 -0.16428100
vt 3.33739400 -0.15168101
vt 3.32636499 -0.15708099
vt 3.35504103 -0.14988101
vt 3.33739400 -0.19848099
vt 3.35504103 -0.20208099
vt 3.46754098 -0.20208099
vt 3.55357099 -0.14988101
vt 3.48739409 -0.20568100
vt 3.53151202 -0.19848099
vt 3.50283599 -0.21108100
vt 3.51607108 -0.22188100
vt 3.54915905 -0.21108100
vt 3.52268791 -0.23268101
vt 3.56459999 -0.22728100
vt 3.52710009 -0.24708100
vt 3.57121801 -0.24348100
vt 3.57562995 -0.26508099
vt 3.52268791 -0.26508099
vt 3.57121801 -0.28488100
vt 3.50945306 -0.27588099
vt 3.56459999 -0.30108100
vt 3.55136490 -0.31548101
vt 3.53371811 -0.32628101
vt 3.48739409 -0.28128099
vt 3.50724697 -0.33348101
vt 3.49180603 -0.33348101
vt 3.47415900 -0.33528101
vt 3.46092391 -0.28308100
vt 3.35504103 -0.33528101
vt 3.35504103 -0.28308100
vt 3.32195306 -0.31908101
vt 3.33739400 -0.28488100
vt 3.32195306 -0.29748100
vt 3.32636499 -0.29028100
vt 3.31754088 -0.30828100
vt 3.32636499 -0.32808101
vt 3.33739400 -0.33348101
vt 3.54033589 -0.19848099
vt 3.56459999 -0.18948101
vt 3.56459999 -0.15528101
vt 3.57121801 -0.16248100
vt 3.57342410 -0.17868100
vt 3.57562995 -0.17328100
vt 3.55798292 -0.19488101
vt 3.57121801 -0.18588100
vt -0.01773899 0.00000000
vt 0.00000000 0.00000000
vt -0.01773899 0.01999998
vt 0.00000000 0.01999998
vt -0.01227998 0.00000000
vt 0.00000000 0.00000000
vt -0.01227998 0.01999998
vt 0.00000000 0.01999998
vt -0.00844395 0.00000000
vt 0.00000000 0.00000000
vt -0.00844395 0.01999998
vt 0.00000000 0.01999998
vt -0.01166599 0.00000000
vt 0.00000000 0.00000000
vt -0.01166599 0.01999998
vt 0.00000000 0.01999998
vt -0.01166599 0.00000000
vt 0.00000000 0.00000000
vt -0.01166599 0.01999998
vt 0.00000000 0.01999998
vt -0.01002299 0.00000000
vt 0.00000000 0.00000000
vt -0.01002299 0.01999998
vt 0.00000000 0.01999998
vt -0.01227998 0.00000000
vt 0.00000000 0.00000000
vt -0.01227998 0.01999998
vt 0.00000000 0.01999998
vt -0.01773899 0.00000000
vt 0.00000000 0.00000000
vt -0.01773899 0.01999998
vt 0.00000000 0.01999998
vt -0.11911800 0.00000000
vt 0.00000000 0.00000000
vt -0.11911800 0.01999998
vt 0.00000000 0.01999998
vt -0.01773899 0.00000000
vt 0.00000000 0.00000000
vt -0.01773899 0.01999998
vt 0.00000000 0.01999998
vt -0.01544100 0.00000000
vt 0.00000000 0.00000000
vt -0.01544100 0.01999998
vt 0.00000000 0.01999998
vt -0.02743196 0.00000000
vt 0.00000000 0.00000000
vt -0.02743196 0.01999998
vt 0.00000000 0.01999998
vt -0.02068996 0.00000000
vt 0.00000000 0.00000000
vt -0.02068996 0.01999998
vt 0.00000000 0.01999998
vt -0.01955795 0.00000000
vt 0.00000000 0.00000000
vt -0.01955795 0.01999998
vt 0.00000000 0.01999998
vt -0.01749998 0.00000000
vt 0.00000000 0.00000000
vt -0.01749998 0.01999998
vt 0.00000000 0.01999998
vt -0.02028596 0.00000000
vt 0.00000000 0.00000000
vt -0.02028596 0.01999998
vt 0.00000000 0.01999998
vt -0.02204596 0.00000000
vt 0.00000000 0.00000000
vt -0.02204596 0.01999998
vt 0.00000000 0.01999998
vt -0.01749998 0.00000000
vt 0.00000000 0.00000000
vt -0.01749998 0.01999998
vt 0.00000000 0.01999998
vt -0.02237999 0.00000000
vt 0.00000000 0.00000000
vt -0.02237999 0.01999998
vt 0.00000000 0.01999998
vt -0.02168399 0.00000000
vt 0.00000000 0.00000000
vt -0.02168399 0.01999998
vt 0.00000000 0.01999998
vt -0.00882399 0.00000000
vt 0.00000000 0.00000000
vt -0.00882399 0.01999998
vt 0.00000000 0.01999998
vt -0.01801097 0.00000000
vt 0.00000000 0.00000000
vt -0.01801097 0.01999998
vt 0.00000000 0.01999998
vt -0.00854099 0.00000000
vt 0.00000000 0.00000000
vt -0.00854099 0.01999998
vt 0.00000000 0.01999998
vt -0.00753295 0.00000000
vt 0.00000000 0.00000000
vt -0.00753295 0.01999998
vt 0.00000000 0.01999998
vt -0.00752997 0.00000000
vt 0.00000000 0.00000000
vt -0.00752997 0.01999998
vt 0.00000000 0.01999998
vt -0.00583297 0.00000000
vt 0.00000000 0.00000000
vt -0.00583297 0.01999998
vt 0.00000000 0.01999998
vt -0.01166599 0.00000000
vt 0.00000000 0.00000000
vt -0.01166599 0.01999998
vt 0.00000000 0.01999998
vt -0.00977898 0.00000000
vt 0.00000000 0.00000000
vt -0.00977898 0.01999998
vt 0.00000000 0.01999998
vt -0.01227998 0.00000000
vt 0.00000000 0.00000000
vt -0.01227998 0.01999998
vt 0.00000000 0.01999998
vt -0.19852901 0.00000000
vt 0.00000000 0.00000000
vt -0.19852901 0.01999998
vt 0.00000000 0.01999998
vt -0.01773899 0.00000000
vt 0.00000000 0.00000000
vt -0.01773899 0.01999998
vt 0.00000000 0.01999998
vt -0.01227998 0.00000000
vt 0.00000000 0.00000000
vt -0.01227998 0.01999998
vt 0.00000000 0.01999998
vt -0.00844395 0.00000000
vt 0.00000000 0.00000000
vt -0.00844395 0.01999998
vt 0.00000000 0.01999998
vt -0.01166599 0.00000000
vt 0.00000000 0.00000000
vt -0.01166599 0.01999998
vt 0.00000000 0.01999998
vt -0.02004599 0.00000000
vt 0.00000000 0.00000000
vt -0.02004599 0.01999998
vt 0.00000000 0.01999998
vt -0.01227998 0.00000000
vt 0.00000000 0.00000000
vt -0.01227998 0.01999998
vt 0.00000000 0.01999998
vt -0.01801097 0.00000000
vt 0.00000000 0.00000000
vt -0.01801097 0.01999998
vt 0.00000000 0.01999998
vt -0.11250000 0.00000000
vt 0.00000000 0.00000000
vt -0.11250000 0.01999998
vt 0.00000000 0.01999998
vt -0.02017694 0.00000000
vt 0.00000000 0.00000000
vt -0.02017694 0.01999998
vt 0.00000000 0.01999998
vt -0.01635795 0.00000000
vt 0.00000000 0.00000000
vt -0.01635795 0.01999998
vt 0.00000000 0.01999998
vt -0.01708298 0.00000000
vt 0.00000000 0.00000000
vt -0.01708298 0.01999998
vt 0.00000000 0.01999998
vt -0.01266598 0.00000000
vt 0.00000000 0.00000000
vt -0.01266598 0.01999998
vt 0.00000000 0.01999998
vt -0.01506096 0.00000000
vt 0.00000000 0.00000000
vt -0.01506096 0.01999998
vt 0.00000000 0.01999998
vt -0.01853299 0.00000000
vt 0.00000000 0.00000000
vt -0.01853299 0.01999998
vt 0.00000000 0.01999998
vt -0.01708298 0.00000000
vt 0.00000000 0.00000000
vt -0.01708298 0.01999998
vt 0.00000000 0.01999998
vt -0.02270996 0.00000000
vt 0.00000000 0.00000000
vt -0.02270996 0.01999998
vt 0.00000000 0.01999998
vt -0.02653199 0.00000000
vt 0.00000000 0.00000000
vt -0.02653199 0.01999998
vt 0.00000000 0.01999998
vt -0.10588200 0.00000000
vt 0.00000000 0.00000000
vt -0.10588200 0.01999998
vt 0.00000000 0.01999998
vt 3.32195306 -0.48288101
vt 3.36607099 -0.46488100
vt 3.31754088 -0.45948100
vt 3.37048292 -0.45948100
vt 3.37489390 -0.45588100
vt 3.36607099 -0.49008101
vt 3.32415891 -0.49908099
vt 3.36827707 -0.49728099
vt 3.36607099 -0.50268102
vt 3.36165905 -0.50808102
vt 3.33298302 -0.50988102
vt 3.35504103 -0.51168102
vt 3.34842396 -0.51348102
vt 3.52489400 -0.45588100
vt 3.52489400 -0.40368101
vt 3.37489390 -0.40368101
vt 3.35504103 -0.40728101
vt 3.52489400 -0.47748101
vt 3.57121801 -0.47388101
vt 3.57121801 -0.45588100
vt 3.57121801 -0.40368101
vt 3.61313009 -0.45588100
vt 3.65724707 -0.43788099
vt 3.62636495 -0.45408100
vt 3.65063000 -0.44688100
vt 3.63739395 -0.45408100
vt 3.56901193 -0.48288101
vt 3.52930593 -0.48828101
vt 3.56459999 -0.49008101
vt 3.53592396 -0.49368101
vt 3.55577707 -0.49548101
vt 3.54695296 -0.49728099
vt 3.66165900 -0.42888099
vt 3.65945292 -0.42168099
vt 3.65724707 -0.41628101
vt 3.64621806 -0.40728101
vt 3.63739395 -0.40368101
vt 3.57121801 -0.39648101
vt 3.52489400 -0.38568100
vt 3.56901193 -0.38568100
vt 3.52930593 -0.37848100
vt 3.56459999 -0.37848100
vt 3.55577707 -0.37308100
vt 3.53592396 -0.37308100
vt 3.33739400 -0.41268101
vt 3.32636499 -0.42348099
vt 3.32195306 -0.43788099
vt -0.01585495 0.00000000
vt 0.00000000 0.00000000
vt -0.01585495 0.01999998
vt 0.00000000 0.01999998
vt -0.00685799 0.00000000
vt 0.00000000 0.00000000
vt -0.00685799 0.01999998
vt 0.00000000 0.01999998
vt -0.00753295 0.00000000
vt 0.00000000 0.00000000
vt -0.00753295 0.01999998
vt 0.00000000 0.01999998
vt -0.00697297 0.00000000
vt 0.00000000 0.00000000
vt -0.00697297 0.01999998
vt 0.00000000 0.01999998
vt -0.00583297 0.00000000
vt 0.00000000 0.00000000
vt -0.00583297 0.01999998
vt 0.00000000 0.01999998
vt -0.00752997 0.00000000
vt 0.00000000 0.00000000
vt -0.00752997 0.01999998
vt 0.00000000 0.01999998
vt -0.02519994 0.00000000
vt 0.00000000 0.00000000
vt -0.02519994 0.01999998
vt 0.00000000 0.01999998
vt -0.00697297 0.00000000
vt 0.00000000 0.00000000
vt -0.00697297 0.01999998
vt 0.00000000 0.01999998
vt -0.00569397 0.00000000
vt 0.00000000 0.00000000
vt -0.00569397 0.01999998
vt 0.00000000 0.01999998
vt -0.15000001 0.00000000
vt 0.00000000 0.00000000
vt -0.15000001 0.01999998
vt 0.00000000 0.01999998
vt -0.02159994 0.00000000
vt 0.00000000 0.00000000
vt -0.02159994 0.01999998
vt 0.00000000 0.01999998
vt -0.01166599 0.00000000
vt 0.00000000 0.00000000
vt -0.01166599 0.01999998
vt 0.00000000 0.01999998
vt -0.00854099 0.00000000
vt 0.00000000 0.00000000
vt -0.00854099 0.01999998
vt 0.00000000 0.01999998
vt -0.01160198 0.00000000
vt 0.00000000 0.00000000
vt -0.01160198 0.01999998
vt 0.00000000 0.01999998
vt -0.00900495 0.00000000
vt 0.00000000 0.00000000
vt -0.00900495 0.01999998
vt 0.00000000 0.01999998
vt -0.01034498 0.00000000
vt 0.00000000 0.00000000
vt -0.01034498 0.01999998
vt 0.00000000 0.01999998
vt -0.00844395 0.00000000
vt 0.00000000 0.00000000
vt -0.00844395 0.01999998
vt 0.00000000 0.01999998
vt -0.00926596 0.00000000
vt 0.00000000 0.00000000
vt -0.00926596 0.01999998
vt 0.00000000 0.01999998
vt -0.01799994 0.00000000
vt 0.00000000 0.00000000
vt -0.01799994 0.01999998
vt 0.00000000 0.01999998
vt -0.04191195 0.00000000
vt 0.00000000 0.00000000
vt -0.04191195 0.01999998
vt 0.00000000 0.01999998
vt -0.01335698 0.00000000
vt 0.00000000 0.00000000
vt -0.01335698 0.01999998
vt 0.00000000 0.01999998
vt -0.01102900 0.00000000
vt 0.00000000 0.00000000
vt -0.01102900 0.01999998
vt 0.00000000 0.01999998
vt -0.01506698 0.00000000
vt 0.00000000 0.00000000
vt -0.01506698 0.01999998
vt 0.00000000 0.01999998
vt -0.01117098 0.00000000
vt 0.00000000 0.00000000
vt -0.01117098 0.01999998
vt 0.00000000 0.01999998
vt -0.01002299 0.00000000
vt 0.00000000 0.00000000
vt -0.01002299 0.01999998
vt 0.00000000 0.01999998
vt -0.00752997 0.00000000
vt 0.00000000 0.00000000
vt -0.00752997 0.01999998
vt 0.00000000 0.01999998
vt -0.00583297 0.00000000
vt 0.00000000 0.00000000
vt -0.00583297 0.01999998
vt 0.00000000 0.01999998
vt -0.01423496 0.00000000
vt 0.00000000 0.00000000
vt -0.01423496 0.01999998
vt 0.00000000 0.01999998
vt -0.00952995 0.00000000
vt 0.00000000 0.00000000
vt -0.00952995 0.01999998
vt 0.00000000 0.01999998
vt -0.06617599 0.00000000
vt 0.00000000 0.00000000
vt -0.06617599 0.01999998
vt 0.00000000 0.01999998
vt -0.00719994 0.00000000
vt 0.00000000 0.00000000
vt -0.00719994 0.01999998
vt 0.00000000 0.01999998
vt -0.01102298 0.00000000
vt 0.00000000 0.00000000
vt -0.01102298 0.01999998
vt 0.00000000 0.01999998
vt -0.00844395 0.00000000
vt 0.00000000 0.00000000
vt -0.00844395 0.01999998
vt 0.00000000 0.01999998
vt -0.01034498 0.00000000
vt 0.00000000 0.00000000
vt -0.01034498 0.01999998
vt 0.00000000 0.01999998
vt -0.01985299 0.00000000
vt 0.00000000 0.00000000
vt -0.01985299 0.01999998
vt 0.00000000 0.01999998
vt -0.00854099 0.00000000
vt 0.00000000 0.00000000
vt -0.00854099 0.01999998
vt 0.00000000 0.01999998
vt -0.00844395 0.00000000
vt 0.00000000 0.00000000
vt -0.00844395 0.01999998
vt 0.00000000 0.01999998
vt -0.01799994 0.00000000
vt 0.00000000 0.00000000
vt -0.01799994 0.01999998
vt 0.00000000 0.01999998
vt -0.15000001 0.00000000
vt 0.00000000 0.00000000
vt -0.15000001 0.01999998
vt 0.00000000 0.01999998
vt -0.02017694 0.00000000
vt 0.00000000 0.00000000
vt -0.02017694 0.01999998
vt 0.00000000 0.01999998
vt -0.01845496 0.00000000
vt 0.00000000 0.00000000
vt -0.01845496 0.01999998
vt 0.00000000 0.01999998
vt -0.01543694 0.00000000
vt 0.00000000 0.00000000
vt -0.01543694 0.01999998
vt 0.00000000 0.01999998
vt -0.01506096 0.00000000
vt 0.00000000 0.00000000
vt -0.01506096 0.01999998
vt 0.00000000 0.01999998
vt -0.02204596 0.00000000
vt 0.00000000 0.00000000
vt -0.02204596 0.01999998
vt 0.00000000 0.01999998
vt -0.02381199 0.00000000
vt 0.00000000 0.00000000
vt -0.02381199 0.01999998
vt 0.00000000 0.01999998
vt -0.01634895 0.00000000
vt 0.00000000 0.00000000
vt -0.01634895 0.01999998
vt 0.00000000 0.01999998
vt -0.01394599 0.00000000
vt 0.00000000 0.00000000
vt -0.01394599 0.01999998
vt 0.00000000 0.01999998
vt 3.32195306 0.49811900
vt 3.31754088 0.48551899
vt 3.35945296 0.51251900
vt 3.32195306 0.47471899
vt 3.35945296 0.45671901
vt 3.33960009 0.46031901
vt 3.32636499 0.46571901
vt 3.47415900 0.45671901
vt 3.63518810 0.51251900
vt 3.52489400 0.45671901
vt 3.61313009 0.45671901
vt 3.52489400 0.36491901
vt 3.47415900 0.35411900
vt 3.52268791 0.35411900
vt 3.51607108 0.34691900
vt 3.48077703 0.34691900
vt 3.50724697 0.34151900
vt 3.49842405 0.33971900
vt 3.48739409 0.34151900
vt 3.61313009 0.33611900
vt 3.66607094 0.34691900
vt 3.66607094 0.47831899
vt 3.66386509 0.49091899
vt 3.61974692 0.32711899
vt 3.65724707 0.32711899
vt 3.66386509 0.33611900
vt 3.62636495 0.32171899
vt 3.63960004 0.31991899
vt 3.64842391 0.32171899
vt 3.66165900 0.49991900
vt 3.64621806 0.51071900
vt 3.65504098 0.50711900
vt 3.33960009 0.51071900
vt 3.32636499 0.50531900
vt -0.01117098 0.00000000
vt 0.00000000 0.00000000
vt -0.01117098 0.01999998
vt 0.00000000 0.01999998
vt -0.01102298 0.00000000
vt 0.00000000 0.00000000
vt -0.01102298 0.01999998
vt 0.00000000 0.01999998
vt -0.13140000 0.00000000
vt 0.00000000 0.00000000
vt -0.13140000 0.01999998
vt 0.00000000 0.01999998
vt -0.01279199 0.00000000
vt 0.00000000 0.00000000
vt -0.01279199 0.01999998
vt 0.00000000 0.01999998
vt -0.00926596 0.00000000
vt 0.00000000 0.00000000
vt -0.00926596 0.01999998
vt 0.00000000 0.01999998
vt -0.00977898 0.00000000
vt 0.00000000 0.00000000
vt -0.00977898 0.01999998
vt 0.00000000 0.01999998
vt -0.00952995 0.00000000
vt 0.00000000 0.00000000
vt -0.00952995 0.01999998
vt 0.00000000 0.01999998
vt -0.01117497 0.00000000
vt 0.00000000 0.00000000
vt -0.01117497 0.01999998
vt 0.00000000 0.01999998
vt -0.27573499 0.00000000
vt 0.00000000 0.00000000
vt -0.27573499 0.01999998
vt 0.00000000 0.01999998
vt -0.01993399 0.00000000
vt 0.00000000 0.00000000
vt -0.01993399 0.01999998
vt 0.00000000 0.01999998
vt -0.01429498 0.00000000
vt 0.00000000 0.00000000
vt -0.01429498 0.01999998
vt 0.00000000 0.01999998
vt -0.00844395 0.00000000
vt 0.00000000 0.00000000
vt -0.00844395 0.01999998
vt 0.00000000 0.01999998
vt -0.01334995 0.00000000
vt 0.00000000 0.00000000
vt -0.01334995 0.01999998
vt 0.00000000 0.01999998
vt -0.01166599 0.00000000
vt 0.00000000 0.00000000
vt -0.01166599 0.01999998
vt 0.00000000 0.01999998
vt -0.01002299 0.00000000
vt 0.00000000 0.00000000
vt -0.01002299 0.01999998
vt 0.00000000 0.01999998
vt -0.01429498 0.00000000
vt 0.00000000 0.00000000
vt -0.01429498 0.01999998
vt 0.00000000 0.01999998
vt -0.02017694 0.00000000
vt 0.00000000 0.00000000
vt -0.02017694 0.01999998
vt 0.00000000 0.01999998
vt -0.11470600 0.00000000
vt 0.00000000 0.00000000
vt -0.11470600 0.01999998
vt 0.00000000 0.01999998
vt -0.10260000 0.00000000
vt 0.00000000 0.00000000
vt -0.10260000 0.01999998
vt 0.00000000 0.01999998
vt -0.00977898 0.00000000
vt 0.00000000 0.00000000
vt -0.00977898 0.01999998
vt 0.00000000 0.01999998
vt -0.00854099 0.00000000
vt 0.00000000 0.00000000
vt -0.00854099 0.01999998
vt 0.00000000 0.01999998
vt -0.01117497 0.00000000
vt 0.00000000 0.00000000
vt -0.01117497 0.01999998
vt 0.00000000 0.01999998
vt -0.00900495 0.00000000
vt 0.00000000 0.00000000
vt -0.00900495 0.01999998
vt 0.00000000 0.01999998
vt -0.01034498 0.00000000
vt 0.00000000 0.00000000
vt -0.01034498 0.01999998
vt 0.00000000 0.01999998
vt -0.00977898 0.00000000
vt 0.00000000 0.00000000
vt -0.00977898 0.01999998
vt 0.00000000 0.01999998
vt -0.01102298 0.00000000
vt 0.00000000 0.00000000
vt -0.01102298 0.01999998
vt 0.00000000 0.01999998
vt -0.09179997 0.00000000
vt 0.00000000 0.00000000
vt -0.09179997 0.01999998
vt 0.00000000 0.01999998
vt -0.08823496 0.00000000
vt 0.00000000 0.00000000
vt -0.08823496 0.01999998
vt 0.00000000 0.01999998
vt -0.12060000 0.00000000
vt 0.00000000 0.00000000
vt -0.12060000 0.01999998
vt 0.00000000 0.01999998
vt -0.01117098 0.00000000
vt 0.00000000 0.00000000
vt -0.01117098 0.01999998
vt 0.00000000 0.01999998
vt -0.00854099 0.00000000
vt 0.00000000 0.00000000
vt -0.00854099 0.01999998
vt 0.00000000 0.01999998
vt -0.01335698 0.00000000
vt 0.00000000 0.00000000
vt -0.01335698 0.01999998
vt 0.00000000 0.01999998
vt -0.00900495 0.00000000
vt 0.00000000 0.00000000
vt -0.00900495 0.01999998
vt 0.00000000 0.01999998
vt -0.01034498 0.00000000
vt 0.00000000 0.00000000
vt -0.01034498 0.01999998
vt 0.00000000 0.01999998
vt -0.37277499 0.00000000
vt 0.00000000 0.00000000
vt -0.37277499 0.25999999
vt 0.00000000 0.25999999
f 1/1 2/2 3/3
f 3/3 2/2 4/4
f 4/4 2/2 5/5
f 4/4 5/5 6/6
f 6/6 5/5 7/7
f 6/6 7/7 8/8
f 8/8 7/7 9/9
f 8/8 9/9 10/10
f 10/10 9/9 11/11
f 10/10 11/11 12/12
f 12/12 11/11 13/13
f 12/12 13/13 14/14
f 14/14 13/13 15/15
f 14/14 15/15 16/16
f 16/16 15/15 17/17
f 16/16 17/17 18/18
f 18/18 17/17 19/19
f 18/18 19/19 20/20
f 20/20 19/19 21/21
f 20/20 21/21 22/22
f 22/22 21/21 23/23
f 22/22 23/23 24/24
f 25/25 26/26 27/27
f 25/25 27/27 28/28
f 29/29 30/30 31/31
f 31/31 30/30 32/32
f 33/33 34/34 35/35
f 35/35 34/34 36/36
f 37/37 38/38 39/39
f 39/39 38/38 40/40
f 41/41 42/42 43/43
f 43/43 42/42 44/44
f 45/45 46/46 47/47
f 47/47 46/46 48/48
f 48/48 46/46 49/49
f 48/48 49/49 50/50
f 50/50 49/49 51/51
f 50/50 51/51 52/52
f 52/52 51/51 53/53
f 52/52 53/53 54/54
f 54/54 53/53 55/55
f 54/54 55/55 56/56
f 56/56 55/55 57/57
f 56/56 57/57 58/58
f 58/58 57/57 59/59
f 58/58 59/59 60/60
f 60/60 59/59 61/61
f 60/60 61/61 62/62
f 62/62 61/61 63/63
f 62/62 63/63 64/64
f 64/64 63/63 65/65
f 64/64 65/65 66/66
f 66/66 65/65 67/67
f 66/66 67/67 68/68
f 68/68 67/67 69/69
f 68/68 69/69 70/70
f 71/71 72/72 73/73
f 73/73 72/72 74/74
f 75/75 76/76 77/77
f 77/77 76/76 78/78
f 77/77 78/78 79/79
f 76/76 75/75 80/80
f 80/80 75/75 81/81
f 80/80 81/81 82/82
f 82/82 81/81 83/83
f 82/82 83/83 84/84
f 84/84 83/83 85/85
f 85/85 83/83 86/86
f 85/85 86/86 87/87
f 87/87 86/86 88/88
f 87/87 88/88 89/89
f 89/89 88/88 90/90
f 89/89 90/90 91/91
f 91/91 90/90 92/92
f 91/91 92/92 93/93
f 93/93 92/92 94/94
f 93/93 94/94 95/95
f 95/95 94/94 96/96
f 95/95 96/96 97/97
f 95/95 97/97 98/98
f 98/98 97/97 99/99
f 98/98 99/99 100/100
f 100/100 99/99 101/101
f 100/100 101/101 102/102
f 102/102 101/101 103/103
f 103/103 101/101 104/104
f 104/104 101/101 105/105
f 104/104 105/105 106/106
f 106/106 105/105 107/107
f 106/106 107/107 108/108
f 108/108 107/107 109/109
f 109/109 107/107 110/110
f 109/109 110/110 111/111
f 111/111 110/110 112/112
f 112/112 110/110 113/113
f 112/112 113/113 114/114
f 114/114 113/113 115/115
f 115/115 113/113 116/116
f 115/115 116/116 79/79
f 79/79 116/116 77/77
f 117/117 118/118 119/119
f 119/119 118/118 120/120
f 119/119 120/120 121/121
f 121/121 120/120 122/122
f 121/121 122/122 123/123
f 123/123 122/122 124/124
f 123/123 124/124 125/125
f 125/125 124/124 126/126
f 126/126 124/124 127/127
f 126/126 127/127 128/128
f 128/128 127/127 129/129
f 128/128 129/129 130/130
f 130/130 129/129 131/131
f 130/130 131/131 132/132
f 132/132 131/131 133/133
f 132/132 133/133 134/134
f 134/134 133/133 135/135
f 134/134 135/135 136/136
f 136/136 135/135 137/137
f 137/137 135/135 138/138
f 137/137 138/138 139/139
f 139/139 138/138 140/140
f 139/139 140/140 141/141
f 141/141 140/140 142/142
f 141/141 142/142 143/143
f 144/144 145/145 146/146
f 146/146 145/145 147/147
f 148/148 149/149 150/150
f 150/150 149/149 151/151
f 152/152 153/153 154/154
f 154/154 153/153 155/155
f 154/154 155/155 156/156
f 156/156 155/155 157/157
f 156/156 157/157 158/158
f 158/158 157/157 159/159
f 158/158 159/159 160/160
f 160/160 159/159 161/161
f 161/161 159/159 162/162
f 161/161 162/162 163/163
f 163/163 162/162 164/164
f 163/163 164/164 165/165
f 165/165 164/164 166/166
f 165/165 166/166 167/167
f 167/167 166/166 168/168
f 167/167 168/168 169/169
f 169/169 168/168 170/170
f 169/169 170/170 171/171
f 171/171 170/170 172/172
f 172/172 170/170 173/173
f 172/172 173/173 174/174
f 174/174 173/173 175/175
f 174/174 175/175 176/176
f 176/176 175/175 177/177
f 176/176 177/177 178/178
f 179/179 180/180 181/181
f 181/181 180/180 182/182
f 181/181 182/182 183/183
f 183/183 182/182 184/184
f 183/183 184/184 185/185
f 186/186 187/187 179/179
f 179/179 187/187 188/188
f 179/179 188/188 180/180
f 189/189 190/190 186/186
f 186/186 190/190 191/191
f 186/186 191/191 187/187
f 192/192 193/193 189/189
f 189/189 193/193 194/194
f 189/189 194/194 190/190
f 193/193 192/192 195/195
f 195/195 192/192 196/196
f 195/195 196/196 197/197
f 197/197 196/196 198/198
f 198/198 196/196 199/199
f 199/199 196/196 200/200
f 199/199 200/200 201/201
f 201/201 200/200 202/202
f 201/201 202/202 203/203
f 203/203 202/202 204/204
f 203/203 204/204 205/205
f 203/203 205/205 206/206
f 206/206 205/205 207/207
f 206/206 207/207 208/208
f 208/208 207/207 209/209
f 208/208 209/209 210/210
f 210/210 209/209 211/211
f 210/210 211/211 212/212
f 212/212 211/211 213/213
f 212/212 213/213 214/214
f 214/214 213/213 215/215
f 214/214 215/215 216/216
f 216/216 215/215 217/217
f 217/217 215/215 218/218
f 217/217 218/218 219/219
f 219/219 218/218 220/220
f 219/219 220/220 185/185
f 185/185 220/220 183/183
f 221/221 222/222 223/223
f 223/223 222/222 224/224
f 223/223 224/224 225/225
f 225/225 224/224 226/226
f 225/225 226/226 227/227
f 227/227 226/226 228/228
f 227/227 228/228 229/229
f 229/229 228/228 230/230
f 230/230 228/228 231/231
f 230/230 231/231 232/232
f 232/232 231/231 233/233
f 232/232 233/233 234/234
f 234/234 233/233 235/235
f 234/234 235/235 236/236
f 236/236 235/235 237/237
f 236/236 237/237 238/238
f 238/238 237/237 239/239
f 238/238 239/239 240/240
f 240/240 239/239 241/241
f 241/241 239/239 242/242
f 241/241 242/242 243/243
f 243/243 242/242 244/244
f 243/243 244/244 245/245
f 245/245 244/244 246/246
f 245/245 246/246 247/247
f 248/248 249/249 250/250
f 250/250 249/249 251/251
f 250/250 251/251 252/252
f 252/252 251/251 253/253
f 252/252 253/253 254/254
f 254/254 253/253 255/255
f 254/254 255/255 256/256
f 256/256 255/255 257/257
f 257/257 255/255 258/258
f 257/257 258/258 259/259
f 259/259 258/258 260/260
f 259/259 260/260 261/261
f 261/261 260/260 262/262
f 261/261 262/262 263/263
f 263/263 262/262 264/264
f 263/263 264/264 265/265
f 265/265 264/264 266/266
f 265/265 266/266 267/267
f 267/267 266/266 268/268
f 268/268 266/266 269/269
f 268/268 269/269 270/270
f 270/270 269/269 271/271
f 270/270 271/271 272/272
f 272/272 271/271 273/273
f 272/272 273/273 274/274
f 275/275 276/276 277/277
f 277/277 276/276 278/278
f 277/277 278/278 279/279
f 279/279 278/278 280/280
f 279/279 280/280 281/281
f 282/282 283/283 275/275
f 275/275 283/283 284/284
f 275/275 284/284 276/276
f 285/285 286/286 282/282
f 282/282 286/286 287/287
f 282/282 287/287 283/283
f 288/288 289/289 285/285
f 285/285 289/289 290/290
f 285/285 290/290 286/286
f 289/289 288/288 291/291
f 291/291 288/288 292/292
f 291/291 292/292 293/293
f 293/293 292/292 294/294
f 294/294 292/292 295/295
f 295/295 292/292 296/296
f 295/295 296/296 297/297
f 297/297 296/296 298/298
f 297/297 298/298 299/299
f 299/299 298/298 300/300
f 299/299 300/300 301/301
f 299/299 301/301 302/302
f 302/302 301/301 303/303
f 302/302 303/303 304/304
f 304/304 303/303 305/305
f 304/304 305/305 306/306
f 306/306 305/305 307/307
f 306/306 307/307 308/308
f 308/308 307/307 309/309
f 308/308 309/309 310/310
f 310/310 309/309 311/311
f 310/310 311/311 312/312
f 312/312 311/311 313/313
f 313/313 311/311 314/314
f 313/313 314/314 315/315
f 315/315 314/314 316/316
f 315/315 316/316 281/281
f 281/281 316/316 279/279
f 317/317 318/318 319/319
f 319/319 318/318 320/320
f 319/319 320/320 321/321
f 321/321 320/320 322/322
f 321/321 322/322 323/323
f 324/324 325/325 317/317
f 317/317 325/325 326/326
f 317/317 326/326 318/318
f 327/327 328/328 324/324
f 324/324 328/328 329/329
f 324/324 329/329 325/325
f 330/330 331/331 327/327
f 327/327 331/331 332/332
f 327/327 332/332 328/328
f 331/331 330/330 333/333
f 333/333 330/330 334/334
f 333/333 334/334 335/335
f 335/335 334/334 336/336
f 336/336 334/334 337/337
f 336/336 337/337 338/338
f 338/338 337/337 339/339
f 338/338 339/339 340/340
f 340/340 339/339 341/341
f 340/340 341/341 342/342
f 342/342 341/341 343/343
f 343/343 341/341 344/344
f 343/343 344/344 345/345
f 345/345 344/344 346/346
f 345/345 346/346 347/347
f 347/347 346/346 348/348
f 347/347 348/348 349/349
f 349/349 348/348 350/350
f 349/349 350/350 351/351
f 351/351 350/350 352/352
f 351/351 352/352 353/353
f 353/353 352/352 354/354
f 353/353 354/354 355/355
f 353/353 355/355 356/356
f 356/356 355/355 357/357
f 356/356 357/357 358/358
f 358/358 357/357 321/321
f 358/358 321/321 323/323
f 359/359 360/360 361/361
f 361/361 360/360 362/362
f 363/363 364/364 365/365
f 365/365 364/364 366/366
f 367/367 368/368 369/369
f 369/369 368/368 370/370
f 370/370 368/368 371/371
f 370/370 371/371 372/372
f 372/372 371/371 373/373
f 372/372 373/373 374/374
f 374/374 373/373 375/375
f 374/374 375/375 376/376
f 376/376 375/375 377/377
f 376/376 377/377 378/378
f 378/378 377/377 379/379
f 378/378 379/379 380/380
f 380/380 379/379 381/381
f 380/380 381/381 382/382
f 382/382 381/381 383/383
f 382/382 383/383 384/384
f 384/384 383/383 385/385
f 384/384 385/385 386/386
f 386/386 385/385 387/387
f 386/386 387/387 388/388
f 388/388 387/387 389/389
f 388/388 389/389 390/390
f 390/390 389/389 391/391
f 390/390 391/391 392/392
f 393/393 394/394 395/395
f 395/395 394/394 396/396
f 397/397 398/398 399/399
f 399/399 398/398 400/400
f 400/400 398/398 401/401
f 400/400 401/401 402/402
f 403/403 404/404 405/405
f 403/403 405/405 406/406
f 406/406 405/405 407/407
f 406/406 407/407 408/408
f 408/408 407/407 409/409
f 408/408 409/409 410/410
f 410/410 409/409 411/411
f 410/410 411/411 412/412
f 412/412 411/411 413/413
f 412/412 413/413 414/414
f 414/414 413/413 415/415
f 414/414 415/415 416/416
f 416/416 415/415 417/417
f 416/416 417/417 418/418
f 418/418 417/417 419/419
f 418/418 419/419 420/420
f 420/420 419/419 421/421
f 420/420 421/421 422/422
f 422/422 421/421 423/423
f 422/422 423/423 424/424
f 425/425 426/426 427/427
f 427/427 426/426 428/428
f 429/429 430/430 431/431
f 431/431 430/430 432/432
f 431/431 432/432 433/433
f 433/433 432/432 434/434
f 433/433 434/434 435/435
f 435/435 434/434 436/436
f 435/435 436/436 437/437
f 437/437 436/436 438/438
f 437/437 438/438 439/439
f 439/439 438/438 440/440
f 439/439 440/440 441/441
f 441/441 440/440 442/442
f 441/441 442/442 443/443
f 443/443 442/442 444/444
f 443/443 444/444 445/445
f 445/445 444/444 446/446
f 445/445 446/446 447/447
f 447/447 446/446 448/448
f 447/447 448/448 449/449
f 449/449 448/448 450/450
f 449/449 450/450 451/451
f 452/452 453/453 454/454
f 454/454 453/453 455/455
f 456/456 457/457 458/458
f 458/458 457/457 459/459
f 458/458 459/459 460/460
f 460/460 459/459 461/461
f 460/460 461/461 462/462
f 462/462 461/461 463/463
f 462/462 463/463 464/464
f 464/464 463/463 465/465
f 464/464 465/465 466/466
f 466/466 465/465 467/467
f 466/466 467/467 468/468
f 468/468 467/467 469/469
f 468/468 469/469 470/470
f 470/470 469/469 471/471
f 470/470 471/471 472/472
f 472/472 471/471 473/473
f 472/472 473/473 474/474
f 474/474 473/473 475/475
f 474/474 475/475 476/476
f 476/476 475/475 477/477
f 476/476 477/477 478/478
f 479/479 480/480 481/481
f 481/481 480/480 482/482
f 483/483 484/484 485/485
f 485/485 484/484 486/486
f 485/485 486/486 487/487
f 487/487 486/486 488/488
f 487/487 488/488 489/489
f 489/489 488/488 490/490
f 489/489 490/490 491/491
f 491/491 490/490 492/492
f 491/491 492/492 493/493
f 493/493 492/492 494/494
f 493/493 494/494 495/495
f 495/495 494/494 496/496
f 495/495 496/496 497/497
f 497/497 496/496 498/498
f 497/497 498/498 499/499
f 499/499 498/498 500/500
f 499/499 500/500 501/501
f 501/501 500/500 502/502
f 501/501 502/502 503/503
f 503/503 502/502 504/504
f 503/503 504/504 505/505
f 506/506 507/507 508/508
f 508/508 507/507 509/509
f 510/510 511/511 512/512
f 512/512 511/511 513/513
f 512/512 513/513 514/514
f 514/514 513/513 515/515
f 514/514 515/515 516/516
f 516/516 515/515 517/517
f 516/516 517/517 518/518
f 518/518 517/517 519/519
f 518/518 519/519 520/520
f 520/520 519/519 521/521
f 520/520 521/521 522/522
f 522/522 521/521 523/523
f 522/522 523/523 524/524
f 524/524 523/523 525/525
f 524/524 525/525 526/526
f 526/526 525/525 527/527
f 526/526 527/527 528/528
f 528/528 527/527 529/529
f 528/528 529/529 530/530
f 530/530 529/529 531/531
f 530/530 531/531 532/532
f 533/533 534/534 535/535
f 535/535 534/534 536/536
f 537/537 538/538 539/539
f 539/539 538/538 540/540
f 539/539 540/540 541/541
f 542/542 543/543 537/537
f 537/537 543/543 544/544
f 537/537 544/544 545/545
f 542/542 546/546 543/543
f 543/543 546/546 547/547
f 543/543 547/547 548/548
f 545/545 549/549 537/537
f 537/537 549/549 538/538
f 538/538 550/550 540/540
f 540/540 550/550 551/551
f 551/551 550/550 552/552
f 551/551 552/552 553/553
f 553/553 552/552 554/554
f 553/553 554/554 555/555
f 556/556 557/557 550/550
f 550/550 557/557 558/558
f 550/550 558/558 559/559
f 559/559 558/558 560/560
f 559/559 560/560 561/561
f 561/561 560/560 562/562
f 561/561 562/562 563/563
f 557/557 556/556 564/564
f 564/564 556/556 565/565
f 564/564 565/565 566/566
f 567/567 568/568 566/566
f 566/566 568/568 569/569
f 566/566 569/569 570/570
f 570/570 569/569 571/571
f 571/571 569/569 572/572
f 572/572 569/569 573/573
f 573/573 569/569 574/574
f 574/574 569/569 575/575
f 574/574 575/575 576/576
f 567/567 577/577 568/568
f 568/568 577/577 578/578
f 568/568 578/578 579/579
f 580/580 581/581 579/579
f 579/579 581/581 582/582
f 579/579 582/582 583/583
f 583/583 568/568 579/579
f 576/576 584/584 574/574
f 574/574 584/584 585/585
f 586/586 587/587 570/570
f 570/570 587/587 564/564
f 570/570 564/564 566/566
f 586/586 588/588 587/587
f 587/587 588/588 589/589
f 589/589 588/588 590/590
f 589/589 590/590 591/591
f 592/592 593/593 591/591
f 591/591 593/593 594/594
f 591/591 594/594 589/589
f 589/589 594/594 595/595
f 595/595 594/594 596/596
f 595/595 596/596 597/597
f 597/597 596/596 598/598
f 597/597 598/598 599/599
f 599/599 598/598 600/600
f 600/600 598/598 601/601
f 600/600 601/601 602/602
f 602/602 601/601 603/603
f 593/593 592/592 604/604
f 604/604 592/592 605/605
f 604/604 605/605 606/606
f 606/606 607/607 604/604
f 604/604 607/607 608/608
f 608/608 607/607 609/609
f 609/609 607/607 610/610
f 610/610 607/607 611/611
f 612/612 613/613 604/604
f 604/604 613/613 614/614
f 604/604 614/614 615/615
f 616/616 617/617 612/612
f 612/612 617/617 618/618
f 612/612 618/618 619/619
f 616/616 620/620 617/617
f 617/617 620/620 621/621
f 617/617 621/621 622/622
f 619/619 623/623 612/612
f 612/612 623/623 624/624
f 612/612 624/624 625/625
f 623/623 626/626 624/624
f 624/624 626/626 627/627
f 627/627 626/626 628/628
f 627/627 628/628 629/629
f 629/629 628/628 630/630
f 630/630 628/628 631/631
f 630/630 631/631 632/632
f 632/632 631/631 633/633
f 632/632 633/633 634/634
f 635/635 636/636 634/634
f 634/634 636/636 637/637
f 634/634 637/637 638/638
f 638/638 637/637 639/639
f 639/639 637/637 640/640
f 640/640 637/637 641/641
f 641/641 637/637 642/642
f 642/642 637/637 643/643
f 642/642 643/643 644/644
f 635/635 645/645 636/636
f 636/636 645/645 646/646
f 636/636 646/646 647/647
f 648/648 649/649 647/647
f 647/647 649/649 650/650
f 647/647 650/650 651/651
f 651/651 636/636 647/647
f 644/644 652/652 642/642
f 642/642 652/652 653/653
f 654/654 655/655 638/638
f 638/638 655/655 632/632
f 638/638 632/632 634/634
f 655/655 654/654 656/656
f 656/656 654/654 657/657
f 656/656 657/657 551/551
f 541/541 658/658 539/539
f 539/539 658/658 659/659
f 539/539 659/659 660/660
f 661/661 662/662 660/660
f 660/660 662/662 663/663
f 660/660 663/663 664/664
f 664/664 539/539 660/660
f 665/665 666/666 667/667
f 667/667 666/666 668/668
f 667/667 668/668 669/669
f 667/667 669/669 670/670
f 670/670 669/669 671/671
f 670/670 671/671 672/672
f 672/672 671/671 673/673
f 673/673 671/671 674/674
f 673/673 674/674 675/675
f 673/673 675/675 625/625
f 625/625 675/675 676/676
f 625/625 676/676 612/612
f 612/612 676/676 677/677
f 612/612 677/677 678/678
f 678/678 679/679 612/612
f 612/612 679/679 680/680
f 612/612 680/680 681/681
f 681/681 682/682 612/612
f 612/612 682/682 613/613
f 615/615 683/683 604/604
f 604/604 683/683 684/684
f 604/604 684/684 685/685
f 685/685 686/686 604/604
f 604/604 686/686 687/687
f 604/604 687/687 688/688
f 688/688 687/687 689/689
f 689/689 687/687 690/690
f 689/689 690/690 691/691
f 692/692 693/693 691/691
f 691/691 693/693 694/694
f 691/691 694/694 689/689
f 692/692 695/695 693/693
f 693/693 695/695 696/696
f 693/693 696/696 697/697
f 697/697 696/696 698/698
f 698/698 696/696 699/699
f 698/698 699/699 700/700
f 700/700 699/699 701/701
f 700/700 701/701 702/702
f 702/702 701/701 703/703
f 703/703 701/701 704/704
f 703/703 704/704 705/705
f 705/705 704/704 706/706
f 695/695 707/707 696/696
f 696/696 707/707 708/708
f 696/696 708/708 709/709
f 701/701 710/710 704/704
f 704/704 710/710 711/711
f 704/704 711/711 712/712
f 712/712 711/711 713/713
f 712/712 713/713 714/714
f 714/714 713/713 715/715
f 714/714 715/715 716/716
f 716/716 715/715 717/717
f 717/717 715/715 718/718
f 717/717 718/718 719/719
f 719/719 718/718 720/720
f 719/719 720/720 721/721
f 721/721 720/720 722/722
f 721/721 722/722 723/723
f 723/723 722/722 724/724
f 723/723 724/724 725/725
f 725/725 724/724 726/726
f 725/725 726/726 727/727
f 727/727 726/726 728/728
f 727/727 728/728 729/729
f 729/729 728/728 730/730
f 729/729 730/730 731/731
f 722/722 720/720 732/732
f 732/732 720/720 733/733
f 732/732 733/733 734/734
f 734/734 733/733 735/735
f 734/734 735/735 736/736
f 736/736 735/735 737/737
f 737/737 735/735 738/738
f 737/737 738/738 739/739
f 737/737 739/739 740/740
f 740/740 739/739 667/667
f 740/740 667/667 741/741
f 741/741 667/667 670/670
f 734/734 742/742 743/743
f 743/743 742/742 744/744
f 743/743 744/744 745/745
f 745/745 744/744 746/746
f 745/745 746/746 747/747
f 747/747 746/746 748/748
f 747/747 748/748 749/749
f 750/750 751/751 731/731
f 731/731 751/751 752/752
f 731/731 752/752 729/729
f 753/753 754/754 750/750
f 750/750 754/754 755/755
f 750/750 755/755 756/756
f 753/753 757/757 754/754
f 754/754 757/757 758/758
f 758/758 757/757 759/759
f 759/759 757/757 760/760
f 759/759 760/760 761/761
f 762/762 763/763 756/756
f 756/756 763/763 751/751
f 756/756 751/751 750/750
f 764/764 765/765 762/762
f 762/762 765/765 766/766
f 762/762 766/766 763/763
f 765/765 764/764 767/767
f 767/767 764/764 768/768
f 767/767 768/768 769/769
f 769/769 768/768 555/555
f 555/555 768/768 553/553
f 551/551 553/553 656/656
f 656/656 553/553 770/770
f 656/656 770/770 771/771
f 771/771 770/770 772/772
f 772/772 770/770 773/773
f 772/772 773/773 774/774
f 775/775 776/776 774/774
f 774/774 776/776 777/777
f 774/774 777/777 772/772
f 778/778 779/779 775/775
f 775/775 779/779 780/780
f 775/775 780/780 781/781
f 782/782 783/783 778/778
f 778/778 783/783 784/784
f 778/778 784/784 785/785
f 742/742 786/786 782/782
f 782/782 786/786 787/787
f 782/782 787/787 788/788
f 714/714 789/789 712/712
f 712/712 789/789 790/790
f 790/790 789/789 791/791
f 790/790 791/791 792/792
f 792/792 791/791 793/793
f 792/792 793/793 794/794
f 794/794 795/795 792/792
f 792/792 795/795 796/796
f 792/792 796/796 797/797
f 797/797 796/796 798/798
f 797/797 798/798 799/799
f 799/799 800/800 797/797
f 797/797 800/800 801/801
f 801/801 800/800 802/802
f 801/801 802/802 803/803
f 803/803 802/802 804/804
f 803/803 804/804 805/805
f 806/806 559/559 805/805
f 805/805 559/559 807/807
f 805/805 807/807 803/803
f 806/806 552/552 559/559
f 559/559 552/552 550/550
f 808/808 809/809 563/563
f 563/563 809/809 810/810
f 563/563 810/810 561/561
f 808/808 811/811 809/809
f 809/809 811/811 812/812
f 812/812 811/811 813/813
f 813/813 811/811 814/814
f 813/813 814/814 815/815
f 815/815 814/814 816/816
f 816/816 814/814 817/817
f 817/817 814/814 818/818
f 817/817 818/818 819/819
f 819/819 818/818 820/820
f 703/703 705/705 821/821
f 821/821 705/705 822/822
f 821/821 822/822 823/823
f 821/821 823/823 824/824
f 824/824 823/823 825/825
f 824/824 825/825 826/826
f 700/700 702/702 827/827
f 827/827 702/702 828/828
f 827/827 828/828 829/829
f 827/827 829/829 830/830
f 830/830 829/829 831/831
f 830/830 831/831 832/832
f 832/832 831/831 833/833
f 832/832 833/833 834/834
f 834/834 833/833 835/835
f 834/834 835/835 836/836
f 836/836 835/835 837/837
f 836/836 837/837 838/838
f 838/838 837/837 839/839
f 838/838 839/839 840/840
f 840/840 839/839 841/841
f 841/841 839/839 842/842
f 841/841 842/842 843/843
f 843/843 842/842 844/844
f 843/843 844/844 845/845
f 845/845 844/844 846/846
f 845/845 846/846 847/847
f 847/847 846/846 848/848
f 847/847 848/848 558/558
f 564/564 849/849 557/557
f 557/557 850/850 558/558
f 558/558 850/850 847/847
f 830/830 851/851 827/827
f 827/827 851/851 852/852
f 827/827 852/852 853/853
f 854/854 855/855 688/688
f 688/688 855/855 593/593
f 688/688 593/593 604/604
f 854/854 856/856 855/855
f 855/855 856/856 857/857
f 857/857 856/856 858/858
f 858/858 856/856 859/859
f 600/600 602/602 860/860
f 860/860 602/602 861/861
f 860/860 861/861 862/862
f 734/734 736/736 742/742
f 742/742 736/736 863/863
f 742/742 863/863 786/786
f 864/864 865/865 788/788
f 788/788 865/865 866/866
f 788/788 866/866 782/782
f 782/782 866/866 783/783
f 864/864 867/867 865/865
f 785/785 779/779 778/778
f 868/868 776/776 781/781
f 781/781 776/776 775/775
f 869/869 870/870 871/871
f 871/871 870/870 872/872
f 871/871 872/872 873/873
f 873/873 872/872 874/874
f 874/874 872/872 875/875
f 875/875 872/872 876/876
f 876/876 872/872 877/877
f 870/870 869/869 878/878
f 878/878 869/869 879/879
f 878/878 879/879 880/880
f 880/880 881/881 878/878
f 878/878 881/881 882/882
f 878/878 882/882 883/883
f 878/878 884/884 870/870
f 870/870 884/884 885/885
f 870/870 885/885 886/886
f 886/886 885/885 887/887
f 886/886 887/887 888/888
f 885/885 884/884 889/889
f 889/889 884/884 890/890
f 889/889 890/890 891/891
f 891/891 892/892 889/889
f 889/889 892/892 893/893
f 889/889 893/893 894/894
f 889/889 894/894 895/895
f 895/895 894/894 896/896
f 895/895 896/896 897/897
f 898/898 899/899 885/885
f 885/885 899/899 900/900
f 885/885 900/900 887/887
f 888/888 901/901 886/886
f 886/886 901/901 902/902
f 886/886 903/903 870/870
f 870/870 903/903 904/904
f 904/904 903/903 905/905
f 905/905 903/903 906/906
f 906/906 903/903 907/907
f 907/907 903/903 908/908
f 908/908 903/903 909/909
f 909/909 903/903 910/910
f 909/909 910/910 911/911
f 912/912 913/913 914/914
f 914/914 913/913 915/915
f 916/916 917/917 918/918
f 918/918 917/917 919/919
f 920/920 917/917 921/921
f 921/921 917/917 922/922
f 921/921 922/922 923/923
f 923/923 922/922 924/924
f 923/923 924/924 925/925
f 925/925 924/924 926/926
f 925/925 926/926 927/927
f 927/927 926/926 928/928
f 927/927 928/928 929/929
f 929/929 928/928 930/930
f 929/929 930/930 931/931
f 931/931 930/930 932/932
f 933/933 934/934 935/935
f 935/935 934/934 936/936
f 937/937 938/938 939/939
f 939/939 938/938 940/940
f 939/939 940/940 941/941
f 941/941 940/940 942/942
f 941/941 942/942 943/943
f 943/943 942/942 944/944
f 943/943 944/944 945/945
f 945/945 944/944 946/946
f 945/945 946/946 947/947
f 947/947 946/946 948/948
f 947/947 948/948 949/949
f 949/949 948/948 950/950
f 951/951 952/952 953/953
f 953/953 952/952 954/954
f 955/955 956/956 957/957
f 957/957 956/956 958/958
f 959/959 960/960 961/961
f 961/961 960/960 962/962
f 961/961 962/962 963/963
f 963/963 962/962 964/964
f 963/963 964/964 965/965
f 965/965 964/964 966/966
f 965/965 966/966 967/967
f 967/967 966/966 968/968
f 967/967 968/968 969/969
f 969/969 968/968 970/970
f 969/969 970/970 971/971
f 971/971 970/970 972/972
f 973/973 974/974 975/975
f 975/975 974/974 976/976
f 975/975 976/976 977/977
f 977/977 976/976 978/978
f 979/979 980/980 981/981
f 981/981 980/980 982/982
f 983/983 984/984 985/985
f 985/985 984/984 986/986
f 985/985 986/986 987/987
f 987/987 986/986 988/988
f 987/987 988/988 989/989
f 989/989 988/988 990/990
f 989/989 990/990 991/991
f 991/991 990/990 992/992
f 991/991 992/992 993/993
f 993/993 992/992 994/994
f 993/993 994/994 995/995
f 995/995 994/994 996/996
f 995/995 996/996 997/997
f 997/997 996/996 998/998
f 997/997 998/998 999/999
f 999/999 998/998 1000/1000
f 1001/1001 1002/1002 1003/1003
f 1003/1003 1002/1002 1004/1004
f 1005/1005 1006/1006 1007/1007
f 1007/1007 1006/1006 1008/1008
f 1007/1007 1008/1008 1009/1009
f 1009/1009 1008/1008 1010/1010
f 1011/1011 1012/1012 1013/1013
f 1013/1013 1012/1012 1014/1014
f 1013/1013 1014/1014 1015/1015
f 1015/1015 1014/1014 1016/1016
f 1015/1015 1016/1016 1017/1017
f 1017/1017 1016/1016 1018/1018
f 1017/1017 1018/1018 1019/1019
f 1019/1019 1018/1018 1020/1020
f 1019/1019 1020/1020 1021/1021
f 1021/1021 1020/1020 1022/1022
f 1021/1021 1022/1022 1023/1023
f 1023/1023 1022/1022 1024/1024
f 1025/1025 1026/1026 1027/1027
f 1027/1027 1026/1026 1028/1028
f 1027/1027 1028/1028 1029/1029
f 1029/1029 1028/1028 1030/1030
f 1029/1029 1030/1030 1031/1031
f 1031/1031 1030/1030 1032/1032
f 1028/1028 1033/1033 1030/1030
f 1030/1030 1033/1033 1034/1034
f 1034/1034 1033/1033 1035/1035
f 1034/1034 1035/1035 1036/1036
f 1036/1036 1035/1035 1037/1037
f 1036/1036 1037/1037 1038/1038
f 1038/1038 1039/1039 1036/1036
f 1036/1036 1039/1039 1040/1040
f 1040/1040 1039/1039 1041/1041
f 1040/1040 1041/1041 1042/1042
f 1042/1042 1041/1041 1043/1043
f 1043/1043 1041/1041 1044/1044
f 1043/1043 1044/1044 1045/1045
f 1045/1045 1044/1044 1046/1046
f 1045/1045 1046/1046 1047/1047
f 1047/1047 1046/1046 1048/1048
f 1047/1047 1048/1048 1049/1049
f 1049/1049 1048/1048 1050/1050
f 1049/1049 1050/1050 1051/1051
f 1051/1051 1052/1052 1049/1049
f 1049/1049 1052/1052 1053/1053
f 1053/1053 1052/1052 1054/1054
f 1053/1053 1054/1054 1055/1055
f 1036/1036 1056/1056 1034/1034
f 1034/1034 1056/1056 1057/1057
f 1034/1034 1057/1057 1058/1058
f 1056/1056 1059/1059 1057/1057
f 1058/1058 1060/1060 1034/1034
f 1061/1061 1062/1062 1063/1063
f 1063/1063 1062/1062 1064/1064
f 1065/1065 1066/1066 1067/1067
f 1067/1067 1066/1066 1068/1068
f 1069/1069 1070/1070 1071/1071
f 1071/1071 1070/1070 1072/1072
f 1073/1073 1074/1074 1075/1075
f 1075/1075 1074/1074 1076/1076
f 1077/1077 1078/1078 1079/1079
f 1079/1079 1078/1078 1080/1080
f 1081/1081 1082/1082 1083/1083
f 1083/1083 1082/1082 1084/1084
f 1085/1085 1086/1086 1087/1087
f 1087/1087 1086/1086 1088/1088
f 1089/1089 1090/1090 1091/1091
f 1091/1091 1090/1090 1092/1092
f 1093/1093 1094/1094 1095/1095
f 1095/1095 1094/1094 1096/1096
f 1097/1097 1098/1098 1099/1099
f 1099/1099 1098/1098 1100/1100
f 1101/1101 1102/1102 1103/1103
f 1103/1103 1102/1102 1104/1104
f 1105/1105 1106/1106 1107/1107
f 1107/1107 1106/1106 1108/1108
f 1109/1109 1110/1110 1111/1111
f 1111/1111 1110/1110 1112/1112
f 1113/1113 1114/1114 1115/1115
f 1115/1115 1114/1114 1116/1116
f 1117/1117 1118/1118 1119/1119
f 1119/1119 1118/1118 1120/1120
f 1121/1121 1122/1122 1123/1123
f 1123/1123 1122/1122 1124/1124
f 1125/1125 1126/1126 1127/1127
f 1127/1127 1126/1126 1128/1128
f 1129/1129 1130/1130 1131/1131
f 1131/1131 1130/1130 1132/1132
f 1133/1133 1134/1134 1135/1135
f 1135/1135 1134/1134 1136/1136
f 1137/1137 1138/1138 1139/1139
f 1139/1139 1138/1138 1140/1140
f 1141/1141 1142/1142 1143/1143
f 1143/1143 1142/1142 1144/1144
f 1145/1145 1146/1146 1147/1147
f 1147/1147 1146/1146 1148/1148
f 1149/1149 1150/1150 1151/1151
f 1151/1151 1150/1150 1152/1152
f 1153/1153 1154/1154 1155/1155
f 1155/1155 1154/1154 1156/1156
f 1157/1157 1158/1158 1159/1159
f 1159/1159 1158/1158 1160/1160
f 1161/1161 1162/1162 1163/1163
f 1163/1163 1162/1162 1164/1164
f 1165/1165 1166/1166 1167/1167
f 1167/1167 1166/1166 1168/1168
f 1169/1169 1170/1170 1171/1171
f 1171/1171 1170/1170 1172/1172
f 1173/1173 1174/1174 1175/1175
f 1175/1175 1174/1174 1176/1176
f 1177/1177 1178/1178 1179/1179
f 1179/1179 1178/1178 1180/1180
f 1181/1181 1182/1182 1183/1183
f 1183/1183 1182/1182 1184/1184
f 1185/1185 1186/1186 1187/1187
f 1187/1187 1186/1186 1188/1188
f 1189/1189 1190/1190 1191/1191
f 1191/1191 1190/1190 1192/1192
f 1193/1193 1194/1194 1195/1195
f 1195/1195 1194/1194 1196/1196
f 1197/1197 1198/1198 1199/1199
f 1199/1199 1198/1198 1200/1200
f 1201/1201 1202/1202 1203/1203
f 1203/1203 1202/1202 1204/1204
f 1205/1205 1206/1206 1207/1207
f 1207/1207 1206/1206 1208/1208
f 1207/1207 1208/1208 1209/1209
f 1209/1209 1208/1208 1210/1210
f 1209/1209 1210/1210 1211/1211
f 1211/1211 1210/1210 1212/1212
f 1211/1211 1212/1212 1213/1213
f 1213/1213 1214/1214 1211/1211
f 1211/1211 1214/1214 1215/1215
f 1215/1215 1214/1214 1216/1216
f 1215/1215 1216/1216 1217/1217
f 1215/1215 1217/1217 1218/1218
f 1218/1218 1217/1217 1219/1219
f 1218/1218 1219/1219 1220/1220
f 1218/1218 1220/1220 1221/1221
f 1221/1221 1220/1220 1222/1222
f 1221/1221 1222/1222 1223/1223
f 1221/1221 1223/1223 1224/1224
f 1224/1224 1223/1223 1225/1225
f 1224/1224 1225/1225 1226/1226
f 1226/1226 1227/1227 1224/1224
f 1224/1224 1227/1227 1228/1228
f 1228/1228 1227/1227 1229/1229
f 1228/1228 1229/1229 1230/1230
f 1230/1230 1229/1229 1231/1231
f 1230/1230 1231/1231 1232/1232
f 1230/1230 1232/1232 1233/1233
f 1233/1233 1232/1232 1234/1234
f 1233/1233 1234/1234 1235/1235
f 1235/1235 1234/1234 1236/1236
f 1235/1235 1236/1236 1237/1237
f 1237/1237 1236/1236 1238/1238
f 1237/1237 1238/1238 1239/1239
f 1237/1237 1239/1239 1240/1240
f 1240/1240 1239/1239 1241/1241
f 1240/1240 1241/1241 1242/1242
f 1242/1242 1241/1241 1243/1243
f 1242/1242 1243/1243 1244/1244
f 1242/1242 1244/1244 1245/1245
f 1245/1245 1244/1244 1246/1246
f 1245/1245 1246/1246 1247/1247
f 1245/1245 1247/1247 1248/1248
f 1248/1248 1247/1247 1249/1249
f 1248/1248 1249/1249 1250/1250
f 1250/1250 1249/1249 1251/1251
f 1250/1250 1251/1251 1252/1252
f 1250/1250 1252/1252 1253/1253
f 1253/1253 1252/1252 1254/1254
f 1253/1253 1254/1254 1255/1255
f 1255/1255 1254/1254 1205/1205
f 1255/1255 1205/1205 1207/1207
f 1256/1256 1257/1257 1258/1258
f 1258/1258 1257/1257 1259/1259
f 1258/1258 1259/1259 1260/1260
f 1260/1260 1259/1259 1261/1261
f 1260/1260 1261/1261 1262/1262
f 1262/1262 1261/1261 1263/1263
f 1264/1264 1265/1265 1259/1259
f 1259/1259 1265/1265 1266/1266
f 1259/1259 1266/1266 1267/1267
f 1264/1264 1268/1268 1265/1265
f 1267/1267 1261/1261 1259/1259
f 1258/1258 1269/1269 1256/1256
f 1256/1256 1269/1269 1270/1270
f 1270/1270 1269/1269 1271/1271
f 1271/1271 1269/1269 1272/1272
f 1272/1272 1269/1269 1273/1273
f 1273/1273 1269/1269 1274/1274
f 1275/1275 1276/1276 1277/1277
f 1277/1277 1276/1276 1278/1278
f 1279/1279 1280/1280 1281/1281
f 1281/1281 1280/1280 1282/1282
f 1283/1283 1284/1284 1285/1285
f 1285/1285 1284/1284 1286/1286
f 1287/1287 1288/1288 1289/1289
f 1289/1289 1288/1288 1290/1290
f 1291/1291 1292/1292 1293/1293
f 1293/1293 1292/1292 1294/1294
f 1295/1295 1296/1296 1297/1297
f 1297/1297 1296/1296 1298/1298
f 1299/1299 1300/1300 1301/1301
f 1301/1301 1300/1300 1302/1302
f 1303/1303 1304/1304 1305/1305
f 1305/1305 1304/1304 1306/1306
f 1307/1307 1308/1308 1309/1309
f 1310/1310 1311/1311 1312/1312
f 1313/1313 1314/1314 1315/1315
f 1315/1315 1314/1314 1316/1316
f 1317/1317 1318/1318 1319/1319
f 1319/1319 1318/1318 1320/1320
f 1321/1321 1322/1322 1323/1323
f 1323/1323 1322/1322 1324/1324
f 1325/1325 1326/1326 1327/1327
f 1327/1327 1326/1326 1328/1328
f 1329/1329 1330/1330 1331/1331
f 1331/1331 1330/1330 1332/1332
f 1333/1333 1334/1334 1335/1335
f 1335/1335 1334/1334 1336/1336
f 1337/1337 1338/1338 1339/1339
f 1339/1339 1338/1338 1340/1340
f 1341/1341 1342/1342 1343/1343
f 1343/1343 1342/1342 1344/1344
f 1345/1345 1346/1346 1347/1347
f 1347/1347 1346/1346 1348/1348
f 1349/1349 1350/1350 1351/1351
f 1351/1351 1350/1350 1352/1352
f 1353/1353 1354/1354 1355/1355
f 1355/1355 1354/1354 1356/1356
f 1357/1357 1358/1358 1359/1359
f 1359/1359 1358/1358 1360/1360
f 1361/1361 1362/1362 1363/1363
f 1363/1363 1362/1362 1364/1364
f 1365/1365 1366/1366 1367/1367
f 1367/1367 1366/1366 1368/1368
f 1369/1369 1370/1370 1371/1371
f 1371/1371 1370/1370 1372/1372
f 1373/1373 1374/1374 1375/1375
f 1375/1375 1374/1374 1376/1376
f 1377/1377 1378/1378 1379/1379
f 1379/1379 1378/1378 1380/1380
f 1381/1381 1382/1382 1383/1383
f 1383/1383 1382/1382 1384/1384
f 1385/1385 1386/1386 1387/1387
f 1387/1387 1386/1386 1388/1388
f 1389/1389 1390/1390 1391/1391
f 1391/1391 1390/1390 1392/1392
f 1393/1393 1394/1394 1395/1395
f 1395/1395 1394/1394 1396/1396
f 1397/1397 1398/1398 1399/1399
f 1399/1399 1398/1398 1400/1400
f 1401/1401 1402/1402 1403/1403
f 1403/1403 1402/1402 1404/1404
f 1405/1405 1406/1406 1407/1407
f 1407/1407 1406/1406 1408/1408
f 1409/1409 1410/1410 1411/1411
f 1411/1411 1410/1410 1412/1412
f 1413/1413 1414/1414 1415/1415
f 1415/1415 1414/1414 1416/1416
f 1417/1417 1418/1418 1419/1419
f 1419/1419 1418/1418 1420/1420
f 1421/1421 1422/1422 1423/1423
f 1423/1423 1422/1422 1424/1424
f 1425/1425 1426/1426 1427/1427
f 1427/1427 1426/1426 1428/1428
f 1429/1429 1430/1430 1431/1431
f 1431/1431 1430/1430 1432/1432
f 1433/1433 1434/1434 1435/1435
f 1435/1435 1434/1434 1436/1436
f 1437/1437 1438/1438 1439/1439
f 1439/1439 1438/1438 1440/1440
f 1441/1441 1442/1442 1443/1443
f 1443/1443 1442/1442 1444/1444
f 1445/1445 1446/1446 1447/1447
f 1447/1447 1446/1446 1448/1448
f 1449/1449 1450/1450 1451/1451
f 1451/1451 1450/1450 1452/1452
f 1453/1453 1454/1454 1455/1455
f 1455/1455 1454/1454 1456/1456
f 1457/1457 1458/1458 1459/1459
f 1459/1459 1458/1458 1460/1460
f 1461/1461 1462/1462 1463/1463
f 1463/1463 1462/1462 1464/1464
f 1465/1465 1466/1466 1467/1467
f 1467/1467 1466/1466 1468/1468
f 1469/1469 1470/1470 1471/1471
f 1471/1471 1470/1470 1472/1472
f 1473/1473 1474/1474 1475/1475
f 1475/1475 1474/1474 1476/1476
f 1477/1477 1478/1478 1479/1479
f 1479/1479 1478/1478 1480/1480
f 1481/1481 1482/1482 1483/1483
f 1483/1483 1482/1482 1484/1484
f 1483/1483 1484/1484 1485/1485
f 1484/1484 1482/1482 1486/1486
f 1486/1486 1482/1482 1487/1487
f 1486/1486 1487/1487 1488/1488
f 1488/1488 1489/1489 1486/1486
f 1486/1486 1489/1489 1490/1490
f 1490/1490 1489/1489 1491/1491
f 1490/1490 1491/1491 1492/1492
f 1492/1492 1491/1491 1493/1493
f 1492/1492 1493/1493 1494/1494
f 1492/1492 1494/1494 1495/1495
f 1495/1495 1494/1494 1496/1496
f 1495/1495 1496/1496 1497/1497
f 1497/1497 1496/1496 1498/1498
f 1497/1497 1498/1498 1499/1499
f 1499/1499 1498/1498 1500/1500
f 1500/1500 1498/1498 1501/1501
f 1500/1500 1501/1501 1502/1502
f 1502/1502 1501/1501 1503/1503
f 1502/1502 1503/1503 1504/1504
f 1504/1504 1503/1503 1505/1505
f 1505/1505 1503/1503 1506/1506
f 1506/1506 1503/1503 1507/1507
f 1506/1506 1507/1507 1508/1508
f 1508/1508 1507/1507 1509/1509
f 1509/1509 1507/1507 1510/1510
f 1510/1510 1507/1507 1511/1511
f 1510/1510 1511/1511 1512/1512
f 1512/1512 1511/1511 1513/1513
f 1512/1512 1513/1513 1514/1514
f 1514/1514 1513/1513 1515/1515
f 1514/1514 1515/1515 1516/1516
f 1516/1516 1515/1515 1517/1517
f 1516/1516 1518/1518 1514/1514
f 1519/1519 1520/1520 1514/1514
f 1514/1514 1520/1520 1512/1512
f 1492/1492 1521/1521 1490/1490
f 1490/1490 1521/1521 1522/1522
f 1490/1490 1522/1522 1523/1523
f 1523/1523 1522/1522 1524/1524
f 1524/1524 1522/1522 1525/1525
f 1524/1524 1525/1525 1526/1526
f 1521/1521 1527/1527 1522/1522
f 1522/1522 1528/1528 1525/1525
f 1529/1529 1530/1530 1531/1531
f 1531/1531 1530/1530 1532/1532
f 1533/1533 1534/1534 1535/1535
f 1535/1535 1534/1534 1536/1536
f 1537/1537 1538/1538 1539/1539
f 1539/1539 1538/1538 1540/1540
f 1541/1541 1542/1542 1543/1543
f 1543/1543 1542/1542 1544/1544
f 1545/1545 1546/1546 1547/1547
f 1547/1547 1546/1546 1548/1548
f 1549/1549 1550/1550 1551/1551
f 1551/1551 1550/1550 1552/1552
f 1553/1553 1554/1554 1555/1555
f 1555/1555 1554/1554 1556/1556
f 1557/1557 1558/1558 1559/1559
f 1559/1559 1558/1558 1560/1560
f 1561/1561 1562/1562 1563/1563
f 1563/1563 1562/1562 1564/1564
f 1565/1565 1566/1566 1567/1567
f 1567/1567 1566/1566 1568/1568
f 1569/1569 1570/1570 1571/1571
f 1571/1571 1570/1570 1572/1572
f 1573/1573 1574/1574 1575/1575
f 1575/1575 1574/1574 1576/1576
f 1577/1577 1578/1578 1579/1579
f 1579/1579 1578/1578 1580/1580
f 1581/1581 1582/1582 1583/1583
f 1583/1583 1582/1582 1584/1584
f 1585/1585 1586/1586 1587/1587
f 1587/1587 1586/1586 1588/1588
f 1589/1589 1590/1590 1591/1591
f 1591/1591 1590/1590 1592/1592
f 1593/1593 1594/1594 1595/1595
f 1595/1595 1594/1594 1596/1596
f 1597/1597 1598/1598 1599/1599
f 1599/1599 1598/1598 1600/1600
f 1601/1601 1602/1602 1603/1603
f 1603/1603 1602/1602 1604/1604
f 1605/1605 1606/1606 1607/1607
f 1607/1607 1606/1606 1608/1608
f 1609/1609 1610/1610 1611/1611
f 1611/1611 1610/1610 1612/1612
f 1613/1613 1614/1614 1615/1615
f 1615/1615 1614/1614 1616/1616
f 1617/1617 1618/1618 1619/1619
f 1619/1619 1618/1618 1620/1620
f 1621/1621 1622/1622 1623/1623
f 1623/1623 1622/1622 1624/1624
f 1625/1625 1626/1626 1627/1627
f 1627/1627 1626/1626 1628/1628
f 1629/1629 1630/1630 1631/1631
f 1631/1631 1630/1630 1632/1632
f 1633/1633 1634/1634 1635/1635
f 1635/1635 1634/1634 1636/1636
f 1637/1637 1638/1638 1639/1639
f 1639/1639 1638/1638 1640/1640
f 1641/1641 1642/1642 1643/1643
f 1643/1643 1642/1642 1644/1644
f 1645/1645 1646/1646 1647/1647
f 1647/1647 1646/1646 1648/1648
f 1649/1649 1650/1650 1651/1651
f 1651/1651 1650/1650 1652/1652
f 1653/1653 1654/1654 1655/1655
f 1655/1655 1654/1654 1656/1656
f 1657/1657 1658/1658 1659/1659
f 1659/1659 1658/1658 1660/1660
f 1661/1661 1662/1662 1663/1663
f 1663/1663 1662/1662 1664/1664
f 1665/1665 1666/1666 1667/1667
f 1667/1667 1666/1666 1668/1668
f 1669/1669 1670/1670 1671/1671
f 1671/1671 1670/1670 1672/1672
f 1673/1673 1674/1674 1675/1675
f 1675/1675 1674/1674 1676/1676
f 1677/1677 1678/1678 1679/1679
f 1679/1679 1678/1678 1680/1680
f 1681/1681 1682/1682 1683/1683
f 1683/1683 1682/1682 1684/1684
f 1685/1685 1686/1686 1687/1687
f 1687/1687 1686/1686 1688/1688
f 1689/1689 1690/1690 1691/1691
f 1691/1691 1690/1690 1692/1692
f 1693/1693 1694/1694 1695/1695
f 1695/1695 1694/1694 1696/1696
f 1697/1697 1698/1698 1699/1699
f 1699/1699 1698/1698 1700/1700
f 1701/1701 1702/1702 1703/1703
f 1703/1703 1702/1702 1704/1704
f 1705/1705 1706/1706 1707/1707
f 1707/1707 1706/1706 1708/1708
f 1709/1709 1710/1710 1711/1711
f 1711/1711 1710/1710 1712/1712
f 1713/1713 1714/1714 1715/1715
f 1715/1715 1714/1714 1716/1716
f 1717/1717 1718/1718 1719/1719
f 1719/1719 1718/1718 1720/1720
f 1721/1721 1722/1722 1723/1723
f 1723/1723 1722/1722 1724/1724
f 1723/1723 1724/1724 1725/1725
f 1722/1722 1721/1721 1726/1726
f 1726/1726 1721/1721 1727/1727
f 1726/1726 1727/1727 1728/1728
f 1728/1728 1727/1727 1729/1729
f 1729/1729 1727/1727 1730/1730
f 1730/1730 1727/1727 1731/1731
f 1730/1730 1731/1731 1732/1732
f 1732/1732 1731/1731 1733/1733
f 1734/1734 1735/1735 1725/1725
f 1725/1725 1735/1735 1736/1736
f 1725/1725 1736/1736 1737/1737
f 1738/1738 1739/1739 1734/1734
f 1734/1734 1739/1739 1740/1740
f 1734/1734 1740/1740 1741/1741
f 1741/1741 1740/1740 1742/1742
f 1741/1741 1742/1742 1743/1743
f 1743/1743 1742/1742 1744/1744
f 1743/1743 1744/1744 1745/1745
f 1745/1745 1744/1744 1746/1746
f 1739/1739 1738/1738 1747/1747
f 1747/1747 1738/1738 1748/1748
f 1747/1747 1748/1748 1749/1749
f 1749/1749 1748/1748 1750/1750
f 1749/1749 1750/1750 1751/1751
f 1751/1751 1750/1750 1752/1752
f 1743/1743 1753/1753 1741/1741
f 1741/1741 1753/1753 1754/1754
f 1741/1741 1754/1754 1755/1755
f 1755/1755 1756/1756 1741/1741
f 1741/1741 1756/1756 1757/1757
f 1734/1734 1741/1741 1735/1735
f 1735/1735 1741/1741 1758/1758
f 1735/1735 1758/1758 1759/1759
f 1759/1759 1758/1758 1760/1760
f 1759/1759 1760/1760 1761/1761
f 1761/1761 1760/1760 1762/1762
f 1761/1761 1762/1762 1763/1763
f 1763/1763 1764/1764 1761/1761
f 1765/1765 1766/1766 1737/1737
f 1737/1737 1766/1766 1725/1725
f 1766/1766 1767/1767 1725/1725
f 1725/1725 1767/1767 1723/1723
f 1768/1768 1769/1769 1770/1770
f 1770/1770 1769/1769 1771/1771
f 1772/1772 1773/1773 1774/1774
f 1774/1774 1773/1773 1775/1775
f 1776/1776 1777/1777 1778/1778
f 1778/1778 1777/1777 1779/1779
f 1780/1780 1781/1781 1782/1782
f 1782/1782 1781/1781 1783/1783
f 1784/1784 1785/1785 1786/1786
f 1786/1786 1785/1785 1787/1787
f 1788/1788 1789/1789 1790/1790
f 1790/1790 1789/1789 1791/1791
f 1792/1792 1793/1793 1794/1794
f 1794/1794 1793/1793 1795/1795
f 1796/1796 1797/1797 1798/1798
f 1798/1798 1797/1797 1799/1799
f 1800/1800 1801/1801 1802/1802
f 1802/1802 1801/1801 1803/1803
f 1804/1804 1805/1805 1806/1806
f 1806/1806 1805/1805 1807/1807
f 1808/1808 1809/1809 1810/1810
f 1810/1810 1809/1809 1811/1811
f 1812/1812 1813/1813 1814/1814
f 1814/1814 1813/1813 1815/1815
f 1816/1816 1817/1817 1818/1818
f 1818/1818 1817/1817 1819/1819
f 1820/1820 1821/1821 1822/1822
f 1822/1822 1821/1821 1823/1823
f 1824/1824 1825/1825 1826/1826
f 1826/1826 1825/1825 1827/1827
f 1828/1828 1829/1829 1830/1830
f 1830/1830 1829/1829 1831/1831
f 1832/1832 1833/1833 1834/1834
f 1834/1834 1833/1833 1835/1835
f 1836/1836 1837/1837 1838/1838
f 1838/1838 1837/1837 1839/1839
f 1840/1840 1841/1841 1842/1842
f 1842/1842 1841/1841 1843/1843
f 1844/1844 1845/1845 1846/1846
f 1846/1846 1845/1845 1847/1847
f 1848/1848 1849/1849 1850/1850
f 1850/1850 1849/1849 1851/1851
f 1852/1852 1853/1853 1854/1854
f 1854/1854 1853/1853 1855/1855
f 1856/1856 1857/1857 1858/1858
f 1858/1858 1857/1857 1859/1859
f 1860/1860 1861/1861 1862/1862
f 1862/1862 1861/1861 1863/1863
f 1864/1864 1865/1865 1866/1866
f 1866/1866 1865/1865 1867/1867
f 1868/1868 1869/1869 1870/1870
f 1870/1870 1869/1869 1871/1871
f 1872/1872 1873/1873 1874/1874
f 1874/1874 1873/1873 1875/1875
f 1876/1876 1877/1877 1878/1878
f 1878/1878 1877/1877 1879/1879
f 1880/1880 1881/1881 1882/1882
f 1882/1882 1881/1881 1883/1883
f 1884/1884 1885/1885 1886/1886
f 1886/1886 1885/1885 1887/1887
f 1888/1888 1889/1889 1890/1890
f 1890/1890 1889/1889 1891/1891
f 1892/1892 1893/1893 1894/1894
f 1894/1894 1893/1893 1895/1895
f 1896/1896 1897/1897 1898/1898
f 1898/1898 1897/1897 1899/1899
f 1900/1900 1901/1901 1902/1902
f 1902/1902 1901/1901 1903/1903
f 1904/1904 1905/1905 1906/1906
f 1906/1906 1905/1905 1907/1907
f 1908/1908 1909/1909 1910/1910
f 1910/1910 1909/1909 1911/1911
f 1912/1912 1913/1913 1914/1914
f 1914/1914 1913/1913 1915/1915
f 1916/1916 1917/1917 1918/1918
f 1918/1918 1917/1917 1919/1919
f 1920/1920 1921/1921 1922/1922
f 1922/1922 1921/1921 1923/1923
f 1924/1924 1925/1925 1926/1926
f 1926/1926 1925/1925 1927/1927
f 1928/1928 1929/1929 1930/1930
f 1930/1930 1929/1929 1931/1931
f 1932/1932 1933/1933 1934/1934
f 1934/1934 1933/1933 1935/1935
f 1936/1936 1937/1937 1938/1938
f 1938/1938 1937/1937 1939/1939
f 1940/1940 1941/1941 1942/1942
f 1942/1942 1941/1941 1943/1943
f 1944/1944 1945/1945 1946/1946
f 1946/1946 1945/1945 1947/1947
f 1948/1948 1949/1949 1950/1950
f 1950/1950 1949/1949 1951/1951
f 1952/1952 1953/1953 1954/1954
f 1954/1954 1953/1953 1955/1955
f 1956/1956 1957/1957 1958/1958
f 1958/1958 1957/1957 1959/1959
f 1958/1958 1959/1959 1960/1960
f 1960/1960 1959/1959 1961/1961
f 1961/1961 1959/1959 1962/1962
f 1960/1960 1963/1963 1958/1958
f 1958/1958 1963/1963 1964/1964
f 1964/1964 1963/1963 1965/1965
f 1964/1964 1965/1965 1966/1966
f 1965/1965 1963/1963 1967/1967
f 1967/1967 1963/1963 1968/1968
f 1967/1967 1968/1968 1969/1969
f 1969/1969 1968/1968 1970/1970
f 1970/1970 1968/1968 1971/1971
f 1970/1970 1971/1971 1972/1972
f 1972/1972 1971/1971 1973/1973
f 1973/1973 1971/1971 1974/1974
f 1975/1975 1976/1976 1966/1966
f 1966/1966 1976/1976 1977/1977
f 1966/1966 1977/1977 1978/1978
f 1979/1979 1980/1980 1975/1975
f 1975/1975 1980/1980 1981/1981
f 1975/1975 1981/1981 1976/1976
f 1982/1982 1983/1983 1979/1979
f 1979/1979 1983/1983 1984/1984
f 1979/1979 1984/1984 1980/1980
f 1966/1966 1978/1978 1964/1964
f 1964/1964 1978/1978 1985/1985
f 1964/1964 1985/1985 1986/1986
f 1986/1986 1985/1985 1987/1987
f 1958/1958 1988/1988 1956/1956
f 1956/1956 1988/1988 1989/1989
f 1990/1990 1991/1991 1992/1992
f 1992/1992 1991/1991 1993/1993
f 1994/1994 1995/1995 1996/1996
f 1996/1996 1995/1995 1997/1997
f 1998/1998 1999/1999 2000/2000
f 2000/2000 1999/1999 2001/2001
f 2002/2002 2003/2003 2004/2004
f 2004/2004 2003/2003 2005/2005
f 2006/2006 2007/2007 2008/2008
f 2008/2008 2007/2007 2009/2009
f 2010/2010 2011/2011 2012/2012
f 2012/2012 2011/2011 2013/2013
f 2014/2014 2015/2015 2016/2016
f 2016/2016 2015/2015 2017/2017
f 2018/2018 2019/2019 2020/2020
f 2020/2020 2019/2019 2021/2021
f 2022/2022 2023/2023 2024/2024
f 2024/2024 2023/2023 2025/2025
f 2026/2026 2027/2027 2028/2028
f 2028/2028 2027/2027 2029/2029
f 2030/2030 2031/2031 2032/2032
f 2032/2032 2031/2031 2033/2033
f 2034/2034 2035/2035 2036/2036
f 2036/2036 2035/2035 2037/2037
f 2038/2038 2039/2039 2040/2040
f 2040/2040 2039/2039 2041/2041
f 2042/2042 2043/2043 2044/2044
f 2044/2044 2043/2043 2045/2045
f 2046/2046 2047/2047 2048/2048
f 2048/2048 2047/2047 2049/2049
f 2050/2050 2051/2051 2052/2052
f 2052/2052 2051/2051 2053/2053
f 2054/2054 2055/2055 2056/2056
f 2056/2056 2055/2055 2057/2057
f 2058/2058 2059/2059 2060/2060
f 2060/2060 2059/2059 2061/2061
f 2062/2062 2063/2063 2064/2064
f 2064/2064 2063/2063 2065/2065
f 2066/2066 2067/2067 2068/2068
f 2068/2068 2067/2067 2069/2069
f 2070/2070 2071/2071 2072/2072
f 2072/2072 2071/2071 2073/2073
f 2074/2074 2075/2075 2076/2076
f 2076/2076 2075/2075 2077/2077
f 2078/2078 2079/2079 2080/2080
f 2080/2080 2079/2079 2081/2081
f 2082/2082 2083/2083 2084/2084
f 2084/2084 2083/2083 2085/2085
f 2086/2086 2087/2087 2088/2088
f 2088/2088 2087/2087 2089/2089
f 2090/2090 2091/2091 2092/2092
f 2092/2092 2091/2091 2093/2093
f 2094/2094 2095/2095 2096/2096
f 2096/2096 2095/2095 2097/2097
f 2098/2098 2099/2099 2100/2100
f 2100/2100 2099/2099 2101/2101
f 2102/2102 2103/2103 2104/2104
f 2104/2104 2103/2103 2105/2105
f 2106/2106 2107/2107 2108/2108
f 2108/2108 2107/2107 2109/2109
f 2110/2110 2111/2111 2112/2112
f 2112/2112 2111/2111 2113/2113
f 2114/2114 2115/2115 2116/2116
f 2116/2116 2115/2115 2117/2117
f 2118/2118 2119/2119 2120/2120
f 2120/2120 2119/2119 2121/2121
f 2122/2122 2123/2123 2124/2124
f 2124/2124 2123/2123 2125/2125
f 2126/2126 2127/2127 2128/2128
f 2128/2128 2127/2127 2129/2129

