mtllib material.mtl
usemtl material_nanoscan_3_2
v 0.53300000 -0.24634372 0.16745034
v 0.53300000 -0.26000001 0.16879544
v 0.53299999 -0.26021380 0.13446383
v 0.53300000 -0.27365630 0.16745034
v 0.53299999 -0.26943840 0.13319303
v 0.53299999 -0.28678780 0.16346693
v 0.53299999 -0.27801979 0.12957793
v 0.53299999 -0.29888991 0.15699823
v 0.53299999 -0.28537319 0.12386513
v 0.53299999 -0.30949751 0.14829283
v 0.53299999 -0.31820290 0.13768533
v 0.53299999 -0.29099739 0.11644372
v 0.53299999 -0.32467152 0.12558322
v 0.53299999 -0.29450911 0.10781963
v 0.53299999 -0.32865502 0.11245173
v 0.53299999 -0.29566910 0.09858039
v 0.53299999 -0.33000000 0.09879539
v 0.53299999 -0.32865501 0.08513907
v 0.53299999 -0.29439840 0.08935579
v 0.53299999 -0.32467151 0.07200754
v 0.53299999 -0.29078340 0.08077440
v 0.53299999 -0.31820289 0.05990547
v 0.53299999 -0.28507049 0.07342104
v 0.53299998 -0.30949751 0.04929791
v 0.53299998 -0.29888990 0.04059251
v 0.53299999 -0.27764910 0.06779684
v 0.53299998 -0.28678779 0.03412382
v 0.53299999 -0.26902500 0.06428508
v 0.53299998 -0.27365629 0.03014041
v 0.53299999 -0.25978580 0.06312506
v 0.53299998 -0.26000000 0.02879538
v 0.53299998 -0.24634370 0.03014042
v 0.53299999 -0.25056110 0.06439586
v 0.53299998 -0.23321220 0.03412383
v 0.53299999 -0.24197981 0.06801086
v 0.53299998 -0.22111009 0.04059252
v 0.53299999 -0.23462641 0.07372371
v 0.53299998 -0.21050249 0.04929792
v 0.53299999 -0.20179710 0.05990548
v 0.53299999 -0.22900221 0.08114511
v 0.53299999 -0.19532841 0.07200755
v 0.53299999 -0.22549040 0.08976924
v 0.53299999 -0.19134501 0.08513908
v 0.53299999 -0.22433041 0.09900846
v 0.53299999 -0.19000000 0.09879540
v 0.53299999 -0.19134501 0.11245174
v 0.53299999 -0.22560120 0.10823303
v 0.53299999 -0.19532841 0.12558323
v 0.53299999 -0.22921620 0.11681443
v 0.53299999 -0.20179711 0.13768534
v 0.53299999 -0.23492911 0.12416783
v 0.53299999 -0.21050250 0.14829284
v 0.53299999 -0.22111010 0.15699823
v 0.53299999 -0.24235051 0.12979203
v 0.53299999 -0.23321221 0.16346694
v 0.53299999 -0.25097460 0.13330374
v -0.50799998 -0.27562829 0.01016278
v -0.50799998 -0.26402950 0.02891155
v -0.50799998 -0.25999999 0.00879547
v -0.50799998 -0.25031839 0.02946823
v -0.50799998 -0.24437170 0.01016279
v -0.50799998 -0.23697929 0.03268913
v -0.50799998 -0.22921819 0.01422315
v -0.50799998 -0.22452499 0.03845046
v -0.50799998 -0.21500000 0.02085320
v -0.50799998 -0.20214910 0.02985148
v -0.50799998 -0.21343389 0.04653081
v -0.50799998 -0.19105600 0.04094460
v -0.50799998 -0.20413231 0.05661966
v -0.50799998 -0.18205770 0.05379548
v -0.50799998 -0.19697769 0.06832931
v -0.50799998 -0.17542771 0.06801367
v -0.50799997 -0.19224501 0.08120974
v -0.50799997 -0.17136730 0.08316716
v -0.50799997 -0.19011610 0.09476600
v -0.50799997 -0.17000000 0.09879549
v -0.50799997 -0.19067280 0.10847712
v -0.50799997 -0.17136731 0.11442383
v -0.50799997 -0.19389361 0.12181613
v -0.50799997 -0.17542771 0.12957733
v -0.50799997 -0.19965500 0.13427052
v -0.50799997 -0.18205771 0.14379543
v -0.50799997 -0.19105601 0.15664633
v -0.50799997 -0.20773530 0.14536163
v -0.50799997 -0.20214911 0.16773953
v -0.50799997 -0.21782420 0.15466322
v -0.50799997 -0.21500001 0.17673783
v -0.50799997 -0.22953381 0.16181782
v -0.50799996 -0.22921821 0.18336783
v -0.50799997 -0.24241431 0.16655053
v -0.50799996 -0.24437171 0.18742823
v -0.50799997 -0.25597050 0.16867943
v -0.50799996 -0.26000001 0.18879553
v -0.50799997 -0.26968161 0.16812271
v -0.50799996 -0.27562831 0.18742823
v -0.50799997 -0.28302071 0.16490181
v -0.50799996 -0.29078181 0.18336782
v -0.50799997 -0.29547501 0.15914052
v -0.50799997 -0.30500001 0.17673782
v -0.50799997 -0.31785090 0.16773952
v -0.50799997 -0.30656611 0.15106012
v -0.50799997 -0.32894402 0.15664632
v -0.50799997 -0.31586769 0.14097132
v -0.50799997 -0.33794232 0.14379542
v -0.50799997 -0.32302231 0.12926162
v -0.50799997 -0.34457230 0.12957732
v -0.50799997 -0.32775501 0.11638121
v -0.50799997 -0.34863270 0.11442382
v -0.50799997 -0.32988392 0.10282491
v -0.50799997 -0.35000000 0.09879548
v -0.50799997 -0.32932720 0.08911384
v -0.50799997 -0.34863270 0.08316715
v -0.50799997 -0.32610630 0.07577481
v -0.50799998 -0.34457229 0.06801366
v -0.50799998 -0.32034500 0.06332044
v -0.50799998 -0.33794231 0.05379547
v -0.50799998 -0.32894401 0.04094459
v -0.50799998 -0.31226471 0.05222935
v -0.50799998 -0.31785089 0.02985147
v -0.50799998 -0.30217580 0.04292777
v -0.50799998 -0.30499999 0.02085319
v -0.50799998 -0.29046619 0.03577316
v -0.50799998 -0.29078180 0.01422314
v -0.50799998 -0.27758569 0.03104046
v -0.50799997 -0.24241431 0.16655053
v -0.53299997 -0.24634372 0.16745043
v -0.50799997 -0.25597050 0.16867943
v -0.53299997 -0.26000001 0.16879553
v -0.50799997 -0.26968161 0.16812271
v -0.53299997 -0.27365630 0.16745043
v -0.50799997 -0.28302071 0.16490181
v -0.53299997 -0.28678780 0.16346703
v -0.50799997 -0.29547501 0.15914052
v -0.53299997 -0.29888991 0.15699832
v -0.50799997 -0.30656611 0.15106012
v -0.53299997 -0.30949751 0.14829292
v -0.50799997 -0.31586769 0.14097132
v -0.53299997 -0.31820290 0.13768542
v -0.50799997 -0.32302231 0.12926162
v -0.53299997 -0.32467152 0.12558332
v -0.50799997 -0.32775501 0.11638121
v -0.53299997 -0.32865502 0.11245182
v -0.50799997 -0.32988392 0.10282491
v -0.53299997 -0.33000000 0.09879548
v -0.50799997 -0.32932720 0.08911384
v -0.53299997 -0.32865501 0.08513916
v -0.50799997 -0.32610630 0.07577481
v -0.53299997 -0.32467151 0.07200763
v -0.50799998 -0.32034500 0.06332044
v -0.53299998 -0.31820289 0.05990556
v -0.50799998 -0.31226471 0.05222935
v -0.53299998 -0.30949751 0.04929800
v -0.50799998 -0.30217580 0.04292777
v -0.53299998 -0.29888990 0.04059260
v -0.50799998 -0.29046619 0.03577316
v -0.53299998 -0.28678779 0.03412391
v -0.50799998 -0.27758569 0.03104046
v -0.53299998 -0.27365629 0.03014051
v -0.50799998 -0.26402950 0.02891155
v -0.53299998 -0.26000000 0.02879548
v -0.50799998 -0.25031839 0.02946823
v -0.50799998 -0.25031839 0.02946823
v -0.53299998 -0.26000000 0.02879548
v -0.53299998 -0.24634370 0.03014051
v -0.50799998 -0.23697929 0.03268913
v -0.53299998 -0.23321220 0.03412392
v -0.50799998 -0.22452499 0.03845046
v -0.53299998 -0.22111009 0.04059261
v -0.50799998 -0.21343389 0.04653081
v -0.53299998 -0.21050249 0.04929801
v -0.50799998 -0.20413231 0.05661966
v -0.53299998 -0.20179710 0.05990557
v -0.50799998 -0.19697769 0.06832931
v -0.53299997 -0.19532841 0.07200764
v -0.50799997 -0.19224501 0.08120974
v -0.53299997 -0.19134501 0.08513917
v -0.50799997 -0.19011610 0.09476600
v -0.53299997 -0.19000000 0.09879549
v -0.50799997 -0.19067280 0.10847712
v -0.53299997 -0.19134501 0.11245183
v -0.50799997 -0.19389361 0.12181613
v -0.53299997 -0.19532841 0.12558332
v -0.50799997 -0.19965500 0.13427052
v -0.53299997 -0.20179711 0.13768543
v -0.50799997 -0.20773530 0.14536163
v -0.53299997 -0.21050250 0.14829293
v -0.50799997 -0.21782420 0.15466322
v -0.53299997 -0.22111010 0.15699833
v -0.50799997 -0.22953381 0.16181782
v -0.53299997 -0.23321221 0.16346703
v -0.25838509 -0.44799999 0.09942506
v -0.27499999 -0.43748489 0.09393020
v -0.25752898 -0.44799999 0.09493759
v -0.26335848 -0.44799999 0.10699639
v -0.27499999 -0.43748489 0.09393020
v -0.26037339 -0.44799999 0.10353809
v -0.27145119 -0.44799999 0.11106659
v -0.27499999 -0.43748489 0.09393020
v -0.26713688 -0.44799999 0.10956419
v -0.28049488 -0.44799999 0.11054518
v -0.27499999 -0.43748489 0.09393020
v -0.27600739 -0.44799999 0.11140118
v -0.28806618 -0.44799999 0.10557169
v -0.27499999 -0.43748489 0.09393020
v -0.28460789 -0.44799999 0.10855679
v -0.29213639 -0.44799999 0.09747899
v -0.27499999 -0.43748489 0.09393020
v -0.29063399 -0.44799999 0.10179329
v -0.29161500 -0.44799999 0.08843535
v -0.27499999 -0.43748489 0.09393020
v -0.29247099 -0.44799999 0.09292283
v -0.28664149 -0.44799999 0.08086404
v -0.27499999 -0.43748489 0.09393020
v -0.28962658 -0.44799999 0.08432231
v -0.27854878 -0.44799999 0.07679381
v -0.27499999 -0.43748489 0.09393020
v -0.28286309 -0.44799999 0.07829621
v -0.26950509 -0.44799999 0.07731526
v -0.27499999 -0.43748489 0.09393020
v -0.27399258 -0.44799999 0.07645922
v -0.26193379 -0.44799999 0.08228866
v -0.27499999 -0.43748489 0.09393020
v -0.26539208 -0.44799999 0.07930358
v -0.25786358 -0.44799999 0.09038144
v -0.27499999 -0.43748489 0.09393020
v -0.25936598 -0.44799999 0.08606713
v -0.27499999 -0.43748489 0.09393020
v -0.27145119 -0.44799999 0.11106659
v -0.27499999 -0.43748489 0.09393020
v -0.27499999 -0.43748489 0.09393020
v -0.27499999 -0.43748489 0.09393020
v -0.27499999 -0.43748489 0.09393020
v -0.27499999 -0.43748489 0.09393020
v -0.27499999 -0.43748489 0.09393020
v -0.27499999 -0.43748489 0.09393020
v -0.27499999 -0.43748489 0.09393020
v -0.27499999 -0.43748489 0.09393020
v -0.27499999 -0.43748489 0.09393020
v -0.27499999 -0.43748489 0.09393020
v 0.25761330 -0.44799999 0.08927141
v 0.27500000 -0.43718448 0.09393016
v 0.25700001 -0.44799999 0.09393016
v 0.26227209 -0.44799999 0.08120223
v 0.27500000 -0.43718448 0.09393016
v 0.25941160 -0.44799999 0.08493016
v 0.27034130 -0.44799999 0.07654349
v 0.27500000 -0.43718448 0.09393016
v 0.26600000 -0.44799999 0.07834170
v 0.27965870 -0.44799999 0.07654349
v 0.27500000 -0.43718448 0.09393016
v 0.27500000 -0.44799999 0.07593016
v 0.28772791 -0.44799999 0.08120223
v 0.27500000 -0.43718448 0.09393016
v 0.28400000 -0.44799999 0.07834170
v 0.29238670 -0.44799999 0.08927141
v 0.27500000 -0.43718448 0.09393016
v 0.29058849 -0.44799999 0.08493016
v 0.29238671 -0.44799999 0.09858891
v 0.27500000 -0.43718448 0.09393016
v 0.29299999 -0.44799999 0.09393015
v 0.28772791 -0.44799999 0.10665803
v 0.27500000 -0.43718448 0.09393016
v 0.29058850 -0.44799999 0.10293014
v 0.27965870 -0.44799999 0.11131684
v 0.27500000 -0.43718448 0.09393016
v 0.28400000 -0.44799999 0.10951864
v 0.27034130 -0.44799999 0.11131684
v 0.27500000 -0.43718448 0.09393016
v 0.27500000 -0.44799999 0.11193014
v 0.26227209 -0.44799999 0.10665804
v 0.27500000 -0.43718448 0.09393016
v 0.26600001 -0.44799999 0.10951864
v 0.25761330 -0.44799999 0.09858891
v 0.27500000 -0.43718448 0.09393016
v 0.25941161 -0.44799999 0.10293014
v 0.27500000 -0.44799999 0.11193014
v 0.27500000 -0.43718448 0.09393016
v 0.27500000 -0.43718448 0.09393016
v 0.27500000 -0.43718448 0.09393016
v 0.27500000 -0.43718448 0.09393016
v 0.27500000 -0.43718448 0.09393016
v 0.27500000 -0.43718448 0.09393016
v 0.27500000 -0.43718448 0.09393016
v 0.27500000 -0.43718448 0.09393016
v 0.27500000 -0.43718448 0.09393016
v 0.27500000 -0.43718448 0.09393016
v 0.27500000 -0.43718448 0.09393016
v 0.27500000 -0.43718448 0.09393016
v 0.25737400 -0.46299999 0.09758034
v 0.26270500 -0.46299999 0.09393015
v 0.25702990 -0.46299999 0.09289400
v 0.26312390 -0.46299999 0.09074798
v 0.25791041 -0.46299999 0.08827830
v 0.26435221 -0.46299999 0.08778265
v 0.25995550 -0.46299999 0.08404776
v 0.26630610 -0.46299999 0.08523628
v 0.26302590 -0.46299999 0.08049068
v 0.26885250 -0.46299999 0.08328238
v 0.26691231 -0.46299999 0.07784947
v 0.27181780 -0.46299999 0.08205410
v 0.27134979 -0.46299999 0.07630415
v 0.27500000 -0.46299999 0.08163515
v 0.27603621 -0.46299999 0.07596000
v 0.27818220 -0.46299999 0.08205410
v 0.28065189 -0.46299999 0.07684050
v 0.28114750 -0.46299999 0.08328238
v 0.28488239 -0.46299999 0.07888562
v 0.28369391 -0.46299999 0.08523628
v 0.28843950 -0.46299999 0.08195602
v 0.28564779 -0.46299999 0.08778265
v 0.29108070 -0.46299999 0.08584240
v 0.28687611 -0.46299999 0.09074798
v 0.29262600 -0.46299999 0.09027997
v 0.28729500 -0.46299999 0.09393014
v 0.29297011 -0.46299999 0.09496632
v 0.28687611 -0.46299999 0.09711233
v 0.29208969 -0.46299999 0.09958203
v 0.28564780 -0.46299999 0.10007763
v 0.29004450 -0.46299999 0.10381254
v 0.28369391 -0.46299999 0.10262404
v 0.28697420 -0.46299999 0.10736964
v 0.28114750 -0.46299999 0.10457794
v 0.28308781 -0.46299999 0.11001084
v 0.27818220 -0.46299999 0.10580624
v 0.27865021 -0.46299999 0.11155613
v 0.27500000 -0.46299999 0.10622514
v 0.27396391 -0.46299999 0.11190033
v 0.27181780 -0.46299999 0.10580624
v 0.26934821 -0.46299999 0.11101984
v 0.26885250 -0.46299999 0.10457794
v 0.26511761 -0.46299999 0.10897474
v 0.26630610 -0.46299999 0.10262404
v 0.26156050 -0.46299999 0.10590434
v 0.26435221 -0.46299999 0.10007764
v 0.25891930 -0.46299999 0.10201794
v 0.26312390 -0.46299999 0.09711233
v -0.25786358 -0.46299999 0.09038144
v -0.26270499 -0.46299999 0.09393020
v -0.25752898 -0.46299999 0.09493759
v -0.26312388 -0.46299999 0.09711238
v -0.25838509 -0.46299999 0.09942506
v -0.26435219 -0.46299999 0.10007768
v -0.26037339 -0.46299999 0.10353809
v -0.26630608 -0.46299999 0.10262409
v -0.26335848 -0.46299999 0.10699639
v -0.26885249 -0.46299999 0.10457799
v -0.26713688 -0.46299999 0.10956419
v -0.27181778 -0.46299999 0.10580629
v -0.27145119 -0.46299999 0.11106659
v -0.27499998 -0.46299999 0.10622519
v -0.27600739 -0.46299999 0.11140118
v -0.27818219 -0.46299999 0.10580629
v -0.28049488 -0.46299999 0.11054518
v -0.28114748 -0.46299999 0.10457799
v -0.28460789 -0.46299999 0.10855679
v -0.28369389 -0.46299999 0.10262409
v -0.28806618 -0.46299999 0.10557169
v -0.28564778 -0.46299999 0.10007768
v -0.29063399 -0.46299999 0.10179329
v -0.28687609 -0.46299999 0.09711239
v -0.29213639 -0.46299999 0.09747899
v -0.28729498 -0.46299999 0.09393020
v -0.29247099 -0.46299999 0.09292283
v -0.28687609 -0.46299999 0.09074804
v -0.29161500 -0.46299999 0.08843535
v -0.28564778 -0.46299999 0.08778270
v -0.28962658 -0.46299999 0.08432231
v -0.28369389 -0.46299999 0.08523633
v -0.28664149 -0.46299999 0.08086404
v -0.28114749 -0.46299999 0.08328243
v -0.28286309 -0.46299999 0.07829621
v -0.27818219 -0.46299999 0.08205414
v -0.27854878 -0.46299999 0.07679381
v -0.27499999 -0.46299999 0.08163520
v -0.27399258 -0.46299999 0.07645922
v -0.27181779 -0.46299999 0.08205414
v -0.26950509 -0.46299999 0.07731526
v -0.26885249 -0.46299999 0.08328243
v -0.26539208 -0.46299999 0.07930358
v -0.26630608 -0.46299999 0.08523633
v -0.26193379 -0.46299999 0.08228866
v -0.26435219 -0.46299999 0.08778270
v -0.25936598 -0.46299999 0.08606713
v -0.26312388 -0.46299999 0.09074804
v -0.25838509 -0.46299999 0.09942506
v -0.25752898 -0.44799999 0.09493759
v -0.25752898 -0.46299999 0.09493759
v -0.25752898 -0.46299999 0.09493759
v -0.25752898 -0.44799999 0.09493759
v -0.25786358 -0.44799999 0.09038144
v -0.25786358 -0.46299999 0.09038144
v -0.25936598 -0.44799999 0.08606713
v -0.25936598 -0.46299999 0.08606713
v -0.26193379 -0.44799999 0.08228866
v -0.26193379 -0.46299999 0.08228866
v -0.26539208 -0.44799999 0.07930358
v -0.26539208 -0.46299999 0.07930358
v -0.26950509 -0.44799999 0.07731526
v -0.26950509 -0.46299999 0.07731526
v -0.27399258 -0.44799999 0.07645922
v -0.27399258 -0.46299999 0.07645922
v -0.27854878 -0.44799999 0.07679381
v -0.27854878 -0.46299999 0.07679381
v -0.28286309 -0.44799999 0.07829621
v -0.28286309 -0.46299999 0.07829621
v -0.28664149 -0.44799999 0.08086404
v -0.28664149 -0.46299999 0.08086404
v -0.28962658 -0.44799999 0.08432231
v -0.28962658 -0.46299999 0.08432231
v -0.29161500 -0.44799999 0.08843535
v -0.29161500 -0.46299999 0.08843535
v -0.29247099 -0.44799999 0.09292283
v -0.29247099 -0.46299999 0.09292283
v -0.29213639 -0.44799999 0.09747899
v -0.29213639 -0.46299999 0.09747899
v -0.29063399 -0.44799999 0.10179329
v -0.29063399 -0.46299999 0.10179329
v -0.28806618 -0.44799999 0.10557169
v -0.28806618 -0.46299999 0.10557169
v -0.28460789 -0.44799999 0.10855679
v -0.28460789 -0.46299999 0.10855679
v -0.28049488 -0.44799999 0.11054518
v -0.28049488 -0.46299999 0.11054518
v -0.27600739 -0.44799999 0.11140118
v -0.27600739 -0.46299999 0.11140118
v -0.27145119 -0.44799999 0.11106659
v -0.27145119 -0.46299999 0.11106659
v -0.26713688 -0.44799999 0.10956419
v -0.26713688 -0.46299999 0.10956419
v -0.26335848 -0.44799999 0.10699639
v -0.26335848 -0.46299999 0.10699639
v -0.26037339 -0.44799999 0.10353809
v -0.26037339 -0.46299999 0.10353809
v -0.25838509 -0.44799999 0.09942506
v 0.51799999 0.19044219 0.08095702
v 0.53299999 0.20537339 0.07372471
v 0.51799999 0.19470328 0.08426749
v 0.53299999 0.21099759 0.08114608
v 0.51799999 0.19796239 0.08856801
v 0.53299999 0.21450938 0.08977024
v 0.51799999 0.19999739 0.09356552
v 0.53299999 0.21566939 0.09900943
v 0.51799999 0.20066958 0.09891944
v 0.53299999 0.21439858 0.10823407
v 0.51799999 0.19993319 0.10426487
v 0.53299999 0.21078358 0.11681547
v 0.51799999 0.19783839 0.10923767
v 0.53299999 0.20507069 0.12416876
v 0.51799999 0.19452788 0.11349877
v 0.53299999 0.19764939 0.12979296
v 0.51799999 0.19022738 0.11675786
v 0.53299999 0.18902518 0.13330476
v 0.51799999 0.18522988 0.11879286
v 0.51799999 0.18522988 0.11879286
v 0.53299999 0.18902518 0.13330476
v 0.53299999 0.17978598 0.13446476
v 0.51799999 0.17987599 0.11946507
v 0.53299999 0.17056140 0.13319396
v 0.51799999 0.17453049 0.11872867
v 0.53299999 0.16197999 0.12957896
v 0.51799999 0.16955779 0.11663387
v 0.53299999 0.15462659 0.12386616
v 0.51799999 0.16529669 0.11332337
v 0.53299999 0.14900239 0.11644476
v 0.51799999 0.16203759 0.10902287
v 0.53299999 0.14549069 0.10782056
v 0.51799999 0.16000258 0.10402537
v 0.51799999 0.15933039 0.09867140
v 0.53299999 0.14433069 0.09858140
v 0.51799999 0.16006678 0.09332593
v 0.53299999 0.14560139 0.08935679
v 0.53299999 0.14921639 0.08077540
v 0.53299999 0.19801999 0.06801186
v 0.51799999 0.18546948 0.07886220
v 0.53299999 0.18943870 0.06439686
v 0.51799999 0.18012399 0.07812580
v 0.53299999 0.18021400 0.06312607
v 0.51799999 0.17477010 0.07879800
v 0.53299999 0.17097480 0.06428607
v 0.51799999 0.16977260 0.08083298
v 0.53299999 0.16235068 0.06779784
v 0.51799999 0.16547210 0.08409211
v 0.53299999 0.15492930 0.07342204
v 0.51799999 0.16216159 0.08835322
v -0.42199999 0.16568938 0.11370925
v -0.42199999 0.16508559 0.08448368
v -0.42199999 0.16231679 0.10949705
v -0.42199999 0.16188979 0.08883151
v -0.42199999 0.16014930 0.10455555
v -0.42199999 0.15992829 0.09385831
v -0.42199999 0.15933459 0.09922150
v -0.42199999 0.16929769 0.08111109
v -0.42199999 0.17003718 0.11690494
v -0.42199999 0.17423919 0.07894362
v -0.42199999 0.17506398 0.11886644
v -0.42199999 0.17957330 0.07812895
v -0.42199999 0.18042719 0.11946014
v -0.42199999 0.18493649 0.07872261
v -0.42199999 0.18576129 0.11864545
v -0.42199999 0.18996329 0.08068414
v -0.42199999 0.19070279 0.11647795
v -0.42199999 0.19431109 0.08387987
v -0.42199999 0.19491488 0.11310545
v -0.42199999 0.19768369 0.08809199
v -0.42199999 0.19811059 0.10875755
v -0.42199999 0.19985120 0.09303349
v -0.42199999 0.20007218 0.10373075
v -0.42199999 0.20066579 0.09836759
v -0.50799997 0.19758568 0.16655056
v -0.53299997 0.19365627 0.16745047
v -0.50799997 0.18402949 0.16867946
v -0.53299997 0.17999998 0.16879557
v -0.50799997 0.17031838 0.16812275
v -0.53299997 0.16634369 0.16745046
v -0.50799997 0.15697929 0.16490184
v -0.53299997 0.15321219 0.16346706
v -0.50799997 0.14452499 0.15914055
v -0.53299997 0.14111008 0.15699835
v -0.50799997 0.13343389 0.15106016
v -0.53299997 0.13050249 0.14829296
v -0.50799997 0.12413229 0.14097135
v -0.53299997 0.12179709 0.13768546
v -0.50799997 0.11697769 0.12926165
v -0.53299997 0.11532839 0.12558335
v -0.50799997 0.11224499 0.11638125
v -0.53299997 0.11134498 0.11245185
v -0.50799997 0.11011609 0.10282495
v -0.53299997 0.10999999 0.09879551
v -0.50799997 0.11067279 0.08911388
v -0.53299997 0.11134499 0.08513919
v -0.50799997 0.11389369 0.07577484
v -0.53299997 0.11532839 0.07200766
v -0.50799998 0.11965499 0.06332047
v -0.53299998 0.12179710 0.05990559
v -0.50799998 0.12773529 0.05222938
v -0.53299998 0.13050249 0.04929804
v -0.50799998 0.13782420 0.04292781
v -0.53299998 0.14111009 0.04059264
v -0.50799998 0.14953379 0.03577319
v -0.53299998 0.15321220 0.03412395
v -0.50799998 0.16241430 0.03104050
v -0.53299998 0.16634370 0.03014054
v -0.50799998 0.17597049 0.02891159
v -0.53299998 0.17999999 0.02879551
v -0.50799998 0.18968160 0.02946827
v -0.50799998 0.18968160 0.02946827
v -0.53299998 0.17999999 0.02879551
v -0.53299998 0.19365629 0.03014054
v -0.50799998 0.20302070 0.03268917
v -0.53299998 0.20678788 0.03412395
v -0.50799998 0.21547509 0.03845049
v -0.53299998 0.21888990 0.04059264
v -0.50799998 0.22656610 0.04653084
v -0.53299998 0.22949750 0.04929804
v -0.50799998 0.23586768 0.05661969
v -0.53299998 0.23820289 0.05990560
v -0.50799998 0.24302230 0.06832934
v -0.53299997 0.24467158 0.07200767
v -0.50799997 0.24775498 0.08120978
v -0.53299997 0.24865498 0.08513920
v -0.50799997 0.24988389 0.09476603
v -0.53299997 0.24999999 0.09879552
v -0.50799997 0.24932719 0.10847716
v -0.53299997 0.24865498 0.11245186
v -0.50799997 0.24610638 0.12181616
v -0.53299997 0.24467158 0.12558336
v -0.50799997 0.24034499 0.13427056
v -0.53299997 0.23820288 0.13768547
v -0.50799997 0.23226469 0.14536166
v -0.53299997 0.22949749 0.14829296
v -0.50799997 0.22217579 0.15466326
v -0.53299997 0.21888989 0.15699836
v -0.50799997 0.21046618 0.16181786
v -0.53299997 0.20678787 0.16346707
v -0.42199999 -0.24568890 0.08388176
v -0.42199999 -0.24508511 0.11310732
v -0.42199999 -0.24231630 0.08809390
v -0.42199999 -0.24188940 0.10875951
v -0.42199999 -0.24014891 0.09303539
v -0.42199999 -0.23992790 0.10373272
v -0.42199999 -0.23933420 0.09836947
v -0.42199999 -0.24929720 0.11647992
v -0.42199999 -0.25003670 0.08068602
v -0.42199999 -0.25423870 0.11864731
v -0.42199999 -0.25506350 0.07872451
v -0.42199999 -0.25957280 0.11946202
v -0.42199999 -0.26042669 0.07813085
v -0.42199999 -0.26493601 0.11886832
v -0.42199999 -0.26576080 0.07894550
v -0.42199999 -0.26996281 0.11690681
v -0.42199999 -0.27070230 0.08111298
v -0.42199999 -0.27431071 0.11371111
v -0.42199999 -0.27491449 0.08448555
v -0.42199999 -0.27768320 0.10949901
v -0.42199999 -0.27811020 0.08883339
v -0.42199999 -0.27985069 0.10455752
v -0.42199999 -0.28007170 0.09386019
v -0.42199999 -0.28066540 0.09922338
v -0.51799997 0.18534999 0.11876026
v -0.42199999 0.18042719 0.11946014
v -0.51799997 0.18000018 0.11946456
v -0.42199999 0.17506398 0.11886644
v -0.51799997 0.17465039 0.11876026
v -0.42199999 0.17003718 0.11690494
v -0.51799997 0.16966519 0.11669526
v -0.42199999 0.16568938 0.11370925
v -0.51799997 0.16538428 0.11341045
v -0.42199999 0.16231679 0.10949705
v -0.51799997 0.16209948 0.10912955
v -0.51799997 0.16209948 0.10912955
v -0.42199999 0.16231679 0.10949705
v -0.42199999 0.16014930 0.10455555
v -0.51799997 0.16003449 0.10414435
v -0.42199999 0.15933459 0.09922150
v -0.51799997 0.15933019 0.09879454
v -0.42199999 0.15992829 0.09385831
v -0.51799997 0.16003449 0.09344476
v -0.42199999 0.16188979 0.08883151
v -0.51799997 0.16209948 0.08845956
v -0.42199999 0.16508559 0.08448368
v -0.51799997 0.16538428 0.08417866
v -0.42199999 0.16929769 0.08111109
v -0.51799997 0.16966519 0.08089380
v -0.42199999 0.17423919 0.07894362
v -0.51799997 0.17465039 0.07882886
v -0.42199999 0.17957330 0.07812895
v -0.51799997 0.18000018 0.07812455
v -0.42199999 0.18493649 0.07872261
v -0.51799997 0.18534999 0.07882886
v -0.42199999 0.18996329 0.08068414
v -0.51799997 0.19033519 0.08089380
v -0.42199999 0.19431109 0.08387987
v -0.51799997 0.19461610 0.08417866
v -0.42199999 0.19768369 0.08809199
v -0.51799997 0.19790099 0.08845956
v -0.42199999 0.19985120 0.09303349
v -0.51799997 0.19996589 0.09344476
v -0.42199999 0.20066579 0.09836759
v -0.51799997 0.20067019 0.09879455
v -0.42199999 0.20007218 0.10373075
v -0.51799997 0.19996588 0.10414435
v -0.42199999 0.19811059 0.10875755
v -0.51799997 0.19790099 0.10912955
v -0.42199999 0.19491488 0.11310545
v -0.51799997 0.19461610 0.11341045
v -0.42199999 0.19070279 0.11647795
v -0.51799997 0.19033518 0.11669526
v -0.42199999 0.18576129 0.11864545
v -0.50799998 0.16437179 0.01016234
v -0.50799998 0.17597049 0.02891159
v -0.50799998 0.18000009 0.00879503
v -0.50799998 0.18968160 0.02946827
v -0.50799998 0.19562850 0.01016234
v -0.50799998 0.20302070 0.03268917
v -0.50799998 0.21078189 0.01422270
v -0.50799998 0.21547509 0.03845049
v -0.50799998 0.22500009 0.02085275
v -0.50799998 0.23785100 0.02985103
v -0.50799998 0.22656610 0.04653084
v -0.50799998 0.24894408 0.04094415
v -0.50799998 0.23586768 0.05661969
v -0.50799998 0.25794240 0.05379503
v -0.50799998 0.24302230 0.06832934
v -0.50799998 0.26457249 0.06801322
v -0.50799997 0.24775498 0.08120978
v -0.50799997 0.26863278 0.08316670
v -0.50799997 0.24988389 0.09476603
v -0.50799997 0.27000008 0.09879503
v -0.50799997 0.24932719 0.10847716
v -0.50799997 0.26863278 0.11442337
v -0.50799997 0.24610638 0.12181616
v -0.50799997 0.26457249 0.12957686
v -0.50799997 0.24034499 0.13427056
v -0.50799997 0.25794239 0.14379506
v -0.50799997 0.24894407 0.15664596
v -0.50799997 0.23226469 0.14536166
v -0.50799997 0.23785099 0.16773905
v -0.50799997 0.22217579 0.15466326
v -0.50799997 0.22500008 0.17673737
v -0.50799997 0.21046618 0.16181786
v -0.50799996 0.21078188 0.18336735
v -0.50799997 0.19758568 0.16655056
v -0.50799996 0.19562849 0.18742775
v -0.50799997 0.18402949 0.16867946
v -0.50799996 0.18000008 0.18879505
v -0.50799997 0.17031838 0.16812275
v -0.50799996 0.16437178 0.18742775
v -0.50799997 0.15697929 0.16490184
v -0.50799996 0.14921828 0.18336734
v -0.50799997 0.14452499 0.15914055
v -0.50799997 0.13500008 0.17673736
v -0.50799997 0.12214919 0.16773904
v -0.50799997 0.13343389 0.15106016
v -0.50799997 0.11105608 0.15664595
v -0.50799997 0.12413229 0.14097135
v -0.50799997 0.10205779 0.14379505
v -0.50799997 0.11697769 0.12926165
v -0.50799997 0.09542777 0.12957685
v -0.50799997 0.11224499 0.11638125
v -0.50799997 0.09136741 0.11442335
v -0.50799997 0.11011609 0.10282495
v -0.50799997 0.09000012 0.09879501
v -0.50799997 0.11067279 0.08911388
v -0.50799997 0.09136741 0.08316669
v -0.50799997 0.11389369 0.07577484
v -0.50799998 0.09542777 0.06801321
v -0.50799998 0.11965499 0.06332047
v -0.50799998 0.10205779 0.05379502
v -0.50799998 0.11105609 0.04094414
v -0.50799998 0.12773529 0.05222938
v -0.50799998 0.12214920 0.02985102
v -0.50799998 0.13782420 0.04292781
v -0.50799998 0.13500009 0.02085274
v -0.50799998 0.14953379 0.03577319
v -0.50799998 0.14921830 0.01422270
v -0.50799998 0.16241430 0.03104050
v -0.53299997 0.20469640 0.07305644
v -0.51799997 0.19461610 0.08417866
v -0.53299997 0.21051638 0.08032528
v -0.51799997 0.19790099 0.08845956
v -0.53299997 0.21425679 0.08885277
v -0.51799997 0.19996589 0.09344476
v -0.53299997 0.21566258 0.09805776
v -0.51799997 0.20067019 0.09879455
v -0.53299997 0.21463809 0.10731296
v -0.51799997 0.19996588 0.10414435
v -0.53299997 0.21125319 0.11598766
v -0.51799997 0.19790099 0.10912955
v -0.53299997 0.20573828 0.12349066
v -0.51799997 0.19461610 0.11341045
v -0.53299997 0.19846949 0.12931066
v -0.51799997 0.19033518 0.11669526
v -0.53299997 0.18994198 0.13305106
v -0.51799997 0.18534999 0.11876026
v -0.53299997 0.18073699 0.13445696
v -0.51799997 0.18000018 0.11946456
v -0.53299997 0.17148179 0.13343245
v -0.51799997 0.17465039 0.11876026
v -0.53299997 0.16280709 0.13004745
v -0.51799997 0.16966519 0.11669526
v -0.53299997 0.15530409 0.12453266
v -0.51799997 0.16538428 0.11341045
v -0.53299997 0.14948409 0.11726386
v -0.51799997 0.16209948 0.10912955
v -0.53299997 0.14574369 0.10873635
v -0.51799997 0.16003449 0.10414435
v -0.53299997 0.14433779 0.09953134
v -0.51799997 0.15933019 0.09879454
v -0.53299997 0.14536229 0.09027613
v -0.51799997 0.16003449 0.09344476
v -0.53299997 0.14874729 0.08160145
v -0.51799997 0.16209948 0.08845956
v -0.53299997 0.15426209 0.07409842
v -0.51799997 0.16538428 0.08417866
v -0.53299997 0.16153098 0.06827841
v -0.51799997 0.16966519 0.08089380
v -0.53299997 0.17005839 0.06453802
v -0.51799997 0.17465039 0.07882886
v -0.53299997 0.17926339 0.06313216
v -0.51799997 0.18000018 0.07812455
v -0.53299997 0.18851859 0.06415663
v -0.53299997 0.18851859 0.06415663
v -0.51799997 0.18000018 0.07812455
v -0.51799997 0.18534999 0.07882886
v -0.53299997 0.19719329 0.06754162
v -0.51799997 0.19033519 0.08089380
v 0.53299999 0.24377728 0.06994316
v 0.53299999 0.21099759 0.08114608
v 0.53299999 0.23692309 0.05805521
v 0.53299999 0.20537339 0.07372471
v 0.53299998 0.22788129 0.04773288
v 0.53299999 0.19801999 0.06801186
v 0.53299998 0.21699948 0.03937286
v 0.53299998 0.20469579 0.03329642
v 0.53299999 0.18943870 0.06439686
v 0.53299998 0.19144300 0.02973706
v 0.53299999 0.18021400 0.06312607
v 0.53299998 0.17775049 0.02883158
v 0.53299999 0.17097480 0.06428607
v 0.53299998 0.16414449 0.03061477
v 0.53299998 0.15114769 0.03501809
v 0.53299999 0.16235068 0.06779784
v 0.53299998 0.13925979 0.04187235
v 0.53299999 0.15492930 0.07342204
v 0.53299998 0.12893750 0.05091414
v 0.53299999 0.14921639 0.08077540
v 0.53299999 0.12057739 0.06179597
v 0.53299999 0.11450099 0.07409967
v 0.53299999 0.14560139 0.08935679
v 0.53299999 0.11094159 0.08735241
v 0.53299999 0.14433069 0.09858140
v 0.53299999 0.11003619 0.10104486
v 0.53299999 0.14549069 0.10782056
v 0.53299999 0.11181939 0.11465096
v 0.53299999 0.11622268 0.12764765
v 0.53299999 0.14900239 0.11644476
v 0.53299999 0.12307688 0.13953566
v 0.53299999 0.15462659 0.12386616
v 0.53299999 0.13211869 0.14985796
v 0.53299999 0.16197999 0.12957896
v 0.53299999 0.14300059 0.15821796
v 0.53299999 0.15530428 0.16429445
v 0.53299999 0.17056140 0.13319396
v 0.53300000 0.16855698 0.16785376
v 0.53299999 0.17978598 0.13446476
v 0.53300000 0.18224949 0.16875927
v 0.53299999 0.18902518 0.13330476
v 0.53300000 0.19585549 0.16697607
v 0.53299999 0.20885227 0.16257277
v 0.53299999 0.19764939 0.12979296
v 0.53299999 0.22074019 0.15571846
v 0.53299999 0.20507069 0.12416876
v 0.53299999 0.23106259 0.14667667
v 0.53299999 0.21078358 0.11681547
v 0.53299999 0.23942259 0.13579487
v 0.53299999 0.24549899 0.12349117
v 0.53299999 0.21439858 0.10823407
v 0.53299999 0.24905839 0.11023837
v 0.53299999 0.21566939 0.09900943
v 0.53299999 0.24996388 0.09654594
v 0.53299999 0.21450938 0.08977024
v 0.53299999 0.24818068 0.08293989
v 0.28687611 -0.46299999 0.09074798
v 0.28687611 -0.51500000 0.09074798
v 0.28729500 -0.46299999 0.09393014
v 0.28729500 -0.51500000 0.09393014
v 0.28687611 -0.46299999 0.09711233
v 0.28687611 -0.51500000 0.09711232
v 0.28564780 -0.46299999 0.10007763
v 0.28564780 -0.51500000 0.10007763
v 0.28369391 -0.46299999 0.10262404
v 0.28369391 -0.51500000 0.10262404
v 0.28114750 -0.46299999 0.10457794
v 0.28114750 -0.51500000 0.10457793
v 0.27818220 -0.46299999 0.10580624
v 0.27818220 -0.51500000 0.10580624
v 0.27500000 -0.46299999 0.10622514
v 0.27500000 -0.51500000 0.10622514
v 0.27181780 -0.46299999 0.10580624
v 0.27181780 -0.51500000 0.10580624
v 0.26885250 -0.46299999 0.10457794
v 0.26885250 -0.51500000 0.10457793
v 0.26630610 -0.46299999 0.10262404
v 0.26630610 -0.51500000 0.10262404
v 0.26435221 -0.46299999 0.10007764
v 0.26435221 -0.51500000 0.10007763
v 0.26312390 -0.46299999 0.09711233
v 0.26312390 -0.51500000 0.09711232
v 0.26270500 -0.46299999 0.09393015
v 0.26270500 -0.51500000 0.09393014
v 0.26270500 -0.46299999 0.09393015
v 0.26270500 -0.51500000 0.09393014
v 0.26312390 -0.46299999 0.09074798
v 0.26312390 -0.51500000 0.09074798
v 0.26435221 -0.46299999 0.08778265
v 0.26435221 -0.51500000 0.08778264
v 0.26630610 -0.46299999 0.08523628
v 0.26630610 -0.51499999 0.08523628
v 0.26885250 -0.46299999 0.08328238
v 0.26885250 -0.51499999 0.08328238
v 0.27181780 -0.46299999 0.08205410
v 0.27181780 -0.51499999 0.08205409
v 0.27500000 -0.46299999 0.08163515
v 0.27500000 -0.51499999 0.08163514
v 0.27818220 -0.46299999 0.08205410
v 0.27818220 -0.51499999 0.08205409
v 0.28114750 -0.46299999 0.08328238
v 0.28114750 -0.51499999 0.08328238
v 0.28369391 -0.46299999 0.08523628
v 0.28369391 -0.51499999 0.08523627
v 0.28564779 -0.46299999 0.08778265
v 0.28564779 -0.51500000 0.08778264
v 0.50799998 0.19758569 0.03104041
v 0.53299998 0.19144300 0.02973706
v 0.50799998 0.18402950 0.02891150
v 0.53299998 0.17775049 0.02883158
v 0.50799998 0.17031839 0.02946818
v 0.53299998 0.16414449 0.03061477
v 0.50799998 0.15697930 0.03268908
v 0.53299998 0.15114769 0.03501809
v 0.50799998 0.14452500 0.03845040
v 0.53299998 0.13925979 0.04187235
v 0.50799999 0.13343390 0.04653075
v 0.53299998 0.12893750 0.05091414
v 0.50799999 0.12413229 0.05661959
v 0.53299999 0.12057739 0.06179597
v 0.50799999 0.11697769 0.06832924
v 0.53299999 0.11450099 0.07409967
v 0.50799999 0.11224499 0.08120968
v 0.53299999 0.11094159 0.08735241
v 0.50799999 0.11011609 0.09476593
v 0.53299999 0.11003619 0.10104486
v 0.50799999 0.11067279 0.10847706
v 0.53299999 0.11181939 0.11465096
v 0.50799999 0.11389369 0.12181606
v 0.53299999 0.11622268 0.12764765
v 0.50799999 0.11965499 0.13427046
v 0.53299999 0.12307688 0.13953566
v 0.50799999 0.12773529 0.14536157
v 0.53299999 0.13211869 0.14985796
v 0.50799999 0.13782419 0.15466316
v 0.53299999 0.14300059 0.15821796
v 0.50800000 0.14953378 0.16181776
v 0.53299999 0.15530428 0.16429445
v 0.50800000 0.16241429 0.16655047
v 0.53300000 0.16855698 0.16785376
v 0.50800000 0.17597048 0.16867937
v 0.50800000 0.17597048 0.16867937
v 0.53300000 0.16855698 0.16785376
v 0.53300000 0.18224949 0.16875927
v 0.50800000 0.18968159 0.16812266
v 0.53300000 0.19585549 0.16697607
v 0.50800000 0.20302069 0.16490176
v 0.53299999 0.20885227 0.16257277
v 0.50799999 0.21547508 0.15914047
v 0.53299999 0.22074019 0.15571846
v 0.50799999 0.22656609 0.15106007
v 0.53299999 0.23106259 0.14667667
v 0.50799999 0.23586768 0.14097127
v 0.53299999 0.23942259 0.13579487
v 0.50799999 0.24302229 0.12926157
v 0.53299999 0.24549899 0.12349117
v 0.50799999 0.24775498 0.11638117
v 0.53299999 0.24905839 0.11023837
v 0.50799999 0.24988389 0.10282487
v 0.53299999 0.24996388 0.09654594
v 0.50799999 0.24932719 0.08911380
v 0.53299999 0.24818068 0.08293989
v 0.50799999 0.24610638 0.07577476
v 0.53299999 0.24377728 0.06994316
v 0.50799999 0.24034499 0.06332039
v 0.53299999 0.23692309 0.05805521
v 0.50799999 0.23226470 0.05222930
v 0.53299998 0.22788129 0.04773288
v 0.50799998 0.22217580 0.04292772
v 0.53299998 0.21699948 0.03937286
v 0.50799998 0.21046619 0.03577311
v 0.53299998 0.20469579 0.03329642
v -0.53299997 0.16634369 0.16745046
v -0.53299997 0.17999998 0.16879557
v -0.53299997 0.18073699 0.13445696
v -0.53299997 0.19365627 0.16745047
v -0.53299997 0.18994198 0.13305106
v -0.53299997 0.20678787 0.16346707
v -0.53299997 0.19846949 0.12931066
v -0.53299997 0.21888989 0.15699836
v -0.53299997 0.20573828 0.12349066
v -0.53299997 0.22949749 0.14829296
v -0.53299997 0.23820288 0.13768547
v -0.53299997 0.21125319 0.11598766
v -0.53299997 0.24467158 0.12558336
v -0.53299997 0.21463809 0.10731296
v -0.53299997 0.24865498 0.11245186
v -0.53299997 0.21566258 0.09805776
v -0.53299997 0.24999999 0.09879552
v -0.53299997 0.24865498 0.08513920
v -0.53299997 0.21425679 0.08885277
v -0.53299997 0.24467158 0.07200767
v -0.53299997 0.21051638 0.08032528
v -0.53299998 0.23820289 0.05990560
v -0.53299997 0.20469640 0.07305644
v -0.53299998 0.22949750 0.04929804
v -0.53299998 0.21888990 0.04059264
v -0.53299997 0.19719329 0.06754162
v -0.53299998 0.20678788 0.03412395
v -0.53299997 0.18851859 0.06415663
v -0.53299998 0.19365629 0.03014054
v -0.53299997 0.17926339 0.06313216
v -0.53299998 0.17999999 0.02879551
v -0.53299998 0.16634370 0.03014054
v -0.53299997 0.17005839 0.06453802
v -0.53299998 0.15321220 0.03412395
v -0.53299997 0.16153098 0.06827841
v -0.53299998 0.14111009 0.04059264
v -0.53299997 0.15426209 0.07409842
v -0.53299998 0.13050249 0.04929804
v -0.53299998 0.12179710 0.05990559
v -0.53299997 0.14874729 0.08160145
v -0.53299997 0.11532839 0.07200766
v -0.53299997 0.14536229 0.09027613
v -0.53299997 0.11134499 0.08513919
v -0.53299997 0.14433779 0.09953134
v -0.53299997 0.10999999 0.09879551
v -0.53299997 0.11134498 0.11245185
v -0.53299997 0.14574369 0.10873635
v -0.53299997 0.11532839 0.12558335
v -0.53299997 0.14948409 0.11726386
v -0.53299997 0.12179709 0.13768546
v -0.53299997 0.15530409 0.12453266
v -0.53299997 0.13050249 0.14829296
v -0.53299997 0.14111008 0.15699835
v -0.53299997 0.16280709 0.13004745
v -0.53299997 0.15321219 0.16346706
v -0.53299997 0.17148179 0.13343245
v 0.50800000 -0.27562831 0.18742814
v 0.50800000 -0.26402951 0.16867934
v 0.50800000 -0.26000001 0.18879544
v 0.50800000 -0.25031840 0.16812263
v 0.50800000 -0.24437171 0.18742814
v 0.50800000 -0.23697930 0.16490172
v 0.50800000 -0.22921821 0.18336774
v 0.50799999 -0.22452500 0.15914044
v 0.50800000 -0.21500001 0.17673774
v 0.50800000 -0.20214911 0.16773944
v 0.50799999 -0.21343390 0.15106004
v 0.50799999 -0.19105601 0.15664624
v 0.50799999 -0.20413232 0.14097124
v 0.50799999 -0.18205771 0.14379534
v 0.50799999 -0.19697770 0.12926154
v 0.50799999 -0.17542771 0.12957724
v 0.50799999 -0.19224501 0.11638114
v 0.50799999 -0.17136731 0.11442374
v 0.50799999 -0.19011610 0.10282484
v 0.50799999 -0.17000000 0.09879540
v 0.50799999 -0.19067280 0.08911377
v 0.50799999 -0.17136730 0.08316707
v 0.50799999 -0.19389361 0.07577473
v 0.50799999 -0.17542771 0.06801358
v 0.50799999 -0.19965500 0.06332036
v 0.50799999 -0.18205770 0.05379539
v 0.50799998 -0.19105600 0.04094451
v 0.50799999 -0.20773529 0.05222927
v 0.50799998 -0.20214910 0.02985139
v 0.50799998 -0.21782419 0.04292769
v 0.50799998 -0.21500000 0.02085311
v 0.50799998 -0.22953380 0.03577308
v 0.50799998 -0.22921819 0.01422306
v 0.50799998 -0.24241430 0.03104038
v 0.50799998 -0.24437170 0.01016270
v 0.50799998 -0.25597049 0.02891147
v 0.50799998 -0.25999999 0.00879539
v 0.50799998 -0.26968160 0.02946814
v 0.50799998 -0.27562829 0.01016269
v 0.50799998 -0.28302070 0.03268904
v 0.50799998 -0.29078180 0.01422305
v 0.50799998 -0.29547500 0.03845036
v 0.50799998 -0.30499999 0.02085310
v 0.50799998 -0.31785089 0.02985138
v 0.50799999 -0.30656610 0.04653071
v 0.50799998 -0.32894401 0.04094450
v 0.50799999 -0.31586769 0.05661956
v 0.50799999 -0.33794231 0.05379538
v 0.50799999 -0.32302231 0.06832921
v 0.50799999 -0.34457229 0.06801357
v 0.50799999 -0.32775501 0.08120965
v 0.50799999 -0.34863270 0.08316706
v 0.50799999 -0.32988392 0.09476590
v 0.50799999 -0.35000000 0.09879539
v 0.50799999 -0.32932720 0.10847702
v 0.50799999 -0.34863270 0.11442373
v 0.50799999 -0.32610630 0.12181603
v 0.50799999 -0.34457230 0.12957723
v 0.50799999 -0.32034500 0.13427042
v 0.50799999 -0.33794232 0.14379533
v 0.50799999 -0.32894402 0.15664623
v 0.50799999 -0.31226471 0.14536153
v 0.50800000 -0.31785090 0.16773943
v 0.50799999 -0.30217581 0.15466313
v 0.50800000 -0.30500001 0.17673773
v 0.50800000 -0.29046620 0.16181773
v 0.50800000 -0.29078181 0.18336774
v 0.50800000 -0.27758570 0.16655043
v 0.42200001 -0.24203730 0.08856702
v 0.42200001 -0.24216141 0.10923664
v 0.42200001 -0.24529650 0.08426649
v 0.42200001 -0.24547180 0.11349774
v 0.42200001 -0.24955759 0.08095602
v 0.42200001 -0.24977240 0.11675684
v 0.42200001 -0.25453030 0.07886120
v 0.42200001 -0.25476990 0.11879185
v 0.42200001 -0.25987579 0.07812480
v 0.42200001 -0.26012381 0.11946404
v 0.42200001 -0.26522970 0.07879701
v 0.42200001 -0.26546931 0.11872764
v 0.42200001 -0.27022720 0.08083201
v 0.42200001 -0.27044201 0.11663284
v 0.42200001 -0.27452770 0.08409110
v 0.42200001 -0.27470310 0.11332234
v 0.42200001 -0.27783819 0.08835221
v 0.42200001 -0.27796221 0.10902184
v 0.42200001 -0.27993300 0.09332496
v 0.42200001 -0.27999720 0.10402434
v 0.42200001 -0.28066940 0.09867042
v 0.42200001 -0.24006661 0.10426394
v 0.42200001 -0.24000240 0.09356453
v 0.42200001 -0.23933020 0.09891847
v 0.51799999 -0.24955759 0.08095601
v 0.53299999 -0.23462641 0.07372371
v 0.51799999 -0.24529650 0.08426648
v 0.53299999 -0.22900221 0.08114511
v 0.51799999 -0.24203730 0.08856701
v 0.53299999 -0.22549040 0.08976924
v 0.51799999 -0.24000240 0.09356452
v 0.53299999 -0.22433041 0.09900846
v 0.51799999 -0.23933020 0.09891846
v 0.53299999 -0.22560120 0.10823303
v 0.51799999 -0.24006661 0.10426394
v 0.53299999 -0.22921620 0.11681443
v 0.51799999 -0.24216141 0.10923663
v 0.53299999 -0.23492911 0.12416783
v 0.51799999 -0.24547180 0.11349773
v 0.53299999 -0.24235051 0.12979203
v 0.51799999 -0.24977240 0.11675683
v 0.53299999 -0.25097460 0.13330374
v 0.51799999 -0.25476990 0.11879184
v 0.51799999 -0.25476990 0.11879184
v 0.53299999 -0.25097460 0.13330374
v 0.53299999 -0.26021380 0.13446383
v 0.51799999 -0.26012381 0.11946403
v 0.53299999 -0.26943840 0.13319303
v 0.51799999 -0.26546931 0.11872764
v 0.53299999 -0.27801979 0.12957793
v 0.51799999 -0.27044201 0.11663283
v 0.53299999 -0.28537319 0.12386513
v 0.51799999 -0.27470310 0.11332233
v 0.53299999 -0.29099739 0.11644372
v 0.51799999 -0.27796221 0.10902183
v 0.53299999 -0.29450911 0.10781963
v 0.51799999 -0.27999720 0.10402433
v 0.51799999 -0.28066940 0.09867041
v 0.53299999 -0.29566910 0.09858039
v 0.51799999 -0.27993300 0.09332496
v 0.53299999 -0.29439840 0.08935579
v 0.51799999 -0.27783819 0.08835220
v 0.53299999 -0.29078340 0.08077440
v 0.53299999 -0.28507049 0.07342104
v 0.53299999 -0.24197981 0.06801086
v 0.51799999 -0.25453030 0.07886119
v 0.53299999 -0.25056110 0.06439586
v 0.51799999 -0.25987579 0.07812480
v 0.53299999 -0.25978580 0.06312506
v 0.51799999 -0.26522970 0.07879700
v 0.53299999 -0.26902500 0.06428508
v 0.51799999 -0.27022720 0.08083200
v 0.53299999 -0.27764910 0.06779684
v 0.51799999 -0.27452770 0.08409109
v -0.53299997 -0.27365630 0.16745043
v -0.53299997 -0.26000001 0.16879553
v -0.53299997 -0.25926300 0.13445882
v -0.53299997 -0.24634372 0.16745043
v -0.53299997 -0.25005801 0.13305293
v -0.53299997 -0.23321221 0.16346703
v -0.53299997 -0.24153050 0.12931263
v -0.53299997 -0.22111010 0.15699833
v -0.53299997 -0.23426171 0.12349252
v -0.53299997 -0.21050250 0.14829293
v -0.53299997 -0.20179711 0.13768543
v -0.53299997 -0.22874680 0.11598953
v -0.53299997 -0.19532841 0.12558332
v -0.53299997 -0.22536190 0.10731482
v -0.53299997 -0.19134501 0.11245183
v -0.53299997 -0.22433741 0.09805964
v -0.53299997 -0.19000000 0.09879549
v -0.53299997 -0.19134501 0.08513917
v -0.53299997 -0.22574330 0.08885465
v -0.53299997 -0.19532841 0.07200764
v -0.53299997 -0.22948361 0.08032717
v -0.53299998 -0.20179710 0.05990557
v -0.53299997 -0.23530371 0.07305834
v -0.53299998 -0.21050249 0.04929801
v -0.53299998 -0.22111009 0.04059261
v -0.53299997 -0.24280670 0.06754350
v -0.53299998 -0.23321220 0.03412392
v -0.53299997 -0.25148140 0.06415853
v -0.53299998 -0.24634370 0.03014051
v -0.53299997 -0.26073660 0.06313406
v -0.53299998 -0.26000000 0.02879548
v -0.53299998 -0.27365629 0.03014051
v -0.53299997 -0.26994160 0.06453992
v -0.53299998 -0.28678779 0.03412391
v -0.53299997 -0.27846910 0.06828031
v -0.53299998 -0.29888990 0.04059260
v -0.53299997 -0.28573790 0.07410031
v -0.53299998 -0.30949751 0.04929800
v -0.53299998 -0.31820289 0.05990556
v -0.53299997 -0.29125271 0.08160332
v -0.53299997 -0.32467151 0.07200763
v -0.53299997 -0.29463770 0.09027802
v -0.53299997 -0.32865501 0.08513916
v -0.53299997 -0.29566219 0.09953325
v -0.53299997 -0.33000000 0.09879548
v -0.53299997 -0.32865502 0.11245182
v -0.53299997 -0.29425631 0.10873822
v -0.53299997 -0.32467152 0.12558332
v -0.53299997 -0.29051590 0.11726572
v -0.53299997 -0.31820290 0.13768542
v -0.53299997 -0.28469590 0.12453452
v -0.53299997 -0.30949751 0.14829292
v -0.53299997 -0.29888991 0.15699832
v -0.53299997 -0.27719290 0.13004942
v -0.53299997 -0.28678780 0.16346703
v -0.53299997 -0.26851820 0.13343432
v -0.27818219 -0.51500000 0.10580629
v -0.27818219 -0.46299999 0.10580629
v -0.27499998 -0.51500000 0.10622519
v -0.27499998 -0.46299999 0.10622519
v -0.27181778 -0.51500000 0.10580629
v -0.27181778 -0.46299999 0.10580629
v -0.26885249 -0.51500000 0.10457798
v -0.26885249 -0.46299999 0.10457799
v -0.26630608 -0.51500000 0.10262408
v -0.26630608 -0.46299999 0.10262409
v -0.26435219 -0.51500000 0.10007768
v -0.26435219 -0.46299999 0.10007768
v -0.26312388 -0.51500000 0.09711238
v -0.26312388 -0.46299999 0.09711238
v -0.26270499 -0.51500000 0.09393020
v -0.26270499 -0.46299999 0.09393020
v -0.26312388 -0.51500000 0.09074803
v -0.26312388 -0.46299999 0.09074804
v -0.26435219 -0.51500000 0.08778270
v -0.26435219 -0.46299999 0.08778270
v -0.26630608 -0.51499999 0.08523632
v -0.26630608 -0.46299999 0.08523633
v -0.26885249 -0.51499999 0.08328242
v -0.26885249 -0.46299999 0.08328243
v -0.27181779 -0.51499999 0.08205414
v -0.27181779 -0.46299999 0.08205414
v -0.27499999 -0.51499999 0.08163520
v -0.27499999 -0.46299999 0.08163520
v -0.27818219 -0.51499999 0.08205414
v -0.27818219 -0.46299999 0.08205414
v -0.28114749 -0.51499999 0.08328243
v -0.28114749 -0.46299999 0.08328243
v -0.28369389 -0.51499999 0.08523632
v -0.28369389 -0.46299999 0.08523633
v -0.28564778 -0.51500000 0.08778270
v -0.28564778 -0.46299999 0.08778270
v -0.28687609 -0.51500000 0.09074804
v -0.28687609 -0.46299999 0.09074804
v -0.28729498 -0.51500000 0.09393020
v -0.28729498 -0.46299999 0.09393020
v -0.28729498 -0.51500000 0.09393020
v -0.28729498 -0.46299999 0.09393020
v -0.28687609 -0.51500000 0.09711238
v -0.28687609 -0.46299999 0.09711239
v -0.28564778 -0.51500000 0.10007768
v -0.28564778 -0.46299999 0.10007768
v -0.28369389 -0.51500000 0.10262409
v -0.28369389 -0.46299999 0.10262409
v -0.28114748 -0.51500000 0.10457798
v -0.28114748 -0.46299999 0.10457799
v -0.42199999 -0.24014891 0.09303539
v -0.51799997 -0.24209900 0.08846144
v -0.42199999 -0.24231630 0.08809390
v -0.51799997 -0.24538389 0.08418054
v -0.42199999 -0.24568890 0.08388176
v -0.51799997 -0.24966480 0.08089571
v -0.42199999 -0.25003670 0.08068602
v -0.51799997 -0.25465000 0.07883075
v -0.42199999 -0.25506350 0.07872451
v -0.51799997 -0.25999981 0.07812644
v -0.42199999 -0.26042669 0.07813085
v -0.51799997 -0.26534960 0.07883075
v -0.42199999 -0.26576080 0.07894550
v -0.51799997 -0.27033480 0.08089570
v -0.42199999 -0.27070230 0.08111298
v -0.51799997 -0.27461571 0.08418054
v -0.42199999 -0.27491449 0.08448555
v -0.51799997 -0.27790051 0.08846144
v -0.42199999 -0.27811020 0.08883339
v -0.51799997 -0.27996550 0.09344665
v -0.42199999 -0.28007170 0.09386019
v -0.51799997 -0.28066980 0.09879644
v -0.42199999 -0.28066540 0.09922338
v -0.51799997 -0.27996550 0.10414623
v -0.42199999 -0.27985069 0.10455752
v -0.51799997 -0.27790051 0.10913142
v -0.42199999 -0.27768320 0.10949901
v -0.42199999 -0.27768320 0.10949901
v -0.51799997 -0.27790051 0.10913142
v -0.51799997 -0.27461571 0.11341233
v -0.42199999 -0.27431071 0.11371111
v -0.51799997 -0.27033480 0.11669722
v -0.42199999 -0.26996281 0.11690681
v -0.51799997 -0.26534960 0.11876212
v -0.42199999 -0.26493601 0.11886832
v -0.51799997 -0.25999981 0.11946642
v -0.42199999 -0.25957280 0.11946202
v -0.51799997 -0.25465000 0.11876213
v -0.42199999 -0.25423870 0.11864731
v -0.51799997 -0.24966481 0.11669722
v -0.42199999 -0.24929720 0.11647992
v -0.51799997 -0.24538390 0.11341233
v -0.42199999 -0.24508511 0.11310732
v -0.51799997 -0.24209900 0.10913143
v -0.42199999 -0.24188940 0.10875951
v -0.51799997 -0.24003411 0.10414623
v -0.42199999 -0.23992790 0.10373272
v -0.51799997 -0.23932980 0.09879644
v -0.42199999 -0.23933420 0.09836947
v -0.51799997 -0.24003411 0.09344665
v -0.31864837 -0.52300000 0.23220968
v -0.14055978 -0.52299999 0.12184847
v 0.31864841 -0.52300000 0.23220963
v 0.14055980 -0.52299999 0.12184844
v 0.14441861 -0.52299999 0.12185114
v -0.31864839 -0.52299998 -0.03461877
v -0.29529498 -0.52299999 0.09393020
v -0.29460349 -0.52299999 0.09918293
v -0.29257599 -0.52299999 0.10407769
v 0.31864839 -0.52299998 -0.03461883
v -0.14250000 -0.52299998 0.01296658
v -0.14664110 -0.52299998 0.01351176
v -0.15050000 -0.52299998 0.01511017
v 0.29529499 -0.52299999 0.09393014
v 0.29460350 -0.52299999 0.08867742
v 0.29257601 -0.52299999 0.08378265
v 0.14664110 -0.52299998 0.01351174
v 0.14250000 -0.52299998 0.01296656
v -0.15381369 -0.52299998 0.01765287
v -0.15635640 -0.52299998 0.02096658
v -0.15795479 -0.52299998 0.02482547
v -0.27499999 -0.52299999 0.07363520
v -0.15850000 -0.52299998 0.02896658
v -0.26974728 -0.52299999 0.07432673
v -0.26485249 -0.52299999 0.07635421
v -0.26064929 -0.52299999 0.07957946
v -0.15849999 -0.52299999 0.10596657
v -0.25742398 -0.52299999 0.08378271
v -0.25539649 -0.52299999 0.08867747
v -0.25470500 -0.52299999 0.09393020
v -0.25539649 -0.52299999 0.09918293
v -0.25742398 -0.52299999 0.10407768
v -0.15803468 -0.52299999 0.10979727
v -0.26064928 -0.52299999 0.10828098
v -0.15666568 -0.52299999 0.11340508
v -0.26485249 -0.52299999 0.11150619
v -0.15447279 -0.52299999 0.11658027
v -0.15158349 -0.52299999 0.11913807
v -0.26974728 -0.52299999 0.11353368
v -0.14816578 -0.52299999 0.12092977
v -0.27499998 -0.52299999 0.11422518
v -0.28025269 -0.52299999 0.11353368
v -0.28514748 -0.52299999 0.11150619
v -0.28935068 -0.52299999 0.10828099
v -0.14441859 -0.52299999 0.12185117
v -0.13681379 -0.52299999 0.12092207
v 0.13681381 -0.52299999 0.12092204
v -0.13339859 -0.52299999 0.11912576
v 0.13339861 -0.52299999 0.11912574
v -0.13051268 -0.52299999 0.11656397
v 0.13051270 -0.52299999 0.11656394
v -0.12832409 -0.52299999 0.11338577
v 0.12832411 -0.52299999 0.11338575
v 0.12210391 -0.52299999 0.10596654
v 0.12696010 -0.52299999 0.10977604
v 0.12657941 -0.52299999 0.10873724
v 0.12597961 -0.52299999 0.10780755
v 0.12519001 -0.52299999 0.10703255
v 0.12424930 -0.52299999 0.10645025
v 0.12320350 -0.52299999 0.10608895
v -0.12210389 -0.52299999 0.10596657
v -0.12696008 -0.52299999 0.10977607
v -0.12657939 -0.52299999 0.10873727
v -0.12597959 -0.52299999 0.10780757
v -0.12518999 -0.52299999 0.10703257
v -0.12424928 -0.52299999 0.10645027
v -0.12320348 -0.52299999 0.10608897
v 0.14816581 -0.52299999 0.12092975
v 0.27500000 -0.52299999 0.11422513
v 0.28025271 -0.52299999 0.11353363
v 0.26974730 -0.52299999 0.11353363
v 0.15158351 -0.52299999 0.11913804
v 0.26485251 -0.52299999 0.11150614
v 0.15447281 -0.52299999 0.11658024
v 0.15666570 -0.52299999 0.11340505
v 0.26064930 -0.52299999 0.10828094
v 0.15803470 -0.52299999 0.10979724
v 0.25742400 -0.52299999 0.10407764
v 0.15850001 -0.52299999 0.10596654
v 0.25539650 -0.52299999 0.09918289
v 0.25470501 -0.52299999 0.09393014
v 0.25539650 -0.52299999 0.08867743
v 0.25742399 -0.52299999 0.08378266
v 0.26064930 -0.52299999 0.07957942
v 0.15850000 -0.52299998 0.02896656
v 0.26485251 -0.52299999 0.07635417
v 0.26974730 -0.52299999 0.07432668
v 0.27500000 -0.52299999 0.07363515
v 0.15795480 -0.52299998 0.02482545
v 0.15635640 -0.52299998 0.02096656
v 0.15381369 -0.52299998 0.01765285
v 0.15050000 -0.52299998 0.01511015
v -0.28025269 -0.52299999 0.07432673
v -0.28514748 -0.52299999 0.07635422
v -0.28935069 -0.52299999 0.07957947
v -0.29257599 -0.52299999 0.08378271
v -0.29460349 -0.52299999 0.08867748
v 0.28935070 -0.52299999 0.07957942
v 0.28514750 -0.52299999 0.07635417
v 0.28025270 -0.52299999 0.07432668
v 0.28514750 -0.52299999 0.11150614
v 0.28935070 -0.52299999 0.10828093
v 0.29257601 -0.52299999 0.10407763
v 0.29460350 -0.52299999 0.09918288
v 0.50799998 0.19562850 0.01016225
v 0.50799998 0.18402950 0.02891150
v 0.50799998 0.18000009 0.00879494
v 0.50799998 0.17031839 0.02946818
v 0.50799998 0.16437179 0.01016225
v 0.50799998 0.15697930 0.03268908
v 0.50799998 0.14921830 0.01422261
v 0.50799998 0.14452500 0.03845040
v 0.50799998 0.13500009 0.02085266
v 0.50799998 0.12214920 0.02985093
v 0.50799999 0.13343390 0.04653075
v 0.50799998 0.11105609 0.04094405
v 0.50799999 0.12413229 0.05661959
v 0.50799999 0.10205779 0.05379493
v 0.50799999 0.11697769 0.06832924
v 0.50799999 0.09542777 0.06801312
v 0.50799999 0.11224499 0.08120968
v 0.50799999 0.09136741 0.08316660
v 0.50799999 0.11011609 0.09476593
v 0.50799999 0.09000012 0.09879493
v 0.50799999 0.11067279 0.10847706
v 0.50799999 0.09136741 0.11442326
v 0.50799999 0.11389369 0.12181606
v 0.50799999 0.09542777 0.12957676
v 0.50799999 0.11965499 0.13427046
v 0.50799999 0.10205779 0.14379496
v 0.50799999 0.11105608 0.15664586
v 0.50799999 0.12773529 0.14536157
v 0.50800000 0.12214919 0.16773895
v 0.50799999 0.13782419 0.15466316
v 0.50800000 0.13500008 0.17673727
v 0.50800000 0.14953378 0.16181776
v 0.50800000 0.14921828 0.18336725
v 0.50800000 0.16241429 0.16655047
v 0.50800000 0.16437178 0.18742766
v 0.50800000 0.17597048 0.16867937
v 0.50800000 0.18000008 0.18879496
v 0.50800000 0.18968159 0.16812266
v 0.50800000 0.19562849 0.18742766
v 0.50800000 0.20302069 0.16490176
v 0.50800000 0.21078188 0.18336726
v 0.50799999 0.21547508 0.15914047
v 0.50800000 0.22500008 0.17673728
v 0.50800000 0.23785099 0.16773896
v 0.50799999 0.22656609 0.15106007
v 0.50799999 0.24894407 0.15664587
v 0.50799999 0.23586768 0.14097127
v 0.50799999 0.25794239 0.14379498
v 0.50799999 0.24302229 0.12926157
v 0.50799999 0.26457249 0.12957677
v 0.50799999 0.24775498 0.11638117
v 0.50799999 0.26863278 0.11442328
v 0.50799999 0.24988389 0.10282487
v 0.50799999 0.27000008 0.09879494
v 0.50799999 0.24932719 0.08911380
v 0.50799999 0.26863278 0.08316661
v 0.50799999 0.24610638 0.07577476
v 0.50799999 0.26457249 0.06801313
v 0.50799999 0.24034499 0.06332039
v 0.50799999 0.25794240 0.05379494
v 0.50799998 0.24894408 0.04094406
v 0.50799999 0.23226470 0.05222930
v 0.50799998 0.23785100 0.02985094
v 0.50799998 0.22217580 0.04292772
v 0.50799998 0.22500009 0.02085266
v 0.50799998 0.21046619 0.03577311
v 0.50799998 0.21078189 0.01422261
v 0.50799998 0.19758569 0.03104041
v 0.51799999 -0.24203730 0.08856701
v 0.42200001 -0.24203730 0.08856702
v 0.51799999 -0.24529650 0.08426648
v 0.42200001 -0.24529650 0.08426649
v 0.51799999 -0.24529650 0.08426648
v 0.42200001 -0.24529650 0.08426649
v 0.51799999 -0.24955759 0.08095601
v 0.42200001 -0.24955759 0.08095602
v 0.51799999 -0.25453030 0.07886119
v 0.42200001 -0.25453030 0.07886120
v 0.51799999 -0.25987579 0.07812480
v 0.42200001 -0.25987579 0.07812480
v 0.51799999 -0.26522970 0.07879700
v 0.42200001 -0.26522970 0.07879701
v 0.51799999 -0.27022720 0.08083200
v 0.42200001 -0.27022720 0.08083201
v 0.51799999 -0.27452770 0.08409109
v 0.42200001 -0.27452770 0.08409110
v 0.51799999 -0.27783819 0.08835220
v 0.42200001 -0.27783819 0.08835221
v 0.51799999 -0.27993300 0.09332496
v 0.42200001 -0.27993300 0.09332496
v 0.51799999 -0.28066940 0.09867041
v 0.42200001 -0.28066940 0.09867042
v 0.51799999 -0.27999720 0.10402433
v 0.42200001 -0.27999720 0.10402434
v 0.51799999 -0.27796221 0.10902183
v 0.42200001 -0.27796221 0.10902184
v 0.51799999 -0.27470310 0.11332233
v 0.42200001 -0.27470310 0.11332234
v 0.51799999 -0.27044201 0.11663283
v 0.42200001 -0.27044201 0.11663284
v 0.51799999 -0.26546931 0.11872764
v 0.42200001 -0.26546931 0.11872764
v 0.51799999 -0.26012381 0.11946403
v 0.42200001 -0.26012381 0.11946404
v 0.51799999 -0.25476990 0.11879184
v 0.42200001 -0.25476990 0.11879185
v 0.51799999 -0.24977240 0.11675683
v 0.42200001 -0.24977240 0.11675684
v 0.51799999 -0.24547180 0.11349773
v 0.42200001 -0.24547180 0.11349774
v 0.51799999 -0.24216141 0.10923663
v 0.42200001 -0.24216141 0.10923664
v 0.51799999 -0.24006661 0.10426394
v 0.42200001 -0.24006661 0.10426394
v 0.51799999 -0.23933020 0.09891846
v 0.42200001 -0.23933020 0.09891847
v 0.51799999 -0.24000240 0.09356452
v 0.42200001 -0.24000240 0.09356453
v 0.51799999 0.19796239 0.08856801
v 0.47000000 0.19796239 0.08856801
v 0.51799999 0.19470328 0.08426749
v 0.47000000 0.19470328 0.08426749
v 0.51799999 0.19470328 0.08426749
v 0.47000000 0.19470328 0.08426749
v 0.51799999 0.19044219 0.08095702
v 0.47000000 0.19044219 0.08095702
v 0.51799999 0.18546948 0.07886220
v 0.47000000 0.18546948 0.07886220
v 0.51799999 0.18012399 0.07812580
v 0.47000000 0.18012399 0.07812580
v 0.51799999 0.17477010 0.07879800
v 0.47000000 0.17477010 0.07879800
v 0.51799999 0.16977260 0.08083298
v 0.47000000 0.16977260 0.08083299
v 0.51799999 0.16547210 0.08409211
v 0.47000000 0.16547210 0.08409211
v 0.51799999 0.16216159 0.08835322
v 0.47000000 0.16216159 0.08835322
v 0.51799999 0.16006678 0.09332593
v 0.47000000 0.16006678 0.09332594
v 0.51799999 0.15933039 0.09867140
v 0.47000000 0.15933039 0.09867141
v 0.51799999 0.16000258 0.10402537
v 0.47000000 0.16000258 0.10402537
v 0.51799999 0.16203759 0.10902287
v 0.47000000 0.16203759 0.10902287
v 0.51799999 0.16529669 0.11332337
v 0.47000000 0.16529669 0.11332337
v 0.51799999 0.16955779 0.11663387
v 0.47000000 0.16955779 0.11663387
v 0.51799999 0.17453049 0.11872867
v 0.47000000 0.17453049 0.11872867
v 0.51799999 0.17987599 0.11946507
v 0.47000000 0.17987599 0.11946507
v 0.51799999 0.18522988 0.11879286
v 0.47000000 0.18522988 0.11879287
v 0.51799999 0.19022738 0.11675786
v 0.47000000 0.19022738 0.11675787
v 0.51799999 0.19452788 0.11349877
v 0.47000000 0.19452788 0.11349877
v 0.51799999 0.19783839 0.10923767
v 0.47000000 0.19783839 0.10923767
v 0.51799999 0.19993319 0.10426487
v 0.47000000 0.19993319 0.10426487
v 0.51799999 0.20066958 0.09891944
v 0.47000000 0.20066958 0.09891944
v 0.51799999 0.19999739 0.09356552
v 0.47000000 0.19999739 0.09356552
v 0.53300000 -0.24634372 0.16745034
v 0.50800000 -0.25031840 0.16812263
v 0.53300000 -0.26000001 0.16879544
v 0.53300000 -0.26000001 0.16879544
v 0.50800000 -0.25031840 0.16812263
v 0.50800000 -0.26402951 0.16867934
v 0.53300000 -0.27365630 0.16745034
v 0.50800000 -0.27758570 0.16655043
v 0.53299999 -0.28678780 0.16346693
v 0.50800000 -0.29046620 0.16181773
v 0.53299999 -0.29888991 0.15699823
v 0.50799999 -0.30217581 0.15466313
v 0.53299999 -0.30949751 0.14829283
v 0.50799999 -0.31226471 0.14536153
v 0.53299999 -0.31820290 0.13768533
v 0.50799999 -0.32034500 0.13427042
v 0.53299999 -0.32467152 0.12558322
v 0.50799999 -0.32610630 0.12181603
v 0.53299999 -0.32865502 0.11245173
v 0.50799999 -0.32932720 0.10847702
v 0.53299999 -0.33000000 0.09879539
v 0.50799999 -0.32988392 0.09476590
v 0.53299999 -0.32865501 0.08513907
v 0.50799999 -0.32775501 0.08120965
v 0.53299999 -0.32467151 0.07200754
v 0.50799999 -0.32302231 0.06832921
v 0.53299999 -0.31820289 0.05990547
v 0.50799999 -0.31586769 0.05661956
v 0.53299998 -0.30949751 0.04929791
v 0.50799999 -0.30656610 0.04653071
v 0.53299998 -0.29888990 0.04059251
v 0.50799998 -0.29547500 0.03845036
v 0.53299998 -0.28678779 0.03412382
v 0.50799998 -0.28302070 0.03268904
v 0.53299998 -0.27365629 0.03014041
v 0.50799998 -0.26968160 0.02946814
v 0.53299998 -0.26000000 0.02879538
v 0.50799998 -0.25597049 0.02891147
v 0.53299998 -0.24634370 0.03014042
v 0.50799998 -0.24241430 0.03104038
v 0.53299998 -0.23321220 0.03412383
v 0.50799998 -0.22953380 0.03577308
v 0.53299998 -0.22111009 0.04059252
v 0.50799998 -0.21782419 0.04292769
v 0.53299998 -0.21050249 0.04929792
v 0.50799999 -0.20773529 0.05222927
v 0.53299999 -0.20179710 0.05990548
v 0.50799999 -0.19965500 0.06332036
v 0.53299999 -0.19532841 0.07200755
v 0.50799999 -0.19389361 0.07577473
v 0.53299999 -0.19134501 0.08513908
v 0.50799999 -0.19067280 0.08911377
v 0.53299999 -0.19000000 0.09879540
v 0.50799999 -0.19011610 0.10282484
v 0.53299999 -0.19134501 0.11245174
v 0.50799999 -0.19224501 0.11638114
v 0.53299999 -0.19532841 0.12558323
v 0.50799999 -0.19697770 0.12926154
v 0.53299999 -0.20179711 0.13768534
v 0.50799999 -0.20413232 0.14097124
v 0.53299999 -0.21050250 0.14829284
v 0.50799999 -0.21343390 0.15106004
v 0.53299999 -0.22111010 0.15699823
v 0.50799999 -0.22452500 0.15914044
v 0.53299999 -0.23321221 0.16346694
v 0.50800000 -0.23697930 0.16490172
v 0.47000000 0.19796239 0.08856801
v 0.47000000 0.19783839 0.10923767
v 0.47000000 0.19470328 0.08426749
v 0.47000000 0.19452788 0.11349877
v 0.47000000 0.19044219 0.08095702
v 0.47000000 0.19022738 0.11675787
v 0.47000000 0.18546948 0.07886220
v 0.47000000 0.18522988 0.11879287
v 0.47000000 0.18012399 0.07812580
v 0.47000000 0.17987599 0.11946507
v 0.47000000 0.17477010 0.07879800
v 0.47000000 0.17453049 0.11872867
v 0.47000000 0.16977260 0.08083299
v 0.47000000 0.16955779 0.11663387
v 0.47000000 0.16547210 0.08409211
v 0.47000000 0.16529669 0.11332337
v 0.47000000 0.16216159 0.08835322
v 0.47000000 0.16203759 0.10902287
v 0.47000000 0.16006678 0.09332594
v 0.47000000 0.16000258 0.10402537
v 0.47000000 0.15933039 0.09867141
v 0.47000000 0.19993319 0.10426487
v 0.47000000 0.19999739 0.09356552
v 0.47000000 0.20066958 0.09891944
v 0.25791041 -0.46299999 0.08827830
v 0.25761330 -0.44799999 0.08927141
v 0.25702990 -0.46299999 0.09289400
v 0.25700001 -0.44799999 0.09393016
v 0.25737400 -0.46299999 0.09758034
v 0.25761330 -0.44799999 0.09858891
v 0.25891930 -0.46299999 0.10201794
v 0.25941161 -0.44799999 0.10293014
v 0.26156050 -0.46299999 0.10590434
v 0.26227209 -0.44799999 0.10665804
v 0.26511761 -0.46299999 0.10897474
v 0.26600001 -0.44799999 0.10951864
v 0.26934821 -0.46299999 0.11101984
v 0.27034130 -0.44799999 0.11131684
v 0.27396391 -0.46299999 0.11190033
v 0.27500000 -0.44799999 0.11193014
v 0.27865021 -0.46299999 0.11155613
v 0.27965870 -0.44799999 0.11131684
v 0.28308781 -0.46299999 0.11001084
v 0.28400000 -0.44799999 0.10951864
v 0.28697420 -0.46299999 0.10736964
v 0.28772791 -0.44799999 0.10665803
v 0.29004450 -0.46299999 0.10381254
v 0.29058850 -0.44799999 0.10293014
v 0.29208969 -0.46299999 0.09958203
v 0.29238671 -0.44799999 0.09858891
v 0.29297011 -0.46299999 0.09496632
v 0.29299999 -0.44799999 0.09393015
v 0.29262600 -0.46299999 0.09027997
v 0.29262600 -0.46299999 0.09027997
v 0.29299999 -0.44799999 0.09393015
v 0.29238670 -0.44799999 0.08927141
v 0.29108070 -0.46299999 0.08584240
v 0.29058849 -0.44799999 0.08493016
v 0.28843950 -0.46299999 0.08195602
v 0.28772791 -0.44799999 0.08120223
v 0.28488239 -0.46299999 0.07888562
v 0.28400000 -0.44799999 0.07834170
v 0.28065189 -0.46299999 0.07684050
v 0.27965870 -0.44799999 0.07654349
v 0.27603621 -0.46299999 0.07596000
v 0.27500000 -0.44799999 0.07593016
v 0.27134979 -0.46299999 0.07630415
v 0.27034130 -0.44799999 0.07654349
v 0.26691231 -0.46299999 0.07784947
v 0.26600000 -0.44799999 0.07834170
v 0.26302590 -0.46299999 0.08049068
v 0.26227209 -0.44799999 0.08120223
v 0.25995550 -0.46299999 0.08404776
v 0.25941160 -0.44799999 0.08493016
v -0.53299997 -0.23530371 0.07305834
v -0.51799997 -0.24538389 0.08418054
v -0.53299997 -0.22948361 0.08032717
v -0.51799997 -0.24209900 0.08846144
v -0.53299997 -0.22574330 0.08885465
v -0.51799997 -0.24003411 0.09344665
v -0.53299997 -0.22433741 0.09805964
v -0.51799997 -0.23932980 0.09879644
v -0.53299997 -0.22536190 0.10731482
v -0.51799997 -0.24003411 0.10414623
v -0.53299997 -0.22874680 0.11598953
v -0.51799997 -0.24209900 0.10913143
v -0.53299997 -0.23426171 0.12349252
v -0.51799997 -0.24538390 0.11341233
v -0.53299997 -0.24153050 0.12931263
v -0.51799997 -0.24966481 0.11669722
v -0.53299997 -0.25005801 0.13305293
v -0.51799997 -0.25465000 0.11876213
v -0.53299997 -0.25926300 0.13445882
v -0.51799997 -0.25999981 0.11946642
v -0.53299997 -0.26851820 0.13343432
v -0.51799997 -0.26534960 0.11876212
v -0.53299997 -0.27719290 0.13004942
v -0.51799997 -0.27033480 0.11669722
v -0.53299997 -0.28469590 0.12453452
v -0.51799997 -0.27461571 0.11341233
v -0.53299997 -0.29051590 0.11726572
v -0.51799997 -0.27790051 0.10913142
v -0.53299997 -0.29425631 0.10873822
v -0.51799997 -0.27996550 0.10414623
v -0.53299997 -0.29566219 0.09953325
v -0.51799997 -0.28066980 0.09879644
v -0.53299997 -0.29463770 0.09027802
v -0.51799997 -0.27996550 0.09344665
v -0.53299997 -0.29125271 0.08160332
v -0.51799997 -0.27790051 0.08846144
v -0.53299997 -0.28573790 0.07410031
v -0.51799997 -0.27461571 0.08418054
v -0.53299997 -0.27846910 0.06828031
v -0.51799997 -0.27033480 0.08089570
v -0.53299997 -0.26994160 0.06453992
v -0.51799997 -0.26534960 0.07883075
v -0.53299997 -0.26073660 0.06313406
v -0.51799997 -0.25999981 0.07812644
v -0.53299997 -0.25148140 0.06415853
v -0.53299997 -0.25148140 0.06415853
v -0.51799997 -0.25999981 0.07812644
v -0.51799997 -0.25465000 0.07883075
v -0.53299997 -0.24280670 0.06754350
v -0.51799997 -0.24966480 0.08089571
v 0.27818220 -0.51500000 0.10580624
v 0.28025271 -0.52299999 0.11353363
v 0.27500000 -0.51500000 0.10622514
v 0.27500000 -0.52299999 0.11422513
v 0.27500000 -0.51500000 0.10622514
v 0.27500000 -0.52299999 0.11422513
v 0.27181780 -0.51500000 0.10580624
v 0.26974730 -0.52299999 0.11353363
v 0.26885250 -0.51500000 0.10457793
v 0.26485251 -0.52299999 0.11150614
v 0.26630610 -0.51500000 0.10262404
v 0.26064930 -0.52299999 0.10828094
v 0.26435221 -0.51500000 0.10007763
v 0.25742400 -0.52299999 0.10407764
v 0.26312390 -0.51500000 0.09711232
v 0.25539650 -0.52299999 0.09918289
v 0.26270500 -0.51500000 0.09393014
v 0.25470501 -0.52299999 0.09393014
v 0.26312390 -0.51500000 0.09074798
v 0.25539650 -0.52299999 0.08867743
v 0.26435221 -0.51500000 0.08778264
v 0.25742399 -0.52299999 0.08378266
v 0.26630610 -0.51499999 0.08523628
v 0.26064930 -0.52299999 0.07957942
v 0.26885250 -0.51499999 0.08328238
v 0.26485251 -0.52299999 0.07635417
v 0.27181780 -0.51499999 0.08205409
v 0.26974730 -0.52299999 0.07432668
v 0.27500000 -0.51499999 0.08163514
v 0.27500000 -0.52299999 0.07363515
v 0.27818220 -0.51499999 0.08205409
v 0.28025270 -0.52299999 0.07432668
v 0.28114750 -0.51499999 0.08328238
v 0.28514750 -0.52299999 0.07635417
v 0.28369391 -0.51499999 0.08523627
v 0.28935070 -0.52299999 0.07957942
v 0.28564779 -0.51500000 0.08778264
v 0.29257601 -0.52299999 0.08378265
v 0.28687611 -0.51500000 0.09074798
v 0.29460350 -0.52299999 0.08867742
v 0.28729500 -0.51500000 0.09393014
v 0.29529499 -0.52299999 0.09393014
v 0.28687611 -0.51500000 0.09711232
v 0.29460350 -0.52299999 0.09918288
v 0.28564780 -0.51500000 0.10007763
v 0.29257601 -0.52299999 0.10407763
v 0.28369391 -0.51500000 0.10262404
v 0.28935070 -0.52299999 0.10828093
v 0.28114750 -0.51500000 0.10457793
v 0.28514750 -0.52299999 0.11150614
v -0.27181778 -0.51500000 0.10580629
v -0.26974728 -0.52299999 0.11353368
v -0.27499998 -0.51500000 0.10622519
v -0.27499998 -0.52299999 0.11422518
v -0.27499998 -0.51500000 0.10622519
v -0.27499998 -0.52299999 0.11422518
v -0.27818219 -0.51500000 0.10580629
v -0.28025269 -0.52299999 0.11353368
v -0.28114748 -0.51500000 0.10457798
v -0.28514748 -0.52299999 0.11150619
v -0.28369389 -0.51500000 0.10262409
v -0.28935068 -0.52299999 0.10828099
v -0.28564778 -0.51500000 0.10007768
v -0.29257599 -0.52299999 0.10407769
v -0.28687609 -0.51500000 0.09711238
v -0.29460349 -0.52299999 0.09918293
v -0.28729498 -0.51500000 0.09393020
v -0.29529498 -0.52299999 0.09393020
v -0.28687609 -0.51500000 0.09074804
v -0.29460349 -0.52299999 0.08867748
v -0.28564778 -0.51500000 0.08778270
v -0.29257599 -0.52299999 0.08378271
v -0.28369389 -0.51499999 0.08523632
v -0.28935069 -0.52299999 0.07957947
v -0.28114749 -0.51499999 0.08328243
v -0.28514748 -0.52299999 0.07635422
v -0.27818219 -0.51499999 0.08205414
v -0.28025269 -0.52299999 0.07432673
v -0.27499999 -0.51499999 0.08163520
v -0.27499999 -0.52299999 0.07363520
v -0.27181779 -0.51499999 0.08205414
v -0.26974728 -0.52299999 0.07432673
v -0.26885249 -0.51499999 0.08328242
v -0.26485249 -0.52299999 0.07635421
v -0.26630608 -0.51499999 0.08523632
v -0.26064929 -0.52299999 0.07957946
v -0.26435219 -0.51500000 0.08778270
v -0.25742398 -0.52299999 0.08378271
v -0.26312388 -0.51500000 0.09074803
v -0.25539649 -0.52299999 0.08867747
v -0.26270499 -0.51500000 0.09393020
v -0.25470500 -0.52299999 0.09393020
v -0.26312388 -0.51500000 0.09711238
v -0.25539649 -0.52299999 0.09918293
v -0.26435219 -0.51500000 0.10007768
v -0.25742398 -0.52299999 0.10407768
v -0.26630608 -0.51500000 0.10262408
v -0.26064928 -0.52299999 0.10828098
v -0.26885249 -0.51500000 0.10457798
v -0.26485249 -0.52299999 0.11150619
v 0.15850001 -0.50299999 0.10596654
v 0.10051040 -0.50299999 0.07222995
v 0.15850000 -0.50299998 0.02896656
v 0.10051040 -0.50299999 0.06017995
v 0.10051040 -0.50299999 0.05617995
v 0.09651039 -0.50299999 0.06017995
v 0.09651039 -0.50299999 0.05617995
v 0.15803470 -0.50299999 0.10979724
v 0.12657941 -0.50299999 0.10873725
v 0.12597961 -0.50299999 0.10780755
v 0.12519001 -0.50299999 0.10703255
v 0.15666570 -0.50299999 0.11340505
v 0.12832411 -0.50299999 0.11338575
v 0.12696010 -0.50299999 0.10977604
v 0.13051270 -0.50299999 0.11656395
v 0.15447281 -0.50299999 0.11658024
v 0.13339861 -0.50299999 0.11912574
v 0.15158351 -0.50299999 0.11913804
v 0.13681381 -0.50299999 0.12092205
v 0.14816581 -0.50299999 0.12092975
v 0.14055980 -0.50299999 0.12184844
v 0.14441861 -0.50299999 0.12185114
v 0.12424930 -0.50299999 0.10645025
v 0.12320350 -0.50299999 0.10608895
v 0.12210391 -0.50299999 0.10596655
v -0.09568962 -0.50299999 0.07222997
v -0.12210389 -0.50299999 0.10596657
v -0.15849999 -0.50299999 0.10596657
v -0.12320348 -0.50299999 0.10608897
v -0.12424928 -0.50299999 0.10645027
v -0.12518999 -0.50299999 0.10703257
v -0.12597959 -0.50299999 0.10780757
v -0.12657939 -0.50299999 0.10873727
v -0.15803468 -0.50299999 0.10979727
v -0.12696008 -0.50299999 0.10977607
v -0.12832409 -0.50299999 0.11338577
v -0.15666568 -0.50299999 0.11340508
v -0.13051268 -0.50299999 0.11656397
v -0.15447279 -0.50299999 0.11658027
v -0.13339859 -0.50299999 0.11912577
v -0.15158349 -0.50299999 0.11913807
v -0.13681379 -0.50299999 0.12092207
v -0.14816578 -0.50299999 0.12092978
v -0.14055978 -0.50299999 0.12184847
v -0.14441859 -0.50299999 0.12185117
v -0.10068959 -0.50299999 0.06722997
v -0.15850000 -0.50299998 0.02896659
v -0.10068960 -0.50299998 0.04912997
v -0.09568962 -0.50299998 0.04412997
v -0.15795479 -0.50299998 0.02482547
v -0.14250000 -0.50299998 0.01296658
v -0.15635640 -0.50299998 0.02096659
v -0.15381369 -0.50299998 0.01765288
v -0.15050000 -0.50299998 0.01511017
v -0.14664110 -0.50299998 0.01351176
v 0.14250000 -0.50299998 0.01296656
v 0.10051040 -0.50299998 0.04412995
v 0.15795480 -0.50299998 0.02482545
v 0.14664110 -0.50299998 0.01351174
v 0.15050000 -0.50299998 0.01511015
v 0.15381369 -0.50299998 0.01765285
v 0.15635640 -0.50299998 0.02096656
v -0.14250000 -0.52299998 0.01296658
v 0.14250000 -0.52299998 0.01296656
v -0.14250000 -0.50299998 0.01296658
v 0.14250000 -0.50299998 0.01296656
v 0.14250000 -0.50299998 0.01296656
v 0.14250000 -0.52299998 0.01296656
v 0.14664110 -0.50299998 0.01351174
v 0.14664110 -0.52299998 0.01351174
v 0.15050000 -0.50299998 0.01511015
v 0.15050000 -0.52299998 0.01511015
v 0.15381369 -0.50299998 0.01765285
v 0.15381369 -0.52299998 0.01765285
v 0.15635640 -0.50299998 0.02096656
v 0.15635640 -0.52299998 0.02096656
v 0.15795480 -0.50299998 0.02482545
v 0.15795480 -0.52299998 0.02482545
v 0.15850000 -0.50299998 0.02896656
v 0.15850000 -0.52299998 0.02896656
v 0.15850000 -0.52299998 0.02896656
v 0.15850001 -0.52299999 0.10596654
v 0.15850000 -0.50299998 0.02896656
v 0.15850001 -0.50299999 0.10596654
v 0.15850001 -0.50299999 0.10596654
v 0.15850001 -0.52299999 0.10596654
v 0.15803470 -0.50299999 0.10979724
v 0.15803470 -0.52299999 0.10979724
v 0.15666570 -0.52299999 0.11340505
v 0.15666570 -0.50299999 0.11340505
v 0.15447281 -0.52299999 0.11658024
v 0.15447281 -0.50299999 0.11658024
v 0.15158351 -0.52299999 0.11913804
v 0.15158351 -0.50299999 0.11913804
v 0.14816581 -0.52299999 0.12092975
v 0.14816581 -0.50299999 0.12092975
v 0.14441861 -0.52299999 0.12185114
v 0.14441861 -0.50299999 0.12185114
v 0.14055980 -0.52299999 0.12184844
v 0.14055980 -0.50299999 0.12184844
v 0.13681381 -0.52299999 0.12092204
v 0.13681381 -0.50299999 0.12092205
v 0.13339861 -0.52299999 0.11912574
v 0.13339861 -0.50299999 0.11912574
v 0.13051270 -0.52299999 0.11656394
v 0.13051270 -0.50299999 0.11656395
v 0.12832411 -0.52299999 0.11338575
v 0.12832411 -0.50299999 0.11338575
v 0.12696010 -0.52299999 0.10977604
v 0.12696010 -0.50299999 0.10977604
v 0.12696010 -0.52299999 0.10977604
v 0.12657941 -0.52299999 0.10873724
v 0.12696010 -0.50299999 0.10977604
v 0.12657941 -0.50299999 0.10873725
v 0.12597961 -0.52299999 0.10780755
v 0.12597961 -0.50299999 0.10780755
v 0.12519001 -0.52299999 0.10703255
v 0.12519001 -0.50299999 0.10703255
v 0.12424930 -0.52299999 0.10645025
v 0.12424930 -0.50299999 0.10645025
v 0.12320350 -0.52299999 0.10608895
v 0.12320350 -0.50299999 0.10608895
v 0.12210391 -0.50299999 0.10596655
v 0.12210391 -0.52299999 0.10596654
v 0.12210391 -0.52299999 0.10596654
v -0.12210389 -0.52299999 0.10596657
v 0.12210391 -0.50299999 0.10596655
v -0.12210389 -0.50299999 0.10596657
v -0.12210389 -0.50299999 0.10596657
v -0.12210389 -0.52299999 0.10596657
v -0.12320348 -0.50299999 0.10608897
v -0.12320348 -0.52299999 0.10608897
v -0.12424928 -0.52299999 0.10645027
v -0.12424928 -0.50299999 0.10645027
v -0.12518999 -0.52299999 0.10703257
v -0.12518999 -0.50299999 0.10703257
v -0.12597959 -0.52299999 0.10780757
v -0.12597959 -0.50299999 0.10780757
v -0.12657939 -0.52299999 0.10873727
v -0.12657939 -0.50299999 0.10873727
v -0.12696008 -0.52299999 0.10977607
v -0.12696008 -0.50299999 0.10977607
v -0.12696008 -0.52299999 0.10977607
v -0.12832409 -0.52299999 0.11338577
v -0.12696008 -0.50299999 0.10977607
v -0.12832409 -0.50299999 0.11338577
v -0.13051268 -0.52299999 0.11656397
v -0.13051268 -0.50299999 0.11656397
v -0.13339859 -0.52299999 0.11912576
v -0.13339859 -0.50299999 0.11912577
v -0.13681379 -0.52299999 0.12092207
v -0.13681379 -0.50299999 0.12092207
v -0.14055978 -0.52299999 0.12184847
v -0.14055978 -0.50299999 0.12184847
v -0.14441859 -0.52299999 0.12185117
v -0.14441859 -0.50299999 0.12185117
v -0.14816578 -0.52299999 0.12092977
v -0.14816578 -0.50299999 0.12092978
v -0.15158349 -0.52299999 0.11913807
v -0.15158349 -0.50299999 0.11913807
v -0.15447279 -0.52299999 0.11658027
v -0.15447279 -0.50299999 0.11658027
v -0.15666568 -0.52299999 0.11340508
v -0.15666568 -0.50299999 0.11340508
v -0.15803468 -0.52299999 0.10979727
v -0.15803468 -0.50299999 0.10979727
v -0.15849999 -0.50299999 0.10596657
v -0.15849999 -0.52299999 0.10596657
v -0.15849999 -0.52299999 0.10596657
v -0.15850000 -0.52299998 0.02896658
v -0.15849999 -0.50299999 0.10596657
v -0.15850000 -0.50299998 0.02896659
v -0.15850000 -0.50299998 0.02896659
v -0.15850000 -0.52299998 0.02896658
v -0.15795479 -0.50299998 0.02482547
v -0.15795479 -0.52299998 0.02482547
v -0.15635640 -0.50299998 0.02096659
v -0.15635640 -0.52299998 0.02096658
v -0.15381369 -0.50299998 0.01765288
v -0.15381369 -0.52299998 0.01765287
v -0.15050000 -0.50299998 0.01511017
v -0.15050000 -0.52299998 0.01511017
v -0.14664110 -0.50299998 0.01351176
v -0.14664110 -0.52299998 0.01351176
v -0.14250000 -0.50299998 0.01296658
v -0.14250000 -0.52299998 0.01296658
vt -0.00314999 0.81996298
vt -0.01659995 0.68339998
vt 0.32671601 0.68126202
vt -0.00314999 0.54683697
vt 0.33942401 0.58901602
vt 0.03668397 0.41552201
vt 0.37557399 0.50320202
vt 0.10137100 0.29450101
vt 0.43270299 0.42966801
vt 0.18842500 0.18842500
vt 0.29450101 0.10137100
vt 0.50691599 0.37342599
vt 0.41552201 0.03668397
vt 0.59315801 0.33830899
vt 0.54683697 -0.00314999
vt 0.68554997 0.32670900
vt 0.68339998 -0.01659995
vt 0.81996298 -0.00314999
vt 0.77779597 0.33941701
vt 0.95127797 0.03668397
vt 0.86361003 0.37556699
vt 1.07229900 0.10137100
vt 0.93714303 0.43269500
vt 1.17837501 0.18842500
vt 1.26542902 0.29450101
vt 0.99338502 0.50690901
vt 1.33011603 0.41552201
vt 1.02850294 0.59315002
vt 1.36995006 0.54683697
vt 1.04010296 0.68554199
vt 1.38339996 0.68339998
vt 1.36995006 0.81996298
vt 1.02739501 0.77778900
vt 1.33011603 0.95127797
vt 0.99124497 0.86360198
vt 1.26542902 1.07229900
vt 0.93411702 0.93713599
vt 1.17837501 1.17837501
vt 1.07229900 1.26542902
vt 0.85990298 0.99337798
vt 0.95127797 1.33011603
vt 0.77366102 1.02849603
vt 0.81996298 1.36995006
vt 0.68126899 1.04009604
vt 0.68339998 1.38339996
vt 0.54683697 1.36995006
vt 0.58902299 1.02738798
vt 0.41552201 1.33011603
vt 0.50320899 0.99123800
vt 0.29450101 1.26542902
vt 0.42967600 0.93410897
vt 0.18842500 1.17837501
vt 0.10137100 1.07229900
vt 0.37343401 0.85989600
vt 0.03668397 0.95127797
vt 0.33831599 0.77365398
vt -1.80432701 -1.07428300
vt -1.61683905 -0.95829499
vt -1.81799996 -0.91799998
vt -1.61127198 -0.82118398
vt -1.80432701 -0.76171702
vt -1.57906306 -0.68779302
vt -1.76372302 -0.61018199
vt -1.52145004 -0.56325001
vt -1.69742298 -0.46799999
vt -1.60743999 -0.33949101
vt -1.44064701 -0.45233899
vt -1.49650896 -0.22856000
vt -1.33975804 -0.35932299
vt -1.36800003 -0.13857700
vt -1.22266197 -0.28777701
vt -1.22581804 -0.07227700
vt -1.09385705 -0.24044999
vt -1.07428300 -0.03167295
vt -0.95829499 -0.21916100
vt -0.91799998 -0.01799994
vt -0.82118398 -0.22472800
vt -0.76171702 -0.03167295
vt -0.68779302 -0.25693700
vt -0.61018199 -0.07227700
vt -0.56325001 -0.31455001
vt -0.46799999 -0.13857700
vt -0.33949101 -0.22856000
vt -0.45233899 -0.39535299
vt -0.22856000 -0.33949101
vt -0.35932299 -0.49624199
vt -0.13857700 -0.46799999
vt -0.28777701 -0.61333799
vt -0.07227700 -0.61018199
vt -0.24044999 -0.74214298
vt -0.03167295 -0.76171702
vt -0.21916100 -0.87770498
vt -0.01799994 -0.91799998
vt -0.22472800 -1.01481605
vt -0.03167295 -1.07428300
vt -0.25693700 -1.14820695
vt -0.07227700 -1.22581804
vt -0.31455001 -1.27275002
vt -0.13857700 -1.36800003
vt -0.22856000 -1.49650896
vt -0.39535299 -1.38366103
vt -0.33949101 -1.60743999
vt -0.49624199 -1.47667694
vt -0.46799999 -1.69742298
vt -0.61333799 -1.54822302
vt -0.61018199 -1.76372302
vt -0.74214298 -1.59554994
vt -0.76171702 -1.80432701
vt -0.87770498 -1.61683905
vt -0.91799998 -1.81799996
vt -1.01481605 -1.61127198
vt -1.07428300 -1.80432701
vt -1.14820695 -1.57906306
vt -1.22581804 -1.76372302
vt -1.27275002 -1.52145004
vt -1.36800003 -1.69742298
vt -1.49650896 -1.60743999
vt -1.38366103 -1.44064701
vt -1.60743999 -1.49650896
vt -1.47667694 -1.33975804
vt -1.69742298 -1.36800003
vt -1.54822302 -1.22266197
vt -1.76372302 -1.22581804
vt -1.59554994 -1.09385705
vt -0.00219995 0.17776200
vt -0.25220001 0.13744500
vt -0.00219995 0.04031699
vt -0.25220001 0.00000000
vt -0.00219995 -0.09712797
vt -0.25220001 -0.13744500
vt -0.00219995 -0.23457190
vt -0.25220001 -0.27488899
vt -0.00219995 -0.37201700
vt -0.25220001 -0.41233400
vt -0.00219995 -0.50946200
vt -0.25220001 -0.54977900
vt -0.00219995 -0.64690602
vt -0.25220001 -0.68722302
vt -0.00219995 -0.78435099
vt -0.25220001 -0.82466799
vt -0.00219995 -0.92179602
vt -0.25220001 -0.96211302
vt -0.00219995 -1.05923998
vt -0.25220001 -1.09955704
vt -0.00219995 -1.19668496
vt -0.25220001 -1.23700202
vt -0.00219995 -1.33413005
vt -0.25220001 -1.37444699
vt -0.00219995 -1.47157395
vt -0.25220001 -1.51189101
vt -0.00219995 -1.60901904
vt -0.25220001 -1.64933598
vt -0.00219995 -1.74646401
vt -0.25220001 -1.78678095
vt -0.00219995 -1.88390803
vt -0.25220001 -1.92422497
vt -0.00219995 -2.02135301
vt -0.25220001 -2.06167006
vt -0.00219995 -2.15879798
vt -0.25220001 -2.19911504
vt -0.00219995 -2.29624200
vt -0.00219995 2.10198689
vt -0.25220001 2.19911504
vt -0.25220001 2.06167006
vt -0.00219995 1.96454298
vt -0.25220001 1.92422497
vt -0.00219995 1.82709801
vt -0.25220001 1.78678095
vt -0.00219995 1.68965304
vt -0.25220001 1.64933598
vt -0.00219995 1.55220902
vt -0.25220001 1.51189101
vt -0.00219995 1.41476405
vt -0.25220001 1.37444699
vt -0.00219995 1.27731895
vt -0.25220001 1.23700202
vt -0.00219995 1.13987505
vt -0.25220001 1.09955704
vt -0.00219995 1.00242996
vt -0.25220001 0.96211302
vt -0.00219995 0.86498499
vt -0.25220001 0.82466799
vt -0.00219995 0.72754002
vt -0.25220001 0.68722302
vt -0.00219995 0.59009600
vt -0.25220001 0.54977900
vt -0.00219995 0.45265099
vt -0.25220001 0.41233400
vt -0.00219995 0.31520599
vt -0.25220001 0.27488899
vt -0.00204200 0.16539200
vt -0.20620200 0.16035201
vt -0.00204200 0.14248399
vt -0.00204200 0.21120700
vt -0.20620200 0.20616700
vt -0.00204200 0.18829900
vt -0.00204200 0.25702199
vt -0.20620200 0.25198200
vt -0.00204200 0.23411401
vt -0.00204200 -0.24694200
vt -0.20620200 -0.25198200
vt -0.00204200 -0.26984999
vt -0.00204200 -0.20112690
vt -0.20620200 -0.20616700
vt -0.00204200 -0.22403499
vt -0.00204200 -0.15531200
vt -0.20620200 -0.16035201
vt -0.00204200 -0.17822000
vt -0.00204200 -0.10949800
vt -0.20620200 -0.11453700
vt -0.00204200 -0.13240500
vt -0.00204200 -0.06368297
vt -0.20620200 -0.06872200
vt -0.00204200 -0.08658999
vt -0.00204200 -0.01786798
vt -0.20620200 -0.02290695
vt -0.00204200 -0.04077500
vt -0.00204200 0.02794694
vt -0.20620200 0.02290695
vt -0.00204200 0.00503999
vt -0.00204200 0.07376199
vt -0.20620200 0.06872200
vt -0.00204200 0.05085498
vt -0.00204200 0.11957700
vt -0.20620200 0.11453700
vt -0.00204200 0.09666895
vt -0.20620200 -0.27488899
vt -0.00204200 -0.29275700
vt -0.20620200 0.09162998
vt -0.20620200 -0.09162998
vt -0.20620200 0.22907400
vt -0.20620200 0.18325999
vt -0.20620200 0.13744500
vt -0.20620200 0.04581499
vt -0.20620200 0.00000000
vt -0.20620200 -0.04581499
vt -0.20620200 -0.13744500
vt -0.20620200 -0.18325999
vt -0.20620200 -0.22907400
vt -0.00209999 -0.11781000
vt -0.21209399 -0.11781000
vt -0.00209999 -0.14137200
vt -0.00209999 -0.07068598
vt -0.21209399 -0.07068598
vt -0.00209999 -0.09424799
vt -0.00209999 -0.02356195
vt -0.21209399 -0.02356195
vt -0.00209999 -0.04712396
vt -0.00209999 0.02356195
vt -0.21209399 0.02356195
vt -0.00209999 0.00000000
vt -0.00209999 0.07068598
vt -0.21209399 0.07068598
vt -0.00209999 0.04712396
vt -0.00209999 0.11781000
vt -0.21209399 0.11781000
vt -0.00209999 0.09424799
vt -0.00209999 0.16493399
vt -0.21209399 0.16493399
vt -0.00209999 0.14137200
vt -0.00209999 0.21205799
vt -0.21209399 0.21205799
vt -0.00209999 0.18849590
vt -0.00209999 0.25918099
vt -0.21209399 0.25918099
vt -0.00209999 0.23561899
vt -0.00209999 -0.25918099
vt -0.21209399 -0.25918099
vt -0.00209999 -0.28274301
vt -0.00209999 -0.21205799
vt -0.21209399 -0.21205799
vt -0.00209999 -0.23561899
vt -0.00209999 -0.16493399
vt -0.21209399 -0.16493399
vt -0.00209999 -0.18849590
vt -0.00209999 0.28274301
vt -0.21209399 0.28274301
vt -0.21209399 0.09424799
vt -0.21209399 -0.09424799
vt -0.21209399 0.23561899
vt -0.21209399 0.18849590
vt -0.21209399 0.14137200
vt -0.21209399 0.04712396
vt -0.21209399 0.00000000
vt -0.21209399 -0.04712396
vt -0.21209399 -0.14137200
vt -0.21209399 -0.18849590
vt -0.21209399 -0.23561899
vt -0.47630501 0.25639299
vt -0.42299500 0.29289499
vt -0.47974601 0.30325601
vt -0.41880500 0.32471600
vt -0.47094101 0.34941301
vt -0.40652299 0.35437000
vt -0.45049000 0.39171901
vt -0.38698399 0.37983301
vt -0.41978601 0.42728901
vt -0.36151999 0.39937201
vt -0.38092199 0.45370099
vt -0.33186701 0.41165501
vt -0.33654699 0.46915501
vt -0.30004501 0.41584501
vt -0.28968301 0.47259599
vt -0.26822299 0.41165501
vt -0.24352600 0.46379101
vt -0.23857000 0.39937201
vt -0.20122100 0.44334000
vt -0.21310601 0.37983301
vt -0.16565000 0.41263601
vt -0.19356699 0.35437000
vt -0.13923790 0.37377200
vt -0.18128400 0.32471600
vt -0.12378500 0.32939601
vt -0.17709491 0.29289499
vt -0.12034300 0.28253299
vt -0.18128400 0.26107299
vt -0.12914801 0.23637600
vt -0.19356699 0.23142000
vt -0.14960000 0.19407000
vt -0.21310601 0.20595600
vt -0.18030301 0.15850000
vt -0.23857000 0.18641700
vt -0.21916690 0.13208801
vt -0.26822299 0.17413400
vt -0.26354301 0.11663400
vt -0.30004501 0.16994500
vt -0.31040600 0.11319300
vt -0.33186701 0.17413400
vt -0.35656300 0.12199800
vt -0.36151999 0.18641700
vt -0.39886901 0.14244901
vt -0.38698399 0.20595600
vt -0.43443999 0.17315300
vt -0.40652299 0.23142000
vt -0.46085200 0.21201690
vt -0.41880500 0.26107299
vt -0.12868100 0.32838199
vt -0.17709491 0.29289499
vt -0.12533499 0.28282100
vt -0.18128400 0.26107299
vt -0.13389499 0.23794600
vt -0.19356699 0.23142000
vt -0.15377900 0.19681600
vt -0.21310601 0.20595600
vt -0.18363000 0.16223291
vt -0.23857000 0.18641700
vt -0.22141400 0.13655500
vt -0.26822299 0.17413400
vt -0.26455700 0.12153100
vt -0.30004501 0.16994500
vt -0.31011900 0.11818500
vt -0.33186701 0.17413400
vt -0.35499400 0.12674500
vt -0.36151999 0.18641700
vt -0.39612401 0.14662801
vt -0.38698399 0.20595600
vt -0.43070701 0.17647900
vt -0.40652299 0.23142000
vt -0.45638499 0.21426401
vt -0.41880500 0.26107299
vt -0.47140899 0.25740701
vt -0.42299500 0.29289499
vt -0.47475499 0.30296800
vt -0.41880500 0.32471600
vt -0.46619400 0.34784299
vt -0.40652299 0.35437000
vt -0.44631100 0.38897401
vt -0.38698399 0.37983301
vt -0.41646001 0.42355600
vt -0.36151999 0.39937201
vt -0.37867600 0.44923499
vt -0.33186701 0.41165501
vt -0.33553299 0.46425900
vt -0.30004501 0.41584501
vt -0.28997099 0.46760401
vt -0.26822299 0.41165501
vt -0.24509600 0.45904401
vt -0.23857000 0.39937201
vt -0.20396601 0.43916100
vt -0.21310601 0.37983301
vt -0.16938300 0.40931001
vt -0.19356699 0.35437000
vt -0.14370500 0.37152499
vt -0.18128400 0.32471600
vt 0.15150000 -0.49388501
vt 0.00149995 -0.53969902
vt 0.15150000 -0.53969902
vt 0.15150000 0.55985802
vt 0.00149995 0.55985802
vt 0.00149995 0.51404297
vt 0.15150000 0.51404297
vt 0.00149995 0.46822801
vt 0.15150000 0.46822801
vt 0.00149995 0.42241299
vt 0.15150000 0.42241299
vt 0.00149995 0.37659800
vt 0.15150000 0.37659800
vt 0.00149995 0.33078399
vt 0.15150000 0.33078399
vt 0.00149995 0.28496900
vt 0.15150000 0.28496900
vt 0.00149995 0.23915400
vt 0.15150000 0.23915400
vt 0.00149995 0.19333901
vt 0.15150000 0.19333901
vt 0.00149995 0.14752389
vt 0.15150000 0.14752389
vt 0.00149995 0.10170900
vt 0.15150000 0.10170900
vt 0.00149995 0.05589395
vt 0.15150000 0.05589395
vt 0.00149995 0.01007896
vt 0.15150000 0.01007896
vt 0.00149995 -0.03573596
vt 0.15150000 -0.03573596
vt 0.00149995 -0.08155095
vt 0.15150000 -0.08155095
vt 0.00149995 -0.12736490
vt 0.15150000 -0.12736490
vt 0.00149995 -0.17318000
vt 0.15150000 -0.17318000
vt 0.00149995 -0.21899500
vt 0.15150000 -0.21899500
vt 0.00149995 -0.26481000
vt 0.15150000 -0.26481000
vt 0.00149995 -0.31062499
vt 0.15150000 -0.31062499
vt 0.00149995 -0.35644001
vt 0.15150000 -0.35644001
vt 0.00149995 -0.40225500
vt 0.15150000 -0.40225500
vt 0.00149995 -0.44806999
vt 0.15150000 -0.44806999
vt 0.00149995 -0.49388501
vt 0.00000000 0.14918800
vt 0.21213201 0.22293700
vt 0.00000000 0.22293700
vt 0.21213201 0.29668599
vt 0.00000000 0.29668599
vt 0.21213201 0.37043500
vt 0.00000000 0.37043500
vt 0.21213201 0.44418401
vt 0.00000000 0.44418401
vt 0.21213201 0.51793200
vt 0.00000000 0.51793200
vt 0.21213201 0.59168100
vt 0.00000000 0.59168100
vt 0.21213201 0.66543001
vt 0.00000000 0.66543001
vt 0.21213201 0.73917902
vt 0.00000000 0.73917902
vt 0.21213201 0.81292802
vt 0.00000000 0.81292802
vt 0.00000000 -0.95704502
vt 0.21213201 -0.95704502
vt 0.21213201 -0.88329601
vt 0.00000000 -0.88329601
vt 0.21213201 -0.80954802
vt 0.00000000 -0.80954802
vt 0.21213201 -0.73579901
vt 0.00000000 -0.73579901
vt 0.21213201 -0.66205001
vt 0.00000000 -0.66205001
vt 0.21213201 -0.58830100
vt 0.00000000 -0.58830100
vt 0.21213201 -0.51455200
vt 0.00000000 -0.51455200
vt 0.00000000 -0.44080299
vt 0.21213201 -0.44080299
vt 0.00000000 -0.36705399
vt 0.21213201 -0.36705399
vt 0.21213201 -0.29330501
vt 0.21213201 0.14918800
vt 0.00000000 0.07543897
vt 0.21213201 0.07543897
vt 0.00000000 0.00168997
vt 0.21213201 0.00168997
vt 0.00000000 -0.07205897
vt 0.21213201 -0.07205897
vt 0.00000000 -0.14580800
vt 0.21213201 -0.14580800
vt 0.00000000 -0.21955600
vt 0.21213201 -0.21955600
vt 0.00000000 -0.29330501
vt -0.21861000 -0.51975298
vt -0.51086497 -0.52579099
vt -0.26073101 -0.55347902
vt -0.46738699 -0.55774802
vt -0.31014600 -0.57515299
vt -0.41711900 -0.57736301
vt -0.36348701 -0.58329999
vt -0.54459101 -0.48367000
vt -0.18665200 -0.47627500
vt -0.56626600 -0.43425500
vt -0.16703700 -0.42600700
vt -0.57441199 -0.38091400
vt -0.16110100 -0.37237501
vt -0.56847602 -0.32728201
vt -0.16924700 -0.31903401
vt -0.54886001 -0.27701399
vt -0.19092201 -0.26961899
vt -0.51690298 -0.23353501
vt -0.22464789 -0.22749700
vt -0.47478199 -0.19981000
vt -0.26812601 -0.19554000
vt -0.42536700 -0.17813499
vt -0.31839401 -0.17592500
vt -0.37202600 -0.16998801
vt -0.00219995 0.17776200
vt -0.25220001 0.13744500
vt -0.00219995 0.04031699
vt -0.25220001 0.00000000
vt -0.00219995 -0.09712797
vt -0.25220001 -0.13744500
vt -0.00219995 -0.23457190
vt -0.25220001 -0.27488899
vt -0.00219995 -0.37201700
vt -0.25220001 -0.41233400
vt -0.00219995 -0.50946200
vt -0.25220001 -0.54977900
vt -0.00219995 -0.64690602
vt -0.25220001 -0.68722302
vt -0.00219995 -0.78435099
vt -0.25220001 -0.82466799
vt -0.00219995 -0.92179602
vt -0.25220001 -0.96211302
vt -0.00219995 -1.05923998
vt -0.25220001 -1.09955704
vt -0.00219995 -1.19668496
vt -0.25220001 -1.23700202
vt -0.00219995 -1.33413005
vt -0.25220001 -1.37444699
vt -0.00219995 -1.47157395
vt -0.25220001 -1.51189101
vt -0.00219995 -1.60901904
vt -0.25220001 -1.64933598
vt -0.00219995 -1.74646401
vt -0.25220001 -1.78678095
vt -0.00219995 -1.88390803
vt -0.25220001 -1.92422497
vt -0.00219995 -2.02135301
vt -0.25220001 -2.06167006
vt -0.00219995 -2.15879798
vt -0.25220001 -2.19911504
vt -0.00219995 -2.29624200
vt -0.00219995 2.10198689
vt -0.25220001 2.19911504
vt -0.25220001 2.06167006
vt -0.00219995 1.96454298
vt -0.25220001 1.92422497
vt -0.00219995 1.82709801
vt -0.25220001 1.78678095
vt -0.00219995 1.68965304
vt -0.25220001 1.64933598
vt -0.00219995 1.55220902
vt -0.25220001 1.51189101
vt -0.00219995 1.41476405
vt -0.25220001 1.37444699
vt -0.00219995 1.27731895
vt -0.25220001 1.23700202
vt -0.00219995 1.13987505
vt -0.25220001 1.09955704
vt -0.00219995 1.00242996
vt -0.25220001 0.96211302
vt -0.00219995 0.86498499
vt -0.25220001 0.82466799
vt -0.00219995 0.72754002
vt -0.25220001 0.68722302
vt -0.00219995 0.59009600
vt -0.25220001 0.54977900
vt -0.00219995 0.45265099
vt -0.25220001 0.41233400
vt -0.00219995 0.31520599
vt -0.25220001 0.27488899
vt -0.51690298 0.51924700
vt -0.22464789 0.52528501
vt -0.47478199 0.55297297
vt -0.26812601 0.55724198
vt -0.42536700 0.57464701
vt -0.31839401 0.57685798
vt -0.37202600 0.58279401
vt -0.19092201 0.48316401
vt -0.54886001 0.47576901
vt -0.16924700 0.43374899
vt -0.56847602 0.42550099
vt -0.16110100 0.38040799
vt -0.57441199 0.37186900
vt -0.16703700 0.32677600
vt -0.56626600 0.31852800
vt -0.18665200 0.27650800
vt -0.54459101 0.26911300
vt -0.21861000 0.23302899
vt -0.51086497 0.22699089
vt -0.26073101 0.19930400
vt -0.46738699 0.19503400
vt -0.31014600 0.17762890
vt -0.41711900 0.17541900
vt -0.36348701 0.16948190
vt 0.86000001 -0.38306701
vt -0.10000000 -0.43291101
vt 0.86000001 -0.43718100
vt -0.10000000 -0.48702499
vt 0.86000001 -0.49129501
vt -0.10000000 -0.54113901
vt 0.86000001 -0.54540902
vt -0.10000000 -0.59525299
vt 0.86000001 -0.59952301
vt -0.10000000 -0.64936697
vt 0.86000001 -0.65363699
vt 0.86000001 0.64509702
vt -0.10000000 0.64936697
vt -0.10000000 0.59525299
vt 0.86000001 0.59098297
vt -0.10000000 0.54113901
vt 0.86000001 0.53686899
vt -0.10000000 0.48702499
vt 0.86000001 0.48275599
vt -0.10000000 0.43291101
vt 0.86000001 0.42864200
vt -0.10000000 0.37879801
vt 0.86000001 0.37452799
vt -0.10000000 0.32468399
vt 0.86000001 0.32041401
vt -0.10000000 0.27057001
vt 0.86000001 0.26629999
vt -0.10000000 0.21645591
vt 0.86000001 0.21218599
vt -0.10000000 0.16234200
vt 0.86000001 0.15807191
vt -0.10000000 0.10822800
vt 0.86000001 0.10395800
vt -0.10000000 0.05411398
vt 0.86000001 0.04984396
vt -0.10000000 0.00000000
vt 0.86000001 -0.00426996
vt -0.10000000 -0.05411398
vt 0.86000001 -0.05838400
vt -0.10000000 -0.10822800
vt 0.86000001 -0.11249800
vt -0.10000000 -0.16234200
vt 0.86000001 -0.16661200
vt -0.10000000 -0.21645591
vt 0.86000001 -0.22072600
vt -0.10000000 -0.27057001
vt 0.86000001 -0.27484000
vt -0.10000000 -0.32468399
vt 0.86000001 -0.32895300
vt -0.10000000 -0.37879801
vt -1.80432701 0.76171702
vt -1.61683404 0.87770402
vt -1.81799996 0.91799998
vt -1.61126804 1.01481497
vt -1.80432701 1.07428300
vt -1.57905900 1.14820600
vt -1.76372302 1.22581804
vt -1.52144504 1.27274895
vt -1.69742298 1.36800003
vt -1.60743999 1.49650896
vt -1.44064200 1.38365996
vt -1.49650896 1.60743999
vt -1.33975303 1.47667599
vt -1.36800003 1.69742298
vt -1.22265697 1.54822195
vt -1.22581804 1.76372302
vt -1.09385300 1.59554899
vt -1.07428300 1.80432701
vt -0.95828998 1.61683798
vt -0.91799998 1.81799996
vt -0.82117897 1.61127102
vt -0.76171702 1.80432701
vt -0.68778902 1.57906199
vt -0.61018199 1.76372302
vt -0.56324500 1.52144897
vt -0.46799999 1.69742298
vt -0.33949101 1.60743999
vt -0.45233399 1.44064605
vt -0.22856000 1.49650896
vt -0.35931799 1.33975697
vt -0.13857700 1.36800003
vt -0.28777200 1.22266102
vt -0.07227700 1.22581804
vt -0.24044500 1.09385598
vt -0.03167295 1.07428300
vt -0.21915600 0.95829397
vt -0.01799994 0.91799998
vt -0.22472300 0.82118303
vt -0.03167295 0.76171702
vt -0.25693199 0.68779200
vt -0.07227700 0.61018199
vt -0.31454501 0.56324899
vt -0.13857700 0.46799999
vt -0.22856000 0.33949101
vt -0.39534801 0.45233801
vt -0.33949101 0.22856000
vt -0.49623701 0.35932201
vt -0.46799999 0.13857700
vt -0.61333299 0.28777599
vt -0.61018199 0.07227700
vt -0.74213803 0.24044900
vt -0.76171702 0.03167295
vt -0.87769997 0.21916001
vt -0.91799998 0.01799994
vt -1.01481104 0.22472601
vt -1.07428300 0.03167295
vt -1.14820194 0.25693500
vt -1.22581804 0.07227700
vt -1.27274597 0.31454900
vt -1.36800003 0.13857700
vt -1.49650896 0.22856000
vt -1.38365602 0.39535201
vt -1.60743999 0.33949101
vt -1.47667205 0.49624100
vt -1.69742298 0.46799999
vt -1.54821801 0.61333698
vt -1.76372302 0.61018199
vt -1.59554505 0.74214202
vt 0.00000000 0.66955900
vt -0.21213201 0.66373998
vt 0.00000000 0.59581000
vt -0.21213201 0.58999097
vt 0.00000000 0.52206099
vt -0.21213201 0.51624203
vt 0.00000000 0.44831201
vt -0.21213201 0.44249299
vt 0.00000000 0.37456399
vt -0.21213201 0.36874399
vt 0.00000000 0.30081499
vt -0.21213201 0.29499599
vt 0.00000000 0.22706600
vt -0.21213201 0.22124700
vt 0.00000000 0.15331700
vt -0.21213201 0.14749800
vt 0.00000000 0.07956796
vt -0.21213201 0.07374900
vt 0.00000000 0.00581896
vt -0.21213201 0.00000000
vt 0.00000000 -0.06792998
vt -0.21213201 -0.07374900
vt 0.00000000 -0.14167900
vt -0.21213201 -0.14749800
vt 0.00000000 -0.21542700
vt -0.21213201 -0.22124700
vt 0.00000000 -0.28917599
vt -0.21213201 -0.29499599
vt 0.00000000 -0.36292499
vt -0.21213201 -0.36874399
vt 0.00000000 -0.43667400
vt -0.21213201 -0.44249299
vt 0.00000000 -0.51042300
vt -0.21213201 -0.51624203
vt 0.00000000 -0.58417201
vt -0.21213201 -0.58999097
vt 0.00000000 -0.65792102
vt -0.21213201 -0.66373998
vt 0.00000000 -0.73167002
vt -0.21213201 -0.73748899
vt 0.00000000 -0.80541903
vt -0.21213201 -0.81123799
vt 0.00000000 -0.87916702
vt -0.21213201 -0.88498700
vt 0.00000000 -0.95291603
vt 0.00000000 0.81705701
vt -0.21213201 0.88498700
vt -0.21213201 0.81123799
vt 0.00000000 0.74330801
vt -0.21213201 0.73748899
vt 0.97192299 1.32117295
vt 0.85989302 0.99337602
vt 1.09080195 1.25263095
vt 0.93410701 0.93713403
vt 1.19402504 1.16221297
vt 0.99123597 0.86360002
vt 1.27762604 1.05339396
vt 1.33838999 0.93035698
vt 1.02738595 0.77778602
vt 1.37398398 0.79782999
vt 1.04009402 0.68554002
vt 1.38303804 0.66090500
vt 1.02849305 0.59314799
vt 1.36520696 0.52484500
vt 1.32117295 0.39487699
vt 0.99337602 0.50690699
vt 1.25263095 0.27599800
vt 0.93713403 0.43269300
vt 1.16221297 0.17277500
vt 0.86360002 0.37556401
vt 1.05339396 0.08917397
vt 0.93035698 0.02840995
vt 0.77778602 0.33941400
vt 0.79782999 -0.00718397
vt 0.68554002 0.32670599
vt 0.66090500 -0.01623797
vt 0.59314799 0.33830699
vt 0.52484500 0.00159299
vt 0.39487699 0.04562699
vt 0.50690699 0.37342399
vt 0.27599800 0.11416900
vt 0.43269300 0.42966601
vt 0.17277500 0.20458700
vt 0.37556401 0.50319999
vt 0.08917397 0.31340599
vt 0.02840995 0.43644300
vt 0.33941400 0.58901399
vt -0.00718397 0.56897002
vt 0.32670599 0.68125999
vt -0.01623797 0.70589501
vt 0.33830699 0.77365202
vt 0.00159299 0.84195501
vt 0.04562699 0.97192299
vt 0.37342399 0.85989302
vt 0.11416900 1.09080195
vt 0.42966601 0.93410701
vt 0.20458700 1.19402504
vt 0.50319999 0.99123597
vt 0.31340599 1.27762604
vt 0.43644300 1.33838999
vt 0.58901399 1.02738595
vt 0.56897002 1.37398398
vt 0.68125999 1.04009402
vt 0.70589501 1.38303804
vt 0.77365202 1.02849305
vt 0.84195501 1.36520696
vt -0.12000000 -0.03218799
vt 0.40000001 -0.03218799
vt -0.12000000 0.00000000
vt 0.40000001 0.00000000
vt -0.12000000 0.03218799
vt 0.40000001 0.03218799
vt -0.12000000 0.06437599
vt 0.40000001 0.06437599
vt -0.12000000 0.09656500
vt 0.40000001 0.09656500
vt -0.12000000 0.12875301
vt 0.40000001 0.12875301
vt -0.12000000 0.16094100
vt 0.40000001 0.16094100
vt -0.12000000 0.19312900
vt 0.40000001 0.19312900
vt -0.12000000 0.22531800
vt 0.40000001 0.22531800
vt -0.12000000 0.25750601
vt 0.40000001 0.25750601
vt -0.12000000 0.28969401
vt 0.40000001 0.28969401
vt -0.12000000 0.32188201
vt 0.40000001 0.32188201
vt -0.12000000 0.35407099
vt 0.40000001 0.35407099
vt -0.12000000 0.38625899
vt 0.40000001 0.38625899
vt -0.12000000 -0.38625899
vt 0.40000001 -0.38625899
vt -0.12000000 -0.35407099
vt 0.40000001 -0.35407099
vt -0.12000000 -0.32188201
vt 0.40000001 -0.32188201
vt -0.12000000 -0.28969401
vt 0.40000001 -0.28969401
vt -0.12000000 -0.25750601
vt 0.40000001 -0.25750601
vt -0.12000000 -0.22531800
vt 0.40000001 -0.22531800
vt -0.12000000 -0.19312900
vt 0.40000001 -0.19312900
vt -0.12000000 -0.16094100
vt 0.40000001 -0.16094100
vt -0.12000000 -0.12875301
vt 0.40000001 -0.12875301
vt -0.12000000 -0.09656500
vt 0.40000001 -0.09656500
vt -0.12000000 -0.06437599
vt 0.40000001 -0.06437599
vt -0.00219995 0.17776200
vt -0.25220001 0.11494600
vt -0.00219995 0.04031699
vt -0.25220001 -0.02249896
vt -0.00219995 -0.09712797
vt -0.25220001 -0.15994300
vt -0.00219995 -0.23457190
vt -0.25220001 -0.29738799
vt -0.00219995 -0.37201700
vt -0.25220001 -0.43483299
vt -0.00219995 -0.50946200
vt -0.25220001 -0.57227802
vt -0.00219995 -0.64690602
vt -0.25220001 -0.70972198
vt -0.00219995 -0.78435099
vt -0.25220001 -0.84716702
vt -0.00219995 -0.92179602
vt -0.25220001 -0.98461199
vt -0.00219995 -1.05923998
vt -0.25220001 -1.12205601
vt -0.00219995 -1.19668496
vt -0.25220001 -1.25950098
vt -0.00219995 -1.33413005
vt -0.25220001 -1.39694595
vt -0.00219995 -1.47157395
vt -0.25220001 -1.53438997
vt -0.00219995 -1.60901904
vt -0.25220001 -1.67183495
vt -0.00219995 -1.74646401
vt -0.25220001 -1.80928004
vt -0.00219995 -1.88390803
vt -0.25220001 -1.94672406
vt -0.00219995 -2.02135301
vt -0.25220001 -2.08416891
vt -0.00219995 -2.15879798
vt -0.00219995 2.23943210
vt -0.25220001 2.31406093
vt -0.25220001 2.17661595
vt -0.00219995 2.10198689
vt -0.25220001 2.03917098
vt -0.00219995 1.96454298
vt -0.25220001 1.90172696
vt -0.00219995 1.82709801
vt -0.25220001 1.76428199
vt -0.00219995 1.68965304
vt -0.25220001 1.62683702
vt -0.00219995 1.55220902
vt -0.25220001 1.48939300
vt -0.00219995 1.41476405
vt -0.25220001 1.35194802
vt -0.00219995 1.27731895
vt -0.25220001 1.21450305
vt -0.00219995 1.13987505
vt -0.25220001 1.07705903
vt -0.00219995 1.00242996
vt -0.25220001 0.93961400
vt -0.00219995 0.86498499
vt -0.25220001 0.80216902
vt -0.00219995 0.72754002
vt -0.25220001 0.66472501
vt -0.00219995 0.59009600
vt -0.25220001 0.52727997
vt -0.00219995 0.45265099
vt -0.25220001 0.38983500
vt -0.00219995 0.31520599
vt -0.25220001 0.25239101
vt 0.00314999 0.54683697
vt 0.01659995 0.68339998
vt -0.32678601 0.69076997
vt 0.00314999 0.81996298
vt -0.34084401 0.78281999
vt -0.03668397 0.95127797
vt -0.37824801 0.86809498
vt -0.10137100 1.07229900
vt -0.43644801 0.94078302
vt -0.18842500 1.17837501
vt -0.29450101 1.26542902
vt -0.51147902 0.99593198
vt -0.41552201 1.33011603
vt -0.59822500 1.02978098
vt -0.54683697 1.36995006
vt -0.69077802 1.04002595
vt -0.68339998 1.38339996
vt -0.81996298 1.36995006
vt -0.78282797 1.02596700
vt -0.95127797 1.33011603
vt -0.86810201 0.98856401
vt -1.07229900 1.26542902
vt -0.94079101 0.93036300
vt -1.17837501 1.17837501
vt -1.26542902 1.07229900
vt -0.99593902 0.85533297
vt -1.33011603 0.95127797
vt -1.02978897 0.76858598
vt -1.36995006 0.81996298
vt -1.04003406 0.67603397
vt -1.38339996 0.68339998
vt -1.36995006 0.54683697
vt -1.02597499 0.58398402
vt -1.33011603 0.41552201
vt -0.98857099 0.49870899
vt -1.26542902 0.29450101
vt -0.93037099 0.42602101
vt -1.17837501 0.18842500
vt -1.07229900 0.10137100
vt -0.85534102 0.37087300
vt -0.95127797 0.03668397
vt -0.76859403 0.33702299
vt -0.81996298 -0.00314999
vt -0.67604202 0.32677799
vt -0.68339998 -0.01659995
vt -0.54683697 -0.00314999
vt -0.58399200 0.34083700
vt -0.41552201 0.03668397
vt -0.49871701 0.37824100
vt -0.29450101 0.10137100
vt -0.42602900 0.43644100
vt -0.18842500 0.18842500
vt -0.10137100 0.29450101
vt -0.37088001 0.51147097
vt -0.03668397 0.41552201
vt -0.33702999 0.59821802
vt 0.03167295 -1.07428300
vt 0.21916100 -0.95829499
vt 0.01799994 -0.91799998
vt 0.22472800 -0.82118398
vt 0.03167295 -0.76171702
vt 0.25693700 -0.68779302
vt 0.07227700 -0.61018199
vt 0.31455001 -0.56325001
vt 0.13857700 -0.46799999
vt 0.22856000 -0.33949101
vt 0.39535299 -0.45233899
vt 0.33949101 -0.22856000
vt 0.49624199 -0.35932299
vt 0.46799999 -0.13857700
vt 0.61333799 -0.28777701
vt 0.61018199 -0.07227700
vt 0.74214298 -0.24044999
vt 0.76171702 -0.03167295
vt 0.87770498 -0.21916100
vt 0.91799998 -0.01799994
vt 1.01481605 -0.22472800
vt 1.07428300 -0.03167295
vt 1.14820695 -0.25693700
vt 1.22581804 -0.07227700
vt 1.27275002 -0.31455001
vt 1.36800003 -0.13857700
vt 1.49650896 -0.22856000
vt 1.38366103 -0.39535299
vt 1.60743999 -0.33949101
vt 1.47667694 -0.49624199
vt 1.69742298 -0.46799999
vt 1.54822302 -0.61333799
vt 1.76372302 -0.61018199
vt 1.59554994 -0.74214298
vt 1.80432701 -0.76171702
vt 1.61683905 -0.87770498
vt 1.81799996 -0.91799998
vt 1.61127198 -1.01481605
vt 1.80432701 -1.07428300
vt 1.57906306 -1.14820695
vt 1.76372302 -1.22581804
vt 1.52145004 -1.27275002
vt 1.69742298 -1.36800003
vt 1.60743999 -1.49650896
vt 1.44064701 -1.38366103
vt 1.49650896 -1.60743999
vt 1.33975804 -1.47667694
vt 1.36800003 -1.69742298
vt 1.22266197 -1.54822302
vt 1.22581804 -1.76372302
vt 1.09385705 -1.59554994
vt 1.07428300 -1.80432701
vt 0.95829499 -1.61683905
vt 0.91799998 -1.81799996
vt 0.82118398 -1.61127198
vt 0.76171702 -1.80432701
vt 0.68779302 -1.57906306
vt 0.61018199 -1.76372302
vt 0.56325001 -1.52145004
vt 0.46799999 -1.69742298
vt 0.33949101 -1.60743999
vt 0.45233899 -1.44064701
vt 0.22856000 -1.49650896
vt 0.35932299 -1.33975804
vt 0.13857700 -1.36800003
vt 0.28777701 -1.22266197
vt 0.07227700 -1.22581804
vt 0.24044999 -1.09385705
vt 0.48759499 -0.19701990
vt 0.28089899 -0.19825999
vt 0.53060001 -0.22961099
vt 0.23828700 -0.23136500
vt 0.56370503 -0.27222201
vt 0.20569600 -0.27437001
vt 0.58465302 -0.32194901
vt 0.18534601 -0.32434499
vt 0.59201699 -0.37540400
vt 0.17862400 -0.37788400
vt 0.58529502 -0.42894301
vt 0.18598799 -0.43133900
vt 0.56494498 -0.47891799
vt 0.20693700 -0.48106599
vt 0.53235400 -0.52192402
vt 0.24004100 -0.52367699
vt 0.48974299 -0.55502802
vt 0.28304699 -0.55626899
vt 0.44001600 -0.57597601
vt 0.33302200 -0.57661802
vt 0.38656101 -0.58333999
vt 0.33062601 -0.17731200
vt 0.43762001 -0.17667000
vt 0.38408101 -0.16994800
vt 0.00000000 0.14918800
vt 0.21213201 0.22293700
vt 0.00000000 0.22293700
vt 0.21213201 0.29668599
vt 0.00000000 0.29668599
vt 0.21213201 0.37043500
vt 0.00000000 0.37043500
vt 0.21213201 0.44418401
vt 0.00000000 0.44418401
vt 0.21213201 0.51793200
vt 0.00000000 0.51793200
vt 0.21213201 0.59168100
vt 0.00000000 0.59168100
vt 0.21213201 0.66543001
vt 0.00000000 0.66543001
vt 0.21213201 0.73917902
vt 0.00000000 0.73917902
vt 0.21213201 0.81292802
vt 0.00000000 0.81292802
vt 0.00000000 -0.95704502
vt 0.21213201 -0.95704502
vt 0.21213201 -0.88329601
vt 0.00000000 -0.88329601
vt 0.21213201 -0.80954802
vt 0.00000000 -0.80954802
vt 0.21213201 -0.73579901
vt 0.00000000 -0.73579901
vt 0.21213201 -0.66205001
vt 0.00000000 -0.66205001
vt 0.21213201 -0.58830100
vt 0.00000000 -0.58830100
vt 0.21213201 -0.51455200
vt 0.00000000 -0.51455200
vt 0.00000000 -0.44080299
vt 0.21213201 -0.44080299
vt 0.00000000 -0.36705399
vt 0.21213201 -0.36705399
vt 0.00000000 -0.29330501
vt 0.21213201 -0.29330501
vt 0.21213201 -0.21955600
vt 0.21213201 0.14918800
vt 0.00000000 0.07543897
vt 0.21213201 0.07543897
vt 0.00000000 0.00168997
vt 0.21213201 0.00168997
vt 0.00000000 -0.07205897
vt 0.21213201 -0.07205897
vt 0.00000000 -0.14580800
vt 0.21213201 -0.14580800
vt 0.00000000 -0.21955600
vt 0.00314999 -0.81996298
vt 0.01659995 -0.68339998
vt -0.32676601 -0.67602998
vt 0.00314999 -0.54683697
vt -0.34082499 -0.58398002
vt -0.03668397 -0.41552201
vt -0.37822899 -0.49870500
vt -0.10137100 -0.29450101
vt -0.43642899 -0.42601699
vt -0.18842500 -0.18842500
vt -0.29450101 -0.10137100
vt -0.51145899 -0.37086800
vt -0.41552201 -0.03668397
vt -0.59820598 -0.33701900
vt -0.54683697 0.00314999
vt -0.69075799 -0.32677400
vt -0.68339998 0.01659995
vt -0.81996298 0.00314999
vt -0.78280801 -0.34083301
vt -0.95127797 -0.03668397
vt -0.86808300 -0.37823600
vt -1.07229900 -0.10137100
vt -0.94077098 -0.43643701
vt -1.17837501 -0.18842500
vt -1.26542902 -0.29450101
vt -0.99592000 -0.51146698
vt -1.33011603 -0.41552201
vt -1.02977002 -0.59821397
vt -1.36995006 -0.54683697
vt -1.04001403 -0.69076598
vt -1.38339996 -0.68339998
vt -1.36995006 -0.81996298
vt -1.02595603 -0.78281599
vt -1.33011603 -0.95127797
vt -0.98855197 -0.86809099
vt -1.26542902 -1.07229900
vt -0.93035197 -0.94077897
vt -1.17837501 -1.17837501
vt -1.07229900 -1.26542902
vt -0.85532099 -0.99592698
vt -0.95127797 -1.33011603
vt -0.76857501 -1.02977705
vt -0.81996298 -1.36995006
vt -0.67602199 -1.04002202
vt -0.68339998 -1.38339996
vt -0.54683697 -1.36995006
vt -0.58397198 -1.02596295
vt -0.41552201 -1.33011603
vt -0.49869800 -0.98855901
vt -0.29450101 -1.26542902
vt -0.42600900 -0.93035901
vt -0.18842500 -1.17837501
vt -0.10137100 -1.07229900
vt -0.37086099 -0.85532898
vt -0.03668397 -0.95127797
vt -0.33701101 -0.76858199
vt 0.40000001 0.22531800
vt -0.12000000 0.22531800
vt 0.40000001 0.19312900
vt -0.12000000 0.19312900
vt 0.40000001 0.16094100
vt -0.12000000 0.16094100
vt 0.40000001 0.12875301
vt -0.12000000 0.12875301
vt 0.40000001 0.09656500
vt -0.12000000 0.09656500
vt 0.40000001 0.06437599
vt -0.12000000 0.06437599
vt 0.40000001 0.03218799
vt -0.12000000 0.03218799
vt 0.40000001 0.00000000
vt -0.12000000 0.00000000
vt 0.40000001 -0.03218799
vt -0.12000000 -0.03218799
vt 0.40000001 -0.06437599
vt -0.12000000 -0.06437599
vt 0.40000001 -0.09656500
vt -0.12000000 -0.09656500
vt 0.40000001 -0.12875301
vt -0.12000000 -0.12875301
vt 0.40000001 -0.16094100
vt -0.12000000 -0.16094100
vt 0.40000001 -0.19312900
vt -0.12000000 -0.19312900
vt 0.40000001 -0.22531800
vt -0.12000000 -0.22531800
vt 0.40000001 -0.25750601
vt -0.12000000 -0.25750601
vt 0.40000001 -0.28969401
vt -0.12000000 -0.28969401
vt 0.40000001 -0.32188201
vt -0.12000000 -0.32188201
vt 0.40000001 -0.35407099
vt -0.12000000 -0.35407099
vt 0.40000001 -0.38625899
vt -0.12000000 -0.38625899
vt 0.40000001 0.38625899
vt -0.12000000 0.38625899
vt 0.40000001 0.35407099
vt -0.12000000 0.35407099
vt 0.40000001 0.32188201
vt -0.12000000 0.32188201
vt 0.40000001 0.28969401
vt -0.12000000 0.28969401
vt 0.40000001 0.25750601
vt -0.12000000 0.25750601
vt -0.10000000 -0.05411398
vt 0.86000001 -0.00426996
vt -0.10000000 0.00000000
vt 0.86000001 0.04984396
vt -0.10000000 0.05411398
vt 0.86000001 0.10395800
vt -0.10000000 0.10822800
vt 0.86000001 0.15807191
vt -0.10000000 0.16234200
vt 0.86000001 0.21218599
vt -0.10000000 0.21645591
vt 0.86000001 0.26629999
vt -0.10000000 0.27057001
vt 0.86000001 0.32041401
vt -0.10000000 0.32468399
vt 0.86000001 0.37452799
vt -0.10000000 0.37879801
vt 0.86000001 0.42864200
vt -0.10000000 0.43291101
vt 0.86000001 0.48275599
vt -0.10000000 0.48702499
vt 0.86000001 0.53686899
vt -0.10000000 0.54113901
vt 0.86000001 0.59098297
vt -0.10000000 0.59525299
vt 0.86000001 0.64509702
vt -0.10000000 0.64936697
vt -0.10000000 -0.64936697
vt 0.86000001 -0.65363699
vt 0.86000001 -0.59952301
vt -0.10000000 -0.59525299
vt 0.86000001 -0.54540902
vt -0.10000000 -0.54113901
vt 0.86000001 -0.49129501
vt -0.10000000 -0.48702499
vt 0.86000001 -0.43718100
vt -0.10000000 -0.43291101
vt 0.86000001 -0.38306701
vt -0.10000000 -0.37879801
vt 0.86000001 -0.32895300
vt -0.10000000 -0.32468399
vt 0.86000001 -0.27484000
vt -0.10000000 -0.27057001
vt 0.86000001 -0.22072600
vt -0.10000000 -0.21645591
vt 0.86000001 -0.16661200
vt -0.10000000 -0.16234200
vt 0.86000001 -0.11249800
vt -0.10000000 -0.10822800
vt 0.86000001 -0.05838400
vt 3.18648410 -0.64621502
vt 1.40559804 0.45739600
vt -3.18648410 -0.64621502
vt -1.40559804 0.45739600
vt -1.44418597 0.45737001
vt 3.18648410 2.02206898
vt 2.95295000 0.73657900
vt 2.94603491 0.68405199
vt 2.92576003 0.63510400
vt -3.18648410 2.02206898
vt 1.42499995 1.54621506
vt 1.46641099 1.54076302
vt 1.50500000 1.52477896
vt -2.95295000 0.73657900
vt -2.94603491 0.78910702
vt -2.92576003 0.83805400
vt -1.46641099 1.54076302
vt -1.42499995 1.54621506
vt 1.53813696 1.49935198
vt 1.56356394 1.46621501
vt 1.57954800 1.42762601
vt 2.75000000 0.93952900
vt 1.58500004 1.38621497
vt 2.69747305 0.93261403
vt 2.64852500 0.91233897
vt 2.60649300 0.88008702
vt 1.58500004 0.61621499
vt 2.57423997 0.83805400
vt 2.55396509 0.78910702
vt 2.54705000 0.73657900
vt 2.55396509 0.68405199
vt 2.57423997 0.63510400
vt 1.58034694 0.57790899
vt 2.60649300 0.59307200
vt 1.56665695 0.54183000
vt 2.64852500 0.56081897
vt 1.54472804 0.51007801
vt 1.51583505 0.48449999
vt 2.69747305 0.54054499
vt 1.48165798 0.46658301
vt 2.75000000 0.53362900
vt 2.80252695 0.54054499
vt 2.85147500 0.56081897
vt 2.89350700 0.59307200
vt 1.44418597 0.45737001
vt 1.36813796 0.46665999
vt -1.36813796 0.46665999
vt 1.33398604 0.48462400
vt -1.33398604 0.48462400
vt 1.30512702 0.51024097
vt -1.30512702 0.51024097
vt 1.28324103 0.54202300
vt -1.28324199 0.54202300
vt -1.22103906 0.61621499
vt -1.26960099 0.57811999
vt -1.26579404 0.58850801
vt -1.25979602 0.59780502
vt -1.25189996 0.60555500
vt -1.24249303 0.61137903
vt -1.23203504 0.61499101
vt 1.22103906 0.61621499
vt 1.26960099 0.57811999
vt 1.26579404 0.58850801
vt 1.25979602 0.59780502
vt 1.25189996 0.60555500
vt 1.24249303 0.61137903
vt 1.23203504 0.61499101
vt -1.48165798 0.46658301
vt -2.75000000 0.53362900
vt -2.80252695 0.54054499
vt -2.69747305 0.54054499
vt -1.51583505 0.48449999
vt -2.64852500 0.56081897
vt -1.54472804 0.51007801
vt -1.56665695 0.54183000
vt -2.60649300 0.59307200
vt -1.58034694 0.57790899
vt -2.57423997 0.63510400
vt -1.58500004 0.61621499
vt -2.55396509 0.68405199
vt -2.54705000 0.73657900
vt -2.55396509 0.78910702
vt -2.57423997 0.83805400
vt -2.60649300 0.88008702
vt -1.58500004 1.38621497
vt -2.64852500 0.91233897
vt -2.69747305 0.93261403
vt -2.75000000 0.93952900
vt -1.57954800 1.42762601
vt -1.56356394 1.46621501
vt -1.53813696 1.49935198
vt -1.50500000 1.52477896
vt 2.80252695 0.93261403
vt 2.85147500 0.91233897
vt 2.89350700 0.88008702
vt 2.92576003 0.83805400
vt 2.94603491 0.78910702
vt -2.89350700 0.88008702
vt -2.85147500 0.91233897
vt -2.80252695 0.93261403
vt -2.85147500 0.56081897
vt -2.89350700 0.59307200
vt -2.92576003 0.63510400
vt -2.94603491 0.68405199
vt 1.80432701 -0.76171702
vt 1.61683404 -0.87770599
vt 1.81799996 -0.91799998
vt 1.61126804 -1.01481700
vt 1.80432701 -1.07428300
vt 1.57905900 -1.14820802
vt 1.76372302 -1.22581804
vt 1.52144504 -1.27275097
vt 1.69742298 -1.36800003
vt 1.60743999 -1.49650896
vt 1.44064200 -1.38366199
vt 1.49650896 -1.60743999
vt 1.33975303 -1.47667801
vt 1.36800003 -1.69742298
vt 1.22265697 -1.54822397
vt 1.22581804 -1.76372302
vt 1.09385300 -1.59555101
vt 1.07428300 -1.80432701
vt 0.95828998 -1.61684000
vt 0.91799998 -1.81799996
vt 0.82117897 -1.61127400
vt 0.76171702 -1.80432701
vt 0.68778902 -1.57906497
vt 0.61018199 -1.76372302
vt 0.56324500 -1.52145100
vt 0.46799999 -1.69742298
vt 0.33949101 -1.60743999
vt 0.45233399 -1.44064796
vt 0.22856000 -1.49650896
vt 0.35931799 -1.33975899
vt 0.13857700 -1.36800003
vt 0.28777200 -1.22266304
vt 0.07227700 -1.22581804
vt 0.24044500 -1.09385800
vt 0.03167295 -1.07428300
vt 0.21915600 -0.95829600
vt 0.01799994 -0.91799998
vt 0.22472300 -0.82118499
vt 0.03167295 -0.76171702
vt 0.25693199 -0.68779403
vt 0.07227700 -0.61018199
vt 0.31454501 -0.56325102
vt 0.13857700 -0.46799999
vt 0.22856000 -0.33949101
vt 0.39534801 -0.45234001
vt 0.33949101 -0.22856000
vt 0.49623701 -0.35932401
vt 0.46799999 -0.13857700
vt 0.61333299 -0.28777799
vt 0.61018199 -0.07227700
vt 0.74213803 -0.24045099
vt 0.76171702 -0.03167295
vt 0.87769997 -0.21916200
vt 0.91799998 -0.01799994
vt 1.01481104 -0.22472900
vt 1.07428300 -0.03167295
vt 1.14820194 -0.25693801
vt 1.22581804 -0.07227700
vt 1.27274597 -0.31455100
vt 1.36800003 -0.13857700
vt 1.49650896 -0.22856000
vt 1.38365602 -0.39535400
vt 1.60743999 -0.33949101
vt 1.47667205 -0.49624300
vt 1.69742298 -0.46799999
vt 1.54821801 -0.61333901
vt 1.76372302 -0.61018199
vt 1.59554505 -0.74214399
vt 0.86000001 -0.59525299
vt -0.10000000 -0.59525299
vt 0.86000001 -0.64936697
vt -0.10000000 -0.64936697
vt 0.86000001 0.64936697
vt -0.10000000 0.64936697
vt 0.86000001 0.59525299
vt -0.10000000 0.59525299
vt 0.86000001 0.54113901
vt -0.10000000 0.54113901
vt 0.86000001 0.48702499
vt -0.10000000 0.48702499
vt 0.86000001 0.43291101
vt -0.10000000 0.43291101
vt 0.86000001 0.37879801
vt -0.10000000 0.37879801
vt 0.86000001 0.32468399
vt -0.10000000 0.32468399
vt 0.86000001 0.27057001
vt -0.10000000 0.27057001
vt 0.86000001 0.21645591
vt -0.10000000 0.21645591
vt 0.86000001 0.16234200
vt -0.10000000 0.16234200
vt 0.86000001 0.10822800
vt -0.10000000 0.10822800
vt 0.86000001 0.05411398
vt -0.10000000 0.05411398
vt 0.86000001 0.00000000
vt -0.10000000 0.00000000
vt 0.86000001 -0.05411398
vt -0.10000000 -0.05411398
vt 0.86000001 -0.10822800
vt -0.10000000 -0.10822800
vt 0.86000001 -0.16234200
vt -0.10000000 -0.16234200
vt 0.86000001 -0.21645591
vt -0.10000000 -0.21645591
vt 0.86000001 -0.27057001
vt -0.10000000 -0.27057001
vt 0.86000001 -0.32468399
vt -0.10000000 -0.32468399
vt 0.86000001 -0.37879801
vt -0.10000000 -0.37879801
vt 0.86000001 -0.43291101
vt -0.10000000 -0.43291101
vt 0.86000001 -0.48702499
vt -0.10000000 -0.48702499
vt 0.86000001 -0.54113901
vt -0.10000000 -0.54113901
vt 0.86000001 -0.59525299
vt 0.38000000 -0.59525299
vt 0.86000001 -0.64936697
vt 0.38000000 -0.64936697
vt 0.86000001 0.64936697
vt 0.38000000 0.64936697
vt 0.86000001 0.59525299
vt 0.38000000 0.59525299
vt 0.86000001 0.54113901
vt 0.38000000 0.54113901
vt 0.86000001 0.48702499
vt 0.38000000 0.48702499
vt 0.86000001 0.43291101
vt 0.38000000 0.43291101
vt 0.86000001 0.37879801
vt 0.38000000 0.37879801
vt 0.86000001 0.32468399
vt 0.38000000 0.32468399
vt 0.86000001 0.27057001
vt 0.38000000 0.27057001
vt 0.86000001 0.21645591
vt 0.38000000 0.21645591
vt 0.86000001 0.16234200
vt 0.38000000 0.16234200
vt 0.86000001 0.10822800
vt 0.38000000 0.10822800
vt 0.86000001 0.05411398
vt 0.38000000 0.05411398
vt 0.86000001 0.00000000
vt 0.38000000 0.00000000
vt 0.86000001 -0.05411398
vt 0.38000000 -0.05411398
vt 0.86000001 -0.10822800
vt 0.38000000 -0.10822800
vt 0.86000001 -0.16234200
vt 0.38000000 -0.16234200
vt 0.86000001 -0.21645591
vt 0.38000000 -0.21645591
vt 0.86000001 -0.27057001
vt 0.38000000 -0.27057001
vt 0.86000001 -0.32468399
vt 0.38000000 -0.32468399
vt 0.86000001 -0.37879801
vt 0.38000000 -0.37879801
vt 0.86000001 -0.43291101
vt 0.38000000 -0.43291101
vt 0.86000001 -0.48702499
vt 0.38000000 -0.48702499
vt 0.86000001 -0.54113901
vt 0.38000000 -0.54113901
vt -0.25220001 2.06167006
vt -0.00219995 2.10198689
vt -0.25220001 2.19911504
vt -0.25220001 -2.19911504
vt -0.00219995 -2.29624200
vt -0.00219995 -2.15879798
vt -0.25220001 -2.06167006
vt -0.00219995 -2.02135301
vt -0.25220001 -1.92422497
vt -0.00219995 -1.88390803
vt -0.25220001 -1.78678095
vt -0.00219995 -1.74646401
vt -0.25220001 -1.64933598
vt -0.00219995 -1.60901904
vt -0.25220001 -1.51189101
vt -0.00219995 -1.47157395
vt -0.25220001 -1.37444699
vt -0.00219995 -1.33413005
vt -0.25220001 -1.23700202
vt -0.00219995 -1.19668496
vt -0.25220001 -1.09955704
vt -0.00219995 -1.05923998
vt -0.25220001 -0.96211302
vt -0.00219995 -0.92179602
vt -0.25220001 -0.82466799
vt -0.00219995 -0.78435099
vt -0.25220001 -0.68722302
vt -0.00219995 -0.64690602
vt -0.25220001 -0.54977900
vt -0.00219995 -0.50946200
vt -0.25220001 -0.41233400
vt -0.00219995 -0.37201700
vt -0.25220001 -0.27488899
vt -0.00219995 -0.23457190
vt -0.25220001 -0.13744500
vt -0.00219995 -0.09712797
vt -0.25220001 0.00000000
vt -0.00219995 0.04031699
vt -0.25220001 0.13744500
vt -0.00219995 0.17776200
vt -0.25220001 0.27488899
vt -0.00219995 0.31520599
vt -0.25220001 0.41233400
vt -0.00219995 0.45265099
vt -0.25220001 0.54977900
vt -0.00219995 0.59009600
vt -0.25220001 0.68722302
vt -0.00219995 0.72754002
vt -0.25220001 0.82466799
vt -0.00219995 0.86498499
vt -0.25220001 0.96211302
vt -0.00219995 1.00242996
vt -0.25220001 1.09955704
vt -0.00219995 1.13987505
vt -0.25220001 1.23700202
vt -0.00219995 1.27731895
vt -0.25220001 1.37444699
vt -0.00219995 1.41476405
vt -0.25220001 1.51189101
vt -0.00219995 1.55220902
vt -0.25220001 1.64933598
vt -0.00219995 1.68965304
vt -0.25220001 1.78678095
vt -0.00219995 1.82709801
vt -0.25220001 1.92422497
vt -0.00219995 1.96454298
vt 0.48758501 0.55576003
vt 0.28088900 0.55452001
vt 0.53059101 0.52316898
vt 0.23827800 0.52141500
vt 0.56369501 0.48055801
vt 0.20568700 0.47841001
vt 0.58464301 0.43083099
vt 0.18533701 0.42843500
vt 0.59200698 0.37737599
vt 0.17861500 0.37489599
vt 0.58528501 0.32383701
vt 0.18597899 0.32144099
vt 0.56493503 0.27386200
vt 0.20692700 0.27171400
vt 0.53234398 0.23085700
vt 0.24003200 0.22910300
vt 0.48973301 0.19775189
vt 0.28303701 0.19651200
vt 0.44000599 0.17680401
vt 0.33301201 0.17616200
vt 0.38655099 0.16944000
vt 0.33061600 0.57546800
vt 0.43761000 0.57611001
vt 0.38407099 0.58283198
vt 0.15150000 0.05749100
vt 0.00149995 0.04712396
vt 0.15150000 0.01036697
vt 0.00149995 0.00000000
vt 0.15150000 -0.03675699
vt 0.00149995 -0.04712396
vt 0.15150000 -0.08388096
vt 0.00149995 -0.09424799
vt 0.15150000 -0.13100401
vt 0.00149995 -0.14137200
vt 0.15150000 -0.17812800
vt 0.00149995 -0.18849590
vt 0.15150000 -0.22525200
vt 0.00149995 -0.23561899
vt 0.15150000 -0.27237600
vt 0.00149995 -0.28274301
vt 0.15150000 -0.31950000
vt 0.00149995 -0.32986701
vt 0.15150000 -0.36662400
vt 0.00149995 -0.37699100
vt 0.15150000 -0.41374800
vt 0.00149995 -0.42411500
vt 0.15150000 -0.46087199
vt 0.00149995 -0.47123900
vt 0.15150000 -0.50799602
vt 0.00149995 -0.51836300
vt 0.15150000 -0.55511898
vt 0.00149995 -0.56548703
vt 0.15150000 -0.60224301
vt 0.15150000 0.52872998
vt 0.00149995 0.56548703
vt 0.00149995 0.51836300
vt 0.15150000 0.48160601
vt 0.00149995 0.47123900
vt 0.15150000 0.43448201
vt 0.00149995 0.42411500
vt 0.15150000 0.38735801
vt 0.00149995 0.37699100
vt 0.15150000 0.34023401
vt 0.00149995 0.32986701
vt 0.15150000 0.29311100
vt 0.00149995 0.28274301
vt 0.15150000 0.24598689
vt 0.00149995 0.23561899
vt 0.15150000 0.19886300
vt 0.00149995 0.18849590
vt 0.15150000 0.15173900
vt 0.00149995 0.14137200
vt 0.15150000 0.10461500
vt 0.00149995 0.09424799
vt 0.00000000 0.66955900
vt -0.21213201 0.66373998
vt 0.00000000 0.59581000
vt -0.21213201 0.58999097
vt 0.00000000 0.52206099
vt -0.21213201 0.51624203
vt 0.00000000 0.44831201
vt -0.21213201 0.44249299
vt 0.00000000 0.37456399
vt -0.21213201 0.36874399
vt 0.00000000 0.30081499
vt -0.21213201 0.29499599
vt 0.00000000 0.22706600
vt -0.21213201 0.22124700
vt 0.00000000 0.15331700
vt -0.21213201 0.14749800
vt 0.00000000 0.07956796
vt -0.21213201 0.07374900
vt 0.00000000 0.00581896
vt -0.21213201 0.00000000
vt 0.00000000 -0.06792998
vt -0.21213201 -0.07374900
vt 0.00000000 -0.14167900
vt -0.21213201 -0.14749800
vt 0.00000000 -0.21542700
vt -0.21213201 -0.22124700
vt 0.00000000 -0.28917599
vt -0.21213201 -0.29499599
vt 0.00000000 -0.36292499
vt -0.21213201 -0.36874399
vt 0.00000000 -0.43667400
vt -0.21213201 -0.44249299
vt 0.00000000 -0.51042300
vt -0.21213201 -0.51624203
vt 0.00000000 -0.58417201
vt -0.21213201 -0.58999097
vt 0.00000000 -0.65792102
vt -0.21213201 -0.66373998
vt 0.00000000 -0.73167002
vt -0.21213201 -0.73748899
vt 0.00000000 -0.80541903
vt -0.21213201 -0.81123799
vt 0.00000000 -0.87916702
vt -0.21213201 -0.88498700
vt 0.00000000 -0.95291603
vt 0.00000000 0.81705701
vt -0.21213201 0.88498700
vt -0.21213201 0.81123799
vt 0.00000000 0.74330801
vt -0.21213201 0.73748899
vt 0.00000000 0.46926200
vt 0.11313700 0.46926200
vt 0.00000000 0.51192302
vt 0.11313700 0.51192302
vt 0.00000000 -0.51192302
vt 0.11313700 -0.51192302
vt 0.00000000 -0.46926200
vt 0.11313700 -0.46926200
vt 0.00000000 -0.42660201
vt 0.11313700 -0.42660201
vt 0.00000000 -0.38394201
vt 0.11313700 -0.38394201
vt 0.00000000 -0.34128201
vt 0.11313700 -0.34128201
vt 0.00000000 -0.29862100
vt 0.11313700 -0.29862100
vt 0.00000000 -0.25596100
vt 0.11313700 -0.25596100
vt 0.00000000 -0.21330100
vt 0.11313700 -0.21330100
vt 0.00000000 -0.17064101
vt 0.11313700 -0.17064101
vt 0.00000000 -0.12798101
vt 0.11313700 -0.12798101
vt 0.00000000 -0.08531999
vt 0.11313700 -0.08531999
vt 0.00000000 -0.04265999
vt 0.11313700 -0.04265999
vt 0.00000000 0.00000000
vt 0.11313700 0.00000000
vt 0.00000000 0.04265999
vt 0.11313700 0.04265999
vt 0.00000000 0.08531999
vt 0.11313700 0.08531999
vt 0.00000000 0.12798101
vt 0.11313700 0.12798101
vt 0.00000000 0.17064101
vt 0.11313700 0.17064101
vt 0.00000000 0.21330100
vt 0.11313700 0.21330100
vt 0.00000000 0.25596100
vt 0.11313700 0.25596100
vt 0.00000000 0.29862100
vt 0.11313700 0.29862100
vt 0.00000000 0.34128201
vt 0.11313700 0.34128201
vt 0.00000000 0.38394201
vt 0.11313700 0.38394201
vt 0.00000000 0.42660201
vt 0.11313700 0.42660201
vt 0.00000000 0.46926200
vt 0.11313700 0.46926200
vt 0.00000000 0.51192302
vt 0.11313700 0.51192302
vt 0.00000000 -0.51192302
vt 0.11313700 -0.51192302
vt 0.00000000 -0.46926200
vt 0.11313700 -0.46926200
vt 0.00000000 -0.42660201
vt 0.11313700 -0.42660201
vt 0.00000000 -0.38394201
vt 0.11313700 -0.38394201
vt 0.00000000 -0.34128201
vt 0.11313700 -0.34128201
vt 0.00000000 -0.29862100
vt 0.11313700 -0.29862100
vt 0.00000000 -0.25596100
vt 0.11313700 -0.25596100
vt 0.00000000 -0.21330100
vt 0.11313700 -0.21330100
vt 0.00000000 -0.17064101
vt 0.11313700 -0.17064101
vt 0.00000000 -0.12798101
vt 0.11313700 -0.12798101
vt 0.00000000 -0.08531999
vt 0.11313700 -0.08531999
vt 0.00000000 -0.04265999
vt 0.11313700 -0.04265999
vt 0.00000000 0.00000000
vt 0.11313700 0.00000000
vt 0.00000000 0.04265999
vt 0.11313700 0.04265999
vt 0.00000000 0.08531999
vt 0.11313700 0.08531999
vt 0.00000000 0.12798101
vt 0.11313700 0.12798101
vt 0.00000000 0.17064101
vt 0.11313700 0.17064101
vt 0.00000000 0.21330100
vt 0.11313700 0.21330100
vt 0.00000000 0.25596100
vt 0.11313700 0.25596100
vt 0.00000000 0.29862100
vt 0.11313700 0.29862100
vt 0.00000000 0.34128201
vt 0.11313700 0.34128201
vt 0.00000000 0.38394201
vt 0.11313700 0.38394201
vt 0.00000000 0.42660201
vt 0.11313700 0.42660201
vt -1.58500004 -0.07171195
vt -1.00510395 0.26565501
vt -1.58500004 0.69828802
vt -1.00510395 0.38615501
vt -1.00510395 0.42615500
vt -0.96510398 0.38615501
vt -0.96510398 0.42615500
vt -1.58034694 -0.11001800
vt -1.26579404 -0.09941798
vt -1.25979602 -0.09012198
vt -1.25189996 -0.08237200
vt -1.56665695 -0.14609700
vt -1.28324199 -0.14590400
vt -1.26960099 -0.10980700
vt -1.30512702 -0.17768601
vt -1.54472804 -0.17784891
vt -1.33398604 -0.20330299
vt -1.51583505 -0.20342700
vt -1.36813796 -0.22126700
vt -1.48165798 -0.22134390
vt -1.40559804 -0.23053101
vt -1.44418597 -0.23055699
vt -1.24249303 -0.07654798
vt -1.23203504 -0.07293599
vt -1.22103906 -0.07171195
vt 0.95689601 0.26565501
vt 1.22103906 -0.07171195
vt 1.58500004 -0.07171195
vt 1.23203504 -0.07293599
vt 1.24249303 -0.07654798
vt 1.25189996 -0.08237200
vt 1.25979602 -0.09012198
vt 1.26579404 -0.09941798
vt 1.58034694 -0.11001800
vt 1.26960099 -0.10980700
vt 1.28324103 -0.14590400
vt 1.56665695 -0.14609700
vt 1.30512702 -0.17768601
vt 1.54472804 -0.17784891
vt 1.33398604 -0.20330299
vt 1.51583505 -0.20342700
vt 1.36813796 -0.22126700
vt 1.48165798 -0.22134390
vt 1.40559804 -0.23053101
vt 1.44418597 -0.23055699
vt 1.00689602 0.31565499
vt 1.58500004 0.69828802
vt 1.00689602 0.49665499
vt 0.95689601 0.54665500
vt 1.57954800 0.73970002
vt 1.42499995 0.85828799
vt 1.56356394 0.77828801
vt 1.53813696 0.81142598
vt 1.50500000 0.83685303
vt 1.46641099 0.85283703
vt -1.42499995 0.85828799
vt -1.00510395 0.54665500
vt -1.57954800 0.73970002
vt -1.46641099 0.85283703
vt -1.50500000 0.83685303
vt -1.53813696 0.81142598
vt -1.56356394 0.77828801
vt -2.84999990 0.00000000
vt 0.00000000 0.00000000
vt -2.84999990 0.20000000
vt 0.00000000 0.20000000
vt -0.20000000 0.25132701
vt 0.00000000 0.25132701
vt -0.20000000 0.29321501
vt 0.00000000 0.29321501
vt -0.20000000 0.33510301
vt 0.00000000 0.33510301
vt -0.20000000 0.37699100
vt 0.00000000 0.37699100
vt -0.20000000 0.41887900
vt 0.00000000 0.41887900
vt -0.20000000 0.46076700
vt 0.00000000 0.46076700
vt -0.20000000 0.50265503
vt 0.00000000 0.50265503
vt -0.76999998 0.00000000
vt 0.00000000 0.00000000
vt -0.76999998 0.20000000
vt 0.00000000 0.20000000
vt -0.20000000 -0.50265503
vt 0.00000000 -0.50265503
vt -0.20000000 -0.46397200
vt 0.00000000 -0.46397200
vt 0.00000000 -0.42528999
vt -0.20000000 -0.42528999
vt 0.00000000 -0.38660699
vt -0.20000000 -0.38660699
vt 0.00000000 -0.34792501
vt -0.20000000 -0.34792501
vt 0.00000000 -0.30924201
vt -0.20000000 -0.30924201
vt 0.00000000 -0.27056000
vt -0.20000000 -0.27056000
vt 0.00000000 -0.23187700
vt -0.20000000 -0.23187700
vt 0.00000000 -0.19319500
vt -0.20000000 -0.19319500
vt 0.00000000 -0.15451200
vt -0.20000000 -0.15451200
vt 0.00000000 -0.11583000
vt -0.20000000 -0.11583000
vt 0.00000000 -0.07714700
vt -0.20000000 -0.07714700
vt 0.00000000 -0.03846496
vt -0.20000000 -0.03846496
vt 0.00000000 0.14505900
vt 0.00000000 0.13397300
vt 0.20000000 0.14505900
vt 0.20000000 0.13397300
vt 0.00000000 0.12288600
vt 0.20000000 0.12288600
vt 0.00000000 0.11180000
vt 0.20000000 0.11180000
vt 0.00000000 0.10071300
vt 0.20000000 0.10071300
vt 0.00000000 0.08962595
vt 0.20000000 0.08962595
vt 0.20000000 0.07853996
vt 0.00000000 0.07853996
vt -2.44207811 0.00000000
vt 0.00000000 0.00000000
vt -2.44207811 0.20000000
vt 0.00000000 0.20000000
vt 0.20000000 0.07853996
vt 0.00000000 0.07853996
vt 0.20000000 0.06745296
vt 0.00000000 0.06745296
vt 0.00000000 0.05636698
vt 0.20000000 0.05636698
vt 0.00000000 0.04527997
vt 0.20000000 0.04527997
vt 0.00000000 0.03419297
vt 0.20000000 0.03419297
vt 0.00000000 0.02310699
vt 0.20000000 0.02310699
vt 0.00000000 0.01201999
vt 0.20000000 0.01201999
vt 0.00000000 -0.46419001
vt 0.00000000 -0.42550799
vt -0.20000000 -0.46419001
vt -0.20000000 -0.42550799
vt 0.00000000 -0.38682500
vt -0.20000000 -0.38682500
vt 0.00000000 -0.34814301
vt -0.20000000 -0.34814301
vt 0.00000000 -0.30946001
vt -0.20000000 -0.30946001
vt 0.00000000 -0.27077800
vt -0.20000000 -0.27077800
vt 0.00000000 -0.23209500
vt -0.20000000 -0.23209500
vt 0.00000000 -0.19341300
vt -0.20000000 -0.19341300
vt 0.00000000 -0.15473001
vt -0.20000000 -0.15473001
vt 0.00000000 -0.11604800
vt -0.20000000 -0.11604800
vt 0.00000000 -0.07736498
vt -0.20000000 -0.07736498
vt 0.00000000 -0.03868299
vt -0.20000000 -0.03868299
vt -0.20000000 0.00000000
vt 0.00000000 0.00000000
vt -0.76999998 0.00000000
vt 0.00000000 0.00000000
vt -0.76999998 0.20000000
vt 0.00000000 0.20000000
vt 0.20000000 0.50265503
vt 0.00000000 0.50265503
vt 0.20000000 0.46076700
vt 0.00000000 0.46076700
vt 0.20000000 0.41887900
vt 0.00000000 0.41887900
vt 0.20000000 0.37699100
vt 0.00000000 0.37699100
vt 0.20000000 0.33510301
vt 0.00000000 0.33510301
vt 0.20000000 0.29321501
vt 0.00000000 0.29321501
vt 0.20000000 0.25132701
vt 0.00000000 0.25132701
f 1/1 2/2 3/3
f 3/3 2/2 4/4
f 3/3 4/4 5/5
f 5/5 4/4 6/6
f 5/5 6/6 7/7
f 7/7 6/6 8/8
f 7/7 8/8 9/9
f 9/9 8/8 10/10
f 9/9 10/10 11/11
f 9/9 11/11 12/12
f 12/12 11/11 13/13
f 12/12 13/13 14/14
f 14/14 13/13 15/15
f 14/14 15/15 16/16
f 16/16 15/15 17/17
f 16/16 17/17 18/18
f 16/16 18/18 19/19
f 19/19 18/18 20/20
f 19/19 20/20 21/21
f 21/21 20/20 22/22
f 21/21 22/22 23/23
f 23/23 22/22 24/24
f 23/23 24/24 25/25
f 23/23 25/25 26/26
f 26/26 25/25 27/27
f 26/26 27/27 28/28
f 28/28 27/27 29/29
f 28/28 29/29 30/30
f 30/30 29/29 31/31
f 30/30 31/31 32/32
f 30/30 32/32 33/33
f 33/33 32/32 34/34
f 33/33 34/34 35/35
f 35/35 34/34 36/36
f 35/35 36/36 37/37
f 37/37 36/36 38/38
f 37/37 38/38 39/39
f 37/37 39/39 40/40
f 40/40 39/39 41/41
f 40/40 41/41 42/42
f 42/42 41/41 43/43
f 42/42 43/43 44/44
f 44/44 43/43 45/45
f 44/44 45/45 46/46
f 44/44 46/46 47/47
f 47/47 46/46 48/48
f 47/47 48/48 49/49
f 49/49 48/48 50/50
f 49/49 50/50 51/51
f 51/51 50/50 52/52
f 51/51 52/52 53/53
f 51/51 53/53 54/54
f 54/54 53/53 55/55
f 54/54 55/55 56/56
f 56/56 55/55 1/1
f 56/56 1/1 3/3
f 57/57 58/58 59/59
f 59/59 58/58 60/60
f 59/59 60/60 61/61
f 61/61 60/60 62/62
f 61/61 62/62 63/63
f 63/63 62/62 64/64
f 63/63 64/64 65/65
f 65/65 64/64 66/66
f 66/66 64/64 67/67
f 66/66 67/67 68/68
f 68/68 67/67 69/69
f 68/68 69/69 70/70
f 70/70 69/69 71/71
f 70/70 71/71 72/72
f 72/72 71/71 73/73
f 72/72 73/73 74/74
f 74/74 73/73 75/75
f 74/74 75/75 76/76
f 76/76 75/75 77/77
f 76/76 77/77 78/78
f 78/78 77/77 79/79
f 78/78 79/79 80/80
f 80/80 79/79 81/81
f 80/80 81/81 82/82
f 82/82 81/81 83/83
f 83/83 81/81 84/84
f 83/83 84/84 85/85
f 85/85 84/84 86/86
f 85/85 86/86 87/87
f 87/87 86/86 88/88
f 87/87 88/88 89/89
f 89/89 88/88 90/90
f 89/89 90/90 91/91
f 91/91 90/90 92/92
f 91/91 92/92 93/93
f 93/93 92/92 94/94
f 93/93 94/94 95/95
f 95/95 94/94 96/96
f 95/95 96/96 97/97
f 97/97 96/96 98/98
f 97/97 98/98 99/99
f 99/99 98/98 100/100
f 100/100 98/98 101/101
f 100/100 101/101 102/102
f 102/102 101/101 103/103
f 102/102 103/103 104/104
f 104/104 103/103 105/105
f 104/104 105/105 106/106
f 106/106 105/105 107/107
f 106/106 107/107 108/108
f 108/108 107/107 109/109
f 108/108 109/109 110/110
f 110/110 109/109 111/111
f 110/110 111/111 112/112
f 112/112 111/111 113/113
f 112/112 113/113 114/114
f 114/114 113/113 115/115
f 114/114 115/115 116/116
f 116/116 115/115 117/117
f 117/117 115/115 118/118
f 117/117 118/118 119/119
f 119/119 118/118 120/120
f 119/119 120/120 121/121
f 121/121 120/120 122/122
f 121/121 122/122 123/123
f 123/123 122/122 124/124
f 123/123 124/124 57/57
f 57/57 124/124 58/58
f 125/125 126/126 127/127
f 127/127 126/126 128/128
f 127/127 128/128 129/129
f 129/129 128/128 130/130
f 129/129 130/130 131/131
f 131/131 130/130 132/132
f 131/131 132/132 133/133
f 133/133 132/132 134/134
f 133/133 134/134 135/135
f 135/135 134/134 136/136
f 135/135 136/136 137/137
f 137/137 136/136 138/138
f 137/137 138/138 139/139
f 139/139 138/138 140/140
f 139/139 140/140 141/141
f 141/141 140/140 142/142
f 141/141 142/142 143/143
f 143/143 142/142 144/144
f 143/143 144/144 145/145
f 145/145 144/144 146/146
f 145/145 146/146 147/147
f 147/147 146/146 148/148
f 147/147 148/148 149/149
f 149/149 148/148 150/150
f 149/149 150/150 151/151
f 151/151 150/150 152/152
f 151/151 152/152 153/153
f 153/153 152/152 154/154
f 153/153 154/154 155/155
f 155/155 154/154 156/156
f 155/155 156/156 157/157
f 157/157 156/156 158/158
f 157/157 158/158 159/159
f 159/159 158/158 160/160
f 159/159 160/160 161/161
f 162/162 163/163 164/164
f 162/162 164/164 165/165
f 165/165 164/164 166/166
f 165/165 166/166 167/167
f 167/167 166/166 168/168
f 167/167 168/168 169/169
f 169/169 168/168 170/170
f 169/169 170/170 171/171
f 171/171 170/170 172/172
f 171/171 172/172 173/173
f 173/173 172/172 174/174
f 173/173 174/174 175/175
f 175/175 174/174 176/176
f 175/175 176/176 177/177
f 177/177 176/176 178/178
f 177/177 178/178 179/179
f 179/179 178/178 180/180
f 179/179 180/180 181/181
f 181/181 180/180 182/182
f 181/181 182/182 183/183
f 183/183 182/182 184/184
f 183/183 184/184 185/185
f 185/185 184/184 186/186
f 185/185 186/186 187/187
f 187/187 186/186 188/188
f 187/187 188/188 189/189
f 189/189 188/188 190/190
f 189/189 190/190 125/125
f 125/125 190/190 126/126
f 191/191 192/192 193/193
f 194/194 195/195 196/196
f 197/197 198/198 199/199
f 200/200 201/201 202/202
f 203/203 204/204 205/205
f 206/206 207/207 208/208
f 209/209 210/210 211/211
f 212/212 213/213 214/214
f 215/215 216/216 217/217
f 218/218 219/219 220/220
f 221/221 222/222 223/223
f 224/224 225/225 226/226
f 202/202 227/227 228/228
f 226/226 229/229 221/221
f 214/214 230/230 209/209
f 199/199 231/231 194/194
f 196/196 232/232 191/191
f 193/193 233/233 224/224
f 223/223 234/234 218/218
f 220/220 235/235 215/215
f 217/217 236/236 212/212
f 211/211 237/237 206/206
f 208/208 238/238 203/203
f 205/205 239/239 200/200
f 240/240 241/241 242/242
f 243/243 244/244 245/245
f 246/246 247/247 248/248
f 249/249 250/250 251/251
f 252/252 253/253 254/254
f 255/255 256/256 257/257
f 258/258 259/259 260/260
f 261/261 262/262 263/263
f 264/264 265/265 266/266
f 267/267 268/268 269/269
f 270/270 271/271 272/272
f 273/273 274/274 275/275
f 276/276 277/277 264/264
f 257/257 278/278 252/252
f 245/245 279/279 240/240
f 266/266 280/280 261/261
f 263/263 281/281 258/258
f 260/260 282/282 255/255
f 254/254 283/283 249/249
f 251/251 284/284 246/246
f 248/248 285/285 243/243
f 242/242 286/286 273/273
f 275/275 287/287 270/270
f 272/272 288/288 267/267
f 289/289 290/290 291/291
f 291/291 290/290 292/292
f 291/291 292/292 293/293
f 293/293 292/292 294/294
f 293/293 294/294 295/295
f 295/295 294/294 296/296
f 295/295 296/296 297/297
f 297/297 296/296 298/298
f 297/297 298/298 299/299
f 299/299 298/298 300/300
f 299/299 300/300 301/301
f 301/301 300/300 302/302
f 301/301 302/302 303/303
f 303/303 302/302 304/304
f 303/303 304/304 305/305
f 305/305 304/304 306/306
f 305/305 306/306 307/307
f 307/307 306/306 308/308
f 307/307 308/308 309/309
f 309/309 308/308 310/310
f 309/309 310/310 311/311
f 311/311 310/310 312/312
f 311/311 312/312 313/313
f 313/313 312/312 314/314
f 313/313 314/314 315/315
f 315/315 314/314 316/316
f 315/315 316/316 317/317
f 317/317 316/316 318/318
f 317/317 318/318 319/319
f 319/319 318/318 320/320
f 319/319 320/320 321/321
f 321/321 320/320 322/322
f 321/321 322/322 323/323
f 323/323 322/322 324/324
f 323/323 324/324 325/325
f 325/325 324/324 326/326
f 325/325 326/326 327/327
f 327/327 326/326 328/328
f 327/327 328/328 329/329
f 329/329 328/328 330/330
f 329/329 330/330 331/331
f 331/331 330/330 332/332
f 331/331 332/332 333/333
f 333/333 332/332 334/334
f 333/333 334/334 335/335
f 335/335 334/334 336/336
f 335/335 336/336 289/289
f 289/289 336/336 290/290
f 337/337 338/338 339/339
f 339/339 338/338 340/340
f 339/339 340/340 341/341
f 341/341 340/340 342/342
f 341/341 342/342 343/343
f 343/343 342/342 344/344
f 343/343 344/344 345/345
f 345/345 344/344 346/346
f 345/345 346/346 347/347
f 347/347 346/346 348/348
f 347/347 348/348 349/349
f 349/349 348/348 350/350
f 349/349 350/350 351/351
f 351/351 350/350 352/352
f 351/351 352/352 353/353
f 353/353 352/352 354/354
f 353/353 354/354 355/355
f 355/355 354/354 356/356
f 355/355 356/356 357/357
f 357/357 356/356 358/358
f 357/357 358/358 359/359
f 359/359 358/358 360/360
f 359/359 360/360 361/361
f 361/361 360/360 362/362
f 361/361 362/362 363/363
f 363/363 362/362 364/364
f 363/363 364/364 365/365
f 365/365 364/364 366/366
f 365/365 366/366 367/367
f 367/367 366/366 368/368
f 367/367 368/368 369/369
f 369/369 368/368 370/370
f 369/369 370/370 371/371
f 371/371 370/370 372/372
f 371/371 372/372 373/373
f 373/373 372/372 374/374
f 373/373 374/374 375/375
f 375/375 374/374 376/376
f 375/375 376/376 377/377
f 377/377 376/376 378/378
f 377/377 378/378 379/379
f 379/379 378/378 380/380
f 379/379 380/380 381/381
f 381/381 380/380 382/382
f 381/381 382/382 383/383
f 383/383 382/382 384/384
f 383/383 384/384 337/337
f 337/337 384/384 338/338
f 385/385 386/386 387/387
f 388/388 389/389 390/390
f 388/388 390/390 391/391
f 391/391 390/390 392/392
f 391/391 392/392 393/393
f 393/393 392/392 394/394
f 393/393 394/394 395/395
f 395/395 394/394 396/396
f 395/395 396/396 397/397
f 397/397 396/396 398/398
f 397/397 398/398 399/399
f 399/399 398/398 400/400
f 399/399 400/400 401/401
f 401/401 400/400 402/402
f 401/401 402/402 403/403
f 403/403 402/402 404/404
f 403/403 404/404 405/405
f 405/405 404/404 406/406
f 405/405 406/406 407/407
f 407/407 406/406 408/408
f 407/407 408/408 409/409
f 409/409 408/408 410/410
f 409/409 410/410 411/411
f 411/411 410/410 412/412
f 411/411 412/412 413/413
f 413/413 412/412 414/414
f 413/413 414/414 415/415
f 415/415 414/414 416/416
f 415/415 416/416 417/417
f 417/417 416/416 418/418
f 417/417 418/418 419/419
f 419/419 418/418 420/420
f 419/419 420/420 421/421
f 421/421 420/420 422/422
f 421/421 422/422 423/423
f 423/423 422/422 424/424
f 423/423 424/424 425/425
f 425/425 424/424 426/426
f 425/425 426/426 427/427
f 427/427 426/426 428/428
f 427/427 428/428 429/429
f 429/429 428/428 430/430
f 429/429 430/430 431/431
f 431/431 430/430 432/432
f 431/431 432/432 433/433
f 433/433 432/432 434/434
f 433/433 434/434 385/385
f 385/385 434/434 386/386
f 435/435 436/436 437/437
f 437/437 436/436 438/438
f 437/437 438/438 439/439
f 439/439 438/438 440/440
f 439/439 440/440 441/441
f 441/441 440/440 442/442
f 441/441 442/442 443/443
f 443/443 442/442 444/444
f 443/443 444/444 445/445
f 445/445 444/444 446/446
f 445/445 446/446 447/447
f 447/447 446/446 448/448
f 447/447 448/448 449/449
f 449/449 448/448 450/450
f 449/449 450/450 451/451
f 451/451 450/450 452/452
f 451/451 452/452 453/453
f 454/454 455/455 456/456
f 454/454 456/456 457/457
f 457/457 456/456 458/458
f 457/457 458/458 459/459
f 459/459 458/458 460/460
f 459/459 460/460 461/461
f 461/461 460/460 462/462
f 461/461 462/462 463/463
f 463/463 462/462 464/464
f 463/463 464/464 465/465
f 465/465 464/464 466/466
f 465/465 466/466 467/467
f 467/467 466/466 468/468
f 468/468 466/466 469/469
f 468/468 469/469 470/470
f 470/470 469/469 471/471
f 470/470 471/471 472/472
f 436/436 435/435 473/473
f 473/473 435/435 474/474
f 473/473 474/474 475/475
f 475/475 474/474 476/476
f 475/475 476/476 477/477
f 477/477 476/476 478/478
f 477/477 478/478 479/479
f 479/479 478/478 480/480
f 479/479 480/480 481/481
f 481/481 480/480 482/482
f 481/481 482/482 483/483
f 483/483 482/482 484/484
f 483/483 484/484 472/472
f 472/472 484/484 470/470
f 485/485 486/486 487/487
f 487/487 486/486 488/488
f 487/487 488/488 489/489
f 489/489 488/488 490/490
f 489/489 490/490 491/491
f 486/486 485/485 492/492
f 492/492 485/485 493/493
f 492/492 493/493 494/494
f 494/494 493/493 495/495
f 494/494 495/495 496/496
f 496/496 495/495 497/497
f 496/496 497/497 498/498
f 498/498 497/497 499/499
f 498/498 499/499 500/500
f 500/500 499/499 501/501
f 500/500 501/501 502/502
f 502/502 501/501 503/503
f 502/502 503/503 504/504
f 504/504 503/503 505/505
f 504/504 505/505 506/506
f 506/506 505/505 507/507
f 506/506 507/507 508/508
f 509/509 510/510 511/511
f 511/511 510/510 512/512
f 511/511 512/512 513/513
f 513/513 512/512 514/514
f 513/513 514/514 515/515
f 515/515 514/514 516/516
f 515/515 516/516 517/517
f 517/517 516/516 518/518
f 517/517 518/518 519/519
f 519/519 518/518 520/520
f 519/519 520/520 521/521
f 521/521 520/520 522/522
f 521/521 522/522 523/523
f 523/523 522/522 524/524
f 523/523 524/524 525/525
f 525/525 524/524 526/526
f 525/525 526/526 527/527
f 527/527 526/526 528/528
f 527/527 528/528 529/529
f 529/529 528/528 530/530
f 529/529 530/530 531/531
f 531/531 530/530 532/532
f 531/531 532/532 533/533
f 533/533 532/532 534/534
f 533/533 534/534 535/535
f 535/535 534/534 536/536
f 535/535 536/536 537/537
f 537/537 536/536 538/538
f 537/537 538/538 539/539
f 539/539 538/538 540/540
f 539/539 540/540 541/541
f 541/541 540/540 542/542
f 541/541 542/542 543/543
f 543/543 542/542 544/544
f 543/543 544/544 545/545
f 546/546 547/547 548/548
f 546/546 548/548 549/549
f 549/549 548/548 550/550
f 549/549 550/550 551/551
f 551/551 550/550 552/552
f 551/551 552/552 553/553
f 553/553 552/552 554/554
f 553/553 554/554 555/555
f 555/555 554/554 556/556
f 555/555 556/556 557/557
f 557/557 556/556 558/558
f 557/557 558/558 559/559
f 559/559 558/558 560/560
f 559/559 560/560 561/561
f 561/561 560/560 562/562
f 561/561 562/562 563/563
f 563/563 562/562 564/564
f 563/563 564/564 565/565
f 565/565 564/564 566/566
f 565/565 566/566 567/567
f 567/567 566/566 568/568
f 567/567 568/568 569/569
f 569/569 568/568 570/570
f 569/569 570/570 571/571
f 571/571 570/570 572/572
f 571/571 572/572 573/573
f 573/573 572/572 574/574
f 573/573 574/574 509/509
f 509/509 574/574 510/510
f 575/575 576/576 577/577
f 577/577 576/576 578/578
f 577/577 578/578 579/579
f 579/579 578/578 580/580
f 579/579 580/580 581/581
f 576/576 575/575 582/582
f 582/582 575/575 583/583
f 582/582 583/583 584/584
f 584/584 583/583 585/585
f 584/584 585/585 586/586
f 586/586 585/585 587/587
f 586/586 587/587 588/588
f 588/588 587/587 589/589
f 588/588 589/589 590/590
f 590/590 589/589 591/591
f 590/590 591/591 592/592
f 592/592 591/591 593/593
f 592/592 593/593 594/594
f 594/594 593/593 595/595
f 594/594 595/595 596/596
f 596/596 595/595 597/597
f 596/596 597/597 598/598
f 599/599 600/600 601/601
f 601/601 600/600 602/602
f 601/601 602/602 603/603
f 603/603 602/602 604/604
f 603/603 604/604 605/605
f 605/605 604/604 606/606
f 605/605 606/606 607/607
f 607/607 606/606 608/608
f 607/607 608/608 609/609
f 610/610 611/611 612/612
f 610/610 612/612 613/613
f 613/613 612/612 614/614
f 613/613 614/614 615/615
f 615/615 614/614 616/616
f 615/615 616/616 617/617
f 617/617 616/616 618/618
f 617/617 618/618 619/619
f 619/619 618/618 620/620
f 619/619 620/620 621/621
f 621/621 620/620 622/622
f 621/621 622/622 623/623
f 623/623 622/622 624/624
f 623/623 624/624 625/625
f 625/625 624/624 626/626
f 625/625 626/626 627/627
f 627/627 626/626 628/628
f 627/627 628/628 629/629
f 629/629 628/628 630/630
f 629/629 630/630 631/631
f 631/631 630/630 632/632
f 631/631 632/632 633/633
f 633/633 632/632 634/634
f 633/633 634/634 635/635
f 635/635 634/634 636/636
f 635/635 636/636 637/637
f 637/637 636/636 638/638
f 637/637 638/638 639/639
f 639/639 638/638 640/640
f 639/639 640/640 641/641
f 641/641 640/640 642/642
f 641/641 642/642 643/643
f 643/643 642/642 644/644
f 643/643 644/644 645/645
f 645/645 644/644 646/646
f 645/645 646/646 647/647
f 647/647 646/646 648/648
f 647/647 648/648 599/599
f 599/599 648/648 600/600
f 649/649 650/650 651/651
f 651/651 650/650 652/652
f 651/651 652/652 653/653
f 653/653 652/652 654/654
f 653/653 654/654 655/655
f 655/655 654/654 656/656
f 655/655 656/656 657/657
f 657/657 656/656 658/658
f 658/658 656/656 659/659
f 658/658 659/659 660/660
f 660/660 659/659 661/661
f 660/660 661/661 662/662
f 662/662 661/661 663/663
f 662/662 663/663 664/664
f 664/664 663/663 665/665
f 664/664 665/665 666/666
f 666/666 665/665 667/667
f 666/666 667/667 668/668
f 668/668 667/667 669/669
f 668/668 669/669 670/670
f 670/670 669/669 671/671
f 670/670 671/671 672/672
f 672/672 671/671 673/673
f 672/672 673/673 674/674
f 674/674 673/673 675/675
f 675/675 673/673 676/676
f 675/675 676/676 677/677
f 677/677 676/676 678/678
f 677/677 678/678 679/679
f 679/679 678/678 680/680
f 679/679 680/680 681/681
f 681/681 680/680 682/682
f 681/681 682/682 683/683
f 683/683 682/682 684/684
f 683/683 684/684 685/685
f 685/685 684/684 686/686
f 685/685 686/686 687/687
f 687/687 686/686 688/688
f 687/687 688/688 689/689
f 689/689 688/688 690/690
f 689/689 690/690 691/691
f 691/691 690/690 692/692
f 692/692 690/690 693/693
f 692/692 693/693 694/694
f 694/694 693/693 695/695
f 694/694 695/695 696/696
f 696/696 695/695 697/697
f 696/696 697/697 698/698
f 698/698 697/697 699/699
f 698/698 699/699 700/700
f 700/700 699/699 701/701
f 700/700 701/701 702/702
f 702/702 701/701 703/703
f 702/702 703/703 704/704
f 704/704 703/703 705/705
f 704/704 705/705 706/706
f 706/706 705/705 707/707
f 706/706 707/707 708/708
f 708/708 707/707 709/709
f 709/709 707/707 710/710
f 709/709 710/710 711/711
f 711/711 710/710 712/712
f 711/711 712/712 713/713
f 713/713 712/712 714/714
f 713/713 714/714 715/715
f 715/715 714/714 716/716
f 715/715 716/716 649/649
f 649/649 716/716 650/650
f 717/717 718/718 719/719
f 719/719 718/718 720/720
f 719/719 720/720 721/721
f 721/721 720/720 722/722
f 721/721 722/722 723/723
f 723/723 722/722 724/724
f 723/723 724/724 725/725
f 725/725 724/724 726/726
f 725/725 726/726 727/727
f 727/727 726/726 728/728
f 727/727 728/728 729/729
f 729/729 728/728 730/730
f 729/729 730/730 731/731
f 731/731 730/730 732/732
f 731/731 732/732 733/733
f 733/733 732/732 734/734
f 733/733 734/734 735/735
f 735/735 734/734 736/736
f 735/735 736/736 737/737
f 737/737 736/736 738/738
f 737/737 738/738 739/739
f 739/739 738/738 740/740
f 739/739 740/740 741/741
f 741/741 740/740 742/742
f 741/741 742/742 743/743
f 743/743 742/742 744/744
f 743/743 744/744 745/745
f 745/745 744/744 746/746
f 745/745 746/746 747/747
f 747/747 746/746 748/748
f 747/747 748/748 749/749
f 749/749 748/748 750/750
f 749/749 750/750 751/751
f 751/751 750/750 752/752
f 751/751 752/752 753/753
f 753/753 752/752 754/754
f 753/753 754/754 755/755
f 755/755 754/754 756/756
f 755/755 756/756 757/757
f 757/757 756/756 758/758
f 757/757 758/758 759/759
f 759/759 758/758 760/760
f 759/759 760/760 761/761
f 762/762 763/763 764/764
f 762/762 764/764 765/765
f 765/765 764/764 766/766
f 765/765 766/766 717/717
f 717/717 766/766 718/718
f 767/767 768/768 769/769
f 769/769 768/768 770/770
f 769/769 770/770 771/771
f 771/771 770/770 772/772
f 771/771 772/772 773/773
f 773/773 772/772 774/774
f 774/774 772/772 775/775
f 774/774 775/775 776/776
f 776/776 775/775 777/777
f 776/776 777/777 778/778
f 778/778 777/777 779/779
f 778/778 779/779 780/780
f 780/780 779/779 781/781
f 781/781 779/779 782/782
f 781/781 782/782 783/783
f 783/783 782/782 784/784
f 783/783 784/784 785/785
f 785/785 784/784 786/786
f 785/785 786/786 787/787
f 787/787 786/786 788/788
f 788/788 786/786 789/789
f 788/788 789/789 790/790
f 790/790 789/789 791/791
f 790/790 791/791 792/792
f 792/792 791/791 793/793
f 792/792 793/793 794/794
f 794/794 793/793 795/795
f 795/795 793/793 796/796
f 795/795 796/796 797/797
f 797/797 796/796 798/798
f 797/797 798/798 799/799
f 799/799 798/798 800/800
f 799/799 800/800 801/801
f 801/801 800/800 802/802
f 802/802 800/800 803/803
f 802/802 803/803 804/804
f 804/804 803/803 805/805
f 804/804 805/805 806/806
f 806/806 805/805 807/807
f 806/806 807/807 808/808
f 808/808 807/807 809/809
f 809/809 807/807 810/810
f 809/809 810/810 811/811
f 811/811 810/810 812/812
f 811/811 812/812 813/813
f 813/813 812/812 814/814
f 813/813 814/814 815/815
f 815/815 814/814 816/816
f 816/816 814/814 817/817
f 816/816 817/817 818/818
f 818/818 817/817 819/819
f 818/818 819/819 820/820
f 820/820 819/819 821/821
f 820/820 821/821 822/822
f 822/822 821/821 767/767
f 767/767 821/821 768/768
f 823/823 824/824 825/825
f 825/825 824/824 826/826
f 825/825 826/826 827/827
f 827/827 826/826 828/828
f 827/827 828/828 829/829
f 829/829 828/828 830/830
f 829/829 830/830 831/831
f 831/831 830/830 832/832
f 831/831 832/832 833/833
f 833/833 832/832 834/834
f 833/833 834/834 835/835
f 835/835 834/834 836/836
f 835/835 836/836 837/837
f 837/837 836/836 838/838
f 837/837 838/838 839/839
f 839/839 838/838 840/840
f 839/839 840/840 841/841
f 841/841 840/840 842/842
f 841/841 842/842 843/843
f 843/843 842/842 844/844
f 843/843 844/844 845/845
f 845/845 844/844 846/846
f 845/845 846/846 847/847
f 847/847 846/846 848/848
f 847/847 848/848 849/849
f 849/849 848/848 850/850
f 851/851 852/852 853/853
f 853/853 852/852 854/854
f 853/853 854/854 855/855
f 855/855 854/854 856/856
f 855/855 856/856 857/857
f 857/857 856/856 858/858
f 857/857 858/858 859/859
f 859/859 858/858 860/860
f 859/859 860/860 861/861
f 861/861 860/860 862/862
f 861/861 862/862 863/863
f 863/863 862/862 864/864
f 863/863 864/864 865/865
f 865/865 864/864 866/866
f 865/865 866/866 867/867
f 867/867 866/866 868/868
f 867/867 868/868 869/869
f 869/869 868/868 870/870
f 869/869 870/870 871/871
f 871/871 870/870 872/872
f 871/871 872/872 823/823
f 823/823 872/872 824/824
f 873/873 874/874 875/875
f 875/875 874/874 876/876
f 875/875 876/876 877/877
f 877/877 876/876 878/878
f 877/877 878/878 879/879
f 879/879 878/878 880/880
f 879/879 880/880 881/881
f 881/881 880/880 882/882
f 881/881 882/882 883/883
f 883/883 882/882 884/884
f 883/883 884/884 885/885
f 885/885 884/884 886/886
f 885/885 886/886 887/887
f 887/887 886/886 888/888
f 887/887 888/888 889/889
f 889/889 888/888 890/890
f 889/889 890/890 891/891
f 891/891 890/890 892/892
f 891/891 892/892 893/893
f 893/893 892/892 894/894
f 893/893 894/894 895/895
f 895/895 894/894 896/896
f 895/895 896/896 897/897
f 897/897 896/896 898/898
f 897/897 898/898 899/899
f 899/899 898/898 900/900
f 899/899 900/900 901/901
f 901/901 900/900 902/902
f 901/901 902/902 903/903
f 903/903 902/902 904/904
f 903/903 904/904 905/905
f 905/905 904/904 906/906
f 905/905 906/906 907/907
f 908/908 909/909 910/910
f 908/908 910/910 911/911
f 911/911 910/910 912/912
f 911/911 912/912 913/913
f 913/913 912/912 914/914
f 913/913 914/914 915/915
f 915/915 914/914 916/916
f 915/915 916/916 917/917
f 917/917 916/916 918/918
f 917/917 918/918 919/919
f 919/919 918/918 920/920
f 919/919 920/920 921/921
f 921/921 920/920 922/922
f 921/921 922/922 923/923
f 923/923 922/922 924/924
f 923/923 924/924 925/925
f 925/925 924/924 926/926
f 925/925 926/926 927/927
f 927/927 926/926 928/928
f 927/927 928/928 929/929
f 929/929 928/928 930/930
f 929/929 930/930 931/931
f 931/931 930/930 932/932
f 931/931 932/932 933/933
f 933/933 932/932 934/934
f 933/933 934/934 935/935
f 935/935 934/934 936/936
f 935/935 936/936 937/937
f 937/937 936/936 938/938
f 937/937 938/938 873/873
f 873/873 938/938 874/874
f 939/939 940/940 941/941
f 941/941 940/940 942/942
f 941/941 942/942 943/943
f 943/943 942/942 944/944
f 943/943 944/944 945/945
f 945/945 944/944 946/946
f 945/945 946/946 947/947
f 947/947 946/946 948/948
f 947/947 948/948 949/949
f 947/947 949/949 950/950
f 950/950 949/949 951/951
f 950/950 951/951 952/952
f 952/952 951/951 953/953
f 952/952 953/953 954/954
f 954/954 953/953 955/955
f 954/954 955/955 956/956
f 954/954 956/956 957/957
f 957/957 956/956 958/958
f 957/957 958/958 959/959
f 959/959 958/958 960/960
f 959/959 960/960 961/961
f 961/961 960/960 962/962
f 961/961 962/962 963/963
f 961/961 963/963 964/964
f 964/964 963/963 965/965
f 964/964 965/965 966/966
f 966/966 965/965 967/967
f 966/966 967/967 968/968
f 968/968 967/967 969/969
f 968/968 969/969 970/970
f 968/968 970/970 971/971
f 971/971 970/970 972/972
f 971/971 972/972 973/973
f 973/973 972/972 974/974
f 973/973 974/974 975/975
f 975/975 974/974 976/976
f 975/975 976/976 977/977
f 975/975 977/977 978/978
f 978/978 977/977 979/979
f 978/978 979/979 980/980
f 980/980 979/979 981/981
f 980/980 981/981 982/982
f 982/982 981/981 983/983
f 982/982 983/983 984/984
f 982/982 984/984 985/985
f 985/985 984/984 986/986
f 985/985 986/986 987/987
f 987/987 986/986 988/988
f 987/987 988/988 989/989
f 989/989 988/988 990/990
f 989/989 990/990 991/991
f 989/989 991/991 992/992
f 992/992 991/991 993/993
f 992/992 993/993 994/994
f 994/994 993/993 939/939
f 994/994 939/939 941/941
f 995/995 996/996 997/997
f 997/997 996/996 998/998
f 997/997 998/998 999/999
f 999/999 998/998 1000/1000
f 999/999 1000/1000 1001/1001
f 1001/1001 1000/1000 1002/1002
f 1001/1001 1002/1002 1003/1003
f 1003/1003 1002/1002 1004/1004
f 1004/1004 1002/1002 1005/1005
f 1004/1004 1005/1005 1006/1006
f 1006/1006 1005/1005 1007/1007
f 1006/1006 1007/1007 1008/1008
f 1008/1008 1007/1007 1009/1009
f 1008/1008 1009/1009 1010/1010
f 1010/1010 1009/1009 1011/1011
f 1010/1010 1011/1011 1012/1012
f 1012/1012 1011/1011 1013/1013
f 1012/1012 1013/1013 1014/1014
f 1014/1014 1013/1013 1015/1015
f 1014/1014 1015/1015 1016/1016
f 1016/1016 1015/1015 1017/1017
f 1016/1016 1017/1017 1018/1018
f 1018/1018 1017/1017 1019/1019
f 1018/1018 1019/1019 1020/1020
f 1020/1020 1019/1019 1021/1021
f 1021/1021 1019/1019 1022/1022
f 1021/1021 1022/1022 1023/1023
f 1023/1023 1022/1022 1024/1024
f 1023/1023 1024/1024 1025/1025
f 1025/1025 1024/1024 1026/1026
f 1025/1025 1026/1026 1027/1027
f 1027/1027 1026/1026 1028/1028
f 1027/1027 1028/1028 1029/1029
f 1029/1029 1028/1028 1030/1030
f 1029/1029 1030/1030 1031/1031
f 1031/1031 1030/1030 1032/1032
f 1031/1031 1032/1032 1033/1033
f 1033/1033 1032/1032 1034/1034
f 1033/1033 1034/1034 1035/1035
f 1035/1035 1034/1034 1036/1036
f 1035/1035 1036/1036 1037/1037
f 1037/1037 1036/1036 1038/1038
f 1038/1038 1036/1036 1039/1039
f 1038/1038 1039/1039 1040/1040
f 1040/1040 1039/1039 1041/1041
f 1040/1040 1041/1041 1042/1042
f 1042/1042 1041/1041 1043/1043
f 1042/1042 1043/1043 1044/1044
f 1044/1044 1043/1043 1045/1045
f 1044/1044 1045/1045 1046/1046
f 1046/1046 1045/1045 1047/1047
f 1046/1046 1047/1047 1048/1048
f 1048/1048 1047/1047 1049/1049
f 1048/1048 1049/1049 1050/1050
f 1050/1050 1049/1049 1051/1051
f 1050/1050 1051/1051 1052/1052
f 1052/1052 1051/1051 1053/1053
f 1052/1052 1053/1053 1054/1054
f 1054/1054 1053/1053 1055/1055
f 1055/1055 1053/1053 1056/1056
f 1055/1055 1056/1056 1057/1057
f 1057/1057 1056/1056 1058/1058
f 1057/1057 1058/1058 1059/1059
f 1059/1059 1058/1058 1060/1060
f 1059/1059 1060/1060 1061/1061
f 1061/1061 1060/1060 1062/1062
f 1061/1061 1062/1062 995/995
f 995/995 1062/1062 996/996
f 1063/1063 1064/1064 1065/1065
f 1065/1065 1064/1064 1066/1066
f 1065/1065 1066/1066 1067/1067
f 1067/1067 1066/1066 1068/1068
f 1067/1067 1068/1068 1069/1069
f 1069/1069 1068/1068 1070/1070
f 1069/1069 1070/1070 1071/1071
f 1071/1071 1070/1070 1072/1072
f 1071/1071 1072/1072 1073/1073
f 1073/1073 1072/1072 1074/1074
f 1073/1073 1074/1074 1075/1075
f 1075/1075 1074/1074 1076/1076
f 1075/1075 1076/1076 1077/1077
f 1077/1077 1076/1076 1078/1078
f 1077/1077 1078/1078 1079/1079
f 1079/1079 1078/1078 1080/1080
f 1079/1079 1080/1080 1081/1081
f 1081/1081 1080/1080 1082/1082
f 1081/1081 1082/1082 1083/1083
f 1064/1064 1063/1063 1084/1084
f 1084/1084 1063/1063 1085/1085
f 1084/1084 1085/1085 1086/1086
f 1087/1087 1088/1088 1089/1089
f 1089/1089 1088/1088 1090/1090
f 1089/1089 1090/1090 1091/1091
f 1091/1091 1090/1090 1092/1092
f 1091/1091 1092/1092 1093/1093
f 1093/1093 1092/1092 1094/1094
f 1093/1093 1094/1094 1095/1095
f 1095/1095 1094/1094 1096/1096
f 1095/1095 1096/1096 1097/1097
f 1097/1097 1096/1096 1098/1098
f 1097/1097 1098/1098 1099/1099
f 1099/1099 1098/1098 1100/1100
f 1099/1099 1100/1100 1101/1101
f 1101/1101 1100/1100 1102/1102
f 1101/1101 1102/1102 1103/1103
f 1103/1103 1102/1102 1104/1104
f 1103/1103 1104/1104 1105/1105
f 1106/1106 1107/1107 1108/1108
f 1106/1106 1108/1108 1109/1109
f 1109/1109 1108/1108 1110/1110
f 1109/1109 1110/1110 1111/1111
f 1111/1111 1110/1110 1112/1112
f 1111/1111 1112/1112 1113/1113
f 1113/1113 1112/1112 1114/1114
f 1113/1113 1114/1114 1115/1115
f 1115/1115 1114/1114 1116/1116
f 1115/1115 1116/1116 1117/1117
f 1117/1117 1116/1116 1118/1118
f 1117/1117 1118/1118 1119/1119
f 1119/1119 1118/1118 1120/1120
f 1120/1120 1118/1118 1121/1121
f 1120/1120 1121/1121 1122/1122
f 1122/1122 1121/1121 1123/1123
f 1122/1122 1123/1123 1124/1124
f 1124/1124 1123/1123 1125/1125
f 1124/1124 1125/1125 1126/1126
f 1088/1088 1087/1087 1127/1127
f 1127/1127 1087/1087 1128/1128
f 1127/1127 1128/1128 1129/1129
f 1129/1129 1128/1128 1130/1130
f 1129/1129 1130/1130 1131/1131
f 1131/1131 1130/1130 1132/1132
f 1131/1131 1132/1132 1133/1133
f 1133/1133 1132/1132 1134/1134
f 1133/1133 1134/1134 1135/1135
f 1135/1135 1134/1134 1136/1136
f 1135/1135 1136/1136 1126/1126
f 1126/1126 1136/1136 1124/1124
f 1137/1137 1138/1138 1139/1139
f 1139/1139 1138/1138 1140/1140
f 1139/1139 1140/1140 1141/1141
f 1141/1141 1140/1140 1142/1142
f 1141/1141 1142/1142 1143/1143
f 1143/1143 1142/1142 1144/1144
f 1143/1143 1144/1144 1145/1145
f 1145/1145 1144/1144 1146/1146
f 1145/1145 1146/1146 1147/1147
f 1145/1145 1147/1147 1148/1148
f 1148/1148 1147/1147 1149/1149
f 1148/1148 1149/1149 1150/1150
f 1150/1150 1149/1149 1151/1151
f 1150/1150 1151/1151 1152/1152
f 1152/1152 1151/1151 1153/1153
f 1152/1152 1153/1153 1154/1154
f 1152/1152 1154/1154 1155/1155
f 1155/1155 1154/1154 1156/1156
f 1155/1155 1156/1156 1157/1157
f 1157/1157 1156/1156 1158/1158
f 1157/1157 1158/1158 1159/1159
f 1159/1159 1158/1158 1160/1160
f 1159/1159 1160/1160 1161/1161
f 1159/1159 1161/1161 1162/1162
f 1162/1162 1161/1161 1163/1163
f 1162/1162 1163/1163 1164/1164
f 1164/1164 1163/1163 1165/1165
f 1164/1164 1165/1165 1166/1166
f 1166/1166 1165/1165 1167/1167
f 1166/1166 1167/1167 1168/1168
f 1166/1166 1168/1168 1169/1169
f 1169/1169 1168/1168 1170/1170
f 1169/1169 1170/1170 1171/1171
f 1171/1171 1170/1170 1172/1172
f 1171/1171 1172/1172 1173/1173
f 1173/1173 1172/1172 1174/1174
f 1173/1173 1174/1174 1175/1175
f 1173/1173 1175/1175 1176/1176
f 1176/1176 1175/1175 1177/1177
f 1176/1176 1177/1177 1178/1178
f 1178/1178 1177/1177 1179/1179
f 1178/1178 1179/1179 1180/1180
f 1180/1180 1179/1179 1181/1181
f 1180/1180 1181/1181 1182/1182
f 1180/1180 1182/1182 1183/1183
f 1183/1183 1182/1182 1184/1184
f 1183/1183 1184/1184 1185/1185
f 1185/1185 1184/1184 1186/1186
f 1185/1185 1186/1186 1187/1187
f 1187/1187 1186/1186 1188/1188
f 1187/1187 1188/1188 1189/1189
f 1187/1187 1189/1189 1190/1190
f 1190/1190 1189/1189 1191/1191
f 1190/1190 1191/1191 1192/1192
f 1192/1192 1191/1191 1137/1137
f 1192/1192 1137/1137 1139/1139
f 1193/1193 1194/1194 1195/1195
f 1195/1195 1194/1194 1196/1196
f 1195/1195 1196/1196 1197/1197
f 1197/1197 1196/1196 1198/1198
f 1197/1197 1198/1198 1199/1199
f 1199/1199 1198/1198 1200/1200
f 1199/1199 1200/1200 1201/1201
f 1201/1201 1200/1200 1202/1202
f 1201/1201 1202/1202 1203/1203
f 1203/1203 1202/1202 1204/1204
f 1203/1203 1204/1204 1205/1205
f 1205/1205 1204/1204 1206/1206
f 1205/1205 1206/1206 1207/1207
f 1207/1207 1206/1206 1208/1208
f 1207/1207 1208/1208 1209/1209
f 1209/1209 1208/1208 1210/1210
f 1209/1209 1210/1210 1211/1211
f 1211/1211 1210/1210 1212/1212
f 1211/1211 1212/1212 1213/1213
f 1213/1213 1212/1212 1214/1214
f 1213/1213 1214/1214 1215/1215
f 1215/1215 1214/1214 1216/1216
f 1215/1215 1216/1216 1217/1217
f 1217/1217 1216/1216 1218/1218
f 1217/1217 1218/1218 1219/1219
f 1219/1219 1218/1218 1220/1220
f 1219/1219 1220/1220 1221/1221
f 1221/1221 1220/1220 1222/1222
f 1221/1221 1222/1222 1223/1223
f 1223/1223 1222/1222 1224/1224
f 1223/1223 1224/1224 1225/1225
f 1225/1225 1224/1224 1226/1226
f 1225/1225 1226/1226 1227/1227
f 1227/1227 1226/1226 1228/1228
f 1227/1227 1228/1228 1229/1229
f 1229/1229 1228/1228 1230/1230
f 1229/1229 1230/1230 1231/1231
f 1231/1231 1230/1230 1232/1232
f 1233/1233 1234/1234 1235/1235
f 1235/1235 1234/1234 1236/1236
f 1235/1235 1236/1236 1237/1237
f 1237/1237 1236/1236 1238/1238
f 1237/1237 1238/1238 1239/1239
f 1239/1239 1238/1238 1240/1240
f 1239/1239 1240/1240 1241/1241
f 1241/1241 1240/1240 1242/1242
f 1241/1241 1242/1242 1193/1193
f 1193/1193 1242/1242 1194/1194
f 1243/1243 1244/1244 1245/1245
f 1245/1245 1244/1244 1246/1246
f 1245/1245 1246/1246 1247/1247
f 1247/1247 1246/1246 1248/1248
f 1247/1247 1248/1248 1249/1249
f 1249/1249 1248/1248 1250/1250
f 1249/1249 1250/1250 1251/1251
f 1251/1251 1250/1250 1252/1252
f 1251/1251 1252/1252 1253/1253
f 1253/1253 1252/1252 1254/1254
f 1253/1253 1254/1254 1255/1255
f 1255/1255 1254/1254 1256/1256
f 1255/1255 1256/1256 1257/1257
f 1257/1257 1256/1256 1258/1258
f 1257/1257 1258/1258 1259/1259
f 1259/1259 1258/1258 1260/1260
f 1259/1259 1260/1260 1261/1261
f 1261/1261 1260/1260 1262/1262
f 1261/1261 1262/1262 1263/1263
f 1263/1263 1262/1262 1264/1264
f 1263/1263 1264/1264 1265/1265
f 1265/1265 1264/1264 1266/1266
f 1265/1265 1266/1266 1267/1267
f 1267/1267 1266/1266 1268/1268
f 1267/1267 1268/1268 1269/1269
f 1270/1270 1271/1271 1272/1272
f 1270/1270 1272/1272 1273/1273
f 1273/1273 1272/1272 1274/1274
f 1273/1273 1274/1274 1275/1275
f 1275/1275 1274/1274 1276/1276
f 1275/1275 1276/1276 1277/1277
f 1277/1277 1276/1276 1278/1278
f 1277/1277 1278/1278 1279/1279
f 1279/1279 1278/1278 1280/1280
f 1279/1279 1280/1280 1281/1281
f 1281/1281 1280/1280 1282/1282
f 1281/1281 1282/1282 1283/1283
f 1283/1283 1282/1282 1284/1284
f 1283/1283 1284/1284 1285/1285
f 1285/1285 1284/1284 1286/1286
f 1285/1285 1286/1286 1287/1287
f 1287/1287 1286/1286 1288/1288
f 1287/1287 1288/1288 1289/1289
f 1289/1289 1288/1288 1290/1290
f 1289/1289 1290/1290 1291/1291
f 1291/1291 1290/1290 1292/1292
f 1291/1291 1292/1292 1243/1243
f 1243/1243 1292/1292 1244/1244
f 1293/1293 1294/1294 1295/1295
f 1295/1295 1294/1294 1296/1296
f 1295/1295 1296/1296 1297/1297
f 1298/1298 1299/1299 1293/1293
f 1293/1293 1299/1299 1300/1300
f 1293/1293 1300/1300 1301/1301
f 1302/1302 1303/1303 1298/1298
f 1298/1298 1303/1303 1304/1304
f 1298/1298 1304/1304 1305/1305
f 1295/1295 1306/1306 1302/1302
f 1302/1302 1306/1306 1307/1307
f 1302/1302 1307/1307 1308/1308
f 1309/1309 1310/1310 1302/1302
f 1302/1302 1310/1310 1303/1303
f 1305/1305 1311/1311 1298/1298
f 1298/1298 1311/1311 1312/1312
f 1298/1298 1312/1312 1313/1313
f 1298/1298 1313/1313 1314/1314
f 1314/1314 1313/1313 1315/1315
f 1314/1314 1315/1315 1316/1316
f 1316/1316 1315/1315 1317/1317
f 1317/1317 1315/1315 1318/1318
f 1318/1318 1315/1315 1319/1319
f 1318/1318 1319/1319 1320/1320
f 1320/1320 1319/1319 1321/1321
f 1321/1321 1319/1319 1322/1322
f 1322/1322 1319/1319 1323/1323
f 1323/1323 1319/1319 1324/1324
f 1324/1324 1319/1319 1325/1325
f 1324/1324 1325/1325 1326/1326
f 1326/1326 1325/1325 1327/1327
f 1326/1326 1327/1327 1328/1328
f 1328/1328 1327/1327 1329/1329
f 1328/1328 1329/1329 1330/1330
f 1328/1328 1330/1330 1331/1331
f 1331/1331 1330/1330 1332/1332
f 1331/1331 1332/1332 1333/1333
f 1333/1333 1332/1332 1293/1293
f 1333/1333 1293/1293 1334/1334
f 1334/1334 1293/1293 1335/1335
f 1335/1335 1293/1293 1336/1336
f 1336/1336 1293/1293 1301/1301
f 1332/1332 1337/1337 1293/1293
f 1293/1293 1337/1337 1294/1294
f 1294/1294 1338/1338 1296/1296
f 1296/1296 1338/1338 1339/1339
f 1339/1339 1338/1338 1340/1340
f 1339/1339 1340/1340 1341/1341
f 1341/1341 1340/1340 1342/1342
f 1341/1341 1342/1342 1343/1343
f 1343/1343 1342/1342 1344/1344
f 1343/1343 1344/1344 1345/1345
f 1345/1345 1344/1344 1346/1346
f 1345/1345 1346/1346 1347/1347
f 1347/1347 1346/1346 1348/1348
f 1348/1348 1346/1346 1349/1349
f 1349/1349 1346/1346 1350/1350
f 1350/1350 1346/1346 1351/1351
f 1351/1351 1346/1346 1352/1352
f 1346/1346 1344/1344 1353/1353
f 1353/1353 1344/1344 1354/1354
f 1353/1353 1354/1354 1355/1355
f 1355/1355 1356/1356 1353/1353
f 1353/1353 1356/1356 1357/1357
f 1353/1353 1357/1357 1358/1358
f 1358/1358 1359/1359 1353/1353
f 1297/1297 1360/1360 1295/1295
f 1295/1295 1360/1360 1361/1361
f 1295/1295 1361/1361 1362/1362
f 1361/1361 1360/1360 1363/1363
f 1363/1363 1360/1360 1364/1364
f 1363/1363 1364/1364 1365/1365
f 1365/1365 1364/1364 1366/1366
f 1365/1365 1366/1366 1367/1367
f 1365/1365 1367/1367 1368/1368
f 1368/1368 1367/1367 1369/1369
f 1368/1368 1369/1369 1370/1370
f 1370/1370 1369/1369 1371/1371
f 1370/1370 1371/1371 1372/1372
f 1372/1372 1371/1371 1373/1373
f 1373/1373 1371/1371 1374/1374
f 1374/1374 1371/1371 1375/1375
f 1375/1375 1371/1371 1376/1376
f 1376/1376 1371/1371 1377/1377
f 1376/1376 1377/1377 1378/1378
f 1378/1378 1377/1377 1379/1379
f 1379/1379 1377/1377 1380/1380
f 1380/1380 1377/1377 1381/1381
f 1380/1380 1381/1381 1302/1302
f 1302/1302 1381/1381 1382/1382
f 1302/1302 1382/1382 1383/1383
f 1383/1383 1384/1384 1302/1302
f 1302/1302 1384/1384 1309/1309
f 1314/1314 1385/1385 1298/1298
f 1298/1298 1385/1385 1386/1386
f 1298/1298 1386/1386 1387/1387
f 1387/1387 1388/1388 1298/1298
f 1298/1298 1388/1388 1389/1389
f 1298/1298 1389/1389 1299/1299
f 1308/1308 1390/1390 1302/1302
f 1302/1302 1390/1390 1391/1391
f 1302/1302 1391/1391 1392/1392
f 1392/1392 1380/1380 1302/1302
f 1362/1362 1393/1393 1295/1295
f 1295/1295 1393/1393 1394/1394
f 1295/1295 1394/1394 1395/1395
f 1395/1395 1396/1396 1295/1295
f 1295/1295 1396/1396 1306/1306
f 1397/1397 1398/1398 1399/1399
f 1399/1399 1398/1398 1400/1400
f 1399/1399 1400/1400 1401/1401
f 1401/1401 1400/1400 1402/1402
f 1401/1401 1402/1402 1403/1403
f 1403/1403 1402/1402 1404/1404
f 1403/1403 1404/1404 1405/1405
f 1405/1405 1404/1404 1406/1406
f 1406/1406 1404/1404 1407/1407
f 1406/1406 1407/1407 1408/1408
f 1408/1408 1407/1407 1409/1409
f 1408/1408 1409/1409 1410/1410
f 1410/1410 1409/1409 1411/1411
f 1410/1410 1411/1411 1412/1412
f 1412/1412 1411/1411 1413/1413
f 1412/1412 1413/1413 1414/1414
f 1414/1414 1413/1413 1415/1415
f 1414/1414 1415/1415 1416/1416
f 1416/1416 1415/1415 1417/1417
f 1416/1416 1417/1417 1418/1418
f 1418/1418 1417/1417 1419/1419
f 1418/1418 1419/1419 1420/1420
f 1420/1420 1419/1419 1421/1421
f 1420/1420 1421/1421 1422/1422
f 1422/1422 1421/1421 1423/1423
f 1423/1423 1421/1421 1424/1424
f 1423/1423 1424/1424 1425/1425
f 1425/1425 1424/1424 1426/1426
f 1425/1425 1426/1426 1427/1427
f 1427/1427 1426/1426 1428/1428
f 1427/1427 1428/1428 1429/1429
f 1429/1429 1428/1428 1430/1430
f 1429/1429 1430/1430 1431/1431
f 1431/1431 1430/1430 1432/1432
f 1431/1431 1432/1432 1433/1433
f 1433/1433 1432/1432 1434/1434
f 1433/1433 1434/1434 1435/1435
f 1435/1435 1434/1434 1436/1436
f 1435/1435 1436/1436 1437/1437
f 1437/1437 1436/1436 1438/1438
f 1437/1437 1438/1438 1439/1439
f 1439/1439 1438/1438 1440/1440
f 1440/1440 1438/1438 1441/1441
f 1440/1440 1441/1441 1442/1442
f 1442/1442 1441/1441 1443/1443
f 1442/1442 1443/1443 1444/1444
f 1444/1444 1443/1443 1445/1445
f 1444/1444 1445/1445 1446/1446
f 1446/1446 1445/1445 1447/1447
f 1446/1446 1447/1447 1448/1448
f 1448/1448 1447/1447 1449/1449
f 1448/1448 1449/1449 1450/1450
f 1450/1450 1449/1449 1451/1451
f 1450/1450 1451/1451 1452/1452
f 1452/1452 1451/1451 1453/1453
f 1452/1452 1453/1453 1454/1454
f 1454/1454 1453/1453 1455/1455
f 1454/1454 1455/1455 1456/1456
f 1456/1456 1455/1455 1457/1457
f 1457/1457 1455/1455 1458/1458
f 1457/1457 1458/1458 1459/1459
f 1459/1459 1458/1458 1460/1460
f 1459/1459 1460/1460 1461/1461
f 1461/1461 1460/1460 1462/1462
f 1461/1461 1462/1462 1463/1463
f 1463/1463 1462/1462 1464/1464
f 1463/1463 1464/1464 1397/1397
f 1397/1397 1464/1464 1398/1398
f 1465/1465 1466/1466 1467/1467
f 1467/1467 1466/1466 1468/1468
f 1469/1469 1470/1470 1471/1471
f 1471/1471 1470/1470 1472/1472
f 1471/1471 1472/1472 1473/1473
f 1473/1473 1472/1472 1474/1474
f 1473/1473 1474/1474 1475/1475
f 1475/1475 1474/1474 1476/1476
f 1475/1475 1476/1476 1477/1477
f 1477/1477 1476/1476 1478/1478
f 1477/1477 1478/1478 1479/1479
f 1479/1479 1478/1478 1480/1480
f 1479/1479 1480/1480 1481/1481
f 1481/1481 1480/1480 1482/1482
f 1481/1481 1482/1482 1483/1483
f 1483/1483 1482/1482 1484/1484
f 1483/1483 1484/1484 1485/1485
f 1485/1485 1484/1484 1486/1486
f 1485/1485 1486/1486 1487/1487
f 1487/1487 1486/1486 1488/1488
f 1487/1487 1488/1488 1489/1489
f 1489/1489 1488/1488 1490/1490
f 1489/1489 1490/1490 1491/1491
f 1491/1491 1490/1490 1492/1492
f 1491/1491 1492/1492 1493/1493
f 1493/1493 1492/1492 1494/1494
f 1493/1493 1494/1494 1495/1495
f 1495/1495 1494/1494 1496/1496
f 1495/1495 1496/1496 1497/1497
f 1497/1497 1496/1496 1498/1498
f 1497/1497 1498/1498 1499/1499
f 1499/1499 1498/1498 1500/1500
f 1499/1499 1500/1500 1501/1501
f 1501/1501 1500/1500 1502/1502
f 1501/1501 1502/1502 1503/1503
f 1503/1503 1502/1502 1504/1504
f 1503/1503 1504/1504 1505/1505
f 1505/1505 1504/1504 1506/1506
f 1505/1505 1506/1506 1507/1507
f 1507/1507 1506/1506 1508/1508
f 1507/1507 1508/1508 1509/1509
f 1509/1509 1508/1508 1510/1510
f 1509/1509 1510/1510 1511/1511
f 1511/1511 1510/1510 1512/1512
f 1511/1511 1512/1512 1513/1513
f 1513/1513 1512/1512 1514/1514
f 1513/1513 1514/1514 1465/1465
f 1465/1465 1514/1514 1466/1466
f 1515/1515 1516/1516 1517/1517
f 1517/1517 1516/1516 1518/1518
f 1519/1519 1520/1520 1521/1521
f 1521/1521 1520/1520 1522/1522
f 1521/1521 1522/1522 1523/1523
f 1523/1523 1522/1522 1524/1524
f 1523/1523 1524/1524 1525/1525
f 1525/1525 1524/1524 1526/1526
f 1525/1525 1526/1526 1527/1527
f 1527/1527 1526/1526 1528/1528
f 1527/1527 1528/1528 1529/1529
f 1529/1529 1528/1528 1530/1530
f 1529/1529 1530/1530 1531/1531
f 1531/1531 1530/1530 1532/1532
f 1531/1531 1532/1532 1533/1533
f 1533/1533 1532/1532 1534/1534
f 1533/1533 1534/1534 1535/1535
f 1535/1535 1534/1534 1536/1536
f 1535/1535 1536/1536 1537/1537
f 1537/1537 1536/1536 1538/1538
f 1537/1537 1538/1538 1539/1539
f 1539/1539 1538/1538 1540/1540
f 1539/1539 1540/1540 1541/1541
f 1541/1541 1540/1540 1542/1542
f 1541/1541 1542/1542 1543/1543
f 1543/1543 1542/1542 1544/1544
f 1543/1543 1544/1544 1545/1545
f 1545/1545 1544/1544 1546/1546
f 1545/1545 1546/1546 1547/1547
f 1547/1547 1546/1546 1548/1548
f 1547/1547 1548/1548 1549/1549
f 1549/1549 1548/1548 1550/1550
f 1549/1549 1550/1550 1551/1551
f 1551/1551 1550/1550 1552/1552
f 1551/1551 1552/1552 1553/1553
f 1553/1553 1552/1552 1554/1554
f 1553/1553 1554/1554 1555/1555
f 1555/1555 1554/1554 1556/1556
f 1555/1555 1556/1556 1557/1557
f 1557/1557 1556/1556 1558/1558
f 1557/1557 1558/1558 1559/1559
f 1559/1559 1558/1558 1560/1560
f 1559/1559 1560/1560 1561/1561
f 1561/1561 1560/1560 1562/1562
f 1561/1561 1562/1562 1563/1563
f 1563/1563 1562/1562 1564/1564
f 1563/1563 1564/1564 1515/1515
f 1515/1515 1564/1564 1516/1516
f 1565/1565 1566/1566 1567/1567
f 1568/1568 1569/1569 1570/1570
f 1568/1568 1570/1570 1571/1571
f 1571/1571 1570/1570 1572/1572
f 1571/1571 1572/1572 1573/1573
f 1573/1573 1572/1572 1574/1574
f 1573/1573 1574/1574 1575/1575
f 1575/1575 1574/1574 1576/1576
f 1575/1575 1576/1576 1577/1577
f 1577/1577 1576/1576 1578/1578
f 1577/1577 1578/1578 1579/1579
f 1579/1579 1578/1578 1580/1580
f 1579/1579 1580/1580 1581/1581
f 1581/1581 1580/1580 1582/1582
f 1581/1581 1582/1582 1583/1583
f 1583/1583 1582/1582 1584/1584
f 1583/1583 1584/1584 1585/1585
f 1585/1585 1584/1584 1586/1586
f 1585/1585 1586/1586 1587/1587
f 1587/1587 1586/1586 1588/1588
f 1587/1587 1588/1588 1589/1589
f 1589/1589 1588/1588 1590/1590
f 1589/1589 1590/1590 1591/1591
f 1591/1591 1590/1590 1592/1592
f 1591/1591 1592/1592 1593/1593
f 1593/1593 1592/1592 1594/1594
f 1593/1593 1594/1594 1595/1595
f 1595/1595 1594/1594 1596/1596
f 1595/1595 1596/1596 1597/1597
f 1597/1597 1596/1596 1598/1598
f 1597/1597 1598/1598 1599/1599
f 1599/1599 1598/1598 1600/1600
f 1599/1599 1600/1600 1601/1601
f 1601/1601 1600/1600 1602/1602
f 1601/1601 1602/1602 1603/1603
f 1603/1603 1602/1602 1604/1604
f 1603/1603 1604/1604 1605/1605
f 1605/1605 1604/1604 1606/1606
f 1605/1605 1606/1606 1607/1607
f 1607/1607 1606/1606 1608/1608
f 1607/1607 1608/1608 1609/1609
f 1609/1609 1608/1608 1610/1610
f 1609/1609 1610/1610 1611/1611
f 1611/1611 1610/1610 1612/1612
f 1611/1611 1612/1612 1613/1613
f 1613/1613 1612/1612 1614/1614
f 1613/1613 1614/1614 1615/1615
f 1615/1615 1614/1614 1616/1616
f 1615/1615 1616/1616 1617/1617
f 1617/1617 1616/1616 1618/1618
f 1617/1617 1618/1618 1619/1619
f 1619/1619 1618/1618 1620/1620
f 1619/1619 1620/1620 1621/1621
f 1621/1621 1620/1620 1622/1622
f 1621/1621 1622/1622 1623/1623
f 1623/1623 1622/1622 1624/1624
f 1623/1623 1624/1624 1625/1625
f 1625/1625 1624/1624 1626/1626
f 1625/1625 1626/1626 1627/1627
f 1627/1627 1626/1626 1628/1628
f 1627/1627 1628/1628 1629/1629
f 1629/1629 1628/1628 1630/1630
f 1629/1629 1630/1630 1565/1565
f 1565/1565 1630/1630 1566/1566
f 1631/1631 1632/1632 1633/1633
f 1633/1633 1632/1632 1634/1634
f 1633/1633 1634/1634 1635/1635
f 1635/1635 1634/1634 1636/1636
f 1635/1635 1636/1636 1637/1637
f 1637/1637 1636/1636 1638/1638
f 1637/1637 1638/1638 1639/1639
f 1639/1639 1638/1638 1640/1640
f 1639/1639 1640/1640 1641/1641
f 1641/1641 1640/1640 1642/1642
f 1641/1641 1642/1642 1643/1643
f 1643/1643 1642/1642 1644/1644
f 1643/1643 1644/1644 1645/1645
f 1645/1645 1644/1644 1646/1646
f 1645/1645 1646/1646 1647/1647
f 1647/1647 1646/1646 1648/1648
f 1647/1647 1648/1648 1649/1649
f 1649/1649 1648/1648 1650/1650
f 1649/1649 1650/1650 1651/1651
f 1632/1632 1631/1631 1652/1652
f 1652/1652 1631/1631 1653/1653
f 1652/1652 1653/1653 1654/1654
f 1655/1655 1656/1656 1657/1657
f 1657/1657 1656/1656 1658/1658
f 1657/1657 1658/1658 1659/1659
f 1659/1659 1658/1658 1660/1660
f 1659/1659 1660/1660 1661/1661
f 1661/1661 1660/1660 1662/1662
f 1661/1661 1662/1662 1663/1663
f 1663/1663 1662/1662 1664/1664
f 1663/1663 1664/1664 1665/1665
f 1665/1665 1664/1664 1666/1666
f 1665/1665 1666/1666 1667/1667
f 1667/1667 1666/1666 1668/1668
f 1667/1667 1668/1668 1669/1669
f 1669/1669 1668/1668 1670/1670
f 1669/1669 1670/1670 1671/1671
f 1671/1671 1670/1670 1672/1672
f 1671/1671 1672/1672 1673/1673
f 1673/1673 1672/1672 1674/1674
f 1673/1673 1674/1674 1675/1675
f 1675/1675 1674/1674 1676/1676
f 1675/1675 1676/1676 1677/1677
f 1677/1677 1676/1676 1678/1678
f 1677/1677 1678/1678 1679/1679
f 1679/1679 1678/1678 1680/1680
f 1679/1679 1680/1680 1681/1681
f 1681/1681 1680/1680 1682/1682
f 1681/1681 1682/1682 1683/1683
f 1684/1684 1685/1685 1686/1686
f 1684/1684 1686/1686 1687/1687
f 1687/1687 1686/1686 1688/1688
f 1687/1687 1688/1688 1689/1689
f 1689/1689 1688/1688 1690/1690
f 1689/1689 1690/1690 1691/1691
f 1691/1691 1690/1690 1692/1692
f 1691/1691 1692/1692 1693/1693
f 1693/1693 1692/1692 1694/1694
f 1693/1693 1694/1694 1695/1695
f 1695/1695 1694/1694 1696/1696
f 1695/1695 1696/1696 1697/1697
f 1697/1697 1696/1696 1698/1698
f 1697/1697 1698/1698 1699/1699
f 1699/1699 1698/1698 1700/1700
f 1699/1699 1700/1700 1701/1701
f 1701/1701 1700/1700 1702/1702
f 1701/1701 1702/1702 1703/1703
f 1703/1703 1702/1702 1704/1704
f 1703/1703 1704/1704 1655/1655
f 1655/1655 1704/1704 1656/1656
f 1705/1705 1706/1706 1707/1707
f 1707/1707 1706/1706 1708/1708
f 1707/1707 1708/1708 1709/1709
f 1709/1709 1708/1708 1710/1710
f 1709/1709 1710/1710 1711/1711
f 1711/1711 1710/1710 1712/1712
f 1711/1711 1712/1712 1713/1713
f 1713/1713 1712/1712 1714/1714
f 1713/1713 1714/1714 1715/1715
f 1715/1715 1714/1714 1716/1716
f 1715/1715 1716/1716 1717/1717
f 1717/1717 1716/1716 1718/1718
f 1717/1717 1718/1718 1719/1719
f 1719/1719 1718/1718 1720/1720
f 1719/1719 1720/1720 1721/1721
f 1721/1721 1720/1720 1722/1722
f 1721/1721 1722/1722 1723/1723
f 1723/1723 1722/1722 1724/1724
f 1723/1723 1724/1724 1725/1725
f 1725/1725 1724/1724 1726/1726
f 1725/1725 1726/1726 1727/1727
f 1727/1727 1726/1726 1728/1728
f 1727/1727 1728/1728 1729/1729
f 1729/1729 1728/1728 1730/1730
f 1729/1729 1730/1730 1731/1731
f 1731/1731 1730/1730 1732/1732
f 1731/1731 1732/1732 1733/1733
f 1733/1733 1732/1732 1734/1734
f 1733/1733 1734/1734 1735/1735
f 1735/1735 1734/1734 1736/1736
f 1735/1735 1736/1736 1737/1737
f 1737/1737 1736/1736 1738/1738
f 1737/1737 1738/1738 1739/1739
f 1739/1739 1738/1738 1740/1740
f 1739/1739 1740/1740 1741/1741
f 1741/1741 1740/1740 1742/1742
f 1741/1741 1742/1742 1743/1743
f 1743/1743 1742/1742 1744/1744
f 1743/1743 1744/1744 1745/1745
f 1745/1745 1744/1744 1746/1746
f 1745/1745 1746/1746 1747/1747
f 1747/1747 1746/1746 1748/1748
f 1747/1747 1748/1748 1749/1749
f 1750/1750 1751/1751 1752/1752
f 1750/1750 1752/1752 1753/1753
f 1753/1753 1752/1752 1754/1754
f 1753/1753 1754/1754 1705/1705
f 1705/1705 1754/1754 1706/1706
f 1755/1755 1756/1756 1757/1757
f 1757/1757 1756/1756 1758/1758
f 1759/1759 1760/1760 1761/1761
f 1761/1761 1760/1760 1762/1762
f 1761/1761 1762/1762 1763/1763
f 1763/1763 1762/1762 1764/1764
f 1763/1763 1764/1764 1765/1765
f 1765/1765 1764/1764 1766/1766
f 1765/1765 1766/1766 1767/1767
f 1767/1767 1766/1766 1768/1768
f 1767/1767 1768/1768 1769/1769
f 1769/1769 1768/1768 1770/1770
f 1769/1769 1770/1770 1771/1771
f 1771/1771 1770/1770 1772/1772
f 1771/1771 1772/1772 1773/1773
f 1773/1773 1772/1772 1774/1774
f 1773/1773 1774/1774 1775/1775
f 1775/1775 1774/1774 1776/1776
f 1775/1775 1776/1776 1777/1777
f 1777/1777 1776/1776 1778/1778
f 1777/1777 1778/1778 1779/1779
f 1779/1779 1778/1778 1780/1780
f 1779/1779 1780/1780 1781/1781
f 1781/1781 1780/1780 1782/1782
f 1781/1781 1782/1782 1783/1783
f 1783/1783 1782/1782 1784/1784
f 1783/1783 1784/1784 1785/1785
f 1785/1785 1784/1784 1786/1786
f 1785/1785 1786/1786 1787/1787
f 1787/1787 1786/1786 1788/1788
f 1787/1787 1788/1788 1789/1789
f 1789/1789 1788/1788 1790/1790
f 1789/1789 1790/1790 1791/1791
f 1791/1791 1790/1790 1792/1792
f 1791/1791 1792/1792 1793/1793
f 1793/1793 1792/1792 1794/1794
f 1793/1793 1794/1794 1795/1795
f 1795/1795 1794/1794 1796/1796
f 1795/1795 1796/1796 1797/1797
f 1797/1797 1796/1796 1798/1798
f 1797/1797 1798/1798 1799/1799
f 1799/1799 1798/1798 1800/1800
f 1799/1799 1800/1800 1801/1801
f 1801/1801 1800/1800 1802/1802
f 1801/1801 1802/1802 1803/1803
f 1803/1803 1802/1802 1804/1804
f 1803/1803 1804/1804 1755/1755
f 1755/1755 1804/1804 1756/1756
f 1805/1805 1806/1806 1807/1807
f 1807/1807 1806/1806 1808/1808
f 1809/1809 1810/1810 1811/1811
f 1811/1811 1810/1810 1812/1812
f 1811/1811 1812/1812 1813/1813
f 1813/1813 1812/1812 1814/1814
f 1813/1813 1814/1814 1815/1815
f 1815/1815 1814/1814 1816/1816
f 1815/1815 1816/1816 1817/1817
f 1817/1817 1816/1816 1818/1818
f 1817/1817 1818/1818 1819/1819
f 1819/1819 1818/1818 1820/1820
f 1819/1819 1820/1820 1821/1821
f 1821/1821 1820/1820 1822/1822
f 1821/1821 1822/1822 1823/1823
f 1823/1823 1822/1822 1824/1824
f 1823/1823 1824/1824 1825/1825
f 1825/1825 1824/1824 1826/1826
f 1825/1825 1826/1826 1827/1827
f 1827/1827 1826/1826 1828/1828
f 1827/1827 1828/1828 1829/1829
f 1829/1829 1828/1828 1830/1830
f 1829/1829 1830/1830 1831/1831
f 1831/1831 1830/1830 1832/1832
f 1831/1831 1832/1832 1833/1833
f 1833/1833 1832/1832 1834/1834
f 1833/1833 1834/1834 1835/1835
f 1835/1835 1834/1834 1836/1836
f 1835/1835 1836/1836 1837/1837
f 1837/1837 1836/1836 1838/1838
f 1837/1837 1838/1838 1839/1839
f 1839/1839 1838/1838 1840/1840
f 1839/1839 1840/1840 1841/1841
f 1841/1841 1840/1840 1842/1842
f 1841/1841 1842/1842 1843/1843
f 1843/1843 1842/1842 1844/1844
f 1843/1843 1844/1844 1845/1845
f 1845/1845 1844/1844 1846/1846
f 1845/1845 1846/1846 1847/1847
f 1847/1847 1846/1846 1848/1848
f 1847/1847 1848/1848 1849/1849
f 1849/1849 1848/1848 1850/1850
f 1849/1849 1850/1850 1851/1851
f 1851/1851 1850/1850 1852/1852
f 1851/1851 1852/1852 1853/1853
f 1853/1853 1852/1852 1854/1854
f 1853/1853 1854/1854 1805/1805
f 1805/1805 1854/1854 1806/1806
f 1855/1855 1856/1856 1857/1857
f 1857/1857 1856/1856 1858/1858
f 1857/1857 1858/1858 1859/1859
f 1859/1859 1858/1858 1860/1860
f 1859/1859 1860/1860 1861/1861
f 1862/1862 1863/1863 1855/1855
f 1855/1855 1863/1863 1864/1864
f 1855/1855 1864/1864 1865/1865
f 1866/1866 1867/1867 1862/1862
f 1862/1862 1867/1867 1868/1868
f 1862/1862 1868/1868 1863/1863
f 1867/1867 1866/1866 1869/1869
f 1869/1869 1866/1866 1870/1870
f 1869/1869 1870/1870 1871/1871
f 1871/1871 1870/1870 1872/1872
f 1871/1871 1872/1872 1873/1873
f 1873/1873 1872/1872 1874/1874
f 1873/1873 1874/1874 1875/1875
f 1875/1875 1874/1874 1876/1876
f 1865/1865 1877/1877 1855/1855
f 1855/1855 1877/1877 1878/1878
f 1855/1855 1878/1878 1856/1856
f 1856/1856 1878/1878 1879/1879
f 1856/1856 1879/1879 1880/1880
f 1880/1880 1879/1879 1881/1881
f 1880/1880 1881/1881 1882/1882
f 1882/1882 1881/1881 1883/1883
f 1882/1882 1883/1883 1884/1884
f 1884/1884 1885/1885 1882/1882
f 1882/1882 1885/1885 1886/1886
f 1882/1882 1886/1886 1887/1887
f 1882/1882 1887/1887 1888/1888
f 1888/1888 1887/1887 1889/1889
f 1888/1888 1889/1889 1890/1890
f 1888/1888 1890/1890 1891/1891
f 1891/1891 1890/1890 1892/1892
f 1891/1891 1892/1892 1893/1893
f 1893/1893 1892/1892 1894/1894
f 1893/1893 1894/1894 1895/1895
f 1895/1895 1894/1894 1896/1896
f 1895/1895 1896/1896 1897/1897
f 1897/1897 1896/1896 1898/1898
f 1897/1897 1898/1898 1899/1899
f 1880/1880 1882/1882 1900/1900
f 1900/1900 1882/1882 1901/1901
f 1900/1900 1901/1901 1902/1902
f 1902/1902 1901/1901 1903/1903
f 1903/1903 1901/1901 1904/1904
f 1903/1903 1904/1904 1905/1905
f 1905/1905 1904/1904 1906/1906
f 1905/1905 1906/1906 1907/1907
f 1907/1907 1908/1908 1905/1905
f 1905/1905 1908/1908 1909/1909
f 1905/1905 1910/1910 1903/1903
f 1903/1903 1910/1910 1911/1911
f 1911/1911 1910/1910 1912/1912
f 1911/1911 1912/1912 1857/1857
f 1913/1913 1914/1914 1910/1910
f 1910/1910 1914/1914 1915/1915
f 1910/1910 1915/1915 1916/1916
f 1916/1916 1912/1912 1910/1910
f 1859/1859 1911/1911 1857/1857
f 1917/1917 1918/1918 1919/1919
f 1919/1919 1918/1918 1920/1920
f 1921/1921 1922/1922 1923/1923
f 1923/1923 1922/1922 1924/1924
f 1923/1923 1924/1924 1925/1925
f 1925/1925 1924/1924 1926/1926
f 1925/1925 1926/1926 1927/1927
f 1927/1927 1926/1926 1928/1928
f 1927/1927 1928/1928 1929/1929
f 1929/1929 1928/1928 1930/1930
f 1929/1929 1930/1930 1931/1931
f 1931/1931 1930/1930 1932/1932
f 1931/1931 1932/1932 1933/1933
f 1933/1933 1932/1932 1934/1934
f 1935/1935 1936/1936 1937/1937
f 1937/1937 1936/1936 1938/1938
f 1939/1939 1940/1940 1941/1941
f 1941/1941 1940/1940 1942/1942
f 1941/1941 1942/1942 1943/1943
f 1941/1941 1943/1943 1944/1944
f 1944/1944 1943/1943 1945/1945
f 1944/1944 1945/1945 1946/1946
f 1946/1946 1945/1945 1947/1947
f 1946/1946 1947/1947 1948/1948
f 1948/1948 1947/1947 1949/1949
f 1948/1948 1949/1949 1950/1950
f 1950/1950 1949/1949 1951/1951
f 1950/1950 1951/1951 1952/1952
f 1952/1952 1951/1951 1953/1953
f 1952/1952 1953/1953 1954/1954
f 1954/1954 1953/1953 1955/1955
f 1954/1954 1955/1955 1956/1956
f 1956/1956 1955/1955 1957/1957
f 1956/1956 1957/1957 1958/1958
f 1958/1958 1957/1957 1959/1959
f 1958/1958 1959/1959 1960/1960
f 1960/1960 1959/1959 1961/1961
f 1960/1960 1961/1961 1962/1962
f 1962/1962 1961/1961 1963/1963
f 1962/1962 1963/1963 1964/1964
f 1965/1965 1966/1966 1967/1967
f 1967/1967 1966/1966 1968/1968
f 1968/1968 1966/1966 1969/1969
f 1968/1968 1969/1969 1970/1970
f 1970/1970 1969/1969 1971/1971
f 1970/1970 1971/1971 1972/1972
f 1972/1972 1971/1971 1973/1973
f 1972/1972 1973/1973 1974/1974
f 1974/1974 1973/1973 1975/1975
f 1974/1974 1975/1975 1976/1976
f 1976/1976 1975/1975 1977/1977
f 1977/1977 1975/1975 1978/1978
f 1979/1979 1980/1980 1981/1981
f 1981/1981 1980/1980 1982/1982
f 1983/1983 1984/1984 1985/1985
f 1985/1985 1984/1984 1986/1986
f 1985/1985 1986/1986 1987/1987
f 1985/1985 1987/1987 1988/1988
f 1988/1988 1987/1987 1989/1989
f 1988/1988 1989/1989 1990/1990
f 1990/1990 1989/1989 1991/1991
f 1990/1990 1991/1991 1992/1992
f 1992/1992 1991/1991 1993/1993
f 1992/1992 1993/1993 1994/1994
f 1994/1994 1993/1993 1995/1995
f 1994/1994 1995/1995 1996/1996
f 1997/1997 1998/1998 1999/1999
f 1999/1999 1998/1998 2000/2000
f 2000/2000 1998/1998 2001/2001
f 2000/2000 2001/2001 2002/2002
f 2002/2002 2001/2001 2003/2003
f 2002/2002 2003/2003 2004/2004
f 2004/2004 2003/2003 2005/2005
f 2004/2004 2005/2005 2006/2006
f 2006/2006 2005/2005 2007/2007
f 2006/2006 2007/2007 2008/2008
f 2008/2008 2007/2007 2009/2009
f 2008/2008 2009/2009 2010/2010
f 2010/2010 2009/2009 2011/2011
f 2010/2010 2011/2011 2012/2012
f 2012/2012 2011/2011 2013/2013
f 2012/2012 2013/2013 2014/2014
f 2014/2014 2013/2013 2015/2015
f 2014/2014 2015/2015 2016/2016
f 2016/2016 2015/2015 2017/2017
f 2016/2016 2017/2017 2018/2018
f 2018/2018 2017/2017 2019/2019
f 2018/2018 2019/2019 2020/2020
f 2020/2020 2019/2019 2021/2021
f 2021/2021 2019/2019 2022/2022
f 2023/2023 2024/2024 2025/2025
f 2025/2025 2024/2024 2026/2026
f 2027/2027 2028/2028 2029/2029
f 2029/2029 2028/2028 2030/2030
f 2029/2029 2030/2030 2031/2031
f 2031/2031 2030/2030 2032/2032
f 2031/2031 2032/2032 2033/2033
f 2033/2033 2032/2032 2034/2034
f 2033/2033 2034/2034 2035/2035
f 2035/2035 2034/2034 2036/2036
f 2035/2035 2036/2036 2037/2037
f 2037/2037 2036/2036 2038/2038
f 2037/2037 2038/2038 2039/2039
f 2039/2039 2038/2038 2040/2040

