mtllib material.mtl
usemtl material_nanoscan_3_5
v -0.02685638 0.30725210 -0.11701217
v -0.01430735 0.30804100 -0.10320447
v 0.00000006 0.30835310 -0.11701277
v 0.00005142 0.30835310 -0.10320447
v 0.01448432 0.30803310 -0.10320447
v -0.05352846 0.30395729 -0.11701207
v -0.05247988 0.30412911 -0.10320447
v -0.02770176 0.30718170 -0.10320447
v -0.06576941 0.30169420 -0.10320447
v -0.07984711 0.29848990 -0.11701307
v -0.07979779 0.29850220 -0.10320447
v -0.10561761 0.29089041 -0.10320446
v -0.10562521 0.29088780 -0.11701247
v -0.13068751 0.28120411 -0.11701077
v -0.13071540 0.28119181 -0.10320446
v -0.15487941 0.26950051 -0.11701077
v -0.15493770 0.26946951 -0.10320446
v -0.17786021 0.25597180 -0.10320446
v -0.17803561 0.25585860 -0.11701606
v -0.19930071 0.24089199 -0.10320446
v -0.19999320 0.24036120 -0.11701216
v -0.20988400 0.23244860 -0.10320446
v -0.22061270 0.22311951 -0.11701106
v -0.22071310 0.22302901 -0.10320446
v -0.23975050 0.20425120 -0.11701116
v -0.23987181 0.20412131 -0.10320446
v -0.25727591 0.18388430 -0.11701266
v -0.25740351 0.18372311 -0.10320446
v -0.27307911 0.16214701 -0.11701236
v -0.27311871 0.16208811 -0.10320446
v -0.27991171 0.15144861 -0.10320446
v -0.28705140 0.13918891 -0.11701086
v -0.28676451 0.13970590 -0.10320446
v -0.29314310 0.12766591 -0.10320446
v -0.29909781 0.11516451 -0.11701177
v -0.29880560 0.11580990 -0.10320446
v -0.30419911 0.10322260 -0.10320446
v -0.30913870 0.09023043 -0.11701177
v -0.30932289 0.08971178 -0.10320446
v -0.31378010 0.07619413 -0.10320446
v -0.31710440 0.06456266 -0.11701216
v -0.31740879 0.06340971 -0.10320446
v -0.32294281 0.03832866 -0.11701147
v -0.32300751 0.03796724 -0.10320446
v -0.32661442 0.01170622 -0.11701137
v -0.32665192 0.01131508 -0.10320447
v -0.32809502 -0.01512063 -0.11701227
v -0.32810101 -0.01556020 -0.10320447
v -0.32737599 -0.04197986 -0.11701247
v -0.32734390 -0.04244672 -0.10320447
v -0.32445660 -0.06869182 -0.11700537
v -0.32438122 -0.06918764 -0.10320447
v -0.31936230 -0.09507243 -0.11699888
v -0.31923910 -0.09559260 -0.10320448
v -0.31213400 -0.12095198 -0.11700438
v -0.31195870 -0.12149109 -0.10320448
v -0.30281371 -0.14615489 -0.11701228
v -0.30258030 -0.14671269 -0.10320448
v -0.29145920 -0.17050460 -0.11701159
v -0.29116431 -0.17107348 -0.10320448
v -0.27814951 -0.19384638 -0.11701189
v -0.27779169 -0.19441689 -0.10320449
v -0.26297280 -0.21602318 -0.11701279
v -0.26255240 -0.21658528 -0.10320449
v -0.24602791 -0.23688719 -0.11701149
v -0.24559740 -0.23737488 -0.10320449
v -0.23672871 -0.24698849 -0.10320449
v -0.22743321 -0.25629549 -0.11701180
v -0.22687519 -0.25683108 -0.10320450
v -0.21676781 -0.26612029 -0.10320450
v -0.20731661 -0.27411459 -0.11701380
v -0.20671080 -0.27460639 -0.10320450
v -0.18580371 -0.29022839 -0.11701010
v -0.18514920 -0.29067679 -0.10320450
v -0.16304860 -0.30452608 -0.11701220
v -0.16287041 -0.30462809 -0.11356031
v -0.16269221 -0.30472989 -0.11010841
v -0.16251401 -0.30483159 -0.10665651
v -0.16233580 -0.30493309 -0.10320450
v 0.02685781 0.30725189 -0.11701138
v 0.02796501 0.30715920 -0.10320448
v 0.05353300 0.30395680 -0.11701048
v 0.05368887 0.30393101 -0.10320448
v 0.07985156 0.29848761 -0.11701038
v 0.08002876 0.29844311 -0.10320448
v 0.10563009 0.29088610 -0.11701258
v 0.10583539 0.29081619 -0.10320448
v 0.13067949 0.28120819 -0.11701198
v 0.13091789 0.28110460 -0.10320449
v 0.15483319 0.26952511 -0.11701139
v 0.15516069 0.26934960 -0.10320449
v 0.16604058 0.26324190 -0.10320449
v 0.17797049 0.25589609 -0.11701140
v 0.17749339 0.25620350 -0.10320449
v 0.18885878 0.24855631 -0.10320449
v 0.19993668 0.24040501 -0.11701259
v 0.19950429 0.24073630 -0.10320450
v 0.21001189 0.23234209 -0.10320450
v 0.22056158 0.22316531 -0.11701080
v 0.22086838 0.22288731 -0.10320450
v 0.23970509 0.20429980 -0.11701121
v 0.24001479 0.20396799 -0.10320450
v 0.25723629 0.18393460 -0.11701211
v 0.25752919 0.18356430 -0.10320450
v 0.27304428 0.16220000 -0.11701261
v 0.27332478 0.16177840 -0.10320451
v 0.28701809 0.13924020 -0.11700671
v 0.28728989 0.13874831 -0.10320451
v 0.29906368 0.11521910 -0.11700151
v 0.29931168 0.11466791 -0.10320451
v 0.30911078 0.09029374 -0.11700592
v 0.30932278 0.08969643 -0.10320452
v 0.31708529 0.06463428 -0.11701242
v 0.31725548 0.06399227 -0.10320452
v 0.32292990 0.03839770 -0.11701312
v 0.32305037 0.03772686 -0.10320452
v 0.32512717 0.02456515 -0.10320452
v 0.32660910 0.01177456 -0.11701362
v 0.32669188 0.01089810 -0.10320452
v 0.32771639 -0.00334401 -0.10320452
v 0.32809427 -0.01506569 -0.11701183
v 0.32811369 -0.01670497 -0.10320453
v 0.32737959 -0.04193379 -0.11701373
v 0.32732619 -0.04270217 -0.10320453
v 0.32609267 -0.05619587 -0.10320453
v 0.32446520 -0.06865854 -0.11701043
v 0.32438120 -0.06921665 -0.10320453
v 0.32223498 -0.08168338 -0.10320453
v 0.31937729 -0.09504913 -0.11701124
v 0.31939499 -0.09497392 -0.10320453
v 0.31587769 -0.10859609 -0.10320453
v 0.31214688 -0.12092999 -0.11701053
v 0.31189158 -0.12171439 -0.10320453
v 0.30282238 -0.14613409 -0.11701234
v 0.30249199 -0.14692299 -0.10320453
v 0.29146837 -0.17048739 -0.11701434
v 0.29106209 -0.17127059 -0.10320453
v 0.27815628 -0.19383839 -0.11701673
v 0.27762799 -0.19467829 -0.10320453
v 0.26999249 -0.20624779 -0.10320454
v 0.26297669 -0.21602109 -0.11701724
v 0.26236578 -0.21683579 -0.10320454
v 0.25381428 -0.22773259 -0.10320454
v 0.24603129 -0.23688778 -0.11701504
v 0.24536688 -0.23763728 -0.10320454
v 0.22743378 -0.25629708 -0.11701343
v 0.22610188 -0.25757079 -0.10320454
v 0.20731339 -0.27411629 -0.11701283
v 0.20648879 -0.27478570 -0.10320453
v 0.18580819 -0.29022688 -0.11701403
v 0.18578778 -0.29024088 -0.10320453
v 0.17441609 -0.29770968 -0.10320453
v 0.16233609 -0.30493298 -0.10320453
v 0.16251418 -0.30483149 -0.10665663
v 0.16269238 -0.30472989 -0.11010864
v 0.16287058 -0.30462809 -0.11356063
v 0.16304879 -0.30452608 -0.11701263
v -0.16656442 -0.36898389 -0.23222760
v -0.16431051 -0.36852636 -0.18921971
v -0.16498012 -0.35697637 -0.20199731
v -0.16344581 -0.34280256 -0.17272200
v -0.16205651 -0.36805189 -0.14621211
v -0.16196511 -0.32669626 -0.14446670
v -0.15980260 -0.36756029 -0.10320451
v -0.15980260 -0.30928608 -0.10320451
v -0.15998690 -0.30918108 -0.10672190
v -0.16017131 -0.30907599 -0.11023921
v -0.16035561 -0.30897059 -0.11375661
v -0.16053990 -0.30886519 -0.11727391
v -0.16706501 -0.37425359 -0.25007380
v -0.16670622 -0.37333848 -0.24075782
v -0.16656442 -0.36898389 -0.23222760
v -0.15980260 -0.36756029 -0.10320451
v -0.16205651 -0.36805189 -0.14621211
v -0.16679981 -0.37913308 -0.26804952
v -0.16575582 -0.37765607 -0.24076291
v -0.15892920 -0.37474169 -0.10320451
v -0.16413872 -0.38187959 -0.24080392
v -0.16592001 -0.38352868 -0.28614640
v -0.16187662 -0.38585569 -0.24088132
v -0.16461943 -0.38732758 -0.30437121
v -0.15903712 -0.38944158 -0.24099301
v -0.16321482 -0.39037156 -0.32275262
v -0.16220803 -0.39247448 -0.34128472
v -0.15572761 -0.39252069 -0.24113462
v -0.16076783 -0.39457028 -0.35969662
v -0.15208182 -0.39501596 -0.24129981
v -0.15940053 -0.39587868 -0.36877103
v -0.15825793 -0.39671097 -0.37315831
v -0.15737273 -0.39724365 -0.37519212
v -0.14818802 -0.39688558 -0.24049791
v -0.14040471 -0.39560450 -0.10320451
v -0.15675083 -0.39757206 -0.37606603
v -0.15636252 -0.39776047 -0.37640961
v -0.15614492 -0.39786076 -0.37653981
v -0.15590583 -0.39796707 -0.37663503
v -0.14682010 -0.39224818 -0.10320451
v -0.15224351 -0.38745528 -0.10320451
v -0.15635971 -0.38150450 -0.10320451
v -0.16431051 -0.36852636 -0.18921971
v 0.02026608 -0.42983375 -0.39521994
v 0.01000933 -0.42476819 -0.22131944
v -0.00000356 -0.43038757 -0.39588232
v -0.01000768 -0.42478246 -0.22131943
v -0.02023275 -0.42988327 -0.39581522
v -0.02023275 -0.42988327 -0.39581522
v -0.01000768 -0.42478246 -0.22131943
v -0.02999990 -0.42378648 -0.22131943
v -0.04039906 -0.42832626 -0.39502470
v -0.04768900 -0.41834528 -0.10320452
v -0.06041291 -0.42572765 -0.39352651
v -0.07917076 -0.41326220 -0.10320452
v -0.08020711 -0.42210647 -0.39134653
v -0.09971055 -0.41748768 -0.38851511
v -0.11014270 -0.40566557 -0.10320452
v -0.11886234 -0.41190205 -0.38508363
v -0.14040471 -0.39560450 -0.10320451
v -0.13761083 -0.40538284 -0.38110803
v -0.14818802 -0.39688558 -0.24049791
v -0.15590583 -0.39796707 -0.37663503
v 0.03000010 -0.42374368 -0.22131944
v 0.04044955 -0.42822555 -0.39383944
v 0.02999998 -0.42342946 -0.21132182
v 0.04777212 -0.41826719 -0.10320453
v 0.01598819 -0.42085589 -0.10320453
v 0.06045789 -0.42557747 -0.39175593
v 0.07924553 -0.41313257 -0.10320453
v 0.08022927 -0.42191135 -0.38901961
v 0.09970161 -0.41725376 -0.38569885
v 0.11020499 -0.40548529 -0.10320454
v 0.11881686 -0.41163578 -0.38183643
v 0.14045048 -0.39537470 -0.10320454
v 0.13751856 -0.40509106 -0.37742324
v 0.14811078 -0.39662088 -0.23832233
v 0.15570727 -0.39767346 -0.37231472
v 0.01000919 -0.42445356 -0.21130773
v -0.01590088 -0.42088198 -0.10320453
v -0.01000780 -0.42446779 -0.21130772
v -0.01000780 -0.42446779 -0.21130772
v -0.01590088 -0.42088198 -0.10320453
v -0.03000002 -0.42347226 -0.21132182
v -0.02999990 -0.42378648 -0.22131943
v -0.01000768 -0.42478246 -0.22131943
v -0.02999968 -0.42408738 -0.22131522
v -0.01000745 -0.42508256 -0.22131522
v 0.01000933 -0.42476819 -0.22131944
v 0.01000953 -0.42506826 -0.22131522
v 0.03000032 -0.42404458 -0.22131522
v 0.03000010 -0.42374368 -0.22131944
v 0.02999998 -0.42342946 -0.21132182
v 0.03000019 -0.42373037 -0.21131763
v 0.03000010 -0.42374368 -0.22131944
v 0.03000032 -0.42404458 -0.22131522
v -0.03000002 -0.42347226 -0.21132182
v -0.02999981 -0.42377309 -0.21131762
v -0.01000780 -0.42446779 -0.21130772
v -0.01000757 -0.42476789 -0.21130353
v 0.01000940 -0.42475366 -0.21130353
v 0.01000919 -0.42445356 -0.21130773
v 0.03000019 -0.42373037 -0.21131763
v 0.02999998 -0.42342946 -0.21132182
v -0.02999968 -0.42408738 -0.22131522
v -0.02999981 -0.42377309 -0.21131762
v -0.02999990 -0.42378648 -0.22131943
v -0.03000002 -0.42347226 -0.21132182
v -0.16789642 -0.35285547 -0.20366040
v -0.17979862 -0.35615449 -0.22523581
v -0.16947082 -0.36474508 -0.23357861
v -0.18248112 -0.36117318 -0.24193110
v -0.16989641 -0.37078466 -0.25122330
v -0.18485382 -0.36561215 -0.25883620
v -0.16943752 -0.37638188 -0.26899800
v -0.18690163 -0.36944318 -0.27593150
v -0.16951903 -0.37819287 -0.27593150
v -0.18861021 -0.37263997 -0.29319361
v -0.17106882 -0.38146958 -0.29319361
v -0.18996752 -0.37517918 -0.31059580
v -0.17229983 -0.38407239 -0.31059581
v -0.19114152 -0.37737568 -0.33219120
v -0.17336463 -0.38632378 -0.33219121
v -0.19162642 -0.37828278 -0.34486569
v -0.17380442 -0.38725357 -0.34486569
v -0.19206002 -0.37909397 -0.35631432
v -0.17419772 -0.38808506 -0.35631432
v -0.19292724 -0.38071648 -0.37921139
v -0.17498433 -0.38974815 -0.37921139
v -0.17608983 -0.39137928 -0.40344742
v -0.15761183 -0.39958526 -0.40344743
v -0.16636461 -0.33882429 -0.17466731
v -0.17356780 -0.34449758 -0.19253491
v -0.17682201 -0.35058576 -0.20876620
v -0.19608732 -0.34692697 -0.22523581
v -0.19901293 -0.35180799 -0.24193110
v -0.21506532 -0.34164296 -0.24193110
v -0.21786171 -0.34582807 -0.25883619
v -0.23066391 -0.33065477 -0.24193109
v -0.23367163 -0.33469068 -0.25883619
v -0.24562952 -0.31897098 -0.24193109
v -0.24883013 -0.32285566 -0.25883619
v -0.26001142 -0.30656097 -0.24193109
v -0.26339823 -0.31028438 -0.25883619
v -0.27377771 -0.29344978 -0.24193109
v -0.27734422 -0.29700147 -0.25883619
v -0.28682762 -0.27974037 -0.24193109
v -0.29055711 -0.28312057 -0.25883618
v -0.30312891 -0.26854648 -0.25883618
v -0.30648681 -0.27130218 -0.27593148
v -0.31502182 -0.25330367 -0.25883618
v -0.31851742 -0.25588247 -0.27593148
v -0.32609010 -0.23758127 -0.25883618
v -0.32970663 -0.23998758 -0.27593147
v -0.33637422 -0.22133567 -0.25883617
v -0.34010313 -0.22356387 -0.27593147
v -0.34585210 -0.20460088 -0.25883617
v -0.34968492 -0.20664508 -0.27593147
v -0.35450292 -0.18741148 -0.25883617
v -0.35843130 -0.18926557 -0.27593147
v -0.36230672 -0.16980238 -0.25883617
v -0.36632192 -0.17145988 -0.27593147
v -0.36923723 -0.15182898 -0.25883617
v -0.37332960 -0.15328548 -0.27593146
v -0.37527132 -0.13355438 -0.25883616
v -0.37943021 -0.13480857 -0.27593146
v -0.38039873 -0.11501748 -0.25883616
v -0.38461370 -0.11606787 -0.27593146
v -0.38460973 -0.09625772 -0.25883616
v -0.38887071 -0.09710261 -0.27593146
v -0.38789632 -0.07731449 -0.25883616
v -0.39219320 -0.07795194 -0.27593146
v -0.39457372 -0.05865542 -0.27593146
v -0.39818083 -0.05901276 -0.29319357
v -0.39962610 -0.03943317 -0.29319357
v -0.40250173 -0.03957705 -0.31059576
v -0.40298860 -0.01978544 -0.31059576
v -0.40547922 -0.01978660 -0.33219116
v -0.40499033 0.00012927 -0.33219116
v -0.40601763 0.00018023 -0.34486564
v -0.40352640 0.01997051 -0.33219116
v -0.40455004 0.02007142 -0.34486564
v -0.40211142 0.03984856 -0.34486564
v -0.40302141 0.03998234 -0.35631427
v -0.39961073 0.05965049 -0.35631427
v -0.40141623 0.06000368 -0.37921134
v -0.39702754 0.07956698 -0.37921134
v -0.39891902 0.08003066 -0.40344737
v -0.39354964 0.09945691 -0.40344737
v -0.39168253 0.09890336 -0.37921134
v -0.38722621 0.11862053 -0.40344737
v -0.38538844 0.11797633 -0.37921134
v -0.37995581 0.13748583 -0.40344737
v -0.37815314 0.13674952 -0.37921134
v -0.37176925 0.15596653 -0.40344736
v -0.37000582 0.15514033 -0.37921134
v -0.36270121 0.17399123 -0.40344736
v -0.36098014 0.17307992 -0.37921133
v -0.35277182 0.19152953 -0.40344736
v -0.35109614 0.19053713 -0.37921133
v -0.34200091 0.20855143 -0.40344736
v -0.34037413 0.20748082 -0.37921133
v -0.33040854 0.22502652 -0.40344736
v -0.32883422 0.22388003 -0.37921133
v -0.31801454 0.24092452 -0.40344736
v -0.31636782 0.23986142 -0.37921133
v -0.30483903 0.25621512 -0.40344736
v -0.30324702 0.25507203 -0.37921133
v -0.29090243 0.27086772 -0.40344736
v -0.28951432 0.26950182 -0.37921133
v -0.27627032 0.28481041 -0.40344736
v -0.27495263 0.28337643 -0.37921133
v -0.26099874 0.29799443 -0.40344736
v -0.25975232 0.29649782 -0.37921133
v -0.24511764 0.31039942 -0.40344736
v -0.24394393 0.30884491 -0.37921133
v -0.22865712 0.32200533 -0.40344736
v -0.22737674 0.32051832 -0.37921134
v -0.21164712 0.33279173 -0.40344737
v -0.21040544 0.33126513 -0.37921134
v -0.19411763 0.34273844 -0.40344737
v -0.19292733 0.34116652 -0.37921134
v -0.17609874 0.35182524 -0.40344737
v -0.17498433 0.35019823 -0.37921134
v -0.15762153 0.36003134 -0.40344737
v -0.15661983 0.35833861 -0.37921134
v -0.13876203 0.36732012 -0.40344737
v -0.13787803 0.36556811 -0.37921134
v -0.11957643 0.37367010 -0.40344737
v -0.11880403 0.37186934 -0.37921134
v -0.10009803 0.37907072 -0.40344737
v -0.09962106 0.37718264 -0.37921134
v -0.08036069 0.38351103 -0.40344737
v -0.07996908 0.38160341 -0.37921134
v -0.06043249 0.38697493 -0.40344737
v -0.06013869 0.38504973 -0.37921134
v -0.04037282 0.38945322 -0.40344738
v -0.04017611 0.38751551 -0.37921135
v -0.02021691 0.39094252 -0.40344738
v -0.02011813 0.38899752 -0.37921135
v -0.00000003 0.39143954 -0.40344738
v -0.02002460 0.38716021 -0.35631428
v -0.01997784 0.38624151 -0.34486565
v -0.03989772 0.38477003 -0.34486564
v -0.03979406 0.38374681 -0.33219116
v -0.05956728 0.38130502 -0.33219116
v -0.05919462 0.37884233 -0.31059576
v -0.07871146 0.37545190 -0.31059576
v -0.07814126 0.37262971 -0.29319357
v -0.09738152 0.36830282 -0.29319356
v -0.09649722 0.36478750 -0.27593145
v -0.11509342 0.35963712 -0.27593145
v -0.11383252 0.35548032 -0.25883615
v -0.13210822 0.34944280 -0.25883615
v -0.13041252 0.34470361 -0.24193105
v -0.14813962 0.33786561 -0.24193105
v -0.14596192 0.33260812 -0.22523576
v -0.16307672 0.32502160 -0.22523576
v -0.16037702 0.31931361 -0.20876615
v -0.16037702 0.31931361 -0.20876615
v -0.17682212 0.31103581 -0.20876615
v -0.17356792 0.30494761 -0.19253486
v -0.18929221 0.29603991 -0.19253486
v -0.18545772 0.28964251 -0.17655016
v -0.20041671 0.28016991 -0.17655015
v -0.19371831 0.27014491 -0.15322706
v -0.20772801 0.26027751 -0.15322706
v -0.20198401 0.25255120 -0.13629196
v -0.21510180 0.24231341 -0.13629196
v -0.20046441 0.24097510 -0.11968426
v -0.22113030 0.22369490 -0.11968336
v -0.22770241 0.23144351 -0.13629196
v -0.23975581 0.21996691 -0.13629196
v -0.23417441 0.23857110 -0.15322706
v -0.24657090 0.22676730 -0.15322706
v -0.24228061 0.24749621 -0.17655015
v -0.25510692 0.23528231 -0.17655015
v -0.24729602 0.25301671 -0.19253486
v -0.26038821 0.24054891 -0.19253486
v -0.25193872 0.25812560 -0.20876615
v -0.26527721 0.24542272 -0.20876615
v -0.25193872 0.25812560 -0.20876615
v -0.25618602 0.26279792 -0.22523576
v -0.26974981 0.24987981 -0.22523576
v -0.26001461 0.26700801 -0.24193105
v -0.27378162 0.25389581 -0.24193105
v -0.26340202 0.27073112 -0.25883614
v -0.27734873 0.25744691 -0.25883614
v -0.26632631 0.27394321 -0.27593144
v -0.28042841 0.26051052 -0.27593144
v -0.26876772 0.27662241 -0.29319356
v -0.28299961 0.26306541 -0.29319356
v -0.27070852 0.27874931 -0.31059575
v -0.28504362 0.26509333 -0.31059575
v -0.27238982 0.28058681 -0.33219115
v -0.28681452 0.26684462 -0.33219115
v -0.27308562 0.28134432 -0.34486563
v -0.28754752 0.26756613 -0.34486563
v -0.27370793 0.28202171 -0.35631426
v -0.28820313 0.26821142 -0.35631426
v -0.17005191 -0.33791979 -0.17655020
v -0.16487681 -0.32286966 -0.14665971
v -0.17925921 -0.31885098 -0.15322711
v -0.17430970 -0.31059319 -0.13629200
v -0.19371831 -0.30969488 -0.15322710
v -0.18836951 -0.30168987 -0.13629200
v -0.20198361 -0.29210148 -0.13629200
v -0.18624411 -0.29086178 -0.11967840
v -0.20780570 -0.27471459 -0.11968630
v -0.16343341 -0.30519778 -0.11968461
v -0.22797450 -0.25684918 -0.11968460
v -0.22770201 -0.27099379 -0.13629200
v -0.21510140 -0.28186369 -0.13629200
v -0.20772731 -0.29982807 -0.15322710
v -0.20041671 -0.31971989 -0.17655020
v -0.18545772 -0.32919248 -0.17655020
v -0.18929221 -0.33558988 -0.19253491
v -0.19284122 -0.34151109 -0.20876620
v -0.23975541 -0.25951748 -0.13629200
v -0.24661221 -0.23739668 -0.11968580
v -0.25122401 -0.24747118 -0.13629199
v -0.26209401 -0.23486998 -0.13629199
v -0.26953610 -0.24097758 -0.15322709
v -0.27233811 -0.22174288 -0.13629199
v -0.28007701 -0.22746998 -0.15322709
v -0.28191891 -0.20813839 -0.13629199
v -0.28992821 -0.21348078 -0.15322709
v -0.29082081 -0.19408028 -0.13629199
v -0.29908141 -0.19902529 -0.15322709
v -0.29902241 -0.17960188 -0.13629198
v -0.30751490 -0.18413708 -0.15322708
v -0.30650441 -0.16473738 -0.13629198
v -0.31520911 -0.16885079 -0.15322708
v -0.31324881 -0.14952199 -0.13629198
v -0.32214532 -0.15320178 -0.15322708
v -0.31923850 -0.13399369 -0.13629198
v -0.32830552 -0.13723078 -0.15322708
v -0.32445820 -0.11819198 -0.13629198
v -0.33367310 -0.12098058 -0.15322708
v -0.32889611 -0.10215449 -0.13629198
v -0.33823632 -0.10448919 -0.15322708
v -0.33254162 -0.08591936 -0.13629197
v -0.34198472 -0.08779525 -0.15322707
v -0.33538632 -0.06952493 -0.13629197
v -0.34490971 -0.07093763 -0.15322707
v -0.34700432 -0.05395562 -0.15322707
v -0.35900292 -0.05514006 -0.17655017
v -0.36030572 -0.03748373 -0.17655016
v -0.36775510 -0.03785207 -0.19253487
v -0.36819909 -0.01977884 -0.19253487
v -0.37510240 -0.01977973 -0.20876616
v -0.37465039 -0.00136619 -0.20876616
v -0.37465039 -0.00136619 -0.20876616
v -0.38095700 -0.00105570 -0.22523577
v -0.37329602 0.01699212 -0.20876615
v -0.37957990 0.01761115 -0.22523577
v -0.37729001 0.03617963 -0.22523576
v -0.38291940 0.03701282 -0.24193105
v -0.37967523 0.05571538 -0.24193105
v -0.38461271 0.05669293 -0.25883615
v -0.38040243 0.07545304 -0.25883615
v -0.38461782 0.07650159 -0.27593145
v -0.37943510 0.09524277 -0.27593145
v -0.38290632 0.09628642 -0.29319356
v -0.37675100 0.11493292 -0.29319356
v -0.37946493 0.11589432 -0.31059575
v -0.37234201 0.13437172 -0.31059575
v -0.37464632 0.13531692 -0.33219115
v -0.36657561 0.15353312 -0.33219115
v -0.36750704 0.15396952 -0.34486563
v -0.35854143 0.17178862 -0.34486563
v -0.35935431 0.17221903 -0.35631426
v -0.34951331 0.18959952 -0.35631426
v -0.26359591 -0.21648388 -0.11968649
v -0.27880721 -0.19425398 -0.11968379
v -0.29214800 -0.17085719 -0.11968338
v -0.30353001 -0.14644949 -0.11968538
v -0.31287279 -0.12118739 -0.11967888
v -0.32011811 -0.09524768 -0.11967417
v -0.32522320 -0.06880560 -0.11967918
v -0.33742341 -0.05301008 -0.13629197
v -0.32814881 -0.04203040 -0.11968547
v -0.33864762 -0.03641395 -0.13629197
v -0.32886929 -0.01510709 -0.11968497
v -0.33905621 -0.01977583 -0.13629197
v -0.33864769 -0.00313771 -0.13629197
v -0.34826359 -0.00266468 -0.15322707
v -0.33742341 0.01345842 -0.13629197
v -0.34700459 0.01440221 -0.15322707
v -0.34491021 0.03138426 -0.15322706
v -0.35683701 0.03315098 -0.17655016
v -0.35381169 0.05058833 -0.17655016
v -0.36112771 0.05203936 -0.19253486
v -0.35717153 0.06966250 -0.19253486
v -0.36386960 0.07133337 -0.20876615
v -0.35896340 0.08906946 -0.20876615
v -0.36500833 0.09089416 -0.22523576
v -0.35913873 0.10866981 -0.22523576
v -0.36449983 0.11057842 -0.24193105
v -0.35765890 0.12832012 -0.24193105
v -0.36231180 0.13023991 -0.25883615
v -0.35450841 0.14784992 -0.25883615
v -0.35843752 0.14970252 -0.27593144
v -0.34969152 0.16708301 -0.27593144
v -0.35289091 0.16878681 -0.29319356
v -0.34322271 0.18585981 -0.29319356
v -0.34569613 0.18733362 -0.31059575
v -0.33513243 0.20402422 -0.31059575
v -0.33721003 0.20539791 -0.33219115
v -0.32577231 0.22164951 -0.33219115
v -0.32660361 0.22225521 -0.34486563
v -0.31423472 0.23811072 -0.34486563
v -0.31494572 0.23869433 -0.35631426
v -0.30188393 0.25383661 -0.35631426
v -0.32738362 0.01178283 -0.11968187
v -0.33538659 0.02997328 -0.13629197
v -0.32370331 0.03846713 -0.11968207
v -0.33254200 0.04636773 -0.13629196
v -0.31785220 0.06476361 -0.11968497
v -0.32889660 0.06260296 -0.13629196
v -0.32445881 0.07864045 -0.13629196
v -0.33367409 0.08142740 -0.15322706
v -0.32830651 0.09767775 -0.15322706
v -0.33966260 0.10172841 -0.17655016
v -0.33328912 0.11825451 -0.17655016
v -0.34018231 0.12110291 -0.19253486
v -0.33285691 0.13763171 -0.19253486
v -0.33909951 0.14057891 -0.20876615
v -0.33082372 0.15702291 -0.20876615
v -0.33639489 0.15999471 -0.22523576
v -0.32717443 0.17627511 -0.22523576
v -0.33205911 0.17919441 -0.24193105
v -0.32190572 0.19523391 -0.24193105
v -0.32609621 0.19802211 -0.25883614
v -0.31502792 0.21374542 -0.25883614
v -0.31852432 0.21632322 -0.27593144
v -0.30648672 0.23175222 -0.27593144
v -0.30928871 0.23405172 -0.29319356
v -0.29646152 0.24892202 -0.29319356
v -0.29859482 0.25085552 -0.31059575
v -0.30986670 0.09049317 -0.11968387
v -0.31923901 0.09444217 -0.13629196
v -0.32214650 0.11364901 -0.15322706
v -0.32611241 0.13444711 -0.17655015
v -0.32473310 0.15377331 -0.19253486
v -0.32175481 0.17303500 -0.20876615
v -0.31716871 0.19208042 -0.22523576
v -0.31097782 0.21075681 -0.24193105
v -0.30312881 0.22899641 -0.25883614
v -0.29377571 0.24648782 -0.27593144
v -0.31324940 0.10997061 -0.13629196
v -0.29980311 0.11548151 -0.11968287
v -0.30650511 0.12518611 -0.13629196
v -0.28772610 0.13956541 -0.11968096
v -0.29902310 0.14005070 -0.13629196
v -0.29082150 0.15452921 -0.13629196
v -0.29908280 0.15947301 -0.15322706
v -0.28992970 0.17392871 -0.15322706
v -0.29996171 0.18061650 -0.17655015
v -0.28977210 0.19508761 -0.17655015
v -0.29576951 0.19952161 -0.19253486
v -0.28462171 0.21380801 -0.19253486
v -0.28995811 0.21818742 -0.20876615
v -0.27793250 0.23212840 -0.20876615
v -0.27793250 0.23212840 -0.20876615
v -0.28261112 0.23636882 -0.22523576
v -0.27372231 0.16257981 -0.11968666
v -0.28191960 0.16858741 -0.13629196
v -0.28007840 0.18791821 -0.15322706
v -0.27885621 0.20907641 -0.17655015
v -0.27281751 0.22749242 -0.19253486
v -0.27233880 0.18219201 -0.13629196
v -0.25788170 0.18436751 -0.11968626
v -0.26209391 0.19531991 -0.13629196
v -0.24031420 0.20477980 -0.11968156
v -0.25122401 0.20792121 -0.13629196
v -0.17845311 0.25650681 -0.11968356
v -0.18836951 0.26213990 -0.13629196
v -0.17925921 0.27930090 -0.15322706
v -0.17005191 0.29836981 -0.17655016
v -0.15742542 0.31307311 -0.19253486
v -0.14354552 0.32677441 -0.20876615
v -0.12849541 0.33934560 -0.22523576
v -0.11237132 0.35066362 -0.24193105
v -0.09543791 0.36057481 -0.25883615
v -0.07742558 0.36907632 -0.27593145
v -0.05876633 0.37599523 -0.29319357
v -0.03954493 0.38126863 -0.31059576
v -0.01992551 0.38521433 -0.33219116
v -0.00000004 0.38573183 -0.33250687
v -0.17430970 0.27104310 -0.13629196
v -0.15524291 0.27018240 -0.11968096
v -0.15983001 0.27924580 -0.13629196
v -0.14496521 0.28672820 -0.13629196
v -0.14908151 0.29543141 -0.15322706
v -0.13343551 0.30236680 -0.15322706
v -0.13804951 0.31350590 -0.17655016
v -0.12152981 0.31987820 -0.17655016
v -0.12404252 0.32690072 -0.19253486
v -0.10688262 0.33256963 -0.19253487
v -0.10888652 0.33917561 -0.20876615
v -0.09128524 0.34405030 -0.20876615
v -0.09282389 0.35017423 -0.22523577
v -0.07446072 0.35430291 -0.22523577
v -0.07557923 0.35988259 -0.24193106
v -0.05684090 0.36313649 -0.24193106
v -0.05758529 0.36811452 -0.25883615
v -0.03846908 0.37047422 -0.25883616
v -0.03889900 0.37479692 -0.27593145
v -0.01947638 0.37623102 -0.27593146
v -0.01965672 0.37985132 -0.29319357
v -0.00000002 0.37746812 -0.27925976
v -0.00000003 0.38103292 -0.29701287
v -0.13099500 0.28191410 -0.11968256
v -0.12975120 0.29347210 -0.13629196
v -0.11746801 0.30852610 -0.15322706
v -0.10471752 0.32543221 -0.17655016
v -0.08960329 0.33735501 -0.19253487
v -0.07322067 0.34811162 -0.20876616
v -0.05600012 0.35750833 -0.22523577
v -0.03797160 0.36546552 -0.24193106
v -0.01926077 0.37189241 -0.25883616
v -0.00000002 0.37309442 -0.26150927
v -0.10587411 0.29162140 -0.11968586
v -0.11422461 0.29946131 -0.13629196
v -0.10121751 0.31389451 -0.15322706
v -0.08778630 0.33012120 -0.17655016
v -0.07186599 0.34134251 -0.19253487
v -0.05506802 0.35126321 -0.20876616
v -0.05506802 0.35126321 -0.20876616
v -0.03740979 0.35980271 -0.22523577
v -0.01901137 0.36686521 -0.24193106
v -0.00000002 0.36791360 -0.24376427
v -0.09842283 0.30468150 -0.13629197
v -0.08003229 0.29924259 -0.11968707
v -0.08250478 0.30908980 -0.13629197
v -0.06615384 0.31276490 -0.13629197
v -0.06803978 0.32220589 -0.15322707
v -0.05117337 0.32513321 -0.15322707
v -0.05294945 0.33705842 -0.17655016
v -0.03537208 0.33922730 -0.17655016
v -0.03610668 0.34664952 -0.19253487
v -0.01807591 0.34798012 -0.19253487
v -0.01841769 0.35487500 -0.20876616
v -0.00000002 0.35513741 -0.20829697
v -0.01872969 0.36118161 -0.22523577
v -0.00000002 0.36192742 -0.22602677
v -0.05365671 0.30472121 -0.11968537
v -0.04975521 0.31561070 -0.13629197
v -0.03418358 0.32722901 -0.15322707
v -0.01770724 0.34053071 -0.17655017
v -0.00000002 0.34754452 -0.19057427
v -0.02691680 0.30802420 -0.11968517
v -0.03323641 0.31764820 -0.13629197
v -0.01711483 0.32848851 -0.15322707
v -0.00000002 0.33914822 -0.17285487
v -0.01663971 0.31887270 -0.13629197
v -0.00000001 0.30912781 -0.11968578
v -0.00000002 0.31994150 -0.13741347
v -0.00000001 0.32994721 -0.15513467
v -0.01980023 0.38272680 -0.31059576
v -0.00000003 0.38378770 -0.31476406
v -0.40332751 0.06037750 -0.40344737
v -0.40484164 0.04024992 -0.37921134
v -0.40546542 0.02016167 -0.35631427
v -0.40693632 0.00022581 -0.35631427
v -0.40650770 -0.01978728 -0.34486564
v -0.40498922 -0.03970244 -0.33219116
v -0.40104593 -0.05929702 -0.31059576
v -0.39577871 -0.07848387 -0.29319357
v -0.39242632 -0.09780717 -0.29319357
v -0.38813112 -0.11694357 -0.29319358
v -0.38290090 -0.13585397 -0.29319358
v -0.37674494 -0.15449977 -0.29319358
v -0.36967283 -0.17284208 -0.29319358
v -0.36170954 -0.19081207 -0.29319358
v -0.35288362 -0.20835017 -0.29319359
v -0.34321524 -0.22542228 -0.29319359
v -0.33272520 -0.24199428 -0.29319359
v -0.32143534 -0.25803287 -0.29319359
v -0.30928871 -0.27360168 -0.29319359
v -0.29377571 -0.28603778 -0.27593148
v -0.28042332 -0.30006557 -0.27593148
v -0.26632212 -0.31349698 -0.27593149
v -0.25159332 -0.32620748 -0.27593149
v -0.23626871 -0.33817277 -0.27593149
v -0.22027502 -0.34943986 -0.27593149
v -0.20160063 -0.35612527 -0.25883620
v -0.40676833 0.04053314 -0.40344737
v -0.40729624 0.02034216 -0.37921134
v -0.40877383 0.00031697 -0.37921134
v -0.40742762 -0.01978790 -0.35631427
v -0.40601641 -0.03975475 -0.34486564
v -0.40352430 -0.05954364 -0.33219116
v -0.39862673 -0.07890640 -0.31059576
v -0.39525072 -0.09836632 -0.31059576
v -0.39092524 -0.11763808 -0.31059577
v -0.38565821 -0.13668308 -0.31059577
v -0.37945833 -0.15546277 -0.31059577
v -0.37233480 -0.17393897 -0.31059577
v -0.36431383 -0.19203988 -0.31059577
v -0.35542471 -0.20970388 -0.31059578
v -0.34568792 -0.22689736 -0.31059578
v -0.33512392 -0.24358678 -0.31059578
v -0.32375452 -0.25973918 -0.31059578
v -0.31151442 -0.27542827 -0.31059579
v -0.29646152 -0.28847198 -0.29319360
v -0.28299393 -0.30262116 -0.29319360
v -0.26876312 -0.31617658 -0.29319360
v -0.25390032 -0.32900327 -0.29319360
v -0.23843733 -0.34107728 -0.29319361
v -0.22228882 -0.35245377 -0.29319361
v -0.20383383 -0.35985116 -0.27593150
v -0.40923434 0.02053323 -0.40344737
v -0.41071872 0.00041347 -0.40344737
v -0.40926734 -0.01978914 -0.37921134
v -0.40693510 -0.03980156 -0.35631428
v -0.40454771 -0.05964589 -0.34486565
v -0.40109034 -0.07927192 -0.33219116
v -0.39769411 -0.09884909 -0.33219117
v -0.39334280 -0.11823708 -0.33219117
v -0.38804411 -0.13739778 -0.33219117
v -0.38180632 -0.15629347 -0.33219117
v -0.37463843 -0.17488618 -0.33219117
v -0.36656721 -0.19310086 -0.33219118
v -0.35762350 -0.21087367 -0.33219118
v -0.34782793 -0.22817166 -0.33219118
v -0.33720053 -0.24496186 -0.33219118
v -0.32576292 -0.26121207 -0.33219118
v -0.31343962 -0.27700827 -0.33219119
v -0.29859482 -0.29040557 -0.31059579
v -0.28503733 -0.30464957 -0.31059579
v -0.27070332 -0.31830388 -0.31059579
v -0.25573431 -0.33122277 -0.31059579
v -0.24016182 -0.34338288 -0.31059580
v -0.22388842 -0.35484769 -0.31059580
v -0.20569733 -0.36296025 -0.29319361
v -0.41121451 -0.01979046 -0.40344737
v -0.40877242 -0.03989519 -0.37921135
v -0.40546301 -0.05973736 -0.35631428
v -0.40210772 -0.07942288 -0.34486565
v -0.39870321 -0.09904794 -0.34486565
v -0.39434134 -0.11848337 -0.34486565
v -0.38902983 -0.13769157 -0.34486565
v -0.38277651 -0.15663507 -0.34486566
v -0.37559000 -0.17527636 -0.34486566
v -0.36749804 -0.19353837 -0.34486566
v -0.35853194 -0.21135596 -0.34486566
v -0.34871222 -0.22869677 -0.34486566
v -0.33805903 -0.24552836 -0.34486567
v -0.32659373 -0.26181857 -0.34486567
v -0.31423472 -0.27766078 -0.34486567
v -0.30044031 -0.29207818 -0.33219119
v -0.28680762 -0.30640156 -0.33219119
v -0.27238413 -0.32014187 -0.33219119
v -0.25732352 -0.33314057 -0.33219120
v -0.24165692 -0.34537488 -0.33219120
v -0.22527213 -0.35691857 -0.33219120
v -0.20717753 -0.36542977 -0.31059580
v -0.41071723 -0.03999433 -0.40344738
v -0.40729361 -0.05992032 -0.37921135
v -0.40301764 -0.07955789 -0.35631428
v -0.39960574 -0.09922575 -0.35631428
v -0.39523444 -0.11870367 -0.35631428
v -0.38991133 -0.13795427 -0.35631428
v -0.38364413 -0.15694057 -0.35631429
v -0.37644114 -0.17562527 -0.35631429
v -0.36833064 -0.19392956 -0.35631429
v -0.35934443 -0.21178727 -0.35631429
v -0.34950312 -0.22916648 -0.35631429
v -0.33882693 -0.24603488 -0.35631430
v -0.32733672 -0.26236086 -0.35631430
v -0.31494582 -0.27824427 -0.35631430
v -0.30120232 -0.29276887 -0.34486567
v -0.28754012 -0.30712357 -0.34486567
v -0.27307951 -0.32089966 -0.34486568
v -0.25798123 -0.33393136 -0.34486568
v -0.24227622 -0.34619606 -0.34486568
v -0.22584363 -0.35777378 -0.34486568
v -0.20845803 -0.36756608 -0.33219120
v -0.40923121 -0.06011400 -0.40344738
v -0.40483744 -0.07982791 -0.37921135
v -0.40141074 -0.09958136 -0.37921135
v -0.39702063 -0.11914407 -0.37921135
v -0.39167441 -0.13847967 -0.37921136
v -0.38537951 -0.15755147 -0.37921136
v -0.37814341 -0.17632296 -0.37921136
v -0.36999564 -0.19471198 -0.37921136
v -0.36096934 -0.21264996 -0.37921136
v -0.35108504 -0.23010567 -0.37921137
v -0.34036261 -0.24704787 -0.37921137
v -0.32882281 -0.26344536 -0.37921137
v -0.31636792 -0.27941136 -0.37921137
v -0.30188393 -0.29338667 -0.35631430
v -0.28819542 -0.30776917 -0.35631431
v -0.27370162 -0.32157738 -0.35631431
v -0.25856953 -0.33463845 -0.35631431
v -0.24283023 -0.34693047 -0.35631431
v -0.22635463 -0.35853855 -0.35631432
v -0.20898673 -0.36844826 -0.34486569
v -0.40676364 -0.08011373 -0.40344738
v -0.40332133 -0.09995774 -0.40344738
v -0.39891131 -0.11961027 -0.40344738
v -0.39354071 -0.13903556 -0.40344739
v -0.38721633 -0.15819797 -0.40344739
v -0.37994521 -0.17706147 -0.40344739
v -0.37175803 -0.19554016 -0.40344739
v -0.36268943 -0.21356306 -0.40344739
v -0.35275943 -0.23109986 -0.40344740
v -0.34198821 -0.24811997 -0.40344740
v -0.33039584 -0.26459326 -0.40344740
v -0.31800242 -0.28048916 -0.40344740
v -0.30482793 -0.29577736 -0.40344740
v -0.30324702 -0.29462206 -0.37921137
v -0.29089313 -0.31042696 -0.40344741
v -0.28950593 -0.30906037 -0.37921138
v -0.27626264 -0.32436718 -0.40344741
v -0.27494563 -0.32293267 -0.37921138
v -0.26099183 -0.33754948 -0.40344741
v -0.25974624 -0.33605267 -0.37921138
v -0.24511104 -0.34995357 -0.40344741
v -0.24393813 -0.34839916 -0.37921138
v -0.22865033 -0.36155907 -0.40344742
v -0.22737674 -0.36006825 -0.37921139
v -0.21163974 -0.37234547 -0.40344742
v -0.21040544 -0.37081516 -0.37921139
v -0.19410953 -0.38229237 -0.40344742
v -0.15657483 -0.39790718 -0.37921140
v -0.13875153 -0.40687378 -0.40344743
v -0.15597323 -0.39795395 -0.37688969
v -0.13766593 -0.40537758 -0.38136109
v -0.11956523 -0.41322334 -0.40344743
v -0.11891063 -0.41190155 -0.38533422
v -0.10008753 -0.41862316 -0.40344743
v -0.09975129 -0.41749145 -0.38876352
v -0.08023974 -0.42211388 -0.39159311
v -0.08035322 -0.42306236 -0.40344743
v -0.06043692 -0.42573788 -0.39377172
v -0.06042799 -0.42652527 -0.40344744
v -0.04041409 -0.42833835 -0.39526880
v -0.04036978 -0.42900307 -0.40344744
v -0.02023859 -0.42989654 -0.39605883
v -0.02021501 -0.43049236 -0.40344744
v -0.00000003 -0.43040127 -0.39612574
v -0.00000004 -0.43098945 -0.40344744
v -0.15649173 -0.39771996 -0.37666291
v -0.15694483 -0.39750176 -0.37631551
v -0.15766943 -0.39712326 -0.37543523
v -0.15870563 -0.39651077 -0.37339459
v -0.16005843 -0.39555378 -0.36899560
v -0.16170863 -0.39405125 -0.35990639
v -0.16351933 -0.39164677 -0.34146939
v -0.16483622 -0.38924725 -0.32308041
v -0.16661312 -0.38576867 -0.30490990
v -0.16826842 -0.38141957 -0.28689120
v -0.20945962 -0.36923725 -0.35631432
v -0.20456041 -0.32592138 -0.19253491
v -0.21492171 -0.30950317 -0.17655020
v -0.22121581 -0.28930029 -0.15322710
v -0.20839570 -0.33166128 -0.20876620
v -0.21937331 -0.31548757 -0.19253490
v -0.22887431 -0.29861238 -0.17655020
v -0.23417361 -0.27812178 -0.15322710
v -0.21190382 -0.33691137 -0.22523581
v -0.22349441 -0.32102579 -0.20876619
v -0.22349441 -0.32102579 -0.20876619
v -0.23361282 -0.30437238 -0.19253490
v -0.24227922 -0.28704748 -0.17655019
v -0.24656991 -0.26631838 -0.15322710
v -0.22726482 -0.32609079 -0.22523581
v -0.23799920 -0.30970298 -0.20876619
v -0.24729411 -0.29256838 -0.19253490
v -0.25510510 -0.27483408 -0.17655019
v -0.25835761 -0.25393667 -0.15322709
v -0.23066391 -0.33065477 -0.24193109
v -0.24201211 -0.31457798 -0.22523580
v -0.25618322 -0.30235038 -0.22523580
v -0.26974641 -0.28943328 -0.22523580
v -0.28261112 -0.27591878 -0.22523580
v -0.29923801 -0.26535327 -0.24193108
v -0.31097242 -0.25031408 -0.24193108
v -0.32190031 -0.23479188 -0.24193108
v -0.33205392 -0.21875309 -0.24193108
v -0.34141111 -0.20223167 -0.24193108
v -0.34995130 -0.18526268 -0.24193107
v -0.35765443 -0.16788109 -0.24193107
v -0.36449560 -0.15014018 -0.24193107
v -0.37045263 -0.13209998 -0.24193107
v -0.37551492 -0.11379958 -0.24193107
v -0.37967260 -0.09527830 -0.24193106
v -0.38291742 -0.07657588 -0.24193106
v -0.39025091 -0.05822760 -0.25883616
v -0.39600591 -0.03925270 -0.27593145
v -0.40010942 -0.01978448 -0.29319357
v -0.40250280 0.00000622 -0.31059576
v -0.40104780 0.01972622 -0.31059576
v -0.40109381 0.03969894 -0.33219115
v -0.39870802 0.05947390 -0.34486564
v -0.39524073 0.07912890 -0.35631427
v -0.25193641 -0.29767769 -0.20876619
v -0.26038591 -0.28010118 -0.19253490
v -0.26729121 -0.26203358 -0.17655019
v -0.27885621 -0.24862638 -0.17655019
v -0.26527431 -0.28497558 -0.20876619
v -0.25193641 -0.29767769 -0.20876619
v -0.26527431 -0.28497558 -0.20876619
v -0.27793262 -0.27167837 -0.20876618
v -0.29483911 -0.26174318 -0.22523579
v -0.30639531 -0.24693277 -0.22523579
v -0.31716411 -0.23163717 -0.22523579
v -0.32716993 -0.21583248 -0.22523579
v -0.33639062 -0.19955269 -0.22523579
v -0.34480562 -0.18283277 -0.22523578
v -0.35239499 -0.16570808 -0.22523578
v -0.35913522 -0.14822978 -0.22523578
v -0.36500501 -0.13045468 -0.22523578
v -0.36999353 -0.11242178 -0.22523578
v -0.37409082 -0.09417061 -0.22523577
v -0.37728830 -0.07574083 -0.22523577
v -0.38524190 -0.05773221 -0.24193106
v -0.39166742 -0.03903694 -0.25883616
v -0.39648462 -0.01978351 -0.27593145
v -0.39962713 -0.00013575 -0.29319357
v -0.39818250 0.01944388 -0.29319356
v -0.39862982 0.03933573 -0.31059575
v -0.39769861 0.05927638 -0.33219115
v -0.39434733 0.07890982 -0.34486564
v -0.38991862 0.09838032 -0.35631427
v -0.27281751 -0.26704239 -0.19253490
v -0.28462171 -0.25335808 -0.19253489
v -0.28976972 -0.23464079 -0.17655019
v -0.28995811 -0.25773748 -0.20876618
v -0.29576640 -0.23907577 -0.19253489
v -0.29995931 -0.22016998 -0.17655018
v -0.27793262 -0.27167837 -0.20876618
v -0.28995811 -0.25773748 -0.20876618
v -0.30131730 -0.24317978 -0.20876618
v -0.31190942 -0.22813598 -0.20876618
v -0.32175100 -0.21259119 -0.20876618
v -0.33082009 -0.19657959 -0.20876617
v -0.33082009 -0.19657959 -0.20876617
v -0.33909600 -0.18013618 -0.20876617
v -0.33909600 -0.18013618 -0.20876617
v -0.34655942 -0.16329649 -0.20876617
v -0.34655942 -0.16329649 -0.20876617
v -0.35318761 -0.14610918 -0.20876617
v -0.35896070 -0.12862818 -0.20876617
v -0.36386731 -0.11089248 -0.20876617
v -0.36789731 -0.09294122 -0.20876616
v -0.37104241 -0.07481427 -0.20876616
v -0.37957891 -0.05717242 -0.22523577
v -0.38664022 -0.03878737 -0.24193106
v -0.39214071 -0.01978255 -0.25883615
v -0.39600671 -0.00031430 -0.27593145
v -0.39457533 0.01908846 -0.27593145
v -0.39578153 0.03891510 -0.29319356
v -0.39525480 0.05879589 -0.31059575
v -0.39334852 0.07866479 -0.33219115
v -0.38903673 0.09811879 -0.34486564
v -0.38365233 0.11736772 -0.35631427
v -0.30616511 -0.22430738 -0.19253489
v -0.30942691 -0.20521708 -0.17655018
v -0.31582702 -0.20904697 -0.19253489
v -0.32473012 -0.19332869 -0.19253489
v -0.33285413 -0.17718758 -0.19253488
v -0.34017972 -0.16065928 -0.19253488
v -0.34668549 -0.14379008 -0.19253488
v -0.35235272 -0.12663068 -0.19253488
v -0.35716962 -0.10921978 -0.19253488
v -0.36112622 -0.09159685 -0.19253488
v -0.36421391 -0.07380128 -0.19253487
v -0.37329522 -0.05655154 -0.20876616
v -0.38095651 -0.03850559 -0.22523577
v -0.38710733 -0.01978160 -0.24193106
v -0.39166810 -0.00052814 -0.25883615
v -0.39025232 0.01866255 -0.25883615
v -0.39219572 0.03838509 -0.27593145
v -0.39243002 0.05823863 -0.29319356
v -0.39093042 0.07806806 -0.31059575
v -0.38805071 0.09782626 -0.33219115
v -0.38278433 0.11706333 -0.34486563
v -0.37645003 0.13605382 -0.35631426
v -0.31815060 -0.18981598 -0.17655018
v -0.32611031 -0.17400158 -0.17655018
v -0.33328702 -0.15780948 -0.17655018
v -0.33966069 -0.14128369 -0.17655017
v -0.34521352 -0.12447169 -0.17655017
v -0.34993352 -0.10741219 -0.17655017
v -0.35381051 -0.09014410 -0.17655017
v -0.35683610 -0.07270684 -0.17655017
v -0.36642529 -0.05587298 -0.19253487
v -0.37465001 -0.03819325 -0.20876616
v -0.38141671 -0.01978065 -0.22523577
v -0.38664083 -0.00077580 -0.24193106
v -0.38524312 0.01816906 -0.24193105
v -0.38789850 0.03774954 -0.25883615
v -0.38887403 0.05753594 -0.27593145
v -0.38813570 0.07737539 -0.29319356
v -0.38566423 0.09711366 -0.31059575
v -0.38181372 0.11672292 -0.33219115
v -0.37559843 0.13570602 -0.34486563
v -0.36833990 0.15435982 -0.35631426
v -0.37465001 -0.03819325 -0.20876616
v -0.37510240 -0.01977973 -0.20876616
v -0.34826352 -0.03688873 -0.15322707
v -0.36074059 -0.01977796 -0.17655016
v -0.36775540 -0.00170558 -0.19253487
v -0.36642602 0.01631534 -0.19253487
v -0.37104383 0.03525491 -0.20876615
v -0.37409303 0.05460953 -0.22523576
v -0.37551812 0.07423690 -0.24193105
v -0.37527563 0.09399033 -0.25883615
v -0.37333501 0.11372042 -0.27593144
v -0.36967932 0.13327641 -0.29319356
v -0.36432142 0.15247392 -0.31059575
v -0.35763251 0.17130722 -0.33219115
v -0.34872191 0.18913061 -0.34486563
v -0.33883734 0.20646933 -0.35631426
v -0.34868371 -0.01977671 -0.15322707
v -0.36030591 -0.00207218 -0.17655016
v -0.35900342 0.01558416 -0.17655016
v -0.36421502 0.03424370 -0.19253487
v -0.36789922 0.05338195 -0.20876615
v -0.36999631 0.07286097 -0.22523576
v -0.37045640 0.09253771 -0.24193105
v -0.36924200 0.11226561 -0.25883615
v -0.36632780 0.13189572 -0.27593144
v -0.36171640 0.15124762 -0.29319356
v -0.35543272 0.17013912 -0.31059575
v -0.34783701 0.18860632 -0.33219115
v -0.33806902 0.20596352 -0.34486563
v -0.32734713 0.22279682 -0.35631426
v -0.34198529 0.04824192 -0.15322706
v -0.33823720 0.06493596 -0.15322706
v -0.34993501 0.06785655 -0.17655016
v -0.35235490 0.08707353 -0.19253486
v -0.35319062 0.10655081 -0.20876615
v -0.35239892 0.12614871 -0.22523576
v -0.34995611 0.14570262 -0.24193105
v -0.34585790 0.16504022 -0.25883614
v -0.34010992 0.18400272 -0.27593144
v -0.33273291 0.20243282 -0.29319356
v -0.32376291 0.22017782 -0.31059575
v -0.31343962 0.23745833 -0.33219115
v -0.30120232 0.25321892 -0.34486563
v -0.34521519 0.08491623 -0.17655016
v -0.34668801 0.10423321 -0.19253486
v -0.34656262 0.12373862 -0.20876615
v -0.34656262 0.12373862 -0.20876615
v -0.34480970 0.14327411 -0.22523576
v -0.34141622 0.16267242 -0.24193105
v -0.33638021 0.18177581 -0.25883614
v -0.32971353 0.20042732 -0.27593144
v -0.32144300 0.21847261 -0.29319356
v -0.31151442 0.23587822 -0.31059575
v -0.30044022 0.25252821 -0.33219115
v -0.31521031 0.12929821 -0.15322706
v -0.31815291 0.15026181 -0.17655015
v -0.31583011 0.16949191 -0.19253486
v -0.31191331 0.18858031 -0.20876615
v -0.30639982 0.20737661 -0.22523576
v -0.29923801 0.22580331 -0.24193105
v -0.29055711 0.24357061 -0.25883614
v -0.30751631 0.14458461 -0.15322706
v -0.33909951 0.14057891 -0.20876615
v -0.30942922 0.16566321 -0.17655015
v -0.30616832 0.18475270 -0.19253486
v -0.30132112 0.20362472 -0.20876615
v -0.29483911 0.22219322 -0.22523576
v -0.28682762 0.24019040 -0.24193105
v -0.26953610 0.20142760 -0.15322706
v -0.26729112 0.22248351 -0.17655015
v -0.25835761 0.21438660 -0.15322706
v -0.22121661 0.24974970 -0.15322706
v -0.22887561 0.25906140 -0.17655015
v -0.21492292 0.26995230 -0.17655015
v -0.23361442 0.26482100 -0.19253486
v -0.21937492 0.27593640 -0.19253486
v -0.20456052 0.28637141 -0.19253486
v -0.23800132 0.27015130 -0.20876615
v -0.22349632 0.28147441 -0.20876615
v -0.20839582 0.29211131 -0.20876615
v -0.19284122 0.30196101 -0.20876615
v -0.24201461 0.27502610 -0.22523576
v -0.22726711 0.28653911 -0.22523576
v -0.21190382 0.29736140 -0.22523576
v -0.20839582 0.29211131 -0.20876615
v -0.19608732 0.30737701 -0.22523576
v -0.17979862 0.31660451 -0.22523576
v -0.24563242 0.27941871 -0.24193105
v -0.23066662 0.29110280 -0.24193105
v -0.23066662 0.29110280 -0.24193105
v -0.21506532 0.30209300 -0.24193105
v -0.19901293 0.31225801 -0.24193105
v -0.18248112 0.32162320 -0.24193105
v -0.16550972 0.33016591 -0.24193105
v -0.24883331 0.28330312 -0.25883614
v -0.23367472 0.29513841 -0.25883614
v -0.21786171 0.30627811 -0.25883615
v -0.20160063 0.31657522 -0.25883615
v -0.18485392 0.32606221 -0.25883615
v -0.16766182 0.33471601 -0.25883615
v -0.15006582 0.34251580 -0.25883615
v -0.25159702 0.28665451 -0.27593144
v -0.23627213 0.29862031 -0.27593144
v -0.22027512 0.30988992 -0.27593144
v -0.20383383 0.32030111 -0.27593144
v -0.18690163 0.32989320 -0.27593144
v -0.16951912 0.33864290 -0.27593145
v -0.15172812 0.34652902 -0.27593145
v -0.13357172 0.35353273 -0.27593145
v -0.25390442 0.28945001 -0.29319356
v -0.23844122 0.30152441 -0.29319356
v -0.22228892 0.31290382 -0.29319356
v -0.20569733 0.32341020 -0.29319356
v -0.18861033 0.33308992 -0.29319356
v -0.17106882 0.34191961 -0.29319356
v -0.15311522 0.34987783 -0.29319356
v -0.13479283 0.35694562 -0.29319356
v -0.11614562 0.36310583 -0.29319356
v -0.25573881 0.29166921 -0.31059575
v -0.24016611 0.30382982 -0.31059575
v -0.22388851 0.31529781 -0.31059575
v -0.20717753 0.32587972 -0.31059575
v -0.18996752 0.33562921 -0.31059575
v -0.17229983 0.34452230 -0.31059575
v -0.15421712 0.35253793 -0.31059575
v -0.13576282 0.35965650 -0.31059575
v -0.11698143 0.36586103 -0.31059575
v -0.09808442 0.37109483 -0.31059575
v -0.25732842 0.29358662 -0.33219115
v -0.24166163 0.30582142 -0.33219115
v -0.22527222 0.31736862 -0.33219115
v -0.20845793 0.32801603 -0.33219115
v -0.19114163 0.33782572 -0.33219115
v -0.17336472 0.34677393 -0.33219115
v -0.15517023 0.35483892 -0.33219115
v -0.13660183 0.36200151 -0.33219115
v -0.11770443 0.36824442 -0.33219115
v -0.09869325 0.37350992 -0.33219116
v -0.07920771 0.37789263 -0.33219116
v -0.25798653 0.29437712 -0.34486563
v -0.24228123 0.30664242 -0.34486563
v -0.22584363 0.31822382 -0.34486563
v -0.20898673 0.32889822 -0.34486563
v -0.19162642 0.33873281 -0.34486563
v -0.17380452 0.34770361 -0.34486564
v -0.15556383 0.35578920 -0.34486564
v -0.13694833 0.36296991 -0.34486564
v -0.11800302 0.36922861 -0.34486564
v -0.09894516 0.37450712 -0.34486564
v -0.07941435 0.37890020 -0.34486564
v -0.05972238 0.38232172 -0.34486564
v -0.25857512 0.29508402 -0.35631426
v -0.24283543 0.30737661 -0.35631426
v -0.22635463 0.31898863 -0.35631426
v -0.20945962 0.32968721 -0.35631426
v -0.19206002 0.33954401 -0.35631427
v -0.17419772 0.34853514 -0.35631427
v -0.15591583 0.35663900 -0.35631427
v -0.13725822 0.36383600 -0.35631427
v -0.11827003 0.37010893 -0.35631427
v -0.09917045 0.37539892 -0.35631427
v -0.07959924 0.37980123 -0.35631427
v -0.05986114 0.38323103 -0.35631427
v -0.03999050 0.38568521 -0.35631428
v -0.16436841 0.28773661 -0.15322706
v -0.15423651 0.30633061 -0.17655016
v -0.14090372 0.32039662 -0.19253486
v -0.12636821 0.33340039 -0.20876615
v -0.12636821 0.33340039 -0.20876615
v -0.11071942 0.34521802 -0.22523576
v -0.09421087 0.35569329 -0.24193105
v -0.07656962 0.36481759 -0.25883615
v -0.05822856 0.37241060 -0.27593145
v -0.03925845 0.37840372 -0.29319357
v -0.08484956 0.31842751 -0.15322707
v -0.07040320 0.33402890 -0.17655016
v -0.05404935 0.34443539 -0.19253487
v -0.03678679 0.35351922 -0.20876616
v -0.03678679 0.35351922 -0.20876616
v -0.00000004 -0.43098945 -0.40344744
v 0.02023860 -0.43049118 -0.40344744
v -0.00000003 -0.43040127 -0.39612574
v 0.02027896 -0.42984676 -0.39546351
v 0.04041321 -0.42899887 -0.40344745
v 0.04047150 -0.42823707 -0.39408362
v 0.06048671 -0.42651665 -0.40344745
v 0.06048864 -0.42558666 -0.39200114
v 0.08042213 -0.42304867 -0.40344745
v 0.08026826 -0.42191734 -0.38926631
v 0.10016256 -0.41860367 -0.40344745
v 0.09974796 -0.41725616 -0.38594764
v 0.11964336 -0.41319816 -0.40344745
v 0.11887017 -0.41163376 -0.38208755
v 0.13784156 -0.40505127 -0.37839504
v 0.13757957 -0.40508366 -0.37767685
v 0.15577887 -0.39765846 -0.37256992
v 0.15691406 -0.39769447 -0.37839435
v 0.15627836 -0.39743206 -0.37233604
v 0.15671936 -0.39721985 -0.37199733
v 0.15742696 -0.39685116 -0.37114555
v 0.15844696 -0.39625015 -0.36915535
v 0.18545357 -0.38453987 -0.37839413
v 0.18509627 -0.38383717 -0.36858124
v 0.21241137 -0.36860546 -0.36858135
v 0.21196717 -0.36787598 -0.35795074
v 0.23149197 -0.35520878 -0.35795075
v 0.23089497 -0.35434357 -0.34486683
v 0.24961647 -0.34061787 -0.34486683
v 0.24898497 -0.33980618 -0.33219254
v 0.26684727 -0.32507157 -0.33219254
v 0.26520817 -0.32319638 -0.31059744
v 0.28209588 -0.30756287 -0.31059744
v 0.28008048 -0.30550687 -0.29319554
v 0.29593417 -0.28905316 -0.29319554
v 0.29325328 -0.28661378 -0.27593375
v 0.30800696 -0.26943908 -0.27593375
v 0.30463258 -0.26670377 -0.25883864
v 0.31823127 -0.24891197 -0.25883864
v 0.31414668 -0.24597097 -0.24193384
v 0.32654626 -0.22766977 -0.24193384
v 0.32174607 -0.22461378 -0.22523874
v 0.33291429 -0.20591358 -0.22523874
v 0.32740308 -0.20283228 -0.20876934
v 0.33731866 -0.18384468 -0.20876934
v 0.33111089 -0.18082527 -0.19253834
v 0.34616136 -0.16425709 -0.20876934
v 0.33979326 -0.16159248 -0.19253834
v 0.35382089 -0.14432818 -0.20876934
v 0.34730947 -0.14203598 -0.19253834
v 0.35372217 -0.12201128 -0.19253834
v 0.34655717 -0.11994038 -0.17655374
v 0.35170976 -0.09999466 -0.17655374
v 0.34596658 -0.09868472 -0.16482143
v 0.34990678 -0.07880734 -0.16482143
v 0.34382700 -0.07778163 -0.15323093
v 0.34657759 -0.05806049 -0.15323093
v 0.34186109 -0.05753948 -0.14472253
v 0.34345938 -0.03796355 -0.14472253
v 0.33858290 -0.03770530 -0.13629403
v 0.33905428 -0.01834885 -0.13629403
v 0.33403757 -0.01836995 -0.12794453
v 0.33341269 0.00069552 -0.12794452
v 0.32886789 -0.01505427 -0.11968373
v 0.32737940 0.01184430 -0.11968492
v 0.33170050 0.01969423 -0.12794452
v 0.32369360 0.03853741 -0.11968933
v 0.32890669 0.03856423 -0.12794452
v 0.32504019 0.05724398 -0.12794452
v 0.33384638 0.03944039 -0.13629403
v 0.32992189 0.05840069 -0.13629402
v 0.33865469 0.04029326 -0.14472252
v 0.33467359 0.05952663 -0.14472252
v 0.34332689 0.04112198 -0.15323092
v 0.33929086 0.06062070 -0.15323092
v 0.34939779 0.04219881 -0.16482142
v 0.34529047 0.06204232 -0.16482142
v 0.35519807 0.04322761 -0.17655373
v 0.35102258 0.06340054 -0.17655373
v 0.36254178 0.04453019 -0.19253832
v 0.35827989 0.06512018 -0.19253832
v 0.36933866 0.04573578 -0.20876933
v 0.36499696 0.06671181 -0.20876932
v 0.37555577 0.04683852 -0.22523873
v 0.37114087 0.06816764 -0.22523873
v 0.38115868 0.04783235 -0.24193383
v 0.37667806 0.06947967 -0.24193383
v 0.38611459 0.04871138 -0.25883862
v 0.38157555 0.07064016 -0.25883862
v 0.39039158 0.04947000 -0.27593373
v 0.38580227 0.07164169 -0.27593373
v 0.39396046 0.05010303 -0.29319552
v 0.38932927 0.07247741 -0.29319552
v 0.39679527 0.05060585 -0.31059742
v 0.39213078 0.07314123 -0.31059742
v 0.39924747 0.05104081 -0.33219252
v 0.39455418 0.07371546 -0.33219252
v 0.40026016 0.05122044 -0.34486681
v 0.39555496 0.07395259 -0.34486681
v 0.40129528 0.05140403 -0.35795073
v 0.39657787 0.07419499 -0.35795073
v 0.40213627 0.05155320 -0.36858134
v 0.39740894 0.07439192 -0.36858133
v 0.40291256 0.05169091 -0.37839423
v 0.39817615 0.07457371 -0.37839422
v 0.40328605 0.06058429 -0.40344744
v 0.39886924 0.08022815 -0.40344744
v 0.13882736 -0.40684498 -0.40344745
v 0.15767766 -0.39955715 -0.40344745
v 0.17613966 -0.39135574 -0.40344745
v 0.19414526 -0.38227386 -0.40344746
v 0.21282137 -0.36927887 -0.37839424
v 0.21166317 -0.37233208 -0.40344746
v 0.22866306 -0.36155098 -0.40344746
v 0.23242496 -0.35656056 -0.37839424
v 0.24511467 -0.34995117 -0.40344746
v 0.25127066 -0.34274407 -0.37839424
v 0.26098756 -0.33755306 -0.40344746
v 0.26929685 -0.32787415 -0.37839424
v 0.27625147 -0.32437717 -0.40344746
v 0.28644485 -0.31199967 -0.37839424
v 0.29087606 -0.31044407 -0.40344746
v 0.30265877 -0.29517216 -0.37839424
v 0.30481176 -0.29579537 -0.40344746
v 0.31800226 -0.28048956 -0.40344746
v 0.31788566 -0.27744646 -0.37839424
v 0.33042457 -0.26455465 -0.40344746
v 0.33207596 -0.25888056 -0.37839424
v 0.34205627 -0.24801806 -0.40344746
v 0.34518326 -0.23953497 -0.37839424
v 0.35286327 -0.23092646 -0.40344746
v 0.35716488 -0.21947266 -0.37839424
v 0.36281047 -0.21333626 -0.40344746
v 0.36798187 -0.19875907 -0.37839424
v 0.37188117 -0.19527947 -0.40344746
v 0.37760246 -0.17745288 -0.37839424
v 0.38005824 -0.17678797 -0.40344746
v 0.38731357 -0.15792556 -0.40344745
v 0.38598415 -0.15565036 -0.37839424
v 0.39362255 -0.13876526 -0.40344745
v 0.39311096 -0.13339587 -0.37839424
v 0.39897815 -0.11934297 -0.40344745
v 0.39895576 -0.11077077 -0.37839424
v 0.40337367 -0.09969423 -0.40344745
v 0.40349956 -0.08784890 -0.37839424
v 0.40680187 -0.07985483 -0.40344745
v 0.40672744 -0.06470506 -0.37839424
v 0.40925605 -0.05986047 -0.40344745
v 0.40862896 -0.04141471 -0.37839423
v 0.41072925 -0.03974684 -0.40344745
v 0.40919796 -0.01805379 -0.37839423
v 0.41121444 -0.01954967 -0.40344745
v 0.41070716 0.00064607 -0.40344745
v 0.40843246 0.00530152 -0.37839423
v 0.40921207 0.02075749 -0.40344744
v 0.40633506 0.02857505 -0.37839423
v 0.40673606 0.04074882 -0.40344744
v 0.39214126 0.09714883 -0.37839422
v 0.39349246 0.09964462 -0.40344744
v 0.38482757 0.11934263 -0.37839422
v 0.38716266 0.11879793 -0.40344743
v 0.37988696 0.13765202 -0.40344743
v 0.37625885 0.14108283 -0.37839422
v 0.37169624 0.15612082 -0.40344743
v 0.36646316 0.16229832 -0.37839421
v 0.36262485 0.17413392 -0.40344743
v 0.35547237 0.18292023 -0.37839421
v 0.35269287 0.19166112 -0.40344743
v 0.34332237 0.20288102 -0.37839421
v 0.34192028 0.20867203 -0.40344742
v 0.33005275 0.22211573 -0.37839421
v 0.33032707 0.22513632 -0.40344742
v 0.31570686 0.24056162 -0.37839420
v 0.31793325 0.24102372 -0.40344742
v 0.30475885 0.25630383 -0.40344742
v 0.30033136 0.25815852 -0.37839420
v 0.29082447 0.27094573 -0.40344741
v 0.28397646 0.27484902 -0.37839420
v 0.27619526 0.28487822 -0.40344741
v 0.25909647 0.29695042 -0.37839419
v 0.26092645 0.29805333 -0.40344741
v 0.24504806 0.31045052 -0.40344741
v 0.23250267 0.31695702 -0.37839419
v 0.22859016 0.32204943 -0.40344740
v 0.21158296 0.33282973 -0.40344740
v 0.20437117 0.33473643 -0.37839419
v 0.19405657 0.34277083 -0.40344740
v 0.17488796 0.35017122 -0.37839418
v 0.17604086 0.35185252 -0.40344740
v 0.15730887 0.35798132 -0.37839418
v 0.15756736 0.36005381 -0.40344740
v 0.13938216 0.36495684 -0.37839418
v 0.13871146 0.36733801 -0.40344739
v 0.12114746 0.37108202 -0.37839418
v 0.11953016 0.37368391 -0.40344739
v 0.10264507 0.37634363 -0.37839418
v 0.10005866 0.37908041 -0.40344739
v 0.07734673 0.38205011 -0.37839417
v 0.08033263 0.38351652 -0.40344739
v 0.06041600 0.38697722 -0.40344739
v 0.05173803 0.38614264 -0.37839417
v 0.04036444 0.38945383 -0.40344738
v 0.02591991 0.38860483 -0.37839417
v 0.02021381 0.39094252 -0.40344738
v -0.00000003 0.39143954 -0.40344738
v 0.02587005 0.38781794 -0.36858128
v -0.00000004 0.38573183 -0.33250687
v 0.02581627 0.38696550 -0.35795067
v 0.02575002 0.38591642 -0.34486676
v 0.05153024 0.38451330 -0.35795067
v 0.05139723 0.38347051 -0.34486676
v 0.07703628 0.38043722 -0.35795068
v 0.07683758 0.37940492 -0.34486676
v 0.10223307 0.37475351 -0.35795068
v 0.10196937 0.37373590 -0.34486676
v 0.12066126 0.36951311 -0.35795068
v 0.12034997 0.36850901 -0.34486677
v 0.13882266 0.36341253 -0.35795068
v 0.13846467 0.36242411 -0.34486677
v 0.15667747 0.35646502 -0.35795069
v 0.15627326 0.35549463 -0.34486677
v 0.17418597 0.34868612 -0.35795069
v 0.17373667 0.34773580 -0.34486677
v 0.20355076 0.33331343 -0.35795069
v 0.20302576 0.33240271 -0.34486678
v 0.23156937 0.31560532 -0.35795069
v 0.23097206 0.31474031 -0.34486678
v 0.25805636 0.29567911 -0.35795070
v 0.25739077 0.29486542 -0.34486678
v 0.28283657 0.27366642 -0.35795070
v 0.28210707 0.27290953 -0.34486679
v 0.29912586 0.25704283 -0.35795071
v 0.29835426 0.25632881 -0.34486679
v 0.31443956 0.23951662 -0.35795071
v 0.31362856 0.23884783 -0.34486679
v 0.32872787 0.22114472 -0.35795071
v 0.32787994 0.22052332 -0.34486680
v 0.34194427 0.20198723 -0.35795071
v 0.34106228 0.20141522 -0.34486680
v 0.35404545 0.18210652 -0.35795072
v 0.35313225 0.18158583 -0.34486680
v 0.36499218 0.16156752 -0.35795072
v 0.36405067 0.16109982 -0.34486680
v 0.37474846 0.14043712 -0.35795072
v 0.37378185 0.14002383 -0.34486681
v 0.38328277 0.11878422 -0.35795072
v 0.38229416 0.11842682 -0.34486681
v 0.39056717 0.09667948 -0.35795073
v 0.38955975 0.09637910 -0.34486681
v 0.02568550 0.38489000 -0.33219246
v -0.00000003 0.38378770 -0.31476406
v 0.02552811 0.38240453 -0.31059737
v -0.00000003 0.38103292 -0.29701287
v 0.02534471 0.37953123 -0.29319546
v -0.00000002 0.37746812 -0.27925976
v 0.02511516 0.37591390 -0.27593367
v -0.00000002 0.37309442 -0.26150927
v 0.02484005 0.37157891 -0.25883856
v -0.00000002 0.36791360 -0.24376427
v 0.02452117 0.36655580 -0.24193377
v -0.00000002 0.36192742 -0.22602677
v 0.02416097 0.36087670 -0.22523867
v -0.00000002 0.35513741 -0.20829697
v 0.02376012 0.35457539 -0.20876927
v 0.02332633 0.34768609 -0.19253827
v 0.04742680 0.35231839 -0.20876928
v 0.04655304 0.34547070 -0.19253827
v 0.07090160 0.34856690 -0.20876928
v 0.06959693 0.34178822 -0.19253828
v 0.09409192 0.34333581 -0.20876928
v 0.09236035 0.33665353 -0.19253828
v 0.11105258 0.33851281 -0.20876928
v 0.10900888 0.33191911 -0.19253828
v 0.12776778 0.33289792 -0.20876928
v 0.12541648 0.32640759 -0.19253828
v 0.14420068 0.32650372 -0.20876929
v 0.14154688 0.32013112 -0.19253828
v 0.16031488 0.31934430 -0.20876929
v 0.15736458 0.31310351 -0.19253829
v 0.18734138 0.30519582 -0.20876929
v 0.18389368 0.29921531 -0.19253829
v 0.21312868 0.28889781 -0.20876929
v 0.20920648 0.28321730 -0.19253829
v 0.23750648 0.27055841 -0.20876930
v 0.23313558 0.26521531 -0.19253830
v 0.26031328 0.25029861 -0.20876930
v 0.25552278 0.24532842 -0.19253830
v 0.27530538 0.23499890 -0.20876930
v 0.27023887 0.23031020 -0.19253830
v 0.28939968 0.21886830 -0.20876931
v 0.28407377 0.21447652 -0.19253830
v 0.30255018 0.20195941 -0.20876931
v 0.29698228 0.19787881 -0.19253831
v 0.31471408 0.18432752 -0.20876931
v 0.30892227 0.18057141 -0.19253831
v 0.32585157 0.16603002 -0.20876931
v 0.31985488 0.16261062 -0.19253831
v 0.33592649 0.14712652 -0.20876932
v 0.32974439 0.14405502 -0.19253831
v 0.34490598 0.12767882 -0.20876932
v 0.33855859 0.12496521 -0.19253832
v 0.35276067 0.10775021 -0.20876932
v 0.34626878 0.10540342 -0.19253832
v 0.35946489 0.08740579 -0.20876932
v 0.35284959 0.08543334 -0.19253832
v -0.00000002 0.34754452 -0.19057427
v 0.02285595 0.34024281 -0.17655368
v 0.04560947 0.33807232 -0.17655368
v 0.06818725 0.33446442 -0.17655368
v 0.09048949 0.32943360 -0.17655369
v 0.10680079 0.32479519 -0.17655369
v 0.12287598 0.31939530 -0.17655369
v 0.13867978 0.31324601 -0.17655369
v 0.15417698 0.30636071 -0.17655369
v 0.18016878 0.29275380 -0.17655370
v 0.20496878 0.27707991 -0.17655370
v 0.22841318 0.25944251 -0.17655370
v 0.25034689 0.23995841 -0.17655371
v 0.26476497 0.22524451 -0.17655371
v 0.27831959 0.20973151 -0.17655371
v 0.29096668 0.19347001 -0.17655371
v 0.30266477 0.17651320 -0.17655372
v 0.31337587 0.15891621 -0.17655372
v 0.32306509 0.14073651 -0.17655372
v 0.33170076 0.12203331 -0.17655372
v 0.33925466 0.10286781 -0.17655373
v 0.34570226 0.08330224 -0.17655373
v -0.00000002 0.33914822 -0.17285487
v 0.02247730 0.33436390 -0.16482137
v 0.04486619 0.33222882 -0.16482137
v 0.06707357 0.32867981 -0.16482137
v 0.08901183 0.32373120 -0.16482138
v 0.10505678 0.31916850 -0.16482138
v 0.12086949 0.31385680 -0.16482138
v 0.13641518 0.30780791 -0.16482138
v 0.15165939 0.30103501 -0.16482138
v 0.17722668 0.28765031 -0.16482139
v 0.20162169 0.27223231 -0.16482139
v 0.22468328 0.25488301 -0.16482139
v 0.24625877 0.23571711 -0.16482140
v 0.26044147 0.22124341 -0.16482140
v 0.27377478 0.20598370 -0.16482140
v 0.28621528 0.18998780 -0.16482140
v 0.29772238 0.17330790 -0.16482141
v 0.30825868 0.15599821 -0.16482141
v 0.31778957 0.13811541 -0.16482141
v 0.32628420 0.11971771 -0.16482141
v 0.33371488 0.10086501 -0.16482141
v 0.34005716 0.08161903 -0.16482142
v -0.00000001 0.32994721 -0.15513467
v 0.02208127 0.32821061 -0.15323087
v 0.04408813 0.32611252 -0.15323087
v 0.06590792 0.32262520 -0.15323087
v 0.08746520 0.31776261 -0.15323088
v 0.10323128 0.31327921 -0.15323088
v 0.11876938 0.30805981 -0.15323088
v 0.13404489 0.30211590 -0.15323088
v 0.14902418 0.29546080 -0.15323088
v 0.17414728 0.28230870 -0.15323089
v 0.19811848 0.26715861 -0.15323089
v 0.22077929 0.25011071 -0.15323089
v 0.24197989 0.23127782 -0.15323090
v 0.25591608 0.21705561 -0.15323090
v 0.26901777 0.20206111 -0.15323090
v 0.28124208 0.18634311 -0.15323090
v 0.29254929 0.16995301 -0.15323091
v 0.30290249 0.15294411 -0.15323091
v 0.31226787 0.13537201 -0.15323091
v 0.32061487 0.11729391 -0.15323091
v 0.32791639 0.09876889 -0.15323091
v 0.33414846 0.07985725 -0.15323092
v 0.02178038 0.32347489 -0.14472247
v -0.00000002 0.31994150 -0.13741347
v 0.02147359 0.31860140 -0.13629398
v 0.02115575 0.31359471 -0.12794447
v 0.04287014 0.31656130 -0.13629398
v 0.04223585 0.31158480 -0.12794448
v 0.06408805 0.31317030 -0.13629398
v 0.06313978 0.30824400 -0.12794448
v 0.08504999 0.30844200 -0.13629398
v 0.08379156 0.30358561 -0.12794448
v 0.10038079 0.30408240 -0.13629399
v 0.09889549 0.29929051 -0.12794448
v 0.11548969 0.29900710 -0.13629399
v 0.11378089 0.29429030 -0.12794448
v 0.13034338 0.29322741 -0.13629399
v 0.12841479 0.28859610 -0.12794448
v 0.14490908 0.28675600 -0.13629399
v 0.14276498 0.28222041 -0.12794449
v 0.16933838 0.27396700 -0.13629399
v 0.16683289 0.26962080 -0.12794449
v 0.19264769 0.25923531 -0.13629400
v 0.18979718 0.25510701 -0.12794449
v 0.21468279 0.24265820 -0.13629400
v 0.21150629 0.23877511 -0.12794450
v 0.23529799 0.22434531 -0.13629400
v 0.23181649 0.22073321 -0.12794450
v 0.24884937 0.21051581 -0.13629401
v 0.24516728 0.20710841 -0.12794450
v 0.26158919 0.19593541 -0.13629401
v 0.25771868 0.19274371 -0.12794450
v 0.27347599 0.18065140 -0.13629401
v 0.26942959 0.17768591 -0.12794451
v 0.28447098 0.16471390 -0.13629401
v 0.28026188 0.16198411 -0.12794451
v 0.29453829 0.14817470 -0.13629401
v 0.29018019 0.14568970 -0.12794451
v 0.30364498 0.13108781 -0.13629402
v 0.29915218 0.12885561 -0.12794451
v 0.31176159 0.11350900 -0.13629402
v 0.30714869 0.11153681 -0.12794451
v 0.31886139 0.09549547 -0.13629402
v 0.31414349 0.09378989 -0.12794452
v 0.32492140 0.07710604 -0.13629402
v 0.32011377 0.07567256 -0.12794452
v -0.00000001 0.30912781 -0.11968578
v 0.02692026 0.30802281 -0.11968268
v 0.05366136 0.30471810 -0.11967968
v 0.08003970 0.29923849 -0.11968278
v 0.10587959 0.29161949 -0.11968588
v 0.13098798 0.28191811 -0.11968428
v 0.15519868 0.27020710 -0.11968329
v 0.17838988 0.25654579 -0.11968250
v 0.20040898 0.24101801 -0.11968460
v 0.22107989 0.22374091 -0.11968400
v 0.24026978 0.20482771 -0.11968180
v 0.25784289 0.18441510 -0.11968421
v 0.27368899 0.16262930 -0.11968571
v 0.28769737 0.13961530 -0.11968221
v 0.29977259 0.11553911 -0.11967971
v 0.30984247 0.09055496 -0.11968292
v 0.31783379 0.06483357 -0.11968552
v 0.33357309 -0.03744000 -0.12794453
v 0.32815249 -0.04198799 -0.11968733
v 0.33202089 -0.05645244 -0.12794453
v 0.32523138 -0.06876985 -0.11968303
v 0.32938578 -0.07534528 -0.12794453
v 0.32012949 -0.09522661 -0.11968173
v 0.32567659 -0.09405690 -0.12794453
v 0.32090540 -0.11252629 -0.12794453
v 0.32572489 -0.11391928 -0.13629404
v 0.31981977 -0.13235899 -0.13629404
v 0.32442610 -0.13398049 -0.14472254
v 0.31290628 -0.15034889 -0.13629404
v 0.31741178 -0.15223238 -0.14472254
v 0.30490337 -0.16807808 -0.13629404
v 0.30929478 -0.17021409 -0.14472254
v 0.30020308 -0.18762419 -0.14472254
v 0.30434479 -0.18993988 -0.15323093
v 0.29413498 -0.20703518 -0.15323093
v 0.29933618 -0.21034649 -0.16482143
v 0.28796968 -0.22712269 -0.16482143
v 0.29275018 -0.23056479 -0.17655375
v 0.28024038 -0.24693209 -0.17655375
v 0.28603437 -0.25162847 -0.19253834
v 0.27233318 -0.26757797 -0.19253834
v 0.27743888 -0.27222387 -0.20876934
v 0.26257608 -0.28764917 -0.20876934
v 0.26699598 -0.29215827 -0.22523875
v 0.25101228 -0.30695497 -0.22523874
v 0.25475717 -0.31123947 -0.24193384
v 0.23770417 -0.32530649 -0.24193384
v 0.24079476 -0.32927896 -0.25883864
v 0.22273488 -0.34251947 -0.25883864
v 0.22520207 -0.34609456 -0.27593374
v 0.20620767 -0.35841767 -0.27593374
v 0.20809277 -0.36151337 -0.29319553
v 0.18133286 -0.37643475 -0.29319553
v 0.18263766 -0.37900117 -0.31059744
v 0.16661427 -0.38533238 -0.30244453
v 0.16474538 -0.38891747 -0.32013374
v 0.31288138 -0.12116789 -0.11967984
v 0.31508768 -0.13069318 -0.12794453
v 0.30827759 -0.14841399 -0.12794453
v 0.30039189 -0.16588379 -0.12794453
v 0.29594069 -0.18524098 -0.13629404
v 0.29013227 -0.20448689 -0.14472254
v 0.28296608 -0.22351988 -0.15323093
v 0.27566418 -0.24322268 -0.16482143
v 0.26681679 -0.26255848 -0.17655375
v 0.25774377 -0.28271948 -0.19253834
v 0.24685688 -0.30220098 -0.20876934
v 0.23420997 -0.32081518 -0.22523874
v 0.21987598 -0.33837709 -0.24193384
v 0.20394857 -0.35470758 -0.25883864
v 0.17969018 -0.37320367 -0.27593374
v 0.16827268 -0.38096158 -0.28489014
v 0.30353708 -0.14643259 -0.11968544
v 0.29215849 -0.17084469 -0.11969153
v 0.29156189 -0.18279269 -0.12794453
v 0.27881418 -0.19425198 -0.11969394
v 0.28178099 -0.19916998 -0.12794453
v 0.27108109 -0.21496239 -0.12794454
v 0.27515238 -0.21789378 -0.13629404
v 0.26339459 -0.23327719 -0.13629404
v 0.26718819 -0.23635218 -0.14472254
v 0.25438978 -0.25125088 -0.14472254
v 0.25789938 -0.25444439 -0.15323093
v 0.24408329 -0.26878328 -0.15323093
v 0.24839937 -0.27318647 -0.16482143
v 0.23352888 -0.28695257 -0.16482143
v 0.23740568 -0.29138788 -0.17655375
v 0.22151419 -0.30449678 -0.17655375
v 0.22609388 -0.31038328 -0.19253834
v 0.20913658 -0.32281549 -0.19253834
v 0.21305748 -0.32849699 -0.20876934
v 0.19508749 -0.34015546 -0.20876934
v 0.19837127 -0.34554838 -0.22523874
v 0.17286148 -0.35977258 -0.22523874
v 0.17544048 -0.36484498 -0.24193384
v 0.16943567 -0.36450788 -0.23291035
v 0.16985687 -0.37043908 -0.25011925
v 0.26359738 -0.21648789 -0.11969374
v 0.25949728 -0.23011809 -0.12794454
v 0.25077778 -0.24796429 -0.13629404
v 0.24076168 -0.26539469 -0.14472254
v 0.22947128 -0.28231018 -0.15323093
v 0.21789698 -0.29984737 -0.16482143
v 0.20490028 -0.31667707 -0.17655374
v 0.19149717 -0.33425947 -0.19253834
v 0.16787079 -0.35264089 -0.20317474
v 0.16999988 -0.35414419 -0.20876934
v 0.24661019 -0.23740118 -0.11968684
v 0.24706728 -0.24458788 -0.12794454
v 0.23734328 -0.26190728 -0.13629404
v 0.23734328 -0.26190728 -0.13629404
v 0.22634848 -0.27873749 -0.14472254
v 0.21411089 -0.29498098 -0.15323093
v 0.20155437 -0.31182878 -0.16482143
v 0.18761827 -0.32788927 -0.17655374
v 0.16634798 -0.33865888 -0.17435373
v 0.22796978 -0.25685439 -0.11968453
v 0.23383148 -0.25832459 -0.12794454
v 0.22313469 -0.27506068 -0.13629404
v 0.21119719 -0.29123579 -0.14472254
v 0.19805227 -0.30675428 -0.15323093
v 0.18455448 -0.32285788 -0.16482143
v 0.21983319 -0.27128338 -0.12794453
v 0.20780228 -0.27471648 -0.11968524
v 0.20511788 -0.28342198 -0.12794453
v 0.18624638 -0.29086459 -0.11968593
v 0.18973378 -0.29470078 -0.12794453
v 0.17373099 -0.30508299 -0.12794453
v 0.17634018 -0.30936789 -0.13629404
v 0.16486868 -0.32277720 -0.14650863
v 0.17887999 -0.31353888 -0.14472254
v 0.18134789 -0.31759169 -0.15323093
v 0.19535708 -0.30284887 -0.14472254
v 0.16343348 -0.30519839 -0.11968564
v 0.17772147 -0.36933148 -0.25883873
v 0.16941777 -0.37595906 -0.26744974
v 0.18376637 -0.38122117 -0.33219253
v 0.16323416 -0.39146866 -0.33802044
v 0.18423256 -0.38213807 -0.34486675
v 0.16142407 -0.39383278 -0.35600494
v 0.18470917 -0.38307556 -0.35795063
v 0.15978497 -0.39530995 -0.36486885
v 0.21142037 -0.36697808 -0.34486683
v 0.21088547 -0.36609967 -0.33219254
v 0.20959017 -0.36397248 -0.31059744
v 0.20133087 -0.35040868 -0.24193384
v 0.23197716 -0.35591168 -0.36858135
v 0.25026207 -0.34144757 -0.35795075
v 0.26752407 -0.32584595 -0.34486683
v 0.28383927 -0.30934147 -0.33219254
v 0.29806357 -0.29099088 -0.31059744
v 0.31082276 -0.27172137 -0.29319554
v 0.32175626 -0.25145007 -0.27593375
v 0.33079205 -0.23037288 -0.25883864
v 0.33788106 -0.20869068 -0.24193384
v 0.34299668 -0.18660648 -0.22523874
v 0.35198579 -0.16669498 -0.22523874
v 0.35977677 -0.14642478 -0.22523874
v 0.36035386 -0.12392808 -0.20876934
v 0.35898137 -0.10165319 -0.19253833
v 0.35571546 -0.07978733 -0.17655374
v 0.35270597 -0.05873747 -0.16482143
v 0.34819788 -0.03821448 -0.15323093
v 0.34393766 -0.01832831 -0.14472253
v 0.33842009 0.00100295 -0.13629403
v 0.23031077 -0.35349705 -0.33219254
v 0.22889617 -0.35144726 -0.31059744
v 0.22726086 -0.34907765 -0.29319554
v 0.21664388 -0.33369359 -0.22523874
v 0.19258328 -0.29882969 -0.13629404
v 0.20819849 -0.28738158 -0.13629404
v 0.25078646 -0.34212178 -0.36858135
v 0.26821587 -0.32663746 -0.35795075
v 0.28455916 -0.31007597 -0.34486683
v 0.29990566 -0.29266698 -0.33219254
v 0.31305937 -0.27353436 -0.31059744
v 0.32469765 -0.25356797 -0.29319554
v 0.33445626 -0.23270557 -0.27593375
v 0.34227418 -0.21114698 -0.25883864
v 0.34811398 -0.18909547 -0.24193384
v 0.35723466 -0.16889288 -0.24193384
v 0.36514436 -0.14831428 -0.24193384
v 0.36641969 -0.12568118 -0.22523874
v 0.36571157 -0.10318828 -0.20876934
v 0.36306989 -0.08102806 -0.19253833
v 0.35856119 -0.05938427 -0.17655374
v 0.35435499 -0.03854055 -0.16482143
v 0.34868269 -0.01830835 -0.15323092
v 0.34329428 0.00130221 -0.14472253
v 0.33668219 0.02028700 -0.13629403
v 0.24745566 -0.33784047 -0.31059744
v 0.24568778 -0.33556806 -0.29319554
v 0.24346208 -0.33270738 -0.27593374
v 0.23033277 -0.31583168 -0.20876934
v 0.26877796 -0.32728058 -0.36858135
v 0.28529507 -0.31082667 -0.35795075
v 0.30066637 -0.29335917 -0.34486683
v 0.31499407 -0.27510257 -0.33219254
v 0.32703408 -0.25525027 -0.31059744
v 0.33751378 -0.23465217 -0.29319554
v 0.34606557 -0.21326677 -0.27593374
v 0.35264008 -0.19129697 -0.25883864
v 0.36187688 -0.17083778 -0.25883864
v 0.36989198 -0.14998558 -0.25883863
v 0.37188638 -0.12726127 -0.24193384
v 0.37186757 -0.10459238 -0.22523874
v 0.36987676 -0.08217645 -0.20876934
v 0.36597436 -0.06020319 -0.19253833
v 0.36023748 -0.03885206 -0.17655374
v 0.35484838 -0.01828242 -0.16482142
v 0.34803049 0.00159300 -0.15323092
v 0.34153139 0.02086400 -0.14472252
v 0.26331347 -0.32102868 -0.29319554
v 0.26092816 -0.31829967 -0.27593375
v 0.25806947 -0.31502908 -0.25883864
v 0.24231397 -0.29700338 -0.19253834
v 0.28589296 -0.31143656 -0.36858135
v 0.30144386 -0.29406666 -0.35795075
v 0.31579306 -0.27575026 -0.34486683
v 0.32905518 -0.25670558 -0.33219254
v 0.33994248 -0.23619838 -0.31059744
v 0.34922928 -0.21503568 -0.29319554
v 0.35654637 -0.19319698 -0.27593374
v 0.36588288 -0.17251718 -0.27593374
v 0.37398926 -0.15142787 -0.27593374
v 0.37672158 -0.12865878 -0.25883863
v 0.37741559 -0.10585778 -0.24193384
v 0.37610288 -0.08322685 -0.22523874
v 0.37283567 -0.06096114 -0.20876933
v 0.36768537 -0.03924647 -0.19253833
v 0.36073907 -0.01825764 -0.17655374
v 0.35418459 0.00197084 -0.16482142
v 0.34624319 0.02142467 -0.15323092
v 0.27754327 -0.30291837 -0.27593375
v 0.27450257 -0.29981637 -0.25883864
v 0.27097928 -0.29622198 -0.24193384
v 0.25252298 -0.27739328 -0.17655375
v 0.30207565 -0.29464146 -0.36858135
v 0.31660967 -0.27641217 -0.35795075
v 0.32988987 -0.25730656 -0.34486683
v 0.34204327 -0.23753587 -0.33219254
v 0.34204327 -0.23753587 -0.33219254
v 0.35174218 -0.21644067 -0.31059744
v 0.35980576 -0.19478227 -0.29319554
v 0.36922505 -0.17391967 -0.29319553
v 0.37740818 -0.15263148 -0.29319553
v 0.38089455 -0.12986488 -0.27593374
v 0.38232266 -0.10697697 -0.25883863
v 0.38171395 -0.08417349 -0.24193384
v 0.37911157 -0.06165442 -0.22523874
v 0.37457875 -0.03961153 -0.20876933
v 0.36819738 -0.01822627 -0.19253833
v 0.36006429 0.00233184 -0.17655373
v 0.35236578 0.02215319 -0.16482142
v 0.29004046 -0.28369037 -0.25883864
v 0.28631778 -0.28030307 -0.24193384
v 0.28210897 -0.27647327 -0.22523875
v 0.26245977 -0.25859398 -0.16482143
v 0.31727316 -0.27695006 -0.36858135
v 0.33074295 -0.25792077 -0.35795075
v 0.34291084 -0.23808827 -0.34486683
v 0.35391598 -0.21765607 -0.33219254
v 0.36239487 -0.19604158 -0.31059744
v 0.37187935 -0.17503497 -0.31059744
v 0.38012387 -0.15358737 -0.31059744
v 0.38437657 -0.13087138 -0.29319553
v 0.38655766 -0.10794298 -0.27593374
v 0.38667699 -0.08501081 -0.25883863
v 0.38476758 -0.06227923 -0.24193384
v 0.38088399 -0.03994543 -0.22523874
v 0.37510038 -0.01819722 -0.20876933
v 0.36750856 0.00278889 -0.19253833
v 0.35821527 0.02284923 -0.17655373
v 0.30072257 -0.26353448 -0.24193384
v 0.29630197 -0.25995117 -0.22523875
v 0.29139697 -0.25597528 -0.20876934
v 0.27087439 -0.23934008 -0.15323093
v 0.33143604 -0.25841986 -0.36858135
v 0.34379764 -0.23865277 -0.35795075
v 0.35481365 -0.21815797 -0.34486683
v 0.36463448 -0.19713097 -0.33219254
v 0.37417435 -0.17600217 -0.33219254
v 0.38247307 -0.15441437 -0.33219253
v 0.38714245 -0.13167077 -0.31059744
v 0.39009148 -0.10874897 -0.29319553
v 0.39096028 -0.08573343 -0.27593374
v 0.38977036 -0.06283187 -0.25883863
v 0.38656648 -0.04024636 -0.24193383
v 0.38141439 -0.01817066 -0.22523873
v 0.37439866 0.00321194 -0.20876933
v 0.36562127 0.02373047 -0.19253833
v 0.30952878 -0.24264587 -0.22523875
v 0.30440477 -0.23895649 -0.20876934
v 0.29880277 -0.23492277 -0.19253834
v 0.27911537 -0.22074719 -0.14472254
v 0.34451816 -0.23911147 -0.36858135
v 0.35573128 -0.21867106 -0.35795075
v 0.36555935 -0.19758076 -0.34486683
v 0.37512165 -0.17640298 -0.34486683
v 0.38344315 -0.15475587 -0.34486683
v 0.38953507 -0.13236227 -0.33219253
v 0.39289845 -0.10938917 -0.31059744
v 0.39453438 -0.08633641 -0.29319553
v 0.39408787 -0.06330881 -0.27593374
v 0.39159268 -0.04051253 -0.25883863
v 0.38710477 -0.01814673 -0.24193383
v 0.38070088 0.00359887 -0.22523873
v 0.37247598 0.02454613 -0.20876933
v 0.31641988 -0.22122278 -0.20876934
v 0.31059679 -0.21751558 -0.19253834
v 0.30430528 -0.21351008 -0.17655375
v 0.28601288 -0.20186428 -0.13629404
v 0.35647674 -0.21908787 -0.36858135
v 0.36650467 -0.19804066 -0.35795075
v 0.37608974 -0.17681268 -0.35795074
v 0.38443477 -0.15510497 -0.35795074
v 0.39052307 -0.13264787 -0.34486683
v 0.39532665 -0.10994297 -0.33219253
v 0.39737328 -0.08681535 -0.31059744
v 0.39769055 -0.06370678 -0.29319553
v 0.39593037 -0.04074224 -0.27593374
v 0.39213788 -0.01812556 -0.25883863
v 0.38638059 0.00394759 -0.24193383
v 0.37874589 0.02529218 -0.22523873
v 0.32137788 -0.19946339 -0.19253834
v 0.31486808 -0.19582369 -0.17655375
v 0.30972637 -0.19294888 -0.16482143
v 0.36727276 -0.19841427 -0.36858135
v 0.37687637 -0.17714556 -0.36858135
v 0.38524048 -0.15538857 -0.36858135
v 0.39153297 -0.13293977 -0.35795074
v 0.39632934 -0.11017167 -0.34486683
v 0.39982906 -0.08722967 -0.33219253
v 0.40055218 -0.06402291 -0.31059743
v 0.39954987 -0.04093391 -0.29319553
v 0.39648156 -0.01810729 -0.27593373
v 0.39140439 0.00425603 -0.25883862
v 0.38439649 0.02596455 -0.24193383
v 0.32440397 -0.17756308 -0.17655374
v 0.31910658 -0.17498648 -0.16482143
v 0.31356197 -0.17228958 -0.15323093
v 0.39235347 -0.13317687 -0.36858135
v 0.39735428 -0.11040547 -0.35795074
v 0.40084328 -0.08740076 -0.34486682
v 0.40302765 -0.06429636 -0.33219253
v 0.40242485 -0.04108617 -0.31059743
v 0.40010617 -0.01809204 -0.29319553
v 0.39573998 0.00452222 -0.27593373
v 0.38939439 0.02655926 -0.25883862
v 0.33291269 -0.15871429 -0.17655374
v 0.32747808 -0.15644139 -0.16482143
v 0.32178968 -0.15406278 -0.15323093
v 0.34027437 -0.13955948 -0.17655374
v 0.33471788 -0.13760349 -0.16482143
v 0.32890199 -0.13555608 -0.15323093
v 0.34089807 -0.11830469 -0.16482143
v 0.33497476 -0.11659269 -0.15323093
v 0.33041628 -0.11527519 -0.14472253
v 0.39818706 -0.11059537 -0.36858135
v 0.40187984 -0.08757565 -0.35795074
v 0.40404995 -0.06440929 -0.34486682
v 0.40491188 -0.04121787 -0.33219253
v 0.40298527 -0.01807993 -0.31059743
v 0.39935765 0.00474434 -0.29319552
v 0.39370766 0.02707250 -0.27593373
v 0.33995519 -0.09731363 -0.15323093
v 0.33532888 -0.09625843 -0.14472253
v 0.33056780 -0.09517250 -0.13629404
v 0.40272205 -0.08771774 -0.36858135
v 0.40509475 -0.06452471 -0.35795074
v 0.40593895 -0.04127227 -0.34486682
v 0.40547565 -0.01806945 -0.33219253
v 0.40223137 0.00492078 -0.31059743
v 0.39730687 0.02750077 -0.29319552
v 0.33914808 -0.07699225 -0.14472253
v 0.33433268 -0.07617986 -0.13629403
v 0.40594375 -0.06461849 -0.36858135
v 0.40698868 -0.04132785 -0.35795074
v 0.40650417 -0.01806512 -0.34486682
v 0.40471718 0.00507340 -0.33219252
v 0.40016575 0.02784095 -0.31059743
v 0.33700727 -0.05700328 -0.13629403
v 0.40784164 -0.04137302 -0.36858134
v 0.40755535 -0.01806070 -0.35795074
v 0.40574375 0.00513644 -0.34486682
v 0.40263886 0.02813522 -0.33219252
v 0.40840957 -0.01805711 -0.36858134
v 0.40679294 0.00520086 -0.35795073
v 0.40366016 0.02825676 -0.34486682
v 0.40764557 0.00525320 -0.36858134
v 0.40470398 0.02838097 -0.35795073
v 0.40555217 0.02848189 -0.36858134
v 0.39138565 0.09692356 -0.36858133
v 0.38408607 0.11907463 -0.36858133
v 0.37553386 0.14077283 -0.36858133
v 0.36575706 0.16194752 -0.36858133
v 0.35478744 0.18252963 -0.36858132
v 0.34266086 0.20245202 -0.36858132
v 0.32941685 0.22164963 -0.36858132
v 0.31509855 0.24006003 -0.36858132
v 0.29975265 0.25762303 -0.36858131
v 0.28342926 0.27428131 -0.36858131
v 0.25859716 0.29634022 -0.36858131
v 0.23205465 0.31630821 -0.36858130
v 0.20397736 0.33405340 -0.36858130
v 0.17455095 0.34945833 -0.36858129
v 0.15700576 0.35725351 -0.36858129
v 0.13911367 0.36421553 -0.36858129
v 0.12091406 0.37032904 -0.36858129
v 0.10244736 0.37558043 -0.36858129
v 0.07719770 0.38127592 -0.36858128
v 0.05163832 0.38536062 -0.36858128
v 0.38857418 0.09608525 -0.33219252
v 0.38132698 0.11807712 -0.33219251
v 0.37283627 0.13961952 -0.33219251
v 0.36312958 0.16064213 -0.33219251
v 0.35223877 0.18107641 -0.33219251
v 0.34019936 0.20085562 -0.33219250
v 0.32705048 0.21991531 -0.33219250
v 0.31283507 0.23819342 -0.33219250
v 0.29759947 0.25563032 -0.33219250
v 0.28139326 0.27216892 -0.33219249
v 0.25673956 0.29406942 -0.33219249
v 0.23038777 0.31389402 -0.33219249
v 0.20251217 0.33151163 -0.33219248
v 0.17329707 0.34680593 -0.33219248
v 0.15587797 0.35454511 -0.33219248
v 0.13811427 0.36145712 -0.33219247
v 0.12004547 0.36752661 -0.33219247
v 0.10171137 0.37274030 -0.33219247
v 0.07664321 0.37839491 -0.33219247
v 0.05126702 0.38245023 -0.33219247
v 0.38618748 0.09537361 -0.31059742
v 0.37898476 0.11723042 -0.31059742
v 0.37054615 0.13864052 -0.31059742
v 0.36089928 0.15953402 -0.31059741
v 0.35007538 0.17984272 -0.31059741
v 0.33810978 0.19950052 -0.31059741
v 0.32504166 0.21844313 -0.31059741
v 0.31091357 0.23660902 -0.31059740
v 0.29577147 0.25393871 -0.31059740
v 0.27966496 0.27037582 -0.31059740
v 0.25516266 0.29214172 -0.31059739
v 0.22897267 0.31184452 -0.31059739
v 0.20126826 0.32935400 -0.31059739
v 0.17223267 0.34455442 -0.31059738
v 0.15492047 0.35224603 -0.31059738
v 0.13726597 0.35911550 -0.31059738
v 0.11930817 0.36514780 -0.31059738
v 0.10108667 0.37032941 -0.31059737
v 0.07617247 0.37594930 -0.31059737
v 0.05095203 0.37997972 -0.31059737
v 0.38342835 0.09455095 -0.29319552
v 0.37627716 0.11625162 -0.29319551
v 0.36789887 0.13750872 -0.29319551
v 0.35832085 0.15825292 -0.29319551
v 0.34757428 0.17841661 -0.29319551
v 0.33569428 0.19793392 -0.29319550
v 0.32271946 0.21674122 -0.29319550
v 0.30869227 0.23477731 -0.29319550
v 0.29365847 0.25198322 -0.29319550
v 0.27766686 0.26830291 -0.29319549
v 0.25333966 0.28991321 -0.29319549
v 0.22733678 0.30947532 -0.29319549
v 0.19983037 0.32685972 -0.29319548
v 0.17100217 0.34195150 -0.29319548
v 0.15381367 0.34958822 -0.29319548
v 0.13628537 0.35640863 -0.29319547
v 0.11845577 0.36239782 -0.29319547
v 0.10036448 0.36754240 -0.29319547
v 0.07562823 0.37312211 -0.29319547
v 0.05058829 0.37712373 -0.29319547
v 0.37995495 0.09351527 -0.27593372
v 0.37286847 0.11501942 -0.27593372
v 0.36456608 0.13608392 -0.27593372
v 0.35507477 0.15664021 -0.27593372
v 0.34442555 0.17662123 -0.27593371
v 0.33265317 0.19596172 -0.27593371
v 0.31979598 0.21459861 -0.27593371
v 0.30589587 0.23247131 -0.27593371
v 0.29099816 0.24952131 -0.27593370
v 0.27515157 0.26569322 -0.27593370
v 0.25104466 0.28710781 -0.27593370
v 0.22527738 0.30649261 -0.27593369
v 0.19802007 0.32371950 -0.27593369
v 0.16945308 0.33867460 -0.27593369
v 0.15242027 0.34624212 -0.27593369
v 0.13505078 0.35300073 -0.27593368
v 0.11738267 0.35893560 -0.27593368
v 0.09945529 0.36403371 -0.27593368
v 0.07494312 0.36956292 -0.27593368
v 0.05013000 0.37352823 -0.27593367
v 0.37579228 0.09227410 -0.25883862
v 0.36878346 0.11354262 -0.25883861
v 0.36057206 0.13437642 -0.25883861
v 0.35118478 0.15470742 -0.25883861
v 0.34065217 0.17446952 -0.25883861
v 0.32900876 0.19359811 -0.25883860
v 0.31629237 0.21203092 -0.25883860
v 0.30254456 0.22970781 -0.25883860
v 0.28781007 0.24657102 -0.25883860
v 0.27213708 0.26256572 -0.25883859
v 0.24829427 0.28374572 -0.25883859
v 0.22280927 0.30291822 -0.25883859
v 0.19585067 0.31995632 -0.25883858
v 0.16759668 0.33474752 -0.25883858
v 0.15075048 0.34223211 -0.25883858
v 0.13357117 0.34891683 -0.25883858
v 0.11609667 0.35478662 -0.25883857
v 0.09836569 0.35982881 -0.25883857
v 0.07412207 0.36529741 -0.25883857
v 0.04958078 0.36921930 -0.25883857
v 0.37096898 0.09083594 -0.24193382
v 0.36405007 0.11183141 -0.24193382
v 0.35594407 0.13239782 -0.24193382
v 0.34667726 0.15246791 -0.24193382
v 0.33627988 0.17197641 -0.24193381
v 0.32478585 0.19085941 -0.24193381
v 0.31223277 0.20905561 -0.24193381
v 0.29866138 0.22650562 -0.24193381
v 0.28411607 0.24315242 -0.24193380
v 0.26864417 0.25894182 -0.24193380
v 0.24510738 0.27985002 -0.24193380
v 0.21994947 0.29877631 -0.24193379
v 0.19333688 0.31559591 -0.24193379
v 0.16544547 0.33019719 -0.24193379
v 0.14881558 0.33758573 -0.24193379
v 0.13185678 0.34418450 -0.24193378
v 0.11460658 0.34997911 -0.24193378
v 0.09710316 0.35495652 -0.24193378
v 0.07317070 0.36035501 -0.24193378
v 0.04894443 0.36422662 -0.24193377
v 0.36551576 0.08920995 -0.22523872
v 0.35869859 0.10989682 -0.22523872
v 0.35071168 0.13016092 -0.22523872
v 0.34158109 0.14993601 -0.22523872
v 0.33133657 0.16915761 -0.22523872
v 0.32001157 0.18776311 -0.22523871
v 0.30764297 0.20569190 -0.22523871
v 0.29427108 0.22288532 -0.22523871
v 0.27993957 0.23928741 -0.22523871
v 0.26469518 0.25484471 -0.22523870
v 0.24150438 0.27544551 -0.22523870
v 0.21671628 0.29409371 -0.22523870
v 0.19049488 0.31066590 -0.22523869
v 0.16301347 0.32505261 -0.22523869
v 0.14662798 0.33233262 -0.22523869
v 0.12991848 0.33883439 -0.22523869
v 0.11292187 0.34454381 -0.22523868
v 0.09567577 0.34944802 -0.22523868
v 0.07209511 0.35476712 -0.22523868
v 0.04822488 0.35858182 -0.22523868
v 0.32960119 0.07850140 -0.14472252
v 0.32345388 0.09715567 -0.14472252
v 0.31625177 0.11542861 -0.14472252
v 0.30801828 0.13326071 -0.14472251
v 0.29878038 0.15059360 -0.14472251
v 0.28856817 0.16737101 -0.14472251
v 0.27741478 0.18353810 -0.14472251
v 0.26535688 0.19904221 -0.14472250
v 0.25243347 0.21383271 -0.14472250
v 0.23868698 0.22786131 -0.14472250
v 0.21777489 0.24643801 -0.14472250
v 0.19542238 0.26325381 -0.14472249
v 0.17177738 0.27819781 -0.14472249
v 0.14699619 0.29117091 -0.14472249
v 0.14902418 0.29546080 -0.15323088
v 0.13222068 0.29773550 -0.14472249
v 0.11715309 0.30359841 -0.14472248
v 0.10182648 0.30874680 -0.14472248
v 0.08627493 0.31316920 -0.14472248
v 0.06501100 0.31796570 -0.14472248
v 0.04348827 0.32140549 -0.14472248
v 0.15570727 -0.39767346 -0.37231472
v 0.15593586 -0.39757115 -0.37221554
v 0.14811078 -0.39662088 -0.23832233
v 0.15614646 -0.39747387 -0.37208523
v 0.15652396 -0.39729065 -0.37174682
v 0.15713267 -0.39696995 -0.37089863
v 0.15200227 -0.39474889 -0.23919535
v 0.14045048 -0.39537470 -0.10320454
v 0.14685229 -0.39201350 -0.10320454
v 0.15564127 -0.39225236 -0.23903034
v 0.15226299 -0.38722079 -0.10320454
v 0.15894408 -0.38917367 -0.23888874
v 0.16177747 -0.38558995 -0.23877705
v 0.16460177 -0.38691209 -0.30187584
v 0.16590858 -0.38309525 -0.28412153
v 0.15800146 -0.39644875 -0.36891914
v 0.15913246 -0.39563088 -0.36464302
v 0.16049237 -0.39434445 -0.35579414
v 0.16193596 -0.39228348 -0.33782974
v 0.16311356 -0.39004746 -0.31976904
v 0.16403457 -0.38161718 -0.23869953
v 0.16677108 -0.37873116 -0.26648294
v 0.16564807 -0.37739797 -0.23865824
v 0.16702247 -0.37391957 -0.24895664
v 0.15893149 -0.37451968 -0.10320454
v 0.16659648 -0.37308488 -0.23865284
v 0.15980259 -0.36734778 -0.10320454
v 0.16652887 -0.36875036 -0.23155113
v 0.16204468 -0.36783216 -0.14598654
v 0.16428678 -0.36829969 -0.18876873
v 0.15636879 -0.38127459 -0.10320454
v 0.16652887 -0.36875036 -0.23155113
v 0.16495428 -0.35675928 -0.20150595
v 0.16428678 -0.36829969 -0.18876873
v 0.16342928 -0.34263567 -0.17240593
v 0.16204468 -0.36783216 -0.14598654
v 0.16195708 -0.32660318 -0.14431484
v 0.15980259 -0.36734778 -0.10320454
v 0.15980259 -0.30928618 -0.10320453
v 0.15998688 -0.30918118 -0.10672204
v 0.16017129 -0.30907599 -0.11023944
v 0.16035559 -0.30897068 -0.11375683
v 0.16053999 -0.30886519 -0.11727434
vt 9.84928131 0.14299700
vt 9.98777103 0.00491995
vt 10.13545036 0.14300200
vt 10.13597012 0.00491995
vt 10.28415966 0.00491995
vt 9.53113079 0.14299600
vt 9.54318142 0.00491995
vt 9.83957291 0.00491995
vt 9.39498520 0.00491995
vt 9.24623013 0.14300600
vt 9.24678802 0.00491995
vt 8.95039368 0.00491995
vt 8.95030594 0.14300001
vt 8.65433693 0.14298300
vt 8.65400219 0.00491995
vt 8.35833740 0.14298300
vt 8.35760784 0.00491995
vt 8.06121635 0.00491995
vt 8.05887032 0.14303491
vt 7.76482201 0.00491995
vt 7.75494814 0.14299600
vt 7.61662579 0.00491995
vt 7.46990395 0.14298590
vt 7.46842909 0.00491995
vt 7.17399406 0.14298700
vt 7.17203617 0.00491995
vt 6.87790823 0.14300200
vt 6.87564278 0.00491995
vt 6.58010578 0.14299890
vt 6.57924986 0.00491995
vt 6.43105412 0.00491995
vt 6.27663088 0.14298300
vt 6.28285694 0.00491995
vt 6.13466120 0.00491995
vt 5.97849417 0.14299300
vt 5.98646402 0.00491995
vt 5.83826780 0.00491995
vt 5.69563913 0.14299300
vt 5.69007111 0.00491995
vt 5.54187393 0.00491995
vt 5.40743399 0.14299700
vt 5.39367819 0.00491995
vt 5.10134411 0.14298990
vt 5.09728479 0.00491995
vt 4.80521488 0.14298899
vt 4.80089188 0.00491995
vt 4.50934219 0.14299700
vt 4.50449896 0.00491995
vt 4.21326017 0.14300001
vt 4.20810604 0.00491995
vt 3.91723704 0.14292800
vt 3.91171288 0.00491995
vt 3.62120795 0.14286301
vt 3.61531997 0.00491995
vt 3.32517099 0.14291900
vt 3.31892705 0.00491995
vt 3.02919102 0.14299800
vt 3.02253389 0.00491995
vt 2.73320007 0.14299101
vt 2.72614098 0.00491995
vt 2.43716311 0.14299300
vt 2.42974806 0.00491995
vt 2.14108801 0.14300300
vt 2.13335490 0.00491995
vt 1.84446895 0.14298990
vt 1.83696198 0.00491995
vt 1.68876505 0.00491995
vt 1.54862797 0.14299300
vt 1.54056895 0.00491995
vt 1.39237201 0.00491995
vt 1.25287402 0.14301200
vt 1.24417603 0.00491995
vt 0.95652401 0.14297600
vt 0.94778299 0.00491995
vt 0.66042501 0.14299700
vt 0.65816498 0.10847800
vt 0.65590602 0.07395899
vt 0.65364701 0.03943896
vt 0.65139002 0.00491995
vt 10.41975975 0.14298899
vt 10.43235970 0.00491995
vt 10.72700024 0.14297999
vt 10.72875023 0.00491995
vt 11.02313042 0.14297900
vt 11.02515030 0.00491995
vt 11.31914997 0.14300001
vt 11.32153988 0.00491995
vt 11.61507034 0.14299400
vt 11.61793041 0.00491995
vt 11.90991020 0.14298899
vt 11.91431999 0.00491995
vt 12.06252003 0.00491995
vt 12.21675014 0.14298899
vt 12.21072006 0.00491995
vt 12.35890961 0.00491995
vt 12.51329994 0.14300001
vt 12.50710964 0.00491995
vt 12.65530968 0.00491995
vt 12.79909039 0.14298300
vt 12.80350018 0.00491995
vt 13.09490013 0.14298700
vt 13.09990025 0.00491995
vt 13.39109039 0.14299600
vt 13.39628983 0.00491995
vt 13.68710995 0.14300101
vt 13.69268036 0.00491995
vt 13.98289013 0.14294200
vt 13.98908043 0.00491995
vt 14.27880955 0.14289001
vt 14.28547001 0.00491995
vt 14.57487965 0.14293399
vt 14.58185959 0.00491995
vt 14.87094021 0.14299800
vt 14.87825012 0.00491995
vt 15.16714001 0.14300600
vt 15.17465019 0.00491995
vt 15.32283974 0.00491995
vt 15.46193027 0.14301001
vt 15.47103977 0.00491995
vt 15.61923981 0.00491995
vt 15.74866009 0.14299300
vt 15.76743031 0.00491995
vt 16.05529022 0.14301100
vt 16.06382942 0.00491995
vt 16.21203041 0.00491995
vt 16.35357094 0.14297900
vt 16.36021996 0.00491995
vt 16.50842094 0.00491995
vt 16.65743065 0.14298700
vt 16.65661049 0.00491995
vt 16.80480957 0.00491995
vt 16.94396973 0.14297999
vt 16.95301056 0.00491995
vt 17.23998070 0.14299800
vt 17.24939919 0.00491995
vt 17.53606987 0.14301801
vt 17.54578972 0.00491995
vt 17.83164978 0.14304200
vt 17.84218025 0.00491995
vt 17.99037933 0.00491995
vt 18.12730980 0.14304700
vt 18.13858032 0.00491995
vt 18.28677940 0.00491995
vt 18.42383957 0.14302500
vt 18.43497086 0.00491995
vt 18.71113968 0.14300901
vt 18.73135948 0.00491995
vt 19.01531029 0.14300300
vt 19.02775955 0.00491995
vt 19.32387924 0.14301400
vt 19.32415009 0.00491995
vt 19.47234917 0.00491995
vt 19.62054062 0.00491995
vt 19.61841965 0.03943997
vt 19.61630058 0.07396095
vt 19.61417007 0.10848100
vt 19.61203957 0.14300101
vt 1.30592799 0.63702703
vt 0.87525898 0.63245201
vt 1.00320995 0.51695102
vt 0.71005499 0.37521401
vt 0.44459200 0.62770700
vt 0.42711499 0.21415100
vt 0.01392698 0.62279099
vt 0.01392698 0.04004895
vt 0.04914897 0.03899896
vt 0.08437097 0.03794699
vt 0.11959200 0.03689396
vt 0.15481400 0.03583896
vt 1.48897398 0.05465495
vt 1.39562094 0.04589200
vt 1.30992103 0.00000100
vt 0.02326196 0.00000000
vt 0.45105100 0.00000000
vt 1.66906500 0.10497400
vt 1.39562094 0.09178495
vt 0.02363598 0.07562100
vt 1.39562094 0.13767700
vt 1.85018694 0.15188690
vt 1.39562094 0.18356900
vt 2.03250408 0.19532000
vt 1.39562094 0.22946200
vt 2.21646500 0.23350701
vt 2.40226793 0.26239601
vt 1.39562094 0.27535400
vt 2.58684993 0.29512200
vt 1.39562094 0.32124600
vt 2.67757893 0.31892401
vt 2.72122788 0.33614200
vt 2.74129200 0.34837499
vt 1.38576996 0.36713901
vt 0.01642400 0.36713901
vt 2.74979591 0.35653099
vt 2.75306797 0.36146799
vt 2.75427389 0.36418700
vt 2.75511599 0.36713901
vt 0.01936697 0.29153499
vt 0.02162998 0.21921700
vt 0.02308100 0.14794800
vt 0.87992799 0.00000000
vt -2.95895004 12.25673008
vt -1.21921301 12.35939980
vt -2.96574712 12.45952034
vt -1.21922004 12.55959034
vt -2.96492004 12.66189957
vt -2.96492004 -12.26276016
vt -1.21922004 -12.36505985
vt -1.21890903 -12.16487026
vt -2.95653200 -12.06048965
vt -0.03663694 -11.98711014
vt -2.94074392 -11.85871029
vt -0.03504395 -11.66812992
vt -2.91782093 -11.65758991
vt -2.88807201 -11.45734978
vt -0.03266197 -11.34914970
vt -2.85202193 -11.25813961
vt -0.02950495 -11.03017998
vt -2.81024003 -11.06004047
vt -1.40216398 -10.94666004
vt -2.76320505 -10.86314011
vt -1.21888804 12.15921021
vt -2.94464302 12.05426979
vt -1.11886299 12.15921021
vt -0.03659999 11.98062038
vt -0.03741699 12.29959011
vt -2.92298508 11.85251045
vt -0.03498297 11.66164017
vt -2.89448094 11.65155983
vt -2.85982394 11.45156956
vt -0.03257697 11.34265995
vt -2.81945205 11.25265980
vt -0.02939796 11.02369022
vt -2.77328300 11.05496025
vt -1.38029897 10.94141006
vt -2.71989107 10.85912991
vt -1.11904597 12.35939980
vt -0.03742998 12.61857033
vt -1.11905301 12.55959988
vt -1.11905301 -12.36505985
vt -0.03742998 -12.30607986
vt -1.11888397 -12.16487026
vt -0.00061700 -0.29717901
vt -0.01071900 -0.09726399
vt -0.00362599 -0.29717901
vt -0.01371997 -0.09726399
vt -0.01071798 0.10290600
vt -0.01371997 0.10290600
vt -0.00362599 0.30282101
vt -0.00061700 0.30282101
vt -0.00621200 0.00104195
vt -0.00320297 0.00099999
vt -0.00307000 0.10101800
vt -0.00006200 0.10097600
vt -0.03053396 -0.66000199
vt -0.02752494 -0.66000003
vt -0.02057796 -0.46008000
vt -0.01757699 -0.46007800
vt -0.01771897 -0.25990799
vt -0.02072095 -0.25990999
vt -0.02795296 -0.06000000
vt -0.03096199 -0.06000196
vt -0.00621200 0.10097600
vt -0.00307000 0.00099999
vt -0.00320399 0.10101800
vt -0.00006200 0.00104195
vt 1.01959395 10.46234035
vt 1.25119495 10.36855984
vt 1.33963001 10.50249958
vt 1.42759204 10.36855984
vt 1.52481103 10.52538013
vt 1.60398996 10.36855984
vt 1.70906603 10.55362988
vt 1.78038704 10.36855984
vt 1.78038704 10.56056976
vt 1.95678496 10.36855984
vt 1.95678496 10.56056976
vt 2.13318205 10.36855984
vt 2.13318205 10.56056976
vt 2.35060906 10.36855984
vt 2.35060906 10.56056976
vt 2.47778106 10.36855984
vt 2.47778106 10.56056976
vt 2.59264493 10.36855984
vt 2.59264493 10.56056976
vt 2.82237411 10.36855984
vt 2.82237411 10.56056976
vt 3.06553602 10.55770016
vt 3.06553602 10.75004005
vt 0.70104098 10.40855026
vt 0.89840001 10.36855984
vt 1.07479703 10.36855984
vt 1.25119495 10.17654991
vt 1.42759204 10.17654991
vt 1.42759204 9.98453999
vt 1.60398996 9.98453999
vt 1.42759204 9.79172134
vt 1.60398996 9.79161358
vt 1.42759204 9.59984875
vt 1.60398996 9.59976196
vt 1.42759204 9.40788078
vt 1.60398996 9.40779972
vt 1.42759204 9.21576405
vt 1.60398996 9.21566772
vt 1.42759204 9.02448940
vt 1.60398996 9.02448940
vt 1.60398996 8.83247757
vt 1.78038704 8.83247757
vt 1.60398996 8.63960743
vt 1.78038704 8.63950825
vt 1.60398996 8.44779301
vt 1.78038704 8.44771481
vt 1.60398996 8.25598335
vt 1.78038704 8.25592899
vt 1.60398996 8.06412125
vt 1.78038704 8.06408501
vt 1.60398996 7.87214708
vt 1.78038704 7.87211514
vt 1.60398996 7.68000078
vt 1.78038704 7.67995310
vt 1.60398996 7.48783016
vt 1.78038704 7.48776388
vt 1.60398996 7.29584122
vt 1.78038704 7.29577780
vt 1.60398996 7.10397387
vt 1.78038704 7.10392714
vt 1.60398996 6.91216898
vt 1.78038704 6.91214514
vt 1.60398996 6.72036791
vt 1.78038704 6.72036886
vt 1.78038704 6.52853298
vt 1.95678496 6.52855110
vt 1.95678496 6.33659506
vt 2.13318205 6.33661795
vt 2.13318205 6.14443398
vt 2.35060906 6.14444399
vt 2.35060906 5.95224094
vt 2.47778106 5.95223713
vt 2.35060906 5.76029587
vt 2.47778106 5.76029491
vt 2.47778106 5.56853008
vt 2.59264493 5.56854105
vt 2.59264493 5.37687492
vt 2.82237411 5.37692785
vt 2.82237411 5.18528414
vt 3.06553602 5.18537283
vt 3.06553602 4.99363613
vt 2.82237411 4.99352503
vt 3.06553602 4.80165815
vt 2.82237411 4.80154514
vt 3.06553602 4.60932207
vt 2.82237411 4.60923481
vt 3.06553602 4.41703176
vt 2.82237411 4.41696787
vt 3.06553602 4.22508097
vt 2.82237411 4.22501183
vt 3.06553602 4.03334999
vt 2.82237411 4.03325796
vt 3.06553602 3.84172010
vt 2.82237411 3.84159708
vt 3.06553602 3.65007806
vt 2.82237411 3.64992499
vt 3.06553602 3.45830703
vt 2.82237411 3.45618701
vt 3.06553602 3.26628900
vt 2.82237411 3.26417589
vt 3.06553602 3.07391310
vt 2.82237411 3.07377100
vt 3.06553602 2.88163710
vt 2.82237411 2.88151693
vt 3.06553602 2.68970490
vt 2.82237411 2.68957806
vt 3.06553602 2.49799609
vt 2.82237411 2.49784493
vt 3.06553602 2.30639291
vt 2.82237411 2.30412507
vt 3.06553602 2.11477995
vt 2.82237411 2.11211395
vt 3.06553602 1.92304099
vt 2.82237411 1.92010403
vt 3.06553602 1.73105896
vt 2.82237411 1.72809303
vt 3.06553602 1.53872395
vt 2.82237411 1.53608298
vt 3.06553602 1.34637499
vt 2.82237411 1.34407306
vt 3.06553602 1.15411997
vt 2.82237411 1.15206206
vt 3.06553602 0.96182698
vt 2.82237411 0.96179801
vt 3.06553602 0.76936698
vt 2.82237411 0.76925999
vt 3.06553602 0.57694203
vt 2.82237411 0.57686800
vt 3.06553602 0.38465801
vt 2.82237411 0.38460699
vt 3.06553602 0.19238600
vt 2.82237411 0.19235601
vt 3.06553602 0.00000000
vt 2.59264493 0.19232699
vt 2.47778106 0.19231300
vt 2.47778106 0.38453299
vt 2.35060906 0.38450599
vt 2.35060906 0.57672501
vt 2.13318205 0.57665902
vt 2.13318205 0.76895499
vt 1.95678496 0.76887602
vt 1.95678496 0.96169299
vt 1.78038704 0.96167201
vt 1.78038704 1.15206206
vt 1.60398996 1.15206206
vt 1.60398996 1.34407306
vt 1.42759204 1.34407306
vt 1.42759204 1.53608298
vt 1.25119495 1.53608298
vt 1.25119495 1.72809303
vt 1.07479703 1.72809303
vt 1.07479703 1.72809303
vt 1.07479703 1.92010403
vt 0.89840001 1.92010403
vt 0.89840001 2.11211395
vt 0.72200203 2.11211395
vt 0.72200203 2.30412507
vt 0.45946500 2.30412507
vt 0.45946500 2.49637699
vt 0.26465499 2.49625611
vt 0.26465499 2.68824697
vt 0.06997400 2.56376004
vt 0.06996297 2.88422799
vt 0.26465499 2.88025188
vt 0.26465499 3.07227993
vt 0.45946500 2.88034797
vt 0.45946500 3.07239294
vt 0.72200203 2.88047791
vt 0.72200203 3.07254601
vt 0.89840001 2.88056493
vt 0.89840001 3.07264900
vt 1.07479703 2.88065290
vt 1.07479703 3.07275200
vt 1.07479703 2.88065290
vt 1.25119495 2.88073993
vt 1.25119495 3.07285500
vt 1.42759204 2.88082695
vt 1.42759204 3.07295799
vt 1.60398996 2.88091397
vt 1.60398996 3.07306099
vt 1.78038704 2.88100100
vt 1.78038704 3.07316399
vt 1.95678496 2.88108897
vt 1.95678496 3.07326603
vt 2.13318205 2.88117599
vt 2.13318205 3.07336903
vt 2.35060906 2.88128304
vt 2.35060906 3.07349610
vt 2.47778106 2.88134599
vt 2.47778106 3.07357001
vt 2.59264493 2.88140297
vt 2.59264493 3.07363701
vt 0.72200203 10.36855984
vt 0.38435301 10.33987045
vt 0.45946500 10.17654991
vt 0.26465499 10.17654991
vt 0.45946500 9.98453999
vt 0.26465499 9.98453999
vt 0.26465499 9.79241276
vt 0.06990998 9.93401241
vt 0.06999695 9.61355400
vt 0.06997698 10.25450993
vt 0.06997597 9.29302788
vt 0.26465499 9.40841866
vt 0.26465499 9.60042286
vt 0.45946500 9.79229832
vt 0.72200203 9.98453999
vt 0.72200203 10.17654991
vt 0.89840001 10.17654991
vt 1.07479703 10.17654991
vt 0.26465499 9.21639442
vt 0.06998795 8.97254276
vt 0.26465499 9.02448940
vt 0.26465499 8.83247757
vt 0.45946500 8.83247757
vt 0.26465499 8.64035797
vt 0.45946500 8.64025021
vt 0.26465499 8.44837189
vt 0.45946500 8.44828796
vt 0.26465499 8.25638676
vt 0.45946500 8.25632858
vt 0.26465499 8.06439590
vt 0.45946500 8.06435585
vt 0.26465499 7.87238979
vt 0.45946500 7.87235498
vt 0.26465499 7.68036318
vt 0.45946500 7.68030977
vt 0.26465499 7.48833179
vt 0.45946500 7.48825884
vt 0.26465499 7.29632378
vt 0.45946500 7.29625416
vt 0.26465499 7.10433197
vt 0.45946500 7.10427999
vt 0.26465499 6.91234779
vt 0.45946500 6.91232204
vt 0.26465499 6.72036409
vt 0.45946500 6.72036505
vt 0.45946500 6.52839422
vt 0.72200203 6.52842093
vt 0.72200203 6.33643007
vt 0.89840001 6.33645296
vt 0.89840001 6.14437294
vt 1.07479703 6.14438200
vt 1.07479703 5.95228577
vt 1.07479703 5.95228577
vt 1.25119495 5.95228004
vt 1.07479703 5.76030493
vt 1.25119495 5.76030302
vt 1.25119495 5.56841278
vt 1.42759204 5.56842995
vt 1.42759204 5.37660503
vt 1.60398996 5.37664604
vt 1.60398996 5.18484020
vt 1.78038704 5.18490410
vt 1.78038704 4.99305010
vt 1.95678496 4.99313021
vt 1.95678496 4.80114079
vt 2.13318205 4.80122280
vt 2.13318205 4.60898781
vt 2.35060906 4.60906601
vt 2.35060906 4.41684294
vt 2.47778106 4.41687584
vt 2.47778106 4.22491407
vt 2.59264493 4.22494698
vt 2.59264493 4.03317118
vt 0.06999695 8.65205193
vt 0.06996798 8.33161640
vt 0.06996399 8.01121330
vt 0.06998497 7.69083500
vt 0.06990599 7.37041521
vt 0.06984895 7.05001307
vt 0.06991100 6.72963715
vt 0.26465499 6.52837276
vt 0.06998699 6.40921593
vt 0.26465499 6.33636904
vt 0.06998199 6.08881521
vt 0.26465499 6.14434195
vt 0.26465499 5.95231485
vt 0.45946500 5.95230818
vt 0.26465499 5.76031017
vt 0.45946500 5.76030922
vt 0.45946500 5.56833792
vt 0.72200203 5.56836319
vt 0.72200203 5.37644196
vt 0.89840001 5.37648201
vt 0.89840001 5.18458223
vt 1.07479703 5.18464708
vt 1.07479703 4.99272823
vt 1.25119495 4.99280882
vt 1.25119495 4.80081081
vt 1.42759204 4.80089378
vt 1.42759204 4.60873508
vt 1.60398996 4.60879898
vt 1.60398996 4.41664505
vt 1.78038704 4.41669178
vt 1.78038704 4.22471523
vt 1.95678496 4.22476578
vt 1.95678496 4.03293085
vt 2.13318205 4.03299809
vt 2.13318205 3.84124899
vt 2.35060906 3.84135890
vt 2.35060906 3.64962912
vt 2.47778106 3.64970899
vt 2.47778106 3.45618701
vt 2.59264493 3.45618701
vt 2.59264493 3.26417589
vt 0.06994897 5.76843786
vt 0.26465499 5.56831980
vt 0.06994998 5.44798994
vt 0.26465499 5.37633610
vt 0.06998097 5.12751007
vt 0.26465499 5.18435097
vt 0.26465499 4.99235916
vt 0.45946500 4.99244785
vt 0.45946500 4.80044079
vt 0.72200203 4.80056381
vt 0.72200203 4.60848284
vt 0.89840001 4.60854578
vt 0.89840001 4.41645813
vt 1.07479703 4.41650486
vt 1.07479703 4.22451496
vt 1.25119495 4.22456503
vt 1.25119495 4.03266382
vt 1.42759204 4.03273106
vt 1.42759204 3.84089303
vt 1.60398996 3.84098196
vt 1.60398996 3.64915991
vt 1.78038704 3.64927101
vt 1.78038704 3.45618701
vt 1.95678496 3.45618701
vt 1.95678496 3.26417589
vt 2.13318205 3.26417589
vt 0.06996899 4.80702209
vt 0.26465499 4.80035019
vt 0.45946500 4.60838890
vt 0.72200203 4.41641092
vt 0.89840001 4.22446394
vt 1.07479703 4.03259802
vt 1.25119495 3.84080410
vt 1.42759204 3.64904904
vt 1.60398996 3.45618701
vt 1.78038704 3.26417589
vt 0.26465499 4.60831881
vt 0.06995898 4.48655176
vt 0.26465499 4.41628981
vt 0.06993800 4.16603994
vt 0.26465499 4.22428417
vt 0.26465499 4.03229189
vt 0.45946500 4.03236485
vt 0.45946500 3.84040403
vt 0.72200203 3.84053707
vt 0.72200203 3.64860702
vt 0.89840001 3.64871693
vt 0.89840001 3.45618701
vt 1.07479703 3.45618701
vt 1.07479703 3.26417589
vt 1.07479703 3.26417589
vt 1.25119495 3.26417589
vt 0.06999796 3.84555292
vt 0.26465499 3.84030604
vt 0.45946500 3.64844203
vt 0.72200203 3.45618701
vt 0.89840001 3.26417589
vt 0.26465499 3.64831901
vt 0.06999498 3.52509999
vt 0.26465499 3.45618701
vt 0.06994396 3.20472193
vt 0.26465499 3.26417589
vt 0.06997299 2.24328303
vt 0.26465499 2.30412507
vt 0.45946500 2.11211395
vt 0.72200203 1.92010403
vt 0.89840001 1.72809303
vt 1.07479703 1.53608298
vt 1.25119495 1.34407306
vt 1.42759204 1.15206206
vt 1.60398996 0.96165103
vt 1.78038704 0.76879799
vt 1.95678496 0.57660502
vt 2.13318205 0.38446000
vt 2.35060906 0.19229700
vt 2.35377789 0.00000000
vt 0.26465499 2.11211395
vt 0.06993800 1.92280400
vt 0.26465499 1.92010403
vt 0.26465499 1.72809303
vt 0.45946500 1.72809303
vt 0.45946500 1.53608298
vt 0.72200203 1.53608298
vt 0.72200203 1.34407306
vt 0.89840001 1.34407306
vt 0.89840001 1.15206206
vt 1.07479703 1.15206206
vt 1.07479703 0.96158701
vt 1.25119495 0.96160799
vt 1.25119495 0.76856399
vt 1.42759204 0.76864201
vt 1.42759204 0.57644397
vt 1.60398996 0.57649797
vt 1.60398996 0.38434699
vt 1.78038704 0.38438499
vt 1.78038704 0.19222499
vt 1.95678496 0.19224700
vt 1.81452298 0.00000000
vt 1.99561000 0.00000000
vt 0.06995499 1.60235703
vt 0.26465499 1.53608298
vt 0.45946500 1.34407306
vt 0.72200203 1.15206206
vt 0.89840001 0.96156502
vt 1.07479703 0.76848602
vt 1.25119495 0.57639003
vt 1.42759204 0.38431001
vt 1.60398996 0.19220300
vt 1.63169503 0.00000000
vt 0.06998997 1.28197598
vt 0.26465499 1.34407306
vt 0.45946500 1.15206206
vt 0.72200203 0.96154398
vt 0.89840001 0.76840800
vt 1.07479703 0.57633698
vt 1.07479703 0.57633698
vt 1.25119495 0.38427201
vt 1.42759204 0.19218101
vt 1.44682395 0.00000000
vt 0.26465499 1.15206206
vt 0.07000398 0.96146500
vt 0.26465499 0.96148902
vt 0.26465499 0.76812798
vt 0.45946500 0.76821399
vt 0.45946500 0.57615000
vt 0.72200203 0.57622898
vt 0.72200203 0.38416001
vt 0.89840001 0.38419700
vt 0.89840001 0.19211391
vt 1.07479703 0.19213600
vt 1.06973505 0.00000000
vt 1.25119495 0.19215889
vt 1.25960505 0.00000000
vt 0.06998497 0.64099801
vt 0.26465499 0.57608998
vt 0.45946500 0.38410401
vt 0.72200203 0.19209200
vt 0.87691098 0.00000000
vt 0.06998300 0.32047901
vt 0.26465499 0.38406199
vt 0.45946500 0.19205900
vt 0.68082601 0.00000000
vt 0.26465499 0.19203500
vt 0.06998997 0.00000000
vt 0.27767101 0.00000000
vt 0.48118100 0.00000000
vt 2.13318205 0.19226900
vt 2.17526007 0.00000000
vt 3.06553602 5.37698412
vt 2.82237411 5.56856298
vt 2.59264493 5.76029396
vt 2.59264493 5.95223284
vt 2.47778106 6.14445114
vt 2.35060906 6.33664703
vt 2.13318205 6.52857018
vt 1.95678496 6.72036982
vt 1.95678496 6.91212177
vt 1.95678496 7.10387993
vt 1.95678496 7.29571390
vt 1.95678496 7.48769808
vt 1.95678496 7.67990589
vt 1.95678496 7.87208319
vt 1.95678496 8.06404781
vt 1.95678496 8.25587559
vt 1.95678496 8.44764042
vt 1.95678496 8.63940907
vt 1.95678496 8.83247757
vt 1.78038704 9.02448940
vt 1.78038704 9.21557331
vt 1.78038704 9.40771770
vt 1.78038704 9.59967613
vt 1.78038704 9.79150867
vt 1.78038704 9.98453999
vt 1.60398996 10.17654991
vt 3.06553602 5.56858587
vt 2.82237411 5.76029301
vt 2.82237411 5.95222521
vt 2.59264493 6.14445591
vt 2.47778106 6.33666420
vt 2.35060906 6.52859306
vt 2.13318205 6.72036982
vt 2.13318205 6.91209793
vt 2.13318205 7.10383177
vt 2.13318205 7.29565096
vt 2.13318205 7.48763180
vt 2.13318205 7.67985821
vt 2.13318205 7.87205076
vt 2.13318205 8.06401157
vt 2.13318205 8.25582314
vt 2.13318205 8.44756317
vt 2.13318205 8.63930893
vt 2.13318205 8.83247757
vt 1.95678496 9.02448940
vt 1.95678496 9.21547699
vt 1.95678496 9.40763664
vt 1.95678496 9.59958935
vt 1.95678496 9.79140377
vt 1.95678496 9.98453999
vt 1.78038704 10.17654991
vt 3.06553602 5.76029110
vt 3.06553602 5.95221615
vt 2.82237411 6.14446688
vt 2.59264493 6.33667898
vt 2.47778106 6.52860594
vt 2.35060906 6.72037077
vt 2.35060906 6.91206884
vt 2.35060906 7.10377407
vt 2.35060906 7.29557180
vt 2.35060906 7.48755121
vt 2.35060906 7.67979908
vt 2.35060906 7.87201118
vt 2.35060906 8.06396675
vt 2.35060906 8.25575829
vt 2.35060906 8.44746780
vt 2.35060906 8.63918686
vt 2.35060906 8.83247757
vt 2.13318205 9.02448940
vt 2.13318205 9.21538067
vt 2.13318205 9.40755463
vt 2.13318205 9.59950066
vt 2.13318205 9.79129887
vt 2.13318205 9.98453999
vt 1.95678496 10.17654991
vt 3.06553602 6.14447880
vt 2.82237411 6.33670998
vt 2.59264493 6.52861786
vt 2.47778106 6.72037077
vt 2.47778106 6.91205215
vt 2.47778106 7.10374022
vt 2.47778106 7.29552603
vt 2.47778106 7.48750305
vt 2.47778106 7.67976522
vt 2.47778106 7.87198782
vt 2.47778106 8.06394100
vt 2.47778106 8.25571918
vt 2.47778106 8.44741440
vt 2.47778106 8.63911724
vt 2.47778106 8.83247757
vt 2.35060906 9.02448940
vt 2.35060906 9.21526527
vt 2.35060906 9.40745640
vt 2.35060906 9.59939289
vt 2.35060906 9.79117012
vt 2.35060906 9.98453999
vt 2.13318205 10.17654991
vt 3.06553602 6.33674288
vt 2.82237411 6.52864218
vt 2.59264493 6.72037220
vt 2.59264493 6.91203690
vt 2.59264493 7.10371017
vt 2.59264493 7.29548502
vt 2.59264493 7.48746014
vt 2.59264493 7.67973423
vt 2.59264493 7.87196684
vt 2.59264493 8.06391811
vt 2.59264493 8.25568295
vt 2.59264493 8.44736290
vt 2.59264493 8.63905334
vt 2.59264493 8.83247757
vt 2.47778106 9.02448940
vt 2.47778106 9.21519470
vt 2.47778106 9.40739727
vt 2.47778106 9.59933090
vt 2.47778106 9.79109287
vt 2.47778106 9.98453999
vt 2.35060906 10.17654991
vt 3.06553602 6.52866793
vt 2.82237411 6.72037220
vt 2.82237411 6.91200590
vt 2.82237411 7.10364819
vt 2.82237411 7.29540205
vt 2.82237411 7.48737383
vt 2.82237411 7.67967176
vt 2.82237411 7.87192488
vt 2.82237411 8.06387138
vt 2.82237411 8.25561523
vt 2.82237411 8.44726276
vt 2.82237411 8.63892269
vt 2.82237411 8.83247757
vt 2.59264493 9.02448940
vt 2.59264493 9.21513176
vt 2.59264493 9.40734291
vt 2.59264493 9.59927368
vt 2.59264493 9.79102612
vt 2.59264493 9.98453999
vt 2.47778106 10.17654991
vt 3.06553602 6.72037315
vt 3.06553602 6.91197395
vt 3.06553602 7.10358286
vt 3.06553602 7.29531384
vt 3.06553602 7.48728323
vt 3.06553602 7.67960596
vt 3.06553602 7.87188101
vt 3.06553602 8.06381989
vt 3.06553602 8.25553989
vt 3.06553602 8.44715786
vt 3.06553602 8.63878727
vt 3.06553602 8.83053875
vt 3.06553602 9.02253342
vt 2.82237411 9.02448940
vt 3.06553602 9.21487713
vt 2.82237411 9.21500778
vt 3.06553602 9.40712643
vt 2.82237411 9.40723801
vt 3.06553602 9.59904099
vt 2.82237411 9.59916210
vt 3.06553602 9.79074287
vt 2.82237411 9.79088783
vt 3.06553602 9.98234463
vt 2.82237411 9.98453999
vt 3.06553602 10.17395973
vt 2.82237411 10.17654991
vt 3.06553602 10.36571026
vt 2.82237411 10.75304985
vt 3.06553602 10.94239044
vt 2.79907990 10.75852966
vt 2.84394193 10.94733047
vt 3.06553602 11.13465023
vt 2.88380504 11.13696003
vt 3.06553602 11.32693958
vt 2.91821098 11.32742023
vt 2.94659996 11.51865959
vt 3.06553507 11.51937008
vt 2.96845794 11.71057987
vt 3.06553602 11.71177006
vt 2.98347902 11.90299034
vt 3.06553602 11.90402985
vt 2.99140406 12.09578991
vt 3.06553507 12.09630013
vt 2.99207592 12.28866005
vt 3.06553602 12.28866005
vt 2.79680395 10.75308990
vt 2.79331899 10.74829006
vt 2.78448701 10.74050045
vt 2.76401401 10.72910023
vt 2.71987796 10.71360016
vt 2.62868500 10.69338036
vt 2.44370604 10.66819954
vt 2.25904298 10.64719963
vt 2.07568407 10.61763000
vt 1.89256299 10.58518982
vt 2.59264493 10.17654991
vt 0.89840001 9.98453999
vt 0.72200203 9.79214001
vt 0.45946500 9.60032654
vt 1.07479703 9.98453999
vt 0.89840001 9.79203606
vt 0.72200203 9.60019684
vt 0.45946500 9.40832901
vt 1.25119495 9.98453999
vt 1.07479703 9.79193115
vt 1.07479703 9.79193115
vt 0.89840001 9.60011101
vt 0.72200203 9.40820694
vt 0.45946500 9.21628666
vt 1.25119495 9.79182625
vt 1.07479703 9.60002422
vt 0.89840001 9.40812588
vt 0.72200203 9.21614456
vt 0.45946500 9.02448940
vt 1.42759204 9.79172134
vt 1.25119495 9.59993553
vt 1.25119495 9.40796280
vt 1.25119495 9.21586037
vt 1.25119495 9.02448940
vt 1.42759204 8.83247757
vt 1.42759204 8.63970470
vt 1.42759204 8.44786930
vt 1.42759204 8.25603580
vt 1.42759204 8.06415653
vt 1.42759204 7.87217903
vt 1.42759204 7.68004894
vt 1.42759204 7.48789597
vt 1.42759204 7.29590511
vt 1.42759204 7.10402107
vt 1.42759204 6.91219282
vt 1.42759204 6.72036791
vt 1.60398996 6.52851391
vt 1.78038704 6.33657122
vt 1.95678496 6.14442492
vt 2.13318205 5.95224905
vt 2.13318205 5.76029682
vt 2.35060906 5.56851816
vt 2.47778106 5.37684822
vt 2.59264493 5.18520021
vt 1.07479703 9.40804386
vt 0.89840001 9.21605110
vt 0.72200203 9.02448940
vt 0.72200203 8.83247757
vt 1.07479703 9.21595383
vt 1.07479703 9.40804386
vt 1.07479703 9.21595383
vt 1.07479703 9.02448940
vt 1.25119495 8.83247757
vt 1.25119495 8.63980389
vt 1.25119495 8.44794464
vt 1.25119495 8.25609016
vt 1.25119495 8.06419277
vt 1.25119495 7.87221098
vt 1.25119495 7.68009615
vt 1.25119495 7.48796320
vt 1.25119495 7.29596901
vt 1.25119495 7.10406780
vt 1.25119495 6.91221619
vt 1.25119495 6.72036695
vt 1.42759204 6.52849579
vt 1.60398996 6.33654690
vt 1.78038704 6.14441586
vt 1.95678496 5.95225477
vt 1.95678496 5.76029921
vt 2.13318205 5.56849718
vt 2.35060906 5.37681913
vt 2.47778106 5.18515778
vt 2.59264493 4.99342012
vt 0.89840001 9.02448940
vt 0.89840001 8.83247757
vt 0.72200203 8.64010239
vt 1.07479703 8.83247757
vt 0.89840001 8.64000320
vt 0.72200203 8.44817543
vt 1.07479703 9.02448940
vt 1.07479703 8.83247757
vt 1.07479703 8.63990402
vt 1.07479703 8.44802094
vt 1.07479703 8.25614166
vt 1.07479703 8.06422901
vt 1.07479703 8.06422901
vt 1.07479703 7.87224293
vt 1.07479703 7.87224293
vt 1.07479703 7.68014383
vt 1.07479703 7.68014383
vt 1.07479703 7.48802900
vt 1.07479703 7.29603195
vt 1.07479703 7.10411501
vt 1.07479703 6.91224003
vt 1.07479703 6.72036695
vt 1.25119495 6.52847719
vt 1.42759204 6.33652401
vt 1.60398996 6.14440823
vt 1.78038704 5.95226097
vt 1.78038704 5.76030016
vt 1.95678496 5.56848001
vt 2.13318205 5.37676811
vt 2.35060906 5.18511200
vt 2.47778106 4.99336815
vt 2.59264493 4.80143785
vt 0.89840001 8.44809914
vt 0.72200203 8.25625038
vt 0.89840001 8.25619602
vt 0.89840001 8.06426716
vt 0.89840001 7.87227488
vt 0.89840001 7.68019199
vt 0.89840001 7.48809481
vt 0.89840001 7.29609585
vt 0.89840001 7.10416317
vt 0.89840001 6.91226292
vt 0.89840001 6.72036600
vt 1.07479703 6.52845907
vt 1.25119495 6.33650017
vt 1.42759204 6.14439917
vt 1.60398996 5.95226812
vt 1.60398996 5.76030111
vt 1.78038704 5.56846380
vt 1.95678496 5.37672806
vt 2.13318205 5.18503284
vt 2.35060906 4.99330997
vt 2.47778106 4.80138397
vt 2.59264493 4.60915279
vt 0.72200203 8.06430340
vt 0.72200203 7.87230682
vt 0.72200203 7.68023920
vt 0.72200203 7.48816109
vt 0.72200203 7.29615879
vt 0.72200203 7.10420990
vt 0.72200203 6.91228724
vt 0.72200203 6.72036505
vt 0.89840001 6.52844000
vt 1.07479703 6.33647680
vt 1.25119495 6.14439011
vt 1.42759204 5.95227385
vt 1.42759204 5.76030207
vt 1.60398996 5.56844711
vt 1.78038704 5.37668705
vt 1.95678496 5.18496799
vt 2.13318205 4.99321079
vt 2.35060906 4.80132484
vt 2.47778106 4.60911083
vt 2.59264493 4.41690683
vt 1.07479703 6.33647680
vt 1.07479703 6.14438200
vt 0.45946500 6.33639479
vt 0.72200203 6.14436388
vt 0.89840001 5.95229292
vt 0.89840001 5.76030588
vt 1.07479703 5.56839705
vt 1.25119495 5.37656403
vt 1.42759204 5.18477488
vt 1.60398996 4.99296904
vt 1.78038704 4.80105782
vt 1.95678496 4.60892487
vt 2.13318205 4.41678476
vt 2.35060906 4.22487783
vt 2.47778106 4.03312778
vt 2.59264493 3.84148097
vt 0.45946500 6.14435101
vt 0.72200203 5.95229912
vt 0.72200203 5.76030684
vt 0.89840001 5.56837988
vt 1.07479703 5.37652302
vt 1.25119495 5.18471098
vt 1.42759204 4.99288893
vt 1.60398996 4.80097580
vt 1.78038704 4.60886192
vt 1.95678496 4.41673803
vt 2.13318205 4.22481585
vt 2.35060906 4.03308010
vt 2.47778106 3.84142303
vt 2.59264493 3.64978099
vt 0.45946500 5.37638092
vt 0.45946500 5.18442202
vt 0.72200203 5.18451786
vt 0.89840001 4.99264812
vt 1.07479703 4.80072880
vt 1.25119495 4.60867214
vt 1.42759204 4.41659784
vt 1.60398996 4.22466516
vt 1.78038704 4.03286409
vt 1.95678496 3.84116006
vt 2.13318205 3.64949203
vt 2.35060906 3.45618701
vt 2.47778106 3.26417589
vt 0.72200203 4.99256706
vt 0.89840001 4.80064583
vt 1.07479703 4.60860920
vt 1.07479703 4.60860920
vt 1.25119495 4.41655207
vt 1.42759204 4.22461510
vt 1.60398996 4.03279781
vt 1.78038704 3.84107089
vt 1.95678496 3.64938211
vt 2.13318205 3.45618701
vt 2.35060906 3.26417589
vt 0.45946500 4.41634178
vt 0.72200203 4.22441387
vt 0.89840001 4.03253078
vt 1.07479703 3.84071493
vt 1.25119495 3.64893889
vt 1.42759204 3.45618701
vt 1.60398996 3.26417589
vt 0.45946500 4.22433901
vt 1.07479703 4.41650486
vt 0.72200203 4.03246403
vt 0.89840001 3.84062600
vt 1.07479703 3.64882803
vt 1.25119495 3.45618701
vt 1.42759204 3.26417589
vt 0.45946500 3.45618701
vt 0.72200203 3.26417589
vt 0.45946500 3.26417589
vt 0.45946500 2.68834805
vt 0.72200203 2.68848491
vt 0.72200203 2.49654007
vt 0.89840001 2.68857694
vt 0.89840001 2.49664998
vt 0.89840001 2.30412507
vt 1.07479703 2.68866801
vt 1.07479703 2.49675894
vt 1.07479703 2.30412507
vt 1.07479703 2.11211395
vt 1.25119495 2.68876004
vt 1.25119495 2.49686909
vt 1.25119495 2.30412507
vt 1.07479703 2.30412507
vt 1.25119495 2.11211395
vt 1.25119495 1.92010403
vt 1.42759204 2.68885207
vt 1.42759204 2.49697804
vt 1.42759204 2.49697804
vt 1.42759204 2.30412507
vt 1.42759204 2.11211395
vt 1.42759204 1.92010403
vt 1.42759204 1.72809303
vt 1.60398996 2.68894410
vt 1.60398996 2.49708796
vt 1.60398996 2.30412507
vt 1.60398996 2.11211395
vt 1.60398996 1.92010403
vt 1.60398996 1.72809303
vt 1.60398996 1.53608298
vt 1.78038704 2.68903589
vt 1.78038704 2.49719810
vt 1.78038704 2.30412507
vt 1.78038704 2.11211395
vt 1.78038704 1.92010403
vt 1.78038704 1.72809303
vt 1.78038704 1.53608298
vt 1.78038704 1.34407306
vt 1.95678496 2.68912792
vt 1.95678496 2.49730706
vt 1.95678496 2.30412507
vt 1.95678496 2.11211395
vt 1.95678496 1.92010403
vt 1.95678496 1.72809303
vt 1.95678496 1.53608298
vt 1.95678496 1.34407306
vt 1.95678496 1.15206206
vt 2.13318205 2.68921900
vt 2.13318205 2.49741697
vt 2.13318205 2.30412507
vt 2.13318205 2.11211395
vt 2.13318205 1.92010403
vt 2.13318205 1.72809303
vt 2.13318205 1.53608298
vt 2.13318205 1.34407306
vt 2.13318205 1.15206206
vt 2.13318205 0.96171498
vt 2.35060906 2.68933296
vt 2.35060906 2.49755192
vt 2.35060906 2.30412507
vt 2.35060906 2.11211395
vt 2.35060906 1.92010403
vt 2.35060906 1.72809303
vt 2.35060906 1.53608298
vt 2.35060906 1.34407306
vt 2.35060906 1.15206206
vt 2.35060906 0.96174097
vt 2.35060906 0.76905102
vt 2.47778106 2.68939900
vt 2.47778106 2.49763107
vt 2.47778106 2.30412507
vt 2.47778106 2.11211395
vt 2.47778106 1.92010403
vt 2.47778106 1.72809303
vt 2.47778106 1.53608298
vt 2.47778106 1.34407306
vt 2.47778106 1.15206206
vt 2.47778106 0.96175599
vt 2.47778106 0.76910698
vt 2.47778106 0.57676297
vt 2.59264493 2.68945909
vt 2.59264493 2.49770188
vt 2.59264493 2.30412507
vt 2.59264493 2.11211395
vt 2.59264493 1.92010403
vt 2.59264493 1.72809303
vt 2.59264493 1.53608298
vt 2.59264493 1.34407306
vt 2.59264493 1.15206206
vt 2.59264493 0.96177000
vt 2.59264493 0.76915801
vt 2.59264493 0.57679802
vt 2.59264493 0.38455799
vt 0.45946500 1.92010403
vt 0.72200203 1.72809303
vt 0.89840001 1.53608298
vt 1.07479703 1.34407306
vt 1.07479703 1.34407306
vt 1.25119495 1.15206206
vt 1.42759204 0.96162897
vt 1.60398996 0.76871997
vt 1.78038704 0.57655102
vt 1.95678496 0.38442200
vt 0.45946500 0.96151203
vt 0.72200203 0.76832998
vt 0.89840001 0.57628298
vt 1.07479703 0.38423499
vt 1.07479703 0.38423499
vt 3.06548405 0.40614101
vt 3.06548405 0.59873599
vt 2.99202490 0.40614101
vt 2.98538089 0.59942198
vt 3.06548405 0.79118699
vt 2.97153592 0.79245400
vt 3.06548405 0.98360699
vt 2.95064306 0.98492903
vt 3.06548405 1.17610705
vt 2.92320395 1.17677796
vt 3.06548405 1.36860597
vt 2.88990498 1.36790001
vt 3.06548405 1.56093502
vt 2.85117292 1.55821705
vt 2.81412292 1.75010502
vt 2.80691791 1.74764204
vt 2.75568795 1.93563402
vt 2.81412292 1.94553602
vt 2.75334096 1.94087994
vt 2.74994302 1.94555795
vt 2.74139690 1.95316601
vt 2.72143006 1.96439898
vt 2.81412292 2.24601007
vt 2.71567011 2.24601007
vt 2.71567011 2.54561901
vt 2.60901189 2.54561901
vt 2.60901189 2.76902604
vt 2.47774005 2.76902604
vt 2.47774005 2.99243307
vt 2.35056996 2.99243307
vt 2.35056996 3.21583891
vt 2.13314700 3.21583891
vt 2.13314700 3.43924594
vt 1.95675302 3.43924594
vt 1.95675302 3.66265297
vt 1.78035796 3.66265297
vt 1.78035796 3.88605905
vt 1.60396397 3.88605905
vt 1.60396397 4.10946608
vt 1.42756903 4.10946608
vt 1.42756903 4.33287287
vt 1.25117397 4.33287287
vt 1.25117397 4.55627918
vt 1.07477999 4.55627918
vt 1.07477999 4.77968597
vt 0.89838499 4.77968597
vt 1.07477999 5.00382805
vt 0.89838499 5.00389290
vt 1.07477999 5.22649908
vt 0.89838499 5.22649908
vt 0.89838499 5.44990587
vt 0.72199100 5.44990587
vt 0.72199100 5.67331314
vt 0.59072399 5.67331314
vt 0.59072399 5.89671898
vt 0.45945799 5.89671898
vt 0.45945799 6.12012577
vt 0.36204201 6.12012577
vt 0.36204201 6.34353304
vt 0.26462701 6.34353304
vt 0.26462701 6.56693888
vt 0.16721091 6.56693888
vt 0.16721091 6.79034615
vt 0.06991600 6.60663080
vt 0.06993198 6.92711306
vt 0.16721091 7.01375294
vt 0.06997495 7.24767303
vt 0.16721091 7.23715878
vt 0.16721091 7.46056604
vt 0.26462701 7.23715878
vt 0.26462701 7.46056604
vt 0.36204201 7.23715878
vt 0.36204201 7.46056604
vt 0.45945799 7.23715878
vt 0.45945799 7.46056604
vt 0.59072399 7.23715878
vt 0.59072399 7.46056604
vt 0.72199100 7.23715878
vt 0.72199100 7.46056604
vt 0.89838499 7.23715878
vt 0.89838499 7.46056604
vt 1.07477999 7.23715878
vt 1.07477999 7.46056604
vt 1.25117397 7.23715878
vt 1.25117397 7.46056604
vt 1.42756903 7.23715878
vt 1.42756903 7.46056604
vt 1.60396397 7.23715878
vt 1.60396397 7.46056604
vt 1.78035796 7.23715878
vt 1.78035796 7.46056604
vt 1.95675302 7.23715878
vt 1.95675302 7.46056604
vt 2.13314700 7.23715878
vt 2.13314700 7.46056604
vt 2.35056996 7.23715878
vt 2.35056996 7.46056604
vt 2.47774005 7.23715878
vt 2.47774005 7.46056604
vt 2.60901189 7.23715878
vt 2.60901189 7.46056604
vt 2.71567011 7.23715878
vt 2.71567011 7.46056604
vt 2.81412292 7.23715878
vt 2.81412292 7.46056604
vt 3.06548405 7.31984186
vt 3.06548405 7.51138496
vt 3.06548309 1.75318599
vt 3.06548405 1.94545102
vt 3.06548500 2.13763499
vt 3.06548500 2.32948399
vt 2.81412292 2.54561901
vt 3.06548500 2.52110410
vt 3.06548500 2.71260905
vt 2.81412292 2.76902604
vt 3.06548405 2.90410995
vt 2.81412292 2.99243307
vt 3.06548405 3.09571791
vt 2.81412292 3.21583891
vt 3.06548405 3.28754497
vt 2.81412292 3.43924594
vt 3.06548405 3.47970605
vt 2.81412292 3.66265297
vt 3.06548405 3.67205095
vt 3.06548500 3.86427093
vt 2.81412292 3.88605905
vt 3.06548405 4.05648518
vt 2.81412292 4.10946608
vt 3.06548405 4.24882078
vt 2.81412292 4.33287287
vt 3.06548405 4.44119596
vt 2.81412292 4.55627918
vt 3.06548500 4.63344097
vt 2.81412292 4.77968597
vt 3.06548405 4.82567596
vt 2.81412292 5.00318480
vt 3.06548405 5.01802301
vt 3.06548500 5.21028280
vt 2.81412292 5.22649908
vt 3.06548500 5.40218782
vt 2.81412292 5.44990587
vt 3.06548405 5.59385395
vt 2.81412292 5.67331314
vt 3.06548405 5.78539801
vt 2.81412292 5.89671898
vt 3.06548500 5.97693396
vt 2.81412292 6.12012577
vt 3.06548405 6.16857290
vt 2.81412292 6.34353304
vt 3.06548405 6.36043215
vt 2.81412292 6.56693888
vt 3.06548500 6.55262899
vt 3.06548405 6.74481821
vt 2.81412292 6.79034615
vt 3.06548405 6.93667221
vt 2.81412292 7.01375294
vt 3.06548405 7.12830782
vt 2.81412292 7.68397284
vt 3.06548405 7.70305109
vt 2.81412292 7.90737915
vt 3.06548500 7.89495516
vt 3.06548405 8.08721066
vt 2.81412292 8.13078594
vt 3.06548405 8.27941418
vt 2.81412292 8.35419273
vt 3.06548500 8.47128201
vt 2.81412292 8.57759857
vt 3.06548500 8.66293335
vt 2.81412292 8.80100727
vt 3.06548405 8.85448170
vt 2.81412292 9.02441406
vt 3.06548405 9.04604721
vt 2.81412292 9.24781895
vt 3.06548405 9.23773670
vt 3.06548500 9.42967319
vt 2.81412292 9.47122574
vt 3.06548405 9.62196064
vt 2.81412292 9.69463253
vt 3.06548405 9.81414986
vt 2.81412292 10.01284027
vt 3.06548405 10.00601006
vt 3.06548405 10.19764996
vt 2.81412292 10.33104038
vt 3.06548405 10.38920021
vt 3.06548405 10.58076000
vt 2.81412292 10.64925003
vt 3.06548405 10.77243996
vt 2.81412292 10.96745968
vt 3.06548405 10.96438026
vt 2.81412292 11.15135002
vt 3.06548405 11.15666008
vt 2.81412292 11.33524990
vt 3.06548405 11.34895992
vt 2.81412292 11.51914024
vt 3.06548405 11.54117012
vt 2.81412292 11.70304012
vt 3.06548405 11.73338985
vt 2.81412292 11.95098972
vt 3.06548500 11.92572975
vt 3.06548500 12.11804962
vt 2.81412292 12.19894028
vt 3.06548405 12.31025028
vt 2.81412292 12.44688034
vt 3.06548500 12.50247002
vt 3.06548405 12.69482994
vt 2.71567011 12.44688034
vt 2.35372591 12.69482994
vt 2.60901189 12.44688034
vt 2.47774005 12.44688034
vt 2.60901189 12.19894028
vt 2.47774005 12.19894028
vt 2.60901189 11.95098972
vt 2.47774005 11.95098972
vt 2.60901189 11.70304012
vt 2.47774005 11.70304012
vt 2.60901189 11.51914024
vt 2.47774005 11.51914024
vt 2.60901189 11.33524990
vt 2.47774005 11.33524990
vt 2.60901189 11.15135002
vt 2.47774005 11.15135002
vt 2.60901189 10.96745968
vt 2.47774005 10.96745968
vt 2.60901189 10.64925003
vt 2.47774005 10.64925003
vt 2.60901189 10.33104038
vt 2.47774005 10.33104038
vt 2.60901189 10.01284027
vt 2.47774005 10.01284027
vt 2.60901189 9.69463253
vt 2.47774005 9.69463253
vt 2.60901189 9.47122574
vt 2.47774005 9.47122574
vt 2.60901189 9.24781895
vt 2.47774005 9.24781895
vt 2.60901189 9.02441406
vt 2.47774005 9.02441406
vt 2.60901189 8.80100727
vt 2.47774005 8.80100727
vt 2.60901189 8.57759857
vt 2.47774005 8.57759857
vt 2.60901189 8.35419273
vt 2.47774005 8.35419273
vt 2.60901189 8.13078594
vt 2.47774005 8.13078594
vt 2.60901189 7.90737915
vt 2.47774005 7.90737915
vt 2.60901189 7.68397284
vt 2.47774005 7.68397284
vt 2.35056996 12.44688034
vt 2.17520905 12.69482994
vt 2.13314700 12.44688034
vt 1.99555802 12.69482994
vt 1.95675302 12.44688034
vt 1.81447196 12.69482994
vt 1.78035796 12.44688034
vt 1.63164401 12.69482994
vt 1.60396397 12.44688034
vt 1.44677305 12.69482994
vt 1.42756903 12.44688034
vt 1.25955403 12.69482994
vt 1.25117397 12.44688034
vt 1.06968403 12.69482994
vt 1.07477999 12.44688034
vt 0.89838499 12.44688034
vt 1.07477999 12.19894028
vt 0.89838499 12.19894028
vt 1.07477999 11.95098972
vt 0.89838499 11.95098972
vt 1.07477999 11.70304012
vt 0.89838499 11.70304012
vt 1.07477999 11.51914024
vt 0.89838499 11.51914024
vt 1.07477999 11.33524990
vt 0.89838499 11.33524990
vt 1.07477999 11.15135002
vt 0.89838499 11.15135002
vt 1.07477999 10.96745968
vt 0.89838499 10.96745968
vt 1.07477999 10.64925003
vt 0.89838499 10.64925003
vt 1.07477999 10.33104038
vt 0.89838499 10.33104038
vt 1.07477999 10.01284027
vt 0.89838499 10.01284027
vt 1.07477999 9.69463253
vt 0.89838499 9.69463253
vt 1.07477999 9.47122574
vt 0.89838499 9.47122574
vt 1.07477999 9.24781895
vt 0.89838499 9.24781895
vt 1.07477999 9.02441406
vt 0.89838499 9.02441406
vt 1.07477999 8.80100727
vt 0.89838499 8.80100727
vt 1.07477999 8.57759857
vt 0.89838499 8.57759857
vt 1.07477999 8.35419273
vt 0.89838499 8.35419273
vt 1.07477999 8.13078594
vt 0.89838499 8.13078594
vt 1.07477999 7.90737915
vt 0.89838499 7.90737915
vt 1.07477999 7.68397284
vt 0.89838499 7.68397284
vt 0.87685901 12.69482994
vt 0.72199100 12.44688034
vt 0.72199100 12.19894028
vt 0.72199100 11.95098972
vt 0.72199100 11.70304012
vt 0.72199100 11.51914024
vt 0.72199100 11.33524990
vt 0.72199100 11.15135002
vt 0.72199100 10.96745968
vt 0.72199100 10.64925003
vt 0.72199100 10.33104038
vt 0.72199100 10.01284027
vt 0.72199100 9.69463253
vt 0.72199100 9.47122574
vt 0.72199100 9.24781895
vt 0.72199100 9.02441406
vt 0.72199100 8.80100727
vt 0.72199100 8.57759857
vt 0.72199100 8.35419273
vt 0.72199100 8.13078594
vt 0.72199100 7.90737915
vt 0.72199100 7.68397284
vt 0.68077600 12.69482994
vt 0.59072399 12.44688034
vt 0.59072399 12.19894028
vt 0.59072399 11.95098972
vt 0.59072399 11.70304012
vt 0.59072399 11.51914024
vt 0.59072399 11.33524990
vt 0.59072399 11.15135002
vt 0.59072399 10.96745968
vt 0.59072399 10.64925003
vt 0.59072399 10.33104038
vt 0.59072399 10.01284027
vt 0.59072399 9.69463253
vt 0.59072399 9.47122574
vt 0.59072399 9.24781895
vt 0.59072399 9.02441406
vt 0.59072399 8.80100727
vt 0.59072399 8.57759857
vt 0.59072399 8.35419273
vt 0.59072399 8.13078594
vt 0.59072399 7.90737915
vt 0.59072399 7.68397284
vt 0.48113099 12.69482994
vt 0.45945799 12.44688034
vt 0.45945799 12.19894028
vt 0.45945799 11.95098972
vt 0.45945799 11.70304012
vt 0.45945799 11.51914024
vt 0.45945799 11.33524990
vt 0.45945799 11.15135002
vt 0.45945799 10.96745968
vt 0.45945799 10.64925003
vt 0.45945799 10.33104038
vt 0.45945799 10.01284027
vt 0.45945799 9.69463253
vt 0.45945799 9.47122574
vt 0.45945799 9.24781895
vt 0.45945799 9.02441406
vt 0.45945799 8.80100727
vt 0.45945799 8.57759857
vt 0.45945799 8.35419273
vt 0.45945799 8.13078594
vt 0.45945799 7.90737915
vt 0.45945799 7.68397284
vt 0.36204201 12.44688034
vt 0.27761900 12.69482994
vt 0.26462701 12.44688034
vt 0.16721091 12.44688034
vt 0.26462701 12.19894028
vt 0.16721091 12.19894028
vt 0.26462701 11.95098972
vt 0.16721091 11.95098972
vt 0.26462701 11.70304012
vt 0.16721091 11.70304012
vt 0.26462701 11.51914024
vt 0.16721091 11.51914024
vt 0.26462701 11.33524990
vt 0.16721091 11.33524990
vt 0.26462701 11.15135002
vt 0.16721091 11.15135002
vt 0.26462701 10.96745968
vt 0.16721091 10.96745968
vt 0.26462701 10.64925003
vt 0.16721091 10.64925003
vt 0.26462701 10.33104038
vt 0.16721091 10.33104038
vt 0.26462701 10.01284027
vt 0.16721091 10.01284027
vt 0.26462701 9.69463253
vt 0.16721091 9.69463253
vt 0.26462701 9.47122574
vt 0.16721091 9.47122574
vt 0.26462701 9.24781895
vt 0.16721091 9.24781895
vt 0.26462701 9.02441406
vt 0.16721091 9.02441406
vt 0.26462701 8.80100727
vt 0.16721091 8.80100727
vt 0.26462701 8.57759857
vt 0.16721091 8.57759857
vt 0.26462701 8.35419273
vt 0.16721091 8.35419273
vt 0.26462701 8.13078594
vt 0.16721091 8.13078594
vt 0.26462701 7.90737915
vt 0.16721091 7.90737915
vt 0.26462701 7.68397284
vt 0.16721091 7.68397284
vt 0.06993895 12.69482994
vt 0.06990599 12.37430954
vt 0.06987297 12.05377007
vt 0.06990498 11.73326969
vt 0.06993997 11.41277981
vt 0.06992197 11.09257030
vt 0.06991100 10.77262974
vt 0.06990396 10.45242977
vt 0.06992697 10.13189983
vt 0.06991696 9.81140995
vt 0.06989598 9.49088001
vt 0.06992095 9.17045498
vt 0.06993800 8.84998035
vt 0.06989198 8.52946758
vt 0.06985896 8.20904255
vt 0.06989800 7.88858795
vt 0.06993496 7.56817102
vt 0.16721091 6.34353304
vt 0.06995499 6.28610802
vt 0.16721091 6.12012577
vt 0.06990700 5.96561480
vt 0.16721091 5.89671898
vt 0.06989496 5.64507914
vt 0.16721091 5.67331314
vt 0.16721091 5.44990587
vt 0.26462701 5.44990587
vt 0.26462701 5.22649908
vt 0.36204201 5.22649908
vt 0.26462701 5.00412703
vt 0.36204201 5.00409079
vt 0.26462701 4.77968597
vt 0.36204201 4.77968597
vt 0.36204201 4.55627918
vt 0.45945799 4.55627918
vt 0.45945799 4.33287287
vt 0.59072399 4.33287287
vt 0.59072399 4.10946608
vt 0.72199100 4.10946608
vt 0.72199100 3.88605905
vt 0.89838499 3.88605905
vt 0.89838499 3.66265297
vt 1.07477999 3.66265297
vt 1.07477999 3.43924594
vt 1.25117397 3.43924594
vt 1.25117397 3.21583891
vt 1.42756903 3.21583891
vt 1.42756903 2.99243307
vt 1.60396397 2.99243307
vt 1.60396397 2.76902604
vt 1.78035796 2.76902604
vt 1.78035796 2.54561901
vt 1.95675302 2.54561901
vt 1.95675302 2.24601007
vt 2.13314700 2.24601007
vt 2.05066204 2.07894802
vt 2.22933006 2.04810309
vt 0.06987297 5.32465315
vt 0.16721091 5.22649908
vt 0.16721091 5.00416279
vt 0.16721091 4.77968597
vt 0.26462701 4.55627918
vt 0.36204201 4.33287287
vt 0.45945799 4.10946608
vt 0.59072399 3.88605905
vt 0.72199100 3.66265297
vt 0.89838499 3.43924594
vt 1.07477999 3.21583891
vt 1.25117397 2.99243307
vt 1.42756903 2.76902604
vt 1.60396397 2.54561901
vt 1.78035796 2.24601007
vt 1.87207794 2.11155701
vt 0.06993496 5.00419903
vt 0.06999999 4.68379021
vt 0.16721091 4.55627918
vt 0.07002800 4.36326313
vt 0.16721091 4.33287287
vt 0.16721091 4.10946608
vt 0.26462701 4.10946608
vt 0.26462701 3.88605905
vt 0.36204201 3.88605905
vt 0.36204201 3.66265297
vt 0.45945799 3.66265297
vt 0.45945799 3.43924594
vt 0.59072399 3.43924594
vt 0.59072399 3.21583891
vt 0.72199100 3.21583891
vt 0.72199100 2.99243307
vt 0.89838499 2.99243307
vt 0.89838499 2.76902604
vt 1.07477999 2.76902604
vt 1.07477999 2.54561901
vt 1.25117397 2.54561901
vt 1.25117397 2.24601007
vt 1.42756903 2.24601007
vt 1.33251703 2.19305706
vt 1.51324105 2.17058706
vt 0.07002598 4.04273319
vt 0.16721091 3.88605905
vt 0.26462701 3.66265297
vt 0.36204201 3.43924594
vt 0.45945799 3.21583891
vt 0.59072399 2.99243307
vt 0.72199100 2.76902604
vt 0.89838499 2.54561901
vt 1.01427805 2.23324394
vt 1.07477999 2.24601007
vt 0.06995296 3.72221398
vt 0.16721091 3.66265297
vt 0.26462701 3.43924594
vt 0.26462701 3.43924594
vt 0.36204201 3.21583891
vt 0.45945799 2.99243307
vt 0.59072399 2.76902604
vt 0.72199100 2.54561901
vt 0.69749498 2.28693295
vt 0.06992697 3.40170097
vt 0.16721091 3.43924594
vt 0.26462701 3.21583891
vt 0.36204201 2.99243307
vt 0.45945799 2.76902604
vt 0.59072399 2.54561901
vt 0.16721091 3.21583891
vt 0.06993299 3.08121204
vt 0.16721091 2.99243307
vt 0.06994199 2.76080394
vt 0.16721091 2.76902604
vt 0.16721091 2.54561901
vt 0.26462701 2.54561901
vt 0.38256800 2.35535789
vt 0.36204201 2.54561901
vt 0.45945799 2.54561901
vt 0.36204201 2.76902604
vt 0.06993699 2.44029188
vt 1.60396397 2.24601007
vt 1.69304705 2.14280200
vt 2.35056996 2.24601007
vt 2.40904999 2.02478790
vt 2.47774005 2.24601007
vt 2.58948994 1.99974799
vt 2.60901189 2.24601007
vt 2.67842293 1.97971404
vt 2.47774005 2.54561901
vt 2.35056996 2.54561901
vt 2.13314700 2.54561901
vt 1.42756903 2.54561901
vt 2.71567011 2.76902604
vt 2.60901189 2.99243307
vt 2.47774005 3.21583891
vt 2.35056996 3.43924594
vt 2.13314700 3.66265297
vt 1.95675302 3.88605905
vt 1.78035796 4.10946608
vt 1.60396397 4.33287287
vt 1.42756903 4.55627918
vt 1.25117397 4.77968597
vt 1.25117397 5.00376320
vt 1.25117397 5.22649908
vt 1.07477999 5.44990587
vt 0.89838499 5.67331314
vt 0.72199100 5.89671898
vt 0.59072399 6.12012577
vt 0.45945799 6.34353304
vt 0.36204201 6.56693888
vt 0.26462701 6.79034615
vt 2.35056996 2.76902604
vt 2.13314700 2.76902604
vt 1.95675302 2.76902604
vt 1.25117397 2.76902604
vt 0.26462701 2.76902604
vt 0.26462701 2.99243307
vt 2.71567011 2.99243307
vt 2.60901189 3.21583891
vt 2.47774005 3.43924594
vt 2.35056996 3.66265297
vt 2.13314700 3.88605905
vt 1.95675302 4.10946608
vt 1.78035796 4.33287287
vt 1.60396397 4.55627918
vt 1.42756903 4.77968597
vt 1.42756903 5.00369692
vt 1.42756903 5.22649908
vt 1.25117397 5.44990587
vt 1.07477999 5.67331314
vt 0.89838499 5.89671898
vt 0.72199100 6.12012577
vt 0.59072399 6.34353304
vt 0.45945799 6.56693888
vt 0.36204201 6.79034615
vt 0.26462701 7.01375294
vt 2.13314700 2.99243307
vt 1.95675302 2.99243307
vt 1.78035796 2.99243307
vt 1.07477999 2.99243307
vt 2.71567011 3.21583891
vt 2.60901189 3.43924594
vt 2.47774005 3.66265297
vt 2.35056996 3.88605905
vt 2.13314700 4.10946608
vt 1.95675302 4.33287287
vt 1.78035796 4.55627918
vt 1.60396397 4.77968597
vt 1.60396397 5.00363207
vt 1.60396397 5.22649908
vt 1.42756903 5.44990587
vt 1.25117397 5.67331314
vt 1.07477999 5.89671898
vt 0.89838499 6.12012577
vt 0.72199100 6.34353304
vt 0.59072399 6.56693888
vt 0.45945799 6.79034615
vt 0.36204201 7.01375294
vt 1.95675302 3.21583891
vt 1.78035796 3.21583891
vt 1.60396397 3.21583891
vt 0.89838499 3.21583891
vt 2.71567011 3.43924594
vt 2.60901189 3.66265297
vt 2.47774005 3.88605905
vt 2.35056996 4.10946608
vt 2.13314700 4.33287287
vt 1.95675302 4.55627918
vt 1.78035796 4.77968597
vt 1.78035796 5.00356722
vt 1.78035796 5.22649908
vt 1.60396397 5.44990587
vt 1.42756903 5.67331314
vt 1.25117397 5.89671898
vt 1.07477999 6.12012577
vt 0.89838499 6.34353304
vt 0.72199100 6.56693888
vt 0.59072399 6.79034615
vt 0.45945799 7.01375294
vt 1.78035796 3.43924594
vt 1.60396397 3.43924594
vt 1.42756903 3.43924594
vt 0.72199100 3.43924594
vt 2.71567011 3.66265297
vt 2.60901189 3.88605905
vt 2.47774005 4.10946608
vt 2.35056996 4.33287287
vt 2.35056996 4.33287287
vt 2.13314700 4.55627918
vt 1.95675302 4.77968597
vt 1.95675302 5.00350189
vt 1.95675302 5.22649908
vt 1.78035796 5.44990587
vt 1.60396397 5.67331314
vt 1.42756903 5.89671898
vt 1.25117397 6.12012577
vt 1.07477999 6.34353304
vt 0.89838499 6.56693888
vt 0.72199100 6.79034615
vt 0.59072399 7.01375294
vt 1.60396397 3.66265297
vt 1.42756903 3.66265297
vt 1.25117397 3.66265297
vt 0.59072399 3.66265297
vt 2.71567011 3.88605905
vt 2.60901189 4.10946608
vt 2.47774005 4.33287287
vt 2.35056996 4.55627918
vt 2.13314700 4.77968597
vt 2.13314700 5.00343704
vt 2.13314700 5.22649908
vt 1.95675302 5.44990587
vt 1.78035796 5.67331314
vt 1.60396397 5.89671898
vt 1.42756903 6.12012577
vt 1.25117397 6.34353304
vt 1.07477999 6.56693888
vt 0.89838499 6.79034615
vt 0.72199100 7.01375294
vt 1.42756903 3.88605905
vt 1.25117397 3.88605905
vt 1.07477999 3.88605905
vt 0.45945799 3.88605905
vt 2.71567011 4.10946608
vt 2.60901189 4.33287287
vt 2.47774005 4.55627918
vt 2.35056996 4.77968597
vt 2.35056996 5.00335693
vt 2.35056996 5.22649908
vt 2.13314700 5.44990587
vt 1.95675302 5.67331314
vt 1.78035796 5.89671898
vt 1.60396397 6.12012577
vt 1.42756903 6.34353304
vt 1.25117397 6.56693888
vt 1.07477999 6.79034615
vt 0.89838499 7.01375294
vt 1.25117397 4.10946608
vt 1.07477999 4.10946608
vt 0.89838499 4.10946608
vt 0.36204201 4.10946608
vt 2.71567011 4.33287287
vt 2.60901189 4.55627918
vt 2.47774005 4.77968597
vt 2.47774005 5.00331020
vt 2.47774005 5.22649908
vt 2.35056996 5.44990587
vt 2.13314700 5.67331314
vt 1.95675302 5.89671898
vt 1.78035796 6.12012577
vt 1.60396397 6.34353304
vt 1.42756903 6.56693888
vt 1.25117397 6.79034615
vt 1.07477999 7.01375294
vt 1.07477999 4.33287287
vt 0.89838499 4.33287287
vt 0.72199100 4.33287287
vt 0.26462701 4.33287287
vt 2.71567011 4.55627918
vt 2.60901189 4.77968597
vt 2.60901189 5.00326109
vt 2.60901189 5.22649908
vt 2.47774005 5.44990587
vt 2.35056996 5.67331314
vt 2.13314700 5.89671898
vt 1.95675302 6.12012577
vt 1.78035796 6.34353304
vt 1.60396397 6.56693888
vt 1.42756903 6.79034615
vt 1.25117397 7.01375294
vt 0.89838499 4.55627918
vt 0.72199100 4.55627918
vt 0.59072399 4.55627918
vt 2.71567011 4.77968597
vt 2.71567011 5.00322199
vt 2.71567011 5.22649908
vt 2.60901189 5.44990587
vt 2.47774005 5.67331314
vt 2.35056996 5.89671898
vt 2.13314700 6.12012577
vt 1.95675302 6.34353304
vt 1.78035796 6.56693888
vt 1.60396397 6.79034615
vt 1.42756903 7.01375294
vt 0.72199100 4.77968597
vt 0.59072399 4.77968597
vt 0.45945799 4.77968597
vt 2.71567011 5.44990587
vt 2.60901189 5.67331314
vt 2.47774005 5.89671898
vt 2.35056996 6.12012577
vt 2.13314700 6.34353304
vt 1.95675302 6.56693888
vt 1.78035796 6.79034615
vt 1.60396397 7.01375294
vt 0.72199100 5.00395823
vt 0.59072399 5.00400591
vt 0.45945799 5.00405502
vt 0.72199100 5.22649908
vt 0.59072399 5.22649908
vt 0.45945799 5.22649908
vt 0.59072399 5.44990587
vt 0.45945799 5.44990587
vt 0.36204201 5.44990587
vt 2.71567011 5.67331314
vt 2.60901189 5.89671898
vt 2.47774005 6.12012577
vt 2.35056996 6.34353304
vt 2.13314700 6.56693888
vt 1.95675302 6.79034615
vt 1.78035796 7.01375294
vt 0.45945799 5.67331314
vt 0.36204201 5.67331314
vt 0.26462701 5.67331314
vt 2.71567011 5.89671898
vt 2.60901189 6.12012577
vt 2.47774005 6.34353304
vt 2.35056996 6.56693888
vt 2.13314700 6.79034615
vt 1.95675302 7.01375294
vt 0.36204201 5.89671898
vt 0.26462701 5.89671898
vt 2.71567011 6.12012577
vt 2.60901189 6.34353304
vt 2.47774005 6.56693888
vt 2.35056996 6.79034615
vt 2.13314700 7.01375294
vt 0.26462701 6.12012577
vt 2.71567011 6.34353304
vt 2.60901189 6.56693888
vt 2.47774005 6.79034615
vt 2.35056996 7.01375294
vt 2.71567011 6.56693888
vt 2.60901189 6.79034615
vt 2.47774005 7.01375294
vt 2.71567011 6.79034615
vt 2.60901189 7.01375294
vt 2.71567011 7.01375294
vt 2.71567011 7.68397284
vt 2.71567011 7.90737915
vt 2.71567011 8.13078594
vt 2.71567011 8.35419273
vt 2.71567011 8.57759857
vt 2.71567011 8.80100727
vt 2.71567011 9.02441406
vt 2.71567011 9.24781895
vt 2.71567011 9.47122574
vt 2.71567011 9.69463253
vt 2.71567011 10.01284027
vt 2.71567011 10.33104038
vt 2.71567011 10.64925003
vt 2.71567011 10.96745968
vt 2.71567011 11.15135002
vt 2.71567011 11.33524990
vt 2.71567011 11.51914024
vt 2.71567011 11.70304012
vt 2.71567011 11.95098972
vt 2.71567011 12.19894028
vt 2.35056996 7.68397284
vt 2.35056996 7.90737915
vt 2.35056996 8.13078594
vt 2.35056996 8.35419273
vt 2.35056996 8.57759857
vt 2.35056996 8.80100727
vt 2.35056996 9.02441406
vt 2.35056996 9.24781895
vt 2.35056996 9.47122574
vt 2.35056996 9.69463253
vt 2.35056996 10.01284027
vt 2.35056996 10.33104038
vt 2.35056996 10.64925003
vt 2.35056996 10.96745968
vt 2.35056996 11.15135002
vt 2.35056996 11.33524990
vt 2.35056996 11.51914024
vt 2.35056996 11.70304012
vt 2.35056996 11.95098972
vt 2.35056996 12.19894028
vt 2.13314700 7.68397284
vt 2.13314700 7.90737915
vt 2.13314700 8.13078594
vt 2.13314700 8.35419273
vt 2.13314700 8.57759857
vt 2.13314700 8.80100727
vt 2.13314700 9.02441406
vt 2.13314700 9.24781895
vt 2.13314700 9.47122574
vt 2.13314700 9.69463253
vt 2.13314700 10.01284027
vt 2.13314700 10.33104038
vt 2.13314700 10.64925003
vt 2.13314700 10.96745968
vt 2.13314700 11.15135002
vt 2.13314700 11.33524990
vt 2.13314700 11.51914024
vt 2.13314700 11.70304012
vt 2.13314700 11.95098972
vt 2.13314700 12.19894028
vt 1.95675302 7.68397284
vt 1.95675302 7.90737915
vt 1.95675302 8.13078594
vt 1.95675302 8.35419273
vt 1.95675302 8.57759857
vt 1.95675302 8.80100727
vt 1.95675302 9.02441406
vt 1.95675302 9.24781895
vt 1.95675302 9.47122574
vt 1.95675302 9.69463253
vt 1.95675302 10.01284027
vt 1.95675302 10.33104038
vt 1.95675302 10.64925003
vt 1.95675302 10.96745968
vt 1.95675302 11.15135002
vt 1.95675302 11.33524990
vt 1.95675302 11.51914024
vt 1.95675302 11.70304012
vt 1.95675302 11.95098972
vt 1.95675302 12.19894028
vt 1.78035796 7.68397284
vt 1.78035796 7.90737915
vt 1.78035796 8.13078594
vt 1.78035796 8.35419273
vt 1.78035796 8.57759857
vt 1.78035796 8.80100727
vt 1.78035796 9.02441406
vt 1.78035796 9.24781895
vt 1.78035796 9.47122574
vt 1.78035796 9.69463253
vt 1.78035796 10.01284027
vt 1.78035796 10.33104038
vt 1.78035796 10.64925003
vt 1.78035796 10.96745968
vt 1.78035796 11.15135002
vt 1.78035796 11.33524990
vt 1.78035796 11.51914024
vt 1.78035796 11.70304012
vt 1.78035796 11.95098972
vt 1.78035796 12.19894028
vt 1.60396397 7.68397284
vt 1.60396397 7.90737915
vt 1.60396397 8.13078594
vt 1.60396397 8.35419273
vt 1.60396397 8.57759857
vt 1.60396397 8.80100727
vt 1.60396397 9.02441406
vt 1.60396397 9.24781895
vt 1.60396397 9.47122574
vt 1.60396397 9.69463253
vt 1.60396397 10.01284027
vt 1.60396397 10.33104038
vt 1.60396397 10.64925003
vt 1.60396397 10.96745968
vt 1.60396397 11.15135002
vt 1.60396397 11.33524990
vt 1.60396397 11.51914024
vt 1.60396397 11.70304012
vt 1.60396397 11.95098972
vt 1.60396397 12.19894028
vt 1.42756903 7.68397284
vt 1.42756903 7.90737915
vt 1.42756903 8.13078594
vt 1.42756903 8.35419273
vt 1.42756903 8.57759857
vt 1.42756903 8.80100727
vt 1.42756903 9.02441406
vt 1.42756903 9.24781895
vt 1.42756903 9.47122574
vt 1.42756903 9.69463253
vt 1.42756903 10.01284027
vt 1.42756903 10.33104038
vt 1.42756903 10.64925003
vt 1.42756903 10.96745968
vt 1.42756903 11.15135002
vt 1.42756903 11.33524990
vt 1.42756903 11.51914024
vt 1.42756903 11.70304012
vt 1.42756903 11.95098972
vt 1.42756903 12.19894028
vt 1.25117397 7.68397284
vt 1.25117397 7.90737915
vt 1.25117397 8.13078594
vt 1.25117397 8.35419273
vt 1.25117397 8.57759857
vt 1.25117397 8.80100727
vt 1.25117397 9.02441406
vt 1.25117397 9.24781895
vt 1.25117397 9.47122574
vt 1.25117397 9.69463253
vt 1.25117397 10.01284027
vt 1.25117397 10.33104038
vt 1.25117397 10.64925003
vt 1.25117397 10.96745968
vt 1.25117397 11.15135002
vt 1.25117397 11.33524990
vt 1.25117397 11.51914024
vt 1.25117397 11.70304012
vt 1.25117397 11.95098972
vt 1.25117397 12.19894028
vt 0.36204201 7.68397284
vt 0.36204201 7.90737915
vt 0.36204201 8.13078594
vt 0.36204201 8.35419273
vt 0.36204201 8.57759857
vt 0.36204201 8.80100727
vt 0.36204201 9.02441406
vt 0.36204201 9.24781895
vt 0.36204201 9.47122574
vt 0.36204201 9.69463253
vt 0.36204201 10.01284027
vt 0.36204201 10.33104038
vt 0.36204201 10.64925003
vt 0.36204201 10.96745968
vt 0.45945799 10.96745968
vt 0.36204201 11.15135002
vt 0.36204201 11.33524990
vt 0.36204201 11.51914024
vt 0.36204201 11.70304012
vt 0.36204201 11.95098972
vt 0.36204201 12.19894028
vt 0.01476895 0.36670500
vt 0.01565599 0.36387599
vt 1.36247694 0.36670500
vt 0.01686596 0.36124301
vt 0.02009195 0.35644099
vt 0.02834194 0.34846500
vt 1.35191500 0.32086700
vt 2.71018505 0.36670500
vt 2.70724607 0.29119700
vt 1.35191500 0.27502900
vt 2.70498395 0.21896100
vt 1.35191500 0.22919101
vt 1.35191500 0.18335301
vt 0.71891701 0.19334599
vt 0.89651603 0.14981399
vt 0.04786396 0.33647299
vt 0.09039300 0.31948701
vt 0.17884700 0.29596701
vt 0.35890999 0.26359200
vt 0.53989297 0.23264900
vt 1.35191500 0.13751391
vt 1.07306004 0.10328800
vt 1.35191500 0.09167599
vt 1.24866402 0.05365300
vt 2.70297194 0.07552599
vt 1.35191500 0.04583799
vt 2.70333791 0.00000000
vt 1.42331100 0.00000200
vt 2.27775502 0.00000000
vt 1.85108805 0.00000000
vt 2.70353103 0.14777100
vt -1.29908299 -0.00732499
vt -0.99821800 -0.12723599
vt -0.87067199 -0.01183098
vt -0.70681798 -0.26847199
vt -0.44226301 -0.01650595
vt -0.42552301 -0.42879701
vt -0.01385599 -0.02135097
vt -0.01385599 -0.60196698
vt -0.04907798 -0.60301697
vt -0.08430099 -0.60406798
vt -0.11952300 -0.60512203
vt -0.15474591 -0.60617602
f 1/1 2/2 3/3
f 3/3 2/2 4/4
f 3/3 4/4 5/5
f 6/6 7/7 1/1
f 1/1 7/7 8/8
f 1/1 8/8 2/2
f 7/7 6/6 9/9
f 9/9 6/6 10/10
f 9/9 10/10 11/11
f 11/11 10/10 12/12
f 12/12 10/10 13/13
f 12/12 13/13 14/14
f 12/12 14/14 15/15
f 15/15 14/14 16/16
f 15/15 16/16 17/17
f 17/17 16/16 18/18
f 18/18 16/16 19/19
f 18/18 19/19 20/20
f 20/20 19/19 21/21
f 20/20 21/21 22/22
f 22/22 21/21 23/23
f 22/22 23/23 24/24
f 24/24 23/23 25/25
f 24/24 25/25 26/26
f 26/26 25/25 27/27
f 26/26 27/27 28/28
f 28/28 27/27 29/29
f 28/28 29/29 30/30
f 30/30 29/29 31/31
f 31/31 29/29 32/32
f 31/31 32/32 33/33
f 33/33 32/32 34/34
f 34/34 32/32 35/35
f 34/34 35/35 36/36
f 36/36 35/35 37/37
f 37/37 35/35 38/38
f 37/37 38/38 39/39
f 39/39 38/38 40/40
f 40/40 38/38 41/41
f 40/40 41/41 42/42
f 42/42 41/41 43/43
f 42/42 43/43 44/44
f 44/44 43/43 45/45
f 44/44 45/45 46/46
f 46/46 45/45 47/47
f 46/46 47/47 48/48
f 48/48 47/47 49/49
f 48/48 49/49 50/50
f 50/50 49/49 51/51
f 50/50 51/51 52/52
f 52/52 51/51 53/53
f 52/52 53/53 54/54
f 54/54 53/53 55/55
f 54/54 55/55 56/56
f 56/56 55/55 57/57
f 56/56 57/57 58/58
f 58/58 57/57 59/59
f 58/58 59/59 60/60
f 60/60 59/59 61/61
f 60/60 61/61 62/62
f 62/62 61/61 63/63
f 62/62 63/63 64/64
f 64/64 63/63 65/65
f 64/64 65/65 66/66
f 66/66 65/65 67/67
f 67/67 65/65 68/68
f 67/67 68/68 69/69
f 69/69 68/68 70/70
f 70/70 68/68 71/71
f 70/70 71/71 72/72
f 72/72 71/71 73/73
f 72/72 73/73 74/74
f 74/74 73/73 75/75
f 74/74 75/75 76/76
f 76/76 77/77 74/74
f 74/74 77/77 78/78
f 74/74 78/78 79/79
f 3/3 5/5 80/80
f 80/80 5/5 81/81
f 80/80 81/81 82/82
f 82/82 81/81 83/83
f 82/82 83/83 84/84
f 84/84 83/83 85/85
f 84/84 85/85 86/86
f 86/86 85/85 87/87
f 86/86 87/87 88/88
f 88/88 87/87 89/89
f 88/88 89/89 90/90
f 90/90 89/89 91/91
f 90/90 91/91 92/92
f 90/90 92/92 93/93
f 93/93 92/92 94/94
f 93/93 94/94 95/95
f 93/93 95/95 96/96
f 96/96 95/95 97/97
f 96/96 97/97 98/98
f 96/96 98/98 99/99
f 99/99 98/98 100/100
f 99/99 100/100 101/101
f 101/101 100/100 102/102
f 101/101 102/102 103/103
f 103/103 102/102 104/104
f 103/103 104/104 105/105
f 105/105 104/104 106/106
f 105/105 106/106 107/107
f 107/107 106/106 108/108
f 107/107 108/108 109/109
f 109/109 108/108 110/110
f 109/109 110/110 111/111
f 111/111 110/110 112/112
f 111/111 112/112 113/113
f 113/113 112/112 114/114
f 113/113 114/114 115/115
f 115/115 114/114 116/116
f 115/115 116/116 117/117
f 115/115 117/117 118/118
f 118/118 117/117 119/119
f 118/118 119/119 120/120
f 118/118 120/120 121/121
f 121/121 120/120 122/122
f 121/121 122/122 123/123
f 123/123 122/122 124/124
f 123/123 124/124 125/125
f 123/123 125/125 126/126
f 126/126 125/125 127/127
f 126/126 127/127 128/128
f 126/126 128/128 129/129
f 129/129 128/128 130/130
f 129/129 130/130 131/131
f 129/129 131/131 132/132
f 132/132 131/131 133/133
f 132/132 133/133 134/134
f 134/134 133/133 135/135
f 134/134 135/135 136/136
f 136/136 135/135 137/137
f 136/136 137/137 138/138
f 138/138 137/137 139/139
f 138/138 139/139 140/140
f 138/138 140/140 141/141
f 141/141 140/140 142/142
f 141/141 142/142 143/143
f 141/141 143/143 144/144
f 144/144 143/143 145/145
f 144/144 145/145 146/146
f 146/146 145/145 147/147
f 146/146 147/147 148/148
f 148/148 147/147 149/149
f 148/148 149/149 150/150
f 150/150 149/149 151/151
f 150/150 151/151 152/152
f 153/153 154/154 152/152
f 152/152 154/154 155/155
f 152/152 155/155 156/156
f 156/156 157/157 152/152
f 152/152 157/157 150/150
f 158/158 159/159 160/160
f 160/160 159/159 161/161
f 161/161 159/159 162/162
f 161/161 162/162 163/163
f 163/163 162/162 164/164
f 163/163 164/164 165/165
f 165/165 166/166 163/163
f 163/163 166/166 167/167
f 163/163 167/167 168/168
f 168/168 169/169 163/163
f 170/170 171/171 172/172
f 172/172 171/171 173/173
f 172/172 173/173 174/174
f 175/175 176/176 170/170
f 170/170 176/176 177/177
f 170/170 177/177 171/171
f 171/171 177/177 173/173
f 176/176 175/175 178/178
f 178/178 175/175 179/179
f 178/178 179/179 180/180
f 180/180 179/179 181/181
f 180/180 181/181 182/182
f 182/182 181/181 183/183
f 182/182 183/183 184/184
f 182/182 184/184 185/185
f 185/185 184/184 186/186
f 185/185 186/186 187/187
f 187/187 186/186 188/188
f 187/187 188/188 189/189
f 189/189 190/190 187/187
f 187/187 190/190 191/191
f 187/187 191/191 192/192
f 190/190 193/193 191/191
f 191/191 193/193 194/194
f 191/191 194/194 195/195
f 195/195 196/196 191/191
f 192/192 197/197 187/187
f 187/187 197/197 185/185
f 197/197 198/198 185/185
f 185/185 198/198 182/182
f 182/182 198/198 180/180
f 180/180 198/198 199/199
f 180/180 199/199 178/178
f 178/178 199/199 176/176
f 199/199 177/177 176/176
f 174/174 200/200 172/172
f 201/201 202/202 203/203
f 203/203 202/202 204/204
f 203/203 204/204 205/205
f 206/206 207/207 208/208
f 206/206 208/208 209/209
f 209/209 208/208 210/210
f 209/209 210/210 211/211
f 211/211 210/210 212/212
f 211/211 212/212 213/213
f 213/213 212/212 214/214
f 214/214 212/212 215/215
f 214/214 215/215 216/216
f 216/216 215/215 217/217
f 216/216 217/217 218/218
f 218/218 217/217 219/219
f 218/218 219/219 220/220
f 202/202 201/201 221/221
f 221/221 201/201 222/222
f 221/221 222/222 223/223
f 223/223 222/222 224/224
f 223/223 224/224 225/225
f 222/222 226/226 224/224
f 224/224 226/226 227/227
f 227/227 226/226 228/228
f 227/227 228/228 229/229
f 227/227 229/229 230/230
f 230/230 229/229 231/231
f 230/230 231/231 232/232
f 232/232 231/231 233/233
f 232/232 233/233 234/234
f 234/234 233/233 235/235
f 223/223 225/225 236/236
f 236/236 225/225 237/237
f 236/236 237/237 238/238
f 239/239 240/240 241/241
f 241/241 240/240 210/210
f 241/241 210/210 208/208
f 242/242 243/243 244/244
f 244/244 243/243 245/245
f 245/245 243/243 246/246
f 245/245 246/246 247/247
f 247/247 246/246 248/248
f 248/248 246/246 249/249
f 250/250 251/251 252/252
f 252/252 251/251 253/253
f 254/254 255/255 256/256
f 256/256 255/255 257/257
f 256/256 257/257 258/258
f 256/256 258/258 259/259
f 259/259 258/258 260/260
f 259/259 260/260 261/261
f 262/262 263/263 264/264
f 264/264 263/263 265/265
f 266/266 267/267 268/268
f 268/268 267/267 269/269
f 268/268 269/269 270/270
f 270/270 269/269 271/271
f 270/270 271/271 272/272
f 272/272 271/271 273/273
f 272/272 273/273 274/274
f 274/274 273/273 275/275
f 274/274 275/275 276/276
f 276/276 275/275 277/277
f 276/276 277/277 278/278
f 278/278 277/277 279/279
f 278/278 279/279 280/280
f 280/280 279/279 281/281
f 280/280 281/281 282/282
f 282/282 281/281 283/283
f 282/282 283/283 284/284
f 284/284 283/283 285/285
f 284/284 285/285 286/286
f 286/286 285/285 287/287
f 286/286 287/287 288/288
f 289/289 290/290 266/266
f 266/266 290/290 291/291
f 266/266 291/291 267/267
f 267/267 291/291 292/292
f 267/267 292/292 293/293
f 293/293 292/292 294/294
f 293/293 294/294 295/295
f 295/295 294/294 296/296
f 295/295 296/296 297/297
f 297/297 296/296 298/298
f 297/297 298/298 299/299
f 299/299 298/298 300/300
f 299/299 300/300 301/301
f 301/301 300/300 302/302
f 301/301 302/302 303/303
f 303/303 302/302 304/304
f 303/303 304/304 305/305
f 305/305 304/304 306/306
f 305/305 306/306 307/307
f 307/307 306/306 308/308
f 307/307 308/308 309/309
f 309/309 308/308 310/310
f 309/309 310/310 311/311
f 311/311 310/310 312/312
f 311/311 312/312 313/313
f 313/313 312/312 314/314
f 313/313 314/314 315/315
f 315/315 314/314 316/316
f 315/315 316/316 317/317
f 317/317 316/316 318/318
f 317/317 318/318 319/319
f 319/319 318/318 320/320
f 319/319 320/320 321/321
f 321/321 320/320 322/322
f 321/321 322/322 323/323
f 323/323 322/322 324/324
f 323/323 324/324 325/325
f 325/325 324/324 326/326
f 325/325 326/326 327/327
f 327/327 326/326 328/328
f 327/327 328/328 329/329
f 329/329 328/328 330/330
f 329/329 330/330 331/331
f 331/331 330/330 332/332
f 331/331 332/332 333/333
f 333/333 332/332 334/334
f 333/333 334/334 335/335
f 335/335 334/334 336/336
f 335/335 336/336 337/337
f 337/337 336/336 338/338
f 337/337 338/338 339/339
f 339/339 338/338 340/340
f 339/339 340/340 341/341
f 341/341 340/340 342/342
f 341/341 342/342 343/343
f 343/343 342/342 344/344
f 343/343 344/344 345/345
f 345/345 344/344 346/346
f 346/346 344/344 347/347
f 346/346 347/347 348/348
f 348/348 347/347 349/349
f 348/348 349/349 350/350
f 350/350 349/349 351/351
f 350/350 351/351 352/352
f 352/352 351/351 353/353
f 352/352 353/353 354/354
f 354/354 353/353 355/355
f 354/354 355/355 356/356
f 356/356 355/355 357/357
f 356/356 357/357 358/358
f 358/358 357/357 359/359
f 358/358 359/359 360/360
f 360/360 359/359 361/361
f 360/360 361/361 362/362
f 362/362 361/361 363/363
f 362/362 363/363 364/364
f 364/364 363/363 365/365
f 364/364 365/365 366/366
f 366/366 365/365 367/367
f 366/366 367/367 368/368
f 368/368 367/367 369/369
f 368/368 369/369 370/370
f 370/370 369/369 371/371
f 370/370 371/371 372/372
f 372/372 371/371 373/373
f 372/372 373/373 374/374
f 374/374 373/373 375/375
f 374/374 375/375 376/376
f 376/376 375/375 377/377
f 376/376 377/377 378/378
f 378/378 377/377 379/379
f 378/378 379/379 380/380
f 380/380 379/379 381/381
f 380/380 381/381 382/382
f 382/382 381/381 383/383
f 382/382 383/383 384/384
f 384/384 383/383 385/385
f 384/384 385/385 386/386
f 386/386 385/385 387/387
f 386/386 387/387 388/388
f 388/388 387/387 389/389
f 388/388 389/389 390/390
f 390/390 389/389 391/391
f 390/390 391/391 392/392
f 392/392 391/391 393/393
f 392/392 393/393 394/394
f 394/394 393/393 395/395
f 394/394 395/395 396/396
f 396/396 395/395 397/397
f 396/396 397/397 398/398
f 398/398 397/397 399/399
f 398/398 399/399 400/400
f 400/400 399/399 401/401
f 400/400 401/401 402/402
f 402/402 401/401 403/403
f 402/402 403/403 404/404
f 404/404 403/403 405/405
f 404/404 405/405 406/406
f 406/406 405/405 407/407
f 406/406 407/407 408/408
f 408/408 407/407 409/409
f 408/408 409/409 410/410
f 410/410 409/409 411/411
f 410/410 411/411 412/412
f 412/412 411/411 413/413
f 412/412 413/413 414/414
f 414/414 413/413 415/415
f 414/414 415/415 416/416
f 417/417 415/415 418/418
f 417/417 418/418 419/419
f 419/419 418/418 420/420
f 419/419 420/420 421/421
f 421/421 420/420 422/422
f 421/421 422/422 423/423
f 423/423 422/422 424/424
f 423/423 424/424 425/425
f 425/425 424/424 426/426
f 425/425 426/426 427/427
f 427/427 426/426 428/428
f 428/428 426/426 429/429
f 428/428 429/429 430/430
f 430/430 429/429 431/431
f 430/430 431/431 432/432
f 432/432 431/431 433/433
f 432/432 433/433 434/434
f 434/434 433/433 435/435
f 434/434 435/435 436/436
f 436/436 435/435 437/437
f 436/436 437/437 438/438
f 438/438 439/439 440/440
f 438/438 440/440 441/441
f 441/441 440/440 442/442
f 441/441 442/442 443/443
f 443/443 442/442 444/444
f 443/443 444/444 445/445
f 445/445 444/444 446/446
f 445/445 446/446 447/447
f 447/447 446/446 448/448
f 447/447 448/448 449/449
f 449/449 448/448 450/450
f 449/449 450/450 451/451
f 451/451 450/450 452/452
f 451/451 452/452 453/453
f 453/453 452/452 454/454
f 453/453 454/454 455/455
f 455/455 454/454 456/456
f 455/455 456/456 457/457
f 457/457 456/456 369/369
f 457/457 369/369 367/367
f 290/290 289/289 458/458
f 458/458 289/289 459/459
f 458/458 459/459 460/460
f 460/460 459/459 461/461
f 460/460 461/461 462/462
f 462/462 461/461 463/463
f 462/462 463/463 464/464
f 464/464 463/463 465/465
f 464/464 465/465 466/466
f 459/459 467/467 461/461
f 461/461 467/467 465/465
f 461/461 465/465 463/463
f 468/468 469/469 466/466
f 466/466 469/469 470/470
f 466/466 470/470 464/464
f 464/464 470/470 471/471
f 464/464 471/471 462/462
f 462/462 471/471 472/472
f 462/462 472/472 460/460
f 460/460 472/472 473/473
f 460/460 473/473 458/458
f 458/458 473/473 474/474
f 458/458 474/474 290/290
f 290/290 474/474 475/475
f 290/290 475/475 291/291
f 291/291 475/475 292/292
f 469/469 468/468 476/476
f 476/476 468/468 477/477
f 476/476 477/477 478/478
f 478/478 477/477 479/479
f 478/478 479/479 480/480
f 480/480 479/479 481/481
f 480/480 481/481 482/482
f 482/482 481/481 483/483
f 482/482 483/483 484/484
f 484/484 483/483 485/485
f 484/484 485/485 486/486
f 486/486 485/485 487/487
f 486/486 487/487 488/488
f 488/488 487/487 489/489
f 488/488 489/489 490/490
f 490/490 489/489 491/491
f 490/490 491/491 492/492
f 492/492 491/491 493/493
f 492/492 493/493 494/494
f 494/494 493/493 495/495
f 494/494 495/495 496/496
f 496/496 495/495 497/497
f 496/496 497/497 498/498
f 498/498 497/497 499/499
f 498/498 499/499 500/500
f 500/500 499/499 501/501
f 500/500 501/501 502/502
f 502/502 501/501 503/503
f 502/502 503/503 504/504
f 504/504 503/503 505/505
f 504/504 505/505 506/506
f 506/506 505/505 507/507
f 506/506 507/507 508/508
f 508/508 507/507 509/509
f 508/508 510/510 511/511
f 511/511 510/510 512/512
f 511/511 512/512 513/513
f 513/513 512/512 514/514
f 513/513 514/514 515/515
f 515/515 514/514 516/516
f 515/515 516/516 517/517
f 517/517 516/516 518/518
f 517/517 518/518 519/519
f 519/519 518/518 520/520
f 519/519 520/520 521/521
f 521/521 520/520 522/522
f 521/521 522/522 523/523
f 523/523 522/522 524/524
f 523/523 524/524 525/525
f 525/525 524/524 526/526
f 525/525 526/526 527/527
f 527/527 526/526 528/528
f 527/527 528/528 529/529
f 529/529 528/528 530/530
f 529/529 530/530 357/357
f 357/357 530/530 359/359
f 477/477 531/531 479/479
f 479/479 531/531 481/481
f 481/481 531/531 483/483
f 483/483 531/531 532/532
f 483/483 532/532 485/485
f 485/485 532/532 533/533
f 485/485 533/533 487/487
f 487/487 533/533 489/489
f 533/533 534/534 489/489
f 489/489 534/534 491/491
f 491/491 534/534 493/493
f 493/493 534/534 535/535
f 493/493 535/535 495/495
f 495/495 535/535 536/536
f 495/495 536/536 497/497
f 497/497 536/536 499/499
f 536/536 537/537 499/499
f 499/499 537/537 501/501
f 501/501 537/537 538/538
f 538/538 537/537 539/539
f 538/538 539/539 540/540
f 540/540 539/539 541/541
f 540/540 541/541 542/542
f 542/542 541/541 543/543
f 542/542 543/543 544/544
f 544/544 543/543 545/545
f 544/544 545/545 546/546
f 546/546 545/545 547/547
f 546/546 547/547 548/548
f 548/548 547/547 549/549
f 548/548 549/549 550/550
f 550/550 549/549 551/551
f 550/550 551/551 552/552
f 552/552 551/551 553/553
f 552/552 553/553 554/554
f 554/554 553/553 555/555
f 554/554 555/555 556/556
f 556/556 555/555 557/557
f 556/556 557/557 558/558
f 558/558 557/557 559/559
f 558/558 559/559 560/560
f 560/560 559/559 561/561
f 560/560 561/561 562/562
f 562/562 561/561 563/563
f 562/562 563/563 564/564
f 564/564 563/563 565/565
f 564/564 565/565 566/566
f 566/566 565/565 567/567
f 566/566 567/567 568/568
f 568/568 567/567 569/569
f 568/568 569/569 570/570
f 570/570 569/569 571/571
f 570/570 571/571 365/365
f 365/365 571/571 367/367
f 541/541 572/572 543/543
f 543/543 572/572 545/545
f 545/545 572/572 573/573
f 573/573 572/572 574/574
f 573/573 574/574 575/575
f 575/575 574/574 576/576
f 575/575 576/576 577/577
f 577/577 576/576 578/578
f 577/577 578/578 579/579
f 579/579 578/578 580/580
f 579/579 580/580 581/581
f 581/581 580/580 582/582
f 581/581 582/582 583/583
f 583/583 582/582 584/584
f 583/583 584/584 585/585
f 585/585 584/584 586/586
f 585/585 586/586 587/587
f 587/587 586/586 588/588
f 587/587 588/588 589/589
f 589/589 588/588 590/590
f 589/589 590/590 591/591
f 591/591 590/590 592/592
f 591/591 592/592 593/593
f 593/593 592/592 594/594
f 593/593 594/594 595/595
f 595/595 594/594 596/596
f 595/595 596/596 597/597
f 597/597 596/596 451/451
f 597/597 451/451 453/453
f 576/576 598/598 578/578
f 578/578 598/598 599/599
f 578/578 599/599 580/580
f 580/580 599/599 600/600
f 580/580 600/600 582/582
f 582/582 600/600 601/601
f 582/582 601/601 584/584
f 584/584 601/601 602/602
f 584/584 602/602 586/586
f 586/586 602/602 603/603
f 586/586 603/603 588/588
f 588/588 603/603 604/604
f 588/588 604/604 590/590
f 590/590 604/604 605/605
f 590/590 605/605 592/592
f 592/592 605/605 606/606
f 592/592 606/606 594/594
f 594/594 606/606 607/607
f 594/594 607/607 596/596
f 596/596 607/607 449/449
f 596/596 449/449 451/451
f 599/599 598/598 608/608
f 608/608 598/598 609/609
f 608/608 609/609 610/610
f 610/610 609/609 611/611
f 610/610 611/611 612/612
f 612/612 611/611 613/613
f 612/612 613/613 614/614
f 614/614 613/613 615/615
f 614/614 615/615 616/616
f 616/616 615/615 617/617
f 616/616 617/617 618/618
f 618/618 617/617 619/619
f 618/618 619/619 620/620
f 620/620 619/619 621/621
f 620/620 622/622 623/623
f 623/623 621/621 441/441
f 623/623 441/441 443/443
f 611/611 624/624 613/613
f 613/613 624/624 625/625
f 613/613 625/625 615/615
f 615/615 625/625 626/626
f 615/615 626/626 617/617
f 617/617 626/626 627/627
f 617/617 627/627 619/619
f 619/619 627/627 628/628
f 619/619 628/628 621/621
f 621/621 628/628 438/438
f 621/621 438/438 441/441
f 625/625 624/624 629/629
f 629/629 624/624 630/630
f 629/629 630/630 631/631
f 631/631 630/630 632/632
f 631/631 632/632 633/633
f 633/633 632/632 430/430
f 633/633 430/430 432/432
f 632/632 428/428 430/430
f 427/427 634/634 425/425
f 425/425 634/634 635/635
f 425/425 635/635 423/423
f 423/423 635/635 636/636
f 423/423 636/636 421/421
f 421/421 636/636 637/637
f 421/421 637/637 419/419
f 419/419 637/637 638/638
f 419/419 638/638 417/417
f 416/416 638/638 639/639
f 416/416 639/639 414/414
f 414/414 639/639 640/640
f 414/414 640/640 412/412
f 412/412 640/640 641/641
f 412/412 641/641 410/410
f 410/410 641/641 642/642
f 410/410 642/642 408/408
f 408/408 642/642 643/643
f 408/408 643/643 406/406
f 406/406 643/643 644/644
f 406/406 644/644 404/404
f 404/404 644/644 645/645
f 404/404 645/645 402/402
f 402/402 645/645 646/646
f 402/402 646/646 400/400
f 400/400 646/646 647/647
f 400/400 647/647 398/398
f 635/635 634/634 648/648
f 648/648 634/634 649/649
f 648/648 649/649 650/650
f 650/650 649/649 651/651
f 650/650 651/651 652/652
f 652/652 651/651 653/653
f 652/652 653/653 654/654
f 654/654 653/653 655/655
f 654/654 655/655 656/656
f 656/656 655/655 657/657
f 656/656 657/657 658/658
f 658/658 657/657 659/659
f 658/658 659/659 660/660
f 660/660 659/659 661/661
f 660/660 661/661 662/662
f 662/662 661/661 663/663
f 662/662 663/663 664/664
f 664/664 663/663 665/665
f 664/664 665/665 666/666
f 666/666 665/665 667/667
f 666/666 667/667 668/668
f 668/668 667/667 669/669
f 668/668 669/669 670/670
f 649/649 671/671 651/651
f 651/651 671/671 672/672
f 651/651 672/672 653/653
f 653/653 672/672 673/673
f 653/653 673/673 655/655
f 655/655 673/673 674/674
f 655/655 674/674 657/657
f 657/657 674/674 675/675
f 657/657 675/675 659/659
f 659/659 675/675 676/676
f 659/659 676/676 661/661
f 661/661 676/676 677/677
f 661/661 677/677 663/663
f 663/663 677/677 678/678
f 663/663 678/678 665/665
f 665/665 678/678 679/679
f 665/665 679/679 667/667
f 667/667 679/679 680/680
f 667/667 680/680 669/669
f 671/671 681/681 672/672
f 672/672 681/681 682/682
f 672/672 682/682 673/673
f 673/673 682/682 683/683
f 673/673 683/683 674/674
f 674/674 683/683 684/684
f 674/674 684/684 675/675
f 675/675 684/684 685/685
f 675/675 685/685 676/676
f 676/676 685/685 686/686
f 676/676 687/687 677/677
f 677/677 687/687 688/688
f 677/677 688/688 678/678
f 678/678 688/688 689/689
f 678/678 689/689 679/679
f 679/679 689/689 690/690
f 679/679 690/690 680/680
f 682/682 681/681 691/691
f 691/691 681/681 692/692
f 691/691 692/692 693/693
f 693/693 692/692 694/694
f 693/693 694/694 695/695
f 695/695 694/694 696/696
f 695/695 696/696 697/697
f 697/697 696/696 698/698
f 697/697 698/698 699/699
f 699/699 698/698 700/700
f 699/699 700/700 701/701
f 701/701 700/700 702/702
f 701/701 702/702 703/703
f 703/703 702/702 704/704
f 703/703 704/704 689/689
f 689/689 704/704 690/690
f 692/692 705/705 694/694
f 694/694 705/705 706/706
f 694/694 706/706 696/696
f 696/696 706/706 707/707
f 696/696 707/707 698/698
f 698/698 707/707 708/708
f 698/698 708/708 700/700
f 700/700 708/708 709/709
f 700/700 709/709 702/702
f 705/705 710/710 706/706
f 706/706 710/710 711/711
f 706/706 711/711 707/707
f 707/707 711/711 712/712
f 707/707 712/712 708/708
f 708/708 712/712 713/713
f 708/708 713/713 709/709
f 711/711 710/710 714/714
f 714/714 710/710 715/715
f 714/714 715/715 716/716
f 714/714 716/716 712/712
f 712/712 716/716 717/717
f 712/712 717/717 713/713
f 668/668 670/670 718/718
f 718/718 670/670 719/719
f 718/718 719/719 646/646
f 646/646 719/719 647/647
f 345/345 720/720 343/343
f 343/343 720/720 721/721
f 343/343 721/721 341/341
f 341/341 721/721 722/722
f 341/341 722/722 339/339
f 339/339 722/722 723/723
f 339/339 723/723 337/337
f 337/337 723/723 724/724
f 337/337 724/724 335/335
f 335/335 724/724 725/725
f 335/335 725/725 333/333
f 333/333 725/725 726/726
f 333/333 726/726 331/331
f 331/331 726/726 727/727
f 331/331 727/727 329/329
f 329/329 727/727 728/728
f 329/329 728/728 327/327
f 327/327 728/728 729/729
f 327/327 729/729 325/325
f 325/325 729/729 730/730
f 325/325 730/730 323/323
f 323/323 730/730 731/731
f 323/323 731/731 321/321
f 321/321 731/731 732/732
f 321/321 732/732 319/319
f 319/319 732/732 733/733
f 319/319 733/733 317/317
f 317/317 733/733 734/734
f 317/317 734/734 315/315
f 315/315 734/734 735/735
f 315/315 735/735 313/313
f 313/313 735/735 736/736
f 313/313 736/736 311/311
f 311/311 736/736 737/737
f 311/311 737/737 309/309
f 309/309 737/737 738/738
f 309/309 738/738 307/307
f 307/307 738/738 739/739
f 307/307 739/739 305/305
f 305/305 739/739 740/740
f 305/305 740/740 303/303
f 303/303 740/740 741/741
f 303/303 741/741 301/301
f 301/301 741/741 742/742
f 301/301 742/742 299/299
f 299/299 742/742 743/743
f 299/299 743/743 297/297
f 297/297 743/743 744/744
f 297/297 744/744 295/295
f 295/295 744/744 745/745
f 295/295 745/745 293/293
f 293/293 745/745 269/269
f 293/293 269/269 267/267
f 720/720 746/746 721/721
f 721/721 746/746 747/747
f 721/721 747/747 722/722
f 722/722 747/747 748/748
f 722/722 748/748 723/723
f 723/723 748/748 749/749
f 723/723 749/749 724/724
f 724/724 749/749 750/750
f 724/724 750/750 725/725
f 725/725 750/750 751/751
f 725/725 751/751 726/726
f 726/726 751/751 752/752
f 726/726 752/752 727/727
f 727/727 752/752 753/753
f 727/727 753/753 728/728
f 728/728 753/753 754/754
f 728/728 754/754 729/729
f 729/729 754/754 755/755
f 729/729 755/755 730/730
f 730/730 755/755 756/756
f 730/730 756/756 731/731
f 731/731 756/756 757/757
f 731/731 757/757 732/732
f 732/732 757/757 758/758
f 732/732 758/758 733/733
f 733/733 758/758 759/759
f 733/733 759/759 734/734
f 734/734 759/759 760/760
f 734/734 760/760 735/735
f 735/735 760/760 761/761
f 735/735 761/761 736/736
f 736/736 761/761 762/762
f 736/736 762/762 737/737
f 737/737 762/762 763/763
f 737/737 763/763 738/738
f 738/738 763/763 764/764
f 738/738 764/764 739/739
f 739/739 764/764 765/765
f 739/739 765/765 740/740
f 740/740 765/765 766/766
f 740/740 766/766 741/741
f 741/741 766/766 767/767
f 741/741 767/767 742/742
f 742/742 767/767 768/768
f 742/742 768/768 743/743
f 743/743 768/768 769/769
f 743/743 769/769 744/744
f 744/744 769/769 770/770
f 744/744 770/770 745/745
f 745/745 770/770 271/271
f 745/745 271/271 269/269
f 746/746 771/771 747/747
f 747/747 771/771 772/772
f 747/747 772/772 748/748
f 748/748 772/772 773/773
f 748/748 773/773 749/749
f 749/749 773/773 774/774
f 749/749 774/774 750/750
f 750/750 774/774 775/775
f 750/750 775/775 751/751
f 751/751 775/775 776/776
f 751/751 776/776 752/752
f 752/752 776/776 777/777
f 752/752 777/777 753/753
f 753/753 777/777 778/778
f 753/753 778/778 754/754
f 754/754 778/778 779/779
f 754/754 779/779 755/755
f 755/755 779/779 780/780
f 755/755 780/780 756/756
f 756/756 780/780 781/781
f 756/756 781/781 757/757
f 757/757 781/781 782/782
f 757/757 782/782 758/758
f 758/758 782/782 783/783
f 758/758 783/783 759/759
f 759/759 783/783 784/784
f 759/759 784/784 760/760
f 760/760 784/784 785/785
f 760/760 785/785 761/761
f 761/761 785/785 786/786
f 761/761 786/786 762/762
f 762/762 786/786 787/787
f 762/762 787/787 763/763
f 763/763 787/787 788/788
f 763/763 788/788 764/764
f 764/764 788/788 789/789
f 764/764 789/789 765/765
f 765/765 789/789 790/790
f 765/765 790/790 766/766
f 766/766 790/790 791/791
f 766/766 791/791 767/767
f 767/767 791/791 792/792
f 767/767 792/792 768/768
f 768/768 792/792 793/793
f 768/768 793/793 769/769
f 769/769 793/793 794/794
f 769/769 794/794 770/770
f 770/770 794/794 273/273
f 770/770 273/273 271/271
f 772/772 795/795 773/773
f 773/773 795/795 796/796
f 773/773 796/796 774/774
f 774/774 796/796 797/797
f 774/774 797/797 775/775
f 775/775 797/797 798/798
f 775/775 798/798 776/776
f 776/776 798/798 799/799
f 776/776 799/799 777/777
f 777/777 799/799 800/800
f 777/777 800/800 778/778
f 778/778 800/800 801/801
f 778/778 801/801 779/779
f 779/779 801/801 802/802
f 779/779 802/802 780/780
f 780/780 802/802 803/803
f 780/780 803/803 781/781
f 781/781 803/803 804/804
f 781/781 804/804 782/782
f 782/782 804/804 805/805
f 782/782 805/805 783/783
f 783/783 805/805 806/806
f 783/783 806/806 784/784
f 784/784 806/806 807/807
f 784/784 807/807 785/785
f 785/785 807/807 808/808
f 785/785 808/808 786/786
f 786/786 808/808 809/809
f 786/786 809/809 787/787
f 787/787 809/809 810/810
f 787/787 810/810 788/788
f 788/788 810/810 811/811
f 788/788 811/811 789/789
f 789/789 811/811 812/812
f 789/789 812/812 790/790
f 790/790 812/812 813/813
f 790/790 813/813 791/791
f 791/791 813/813 814/814
f 791/791 814/814 792/792
f 792/792 814/814 815/815
f 792/792 815/815 793/793
f 793/793 815/815 816/816
f 793/793 816/816 794/794
f 794/794 816/816 275/275
f 794/794 275/275 273/273
f 795/795 817/817 796/796
f 796/796 817/817 818/818
f 796/796 818/818 797/797
f 797/797 818/818 819/819
f 797/797 819/819 798/798
f 798/798 819/819 820/820
f 798/798 820/820 799/799
f 799/799 820/820 821/821
f 799/799 821/821 800/800
f 800/800 821/821 822/822
f 800/800 822/822 801/801
f 801/801 822/822 823/823
f 801/801 823/823 802/802
f 802/802 823/823 824/824
f 802/802 824/824 803/803
f 803/803 824/824 825/825
f 803/803 825/825 804/804
f 804/804 825/825 826/826
f 804/804 826/826 805/805
f 805/805 826/826 827/827
f 805/805 827/827 806/806
f 806/806 827/827 828/828
f 806/806 828/828 807/807
f 807/807 828/828 829/829
f 807/807 829/829 808/808
f 808/808 829/829 830/830
f 808/808 830/830 809/809
f 809/809 830/830 831/831
f 809/809 831/831 810/810
f 810/810 831/831 832/832
f 810/810 832/832 811/811
f 811/811 832/832 833/833
f 811/811 833/833 812/812
f 812/812 833/833 834/834
f 812/812 834/834 813/813
f 813/813 834/834 835/835
f 813/813 835/835 814/814
f 814/814 835/835 836/836
f 814/814 836/836 815/815
f 815/815 836/836 837/837
f 815/815 837/837 816/816
f 816/816 837/837 277/277
f 816/816 277/277 275/275
f 817/817 838/838 818/818
f 818/818 838/838 839/839
f 818/818 839/839 819/819
f 819/819 839/839 840/840
f 819/819 840/840 820/820
f 820/820 840/840 841/841
f 820/820 841/841 821/821
f 821/821 841/841 842/842
f 821/821 842/842 822/822
f 822/822 842/842 843/843
f 822/822 843/843 823/823
f 823/823 843/843 844/844
f 823/823 844/844 824/824
f 824/824 844/844 845/845
f 824/824 845/845 825/825
f 825/825 845/845 846/846
f 825/825 846/846 826/826
f 826/826 846/846 847/847
f 826/826 847/847 827/827
f 827/827 847/847 848/848
f 827/827 848/848 828/828
f 828/828 848/848 849/849
f 828/828 849/849 829/829
f 829/829 849/849 850/850
f 829/829 850/850 830/830
f 830/830 850/850 851/851
f 830/830 851/851 831/831
f 831/831 851/851 852/852
f 831/831 852/852 832/832
f 832/832 852/852 853/853
f 832/832 853/853 833/833
f 833/833 853/853 854/854
f 833/833 854/854 834/834
f 834/834 854/854 855/855
f 834/834 855/855 835/835
f 835/835 855/855 856/856
f 835/835 856/856 836/836
f 836/836 856/856 857/857
f 836/836 857/857 837/837
f 837/837 857/857 279/279
f 837/837 279/279 277/277
f 838/838 858/858 839/839
f 839/839 858/858 859/859
f 839/839 859/859 840/840
f 840/840 859/859 860/860
f 840/840 860/860 841/841
f 841/841 860/860 861/861
f 841/841 861/861 842/842
f 842/842 861/861 862/862
f 842/842 862/862 843/843
f 843/843 862/862 863/863
f 843/843 863/863 844/844
f 844/844 863/863 864/864
f 844/844 864/864 845/845
f 845/845 864/864 865/865
f 845/845 865/865 846/846
f 846/846 865/865 866/866
f 846/846 866/866 847/847
f 847/847 866/866 867/867
f 847/847 867/867 848/848
f 848/848 867/867 868/868
f 848/848 868/868 849/849
f 849/849 868/868 869/869
f 849/849 869/869 850/850
f 850/850 869/869 870/870
f 850/850 870/870 871/871
f 871/871 870/870 872/872
f 871/871 872/872 873/873
f 873/873 872/872 874/874
f 873/873 874/874 875/875
f 875/875 874/874 876/876
f 875/875 876/876 877/877
f 877/877 876/876 878/878
f 877/877 878/878 879/879
f 879/879 878/878 880/880
f 879/879 880/880 881/881
f 881/881 880/880 882/882
f 881/881 882/882 883/883
f 883/883 882/882 884/884
f 883/883 884/884 285/285
f 285/285 884/884 287/287
f 286/286 288/288 885/885
f 885/885 288/288 886/886
f 885/885 886/886 887/887
f 887/887 886/886 888/888
f 888/888 886/886 889/889
f 888/888 889/889 890/890
f 890/890 889/889 891/891
f 890/890 891/891 892/892
f 892/892 891/891 893/893
f 893/893 891/891 894/894
f 893/893 894/894 895/895
f 895/895 894/894 896/896
f 895/895 896/896 897/897
f 897/897 896/896 898/898
f 897/897 898/898 899/899
f 899/899 898/898 900/900
f 899/899 900/900 901/901
f 901/901 900/900 902/902
f 887/887 903/903 885/885
f 885/885 903/903 904/904
f 885/885 904/904 905/905
f 885/885 905/905 286/286
f 286/286 905/905 906/906
f 286/286 906/906 907/907
f 907/907 908/908 286/286
f 286/286 908/908 909/909
f 286/286 909/909 284/284
f 284/284 909/909 282/282
f 282/282 909/909 280/280
f 280/280 909/909 910/910
f 280/280 910/910 278/278
f 278/278 910/910 911/911
f 278/278 911/911 276/276
f 276/276 911/911 912/912
f 276/276 912/912 274/274
f 274/274 912/912 272/272
f 279/279 857/857 281/281
f 281/281 857/857 913/913
f 281/281 913/913 283/283
f 283/283 913/913 883/883
f 283/283 883/883 285/285
f 474/474 473/473 914/914
f 914/914 473/473 472/472
f 914/914 472/472 915/915
f 915/915 472/472 471/471
f 915/915 471/471 916/916
f 916/916 471/471 470/470
f 916/916 470/470 469/469
f 475/475 474/474 917/917
f 917/917 474/474 914/914
f 917/917 914/914 918/918
f 918/918 914/914 915/915
f 918/918 915/915 919/919
f 919/919 915/915 916/916
f 919/919 916/916 920/920
f 920/920 916/916 469/469
f 920/920 469/469 476/476
f 292/292 475/475 921/921
f 921/921 475/475 917/917
f 921/921 917/917 922/922
f 923/923 917/917 918/918
f 923/923 918/918 924/924
f 924/924 918/918 919/919
f 924/924 919/919 925/925
f 925/925 919/919 920/920
f 925/925 920/920 926/926
f 926/926 920/920 476/476
f 926/926 476/476 478/478
f 881/881 883/883 913/913
f 881/881 913/913 856/856
f 856/856 913/913 857/857
f 879/879 881/881 855/855
f 855/855 881/881 856/856
f 294/294 921/921 927/927
f 927/927 921/921 922/922
f 927/927 923/923 928/928
f 928/928 923/923 924/924
f 928/928 924/924 929/929
f 929/929 924/924 925/925
f 929/929 925/925 930/930
f 930/930 925/925 926/926
f 930/930 926/926 931/931
f 931/931 926/926 478/478
f 931/931 478/478 480/480
f 921/921 294/294 292/292
f 294/294 927/927 932/932
f 296/296 927/927 933/933
f 296/296 933/933 298/298
f 298/298 933/933 934/934
f 298/298 934/934 300/300
f 300/300 934/934 935/935
f 300/300 935/935 302/302
f 302/302 935/935 936/936
f 302/302 936/936 304/304
f 304/304 936/936 937/937
f 304/304 937/937 306/306
f 306/306 937/937 938/938
f 306/306 938/938 308/308
f 308/308 938/938 939/939
f 308/308 939/939 310/310
f 310/310 939/939 940/940
f 310/310 940/940 312/312
f 312/312 940/940 941/941
f 312/312 941/941 314/314
f 314/314 941/941 942/942
f 314/314 942/942 316/316
f 316/316 942/942 943/943
f 316/316 943/943 318/318
f 318/318 943/943 944/944
f 318/318 944/944 320/320
f 320/320 944/944 945/945
f 320/320 945/945 322/322
f 322/322 945/945 946/946
f 322/322 946/946 324/324
f 324/324 946/946 947/947
f 324/324 947/947 326/326
f 326/326 947/947 948/948
f 326/326 948/948 328/328
f 328/328 948/948 949/949
f 328/328 949/949 330/330
f 330/330 949/949 950/950
f 330/330 950/950 332/332
f 332/332 950/950 951/951
f 332/332 951/951 334/334
f 334/334 951/951 952/952
f 334/334 952/952 336/336
f 336/336 952/952 953/953
f 336/336 953/953 338/338
f 338/338 953/953 954/954
f 338/338 954/954 340/340
f 340/340 954/954 955/955
f 340/340 955/955 342/342
f 342/342 955/955 956/956
f 342/342 956/956 344/344
f 344/344 956/956 347/347
f 933/933 927/927 928/928
f 877/877 879/879 854/854
f 854/854 879/879 855/855
f 933/933 928/928 957/957
f 957/957 928/928 929/929
f 957/957 929/929 958/958
f 958/958 929/929 930/930
f 958/958 930/930 959/959
f 959/959 930/930 931/931
f 959/959 931/931 960/960
f 960/960 931/931 480/480
f 960/960 480/480 482/482
f 875/875 877/877 853/853
f 853/853 877/877 854/854
f 958/958 961/961 957/957
f 962/962 963/963 934/934
f 957/957 934/934 933/933
f 934/934 961/961 935/935
f 935/935 961/961 964/964
f 935/935 964/964 936/936
f 936/936 964/964 965/965
f 936/936 965/965 937/937
f 937/937 965/965 966/966
f 937/937 966/966 938/938
f 938/938 966/966 967/967
f 938/938 967/967 939/939
f 939/939 967/967 968/968
f 939/939 968/968 940/940
f 940/940 968/968 969/969
f 940/940 969/969 941/941
f 941/941 969/969 970/970
f 941/941 970/970 942/942
f 942/942 970/970 971/971
f 942/942 971/971 943/943
f 943/943 971/971 972/972
f 943/943 972/972 944/944
f 944/944 972/972 973/973
f 944/944 973/973 945/945
f 945/945 973/973 974/974
f 945/945 974/974 946/946
f 946/946 974/974 975/975
f 946/946 975/975 947/947
f 947/947 975/975 976/976
f 947/947 976/976 948/948
f 948/948 976/976 977/977
f 948/948 977/977 949/949
f 949/949 977/977 978/978
f 949/949 978/978 950/950
f 950/950 978/978 979/979
f 950/950 979/979 951/951
f 951/951 979/979 980/980
f 951/951 980/980 952/952
f 952/952 980/980 981/981
f 952/952 981/981 953/953
f 953/953 981/981 982/982
f 953/953 982/982 954/954
f 954/954 982/982 983/983
f 954/954 983/983 955/955
f 955/955 983/983 984/984
f 955/955 984/984 956/956
f 956/956 984/984 985/985
f 956/956 985/985 347/347
f 347/347 985/985 349/349
f 961/961 958/958 986/986
f 986/986 958/958 959/959
f 986/986 959/959 987/987
f 987/987 959/959 960/960
f 987/987 960/960 988/988
f 988/988 960/960 482/482
f 988/988 482/482 484/484
f 875/875 853/853 852/852
f 875/875 852/852 873/873
f 873/873 852/852 851/851
f 873/873 851/851 871/871
f 871/871 851/851 850/850
f 964/964 986/986 989/989
f 989/989 986/986 987/987
f 989/989 987/987 990/990
f 990/990 987/987 988/988
f 990/990 988/988 991/991
f 991/991 988/988 484/484
f 991/991 484/484 486/486
f 986/986 964/964 961/961
f 992/992 989/989 965/965
f 965/965 993/993 994/994
f 965/965 994/994 966/966
f 966/966 994/994 995/995
f 966/966 995/995 967/967
f 967/967 995/995 996/996
f 967/967 996/996 968/968
f 968/968 996/996 997/997
f 968/968 997/997 969/969
f 969/969 998/998 999/999
f 969/969 999/999 970/970
f 970/970 1000/1000 1001/1001
f 970/970 1002/1002 971/971
f 971/971 1002/1002 1003/1003
f 971/971 1003/1003 972/972
f 972/972 1003/1003 1004/1004
f 972/972 1004/1004 973/973
f 973/973 1004/1004 1005/1005
f 973/973 1005/1005 974/974
f 974/974 1005/1005 1006/1006
f 974/974 1006/1006 975/975
f 975/975 1006/1006 1007/1007
f 975/975 1007/1007 976/976
f 976/976 1007/1007 1008/1008
f 976/976 1008/1008 977/977
f 977/977 1008/1008 1009/1009
f 977/977 1009/1009 978/978
f 978/978 1009/1009 1010/1010
f 978/978 1010/1010 979/979
f 979/979 1010/1010 1011/1011
f 979/979 1011/1011 980/980
f 980/980 1011/1011 1012/1012
f 980/980 1012/1012 981/981
f 981/981 1012/1012 1013/1013
f 981/981 1013/1013 982/982
f 982/982 1013/1013 1014/1014
f 982/982 1014/1014 983/983
f 983/983 1014/1014 1015/1015
f 983/983 1015/1015 984/984
f 984/984 1015/1015 1016/1016
f 984/984 1016/1016 985/985
f 985/985 1016/1016 1017/1017
f 985/985 1017/1017 349/349
f 349/349 1017/1017 351/351
f 994/994 989/989 990/990
f 994/994 990/990 1018/1018
f 1018/1018 990/990 991/991
f 1018/1018 991/991 1019/1019
f 1019/1019 991/991 486/486
f 1019/1019 486/486 488/488
f 1019/1019 1020/1020 1018/1018
f 1018/1018 1020/1020 995/995
f 1018/1018 995/995 994/994
f 995/995 1020/1020 996/996
f 996/996 1020/1020 1021/1021
f 996/996 1021/1021 997/997
f 997/997 1021/1021 1022/1022
f 997/997 1022/1022 999/999
f 999/999 1022/1022 1023/1023
f 1000/1000 1023/1023 1001/1001
f 1002/1002 1023/1023 1024/1024
f 1002/1002 1024/1024 1003/1003
f 1003/1003 1024/1024 1025/1025
f 1003/1003 1025/1025 1004/1004
f 1004/1004 1025/1025 1026/1026
f 1004/1004 1026/1026 1005/1005
f 1005/1005 1026/1026 1027/1027
f 1005/1005 1027/1027 1006/1006
f 1006/1006 1027/1027 1028/1028
f 1006/1006 1028/1028 1007/1007
f 1007/1007 1028/1028 1029/1029
f 1007/1007 1029/1029 1008/1008
f 1008/1008 1029/1029 1030/1030
f 1008/1008 1030/1030 1009/1009
f 1009/1009 1030/1030 1031/1031
f 1009/1009 1031/1031 1010/1010
f 1010/1010 1031/1031 1032/1032
f 1010/1010 1032/1032 1011/1011
f 1011/1011 1032/1032 1033/1033
f 1011/1011 1033/1033 1012/1012
f 1012/1012 1033/1033 1034/1034
f 1012/1012 1034/1034 1013/1013
f 1013/1013 1034/1034 1035/1035
f 1013/1013 1035/1035 1014/1014
f 1014/1014 1035/1035 1036/1036
f 1014/1014 1036/1036 1015/1015
f 1015/1015 1036/1036 1037/1037
f 1015/1015 1037/1037 1016/1016
f 1016/1016 1037/1037 1038/1038
f 1016/1016 1038/1038 1017/1017
f 1017/1017 1038/1038 1039/1039
f 1017/1017 1039/1039 351/351
f 351/351 1039/1039 353/353
f 1020/1020 1019/1019 1040/1040
f 1040/1040 1019/1019 488/488
f 1040/1040 488/488 490/490
f 1021/1021 1040/1040 1041/1041
f 1041/1041 1040/1040 490/490
f 1041/1041 490/490 492/492
f 1040/1040 1021/1021 1020/1020
f 1021/1021 1041/1041 1022/1022
f 1022/1022 1041/1041 1042/1042
f 1022/1022 1042/1042 1023/1023
f 1023/1023 1042/1042 1043/1043
f 1023/1023 1043/1043 1024/1024
f 1024/1024 1043/1043 1044/1044
f 1024/1024 1044/1044 1025/1025
f 1025/1025 1044/1044 1045/1045
f 1025/1025 1045/1045 1026/1026
f 1026/1026 1045/1045 1046/1046
f 1026/1026 1046/1046 1027/1027
f 1027/1027 1046/1046 1047/1047
f 1027/1027 1047/1047 1028/1028
f 1028/1028 1047/1047 1048/1048
f 1028/1028 1048/1048 1029/1029
f 1029/1029 1048/1048 1049/1049
f 1029/1029 1049/1049 1030/1030
f 1030/1030 1049/1049 1050/1050
f 1030/1030 1050/1050 1031/1031
f 1031/1031 1050/1050 1051/1051
f 1031/1031 1051/1051 1032/1032
f 1032/1032 1051/1051 1052/1052
f 1032/1032 1052/1052 1033/1033
f 1033/1033 1052/1052 1053/1053
f 1033/1033 1053/1053 1034/1034
f 1034/1034 1053/1053 1054/1054
f 1034/1034 1054/1054 1035/1035
f 1035/1035 1054/1054 1055/1055
f 1035/1035 1055/1055 1036/1036
f 1036/1036 1055/1055 1056/1056
f 1036/1036 1056/1056 1037/1037
f 1037/1037 1056/1056 1057/1057
f 1037/1037 1057/1057 1038/1038
f 1038/1038 1057/1057 1058/1058
f 1038/1038 1058/1058 1039/1039
f 1039/1039 1058/1058 1059/1059
f 1039/1039 1059/1059 353/353
f 353/353 1059/1059 355/355
f 1042/1042 1041/1041 492/492
f 1043/1043 1042/1042 494/494
f 494/494 1042/1042 492/492
f 1043/1043 494/494 496/496
f 1043/1043 496/496 1044/1044
f 1044/1044 496/496 498/498
f 1044/1044 498/498 1045/1045
f 1045/1045 498/498 500/500
f 1045/1045 500/500 1046/1046
f 1046/1046 500/500 502/502
f 1046/1046 502/502 1047/1047
f 1047/1047 502/502 504/504
f 1047/1047 504/504 1048/1048
f 1048/1048 504/504 506/506
f 1048/1048 506/506 1049/1049
f 1049/1049 506/506 508/508
f 1060/1060 1061/1061 1050/1050
f 1050/1050 508/508 511/511
f 1050/1050 511/511 1051/1051
f 1051/1051 511/511 513/513
f 1051/1051 513/513 1052/1052
f 1052/1052 513/513 515/515
f 1052/1052 515/515 1053/1053
f 1053/1053 515/515 517/517
f 1053/1053 517/517 1054/1054
f 1054/1054 517/517 519/519
f 1054/1054 519/519 1055/1055
f 1055/1055 519/519 521/521
f 1055/1055 521/521 1056/1056
f 1056/1056 521/521 523/523
f 1056/1056 523/523 1057/1057
f 1057/1057 523/523 525/525
f 1057/1057 525/525 1058/1058
f 1058/1058 525/525 527/527
f 1058/1058 527/527 1059/1059
f 1059/1059 527/527 529/529
f 1059/1059 529/529 355/355
f 355/355 529/529 357/357
f 540/540 1062/1062 538/538
f 538/538 1062/1062 503/503
f 538/538 503/503 501/501
f 503/503 1062/1062 505/505
f 505/505 1062/1062 1063/1063
f 505/505 1063/1063 507/507
f 507/507 1063/1063 1064/1064
f 507/507 1064/1064 509/509
f 510/510 1064/1064 1065/1065
f 510/510 1065/1065 512/512
f 512/512 1065/1065 1066/1066
f 512/512 1066/1066 514/514
f 514/514 1066/1066 1067/1067
f 514/514 1067/1067 516/516
f 516/516 1067/1067 1068/1068
f 516/516 1068/1068 518/518
f 518/518 1068/1068 1069/1069
f 518/518 1069/1069 520/520
f 520/520 1069/1069 1070/1070
f 520/520 1070/1070 522/522
f 522/522 1070/1070 1071/1071
f 522/522 1071/1071 524/524
f 524/524 1071/1071 1072/1072
f 524/524 1072/1072 526/526
f 526/526 1072/1072 1073/1073
f 526/526 1073/1073 528/528
f 528/528 1073/1073 1074/1074
f 528/528 1074/1074 530/530
f 530/530 1074/1074 1075/1075
f 530/530 1075/1075 359/359
f 359/359 1075/1075 361/361
f 1062/1062 540/540 1076/1076
f 1076/1076 540/540 542/542
f 1076/1076 542/542 544/544
f 544/544 1077/1077 1076/1076
f 1076/1076 1077/1077 1063/1063
f 1076/1076 1063/1063 1062/1062
f 1063/1063 1077/1077 1064/1064
f 1064/1064 1077/1077 1078/1078
f 1064/1064 1078/1078 1065/1065
f 1065/1065 1078/1078 1079/1079
f 1065/1065 1079/1079 1066/1066
f 1066/1066 1079/1079 1080/1080
f 1066/1066 1080/1080 1067/1067
f 1067/1067 1080/1080 1081/1081
f 1067/1067 1081/1081 1068/1068
f 1068/1068 1081/1081 1082/1082
f 1068/1068 1082/1082 1069/1069
f 1069/1069 1082/1082 1083/1083
f 1069/1069 1083/1083 1070/1070
f 1070/1070 1083/1083 1084/1084
f 1070/1070 1084/1084 1071/1071
f 1071/1071 1084/1084 1085/1085
f 1071/1071 1085/1085 1072/1072
f 1072/1072 1085/1085 1086/1086
f 1072/1072 1086/1086 1073/1073
f 1073/1073 1086/1086 1087/1087
f 1073/1073 1087/1087 1074/1074
f 1074/1074 1087/1087 1088/1088
f 1074/1074 1088/1088 1075/1075
f 1075/1075 1088/1088 1089/1089
f 1075/1075 1089/1089 361/361
f 361/361 1089/1089 363/363
f 1078/1078 1077/1077 546/546
f 546/546 1077/1077 544/544
f 1079/1079 1078/1078 548/548
f 548/548 1078/1078 546/546
f 1080/1080 1079/1079 550/550
f 550/550 1079/1079 548/548
f 547/547 573/573 1090/1090
f 1090/1090 573/573 575/575
f 1090/1090 575/575 1091/1091
f 1091/1091 575/575 577/577
f 1091/1091 577/577 579/579
f 547/547 545/545 573/573
f 547/547 1090/1090 549/549
f 549/549 1090/1090 1092/1092
f 549/549 1092/1092 551/551
f 551/551 1092/1092 1093/1093
f 551/551 1093/1093 553/553
f 553/553 1093/1093 1094/1094
f 553/553 1094/1094 555/555
f 555/555 1094/1094 1095/1095
f 555/555 1095/1095 557/557
f 557/557 1095/1095 1096/1096
f 557/557 1096/1096 559/559
f 559/559 1096/1096 1097/1097
f 559/559 1097/1097 561/561
f 561/561 1097/1097 1098/1098
f 561/561 1098/1098 563/563
f 563/563 1098/1098 1099/1099
f 563/563 1099/1099 565/565
f 565/565 1099/1099 1100/1100
f 565/565 1100/1100 567/567
f 567/567 1100/1100 1101/1101
f 567/567 1101/1101 569/569
f 569/569 1101/1101 1102/1102
f 569/569 1102/1102 571/571
f 571/571 1102/1102 457/457
f 571/571 457/457 367/367
f 1092/1092 1090/1090 1091/1091
f 1081/1081 1080/1080 552/552
f 552/552 1080/1080 550/550
f 1092/1092 1091/1091 1103/1103
f 1103/1103 1091/1091 579/579
f 1103/1103 579/579 581/581
f 1092/1092 1103/1103 1093/1093
f 1093/1093 1103/1103 1104/1104
f 1093/1093 1104/1104 1094/1094
f 1094/1094 1104/1104 1105/1105
f 1094/1094 1106/1106 1095/1095
f 1095/1095 1105/1105 1107/1107
f 1095/1095 1107/1107 1096/1096
f 1096/1096 1107/1107 1108/1108
f 1096/1096 1108/1108 1097/1097
f 1097/1097 1108/1108 1109/1109
f 1097/1097 1109/1109 1098/1098
f 1098/1098 1109/1109 1110/1110
f 1098/1098 1110/1110 1099/1099
f 1099/1099 1110/1110 1111/1111
f 1099/1099 1111/1111 1100/1100
f 1100/1100 1111/1111 1112/1112
f 1100/1100 1112/1112 1101/1101
f 1101/1101 1112/1112 1113/1113
f 1101/1101 1113/1113 1102/1102
f 1102/1102 1113/1113 455/455
f 1102/1102 455/455 457/457
f 1104/1104 1103/1103 581/581
f 1081/1081 552/552 554/554
f 1081/1081 554/554 1082/1082
f 1082/1082 554/554 556/556
f 1082/1082 556/556 1083/1083
f 1083/1083 556/556 558/558
f 1083/1083 558/558 1084/1084
f 1084/1084 558/558 560/560
f 1084/1084 560/560 1085/1085
f 1085/1085 560/560 562/562
f 1085/1085 562/562 1086/1086
f 1086/1086 562/562 564/564
f 1086/1086 564/564 1087/1087
f 1087/1087 564/564 566/566
f 1087/1087 566/566 1088/1088
f 1088/1088 566/566 568/568
f 1088/1088 568/568 1089/1089
f 1089/1089 568/568 570/570
f 1089/1089 570/570 363/363
f 363/363 570/570 365/365
f 1105/1105 1104/1104 583/583
f 583/583 1104/1104 581/581
f 610/610 1114/1114 608/608
f 608/608 1114/1114 600/600
f 608/608 600/600 599/599
f 600/600 1114/1114 601/601
f 601/601 1114/1114 1115/1115
f 601/601 1115/1115 602/602
f 602/602 1115/1115 1116/1116
f 602/602 1116/1116 603/603
f 603/603 1116/1116 1117/1117
f 603/603 1117/1117 604/604
f 604/604 1117/1117 1118/1118
f 604/604 1118/1118 605/605
f 605/605 1118/1118 1119/1119
f 605/605 1119/1119 606/606
f 606/606 1119/1119 1120/1120
f 606/606 1120/1120 607/607
f 607/607 1120/1120 447/447
f 607/607 447/447 449/449
f 1114/1114 610/610 1121/1121
f 1121/1121 610/610 612/612
f 1121/1121 612/612 614/614
f 1105/1105 583/583 1122/1122
f 1106/1106 1122/1122 1107/1107
f 1107/1107 585/585 587/587
f 1107/1107 587/587 1108/1108
f 1108/1108 587/587 589/589
f 1108/1108 589/589 1109/1109
f 1109/1109 589/589 591/591
f 1109/1109 591/591 1110/1110
f 1110/1110 591/591 593/593
f 1110/1110 593/593 1111/1111
f 1111/1111 593/593 595/595
f 1111/1111 595/595 1112/1112
f 1112/1112 595/595 597/597
f 1112/1112 597/597 1113/1113
f 1113/1113 597/597 453/453
f 1113/1113 453/453 455/455
f 1115/1115 1121/1121 1123/1123
f 1123/1123 1121/1121 614/614
f 1123/1123 614/614 616/616
f 1121/1121 1115/1115 1114/1114
f 1115/1115 1123/1123 1116/1116
f 1116/1116 1123/1123 1124/1124
f 1116/1116 1124/1124 1117/1117
f 1117/1117 1124/1124 1125/1125
f 1117/1117 1125/1125 1118/1118
f 1118/1118 1125/1125 1126/1126
f 1118/1118 1126/1126 1119/1119
f 1119/1119 1126/1126 1127/1127
f 1119/1119 1127/1127 1120/1120
f 1120/1120 1127/1127 445/445
f 1120/1120 445/445 447/447
f 1124/1124 1123/1123 616/616
f 1125/1125 1124/1124 618/618
f 618/618 1124/1124 616/616
f 631/631 1128/1128 629/629
f 629/629 1128/1128 626/626
f 629/629 626/626 625/625
f 626/626 1128/1128 627/627
f 627/627 1128/1128 1129/1129
f 627/627 1129/1129 628/628
f 628/628 1129/1129 436/436
f 628/628 436/436 438/438
f 1128/1128 631/631 1130/1130
f 1130/1130 631/631 633/633
f 1130/1130 633/633 432/432
f 1125/1125 618/618 620/620
f 1125/1125 620/620 1126/1126
f 1126/1126 620/620 623/623
f 1126/1126 623/623 1127/1127
f 1127/1127 623/623 443/443
f 1127/1127 443/443 445/445
f 434/434 436/436 1129/1129
f 432/432 434/434 1130/1130
f 1130/1130 434/434 1129/1129
f 1130/1130 1129/1129 1128/1128
f 431/431 429/429 1131/1131
f 1131/1131 429/429 426/426
f 1131/1131 426/426 424/424
f 433/433 431/431 1132/1132
f 1132/1132 431/431 1131/1131
f 1132/1132 1131/1131 1133/1133
f 1133/1133 1131/1131 424/424
f 1133/1133 424/424 422/422
f 435/435 433/433 1134/1134
f 1134/1134 433/433 1132/1132
f 1134/1134 1132/1132 1135/1135
f 1135/1135 1132/1132 1133/1133
f 1135/1135 1133/1133 1136/1136
f 1136/1136 1133/1133 422/422
f 1136/1136 422/422 420/420
f 437/437 435/435 1137/1137
f 1137/1137 435/435 1134/1134
f 1137/1137 1134/1134 1138/1138
f 1138/1138 1134/1134 1135/1135
f 1138/1138 1135/1135 1139/1139
f 1139/1139 1135/1135 1136/1136
f 1139/1139 1136/1136 1140/1140
f 1140/1140 1136/1136 420/420
f 1140/1140 420/420 418/418
f 440/440 437/437 1141/1141
f 1141/1141 437/437 1137/1137
f 1141/1141 1137/1137 1142/1142
f 1142/1142 1137/1137 1138/1138
f 1142/1142 1138/1138 1143/1143
f 1143/1143 1138/1138 1139/1139
f 1143/1143 1144/1144 1145/1145
f 1145/1145 1144/1144 1140/1140
f 1145/1145 1140/1140 1146/1146
f 1146/1146 1140/1140 418/418
f 1146/1146 418/418 415/415
f 442/442 440/440 1147/1147
f 1147/1147 440/440 1141/1141
f 1147/1147 1141/1141 1148/1148
f 1148/1148 1141/1141 1142/1142
f 1149/1149 1142/1142 1150/1150
f 1150/1150 1142/1142 1143/1143
f 1150/1150 1143/1143 1151/1151
f 1151/1151 1143/1143 1145/1145
f 1151/1151 1145/1145 1152/1152
f 1152/1152 1145/1145 1146/1146
f 1152/1152 1146/1146 1153/1153
f 1153/1153 1146/1146 415/415
f 1153/1153 415/415 413/413
f 444/444 442/442 1154/1154
f 1154/1154 442/442 1147/1147
f 1154/1154 1147/1147 1155/1155
f 1155/1155 1147/1147 1149/1149
f 1155/1155 1148/1148 1156/1156
f 1156/1156 1149/1149 1150/1150
f 1156/1156 1150/1150 1157/1157
f 1157/1157 1150/1150 1151/1151
f 1157/1157 1151/1151 1158/1158
f 1158/1158 1151/1151 1152/1152
f 1158/1158 1152/1152 1159/1159
f 1159/1159 1152/1152 1153/1153
f 1159/1159 1153/1153 1160/1160
f 1160/1160 1153/1153 413/413
f 1160/1160 413/413 411/411
f 446/446 444/444 1161/1161
f 1161/1161 444/444 1154/1154
f 1161/1161 1154/1154 1162/1162
f 1162/1162 1154/1154 1155/1155
f 1162/1162 1155/1155 1163/1163
f 1163/1163 1155/1155 1156/1156
f 1163/1163 1156/1156 1164/1164
f 1164/1164 1156/1156 1157/1157
f 1164/1164 1157/1157 1165/1165
f 1165/1165 1157/1157 1158/1158
f 1165/1165 1158/1158 1166/1166
f 1166/1166 1158/1158 1159/1159
f 1166/1166 1159/1159 1167/1167
f 1167/1167 1159/1159 1160/1160
f 1167/1167 1160/1160 1168/1168
f 1168/1168 1160/1160 411/411
f 1168/1168 411/411 409/409
f 448/448 446/446 1169/1169
f 1169/1169 446/446 1161/1161
f 1169/1169 1161/1161 1170/1170
f 1170/1170 1161/1161 1162/1162
f 1170/1170 1162/1162 1171/1171
f 1171/1171 1162/1162 1163/1163
f 1171/1171 1163/1163 1172/1172
f 1172/1172 1163/1163 1164/1164
f 1172/1172 1164/1164 1173/1173
f 1173/1173 1164/1164 1165/1165
f 1173/1173 1165/1165 1174/1174
f 1174/1174 1165/1165 1166/1166
f 1174/1174 1166/1166 1175/1175
f 1175/1175 1166/1166 1167/1167
f 1175/1175 1167/1167 1176/1176
f 1176/1176 1167/1167 1168/1168
f 1176/1176 1168/1168 1177/1177
f 1177/1177 1168/1168 409/409
f 1177/1177 409/409 407/407
f 450/450 448/448 1178/1178
f 1178/1178 448/448 1169/1169
f 1178/1178 1169/1169 1179/1179
f 1179/1179 1169/1169 1170/1170
f 1179/1179 1170/1170 1180/1180
f 1180/1180 1170/1170 1171/1171
f 1180/1180 1171/1171 1181/1181
f 1181/1181 1171/1171 1172/1172
f 1181/1181 1172/1172 1182/1182
f 1182/1182 1172/1172 1173/1173
f 1182/1182 1173/1173 1183/1183
f 1183/1183 1173/1173 1174/1174
f 1183/1183 1174/1174 1184/1184
f 1184/1184 1174/1174 1175/1175
f 1184/1184 1175/1175 1185/1185
f 1185/1185 1175/1175 1176/1176
f 1185/1185 1176/1176 1186/1186
f 1186/1186 1176/1176 1177/1177
f 1186/1186 1177/1177 1187/1187
f 1187/1187 1177/1177 407/407
f 1187/1187 407/407 405/405
f 452/452 450/450 1188/1188
f 1188/1188 450/450 1178/1178
f 1188/1188 1178/1178 1189/1189
f 1189/1189 1178/1178 1179/1179
f 1189/1189 1179/1179 1190/1190
f 1190/1190 1179/1179 1180/1180
f 1190/1190 1180/1180 1191/1191
f 1191/1191 1180/1180 1181/1181
f 1191/1191 1181/1181 1192/1192
f 1192/1192 1181/1181 1182/1182
f 1192/1192 1182/1182 1193/1193
f 1193/1193 1182/1182 1183/1183
f 1193/1193 1183/1183 1194/1194
f 1194/1194 1183/1183 1184/1184
f 1194/1194 1184/1184 1195/1195
f 1195/1195 1184/1184 1185/1185
f 1195/1195 1185/1185 1196/1196
f 1196/1196 1185/1185 1186/1186
f 1196/1196 1186/1186 1197/1197
f 1197/1197 1186/1186 1187/1187
f 1197/1197 1187/1187 1198/1198
f 1198/1198 1187/1187 405/405
f 1198/1198 405/405 403/403
f 454/454 452/452 1199/1199
f 1199/1199 452/452 1188/1188
f 1199/1199 1188/1188 1200/1200
f 1200/1200 1188/1188 1189/1189
f 1200/1200 1189/1189 1201/1201
f 1201/1201 1189/1189 1190/1190
f 1201/1201 1190/1190 1202/1202
f 1202/1202 1190/1190 1191/1191
f 1202/1202 1191/1191 1203/1203
f 1203/1203 1191/1191 1192/1192
f 1203/1203 1192/1192 1204/1204
f 1204/1204 1192/1192 1193/1193
f 1204/1204 1193/1193 1205/1205
f 1205/1205 1193/1193 1194/1194
f 1205/1205 1194/1194 1206/1206
f 1206/1206 1194/1194 1195/1195
f 1206/1206 1195/1195 1207/1207
f 1207/1207 1195/1195 1196/1196
f 1207/1207 1196/1196 1208/1208
f 1208/1208 1196/1196 1197/1197
f 1208/1208 1197/1197 1209/1209
f 1209/1209 1197/1197 1198/1198
f 1209/1209 1198/1198 1210/1210
f 1210/1210 1198/1198 403/403
f 1210/1210 403/403 401/401
f 371/371 369/369 456/456
f 456/456 454/454 1211/1211
f 1211/1211 454/454 1199/1199
f 1211/1211 1199/1199 1212/1212
f 1212/1212 1199/1199 1200/1200
f 1212/1212 1200/1200 1213/1213
f 1213/1213 1200/1200 1201/1201
f 1213/1213 1201/1201 1214/1214
f 1214/1214 1201/1201 1202/1202
f 1214/1214 1202/1202 1215/1215
f 1215/1215 1202/1202 1203/1203
f 1215/1215 1203/1203 1216/1216
f 1216/1216 1203/1203 1204/1204
f 1216/1216 1204/1204 1217/1217
f 1217/1217 1204/1204 1205/1205
f 1217/1217 1205/1205 1218/1218
f 1218/1218 1205/1205 1206/1206
f 1218/1218 1206/1206 1219/1219
f 1219/1219 1206/1206 1207/1207
f 1219/1219 1207/1207 1220/1220
f 1220/1220 1207/1207 1208/1208
f 1220/1220 1208/1208 1221/1221
f 1221/1221 1208/1208 1209/1209
f 1221/1221 1209/1209 1222/1222
f 1222/1222 1209/1209 1210/1210
f 1222/1222 1210/1210 1223/1223
f 1223/1223 1210/1210 401/401
f 1223/1223 401/401 399/399
f 1212/1212 373/373 1211/1211
f 1211/1211 373/373 371/371
f 1211/1211 371/371 456/456
f 373/373 1212/1212 375/375
f 375/375 1212/1212 1213/1213
f 375/375 1213/1213 377/377
f 377/377 1213/1213 1214/1214
f 377/377 1214/1214 379/379
f 379/379 1214/1214 1215/1215
f 379/379 1215/1215 381/381
f 381/381 1215/1215 1216/1216
f 381/381 1216/1216 383/383
f 383/383 1216/1216 1217/1217
f 383/383 1217/1217 385/385
f 385/385 1217/1217 1218/1218
f 385/385 1218/1218 387/387
f 387/387 1218/1218 1219/1219
f 387/387 1219/1219 389/389
f 389/389 1219/1219 1220/1220
f 389/389 1220/1220 391/391
f 391/391 1220/1220 1221/1221
f 391/391 1221/1221 393/393
f 393/393 1221/1221 1222/1222
f 393/393 1222/1222 395/395
f 395/395 1222/1222 1223/1223
f 395/395 1223/1223 397/397
f 397/397 1223/1223 399/399
f 635/635 648/648 636/636
f 636/636 648/648 1224/1224
f 636/636 1224/1224 637/637
f 637/637 1224/1224 1225/1225
f 637/637 1225/1225 638/638
f 638/638 1225/1225 1226/1226
f 638/638 1226/1226 639/639
f 639/639 1226/1226 1227/1227
f 639/639 1227/1227 640/640
f 640/640 1228/1228 1229/1229
f 640/640 1229/1229 641/641
f 641/641 1229/1229 1230/1230
f 641/641 1230/1230 642/642
f 642/642 1230/1230 1231/1231
f 642/642 1231/1231 643/643
f 643/643 1231/1231 1232/1232
f 643/643 1232/1232 644/644
f 644/644 1232/1232 1233/1233
f 644/644 1233/1233 645/645
f 645/645 1233/1233 718/718
f 645/645 718/718 646/646
f 648/648 650/650 1224/1224
f 1224/1224 650/650 652/652
f 1224/1224 652/652 1225/1225
f 1225/1225 652/652 654/654
f 1225/1225 654/654 1226/1226
f 1226/1226 654/654 656/656
f 1226/1226 656/656 1227/1227
f 1227/1227 656/656 658/658
f 1227/1227 658/658 1229/1229
f 1229/1229 658/658 660/660
f 1229/1229 660/660 1230/1230
f 1230/1230 660/660 662/662
f 1230/1230 662/662 1231/1231
f 1231/1231 662/662 664/664
f 1231/1231 664/664 1232/1232
f 1232/1232 664/664 666/666
f 1232/1232 666/666 1233/1233
f 1233/1233 666/666 668/668
f 1233/1233 668/668 718/718
f 682/682 691/691 683/683
f 683/683 691/691 1234/1234
f 683/683 1234/1234 684/684
f 684/684 1234/1234 1235/1235
f 684/684 1235/1235 685/685
f 685/685 1235/1235 1236/1236
f 685/685 1236/1236 686/686
f 686/686 1236/1236 1237/1237
f 686/686 1237/1237 688/688
f 688/688 1237/1237 703/703
f 688/688 703/703 689/689
f 693/693 695/695 1234/1234
f 1234/1234 695/695 1235/1235
f 1236/1236 1235/1235 697/697
f 697/697 1235/1235 695/695
f 691/691 693/693 1234/1234
f 1237/1237 1236/1236 699/699
f 699/699 1236/1236 697/697
f 714/714 712/712 711/711
f 1238/1238 699/699 701/701
f 701/701 703/703 1238/1238
f 1239/1239 1240/1240 1241/1241
f 1241/1241 1240/1240 1242/1242
f 1242/1242 1240/1240 1243/1243
f 1242/1242 1243/1243 1244/1244
f 1244/1244 1243/1243 1245/1245
f 1244/1244 1245/1245 1246/1246
f 1246/1246 1245/1245 1247/1247
f 1246/1246 1247/1247 1248/1248
f 1248/1248 1247/1247 1249/1249
f 1248/1248 1249/1249 1250/1250
f 1250/1250 1249/1249 1251/1251
f 1250/1250 1251/1251 1252/1252
f 1252/1252 1251/1251 1253/1253
f 1252/1252 1253/1253 1254/1254
f 1254/1254 1253/1253 1255/1255
f 1255/1255 1253/1253 1256/1256
f 1255/1255 1256/1256 1257/1257
f 1257/1257 1256/1256 1258/1258
f 1258/1258 1256/1256 1259/1259
f 1259/1259 1256/1256 1260/1260
f 1260/1260 1256/1256 1261/1261
f 1260/1260 1261/1261 1262/1262
f 1262/1262 1261/1261 1263/1263
f 1262/1262 1263/1263 1264/1264
f 1264/1264 1263/1263 1265/1265
f 1264/1264 1265/1265 1266/1266
f 1266/1266 1265/1265 1267/1267
f 1266/1266 1267/1267 1268/1268
f 1268/1268 1267/1267 1269/1269
f 1268/1268 1269/1269 1270/1270
f 1270/1270 1269/1269 1271/1271
f 1270/1270 1271/1271 1272/1272
f 1272/1272 1271/1271 1273/1273
f 1272/1272 1273/1273 1274/1274
f 1274/1274 1273/1273 1275/1275
f 1274/1274 1275/1275 1276/1276
f 1276/1276 1275/1275 1277/1277
f 1276/1276 1277/1277 1278/1278
f 1278/1278 1277/1277 1279/1279
f 1278/1278 1279/1279 1280/1280
f 1280/1280 1279/1279 1281/1281
f 1280/1280 1281/1281 1282/1282
f 1282/1282 1281/1281 1283/1283
f 1282/1282 1283/1283 1284/1284
f 1284/1284 1283/1283 1285/1285
f 1284/1284 1285/1285 1286/1286
f 1286/1286 1285/1285 1287/1287
f 1286/1286 1287/1287 1288/1288
f 1288/1288 1287/1287 1289/1289
f 1288/1288 1289/1289 1290/1290
f 1290/1290 1289/1289 1291/1291
f 1290/1290 1291/1291 1292/1292
f 1292/1292 1291/1291 1293/1293
f 1292/1292 1293/1293 1294/1294
f 1294/1294 1293/1293 1295/1295
f 1294/1294 1295/1295 1296/1296
f 1296/1296 1295/1295 1297/1297
f 1296/1296 1297/1297 1298/1298
f 1298/1298 1297/1297 1299/1299
f 1298/1298 1299/1299 1300/1300
f 1300/1300 1299/1299 1301/1301
f 1300/1300 1301/1301 1302/1302
f 1302/1302 1301/1301 1303/1303
f 1303/1303 1301/1301 1304/1304
f 1303/1303 1304/1304 1305/1305
f 1305/1305 1304/1304 1306/1306
f 1305/1305 1306/1306 1307/1307
f 1307/1307 1306/1306 1308/1308
f 1307/1307 1308/1308 1309/1309
f 1309/1309 1308/1308 1310/1310
f 1309/1309 1310/1310 1311/1311
f 1311/1311 1310/1310 1312/1312
f 1311/1311 1312/1312 1313/1313
f 1313/1313 1312/1312 1314/1314
f 1313/1313 1314/1314 1315/1315
f 1315/1315 1314/1314 1316/1316
f 1315/1315 1316/1316 1317/1317
f 1317/1317 1316/1316 1318/1318
f 1317/1317 1318/1318 1319/1319
f 1319/1319 1318/1318 1320/1320
f 1319/1319 1320/1320 1321/1321
f 1321/1321 1320/1320 1322/1322
f 1321/1321 1322/1322 1323/1323
f 1323/1323 1322/1322 1324/1324
f 1323/1323 1324/1324 1325/1325
f 1325/1325 1324/1324 1326/1326
f 1325/1325 1326/1326 1327/1327
f 1327/1327 1326/1326 1328/1328
f 1327/1327 1328/1328 1329/1329
f 1329/1329 1328/1328 1330/1330
f 1329/1329 1330/1330 1331/1331
f 1331/1331 1330/1330 1332/1332
f 1331/1331 1332/1332 1333/1333
f 1333/1333 1332/1332 1334/1334
f 1333/1333 1334/1334 1335/1335
f 1335/1335 1334/1334 1336/1336
f 1335/1335 1336/1336 1337/1337
f 1337/1337 1336/1336 1338/1338
f 1337/1337 1338/1338 1339/1339
f 1339/1339 1338/1338 1340/1340
f 1339/1339 1340/1340 1341/1341
f 1341/1341 1340/1340 1342/1342
f 1341/1341 1342/1342 1343/1343
f 1343/1343 1342/1342 1344/1344
f 1343/1343 1344/1344 1345/1345
f 1251/1251 1346/1346 1253/1253
f 1253/1253 1346/1346 1256/1256
f 1346/1346 1347/1347 1256/1256
f 1256/1256 1347/1347 1348/1348
f 1256/1256 1348/1348 1261/1261
f 1261/1261 1348/1348 1349/1349
f 1261/1261 1349/1349 1350/1350
f 1350/1350 1349/1349 1351/1351
f 1350/1350 1351/1351 1352/1352
f 1350/1350 1352/1352 1353/1353
f 1353/1353 1352/1352 1354/1354
f 1353/1353 1354/1354 1355/1355
f 1355/1355 1354/1354 1356/1356
f 1355/1355 1356/1356 1357/1357
f 1357/1357 1356/1356 1358/1358
f 1357/1357 1358/1358 1359/1359
f 1359/1359 1358/1358 1360/1360
f 1359/1359 1360/1360 1361/1361
f 1361/1361 1360/1360 1362/1362
f 1361/1361 1362/1362 1363/1363
f 1361/1361 1363/1363 1364/1364
f 1364/1364 1363/1363 1365/1365
f 1364/1364 1365/1365 1366/1366
f 1366/1366 1365/1365 1367/1367
f 1366/1366 1367/1367 1368/1368
f 1368/1368 1367/1367 1369/1369
f 1368/1368 1369/1369 1370/1370
f 1370/1370 1369/1369 1371/1371
f 1370/1370 1371/1371 1372/1372
f 1372/1372 1371/1371 1373/1373
f 1372/1372 1373/1373 1374/1374
f 1374/1374 1373/1373 1375/1375
f 1374/1374 1375/1375 1376/1376
f 1374/1374 1376/1376 1377/1377
f 1377/1377 1376/1376 1378/1378
f 1377/1377 1378/1378 1379/1379
f 1379/1379 1378/1378 1380/1380
f 1379/1379 1380/1380 1381/1381
f 1381/1381 1380/1380 1382/1382
f 1381/1381 1382/1382 1383/1383
f 1383/1383 1382/1382 1384/1384
f 1383/1383 1384/1384 1385/1385
f 1385/1385 1384/1384 1386/1386
f 1385/1385 1386/1386 1387/1387
f 1387/1387 1386/1386 1388/1388
f 1387/1387 1388/1388 1389/1389
f 1389/1389 1388/1388 1390/1390
f 1389/1389 1390/1390 1391/1391
f 1389/1389 1391/1391 1392/1392
f 1392/1392 1391/1391 1393/1393
f 1392/1392 1393/1393 1394/1394
f 1394/1394 1393/1393 1395/1395
f 1394/1394 1395/1395 1342/1342
f 1342/1342 1395/1395 1344/1344
f 1343/1343 1345/1345 1396/1396
f 1396/1396 1345/1345 1397/1397
f 1396/1396 1397/1397 1398/1398
f 1398/1398 1397/1397 1399/1399
f 1398/1398 1399/1399 1400/1400
f 1398/1398 1400/1400 1401/1401
f 1401/1401 1400/1400 1402/1402
f 1401/1401 1402/1402 1403/1403
f 1403/1403 1402/1402 1404/1404
f 1403/1403 1404/1404 1405/1405
f 1405/1405 1404/1404 1406/1406
f 1405/1405 1406/1406 1407/1407
f 1407/1407 1406/1406 1408/1408
f 1407/1407 1408/1408 1409/1409
f 1409/1409 1408/1408 1410/1410
f 1409/1409 1410/1410 1411/1411
f 1411/1411 1410/1410 1412/1412
f 1411/1411 1412/1412 1413/1413
f 1411/1411 1413/1413 1414/1414
f 1414/1414 1413/1413 1415/1415
f 1414/1414 1415/1415 1416/1416
f 1416/1416 1415/1415 1417/1417
f 1416/1416 1417/1417 1418/1418
f 1418/1418 1417/1417 1419/1419
f 1418/1418 1419/1419 1420/1420
f 1418/1418 1420/1420 1421/1421
f 1421/1421 1420/1420 1422/1422
f 1421/1421 1422/1422 1423/1423
f 1421/1421 1423/1423 1424/1424
f 1424/1424 1423/1423 1425/1425
f 1424/1424 1425/1425 1426/1426
f 1426/1426 1425/1425 1427/1427
f 1426/1426 1427/1427 1428/1428
f 1428/1428 1427/1427 1429/1429
f 1428/1428 1429/1429 1430/1430
f 1430/1430 1429/1429 1431/1431
f 1430/1430 1431/1431 1432/1432
f 1432/1432 1431/1431 1433/1433
f 1432/1432 1433/1433 1434/1434
f 1434/1434 1433/1433 1435/1435
f 1434/1434 1435/1435 1436/1436
f 1436/1436 1435/1435 1437/1437
f 1436/1436 1437/1437 1438/1438
f 1436/1436 1438/1438 1439/1439
f 1439/1439 1438/1438 1440/1440
f 1439/1439 1440/1440 1441/1441
f 1441/1441 1440/1440 1442/1442
f 1441/1441 1442/1442 1443/1443
f 1441/1441 1443/1443 1444/1444
f 1444/1444 1443/1443 1445/1445
f 1444/1444 1445/1445 1446/1446
f 1446/1446 1445/1445 1447/1447
f 1446/1446 1447/1447 1448/1448
f 1448/1448 1447/1447 1449/1449
f 1448/1448 1449/1449 1450/1450
f 1450/1450 1449/1449 1451/1451
f 1450/1450 1451/1451 1452/1452
f 1452/1452 1451/1451 1453/1453
f 1452/1452 1453/1453 1454/1454
f 1454/1454 1453/1453 1455/1455
f 1454/1454 1455/1455 1456/1456
f 1456/1456 1455/1455 1457/1457
f 1456/1456 1457/1457 1458/1458
f 1458/1458 1457/1457 1459/1459
f 1458/1458 1459/1459 1460/1460
f 1460/1460 1459/1459 1461/1461
f 1460/1460 1461/1461 1462/1462
f 1462/1462 1461/1461 1463/1463
f 1462/1462 1463/1463 1464/1464
f 1464/1464 1463/1463 1465/1465
f 1464/1464 1465/1465 1466/1466
f 1466/1466 1465/1465 1467/1467
f 1466/1466 1467/1467 1468/1468
f 1468/1468 1467/1467 1469/1469
f 1468/1468 1469/1469 1470/1470
f 1470/1470 1469/1469 1471/1471
f 1470/1470 1471/1471 1472/1472
f 1472/1472 1471/1471 1473/1473
f 1472/1472 1473/1473 1474/1474
f 1474/1474 1473/1473 1475/1475
f 1474/1474 1475/1475 1476/1476
f 1476/1476 1475/1475 1477/1477
f 1476/1476 1477/1477 1478/1478
f 1478/1478 1477/1477 1479/1479
f 1478/1478 1479/1479 1480/1480
f 1480/1480 1479/1479 1481/1481
f 1480/1480 1481/1481 1482/1482
f 1482/1482 1481/1481 1483/1483
f 1482/1482 1483/1483 1484/1484
f 1484/1484 1483/1483 1485/1485
f 1484/1484 1485/1485 1486/1486
f 1486/1486 1485/1485 1487/1487
f 1486/1486 1487/1487 1339/1339
f 1339/1339 1487/1487 1337/1337
f 1447/1447 1445/1445 1488/1488
f 1488/1488 1445/1445 1489/1489
f 1488/1488 1489/1489 1490/1490
f 1490/1490 1489/1489 1491/1491
f 1490/1490 1491/1491 1492/1492
f 1492/1492 1491/1491 1493/1493
f 1492/1492 1493/1493 1494/1494
f 1494/1494 1493/1493 1495/1495
f 1494/1494 1495/1495 1496/1496
f 1496/1496 1495/1495 1497/1497
f 1496/1496 1497/1497 1498/1498
f 1498/1498 1497/1497 1499/1499
f 1498/1498 1499/1499 1500/1500
f 1500/1500 1499/1499 1501/1501
f 1500/1500 1501/1501 1502/1502
f 1502/1502 1501/1501 1503/1503
f 1502/1502 1503/1503 1504/1504
f 1504/1504 1503/1503 1505/1505
f 1504/1504 1505/1505 1506/1506
f 1506/1506 1505/1505 1507/1507
f 1506/1506 1507/1507 1508/1508
f 1508/1508 1507/1507 1509/1509
f 1508/1508 1509/1509 1510/1510
f 1510/1510 1509/1509 1511/1511
f 1510/1510 1511/1511 1512/1512
f 1512/1512 1511/1511 1513/1513
f 1512/1512 1513/1513 1514/1514
f 1514/1514 1513/1513 1515/1515
f 1514/1514 1515/1515 1516/1516
f 1516/1516 1515/1515 1517/1517
f 1516/1516 1517/1517 1518/1518
f 1518/1518 1517/1517 1519/1519
f 1518/1518 1519/1519 1520/1520
f 1520/1520 1519/1519 1521/1521
f 1520/1520 1521/1521 1522/1522
f 1522/1522 1521/1521 1523/1523
f 1522/1522 1523/1523 1524/1524
f 1524/1524 1523/1523 1525/1525
f 1524/1524 1525/1525 1526/1526
f 1526/1526 1525/1525 1527/1527
f 1526/1526 1527/1527 1528/1528
f 1528/1528 1527/1527 1529/1529
f 1528/1528 1529/1529 1530/1530
f 1530/1530 1529/1529 1531/1531
f 1530/1530 1531/1531 1532/1532
f 1532/1532 1531/1531 1533/1533
f 1532/1532 1533/1533 1534/1534
f 1534/1534 1533/1533 1535/1535
f 1534/1534 1535/1535 1536/1536
f 1536/1536 1535/1535 1537/1537
f 1536/1536 1537/1537 1538/1538
f 1538/1538 1537/1537 1539/1539
f 1538/1538 1539/1539 1540/1540
f 1540/1540 1539/1539 1541/1541
f 1540/1540 1541/1541 1542/1542
f 1542/1542 1541/1541 1543/1543
f 1542/1542 1543/1543 1321/1321
f 1321/1321 1543/1543 1319/1319
f 1501/1501 1544/1544 1503/1503
f 1503/1503 1544/1544 1545/1545
f 1503/1503 1545/1545 1505/1505
f 1505/1505 1545/1545 1546/1546
f 1505/1505 1546/1546 1507/1507
f 1507/1507 1546/1546 1547/1547
f 1507/1507 1547/1547 1509/1509
f 1509/1509 1547/1547 1548/1548
f 1509/1509 1548/1548 1511/1511
f 1511/1511 1548/1548 1549/1549
f 1511/1511 1549/1549 1513/1513
f 1513/1513 1549/1549 1550/1550
f 1513/1513 1550/1550 1515/1515
f 1515/1515 1550/1550 1551/1551
f 1515/1515 1551/1551 1517/1517
f 1517/1517 1551/1551 1552/1552
f 1517/1517 1552/1552 1519/1519
f 1519/1519 1552/1552 1553/1553
f 1519/1519 1553/1553 1521/1521
f 1521/1521 1553/1553 1554/1554
f 1521/1521 1554/1554 1523/1523
f 1523/1523 1554/1554 1555/1555
f 1523/1523 1555/1555 1525/1525
f 1525/1525 1555/1555 1556/1556
f 1525/1525 1556/1556 1527/1527
f 1527/1527 1556/1556 1557/1557
f 1527/1527 1557/1557 1529/1529
f 1529/1529 1557/1557 1558/1558
f 1529/1529 1558/1558 1531/1531
f 1531/1531 1558/1558 1559/1559
f 1531/1531 1559/1559 1533/1533
f 1533/1533 1559/1559 1560/1560
f 1533/1533 1560/1560 1535/1535
f 1535/1535 1560/1560 1561/1561
f 1535/1535 1561/1561 1537/1537
f 1537/1537 1561/1561 1562/1562
f 1537/1537 1562/1562 1539/1539
f 1539/1539 1562/1562 1563/1563
f 1539/1539 1563/1563 1541/1541
f 1541/1541 1563/1563 1564/1564
f 1541/1541 1564/1564 1543/1543
f 1543/1543 1564/1564 1565/1565
f 1543/1543 1565/1565 1319/1319
f 1319/1319 1565/1565 1317/1317
f 1544/1544 1566/1566 1545/1545
f 1545/1545 1566/1566 1567/1567
f 1545/1545 1567/1567 1546/1546
f 1546/1546 1567/1567 1568/1568
f 1546/1546 1568/1568 1547/1547
f 1547/1547 1568/1568 1569/1569
f 1547/1547 1569/1569 1548/1548
f 1548/1548 1569/1569 1570/1570
f 1548/1548 1570/1570 1549/1549
f 1549/1549 1570/1570 1571/1571
f 1549/1549 1571/1571 1550/1550
f 1550/1550 1571/1571 1572/1572
f 1550/1550 1572/1572 1551/1551
f 1551/1551 1572/1572 1573/1573
f 1551/1551 1573/1573 1552/1552
f 1552/1552 1573/1573 1574/1574
f 1552/1552 1574/1574 1553/1553
f 1553/1553 1574/1574 1575/1575
f 1553/1553 1575/1575 1554/1554
f 1554/1554 1575/1575 1576/1576
f 1554/1554 1576/1576 1555/1555
f 1555/1555 1576/1576 1577/1577
f 1555/1555 1577/1577 1556/1556
f 1556/1556 1577/1577 1578/1578
f 1556/1556 1578/1578 1557/1557
f 1557/1557 1578/1578 1579/1579
f 1557/1557 1579/1579 1558/1558
f 1558/1558 1579/1579 1580/1580
f 1558/1558 1580/1580 1559/1559
f 1559/1559 1580/1580 1581/1581
f 1559/1559 1581/1581 1560/1560
f 1560/1560 1581/1581 1582/1582
f 1560/1560 1582/1582 1561/1561
f 1561/1561 1582/1582 1583/1583
f 1561/1561 1583/1583 1562/1562
f 1562/1562 1583/1583 1584/1584
f 1562/1562 1584/1584 1563/1563
f 1563/1563 1584/1584 1585/1585
f 1563/1563 1585/1585 1564/1564
f 1564/1564 1585/1585 1586/1586
f 1564/1564 1586/1586 1565/1565
f 1565/1565 1586/1586 1587/1587
f 1565/1565 1587/1587 1317/1317
f 1317/1317 1587/1587 1315/1315
f 1566/1566 1588/1588 1567/1567
f 1567/1567 1588/1588 1589/1589
f 1567/1567 1589/1589 1568/1568
f 1568/1568 1589/1589 1590/1590
f 1568/1568 1590/1590 1569/1569
f 1569/1569 1590/1590 1591/1591
f 1569/1569 1591/1591 1570/1570
f 1570/1570 1591/1591 1592/1592
f 1570/1570 1592/1592 1571/1571
f 1571/1571 1592/1592 1593/1593
f 1571/1571 1593/1593 1572/1572
f 1572/1572 1593/1593 1594/1594
f 1572/1572 1594/1594 1573/1573
f 1573/1573 1594/1594 1595/1595
f 1573/1573 1595/1595 1574/1574
f 1574/1574 1595/1595 1596/1596
f 1574/1574 1596/1596 1575/1575
f 1575/1575 1596/1596 1597/1597
f 1575/1575 1597/1597 1576/1576
f 1576/1576 1597/1597 1598/1598
f 1576/1576 1598/1598 1577/1577
f 1577/1577 1598/1598 1599/1599
f 1577/1577 1599/1599 1578/1578
f 1578/1578 1599/1599 1600/1600
f 1578/1578 1600/1600 1579/1579
f 1579/1579 1600/1600 1601/1601
f 1579/1579 1601/1601 1580/1580
f 1580/1580 1601/1601 1602/1602
f 1580/1580 1602/1602 1581/1581
f 1581/1581 1602/1602 1603/1603
f 1581/1581 1603/1603 1582/1582
f 1582/1582 1603/1603 1604/1604
f 1582/1582 1604/1604 1583/1583
f 1583/1583 1604/1604 1605/1605
f 1583/1583 1605/1605 1584/1584
f 1584/1584 1605/1605 1606/1606
f 1584/1584 1606/1606 1585/1585
f 1585/1585 1606/1606 1607/1607
f 1585/1585 1607/1607 1586/1586
f 1586/1586 1607/1607 1608/1608
f 1586/1586 1608/1608 1587/1587
f 1587/1587 1608/1608 1609/1609
f 1587/1587 1609/1609 1315/1315
f 1315/1315 1609/1609 1313/1313
f 1589/1589 1588/1588 1610/1610
f 1610/1610 1588/1588 1611/1611
f 1610/1610 1611/1611 1612/1612
f 1612/1612 1611/1611 1613/1613
f 1612/1612 1613/1613 1614/1614
f 1614/1614 1613/1613 1615/1615
f 1614/1614 1615/1615 1616/1616
f 1616/1616 1615/1615 1617/1617
f 1616/1616 1617/1617 1618/1618
f 1618/1618 1617/1617 1619/1619
f 1618/1618 1619/1619 1620/1620
f 1620/1620 1619/1619 1621/1621
f 1620/1620 1621/1621 1622/1622
f 1622/1622 1621/1621 1623/1623
f 1622/1622 1623/1623 1624/1624
f 1624/1624 1623/1623 1625/1625
f 1624/1624 1625/1625 1626/1626
f 1626/1626 1625/1625 1627/1627
f 1626/1626 1627/1627 1628/1628
f 1628/1628 1627/1627 1629/1629
f 1628/1628 1629/1629 1630/1630
f 1630/1630 1629/1629 1631/1631
f 1630/1630 1631/1631 1632/1632
f 1632/1632 1631/1631 1633/1633
f 1632/1632 1633/1633 1634/1634
f 1634/1634 1633/1633 1635/1635
f 1634/1634 1635/1635 1636/1636
f 1636/1636 1635/1635 1637/1637
f 1636/1636 1637/1637 1638/1638
f 1638/1638 1637/1637 1639/1639
f 1638/1638 1639/1639 1640/1640
f 1640/1640 1639/1639 1641/1641
f 1640/1640 1641/1641 1642/1642
f 1642/1642 1641/1641 1643/1643
f 1642/1642 1643/1643 1644/1644
f 1644/1644 1643/1643 1645/1645
f 1644/1644 1645/1645 1646/1646
f 1646/1646 1645/1645 1647/1647
f 1646/1646 1647/1647 1648/1648
f 1648/1648 1647/1647 1649/1649
f 1648/1648 1649/1649 1650/1650
f 1650/1650 1649/1649 1651/1651
f 1650/1650 1651/1651 1652/1652
f 1652/1652 1651/1651 1653/1653
f 1652/1652 1653/1653 1309/1309
f 1309/1309 1653/1653 1307/1307
f 1611/1611 1654/1654 1613/1613
f 1613/1613 1654/1654 1655/1655
f 1613/1613 1655/1655 1615/1615
f 1615/1615 1655/1655 1656/1656
f 1615/1615 1656/1656 1617/1617
f 1617/1617 1656/1656 1657/1657
f 1617/1617 1657/1657 1619/1619
f 1619/1619 1657/1657 1621/1621
f 1657/1657 1658/1658 1621/1621
f 1621/1621 1658/1658 1623/1623
f 1658/1658 1659/1659 1623/1623
f 1623/1623 1659/1659 1625/1625
f 1625/1625 1659/1659 1627/1627
f 1627/1627 1659/1659 1660/1660
f 1627/1627 1660/1660 1629/1629
f 1629/1629 1660/1660 1661/1661
f 1629/1629 1661/1661 1631/1631
f 1631/1631 1661/1661 1662/1662
f 1631/1631 1662/1662 1633/1633
f 1633/1633 1662/1662 1663/1663
f 1633/1633 1663/1663 1635/1635
f 1635/1635 1663/1663 1664/1664
f 1635/1635 1664/1664 1637/1637
f 1637/1637 1664/1664 1639/1639
f 1664/1664 1665/1665 1639/1639
f 1639/1639 1665/1665 1641/1641
f 1665/1665 1666/1666 1641/1641
f 1641/1641 1666/1666 1643/1643
f 1666/1666 1667/1667 1643/1643
f 1643/1643 1667/1667 1645/1645
f 1645/1645 1667/1667 1647/1647
f 1647/1647 1667/1667 1668/1668
f 1647/1647 1668/1668 1649/1649
f 1649/1649 1668/1668 1669/1669
f 1649/1649 1669/1669 1651/1651
f 1651/1651 1669/1669 1653/1653
f 1669/1669 1670/1670 1653/1653
f 1653/1653 1670/1670 1307/1307
f 1670/1670 1305/1305 1307/1307
f 1300/1300 1302/1302 1671/1671
f 1671/1671 1302/1302 1672/1672
f 1671/1671 1672/1672 1673/1673
f 1673/1673 1672/1672 1674/1674
f 1673/1673 1674/1674 1675/1675
f 1675/1675 1674/1674 1676/1676
f 1675/1675 1676/1676 1677/1677
f 1677/1677 1676/1676 1678/1678
f 1677/1677 1678/1678 1679/1679
f 1679/1679 1678/1678 1680/1680
f 1679/1679 1680/1680 1681/1681
f 1681/1681 1680/1680 1682/1682
f 1681/1681 1682/1682 1683/1683
f 1683/1683 1682/1682 1684/1684
f 1683/1683 1684/1684 1685/1685
f 1685/1685 1684/1684 1686/1686
f 1685/1685 1686/1686 1687/1687
f 1687/1687 1686/1686 1688/1688
f 1687/1687 1688/1688 1689/1689
f 1689/1689 1688/1688 1690/1690
f 1689/1689 1690/1690 1691/1691
f 1691/1691 1690/1690 1692/1692
f 1691/1691 1692/1692 1693/1693
f 1693/1693 1692/1692 1694/1694
f 1693/1693 1694/1694 1695/1695
f 1695/1695 1694/1694 1696/1696
f 1695/1695 1696/1696 1697/1697
f 1697/1697 1696/1696 1698/1698
f 1697/1697 1698/1698 1699/1699
f 1699/1699 1698/1698 1700/1700
f 1699/1699 1700/1700 1701/1701
f 1701/1701 1700/1700 1702/1702
f 1701/1701 1702/1702 1703/1703
f 1703/1703 1702/1702 1704/1704
f 1703/1703 1704/1704 1705/1705
f 1705/1705 1704/1704 1706/1706
f 1705/1705 1706/1706 1707/1707
f 1707/1707 1706/1706 1708/1708
f 1707/1707 1708/1708 1709/1709
f 1676/1676 1710/1710 1678/1678
f 1678/1678 1710/1710 1711/1711
f 1678/1678 1711/1711 1680/1680
f 1680/1680 1711/1711 1712/1712
f 1680/1680 1712/1712 1682/1682
f 1682/1682 1712/1712 1713/1713
f 1682/1682 1713/1713 1684/1684
f 1684/1684 1713/1713 1714/1714
f 1684/1684 1714/1714 1686/1686
f 1686/1686 1714/1714 1715/1715
f 1686/1686 1715/1715 1688/1688
f 1688/1688 1715/1715 1716/1716
f 1688/1688 1716/1716 1690/1690
f 1690/1690 1716/1716 1717/1717
f 1690/1690 1717/1717 1692/1692
f 1692/1692 1717/1717 1718/1718
f 1692/1692 1718/1718 1694/1694
f 1694/1694 1718/1718 1719/1719
f 1694/1694 1719/1719 1696/1696
f 1696/1696 1719/1719 1720/1720
f 1696/1696 1720/1720 1698/1698
f 1698/1698 1720/1720 1721/1721
f 1698/1698 1721/1721 1700/1700
f 1700/1700 1721/1721 1722/1722
f 1700/1700 1722/1722 1702/1702
f 1702/1702 1722/1722 1723/1723
f 1702/1702 1723/1723 1704/1704
f 1704/1704 1723/1723 1724/1724
f 1704/1704 1724/1724 1706/1706
f 1706/1706 1724/1724 1725/1725
f 1706/1706 1725/1725 1708/1708
f 1710/1710 1726/1726 1711/1711
f 1711/1711 1726/1726 1712/1712
f 1712/1712 1726/1726 1713/1713
f 1713/1713 1726/1726 1727/1727
f 1713/1713 1727/1727 1728/1728
f 1728/1728 1727/1727 1729/1729
f 1728/1728 1729/1729 1730/1730
f 1730/1730 1729/1729 1731/1731
f 1730/1730 1731/1731 1732/1732
f 1732/1732 1731/1731 1733/1733
f 1732/1732 1733/1733 1734/1734
f 1734/1734 1733/1733 1735/1735
f 1734/1734 1735/1735 1736/1736
f 1736/1736 1735/1735 1737/1737
f 1736/1736 1737/1737 1738/1738
f 1738/1738 1737/1737 1739/1739
f 1738/1738 1739/1739 1740/1740
f 1740/1740 1739/1739 1741/1741
f 1740/1740 1741/1741 1742/1742
f 1742/1742 1741/1741 1743/1743
f 1742/1742 1743/1743 1744/1744
f 1744/1744 1743/1743 1745/1745
f 1744/1744 1745/1745 1746/1746
f 1746/1746 1745/1745 1747/1747
f 1746/1746 1747/1747 1748/1748
f 1748/1748 1747/1747 1749/1749
f 1748/1748 1749/1749 1750/1750
f 1729/1729 1751/1751 1731/1731
f 1731/1731 1751/1751 1752/1752
f 1731/1731 1752/1752 1733/1733
f 1733/1733 1752/1752 1753/1753
f 1733/1733 1753/1753 1735/1735
f 1735/1735 1753/1753 1754/1754
f 1735/1735 1754/1754 1737/1737
f 1737/1737 1754/1754 1755/1755
f 1737/1737 1755/1755 1739/1739
f 1739/1739 1755/1755 1756/1756
f 1739/1739 1756/1756 1741/1741
f 1741/1741 1756/1756 1757/1757
f 1741/1741 1757/1757 1743/1743
f 1743/1743 1757/1757 1758/1758
f 1743/1743 1758/1758 1745/1745
f 1745/1745 1758/1758 1759/1759
f 1745/1745 1759/1759 1760/1760
f 1760/1760 1759/1759 1749/1749
f 1760/1760 1749/1749 1747/1747
f 1751/1751 1761/1761 1752/1752
f 1752/1752 1761/1761 1762/1762
f 1752/1752 1762/1762 1753/1753
f 1753/1753 1762/1762 1763/1763
f 1753/1753 1764/1764 1754/1754
f 1754/1754 1764/1764 1765/1765
f 1754/1754 1765/1765 1755/1755
f 1755/1755 1765/1765 1766/1766
f 1755/1755 1766/1766 1756/1756
f 1756/1756 1766/1766 1767/1767
f 1756/1756 1767/1767 1757/1757
f 1757/1757 1767/1767 1768/1768
f 1757/1757 1768/1768 1758/1758
f 1758/1758 1768/1768 1769/1769
f 1758/1758 1769/1769 1759/1759
f 1761/1761 1770/1770 1762/1762
f 1762/1762 1770/1770 1771/1771
f 1762/1762 1771/1771 1763/1763
f 1763/1763 1771/1771 1772/1772
f 1764/1764 1772/1772 1765/1765
f 1765/1765 1772/1772 1773/1773
f 1765/1765 1773/1773 1766/1766
f 1766/1766 1773/1773 1774/1774
f 1766/1766 1774/1774 1767/1767
f 1767/1767 1774/1774 1775/1775
f 1767/1767 1775/1775 1768/1768
f 1768/1768 1775/1775 1769/1769
f 1771/1771 1770/1770 1776/1776
f 1776/1776 1770/1770 1777/1777
f 1776/1776 1777/1777 1778/1778
f 1778/1778 1777/1777 1779/1779
f 1778/1778 1779/1779 1780/1780
f 1780/1780 1779/1779 1781/1781
f 1780/1780 1781/1781 1782/1782
f 1782/1782 1781/1781 1783/1783
f 1782/1782 1783/1783 1784/1784
f 1784/1784 1783/1783 1785/1785
f 1784/1784 1785/1785 1786/1786
f 1786/1786 1785/1785 1774/1774
f 1786/1786 1774/1774 1773/1773
f 1779/1779 1787/1787 1781/1781
f 1781/1781 1787/1787 1783/1783
f 1785/1785 1783/1783 1775/1775
f 1775/1775 1783/1783 1769/1769
f 1748/1748 1750/1750 1788/1788
f 1788/1788 1750/1750 1789/1789
f 1788/1788 1789/1789 1724/1724
f 1724/1724 1789/1789 1725/1725
f 1707/1707 1709/1709 1790/1790
f 1790/1790 1709/1709 1791/1791
f 1790/1790 1791/1791 1792/1792
f 1792/1792 1791/1791 1793/1793
f 1792/1792 1793/1793 1794/1794
f 1794/1794 1793/1793 1795/1795
f 1794/1794 1795/1795 1262/1262
f 1262/1262 1795/1795 1260/1260
f 1262/1262 1264/1264 1794/1794
f 1794/1794 1264/1264 1796/1796
f 1794/1794 1796/1796 1792/1792
f 1792/1792 1796/1796 1797/1797
f 1792/1792 1797/1797 1790/1790
f 1790/1790 1797/1797 1798/1798
f 1790/1790 1798/1798 1707/1707
f 1707/1707 1798/1798 1705/1705
f 1724/1724 1723/1723 1788/1788
f 1788/1788 1723/1723 1799/1799
f 1788/1788 1799/1799 1748/1748
f 1748/1748 1799/1799 1746/1746
f 1745/1745 1760/1760 1747/1747
f 1261/1261 1350/1350 1263/1263
f 1263/1263 1350/1350 1800/1800
f 1263/1263 1800/1800 1265/1265
f 1265/1265 1800/1800 1801/1801
f 1265/1265 1801/1801 1267/1267
f 1267/1267 1801/1801 1802/1802
f 1267/1267 1802/1802 1269/1269
f 1269/1269 1802/1802 1803/1803
f 1269/1269 1803/1803 1271/1271
f 1271/1271 1803/1803 1804/1804
f 1271/1271 1804/1804 1273/1273
f 1273/1273 1804/1804 1805/1805
f 1273/1273 1805/1805 1275/1275
f 1275/1275 1805/1805 1806/1806
f 1275/1275 1806/1806 1277/1277
f 1277/1277 1806/1806 1807/1807
f 1277/1277 1807/1807 1279/1279
f 1279/1279 1807/1807 1808/1808
f 1279/1279 1808/1808 1281/1281
f 1281/1281 1808/1808 1809/1809
f 1281/1281 1809/1809 1283/1283
f 1283/1283 1809/1809 1810/1810
f 1283/1283 1810/1810 1285/1285
f 1285/1285 1810/1810 1811/1811
f 1285/1285 1811/1811 1287/1287
f 1287/1287 1811/1811 1812/1812
f 1287/1287 1812/1812 1289/1289
f 1289/1289 1812/1812 1813/1813
f 1289/1289 1813/1813 1291/1291
f 1291/1291 1813/1813 1814/1814
f 1291/1291 1814/1814 1293/1293
f 1293/1293 1814/1814 1815/1815
f 1293/1293 1815/1815 1295/1295
f 1295/1295 1815/1815 1816/1816
f 1295/1295 1816/1816 1297/1297
f 1297/1297 1816/1816 1817/1817
f 1297/1297 1817/1817 1299/1299
f 1299/1299 1817/1817 1818/1818
f 1299/1299 1818/1818 1301/1301
f 1301/1301 1818/1818 1304/1304
f 1264/1264 1266/1266 1796/1796
f 1796/1796 1266/1266 1819/1819
f 1796/1796 1819/1819 1797/1797
f 1797/1797 1819/1819 1820/1820
f 1797/1797 1820/1820 1798/1798
f 1798/1798 1820/1820 1821/1821
f 1798/1798 1821/1821 1705/1705
f 1705/1705 1821/1821 1703/1703
f 1723/1723 1722/1722 1799/1799
f 1799/1799 1722/1722 1822/1822
f 1799/1799 1822/1822 1746/1746
f 1746/1746 1822/1822 1744/1744
f 1774/1774 1785/1785 1775/1775
f 1782/1782 1784/1784 1823/1823
f 1823/1823 1784/1784 1786/1786
f 1823/1823 1786/1786 1824/1824
f 1824/1824 1786/1786 1773/1773
f 1824/1824 1773/1773 1772/1772
f 1350/1350 1353/1353 1800/1800
f 1800/1800 1353/1353 1825/1825
f 1800/1800 1825/1825 1801/1801
f 1801/1801 1825/1825 1826/1826
f 1801/1801 1826/1826 1802/1802
f 1802/1802 1826/1826 1827/1827
f 1802/1802 1827/1827 1803/1803
f 1803/1803 1827/1827 1828/1828
f 1803/1803 1828/1828 1804/1804
f 1804/1804 1828/1828 1829/1829
f 1804/1804 1829/1829 1805/1805
f 1805/1805 1829/1829 1830/1830
f 1805/1805 1830/1830 1806/1806
f 1806/1806 1830/1830 1831/1831
f 1806/1806 1831/1831 1807/1807
f 1807/1807 1831/1831 1832/1832
f 1807/1807 1832/1832 1808/1808
f 1808/1808 1832/1832 1833/1833
f 1808/1808 1833/1833 1809/1809
f 1809/1809 1833/1833 1834/1834
f 1809/1809 1834/1834 1810/1810
f 1810/1810 1834/1834 1835/1835
f 1810/1810 1835/1835 1811/1811
f 1811/1811 1835/1835 1836/1836
f 1811/1811 1836/1836 1812/1812
f 1812/1812 1836/1836 1837/1837
f 1812/1812 1837/1837 1813/1813
f 1813/1813 1837/1837 1838/1838
f 1813/1813 1838/1838 1814/1814
f 1814/1814 1838/1838 1839/1839
f 1814/1814 1839/1839 1815/1815
f 1815/1815 1839/1839 1840/1840
f 1815/1815 1840/1840 1816/1816
f 1816/1816 1840/1840 1841/1841
f 1816/1816 1841/1841 1817/1817
f 1817/1817 1841/1841 1842/1842
f 1817/1817 1842/1842 1818/1818
f 1818/1818 1842/1842 1843/1843
f 1818/1818 1843/1843 1304/1304
f 1304/1304 1843/1843 1306/1306
f 1266/1266 1268/1268 1819/1819
f 1819/1819 1268/1268 1844/1844
f 1819/1819 1844/1844 1820/1820
f 1820/1820 1844/1844 1845/1845
f 1820/1820 1845/1845 1821/1821
f 1821/1821 1845/1845 1846/1846
f 1821/1821 1846/1846 1703/1703
f 1703/1703 1846/1846 1701/1701
f 1722/1722 1721/1721 1822/1822
f 1822/1822 1721/1721 1847/1847
f 1822/1822 1847/1847 1744/1744
f 1744/1744 1847/1847 1742/1742
f 1778/1778 1780/1780 1823/1823
f 1823/1823 1780/1780 1782/1782
f 1778/1778 1823/1823 1824/1824
f 1353/1353 1355/1355 1825/1825
f 1825/1825 1355/1355 1848/1848
f 1825/1825 1848/1848 1826/1826
f 1826/1826 1848/1848 1849/1849
f 1826/1826 1849/1849 1827/1827
f 1827/1827 1849/1849 1850/1850
f 1827/1827 1850/1850 1828/1828
f 1828/1828 1850/1850 1851/1851
f 1828/1828 1851/1851 1829/1829
f 1829/1829 1851/1851 1852/1852
f 1829/1829 1852/1852 1830/1830
f 1830/1830 1852/1852 1853/1853
f 1830/1830 1853/1853 1831/1831
f 1831/1831 1853/1853 1854/1854
f 1831/1831 1854/1854 1832/1832
f 1832/1832 1854/1854 1855/1855
f 1832/1832 1855/1855 1833/1833
f 1833/1833 1855/1855 1856/1856
f 1833/1833 1856/1856 1834/1834
f 1834/1834 1856/1856 1857/1857
f 1834/1834 1857/1857 1835/1835
f 1835/1835 1857/1857 1858/1858
f 1835/1835 1858/1858 1836/1836
f 1836/1836 1858/1858 1859/1859
f 1836/1836 1859/1859 1837/1837
f 1837/1837 1859/1859 1860/1860
f 1837/1837 1860/1860 1838/1838
f 1838/1838 1860/1860 1861/1861
f 1838/1838 1861/1861 1839/1839
f 1839/1839 1861/1861 1862/1862
f 1839/1839 1862/1862 1840/1840
f 1840/1840 1862/1862 1863/1863
f 1840/1840 1863/1863 1841/1841
f 1841/1841 1863/1863 1864/1864
f 1841/1841 1864/1864 1842/1842
f 1842/1842 1864/1864 1865/1865
f 1842/1842 1865/1865 1843/1843
f 1843/1843 1865/1865 1308/1308
f 1843/1843 1308/1308 1306/1306
f 1268/1268 1270/1270 1844/1844
f 1844/1844 1270/1270 1866/1866
f 1844/1844 1866/1866 1845/1845
f 1845/1845 1866/1866 1867/1867
f 1845/1845 1867/1867 1846/1846
f 1846/1846 1867/1867 1868/1868
f 1846/1846 1868/1868 1701/1701
f 1701/1701 1868/1868 1699/1699
f 1721/1721 1720/1720 1847/1847
f 1847/1847 1720/1720 1869/1869
f 1847/1847 1869/1869 1742/1742
f 1742/1742 1869/1869 1740/1740
f 1776/1776 1778/1778 1824/1824
f 1776/1776 1824/1824 1772/1772
f 1355/1355 1357/1357 1848/1848
f 1848/1848 1357/1357 1870/1870
f 1848/1848 1870/1870 1849/1849
f 1849/1849 1870/1870 1871/1871
f 1849/1849 1871/1871 1850/1850
f 1850/1850 1871/1871 1872/1872
f 1850/1850 1872/1872 1851/1851
f 1851/1851 1872/1872 1873/1873
f 1851/1851 1873/1873 1852/1852
f 1852/1852 1873/1873 1874/1874
f 1852/1852 1874/1874 1853/1853
f 1853/1853 1874/1874 1875/1875
f 1853/1853 1875/1875 1854/1854
f 1854/1854 1875/1875 1876/1876
f 1854/1854 1876/1876 1855/1855
f 1855/1855 1876/1876 1877/1877
f 1855/1855 1877/1877 1856/1856
f 1856/1856 1877/1877 1878/1878
f 1856/1856 1878/1878 1857/1857
f 1857/1857 1878/1878 1879/1879
f 1857/1857 1879/1879 1858/1858
f 1858/1858 1879/1879 1880/1880
f 1858/1858 1880/1880 1859/1859
f 1859/1859 1880/1880 1881/1881
f 1859/1859 1881/1881 1860/1860
f 1860/1860 1881/1881 1882/1882
f 1860/1860 1882/1882 1861/1861
f 1861/1861 1882/1882 1883/1883
f 1861/1861 1883/1883 1862/1862
f 1862/1862 1883/1883 1884/1884
f 1862/1862 1884/1884 1863/1863
f 1863/1863 1884/1884 1885/1885
f 1863/1863 1885/1885 1864/1864
f 1864/1864 1885/1885 1886/1886
f 1864/1864 1886/1886 1865/1865
f 1865/1865 1886/1886 1310/1310
f 1865/1865 1310/1310 1308/1308
f 1270/1270 1272/1272 1866/1866
f 1866/1866 1272/1272 1887/1887
f 1866/1866 1887/1887 1867/1867
f 1867/1867 1887/1887 1888/1888
f 1867/1867 1888/1888 1868/1868
f 1868/1868 1888/1888 1889/1889
f 1868/1868 1889/1889 1699/1699
f 1699/1699 1889/1889 1697/1697
f 1720/1720 1719/1719 1869/1869
f 1869/1869 1719/1719 1890/1890
f 1869/1869 1890/1890 1740/1740
f 1740/1740 1890/1890 1738/1738
f 1771/1771 1776/1776 1772/1772
f 1357/1357 1359/1359 1870/1870
f 1870/1870 1359/1359 1891/1891
f 1870/1870 1891/1891 1871/1871
f 1871/1871 1891/1891 1892/1892
f 1871/1871 1892/1892 1872/1872
f 1872/1872 1892/1892 1893/1893
f 1872/1872 1893/1893 1873/1873
f 1873/1873 1893/1893 1894/1894
f 1873/1873 1894/1894 1874/1874
f 1874/1874 1895/1895 1896/1896
f 1874/1874 1896/1896 1875/1875
f 1875/1875 1896/1896 1897/1897
f 1875/1875 1897/1897 1876/1876
f 1876/1876 1897/1897 1898/1898
f 1876/1876 1898/1898 1877/1877
f 1877/1877 1898/1898 1899/1899
f 1877/1877 1899/1899 1878/1878
f 1878/1878 1899/1899 1900/1900
f 1878/1878 1900/1900 1879/1879
f 1879/1879 1900/1900 1901/1901
f 1879/1879 1901/1901 1880/1880
f 1880/1880 1901/1901 1902/1902
f 1880/1880 1902/1902 1881/1881
f 1881/1881 1902/1902 1903/1903
f 1881/1881 1903/1903 1882/1882
f 1882/1882 1903/1903 1904/1904
f 1882/1882 1904/1904 1883/1883
f 1883/1883 1904/1904 1905/1905
f 1883/1883 1905/1905 1884/1884
f 1884/1884 1905/1905 1906/1906
f 1884/1884 1906/1906 1885/1885
f 1885/1885 1906/1906 1907/1907
f 1885/1885 1907/1907 1886/1886
f 1886/1886 1907/1907 1312/1312
f 1886/1886 1312/1312 1310/1310
f 1272/1272 1274/1274 1887/1887
f 1887/1887 1274/1274 1908/1908
f 1887/1887 1908/1908 1888/1888
f 1888/1888 1908/1908 1909/1909
f 1888/1888 1909/1909 1889/1889
f 1889/1889 1909/1909 1910/1910
f 1889/1889 1910/1910 1697/1697
f 1697/1697 1910/1910 1695/1695
f 1719/1719 1718/1718 1890/1890
f 1890/1890 1718/1718 1911/1911
f 1890/1890 1911/1911 1738/1738
f 1738/1738 1911/1911 1736/1736
f 1359/1359 1361/1361 1891/1891
f 1891/1891 1361/1361 1912/1912
f 1891/1891 1912/1912 1892/1892
f 1892/1892 1912/1912 1913/1913
f 1892/1892 1913/1913 1893/1893
f 1893/1893 1913/1913 1914/1914
f 1893/1893 1914/1914 1894/1894
f 1894/1894 1914/1914 1915/1915
f 1895/1895 1915/1915 1896/1896
f 1896/1896 1915/1915 1916/1916
f 1896/1896 1916/1916 1897/1897
f 1897/1897 1916/1916 1917/1917
f 1897/1897 1917/1917 1898/1898
f 1898/1898 1917/1917 1918/1918
f 1898/1898 1918/1918 1899/1899
f 1899/1899 1918/1918 1919/1919
f 1899/1899 1919/1919 1900/1900
f 1900/1900 1919/1919 1920/1920
f 1900/1900 1920/1920 1901/1901
f 1901/1901 1920/1920 1921/1921
f 1901/1901 1921/1921 1902/1902
f 1902/1902 1921/1921 1922/1922
f 1902/1902 1922/1922 1903/1903
f 1903/1903 1922/1922 1923/1923
f 1903/1903 1923/1923 1904/1904
f 1904/1904 1923/1923 1924/1924
f 1904/1904 1924/1924 1905/1905
f 1905/1905 1924/1924 1925/1925
f 1905/1905 1925/1925 1906/1906
f 1906/1906 1925/1925 1926/1926
f 1906/1906 1926/1926 1907/1907
f 1907/1907 1926/1926 1314/1314
f 1907/1907 1314/1314 1312/1312
f 1274/1274 1276/1276 1908/1908
f 1908/1908 1276/1276 1927/1927
f 1908/1908 1927/1927 1909/1909
f 1909/1909 1927/1927 1928/1928
f 1909/1909 1928/1928 1910/1910
f 1910/1910 1928/1928 1929/1929
f 1910/1910 1929/1929 1695/1695
f 1695/1695 1929/1929 1693/1693
f 1718/1718 1717/1717 1911/1911
f 1911/1911 1717/1717 1930/1930
f 1911/1911 1930/1930 1736/1736
f 1736/1736 1930/1930 1734/1734
f 1361/1361 1364/1364 1912/1912
f 1912/1912 1364/1364 1931/1931
f 1912/1912 1931/1931 1913/1913
f 1913/1913 1931/1931 1932/1932
f 1913/1913 1932/1932 1914/1914
f 1914/1914 1932/1932 1933/1933
f 1914/1914 1933/1933 1915/1915
f 1915/1915 1933/1933 1934/1934
f 1915/1915 1934/1934 1916/1916
f 1916/1916 1934/1934 1935/1935
f 1916/1916 1935/1935 1917/1917
f 1917/1917 1935/1935 1936/1936
f 1917/1917 1936/1936 1918/1918
f 1918/1918 1936/1936 1937/1937
f 1918/1918 1937/1937 1919/1919
f 1919/1919 1937/1937 1938/1938
f 1919/1919 1938/1938 1920/1920
f 1920/1920 1938/1938 1939/1939
f 1920/1920 1939/1939 1921/1921
f 1921/1921 1939/1939 1940/1940
f 1921/1921 1940/1940 1922/1922
f 1922/1922 1940/1940 1941/1941
f 1922/1922 1941/1941 1923/1923
f 1923/1923 1941/1941 1942/1942
f 1923/1923 1942/1942 1924/1924
f 1924/1924 1942/1942 1943/1943
f 1924/1924 1943/1943 1925/1925
f 1925/1925 1943/1943 1944/1944
f 1925/1925 1944/1944 1926/1926
f 1926/1926 1944/1944 1316/1316
f 1926/1926 1316/1316 1314/1314
f 1276/1276 1278/1278 1927/1927
f 1927/1927 1278/1278 1945/1945
f 1927/1927 1945/1945 1928/1928
f 1928/1928 1945/1945 1946/1946
f 1928/1928 1946/1946 1929/1929
f 1929/1929 1946/1946 1947/1947
f 1929/1929 1947/1947 1693/1693
f 1693/1693 1947/1947 1691/1691
f 1717/1717 1716/1716 1930/1930
f 1930/1930 1716/1716 1948/1948
f 1930/1930 1948/1948 1734/1734
f 1734/1734 1948/1948 1732/1732
f 1364/1364 1366/1366 1931/1931
f 1931/1931 1366/1366 1949/1949
f 1931/1931 1949/1949 1932/1932
f 1932/1932 1949/1949 1950/1950
f 1932/1932 1950/1950 1933/1933
f 1933/1933 1950/1950 1951/1951
f 1933/1933 1951/1951 1934/1934
f 1934/1934 1951/1951 1952/1952
f 1934/1934 1952/1952 1935/1935
f 1935/1935 1952/1952 1953/1953
f 1935/1935 1953/1953 1936/1936
f 1936/1936 1953/1953 1954/1954
f 1936/1936 1954/1954 1937/1937
f 1937/1937 1954/1954 1955/1955
f 1937/1937 1955/1955 1938/1938
f 1938/1938 1955/1955 1956/1956
f 1938/1938 1956/1956 1939/1939
f 1939/1939 1956/1956 1957/1957
f 1939/1939 1957/1957 1940/1940
f 1940/1940 1957/1957 1958/1958
f 1940/1940 1958/1958 1941/1941
f 1941/1941 1958/1958 1959/1959
f 1941/1941 1959/1959 1942/1942
f 1942/1942 1959/1959 1960/1960
f 1942/1942 1960/1960 1943/1943
f 1943/1943 1960/1960 1961/1961
f 1943/1943 1961/1961 1944/1944
f 1944/1944 1961/1961 1318/1318
f 1944/1944 1318/1318 1316/1316
f 1278/1278 1280/1280 1945/1945
f 1945/1945 1280/1280 1962/1962
f 1945/1945 1962/1962 1946/1946
f 1946/1946 1962/1962 1963/1963
f 1946/1946 1963/1963 1947/1947
f 1947/1947 1963/1963 1964/1964
f 1947/1947 1964/1964 1691/1691
f 1691/1691 1964/1964 1689/1689
f 1716/1716 1715/1715 1948/1948
f 1948/1948 1715/1715 1965/1965
f 1948/1948 1965/1965 1732/1732
f 1732/1732 1965/1965 1730/1730
f 1366/1366 1368/1368 1949/1949
f 1949/1949 1368/1368 1966/1966
f 1949/1949 1966/1966 1950/1950
f 1950/1950 1966/1966 1967/1967
f 1950/1950 1967/1967 1951/1951
f 1951/1951 1967/1967 1968/1968
f 1951/1951 1968/1968 1952/1952
f 1952/1952 1968/1968 1969/1969
f 1952/1952 1969/1969 1953/1953
f 1953/1953 1969/1969 1970/1970
f 1953/1953 1970/1970 1954/1954
f 1954/1954 1970/1970 1971/1971
f 1954/1954 1971/1971 1955/1955
f 1955/1955 1971/1971 1972/1972
f 1955/1955 1972/1972 1956/1956
f 1956/1956 1972/1972 1973/1973
f 1956/1956 1973/1973 1957/1957
f 1957/1957 1973/1973 1974/1974
f 1957/1957 1974/1974 1958/1958
f 1958/1958 1974/1974 1975/1975
f 1958/1958 1975/1975 1959/1959
f 1959/1959 1975/1975 1976/1976
f 1959/1959 1976/1976 1960/1960
f 1960/1960 1976/1976 1977/1977
f 1960/1960 1977/1977 1961/1961
f 1961/1961 1977/1977 1320/1320
f 1961/1961 1320/1320 1318/1318
f 1280/1280 1282/1282 1962/1962
f 1962/1962 1282/1282 1978/1978
f 1962/1962 1978/1978 1963/1963
f 1963/1963 1978/1978 1979/1979
f 1963/1963 1979/1979 1964/1964
f 1964/1964 1979/1979 1980/1980
f 1964/1964 1980/1980 1689/1689
f 1689/1689 1980/1980 1687/1687
f 1728/1728 1730/1730 1965/1965
f 1728/1728 1965/1965 1714/1714
f 1714/1714 1965/1965 1715/1715
f 1368/1368 1370/1370 1966/1966
f 1966/1966 1370/1370 1981/1981
f 1966/1966 1981/1981 1967/1967
f 1967/1967 1981/1981 1982/1982
f 1967/1967 1982/1982 1968/1968
f 1968/1968 1982/1982 1983/1983
f 1968/1968 1983/1983 1969/1969
f 1969/1969 1983/1983 1984/1984
f 1969/1969 1984/1984 1970/1970
f 1970/1970 1984/1984 1985/1985
f 1970/1970 1985/1985 1971/1971
f 1971/1971 1985/1985 1986/1986
f 1971/1971 1986/1986 1972/1972
f 1972/1972 1986/1986 1987/1987
f 1972/1972 1987/1987 1973/1973
f 1973/1973 1987/1987 1988/1988
f 1973/1973 1988/1988 1974/1974
f 1974/1974 1988/1988 1989/1989
f 1974/1974 1989/1989 1975/1975
f 1975/1975 1989/1989 1990/1990
f 1975/1975 1990/1990 1976/1976
f 1976/1976 1990/1990 1991/1991
f 1976/1976 1991/1991 1977/1977
f 1977/1977 1991/1991 1322/1322
f 1977/1977 1322/1322 1320/1320
f 1282/1282 1284/1284 1978/1978
f 1978/1978 1284/1284 1992/1992
f 1978/1978 1992/1992 1979/1979
f 1979/1979 1992/1992 1993/1993
f 1979/1979 1993/1993 1980/1980
f 1980/1980 1993/1993 1994/1994
f 1980/1980 1994/1994 1687/1687
f 1687/1687 1994/1994 1685/1685
f 1713/1713 1728/1728 1714/1714
f 1370/1370 1372/1372 1981/1981
f 1981/1981 1372/1372 1374/1374
f 1981/1981 1374/1374 1982/1982
f 1982/1982 1374/1374 1377/1377
f 1982/1982 1377/1377 1983/1983
f 1983/1983 1377/1377 1995/1995
f 1983/1983 1995/1995 1984/1984
f 1984/1984 1995/1995 1996/1996
f 1984/1984 1996/1996 1985/1985
f 1985/1985 1996/1996 1997/1997
f 1985/1985 1997/1997 1986/1986
f 1986/1986 1997/1997 1998/1998
f 1986/1986 1998/1998 1987/1987
f 1987/1987 1998/1998 1999/1999
f 1987/1987 1999/1999 1988/1988
f 1988/1988 1999/1999 2000/2000
f 1988/1988 2000/2000 1989/1989
f 1989/1989 2000/2000 2001/2001
f 1989/1989 2001/2001 1990/1990
f 1990/1990 2001/2001 2002/2002
f 1990/1990 2002/2002 1991/1991
f 1991/1991 2002/2002 1324/1324
f 1991/1991 1324/1324 1322/1322
f 1284/1284 1286/1286 1992/1992
f 1992/1992 1286/1286 2003/2003
f 1992/1992 2003/2003 1993/1993
f 1993/1993 2003/2003 2004/2004
f 1993/1993 2004/2004 1994/1994
f 1994/1994 2004/2004 2005/2005
f 1994/1994 2005/2005 1685/1685
f 1685/1685 2005/2005 1683/1683
f 1286/1286 1288/1288 2003/2003
f 2003/2003 1288/1288 2006/2006
f 2003/2003 2006/2006 2004/2004
f 2004/2004 2006/2006 2007/2007
f 2004/2004 2007/2007 2005/2005
f 2005/2005 2007/2007 2008/2008
f 2005/2005 2008/2008 1683/1683
f 1683/1683 2008/2008 1681/1681
f 1288/1288 1290/1290 2006/2006
f 2006/2006 1290/1290 2009/2009
f 2006/2006 2009/2009 2007/2007
f 2007/2007 2009/2009 2010/2010
f 2007/2007 2010/2010 2008/2008
f 2008/2008 2010/2010 2011/2011
f 2008/2008 2011/2011 1681/1681
f 1681/1681 2011/2011 1679/1679
f 1377/1377 1379/1379 1995/1995
f 1995/1995 1379/1379 2012/2012
f 1995/1995 2012/2012 1996/1996
f 1996/1996 2012/2012 2013/2013
f 1996/1996 2013/2013 1997/1997
f 1997/1997 2013/2013 2014/2014
f 1997/1997 2014/2014 1998/1998
f 1998/1998 2014/2014 2015/2015
f 1998/1998 2015/2015 1999/1999
f 1999/1999 2015/2015 2016/2016
f 1999/1999 2016/2016 2000/2000
f 2000/2000 2016/2016 2017/2017
f 2000/2000 2017/2017 2001/2001
f 2001/2001 2017/2017 2018/2018
f 2001/2001 2018/2018 2002/2002
f 2002/2002 2018/2018 1326/1326
f 2002/2002 1326/1326 1324/1324
f 1290/1290 1292/1292 2009/2009
f 2009/2009 1292/1292 2019/2019
f 2009/2009 2019/2019 2010/2010
f 2010/2010 2019/2019 2020/2020
f 2010/2010 2020/2020 2011/2011
f 2011/2011 2020/2020 2021/2021
f 2011/2011 2021/2021 1679/1679
f 1679/1679 2021/2021 1677/1677
f 1379/1379 1381/1381 2012/2012
f 2012/2012 1381/1381 2022/2022
f 2012/2012 2022/2022 2013/2013
f 2013/2013 2022/2022 2023/2023
f 2013/2013 2023/2023 2014/2014
f 2014/2014 2023/2023 2024/2024
f 2014/2014 2024/2024 2015/2015
f 2015/2015 2024/2024 2025/2025
f 2015/2015 2025/2025 2016/2016
f 2016/2016 2025/2025 2026/2026
f 2016/2016 2026/2026 2017/2017
f 2017/2017 2026/2026 2027/2027
f 2017/2017 2027/2027 2018/2018
f 2018/2018 2027/2027 1328/1328
f 2018/2018 1328/1328 1326/1326
f 1292/1292 1294/1294 2019/2019
f 2019/2019 1294/1294 2028/2028
f 2019/2019 2028/2028 2020/2020
f 2020/2020 2028/2028 2029/2029
f 2020/2020 2029/2029 2021/2021
f 2021/2021 2029/2029 1675/1675
f 2021/2021 1675/1675 1677/1677
f 1381/1381 1383/1383 2022/2022
f 2022/2022 1383/1383 2030/2030
f 2022/2022 2030/2030 2023/2023
f 2023/2023 2030/2030 2031/2031
f 2023/2023 2031/2031 2024/2024
f 2024/2024 2031/2031 2032/2032
f 2024/2024 2032/2032 2025/2025
f 2025/2025 2032/2032 2033/2033
f 2025/2025 2033/2033 2026/2026
f 2026/2026 2033/2033 2034/2034
f 2026/2026 2034/2034 2027/2027
f 2027/2027 2034/2034 1330/1330
f 2027/2027 1330/1330 1328/1328
f 1294/1294 1296/1296 2028/2028
f 2028/2028 1296/1296 2035/2035
f 2028/2028 2035/2035 2029/2029
f 2029/2029 2035/2035 1673/1673
f 2029/2029 1673/1673 1675/1675
f 1383/1383 1385/1385 2030/2030
f 2030/2030 1385/1385 2036/2036
f 2030/2030 2036/2036 2031/2031
f 2031/2031 2036/2036 2037/2037
f 2031/2031 2037/2037 2032/2032
f 2032/2032 2037/2037 2038/2038
f 2032/2032 2038/2038 2033/2033
f 2033/2033 2038/2038 2039/2039
f 2033/2033 2039/2039 2034/2034
f 2034/2034 2039/2039 1332/1332
f 2034/2034 1332/1332 1330/1330
f 1671/1671 1673/1673 2035/2035
f 1671/1671 2035/2035 1298/1298
f 1298/1298 2035/2035 1296/1296
f 1385/1385 1387/1387 2036/2036
f 2036/2036 1387/1387 2040/2040
f 2036/2036 2040/2040 2037/2037
f 2037/2037 2040/2040 2041/2041
f 2037/2037 2041/2041 2038/2038
f 2038/2038 2041/2041 2042/2042
f 2038/2038 2042/2042 2039/2039
f 2039/2039 2042/2042 1334/1334
f 2039/2039 1334/1334 1332/1332
f 1300/1300 1671/1671 1298/1298
f 1387/1387 1389/1389 2040/2040
f 2040/2040 1389/1389 2043/2043
f 2040/2040 2043/2043 2041/2041
f 2041/2041 2043/2043 2044/2044
f 2041/2041 2044/2044 2042/2042
f 2042/2042 2044/2044 1336/1336
f 2042/2042 1336/1336 1334/1334
f 1389/1389 1392/1392 2043/2043
f 2043/2043 1392/1392 2045/2045
f 2043/2043 2045/2045 2044/2044
f 2044/2044 2045/2045 1338/1338
f 2044/2044 1338/1338 1336/1336
f 1392/1392 1394/1394 2045/2045
f 2045/2045 1394/1394 1340/1340
f 2045/2045 1340/1340 1338/1338
f 1342/1342 1340/1340 1394/1394
f 1486/1486 1339/1339 1341/1341
f 1341/1341 1343/1343 2046/2046
f 2046/2046 1343/1343 1396/1396
f 2046/2046 1396/1396 2047/2047
f 2047/2047 1396/1396 1398/1398
f 2047/2047 1398/1398 2048/2048
f 2048/2048 1398/1398 1401/1401
f 2048/2048 1401/1401 2049/2049
f 2049/2049 1401/1401 1403/1403
f 2049/2049 1403/1403 2050/2050
f 2050/2050 1403/1403 1405/1405
f 2050/2050 1405/1405 2051/2051
f 2051/2051 1405/1405 1407/1407
f 2051/2051 1407/1407 2052/2052
f 2052/2052 1407/1407 1409/1409
f 2052/2052 1409/1409 2053/2053
f 2053/2053 1409/1409 1411/1411
f 2053/2053 1411/1411 2054/2054
f 2054/2054 1411/1411 1414/1414
f 2054/2054 1414/1414 2055/2055
f 2055/2055 1414/1414 1416/1416
f 2055/2055 1416/1416 2056/2056
f 2056/2056 1416/1416 1418/1418
f 2056/2056 1418/1418 2057/2057
f 2057/2057 1418/1418 1421/1421
f 2057/2057 1421/1421 2058/2058
f 2058/2058 1421/1421 1424/1424
f 2058/2058 1424/1424 2059/2059
f 2059/2059 1424/1424 1426/1426
f 2059/2059 1426/1426 2060/2060
f 2060/2060 1426/1426 1428/1428
f 2060/2060 1428/1428 2061/2061
f 2061/2061 1428/1428 1430/1430
f 2061/2061 1430/1430 2062/2062
f 2062/2062 1430/1430 1432/1432
f 2062/2062 1432/1432 2063/2063
f 2063/2063 1432/1432 1434/1434
f 2063/2063 1434/1434 2064/2064
f 2064/2064 1434/1434 1436/1436
f 2064/2064 1436/1436 2065/2065
f 2065/2065 1436/1436 1439/1439
f 2065/2065 1439/1439 1444/1444
f 1444/1444 1439/1439 1441/1441
f 1335/1335 1337/1337 2066/2066
f 2066/2066 1337/1337 1487/1487
f 2066/2066 1487/1487 2067/2067
f 2067/2067 1487/1487 1485/1485
f 2067/2067 1485/1485 2068/2068
f 2068/2068 1485/1485 1483/1483
f 2068/2068 1483/1483 2069/2069
f 2069/2069 1483/1483 1481/1481
f 2069/2069 1481/1481 2070/2070
f 2070/2070 1481/1481 1479/1479
f 2070/2070 1479/1479 2071/2071
f 2071/2071 1479/1479 1477/1477
f 2071/2071 1477/1477 2072/2072
f 2072/2072 1477/1477 1475/1475
f 2072/2072 1475/1475 2073/2073
f 2073/2073 1475/1475 1473/1473
f 2073/2073 1473/1473 2074/2074
f 2074/2074 1473/1473 1471/1471
f 2074/2074 1471/1471 2075/2075
f 2075/2075 1471/1471 1469/1469
f 2075/2075 1469/1469 2076/2076
f 2076/2076 1469/1469 1467/1467
f 2076/2076 1467/1467 2077/2077
f 2077/2077 1467/1467 1465/1465
f 2077/2077 1465/1465 2078/2078
f 2078/2078 1465/1465 1463/1463
f 2078/2078 1463/1463 2079/2079
f 2079/2079 1463/1463 1461/1461
f 2079/2079 1461/1461 2080/2080
f 2080/2080 1461/1461 1459/1459
f 2080/2080 1459/1459 2081/2081
f 2081/2081 1459/1459 1457/1457
f 2081/2081 1457/1457 2082/2082
f 2082/2082 1457/1457 1455/1455
f 2082/2082 1455/1455 2083/2083
f 2083/2083 1455/1455 1453/1453
f 2083/2083 1453/1453 2084/2084
f 2084/2084 1453/1453 1451/1451
f 2084/2084 1451/1451 2085/2085
f 2085/2085 1451/1451 1449/1449
f 2085/2085 1449/1449 1488/1488
f 1488/1488 1449/1449 1447/1447
f 1333/1333 1335/1335 2086/2086
f 2086/2086 1335/1335 2066/2066
f 2086/2086 2066/2066 2087/2087
f 2087/2087 2066/2066 2067/2067
f 2087/2087 2067/2067 2088/2088
f 2088/2088 2067/2067 2068/2068
f 2088/2088 2068/2068 2089/2089
f 2089/2089 2068/2068 2069/2069
f 2089/2089 2069/2069 2090/2090
f 2090/2090 2069/2069 2070/2070
f 2090/2090 2070/2070 2091/2091
f 2091/2091 2070/2070 2071/2071
f 2091/2091 2071/2071 2092/2092
f 2092/2092 2071/2071 2072/2072
f 2092/2092 2072/2072 2093/2093
f 2093/2093 2072/2072 2073/2073
f 2093/2093 2073/2073 2094/2094
f 2094/2094 2073/2073 2074/2074
f 2094/2094 2074/2074 2095/2095
f 2095/2095 2074/2074 2075/2075
f 2095/2095 2075/2075 2096/2096
f 2096/2096 2075/2075 2076/2076
f 2096/2096 2076/2076 2097/2097
f 2097/2097 2076/2076 2077/2077
f 2097/2097 2077/2077 2098/2098
f 2098/2098 2077/2077 2078/2078
f 2098/2098 2078/2078 2099/2099
f 2099/2099 2078/2078 2079/2079
f 2099/2099 2079/2079 2100/2100
f 2100/2100 2079/2079 2080/2080
f 2100/2100 2080/2080 2101/2101
f 2101/2101 2080/2080 2081/2081
f 2101/2101 2081/2081 2102/2102
f 2102/2102 2081/2081 2082/2082
f 2102/2102 2082/2082 2103/2103
f 2103/2103 2082/2082 2083/2083
f 2103/2103 2083/2083 2104/2104
f 2104/2104 2083/2083 2084/2084
f 2104/2104 2084/2084 2105/2105
f 2105/2105 2084/2084 2085/2085
f 2105/2105 2085/2085 1490/1490
f 1490/1490 2085/2085 1488/1488
f 1331/1331 1333/1333 2106/2106
f 2106/2106 1333/1333 2086/2086
f 2106/2106 2086/2086 2107/2107
f 2107/2107 2086/2086 2087/2087
f 2107/2107 2087/2087 2108/2108
f 2108/2108 2087/2087 2088/2088
f 2108/2108 2088/2088 2109/2109
f 2109/2109 2088/2088 2089/2089
f 2109/2109 2089/2089 2110/2110
f 2110/2110 2089/2089 2090/2090
f 2110/2110 2090/2090 2111/2111
f 2111/2111 2090/2090 2091/2091
f 2111/2111 2091/2091 2112/2112
f 2112/2112 2091/2091 2092/2092
f 2112/2112 2092/2092 2113/2113
f 2113/2113 2092/2092 2093/2093
f 2113/2113 2093/2093 2114/2114
f 2114/2114 2093/2093 2094/2094
f 2114/2114 2094/2094 2115/2115
f 2115/2115 2094/2094 2095/2095
f 2115/2115 2095/2095 2116/2116
f 2116/2116 2095/2095 2096/2096
f 2116/2116 2096/2096 2117/2117
f 2117/2117 2096/2096 2097/2097
f 2117/2117 2097/2097 2118/2118
f 2118/2118 2097/2097 2098/2098
f 2118/2118 2098/2098 2119/2119
f 2119/2119 2098/2098 2099/2099
f 2119/2119 2099/2099 2120/2120
f 2120/2120 2099/2099 2100/2100
f 2120/2120 2100/2100 2121/2121
f 2121/2121 2100/2100 2101/2101
f 2121/2121 2101/2101 2122/2122
f 2122/2122 2101/2101 2102/2102
f 2122/2122 2102/2102 2123/2123
f 2123/2123 2102/2102 2103/2103
f 2123/2123 2103/2103 2124/2124
f 2124/2124 2103/2103 2104/2104
f 2124/2124 2104/2104 2125/2125
f 2125/2125 2104/2104 2105/2105
f 2125/2125 2105/2105 1492/1492
f 1492/1492 2105/2105 1490/1490
f 1329/1329 1331/1331 2126/2126
f 2126/2126 1331/1331 2106/2106
f 2126/2126 2106/2106 2127/2127
f 2127/2127 2106/2106 2107/2107
f 2127/2127 2107/2107 2128/2128
f 2128/2128 2107/2107 2108/2108
f 2128/2128 2108/2108 2129/2129
f 2129/2129 2108/2108 2109/2109
f 2129/2129 2109/2109 2130/2130
f 2130/2130 2109/2109 2110/2110
f 2130/2130 2110/2110 2131/2131
f 2131/2131 2110/2110 2111/2111
f 2131/2131 2111/2111 2132/2132
f 2132/2132 2111/2111 2112/2112
f 2132/2132 2112/2112 2133/2133
f 2133/2133 2112/2112 2113/2113
f 2133/2133 2113/2113 2134/2134
f 2134/2134 2113/2113 2114/2114
f 2134/2134 2114/2114 2135/2135
f 2135/2135 2114/2114 2115/2115
f 2135/2135 2115/2115 2136/2136
f 2136/2136 2115/2115 2116/2116
f 2136/2136 2116/2116 2137/2137
f 2137/2137 2116/2116 2117/2117
f 2137/2137 2117/2117 2138/2138
f 2138/2138 2117/2117 2118/2118
f 2138/2138 2118/2118 2139/2139
f 2139/2139 2118/2118 2119/2119
f 2139/2139 2119/2119 2140/2140
f 2140/2140 2119/2119 2120/2120
f 2140/2140 2120/2120 2141/2141
f 2141/2141 2120/2120 2121/2121
f 2141/2141 2121/2121 2142/2142
f 2142/2142 2121/2121 2122/2122
f 2142/2142 2122/2122 2143/2143
f 2143/2143 2122/2122 2123/2123
f 2143/2143 2123/2123 2144/2144
f 2144/2144 2123/2123 2124/2124
f 2144/2144 2124/2124 2145/2145
f 2145/2145 2124/2124 2125/2125
f 2145/2145 2125/2125 1494/1494
f 1494/1494 2125/2125 1492/1492
f 1327/1327 1329/1329 2146/2146
f 2146/2146 1329/1329 2126/2126
f 2146/2146 2126/2126 2147/2147
f 2147/2147 2126/2126 2127/2127
f 2147/2147 2127/2127 2148/2148
f 2148/2148 2127/2127 2128/2128
f 2148/2148 2128/2128 2149/2149
f 2149/2149 2128/2128 2129/2129
f 2149/2149 2129/2129 2150/2150
f 2150/2150 2129/2129 2130/2130
f 2150/2150 2130/2130 2151/2151
f 2151/2151 2130/2130 2131/2131
f 2151/2151 2131/2131 2152/2152
f 2152/2152 2131/2131 2132/2132
f 2152/2152 2132/2132 2153/2153
f 2153/2153 2132/2132 2133/2133
f 2153/2153 2133/2133 2154/2154
f 2154/2154 2133/2133 2134/2134
f 2154/2154 2134/2134 2155/2155
f 2155/2155 2134/2134 2135/2135
f 2155/2155 2135/2135 2156/2156
f 2156/2156 2135/2135 2136/2136
f 2156/2156 2136/2136 2157/2157
f 2157/2157 2136/2136 2137/2137
f 2157/2157 2137/2137 2158/2158
f 2158/2158 2137/2137 2138/2138
f 2158/2158 2138/2138 2159/2159
f 2159/2159 2138/2138 2139/2139
f 2159/2159 2139/2139 2160/2160
f 2160/2160 2139/2139 2140/2140
f 2160/2160 2140/2140 2161/2161
f 2161/2161 2140/2140 2141/2141
f 2161/2161 2141/2141 2162/2162
f 2162/2162 2141/2141 2142/2142
f 2162/2162 2142/2142 2163/2163
f 2163/2163 2142/2142 2143/2143
f 2163/2163 2143/2143 2164/2164
f 2164/2164 2143/2143 2144/2144
f 2164/2164 2144/2144 2165/2165
f 2165/2165 2144/2144 2145/2145
f 2165/2165 2145/2145 1496/1496
f 1496/1496 2145/2145 1494/1494
f 1325/1325 1327/1327 2166/2166
f 2166/2166 1327/1327 2146/2146
f 2166/2166 2146/2146 2167/2167
f 2167/2167 2146/2146 2147/2147
f 2167/2167 2147/2147 2168/2168
f 2168/2168 2147/2147 2148/2148
f 2168/2168 2148/2148 2169/2169
f 2169/2169 2148/2148 2149/2149
f 2169/2169 2149/2149 2170/2170
f 2170/2170 2149/2149 2150/2150
f 2170/2170 2150/2150 2171/2171
f 2171/2171 2150/2150 2151/2151
f 2171/2171 2151/2151 2172/2172
f 2172/2172 2151/2151 2152/2152
f 2172/2172 2152/2152 2173/2173
f 2173/2173 2152/2152 2153/2153
f 2173/2173 2153/2153 2174/2174
f 2174/2174 2153/2153 2154/2154
f 2174/2174 2154/2154 2175/2175
f 2175/2175 2154/2154 2155/2155
f 2175/2175 2155/2155 2176/2176
f 2176/2176 2155/2155 2156/2156
f 2176/2176 2156/2156 2177/2177
f 2177/2177 2156/2156 2157/2157
f 2177/2177 2157/2157 2178/2178
f 2178/2178 2157/2157 2158/2158
f 2178/2178 2158/2158 2179/2179
f 2179/2179 2158/2158 2159/2159
f 2179/2179 2159/2159 2180/2180
f 2180/2180 2159/2159 2160/2160
f 2180/2180 2160/2160 2181/2181
f 2181/2181 2160/2160 2161/2161
f 2181/2181 2161/2161 2182/2182
f 2182/2182 2161/2161 2162/2162
f 2182/2182 2162/2162 2183/2183
f 2183/2183 2162/2162 2163/2163
f 2183/2183 2163/2163 2184/2184
f 2184/2184 2163/2163 2164/2164
f 2184/2184 2164/2164 2185/2185
f 2185/2185 2164/2164 2165/2165
f 2185/2185 2165/2165 1498/1498
f 1498/1498 2165/2165 1496/1496
f 1542/1542 1321/1321 1323/1323
f 1323/1323 1325/1325 2186/2186
f 2186/2186 1325/1325 2166/2166
f 2186/2186 2166/2166 2187/2187
f 2187/2187 2166/2166 2167/2167
f 2187/2187 2167/2167 2188/2188
f 2188/2188 2167/2167 2168/2168
f 2188/2188 2168/2168 2189/2189
f 2189/2189 2168/2168 2169/2169
f 2189/2189 2169/2169 2190/2190
f 2190/2190 2169/2169 2170/2170
f 2190/2190 2170/2170 2191/2191
f 2191/2191 2170/2170 2171/2171
f 2191/2191 2171/2171 2192/2192
f 2192/2192 2171/2171 2172/2172
f 2192/2192 2172/2172 2193/2193
f 2193/2193 2172/2172 2173/2173
f 2193/2193 2173/2173 2194/2194
f 2194/2194 2173/2173 2174/2174
f 2194/2194 2174/2174 2195/2195
f 2195/2195 2174/2174 2175/2175
f 2195/2195 2175/2175 2196/2196
f 2196/2196 2175/2175 2176/2176
f 2196/2196 2176/2176 2197/2197
f 2197/2197 2176/2176 2177/2177
f 2197/2197 2177/2177 2198/2198
f 2198/2198 2177/2177 2178/2178
f 2198/2198 2178/2178 2199/2199
f 2199/2199 2178/2178 2179/2179
f 2199/2199 2179/2179 2200/2200
f 2200/2200 2179/2179 2180/2180
f 2200/2200 2180/2180 2201/2201
f 2201/2201 2180/2180 2181/2181
f 2201/2201 2181/2181 2202/2202
f 2202/2202 2181/2181 2182/2182
f 2202/2202 2182/2182 2203/2203
f 2203/2203 2182/2182 2183/2183
f 2203/2203 2183/2183 2204/2204
f 2204/2204 2183/2183 2184/2184
f 2204/2204 2184/2184 2205/2205
f 2205/2205 2184/2184 2185/2185
f 2205/2205 2185/2185 1500/1500
f 1500/1500 2185/2185 1498/1498
f 1652/1652 1309/1309 1311/1311
f 1311/1311 1313/1313 2206/2206
f 2206/2206 1313/1313 1609/1609
f 2206/2206 1609/1609 2207/2207
f 2207/2207 1609/1609 1608/1608
f 2207/2207 1608/1608 2208/2208
f 2208/2208 1608/1608 1607/1607
f 2208/2208 1607/1607 2209/2209
f 2209/2209 1607/1607 1606/1606
f 2209/2209 1606/1606 2210/2210
f 2210/2210 1606/1606 1605/1605
f 2210/2210 1605/1605 2211/2211
f 2211/2211 1605/1605 1604/1604
f 2211/2211 1604/1604 2212/2212
f 2212/2212 1604/1604 1603/1603
f 2212/2212 1603/1603 2213/2213
f 2213/2213 1603/1603 1602/1602
f 2213/2213 1602/1602 2214/2214
f 2214/2214 1602/1602 1601/1601
f 2214/2214 1601/1601 2215/2215
f 2215/2215 1601/1601 1600/1600
f 2215/2215 1600/1600 2216/2216
f 2216/2216 1600/1600 1599/1599
f 2216/2216 1599/1599 2217/2217
f 2217/2217 1599/1599 1598/1598
f 2217/2217 1598/1598 2218/2218
f 2218/2218 1598/1598 1597/1597
f 2218/2218 1597/1597 2219/2219
f 2219/2219 1597/1597 2220/2220
f 2219/2219 1596/1596 2221/2221
f 2221/2221 1596/1596 1595/1595
f 2221/2221 1595/1595 2222/2222
f 2222/2222 1595/1595 1594/1594
f 2222/2222 1594/1594 2223/2223
f 2223/2223 1594/1594 1593/1593
f 2223/2223 1593/1593 2224/2224
f 2224/2224 1593/1593 1592/1592
f 2224/2224 1592/1592 2225/2225
f 2225/2225 1592/1592 1591/1591
f 2225/2225 1591/1591 2226/2226
f 2226/2226 1591/1591 1590/1590
f 2226/2226 1590/1590 1610/1610
f 1610/1610 1590/1590 1589/1589
f 1484/1484 1486/1486 2046/2046
f 2046/2046 1486/1486 1341/1341
f 1484/1484 2046/2046 2047/2047
f 1540/1540 1542/1542 2186/2186
f 2186/2186 1542/1542 1323/1323
f 1540/1540 2186/2186 2187/2187
f 1650/1650 1652/1652 2206/2206
f 2206/2206 1652/1652 1311/1311
f 1650/1650 2206/2206 2207/2207
f 1482/1482 1484/1484 2047/2047
f 1482/1482 2047/2047 2048/2048
f 1538/1538 1540/1540 2187/2187
f 1538/1538 2187/2187 2188/2188
f 1648/1648 1650/1650 2207/2207
f 1648/1648 2207/2207 2208/2208
f 1480/1480 1482/1482 2048/2048
f 1480/1480 2048/2048 2049/2049
f 1536/1536 1538/1538 2188/2188
f 1536/1536 2188/2188 2189/2189
f 1646/1646 1648/1648 2208/2208
f 1646/1646 2208/2208 2209/2209
f 1478/1478 1480/1480 2049/2049
f 1478/1478 2049/2049 2050/2050
f 1534/1534 1536/1536 2189/2189
f 1534/1534 2189/2189 2190/2190
f 1644/1644 1646/1646 2209/2209
f 1644/1644 2209/2209 2210/2210
f 1476/1476 1478/1478 2050/2050
f 1476/1476 2050/2050 2051/2051
f 1532/1532 1534/1534 2190/2190
f 1532/1532 2190/2190 2191/2191
f 1642/1642 1644/1644 2210/2210
f 1642/1642 2210/2210 2211/2211
f 1474/1474 1476/1476 2051/2051
f 1474/1474 2051/2051 2052/2052
f 1530/1530 1532/1532 2191/2191
f 1530/1530 2191/2191 2192/2192
f 1640/1640 1642/1642 2211/2211
f 1640/1640 2211/2211 2212/2212
f 1472/1472 1474/1474 2052/2052
f 1472/1472 2052/2052 2053/2053
f 1528/1528 1530/1530 2192/2192
f 1528/1528 2192/2192 2193/2193
f 1638/1638 1640/1640 2212/2212
f 1638/1638 2212/2212 2213/2213
f 1470/1470 1472/1472 2053/2053
f 1470/1470 2053/2053 2054/2054
f 1526/1526 1528/1528 2193/2193
f 1526/1526 2193/2193 2194/2194
f 1636/1636 1638/1638 2213/2213
f 1636/1636 2213/2213 2214/2214
f 1468/1468 1470/1470 2054/2054
f 1468/1468 2054/2054 2055/2055
f 1524/1524 1526/1526 2194/2194
f 1524/1524 2194/2194 2195/2195
f 1634/1634 1636/1636 2214/2214
f 1634/1634 2214/2214 2215/2215
f 1466/1466 1468/1468 2055/2055
f 1466/1466 2055/2055 2056/2056
f 1522/1522 1524/1524 2195/2195
f 1522/1522 2195/2195 2196/2196
f 1632/1632 1634/1634 2215/2215
f 1632/1632 2215/2215 2216/2216
f 1464/1464 1466/1466 2056/2056
f 1464/1464 2056/2056 2057/2057
f 1520/1520 1522/1522 2196/2196
f 1520/1520 2196/2196 2197/2197
f 1630/1630 1632/1632 2216/2216
f 1630/1630 2216/2216 2217/2217
f 1462/1462 1464/1464 2057/2057
f 1462/1462 2057/2057 2058/2058
f 1518/1518 1520/1520 2197/2197
f 1518/1518 2197/2197 2198/2198
f 1628/1628 1630/1630 2217/2217
f 1628/1628 2217/2217 2218/2218
f 1460/1460 1462/1462 2058/2058
f 1460/1460 2058/2058 2059/2059
f 1516/1516 1518/1518 2198/2198
f 1516/1516 2198/2198 2199/2199
f 1626/1626 1628/1628 2218/2218
f 1626/1626 2218/2218 2219/2219
f 1458/1458 1460/1460 2059/2059
f 1458/1458 2059/2059 2060/2060
f 1514/1514 1516/1516 2199/2199
f 1514/1514 2199/2199 2200/2200
f 1624/1624 1626/1626 2219/2219
f 1624/1624 2219/2219 2221/2221
f 1458/1458 2060/2060 1456/1456
f 1456/1456 2060/2060 2061/2061
f 1456/1456 2061/2061 1454/1454
f 1454/1454 2061/2061 2062/2062
f 1454/1454 2062/2062 1452/1452
f 1452/1452 2062/2062 2063/2063
f 1452/1452 2063/2063 1450/1450
f 1450/1450 2063/2063 2064/2064
f 1450/1450 2064/2064 1448/1448
f 1448/1448 2064/2064 2065/2065
f 1448/1448 2065/2065 1446/1446
f 1446/1446 2065/2065 1444/1444
f 1514/1514 2200/2200 1512/1512
f 1512/1512 2200/2200 2201/2201
f 1512/1512 2201/2201 1510/1510
f 1510/1510 2201/2201 2202/2202
f 1510/1510 2202/2202 1508/1508
f 1508/1508 2202/2202 2203/2203
f 1508/1508 2203/2203 1506/1506
f 1506/1506 2203/2203 2204/2204
f 1506/1506 2204/2204 1504/1504
f 1504/1504 2204/2204 2205/2205
f 1504/1504 2205/2205 1502/1502
f 1502/1502 2205/2205 1500/1500
f 1624/1624 2221/2221 1622/1622
f 1622/1622 2221/2221 2222/2222
f 1622/1622 2222/2222 1620/1620
f 1620/1620 2222/2222 2223/2223
f 1620/1620 2223/2223 1618/1618
f 1618/1618 2223/2223 2224/2224
f 1618/1618 2224/2224 1616/1616
f 1616/1616 2224/2224 2225/2225
f 1616/1616 2225/2225 1614/1614
f 1614/1614 2225/2225 2226/2226
f 1614/1614 2226/2226 1612/1612
f 1612/1612 2226/2226 1610/1610
f 2227/2227 2228/2228 2229/2229
f 2229/2229 2228/2228 2230/2230
f 2229/2229 2230/2230 2231/2231
f 2231/2231 2232/2232 2229/2229
f 2229/2229 2232/2232 2233/2233
f 2229/2229 2233/2233 2234/2234
f 2234/2234 2233/2233 2235/2235
f 2235/2235 2233/2233 2236/2236
f 2235/2235 2236/2236 2237/2237
f 2237/2237 2236/2236 2238/2238
f 2237/2237 2238/2238 2239/2239
f 2239/2239 2238/2238 2240/2240
f 2239/2239 2240/2240 2241/2241
f 2232/2232 2242/2242 2233/2233
f 2233/2233 2242/2242 2243/2243
f 2233/2233 2243/2243 2244/2244
f 2233/2233 2244/2244 2236/2236
f 2236/2236 2244/2244 2245/2245
f 2236/2236 2245/2245 2238/2238
f 2238/2238 2245/2245 2246/2246
f 2238/2238 2246/2246 2240/2240
f 2239/2239 2241/2241 2247/2247
f 2247/2247 2241/2241 2248/2248
f 2247/2247 2248/2248 2249/2249
f 2249/2249 2248/2248 2250/2250
f 2249/2249 2250/2250 2251/2251
f 2251/2251 2250/2250 2252/2252
f 2251/2251 2252/2252 2253/2253
f 2253/2253 2252/2252 2254/2254
f 2253/2253 2254/2254 2255/2255
f 2255/2255 2254/2254 2256/2256
f 2250/2250 2254/2254 2252/2252
f 2251/2251 2257/2257 2249/2249
f 2249/2249 2257/2257 2247/2247
f 2247/2247 2257/2257 2239/2239
f 2239/2239 2257/2257 2237/2237
f 2258/2258 2259/2259 2260/2260
f 2260/2260 2259/2259 2261/2261
f 2260/2260 2261/2261 2262/2262
f 2262/2262 2261/2261 2263/2263
f 2262/2262 2263/2263 2264/2264
f 2264/2264 2263/2263 2265/2265
f 2265/2265 2263/2263 2266/2266
f 2266/2266 2263/2263 2267/2267
f 2267/2267 2263/2263 2268/2268
f 2268/2268 2263/2263 2269/2269

