# https://github.com/mikedh/trimesh
mtllib mtl_short_frame

o RoX_Simple_GK_kurz-mesh
usemtl material_short_frame_0
v -3.69999992 2.54399698 2.72631006
v -3.69999992 2.54245401 2.71151300
v -3.70249992 2.54399698 2.72631006
v -3.70249992 2.54245401 2.71151300
v -3.69999992 2.54193888 2.68750208
v -3.70249992 2.54193888 2.68750208
v -3.69999992 2.54245401 2.66348993
v -3.70249992 2.54245401 2.66348993
v -3.69999992 2.54399698 2.64869287
v -3.70249992 2.54399698 2.64869287
v -3.69999992 2.55299601 2.73910181
v -3.69999992 2.54727991 2.73460504
v -3.70249992 2.55299601 2.73910181
v -3.70249992 2.54727991 2.73460504
v -3.69999992 2.54399698 2.72631006
v -3.70249992 2.54399698 2.72631006
v -3.69999992 2.60665796 2.73910181
v -3.69999992 2.59654993 2.74105402
v -3.70249992 2.60665796 2.73910181
v -3.70249992 2.59654993 2.74105402
v -3.69999992 2.57988001 2.74170496
v -3.70249992 2.57988001 2.74170496
v -3.69999992 2.56318689 2.74105402
v -3.70249992 2.56318689 2.74105402
v -3.69999992 2.55299601 2.73910181
v -3.70249992 2.55299601 2.73910181
v -3.69999992 2.61554499 2.72631006
v -3.69999992 2.61229486 2.73460382
v -3.70249992 2.61554499 2.72631006
v -3.70249992 2.61229486 2.73460382
v -3.69999992 2.60665796 2.73910181
v -3.70249992 2.60665796 2.73910181
v -3.69999992 2.61554499 2.64869287
v -3.69999992 2.61709192 2.66348993
v -3.70249992 2.61554499 2.64869287
v -3.70249992 2.61709192 2.66348993
v -3.69999992 2.61760706 2.68750208
v -3.70249992 2.61760706 2.68750208
v -3.69999992 2.61709192 2.71151300
v -3.70249992 2.61709192 2.71151300
v -3.69999992 2.61554499 2.72631006
v -3.70249992 2.61554499 2.72631006
v -3.69999992 2.55299601 2.63590082
v -3.69999992 2.56318689 2.63394892
v -3.70249992 2.55299601 2.63590082
v -3.70249992 2.57988001 2.63329798
v -3.69999992 2.57988001 2.63329798
v -3.69999992 2.60665796 2.63590082
v -3.70249992 2.60665796 2.63590082
v -3.69999992 2.61229486 2.64039881
v -3.70249992 2.61229486 2.64039881
v -3.69999992 2.61554499 2.64869287
v -3.70249992 2.61554499 2.64869287
v -3.69999992 2.54399698 2.64869287
v -3.69999992 2.54727900 2.64039881
v -3.70249992 2.54399698 2.64869287
v -3.70249992 2.54727900 2.64039881
v -3.69999992 2.55299601 2.63590082
v -3.70249992 2.55299601 2.63590082
v -3.69999992 2.63863581 2.73671808
v -3.69999992 2.64123987 2.71704095
v -3.70249992 2.63863581 2.73671808
v -3.70249992 2.64123987 2.71704095
v -3.69999992 2.64210596 2.68750208
v -3.70249992 2.64210596 2.68750208
v -3.69999992 2.64123987 2.65796106
v -3.70249992 2.64123987 2.65796106
v -3.69999992 2.63863581 2.63828607
v -3.70249992 2.63863581 2.63828607
v -3.69999992 2.52090693 2.73661188
v -3.69999992 2.52670801 2.74929285
v -3.70249992 2.52090693 2.73661188
v -3.70249992 2.52670801 2.74929285
v -3.69999992 2.53716898 2.75764001
v -3.70249992 2.53716898 2.75764001
v -3.70249992 2.53716898 2.75764001
v -3.69999992 2.53716898 2.75764001
v -3.69999992 2.57988001 2.76381891
v -3.70249992 2.57988001 2.76381891
v -3.69999992 2.62248499 2.75764001
v -3.70249992 2.62248499 2.75764001
v -3.69999992 2.63286585 2.74932001
v -3.70249992 2.63286585 2.74932001
v -3.69999992 2.63863581 2.73671808
v -3.70249992 2.63863581 2.73671808
v -3.69999992 2.52090693 2.63839502
v -3.69999992 2.51830500 2.65809503
v -3.70249992 2.52090693 2.63839502
v -3.70249992 2.51830500 2.65809503
v -3.69999992 2.51743692 2.68750208
v -3.70249992 2.51743692 2.68750208
v -3.69999992 2.51830500 2.71690698
v -3.70249992 2.51830500 2.71690698
v -3.69999992 2.52090693 2.73661188
v -3.70249992 2.52090693 2.73661188
v -3.69999992 2.62248499 2.61736292
v -3.69999992 2.60549189 2.61272882
v -3.70249992 2.62248499 2.61736292
v -3.70249992 2.57988001 2.61118402
v -3.69999992 2.57988001 2.61118402
v -3.69999992 2.53716898 2.61736292
v -3.70249992 2.53716898 2.61736292
v -3.69999992 2.52670801 2.62571009
v -3.70249992 2.52670801 2.62571009
v -3.69999992 2.52090693 2.63839502
v -3.70249992 2.52090693 2.63839502
v -3.69999992 2.63863581 2.63828607
v -3.69999992 2.63286585 2.62568292
v -3.70249992 2.63863581 2.63828607
v -3.70249992 2.63286585 2.62568292
v -3.69999992 2.62248499 2.61736292
v -3.70249992 2.62248499 2.61736292
v -3.70249992 2.64123987 2.65796106
v -3.70249992 2.63863581 2.63828607
v -3.70249992 2.61554499 2.64869287
v -3.70249992 2.63286585 2.62568292
v -3.70249992 2.61229486 2.64039881
v -3.70249992 2.62248499 2.61736292
v -3.70249992 2.60665796 2.63590082
v -3.70249992 2.57988001 2.61118402
v -3.70249992 2.57988001 2.63329798
v -3.70249992 2.55299601 2.63590082
v -3.70249992 2.53716898 2.61736292
v -3.70249992 2.54727900 2.64039881
v -3.70249992 2.52670801 2.62571009
v -3.70249992 2.54399698 2.64869287
v -3.70249992 2.52090693 2.63839502
v -3.70249992 2.51830500 2.65809503
v -3.70249992 2.54245401 2.66348993
v -3.70249992 2.51743692 2.68750208
v -3.70249992 2.54193888 2.68750208
v -3.70249992 2.54245401 2.71151300
v -3.70249992 2.51830500 2.71690698
v -3.70249992 2.54399698 2.72631006
v -3.70249992 2.52090693 2.73661188
v -3.70249992 2.52670801 2.74929285
v -3.70249992 2.54727991 2.73460504
v -3.70249992 2.53716898 2.75764001
v -3.70249992 2.55299601 2.73910181
v -3.70249992 2.56318689 2.74105402
v -3.70249992 2.57988001 2.76381891
v -3.70249992 2.57988001 2.74170496
v -3.70249992 2.59654993 2.74105402
v -3.70249992 2.62248499 2.75764001
v -3.70249992 2.60665796 2.73910181
v -3.70249992 2.61229486 2.73460382
v -3.70249992 2.63286585 2.74932001
v -3.70249992 2.61554499 2.72631006
v -3.70249992 2.63863581 2.73671808
v -3.70249992 2.64123987 2.71704095
v -3.70249992 2.61709192 2.71151300
v -3.70249992 2.64210596 2.68750208
v -3.70249992 2.61760706 2.68750208
v -3.70249992 2.61709192 2.66348993
v -3.69999992 1.81822399 2.61300684
v -3.69999992 1.81822399 2.76216394
v -3.70249992 1.81822399 2.61300684
v -3.70249992 1.81822399 2.76216394
v -3.69999992 1.84272197 2.61300684
v -3.69999992 1.81822399 2.61300684
v -3.70249992 1.84272197 2.61300684
v -3.70249992 1.81822399 2.61300684
v -3.69999992 1.84272197 2.76216394
v -3.69999992 1.84272197 2.61300684
v -3.70249992 1.84272197 2.76216394
v -3.70249992 1.84272197 2.61300684
v -3.69999992 1.81822399 2.76216394
v -3.69999992 1.84272197 2.76216394
v -3.70249992 1.81822399 2.76216394
v -3.70249992 1.84272197 2.76216394
v -3.70249992 1.81822399 2.76216394
v -3.70249992 1.84272197 2.76216394
v -3.70249992 1.81822399 2.61300684
v -3.70249992 1.84272197 2.61300684
v -3.69999992 1.71169094 2.57849207
v -3.69999992 1.71169094 2.79650781
v -3.70249992 1.71169094 2.57849207
v -3.70249992 1.71169094 2.79650781
v -3.69999992 1.50777798 2.57849207
v -3.69999992 1.71169094 2.57849207
v -3.70249992 1.50777798 2.57849207
v -3.70249992 1.71169094 2.57849207
v -3.69999992 1.50777798 2.79650781
v -3.69999992 1.50777798 2.57849207
v -3.70249992 1.50777798 2.79650781
v -3.70249992 1.50777798 2.57849207
v -3.69999992 1.71169094 2.79650781
v -3.69999992 1.50777798 2.79650781
v -3.70249992 1.71169094 2.79650781
v -3.70249992 1.50777798 2.79650781
v -3.69999992 1.73580990 2.82062799
v -3.69999992 1.73580990 2.55437189
v -3.70249992 1.73580990 2.82062799
v -3.70249992 1.73580990 2.55437189
v -3.69999992 1.48365902 2.82062799
v -3.69999992 1.73580990 2.82062799
v -3.70249992 1.48365902 2.82062799
v -3.70249992 1.73580990 2.82062799
v -3.69999992 1.48365902 2.55437189
v -3.69999992 1.48365902 2.82062799
v -3.70249992 1.48365902 2.55437189
v -3.70249992 1.48365902 2.82062799
v -3.69999992 1.73580990 2.55437189
v -3.69999992 1.48365902 2.55437189
v -3.70249992 1.73580990 2.55437189
v -3.70249992 1.48365902 2.55437189
v -3.70249992 1.48365902 2.55437189
v -3.70249992 1.50777798 2.57849207
v -3.70249992 1.73580990 2.55437189
v -3.70249992 1.71169094 2.57849207
v -3.70249992 1.71169094 2.79650781
v -3.70249992 1.50777798 2.79650781
v -3.70249992 1.48365902 2.82062799
v -3.70249992 1.73580990 2.82062799
v -3.69999992 2.04025096 2.76216394
v -3.69999992 2.04025096 2.73939905
v -3.70249992 2.04025096 2.76216394
v -3.70249992 2.04025096 2.73939905
v -3.69999992 1.92512996 2.76216394
v -3.69999992 2.04025096 2.76216394
v -3.70249992 1.92512996 2.76216394
v -3.70249992 2.04025096 2.76216394
v -3.69999992 1.92512996 2.73939905
v -3.69999992 1.92512996 2.76216394
v -3.70249992 1.92512996 2.73939905
v -3.70249992 1.92512996 2.76216394
v -3.69999992 1.97044399 2.73939905
v -3.69999992 1.92512996 2.73939905
v -3.70249992 1.97044399 2.73939905
v -3.70249992 1.92512996 2.73939905
v -3.69999992 1.97044399 2.61300684
v -3.69999992 1.97044399 2.73939905
v -3.70249992 1.97044399 2.61300684
v -3.70249992 1.97044399 2.73939905
v -3.69999992 1.99494090 2.61300684
v -3.69999992 1.97044399 2.61300684
v -3.70249992 1.99494090 2.61300684
v -3.70249992 1.97044399 2.61300684
v -3.69999992 1.99494090 2.73939905
v -3.69999992 1.99494090 2.61300684
v -3.70249992 1.99494090 2.73939905
v -3.70249992 1.99494090 2.61300684
v -3.69999992 2.04025096 2.73939905
v -3.69999992 1.99494090 2.73939905
v -3.70249992 2.04025096 2.73939905
v -3.70249992 1.99494090 2.73939905
v -3.70249992 2.04025096 2.73939905
v -3.70249992 1.99494090 2.73939905
v -3.70249992 2.04025096 2.76216394
v -3.70249992 1.97044399 2.73939905
v -3.70249992 1.92512996 2.76216394
v -3.70249992 1.92512996 2.73939905
v -3.70249992 1.99494090 2.61300684
v -3.70249992 1.97044399 2.61300684
v -3.69999992 2.71627588 2.74005304
v -3.69999992 2.71627588 2.76217004
v -3.70249992 2.71627588 2.74005304
v -3.70249992 2.71627588 2.76217004
v -3.69999992 2.79129297 2.74005304
v -3.69999992 2.71627588 2.74005304
v -3.70249992 2.79129297 2.74005304
v -3.70249992 2.71627588 2.74005304
v -3.69999992 2.79129297 2.69929102
v -3.69999992 2.79129297 2.74005304
v -3.70249992 2.79129297 2.69929102
v -3.70249992 2.79129297 2.74005304
v -3.69999992 2.72646509 2.69929102
v -3.69999992 2.79129297 2.69929102
v -3.70249992 2.72646509 2.69929102
v -3.70249992 2.79129297 2.69929102
v -3.69999992 2.72646509 2.67717706
v -3.69999992 2.72646509 2.69929102
v -3.70249992 2.72646509 2.67717706
v -3.70249992 2.72646509 2.69929102
v -3.69999992 2.79129297 2.67717706
v -3.69999992 2.72646509 2.67717706
v -3.70249992 2.79129297 2.67717706
v -3.70249992 2.72646509 2.67717706
v -3.69999992 2.79129297 2.63511591
v -3.69999992 2.79129297 2.67717706
v -3.70249992 2.79129297 2.63511591
v -3.70249992 2.79129297 2.67717706
v -3.69999992 2.71627588 2.63511591
v -3.69999992 2.79129297 2.63511591
v -3.70249992 2.71627588 2.63511591
v -3.70249992 2.79129297 2.63511591
v -3.69999992 2.71627588 2.61300196
v -3.69999992 2.71627588 2.63511591
v -3.70249992 2.71627588 2.61300196
v -3.70249992 2.71627588 2.63511591
v -3.69999992 2.81579187 2.61300196
v -3.69999992 2.71627588 2.61300196
v -3.70249992 2.81579187 2.61300196
v -3.70249992 2.71627588 2.61300196
v -3.69999992 2.81579187 2.76217004
v -3.69999992 2.81579187 2.61300196
v -3.70249992 2.81579187 2.76217004
v -3.70249992 2.81579187 2.61300196
v -3.69999992 2.71627588 2.76217004
v -3.69999992 2.81579187 2.76217004
v -3.70249992 2.71627588 2.76217004
v -3.70249992 2.81579187 2.76217004
v -3.70249992 2.71627588 2.74005304
v -3.70249992 2.71627588 2.76217004
v -3.70249992 2.79129297 2.74005304
v -3.70249992 2.81579187 2.76217004
v -3.70249992 2.79129297 2.69929102
v -3.70249992 2.79129297 2.67717706
v -3.70249992 2.72646509 2.69929102
v -3.70249992 2.72646509 2.67717706
v -3.70249992 2.81579187 2.61300196
v -3.70249992 2.79129297 2.63511591
v -3.70249992 2.71627588 2.61300196
v -3.70249992 2.71627588 2.63511591
v -3.69999992 2.37235300 2.69950891
v -3.69999992 2.41051493 2.69950891
v -3.70249992 2.37235300 2.69950891
v -3.70249992 2.41051493 2.69950891
v -3.69999992 2.35338587 2.70416986
v -3.69999992 2.37235300 2.69950891
v -3.70249992 2.35338587 2.70416986
v -3.70249992 2.37235300 2.69950891
v -3.69999992 2.34969798 2.73224786
v -3.69999992 2.34815501 2.72693384
v -3.70249992 2.34969798 2.73224786
v -3.70249992 2.34815501 2.72693384
v -3.69999992 2.34764002 2.71967279
v -3.70249992 2.34764002 2.71967279
v -3.69999992 2.34907694 2.71037683
v -3.70249992 2.34907694 2.71037683
v -3.69999992 2.35338587 2.70416986
v -3.70249992 2.35338587 2.70416986
v -3.69999992 2.35696192 2.73831995
v -3.69999992 2.35254496 2.73593408
v -3.70249992 2.35696192 2.73831995
v -3.70249992 2.35254496 2.73593408
v -3.69999992 2.34969798 2.73224786
v -3.70249992 2.34969798 2.73224786
v -3.69999992 2.37235300 2.74005304
v -3.69999992 2.35696192 2.73831995
v -3.70249992 2.37235300 2.74005304
v -3.70249992 2.35696192 2.73831995
v -3.69999992 2.41051493 2.74005304
v -3.69999992 2.37235300 2.74005304
v -3.70249992 2.41051493 2.74005304
v -3.70249992 2.37235300 2.74005304
v -3.69999992 2.41051493 2.69950891
v -3.69999992 2.41051493 2.74005304
v -3.70249992 2.41051493 2.69950891
v -3.70249992 2.41051493 2.74005304
v -3.69999992 2.37148890 2.63489801
v -3.69999992 2.41051493 2.63489801
v -3.70249992 2.37148890 2.63489801
v -3.70249992 2.41051493 2.63489801
v -3.69999992 2.35609400 2.63685083
v -3.69999992 2.37148890 2.63489801
v -3.70249992 2.35609400 2.63685083
v -3.70249992 2.37148890 2.63489801
v -3.70249992 2.34839793 2.64335596
v -3.69999992 2.34839793 2.64335596
v -3.70249992 2.35145991 2.63945307
v -3.69999992 2.35145991 2.63945307
v -3.70249992 2.35609400 2.63685083
v -3.69999992 2.35609400 2.63685083
v -3.69999992 2.35165095 2.67273401
v -3.69999992 2.34750391 2.66625391
v -3.70249992 2.35165095 2.67273401
v -3.70249992 2.34750391 2.66625391
v -3.69999992 2.34612193 2.65614801
v -3.70249992 2.34612193 2.65614801
v -3.69999992 2.34669093 2.64882898
v -3.70249992 2.34669093 2.64882898
v -3.69999992 2.34839793 2.64335596
v -3.70249992 2.34839793 2.64335596
v -3.69999992 2.37148890 2.67739496
v -3.69999992 2.35937602 2.67622888
v -3.70249992 2.37148890 2.67739496
v -3.70249992 2.35937602 2.67622888
v -3.69999992 2.35165095 2.67273401
v -3.70249992 2.35165095 2.67273401
v -3.69999992 2.41051493 2.67739496
v -3.69999992 2.37148890 2.67739496
v -3.70249992 2.41051493 2.67739496
v -3.70249992 2.37148890 2.67739496
v -3.69999992 2.41051493 2.63489801
v -3.69999992 2.41051493 2.67739496
v -3.70249992 2.41051493 2.63489801
v -3.70249992 2.41051493 2.67739496
v -3.69999992 2.32768992 2.67696192
v -3.69999992 2.33598597 2.68422296
v -3.70249992 2.32768992 2.67696192
v -3.70249992 2.33598597 2.68422296
v -3.69999992 2.34872187 2.68866907
v -3.70249992 2.34872187 2.68866907
v -3.69999992 2.33105387 2.62329981
v -3.69999992 2.32397898 2.63573908
v -3.70249992 2.33105387 2.62329981
v -3.70249992 2.32397898 2.63573908
v -3.69999992 2.32161997 2.65245996
v -3.70249992 2.32161997 2.65245996
v -3.69999992 2.32313899 2.66649896
v -3.70249992 2.32313899 2.66649896
v -3.69999992 2.32768992 2.67696192
v -3.70249992 2.32768992 2.67696192
v -3.69999992 2.36411601 2.61300196
v -3.69999992 2.34403498 2.61557581
v -3.70249992 2.36411601 2.61300196
v -3.70249992 2.34403498 2.61557581
v -3.69999992 2.33105387 2.62329981
v -3.70249992 2.33105387 2.62329981
v -3.69999992 2.43501398 2.61300196
v -3.69999992 2.36411601 2.61300196
v -3.70249992 2.43501398 2.61300196
v -3.70249992 2.36411601 2.61300196
v -3.69999992 2.43501398 2.76217004
v -3.69999992 2.43501398 2.61300196
v -3.70249992 2.43501398 2.76217004
v -3.70249992 2.43501398 2.61300196
v -3.69999992 2.36410899 2.76217004
v -3.69999992 2.43501398 2.76217004
v -3.70249992 2.36410899 2.76217004
v -3.70249992 2.43501398 2.76217004
v -3.69999992 2.33278895 2.75273584
v -3.69999992 2.34544199 2.75981103
v -3.70249992 2.33278895 2.75273584
v -3.70249992 2.34544199 2.75981103
v -3.69999992 2.36410899 2.76217004
v -3.70249992 2.36410899 2.76217004
v -3.69999992 2.32931895 2.70091699
v -3.69999992 2.32468302 2.71113580
v -3.70249992 2.32931895 2.70091699
v -3.70249992 2.32468302 2.71113580
v -3.69999992 2.32313792 2.72466089
v -3.70249992 2.32313792 2.72466089
v -3.69999992 2.32555201 2.74100092
v -3.70249992 2.32555201 2.74100092
v -3.69999992 2.33278895 2.75273584
v -3.70249992 2.33278895 2.75273584
v -3.69999992 2.34872187 2.68953699
v -3.69999992 2.33725688 2.69378992
v -3.70249992 2.34872187 2.68953699
v -3.70249992 2.33725688 2.69378992
v -3.69999992 2.32931895 2.70091699
v -3.70249992 2.32931895 2.70091699
v -3.69999992 2.34872187 2.68866907
v -3.69999992 2.34872187 2.68953699
v -3.70249992 2.34872187 2.68866907
v -3.70249992 2.34872187 2.68953699
v -3.70249992 2.34872187 2.68953699
v -3.70249992 2.35937602 2.67622888
v -3.70249992 2.34872187 2.68866907
v -3.70249992 2.35165095 2.67273401
v -3.70249992 2.33598597 2.68422296
v -3.70249992 2.34750391 2.66625391
v -3.70249992 2.32768992 2.67696192
v -3.70249992 2.32313899 2.66649896
v -3.70249992 2.34612193 2.65614801
v -3.70249992 2.32161997 2.65245996
v -3.70249992 2.34669093 2.64882898
v -3.70249992 2.32397898 2.63573908
v -3.70249992 2.34839793 2.64335596
v -3.70249992 2.33105387 2.62329981
v -3.70249992 2.34403498 2.61557581
v -3.70249992 2.35145991 2.63945307
v -3.70249992 2.35609400 2.63685083
v -3.70249992 2.33725688 2.69378992
v -3.70249992 2.35338587 2.70416986
v -3.70249992 2.37235300 2.69950891
v -3.70249992 2.37148890 2.67739496
v -3.70249992 2.41051493 2.67739496
v -3.70249992 2.41051493 2.69950891
v -3.70249992 2.43501398 2.76217004
v -3.70249992 2.41051493 2.74005304
v -3.70249992 2.36410899 2.76217004
v -3.70249992 2.37235300 2.74005304
v -3.70249992 2.35696192 2.73831995
v -3.70249992 2.34907694 2.71037683
v -3.70249992 2.32931895 2.70091699
v -3.70249992 2.34764002 2.71967279
v -3.70249992 2.32468302 2.71113580
v -3.70249992 2.32313792 2.72466089
v -3.70249992 2.34815501 2.72693384
v -3.70249992 2.32555201 2.74100092
v -3.70249992 2.34969798 2.73224786
v -3.70249992 2.33278895 2.75273584
v -3.70249992 2.34544199 2.75981103
v -3.70249992 2.35254496 2.73593408
v -3.70249992 2.43501398 2.61300196
v -3.70249992 2.41051493 2.63489801
v -3.70249992 2.36411601 2.61300196
v -3.70249992 2.37148890 2.63489801
v -3.69999992 1.65045590 2.61282190
v -3.69999992 1.61116390 2.66709100
v -3.70249992 1.65045590 2.61282190
v -3.70249992 1.61116390 2.66709100
v -3.69999992 1.67824093 2.61282190
v -3.69999992 1.65045590 2.61282190
v -3.70249992 1.67824093 2.61282190
v -3.70249992 1.65045590 2.61282190
v -3.69999992 1.62462292 2.68771295
v -3.69999992 1.67824093 2.61282190
v -3.70249992 1.62462292 2.68771295
v -3.70249992 1.67824093 2.61282190
v -3.69999992 1.67737301 2.76217096
v -3.69999992 1.62462292 2.68771295
v -3.70249992 1.67737301 2.76217096
v -3.70249992 1.62462292 2.68771295
v -3.69999992 1.64871899 2.76217096
v -3.69999992 1.67737301 2.76217096
v -3.70249992 1.64871899 2.76217096
v -3.70249992 1.67737301 2.76217096
v -3.69999992 1.54148495 2.61282190
v -3.69999992 1.64871899 2.76217096
v -3.70249992 1.54148495 2.61282190
v -3.70249992 1.64871899 2.76217096
v -3.69999992 1.57013897 2.61282190
v -3.69999992 1.54148495 2.61282190
v -3.70249992 1.57013897 2.61282190
v -3.70249992 1.54148495 2.61282190
v -3.69999992 1.60942700 2.66709100
v -3.69999992 1.57013897 2.61282190
v -3.70249992 1.60942700 2.66709100
v -3.70249992 1.57013897 2.61282190
v -3.69999992 1.61116390 2.66709100
v -3.69999992 1.60942700 2.66709100
v -3.70249992 1.61116390 2.66709100
v -3.70249992 1.60942700 2.66709100
v -3.70249992 1.65045590 2.61282190
v -3.70249992 1.61116390 2.66709100
v -3.70249992 1.62462292 2.68771295
v -3.70249992 1.60942700 2.66709100
v -3.70249992 1.64871899 2.76217096
v -3.70249992 1.54148495 2.61282190
v -3.70249992 1.57013897 2.61282190
v -3.70249992 1.67737301 2.76217096
v -3.70249992 1.67824093 2.61282190
v -3.69999992 1.60661892 2.76217401
v -3.69999992 1.57454190 2.71736993
v -3.70249992 1.60661892 2.76217401
v -3.70249992 1.57454190 2.71736993
v -3.69999992 1.54212399 2.76217401
v -3.69999992 1.60661892 2.76217401
v -3.70249992 1.54212399 2.76217401
v -3.70249992 1.60661892 2.76217401
v -3.69999992 1.57454190 2.71736993
v -3.69999992 1.54212399 2.76217401
v -3.70249992 1.57454190 2.71736993
v -3.70249992 1.54212399 2.76217401
v -3.69999992 2.14095790 2.72647180
v -3.69999992 2.13941295 2.71165796
v -3.70249992 2.14095790 2.72647180
v -3.70249992 2.13941295 2.71165796
v -3.69999992 2.13889689 2.68761682
v -3.70249992 2.13889689 2.68761682
v -3.69999992 2.13941295 2.66357599
v -3.70249992 2.13941295 2.66357599
v -3.69999992 2.14095790 2.64876093
v -3.70249992 2.14095790 2.64876093
v -3.69999992 2.14996699 2.73928003
v -3.69999992 2.14424388 2.73477686
v -3.70249992 2.14996699 2.73928003
v -3.70249992 2.14424388 2.73477686
v -3.69999992 2.14095790 2.72647180
v -3.70249992 2.14095790 2.72647180
v -3.69999992 2.20369395 2.73928003
v -3.69999992 2.19357402 2.74123407
v -3.70249992 2.20369395 2.73928003
v -3.70249992 2.19357402 2.74123407
v -3.69999992 2.17688395 2.74188501
v -3.70249992 2.17688395 2.74188501
v -3.69999992 2.16017100 2.74123407
v -3.70249992 2.16017100 2.74123407
v -3.69999992 2.14996699 2.73928003
v -3.70249992 2.14996699 2.73928003
v -3.69999992 2.21259196 2.72647180
v -3.69999992 2.20933802 2.73477594
v -3.70249992 2.21259196 2.72647180
v -3.70249992 2.20933802 2.73477594
v -3.69999992 2.20369395 2.73928003
v -3.70249992 2.20369395 2.73928003
v -3.69999992 2.21259196 2.64876093
v -3.69999992 2.21414088 2.66357599
v -3.70249992 2.21259196 2.64876093
v -3.70249992 2.21414088 2.66357599
v -3.69999992 2.21465602 2.68761682
v -3.70249992 2.21465602 2.68761682
v -3.69999992 2.21414088 2.71165796
v -3.70249992 2.21414088 2.71165796
v -3.69999992 2.21259196 2.72647180
v -3.70249992 2.21259196 2.72647180
v -3.69999992 2.14996699 2.63595301
v -3.69999992 2.16017100 2.63399896
v -3.70249992 2.14996699 2.63595301
v -3.70249992 2.17688395 2.63334802
v -3.69999992 2.17688395 2.63334802
v -3.69999992 2.20369395 2.63595301
v -3.70249992 2.20369395 2.63595301
v -3.69999992 2.20933802 2.64045679
v -3.70249992 2.20933802 2.64045679
v -3.69999992 2.21259196 2.64876093
v -3.70249992 2.21259196 2.64876093
v -3.69999992 2.14095790 2.64876093
v -3.69999992 2.14424388 2.64045679
v -3.70249992 2.14095790 2.64876093
v -3.70249992 2.14424388 2.64045679
v -3.69999992 2.14996699 2.63595301
v -3.70249992 2.14996699 2.63595301
v -3.69999992 2.23571101 2.73689203
v -3.69999992 2.23831797 2.71719202
v -3.70249992 2.23571101 2.73689203
v -3.70249992 2.23831797 2.71719202
v -3.69999992 2.23918498 2.68761682
v -3.70249992 2.23918498 2.68761682
v -3.69999992 2.23831797 2.65803980
v -3.70249992 2.23831797 2.65803980
v -3.69999992 2.23571101 2.63834101
v -3.70249992 2.23571101 2.63834101
v -3.69999992 2.11783900 2.73678583
v -3.69999992 2.12364696 2.74948297
v -3.70249992 2.11783900 2.73678583
v -3.70249992 2.12364696 2.74948297
v -3.69999992 2.13412089 2.75784082
v -3.69999992 2.13412089 2.75784082
v -3.70249992 2.13412089 2.75784082
v -3.70249992 2.13412089 2.75784082
v -3.69999992 2.17688395 2.76402704
v -3.70249992 2.17688395 2.76402704
v -3.69999992 2.21954097 2.75784082
v -3.70249992 2.21954097 2.75784082
v -3.69999992 2.22993388 2.74950891
v -3.70249992 2.22993388 2.74950891
v -3.69999992 2.23571101 2.73689203
v -3.70249992 2.23571101 2.73689203
v -3.69999992 2.11783900 2.63844995
v -3.69999992 2.11523402 2.65817407
v -3.70249992 2.11783900 2.63844995
v -3.70249992 2.11523402 2.65817407
v -3.69999992 2.11436488 2.68761682
v -3.70249992 2.11436488 2.68761682
v -3.69999992 2.11523402 2.71705682
v -3.70249992 2.11523402 2.71705682
v -3.69999992 2.11783900 2.73678583
v -3.70249992 2.11783900 2.73678583
v -3.69999992 2.21954097 2.61739282
v -3.69999992 2.20252696 2.61275293
v -3.70249992 2.21954097 2.61739282
v -3.70249992 2.17688395 2.61120600
v -3.69999992 2.17688395 2.61120600
v -3.69999992 2.13412089 2.61739282
v -3.70249992 2.13412089 2.61739282
v -3.69999992 2.12364696 2.62575006
v -3.70249992 2.12364696 2.62575006
v -3.69999992 2.11783900 2.63844995
v -3.70249992 2.11783900 2.63844995
v -3.69999992 2.23571101 2.63834101
v -3.69999992 2.22993388 2.62572199
v -3.70249992 2.23571101 2.63834101
v -3.70249992 2.22993388 2.62572199
v -3.69999992 2.21954097 2.61739282
v -3.70249992 2.21954097 2.61739282
v -3.70249992 2.23831797 2.65803980
v -3.70249992 2.23571101 2.63834101
v -3.70249992 2.21259196 2.64876093
v -3.70249992 2.22993388 2.62572199
v -3.70249992 2.20933802 2.64045679
v -3.70249992 2.21954097 2.61739282
v -3.70249992 2.20369395 2.63595301
v -3.70249992 2.17688395 2.61120600
v -3.70249992 2.17688395 2.63334802
v -3.70249992 2.14996699 2.63595301
v -3.70249992 2.13412089 2.61739282
v -3.70249992 2.14424388 2.64045679
v -3.70249992 2.12364696 2.62575006
v -3.70249992 2.14095790 2.64876093
v -3.70249992 2.11783900 2.63844995
v -3.70249992 2.11523402 2.65817407
v -3.70249992 2.13941295 2.66357599
v -3.70249992 2.11436488 2.68761682
v -3.70249992 2.13889689 2.68761682
v -3.70249992 2.13941295 2.71165796
v -3.70249992 2.11523402 2.71705682
v -3.70249992 2.14095790 2.72647180
v -3.70249992 2.11783900 2.73678583
v -3.70249992 2.12364696 2.74948297
v -3.70249992 2.14424388 2.73477686
v -3.70249992 2.13412089 2.75784082
v -3.70249992 2.14996699 2.73928003
v -3.70249992 2.16017100 2.74123407
v -3.70249992 2.17688395 2.76402704
v -3.70249992 2.17688395 2.74188501
v -3.70249992 2.19357402 2.74123407
v -3.70249992 2.21954097 2.75784082
v -3.70249992 2.20369395 2.73928003
v -3.70249992 2.20933802 2.73477594
v -3.70249992 2.22993388 2.74950891
v -3.70249992 2.21259196 2.72647180
v -3.70249992 2.23571101 2.73689203
v -3.70249992 2.23831797 2.71719202
v -3.70249992 2.21414088 2.71165796
v -3.70249992 2.23918498 2.68761682
v -3.70249992 2.21465602 2.68761682
v -3.70249992 2.21414088 2.66357599
v -3.69999992 3.01634087 2.76217004
v -3.69999992 3.01634087 2.61300196
v -3.70249992 3.01634087 2.76217004
v -3.70249992 3.01634087 2.61300196
v -3.69999992 2.99097497 2.76217004
v -3.69999992 3.01634087 2.76217004
v -3.70249992 2.99097497 2.76217004
v -3.70249992 3.01634087 2.76217004
v -3.69999992 2.92246179 2.66135004
v -3.69999992 2.99097497 2.76217004
v -3.70249992 2.92246179 2.66135004
v -3.70249992 2.99097497 2.76217004
v -3.69999992 2.92159204 2.66135004
v -3.69999992 2.92246179 2.66135004
v -3.70249992 2.92159204 2.66135004
v -3.70249992 2.92246179 2.66135004
v -3.69999992 2.92159204 2.76217004
v -3.69999992 2.92159204 2.66135004
v -3.70249992 2.92159204 2.76217004
v -3.70249992 2.92159204 2.66135004
v -3.69999992 2.89817804 2.76217004
v -3.69999992 2.92159204 2.76217004
v -3.70249992 2.89817804 2.76217004
v -3.70249992 2.92159204 2.76217004
v -3.69999992 2.89817804 2.61300196
v -3.69999992 2.89817804 2.76217004
v -3.70249992 2.89817804 2.61300196
v -3.70249992 2.89817804 2.76217004
v -3.69999992 2.92159204 2.61300196
v -3.69999992 2.89817804 2.61300196
v -3.70249992 2.92159204 2.61300196
v -3.70249992 2.89817804 2.61300196
v -3.69999992 2.99205682 2.71750604
v -3.69999992 2.92159204 2.61300196
v -3.70249992 2.99205682 2.71750604
v -3.70249992 2.92159204 2.61300196
v -3.69999992 2.99292504 2.71750604
v -3.69999992 2.99205682 2.71750604
v -3.70249992 2.99292504 2.71750604
v -3.70249992 2.99205682 2.71750604
v -3.69999992 2.99292382 2.61300196
v -3.69999992 2.99292504 2.71750604
v -3.70249992 2.99292382 2.61300196
v -3.70249992 2.99292504 2.71750604
v -3.69999992 3.01634087 2.61300196
v -3.69999992 2.99292382 2.61300196
v -3.70249992 3.01634087 2.61300196
v -3.70249992 2.99292382 2.61300196
v -3.70249992 2.99292382 2.61300196
v -3.70249992 2.99292504 2.71750604
v -3.70249992 3.01634087 2.61300196
v -3.70249992 3.01634087 2.76217004
v -3.70249992 2.99097497 2.76217004
v -3.70249992 2.99205682 2.71750604
v -3.70249992 2.92246179 2.66135004
v -3.70249992 2.92159204 2.61300196
v -3.70249992 2.92159204 2.66135004
v -3.70249992 2.89817804 2.61300196
v -3.70249992 2.89817804 2.76217004
v -3.70249992 2.92159204 2.76217004
v 1.62839291 3.39999992 2.94632806
v 1.50182492 3.39999992 2.76871484
v 1.62839291 3.40249992 2.94632806
v 1.50182492 3.40249992 2.76871484
v 1.37249295 3.39999992 2.94632806
v 1.62839291 3.39999992 2.94632806
v 1.37249295 3.40249992 2.94632806
v 1.62839291 3.40249992 2.94632806
v 1.50182492 3.39999992 2.76871484
v 1.37249295 3.39999992 2.94632806
v 1.50182492 3.40249992 2.76871484
v 1.37249295 3.40249992 2.94632806
v 1.90958889 3.39999992 2.94632806
v 1.70045101 3.39999992 2.65101404
v 1.90958889 3.40249992 2.94632806
v 1.70045101 3.40249992 2.65101404
v 1.79572094 3.39999992 2.94632806
v 1.90958889 3.39999992 2.94632806
v 1.79572094 3.40249992 2.94632806
v 1.90958889 3.40249992 2.94632806
v 1.36999997 3.39999992 2.35326502
v 1.79572094 3.39999992 2.94632806
v 1.36999997 3.40249992 2.35326502
v 1.79572094 3.40249992 2.94632806
v 1.48365902 3.39999992 2.35326502
v 1.36999997 3.39999992 2.35326502
v 1.48365902 3.40249992 2.35326502
v 1.36999997 3.40249992 2.35326502
v 1.63971691 3.39999992 2.56880091
v 1.48365902 3.39999992 2.35326502
v 1.63971691 3.40249992 2.56880091
v 1.48365902 3.40249992 2.35326502
v 1.64702999 3.39999992 2.56880091
v 1.63971691 3.39999992 2.56880091
v 1.64702999 3.40249992 2.56880091
v 1.63971691 3.40249992 2.56880091
v 1.80300701 3.39999992 2.35326502
v 1.64702999 3.39999992 2.56880091
v 1.80300701 3.40249992 2.35326502
v 1.64702999 3.40249992 2.56880091
v 1.91319301 3.39999992 2.35326502
v 1.80300701 3.39999992 2.35326502
v 1.91319301 3.40249992 2.35326502
v 1.80300701 3.40249992 2.35326502
v 1.70045101 3.39999992 2.65101404
v 1.91319301 3.39999992 2.35326502
v 1.70045101 3.40249992 2.65101404
v 1.91319301 3.40249992 2.35326502
v 2.93288293 3.39999992 2.85966180
v 2.88750482 3.39999992 2.85966180
v 2.93288293 3.40249992 2.85966180
v 2.88750482 3.40249992 2.85966180
v 2.85610284 3.39999992 2.85966180
v 2.85610284 3.40249992 2.85966180
v 2.82169702 3.39999992 2.85966089
v 2.82169702 3.40249992 2.85966089
v 2.80127283 3.39999992 2.85963891
v 2.80127283 3.40249992 2.85963891
v 2.78653894 3.39999992 2.85937982
v 2.78653894 3.40249992 2.85937982
v 2.76676507 3.39999992 2.85898279
v 2.76676507 3.40249992 2.85898279
v 2.73224390 3.39999992 2.85518182
v 2.73224390 3.40249992 2.85518182
v 2.70621088 3.39999992 2.84666803
v 2.70621088 3.40249992 2.84666803
v 2.69511499 3.39999992 2.83855798
v 2.69511499 3.40249992 2.83855798
v 2.68678308 3.39999992 2.82569208
v 2.68678308 3.40249992 2.82569208
v 2.67883600 3.39999992 2.76531702
v 2.67883600 3.40249992 2.76531702
v 2.68018488 3.39999992 2.72918787
v 2.68018488 3.40249992 2.72918787
v 2.68535486 3.39999992 2.70540704
v 2.68535486 3.40249992 2.70540704
v 2.69733881 3.39999992 2.68637201
v 2.69733881 3.40249992 2.68637201
v 2.72114008 3.39999992 2.67359979
v 2.72114008 3.40249992 2.67359979
v 2.75260583 3.39999992 2.66715784
v 2.75260583 3.40249992 2.66715784
v 2.76562402 3.39999992 2.66597986
v 2.76562402 3.40249992 2.66597986
v 2.78152704 3.39999992 2.66553095
v 2.78152704 3.40249992 2.66553095
v 2.79692590 3.39999992 2.66537988
v 2.79692590 3.40249992 2.66537988
v 2.82376397 3.39999992 2.66516992
v 2.82376397 3.40249992 2.66516992
v 2.86709100 3.39999992 2.66487085
v 2.86709100 3.40249992 2.66487085
v 2.93288293 3.39999992 2.66444391
v 2.93288293 3.40249992 2.66444391
v 2.93288293 3.39999992 2.66444391
v 2.93288293 3.39999992 2.85966180
v 2.93288293 3.40249992 2.66444391
v 2.93288293 3.40249992 2.85966180
v 2.66951502 3.39999992 2.59118891
v 2.63935480 3.39999992 2.60388086
v 2.66951502 3.40249992 2.59118891
v 2.63935480 3.40249992 2.60388086
v 2.61725305 3.39999992 2.62172907
v 2.61725305 3.40249992 2.62172907
v 2.59267908 3.39999992 2.68269708
v 2.59267908 3.40249992 2.68269708
v 2.58699579 3.39999992 2.71584680
v 2.58699579 3.40249992 2.71584680
v 2.58453608 3.39999992 2.74178491
v 2.58453608 3.40249992 2.74178491
v 2.58468988 3.39999992 2.81783899
v 2.58468988 3.40249992 2.81783899
v 2.60564203 3.39999992 2.89077081
v 2.60564203 3.40249992 2.89077081
v 2.63470697 3.39999992 2.91968988
v 2.63470697 3.40249992 2.91968988
v 2.65758997 3.39999992 2.93132196
v 2.65758997 3.40249992 2.93132196
v 2.74168481 3.39999992 2.94675286
v 2.74168481 3.40249992 2.94675286
v 2.57209284 3.39999992 2.35482600
v 2.66951502 3.39999992 2.59118891
v 2.57209284 3.40249992 2.35482600
v 2.66951502 3.40249992 2.59118891
v 2.67537103 3.39999992 2.35482600
v 2.57209284 3.39999992 2.35482600
v 2.67537103 3.40249992 2.35482600
v 2.57209284 3.40249992 2.35482600
v 2.76368097 3.39999992 2.57890497
v 2.67537103 3.39999992 2.35482600
v 2.76368097 3.40249992 2.57890497
v 2.67537103 3.40249992 2.35482600
v 2.93286798 3.39999992 2.57890497
v 2.76368097 3.39999992 2.57890497
v 2.93286798 3.40249992 2.57890497
v 2.76368097 3.40249992 2.57890497
v 2.93286798 3.39999992 2.35482600
v 2.93286798 3.39999992 2.57890497
v 2.93286798 3.40249992 2.35482600
v 2.93286798 3.40249992 2.57890497
v 3.02999993 3.39999992 2.35482600
v 2.93286798 3.39999992 2.35482600
v 3.02999993 3.40249992 2.35482600
v 2.93286798 3.40249992 2.35482600
v 3.02999993 3.39999992 2.94708795
v 3.02999993 3.39999992 2.35482600
v 3.02999993 3.40249992 2.94708795
v 3.02999993 3.40249992 2.35482600
v 2.74168481 3.39999992 2.94675286
v 3.02999993 3.39999992 2.94708795
v 2.74168481 3.40249992 2.94675286
v 3.02999993 3.40249992 2.94708795
v 2.22245997 3.39999992 2.86594293
v 2.14341090 3.39999992 2.86096490
v 2.22245997 3.40249992 2.86594293
v 2.14341090 3.40249992 2.86096490
v 2.10814998 3.39999992 2.84696588
v 2.10814998 3.40249992 2.84696588
v 2.09697993 3.39999992 2.83224206
v 2.09697993 3.40249992 2.83224206
v 2.08988902 3.39999992 2.81553705
v 2.08988902 3.40249992 2.81553705
v 2.08347392 3.39999992 2.78589685
v 2.08347392 3.40249992 2.78589685
v 2.07730098 3.39999992 2.71722803
v 2.07730098 3.40249992 2.71722803
v 2.07679195 3.39999992 2.63672388
v 2.07679195 3.40249992 2.63672388
v 2.08154201 3.39999992 2.54266489
v 2.08154201 3.40249992 2.54266489
v 2.09960902 3.39999992 2.46898997
v 2.09960902 3.40249992 2.46898997
v 2.11670100 3.39999992 2.45037195
v 2.11670100 3.40249992 2.45037195
v 2.14351191 3.39999992 2.44144892
v 2.14351191 3.40249992 2.44144892
v 2.22499797 3.39999992 2.43560496
v 2.22499797 3.40249992 2.43560496
v 2.32421595 3.39999992 2.44304590
v 2.32421595 3.40249992 2.44304590
v 2.35139201 3.39999992 2.46021891
v 2.35139201 3.40249992 2.46021891
v 2.36574000 3.39999992 2.49510691
v 2.36574000 3.40249992 2.49510691
v 2.37142695 3.39999992 2.54390589
v 2.37142695 3.40249992 2.54390589
v 2.37376994 3.39999992 2.60491907
v 2.37376994 3.40249992 2.60491907
v 2.37360697 3.39999992 2.70452600
v 2.37360697 3.40249992 2.70452600
v 2.36380000 3.39999992 2.81409204
v 2.36380000 3.40249992 2.81409204
v 2.34374796 3.39999992 2.84860681
v 2.34374796 3.40249992 2.84860681
v 2.30356898 3.39999992 2.86210901
v 2.30356898 3.40249992 2.86210901
v 2.22245997 3.39999992 2.86594293
v 2.22245997 3.40249992 2.86594293
v 2.21989100 3.39999992 2.34796397
v 2.16614802 3.39999992 2.35002802
v 2.21989100 3.40249992 2.34796397
v 2.16614802 3.40249992 2.35002802
v 2.12584788 3.39999992 2.35426692
v 2.12584788 3.40249992 2.35426692
v 2.05485789 3.39999992 2.37409998
v 2.05485789 3.40249992 2.37409998
v 2.01591899 3.39999992 2.40646891
v 2.01591899 3.40249992 2.40646891
v 1.99466502 3.39999992 2.45178492
v 1.99466502 3.40249992 2.45178492
v 1.98777797 3.39999992 2.49204996
v 1.98777797 3.40249992 2.49204996
v 1.98258495 3.39999992 2.54608500
v 1.98258495 3.40249992 2.54608500
v 1.98039501 3.39999992 2.59685297
v 1.98039501 3.40249992 2.59685297
v 1.97970699 3.39999992 2.63511194
v 1.97970699 3.40249992 2.63511194
v 1.98234294 3.39999992 2.75917779
v 1.98234294 3.40249992 2.75917779
v 1.98675990 3.39999992 2.80790491
v 1.98675990 3.40249992 2.80790491
v 1.99118892 3.39999992 2.83595697
v 1.99118892 3.40249992 2.83595697
v 2.01976695 3.39999992 2.90055383
v 2.01976695 3.40249992 2.90055383
v 2.01976695 3.39999992 2.90055383
v 2.05442302 3.39999992 2.92750604
v 2.01976695 3.40249992 2.90055383
v 2.05442302 3.40249992 2.92750604
v 2.08365199 3.39999992 2.93875878
v 2.08365199 3.40249992 2.93875878
v 2.12590800 3.39999992 2.94757287
v 2.12590800 3.40249992 2.94757287
v 2.21230494 3.39999992 2.95387902
v 2.21230494 3.40249992 2.95387902
v 2.24367289 3.39999992 2.95379388
v 2.24367289 3.40249992 2.95379388
v 2.29603999 3.39999992 2.95125299
v 2.29603999 3.40249992 2.95125299
v 2.39190195 3.39999992 2.93097497
v 2.39190195 3.40249992 2.93097497
v 2.42762690 3.39999992 2.90697290
v 2.42762690 3.40249992 2.90697290
v 2.44809595 3.39999992 2.87952203
v 2.44809595 3.40249992 2.87952203
v 2.45427790 3.39999992 2.86568292
v 2.45427790 3.40249992 2.86568292
v 2.46081400 3.39999992 2.84187280
v 2.46081400 3.40249992 2.84187280
v 2.47187998 3.39999992 2.74195581
v 2.47187998 3.40249992 2.74195581
v 2.47328196 3.39999992 2.61992487
v 2.47328196 3.40249992 2.61992487
v 2.47141794 3.39999992 2.55673197
v 2.47141794 3.40249992 2.55673197
v 2.46761088 3.39999992 2.50561991
v 2.46761088 3.40249992 2.50561991
v 2.46256495 3.39999992 2.46721689
v 2.46256495 3.40249992 2.46721689
v 2.45595194 3.39999992 2.44095896
v 2.45595194 3.40249992 2.44095896
v 2.42818400 3.39999992 2.39566599
v 2.42818400 3.40249992 2.39566599
v 2.37163096 3.39999992 2.36352900
v 2.37163096 3.40249992 2.36352900
v 2.32225092 3.39999992 2.35367701
v 2.32225092 3.40249992 2.35367701
v 2.30548396 3.39999992 2.35175288
v 2.30548396 3.40249992 2.35175288
v 2.28152400 3.39999992 2.35033900
v 2.28152400 3.40249992 2.35033900
v 2.25728099 3.39999992 2.34927195
v 2.25728099 3.40249992 2.34927195
v 2.21989100 3.39999992 2.34796397
v 2.21989100 3.40249992 2.34796397
v -1.62839291 -3.39999992 2.94632806
v -1.50182492 -3.39999992 2.76871484
v -1.62839291 -3.40249992 2.94632806
v -1.50182492 -3.40249992 2.76871484
v -1.37249295 -3.39999992 2.94632806
v -1.62839291 -3.39999992 2.94632806
v -1.37249295 -3.40249992 2.94632806
v -1.62839291 -3.40249992 2.94632806
v -1.50182492 -3.39999992 2.76871484
v -1.37249295 -3.39999992 2.94632806
v -1.50182492 -3.40249992 2.76871484
v -1.37249295 -3.40249992 2.94632806
v -1.90958889 -3.39999992 2.94632806
v -1.70045101 -3.39999992 2.65101404
v -1.90958889 -3.40249992 2.94632806
v -1.70045101 -3.40249992 2.65101404
v -1.79572094 -3.39999992 2.94632806
v -1.90958889 -3.39999992 2.94632806
v -1.79572094 -3.40249992 2.94632806
v -1.90958889 -3.40249992 2.94632806
v -1.36999997 -3.39999992 2.35326502
v -1.79572094 -3.39999992 2.94632806
v -1.36999997 -3.40249992 2.35326502
v -1.79572094 -3.40249992 2.94632806
v -1.48365902 -3.39999992 2.35326502
v -1.36999997 -3.39999992 2.35326502
v -1.48365902 -3.40249992 2.35326502
v -1.36999997 -3.40249992 2.35326502
v -1.63971691 -3.39999992 2.56880091
v -1.48365902 -3.39999992 2.35326502
v -1.63971691 -3.40249992 2.56880091
v -1.48365902 -3.40249992 2.35326502
v -1.64702999 -3.39999992 2.56880091
v -1.63971691 -3.39999992 2.56880091
v -1.64702999 -3.40249992 2.56880091
v -1.63971691 -3.40249992 2.56880091
v -1.80300701 -3.39999992 2.35326502
v -1.64702999 -3.39999992 2.56880091
v -1.80300701 -3.40249992 2.35326502
v -1.64702999 -3.40249992 2.56880091
v -1.91319301 -3.39999992 2.35326502
v -1.80300701 -3.39999992 2.35326502
v -1.91319301 -3.40249992 2.35326502
v -1.80300701 -3.40249992 2.35326502
v -1.70045101 -3.39999992 2.65101404
v -1.91319301 -3.39999992 2.35326502
v -1.70045101 -3.40249992 2.65101404
v -1.91319301 -3.40249992 2.35326502
v -2.93288293 -3.39999992 2.85966180
v -2.88750482 -3.39999992 2.85966180
v -2.93288293 -3.40249992 2.85966180
v -2.88750482 -3.40249992 2.85966180
v -2.85610284 -3.39999992 2.85966180
v -2.85610284 -3.40249992 2.85966180
v -2.82169702 -3.39999992 2.85966089
v -2.82169702 -3.40249992 2.85966089
v -2.80127283 -3.39999992 2.85963891
v -2.80127283 -3.40249992 2.85963891
v -2.78653894 -3.39999992 2.85937982
v -2.78653894 -3.40249992 2.85937982
v -2.76676507 -3.39999992 2.85898279
v -2.76676507 -3.40249992 2.85898279
v -2.73224390 -3.39999992 2.85518182
v -2.73224390 -3.40249992 2.85518182
v -2.70621088 -3.39999992 2.84666803
v -2.70621088 -3.40249992 2.84666803
v -2.69511499 -3.39999992 2.83855798
v -2.69511499 -3.40249992 2.83855798
v -2.68678308 -3.39999992 2.82569208
v -2.68678308 -3.40249992 2.82569208
v -2.67883600 -3.39999992 2.76531702
v -2.67883600 -3.40249992 2.76531702
v -2.68018488 -3.39999992 2.72918787
v -2.68018488 -3.40249992 2.72918787
v -2.68535486 -3.39999992 2.70540704
v -2.68535486 -3.40249992 2.70540704
v -2.69733881 -3.39999992 2.68637201
v -2.69733881 -3.40249992 2.68637201
v -2.72114008 -3.39999992 2.67359979
v -2.72114008 -3.40249992 2.67359979
v -2.75260583 -3.39999992 2.66715784
v -2.75260583 -3.40249992 2.66715784
v -2.76562402 -3.39999992 2.66597986
v -2.76562402 -3.40249992 2.66597986
v -2.78152704 -3.39999992 2.66553095
v -2.78152704 -3.40249992 2.66553095
v -2.79692590 -3.39999992 2.66537988
v -2.79692590 -3.40249992 2.66537988
v -2.82376397 -3.39999992 2.66516992
v -2.82376397 -3.40249992 2.66516992
v -2.86709100 -3.39999992 2.66487085
v -2.86709100 -3.40249992 2.66487085
v -2.93288293 -3.39999992 2.66444391
v -2.93288293 -3.40249992 2.66444391
v -2.93288293 -3.39999992 2.66444391
v -2.93288293 -3.39999992 2.85966180
v -2.93288293 -3.40249992 2.66444391
v -2.93288293 -3.40249992 2.85966180
v -2.66951502 -3.39999992 2.59118891
v -2.63935480 -3.39999992 2.60388086
v -2.66951502 -3.40249992 2.59118891
v -2.63935480 -3.40249992 2.60388086
v -2.61725305 -3.39999992 2.62172907
v -2.61725305 -3.40249992 2.62172907
v -2.59267908 -3.39999992 2.68269708
v -2.59267908 -3.40249992 2.68269708
v -2.58699579 -3.39999992 2.71584680
v -2.58699579 -3.40249992 2.71584680
v -2.58453608 -3.39999992 2.74178491
v -2.58453608 -3.40249992 2.74178491
v -2.58468988 -3.39999992 2.81783899
v -2.58468988 -3.40249992 2.81783899
v -2.60564203 -3.39999992 2.89077081
v -2.60564203 -3.40249992 2.89077081
v -2.63470697 -3.39999992 2.91968988
v -2.63470697 -3.40249992 2.91968988
v -2.65758997 -3.39999992 2.93132196
v -2.65758997 -3.40249992 2.93132196
v -2.74168481 -3.39999992 2.94675286
v -2.74168481 -3.40249992 2.94675286
v -2.57209284 -3.39999992 2.35482600
v -2.66951502 -3.39999992 2.59118891
v -2.57209284 -3.40249992 2.35482600
v -2.66951502 -3.40249992 2.59118891
v -2.67537103 -3.39999992 2.35482600
v -2.57209284 -3.39999992 2.35482600
v -2.67537103 -3.40249992 2.35482600
v -2.57209284 -3.40249992 2.35482600
v -2.76368097 -3.39999992 2.57890497
v -2.67537103 -3.39999992 2.35482600
v -2.76368097 -3.40249992 2.57890497
v -2.67537103 -3.40249992 2.35482600
v -2.93286798 -3.39999992 2.57890497
v -2.76368097 -3.39999992 2.57890497
v -2.93286798 -3.40249992 2.57890497
v -2.76368097 -3.40249992 2.57890497
v -2.93286798 -3.39999992 2.35482600
v -2.93286798 -3.39999992 2.57890497
v -2.93286798 -3.40249992 2.35482600
v -2.93286798 -3.40249992 2.57890497
v -3.02999993 -3.39999992 2.35482600
v -2.93286798 -3.39999992 2.35482600
v -3.02999993 -3.40249992 2.35482600
v -2.93286798 -3.40249992 2.35482600
v -3.02999993 -3.39999992 2.94708795
v -3.02999993 -3.39999992 2.35482600
v -3.02999993 -3.40249992 2.94708795
v -3.02999993 -3.40249992 2.35482600
v -2.74168481 -3.39999992 2.94675286
v -3.02999993 -3.39999992 2.94708795
v -2.74168481 -3.40249992 2.94675286
v -3.02999993 -3.40249992 2.94708795
v -2.22245997 -3.39999992 2.86594293
v -2.14341090 -3.39999992 2.86096490
v -2.22245997 -3.40249992 2.86594293
v -2.14341090 -3.40249992 2.86096490
v -2.10814998 -3.39999992 2.84696588
v -2.10814998 -3.40249992 2.84696588
v -2.09697993 -3.39999992 2.83224206
v -2.09697993 -3.40249992 2.83224206
v -2.08988902 -3.39999992 2.81553705
v -2.08988902 -3.40249992 2.81553705
v -2.08347392 -3.39999992 2.78589685
v -2.08347392 -3.40249992 2.78589685
v -2.07730098 -3.39999992 2.71722803
v -2.07730098 -3.40249992 2.71722803
v -2.07679195 -3.39999992 2.63672388
v -2.07679195 -3.40249992 2.63672388
v -2.08154201 -3.39999992 2.54266489
v -2.08154201 -3.40249992 2.54266489
v -2.09960902 -3.39999992 2.46898997
v -2.09960902 -3.40249992 2.46898997
v -2.11670100 -3.39999992 2.45037195
v -2.11670100 -3.40249992 2.45037195
v -2.14351191 -3.39999992 2.44144892
v -2.14351191 -3.40249992 2.44144892
v -2.22499797 -3.39999992 2.43560496
v -2.22499797 -3.40249992 2.43560496
v -2.32421595 -3.39999992 2.44304590
v -2.32421595 -3.40249992 2.44304590
v -2.35139201 -3.39999992 2.46021891
v -2.35139201 -3.40249992 2.46021891
v -2.36574000 -3.39999992 2.49510691
v -2.36574000 -3.40249992 2.49510691
v -2.37142695 -3.39999992 2.54390589
v -2.37142695 -3.40249992 2.54390589
v -2.37376994 -3.39999992 2.60491907
v -2.37376994 -3.40249992 2.60491907
v -2.37360697 -3.39999992 2.70452600
v -2.37360697 -3.40249992 2.70452600
v -2.36380000 -3.39999992 2.81409204
v -2.36380000 -3.40249992 2.81409204
v -2.34374796 -3.39999992 2.84860681
v -2.34374796 -3.40249992 2.84860681
v -2.30356898 -3.39999992 2.86210901
v -2.30356898 -3.40249992 2.86210901
v -2.22245997 -3.39999992 2.86594293
v -2.22245997 -3.40249992 2.86594293
v -2.21989100 -3.39999992 2.34796397
v -2.16614802 -3.39999992 2.35002802
v -2.21989100 -3.40249992 2.34796397
v -2.16614802 -3.40249992 2.35002802
v -2.12584788 -3.39999992 2.35426692
v -2.12584788 -3.40249992 2.35426692
v -2.05485789 -3.39999992 2.37409998
v -2.05485789 -3.40249992 2.37409998
v -2.01591899 -3.39999992 2.40646891
v -2.01591899 -3.40249992 2.40646891
v -1.99466502 -3.39999992 2.45178492
v -1.99466502 -3.40249992 2.45178492
v -1.98777797 -3.39999992 2.49204996
v -1.98777797 -3.40249992 2.49204996
v -1.98258495 -3.39999992 2.54608500
v -1.98258495 -3.40249992 2.54608500
v -1.98039501 -3.39999992 2.59685297
v -1.98039501 -3.40249992 2.59685297
v -1.97970699 -3.39999992 2.63511194
v -1.97970699 -3.40249992 2.63511194
v -1.98234294 -3.39999992 2.75917779
v -1.98234294 -3.40249992 2.75917779
v -1.98675990 -3.39999992 2.80790491
v -1.98675990 -3.40249992 2.80790491
v -1.99118892 -3.39999992 2.83595697
v -1.99118892 -3.40249992 2.83595697
v -2.01976695 -3.39999992 2.90055383
v -2.01976695 -3.40249992 2.90055383
v -2.01976695 -3.39999992 2.90055383
v -2.05442302 -3.39999992 2.92750604
v -2.01976695 -3.40249992 2.90055383
v -2.05442302 -3.40249992 2.92750604
v -2.08365199 -3.39999992 2.93875878
v -2.08365199 -3.40249992 2.93875878
v -2.12590800 -3.39999992 2.94757287
v -2.12590800 -3.40249992 2.94757287
v -2.21230494 -3.39999992 2.95387902
v -2.21230494 -3.40249992 2.95387902
v -2.24367289 -3.39999992 2.95379388
v -2.24367289 -3.40249992 2.95379388
v -2.29603999 -3.39999992 2.95125299
v -2.29603999 -3.40249992 2.95125299
v -2.39190195 -3.39999992 2.93097497
v -2.39190195 -3.40249992 2.93097497
v -2.42762690 -3.39999992 2.90697290
v -2.42762690 -3.40249992 2.90697290
v -2.44809595 -3.39999992 2.87952203
v -2.44809595 -3.40249992 2.87952203
v -2.45427790 -3.39999992 2.86568292
v -2.45427790 -3.40249992 2.86568292
v -2.46081400 -3.39999992 2.84187280
v -2.46081400 -3.40249992 2.84187280
v -2.47187998 -3.39999992 2.74195581
v -2.47187998 -3.40249992 2.74195581
v -2.47328196 -3.39999992 2.61992487
v -2.47328196 -3.40249992 2.61992487
v -2.47141794 -3.39999992 2.55673197
v -2.47141794 -3.40249992 2.55673197
v -2.46761088 -3.39999992 2.50561991
v -2.46761088 -3.40249992 2.50561991
v -2.46256495 -3.39999992 2.46721689
v -2.46256495 -3.40249992 2.46721689
v -2.45595194 -3.39999992 2.44095896
v -2.45595194 -3.40249992 2.44095896
v -2.42818400 -3.39999992 2.39566599
v -2.42818400 -3.40249992 2.39566599
v -2.37163096 -3.39999992 2.36352900
v -2.37163096 -3.40249992 2.36352900
v -2.32225092 -3.39999992 2.35367701
v -2.32225092 -3.40249992 2.35367701
v -2.30548396 -3.39999992 2.35175288
v -2.30548396 -3.40249992 2.35175288
v -2.28152400 -3.39999992 2.35033900
v -2.28152400 -3.40249992 2.35033900
v -2.25728099 -3.39999992 2.34927195
v -2.25728099 -3.40249992 2.34927195
v -2.21989100 -3.39999992 2.34796397
v -2.21989100 -3.40249992 2.34796397
v -3.69999992 0.13757950 0.67321509
v -3.69999992 0.00475731 0.85641508
v -3.70099998 0.13757950 0.67321509
v -3.70099998 0.00475731 0.85641508
v -3.69999992 0.23100000 0.67321509
v -3.69999992 0.13757950 0.67321509
v -3.70099998 0.23100000 0.67321509
v -3.70099998 0.13757950 0.67321509
v -3.69999992 0.05030297 0.92599996
v -3.69999992 0.23100000 0.67321509
v -3.70099998 0.05030297 0.92599996
v -3.70099998 0.23100000 0.67321509
v -3.69999992 0.22800249 1.17678495
v -3.69999992 0.05030297 0.92599996
v -3.70099998 0.22800249 1.17678495
v -3.70099998 0.05030297 0.92599996
v -3.69999992 0.13089579 1.17678495
v -3.69999992 0.22800249 1.17678495
v -3.70099998 0.13089579 1.17678495
v -3.70099998 0.22800249 1.17678495
v -3.69999992 -0.23100000 0.67321509
v -3.69999992 0.13089579 1.17678495
v -3.70099998 -0.23100000 0.67321509
v -3.70099998 0.13089579 1.17678495
v -3.69999992 -0.13287860 0.67321509
v -3.69999992 -0.23100000 0.67321509
v -3.70099998 -0.13287860 0.67321509
v -3.70099998 -0.23100000 0.67321509
v -3.69999992 -0.00122000 0.85641508
v -3.69999992 -0.13287860 0.67321509
v -3.70099998 -0.00122000 0.85641508
v -3.70099998 -0.13287860 0.67321509
v -3.69999992 0.00475731 0.85641508
v -3.69999992 -0.00122000 0.85641508
v -3.70099998 0.00475731 0.85641508
v -3.70099998 -0.00122000 0.85641508
v -3.70099998 0.13757950 0.67321509
v -3.70099998 0.00475731 0.85641508
v -3.70099998 0.05030297 0.92599996
v -3.70099998 -0.00122000 0.85641508
v -3.70099998 0.13089579 1.17678495
v -3.70099998 -0.23100000 0.67321509
v -3.70099998 -0.13287860 0.67321509
v -3.70099998 0.22800249 1.17678495
v -3.70099998 0.23100000 0.67321509
v -3.69999992 -0.22751480 1.17678495
v -3.69999992 -0.01083812 1.17678495
v -3.70099998 -0.22751480 1.17678495
v -3.70099998 -0.01083812 1.17678495
v -3.69999992 -0.11869980 1.02669798
v -3.69999992 -0.22751480 1.17678495
v -3.70099998 -0.11869980 1.02669798
v -3.70099998 -0.22751480 1.17678495
v -3.69999992 -0.01083812 1.17678495
v -3.69999992 -0.11869980 1.02669798
v -3.70099998 -0.01083812 1.17678495
v -3.70099998 -0.11869980 1.02669798
v -3.69999992 -0.34400001 1.29278501
v -3.69999992 -0.34400001 0.55721499
v -3.70099998 -0.34400001 1.29278501
v -3.70099998 -0.34400001 0.55721499
v -3.69999992 0.34400001 1.29278501
v -3.69999992 -0.34400001 1.29278501
v -3.70099998 0.34400001 1.29278501
v -3.70099998 -0.34400001 1.29278501
v -3.69999992 0.34400001 0.55721499
v -3.69999992 0.34400001 1.29278501
v -3.70099998 0.34400001 0.55721499
v -3.70099998 0.34400001 1.29278501
v -3.69999992 -0.34400001 0.55721499
v -3.69999992 0.34400001 0.55721499
v -3.70099998 -0.34400001 0.55721499
v -3.70099998 0.34400001 0.55721499
v -3.69999992 0.42499999 0.47621497
v -3.69999992 -0.42499999 0.47621497
v -3.70099998 0.42499999 0.47621497
v -3.70099998 -0.42499999 0.47621497
v -3.69999992 0.42499999 1.37378491
v -3.69999992 0.42499999 0.47621497
v -3.70099998 0.42499999 1.37378491
v -3.70099998 0.42499999 0.47621497
v -3.69999992 -0.42499999 1.37378491
v -3.69999992 0.42499999 1.37378491
v -3.70099998 -0.42499999 1.37378491
v -3.70099998 0.42499999 1.37378491
v -3.69999992 -0.42499999 0.47621497
v -3.69999992 -0.42499999 1.37378491
v -3.70099998 -0.42499999 0.47621497
v -3.70099998 -0.42499999 1.37378491
v -3.70099998 0.42499999 0.47621497
v -3.70099998 -0.42499999 0.47621497
v -3.70099998 -0.34400001 0.55721499
v -3.70099998 -0.42499999 1.37378491
v -3.70099998 -0.34400001 1.29278501
v -3.70099998 0.42499999 1.37378491
v -3.70099998 0.34400001 1.29278501
v -3.70099998 0.34400001 0.55721499
v 3.69999992 -0.13757950 0.67321509
v 3.69999992 -0.00475731 0.85641508
v 3.70099998 -0.13757950 0.67321509
v 3.70099998 -0.00475731 0.85641508
v 3.69999992 -0.23100000 0.67321509
v 3.69999992 -0.13757950 0.67321509
v 3.70099998 -0.23100000 0.67321509
v 3.70099998 -0.13757950 0.67321509
v 3.69999992 -0.05030297 0.92599996
v 3.69999992 -0.23100000 0.67321509
v 3.70099998 -0.05030297 0.92599996
v 3.70099998 -0.23100000 0.67321509
v 3.69999992 -0.22800249 1.17678495
v 3.69999992 -0.05030297 0.92599996
v 3.70099998 -0.22800249 1.17678495
v 3.70099998 -0.05030297 0.92599996
v 3.69999992 -0.13089579 1.17678495
v 3.69999992 -0.22800249 1.17678495
v 3.70099998 -0.13089579 1.17678495
v 3.70099998 -0.22800249 1.17678495
v 3.69999992 0.23100000 0.67321509
v 3.69999992 -0.13089579 1.17678495
v 3.70099998 0.23100000 0.67321509
v 3.70099998 -0.13089579 1.17678495
v 3.69999992 0.13287860 0.67321509
v 3.69999992 0.23100000 0.67321509
v 3.70099998 0.13287860 0.67321509
v 3.70099998 0.23100000 0.67321509
v 3.69999992 0.00122000 0.85641508
v 3.69999992 0.13287860 0.67321509
v 3.70099998 0.00122000 0.85641508
v 3.70099998 0.13287860 0.67321509
v 3.69999992 -0.00475731 0.85641508
v 3.69999992 0.00122000 0.85641508
v 3.70099998 -0.00475731 0.85641508
v 3.70099998 0.00122000 0.85641508
v 3.70099998 -0.13757950 0.67321509
v 3.70099998 -0.00475731 0.85641508
v 3.70099998 -0.05030297 0.92599996
v 3.70099998 0.00122000 0.85641508
v 3.70099998 -0.13089579 1.17678495
v 3.70099998 0.23100000 0.67321509
v 3.70099998 0.13287860 0.67321509
v 3.70099998 -0.22800249 1.17678495
v 3.70099998 -0.23100000 0.67321509
v 3.69999992 0.22751480 1.17678495
v 3.69999992 0.01083812 1.17678495
v 3.70099998 0.22751480 1.17678495
v 3.70099998 0.01083812 1.17678495
v 3.69999992 0.11869980 1.02669798
v 3.69999992 0.22751480 1.17678495
v 3.70099998 0.11869980 1.02669798
v 3.70099998 0.22751480 1.17678495
v 3.69999992 0.01083812 1.17678495
v 3.69999992 0.11869980 1.02669798
v 3.70099998 0.01083812 1.17678495
v 3.70099998 0.11869980 1.02669798
v 3.69999992 0.34400001 1.29278501
v 3.69999992 0.34400001 0.55721499
v 3.70099998 0.34400001 1.29278501
v 3.70099998 0.34400001 0.55721499
v 3.69999992 -0.34400001 1.29278501
v 3.69999992 0.34400001 1.29278501
v 3.70099998 -0.34400001 1.29278501
v 3.70099998 0.34400001 1.29278501
v 3.69999992 -0.34400001 0.55721499
v 3.69999992 -0.34400001 1.29278501
v 3.70099998 -0.34400001 0.55721499
v 3.70099998 -0.34400001 1.29278501
v 3.69999992 0.34400001 0.55721499
v 3.69999992 -0.34400001 0.55721499
v 3.70099998 0.34400001 0.55721499
v 3.70099998 -0.34400001 0.55721499
v 3.69999992 -0.42499999 0.47621497
v 3.69999992 0.42499999 0.47621497
v 3.70099998 -0.42499999 0.47621497
v 3.70099998 0.42499999 0.47621497
v 3.69999992 -0.42499999 1.37378491
v 3.69999992 -0.42499999 0.47621497
v 3.70099998 -0.42499999 1.37378491
v 3.70099998 -0.42499999 0.47621497
v 3.69999992 0.42499999 1.37378491
v 3.69999992 -0.42499999 1.37378491
v 3.70099998 0.42499999 1.37378491
v 3.70099998 -0.42499999 1.37378491
v 3.69999992 0.42499999 0.47621497
v 3.69999992 0.42499999 1.37378491
v 3.70099998 0.42499999 0.47621497
v 3.70099998 0.42499999 1.37378491
v 3.70099998 -0.42499999 0.47621497
v 3.70099998 0.42499999 0.47621497
v 3.70099998 0.34400001 0.55721499
v 3.70099998 0.42499999 1.37378491
v 3.70099998 0.34400001 1.29278501
v 3.70099998 -0.42499999 1.37378491
v 3.70099998 -0.34400001 1.29278501
v 3.70099998 -0.34400001 0.55721499
v 3.69999992 2.26777888 2.58299982
v 3.70499992 2.28600001 2.51499994
v 3.69999992 2.28600001 2.51499994
v 3.70499992 2.26777888 2.44699991
v 3.69999992 2.26777888 2.44699991
v 3.70499992 2.21799998 2.39722102
v 3.69999992 2.21799998 2.39722102
v 3.70499992 2.14999995 2.37899989
v 3.69999992 2.14999995 2.37899989
v 3.70499992 2.08199992 2.39722102
v 3.69999992 2.08199992 2.39722102
v 3.70499992 2.03221996 2.44699991
v 3.69999992 2.03221996 2.44699991
v 3.69999992 2.01399989 2.51499994
v 3.70499992 2.01399989 2.51499994
v 3.69999992 2.01399989 2.51499994
v 3.70499992 2.01399989 2.51499994
v 3.69999992 2.03221996 2.58299982
v 3.70499992 2.03221996 2.58299982
v 3.70499992 2.08199992 2.63278009
v 3.70499992 2.26777888 2.58299982
v 3.69999992 2.21799998 2.63278009
v 3.70499992 2.21799998 2.63278009
v 3.69999992 2.14999995 2.65100000
v 3.70499992 2.14999995 2.65100000
v 3.69999992 2.08199992 2.63278009
v 3.70499992 2.26777888 2.58299982
v 3.70499992 2.27124293 2.58499994
v 3.70499992 2.28600001 2.51499994
v 3.70499992 2.28999995 2.51499994
v 3.70499992 2.27124293 2.44499995
v 3.70499992 2.21999995 2.63624384
v 3.70499992 2.21799998 2.63278009
v 3.70499992 2.14999995 2.65499994
v 3.70499992 2.14999995 2.65100000
v 3.70499992 2.07999995 2.63624384
v 3.70499992 2.08199992 2.63278009
v 3.70499992 2.03221996 2.58299982
v 3.70499992 2.02875697 2.58499994
v 3.70499992 2.01399989 2.51499994
v 3.70499992 2.00999996 2.51499994
v 3.70499992 2.02875697 2.44499995
v 3.70499992 2.03221996 2.44699991
v 3.70499992 2.07999995 2.39375590
v 3.70499992 2.08199992 2.39722102
v 3.70499992 2.14999995 2.37499995
v 3.70499992 2.14999995 2.37899989
v 3.70499992 2.21799998 2.39722102
v 3.70499992 2.21999995 2.39375590
v 3.70499992 2.26777888 2.44699991
v 3.78399985 2.23009288 2.57319086
v 3.78399985 2.22923487 2.57256800
v 3.78399985 2.24899989 2.51499994
v 3.78399985 2.24794001 2.51499994
v 3.78399985 2.22923487 2.45743189
v 3.78399985 2.18026500 2.60814600
v 3.78399985 2.18059291 2.60915399
v 3.78399985 2.11940700 2.60915399
v 3.78399985 2.11973491 2.60814600
v 3.78399985 2.06990703 2.57319086
v 3.78399985 2.07076503 2.57256800
v 3.78399985 2.05100002 2.51499994
v 3.78399985 2.05205989 2.51499994
v 3.78399985 2.07076503 2.45743189
v 3.78399985 2.06990703 2.45680887
v 3.78399985 2.11973491 2.42185297
v 3.78399985 2.11940700 2.42084498
v 3.78399985 2.18026500 2.42185297
v 3.78399985 2.18059291 2.42084498
v 3.78399985 2.23009288 2.45680887
v 3.81599998 2.22923487 2.57256800
v 3.81599998 2.24421992 2.57555201
v 3.81599998 2.24794001 2.51499994
v 3.81599998 2.26199992 2.51499994
v 3.81599998 2.24421992 2.45444788
v 3.81599998 2.19652598 2.61687891
v 3.81599998 2.18026500 2.60814600
v 3.81599998 2.13406093 2.62585993
v 3.81599998 2.11973491 2.60814600
v 3.81599998 2.07665599 2.59964380
v 3.81599998 2.07076503 2.57256800
v 3.81599998 2.04253688 2.54655390
v 3.81599998 2.05205989 2.51499994
v 3.81599998 2.04253688 2.48344599
v 3.81599998 2.07076503 2.45743189
v 3.81599998 2.07665599 2.43035593
v 3.81599998 2.11973491 2.42185297
v 3.81599998 2.13406093 2.40413996
v 3.81599998 2.18026500 2.42185297
v 3.81599998 2.19652598 2.41312098
v 3.81599998 2.22923487 2.45743189
v -3.79099998 -2.06990703 2.57319086
v -3.79099998 -2.07076594 2.57256708
v -3.79099998 -2.05100002 2.51499994
v -3.79099998 -2.05206203 2.51499994
v -3.79099998 -2.07076594 2.45743296
v -3.79099998 -2.11973491 2.60814508
v -3.79099998 -2.11940700 2.60915399
v -3.79099998 -2.18059291 2.60915399
v -3.79099998 -2.18026500 2.60814508
v -3.79099998 -2.23009288 2.57319086
v -3.79099998 -2.22923396 2.57256708
v -3.79099998 -2.24899989 2.51499994
v -3.79099998 -2.24793788 2.51499994
v -3.79099998 -2.22923396 2.45743296
v -3.79099998 -2.23009288 2.45680887
v -3.79099998 -2.18026500 2.42185496
v -3.79099998 -2.18059291 2.42084498
v -3.79099998 -2.11973491 2.42185496
v -3.79099998 -2.11940700 2.42084498
v -3.79099998 -2.06990703 2.45680887
v -3.75899985 -2.07076594 2.45743296
v -3.75899985 -2.05206203 2.51499994
v -3.75899985 -2.05100002 2.51499994
v -3.75899985 -2.07076594 2.57256708
v -3.75899985 -2.06990703 2.57319086
v -3.75899985 -2.11973491 2.60814508
v -3.75899985 -2.11940700 2.60915399
v -3.75899985 -2.18059291 2.60915399
v -3.75899985 -2.18026500 2.60814508
v -3.75899985 -2.23009288 2.57319086
v -3.75899985 -2.22923396 2.57256708
v -3.75899985 -2.24899989 2.51499994
v -3.75899985 -2.24793788 2.51499994
v -3.75899985 -2.22923396 2.45743296
v -3.75899985 -2.23009288 2.45680887
v -3.75899985 -2.18026500 2.42185496
v -3.75899985 -2.18059291 2.42084498
v -3.75899985 -2.11973491 2.42185496
v -3.75899985 -2.11940700 2.42084498
v -3.75899985 -2.06990703 2.45680887
v -3.70399986 -2.02875697 2.44499995
v -3.70399986 -2.00999996 2.51499994
v -3.70399986 -2.01399989 2.51499994
v -3.70399986 -2.02875697 2.58499994
v -3.70399986 -2.03221996 2.58299982
v -3.70399986 -2.07999995 2.63624384
v -3.70399986 -2.08199992 2.63278009
v -3.70399986 -2.14999995 2.65499994
v -3.70399986 -2.14999995 2.65100000
v -3.70399986 -2.21799998 2.63278009
v -3.70399986 -2.21999995 2.63624384
v -3.70399986 -2.26777888 2.58299982
v -3.70399986 -2.27124293 2.58499994
v -3.70399986 -2.28600001 2.51499994
v -3.70399986 -2.28999995 2.51499994
v -3.70399986 -2.27124293 2.44499995
v -3.70399986 -2.26777888 2.44699991
v -3.70399986 -2.21999995 2.39375590
v -3.70399986 -2.21799998 2.39722102
v -3.70399986 -2.14999995 2.37899989
v -3.70399986 -2.14999995 2.37499995
v -3.70399986 -2.08199992 2.39722102
v -3.70399986 -2.07999995 2.39375590
v -3.70399986 -2.03221996 2.44699991
v -3.70399986 -2.03221996 2.58299982
v -3.69999992 -2.01399989 2.51499994
v -3.70399986 -2.01399989 2.51499994
v -3.69999992 -2.03221996 2.44699991
v -3.70399986 -2.03221996 2.44699991
v -3.69999992 -2.08199992 2.39722102
v -3.70399986 -2.08199992 2.39722102
v -3.69999992 -2.14999995 2.37899989
v -3.70399986 -2.14999995 2.37899989
v -3.69999992 -2.21799998 2.39722102
v -3.70399986 -2.21799998 2.39722102
v -3.69999992 -2.26777888 2.44699991
v -3.70399986 -2.26777888 2.44699991
v -3.70399986 -2.28600001 2.51499994
v -3.69999992 -2.28600001 2.51499994
v -3.70399986 -2.28600001 2.51499994
v -3.69999992 -2.28600001 2.51499994
v -3.70399986 -2.26777888 2.58299982
v -3.69999992 -2.26777888 2.58299982
v -3.69999992 -2.21799998 2.63278009
v -3.69999992 -2.03221996 2.58299982
v -3.70399986 -2.08199992 2.63278009
v -3.69999992 -2.08199992 2.63278009
v -3.70399986 -2.14999995 2.65100000
v -3.69999992 -2.14999995 2.65100000
v -3.70399986 -2.21799998 2.63278009
v -3.70899986 -1.03096197 2.60549982
v -3.70899986 -1.01099996 2.67999994
v -3.70899986 -1.01399999 2.67999994
v -3.70899986 -1.03096197 2.75450006
v -3.70899986 -1.03356000 2.75299982
v -3.70899986 -1.08550001 2.80903802
v -3.70899986 -1.08699995 2.80644006
v -3.70899986 -1.15999997 2.82899988
v -3.70899986 -1.15999997 2.82600000
v -3.70899986 -1.23300000 2.80644006
v -3.70899986 -1.23449994 2.80903802
v -3.70899986 -1.28643994 2.75299982
v -3.70899986 -1.28903790 2.75450006
v -3.70899986 -1.30600003 2.67999994
v -3.70899986 -1.30899991 2.67999994
v -3.70899986 -1.28903790 2.60549982
v -3.70899986 -1.28643994 2.60700006
v -3.70899986 -1.23449994 2.55096201
v -3.70899986 -1.23300000 2.55355997
v -3.70899986 -1.15999997 2.53399988
v -3.70899986 -1.15999997 2.53100000
v -3.70899986 -1.08699995 2.55355997
v -3.70899986 -1.08550001 2.55096201
v -3.70899986 -1.03356000 2.60700006
v -3.70899986 1.28903790 2.60549982
v -3.70899986 1.30899991 2.67999994
v -3.70899986 1.30600003 2.67999994
v -3.70899986 1.28903790 2.75450006
v -3.70899986 1.28643994 2.75299982
v -3.70899986 1.23449994 2.80903802
v -3.70899986 1.23300000 2.80644006
v -3.70899986 1.15999997 2.82899988
v -3.70899986 1.15999997 2.82600000
v -3.70899986 1.08699995 2.80644006
v -3.70899986 1.08550001 2.80903802
v -3.70899986 1.03356000 2.75299982
v -3.70899986 1.03096197 2.75450006
v -3.70899986 1.01399999 2.67999994
v -3.70899986 1.01099996 2.67999994
v -3.70899986 1.03096197 2.60549982
v -3.70899986 1.03356000 2.60700006
v -3.70899986 1.08550001 2.55096201
v -3.70899986 1.08699995 2.55355997
v -3.70899986 1.15999997 2.53399988
v -3.70899986 1.15999997 2.53100000
v -3.70899986 1.23300000 2.55355997
v -3.70899986 1.23449994 2.55096201
v -3.70899986 1.28643994 2.60700006
vt -1.71713996 0.00000000
vt -1.43095005 0.00000000
vt -1.71713996 0.02499997
vt -1.43095005 0.02499997
vt -1.14476001 0.00000000
vt -1.14476001 0.02499997
vt -0.85856998 0.00000000
vt -0.85856998 0.02499997
vt -0.57238001 0.00000000
vt -0.57238001 0.02499997
vt 0.00000000 -9.55616665
vt 0.00000000 -9.63437653
vt 0.02499997 -9.55616665
vt 0.02499997 -9.63437653
vt 0.00000000 -9.71258640
vt 0.02499997 -9.71258640
vt -2.39415097 0.00000000
vt -2.19463897 0.00000000
vt -2.39415097 0.02499997
vt -2.19463897 0.02499997
vt -1.99512601 0.00000000
vt -1.99512601 0.02499997
vt -1.79561305 0.00000000
vt -1.79561305 0.02499997
vt -1.59610105 0.00000000
vt -1.59610105 0.02499997
vt 0.00000000 -6.52979898
vt 0.00000000 -6.60769701
vt 0.02499997 -6.52979898
vt 0.02499997 -6.60769701
vt 0.00000000 -6.68559408
vt 0.02499997 -6.68559408
vt -5.15142107 0.00000000
vt -4.86523104 0.00000000
vt -5.15142107 0.02499997
vt -4.86523104 0.02499997
vt -4.57904100 0.00000000
vt -4.57904100 0.02499997
vt -4.29285097 0.00000000
vt -4.29285097 0.02499997
vt -4.00666094 0.00000000
vt -4.00666094 0.02499997
vt -3.22842789 0.00000000
vt -3.09390998 0.00000000
vt -3.22842789 0.02499997
vt -2.95939207 0.02499997
vt -2.95939207 0.00000000
vt -2.69035602 0.00000000
vt -2.69035602 0.02499997
vt -2.55583906 0.00000000
vt -2.55583906 0.02499997
vt -2.42132092 0.00000000
vt -2.42132092 0.02499997
vt -0.15638299 0.00000000
vt -0.07819098 0.00000000
vt -0.15638299 0.02499997
vt -0.07819098 0.02499997
vt 0.00000000 0.00000000
vt 0.00000000 0.02499997
vt -2.06835008 0.00000000
vt -1.72362494 0.00000000
vt -2.06835008 0.02499997
vt -1.72362494 0.02499997
vt -1.37890005 0.00000000
vt -1.37890005 0.02499997
vt -1.03417504 0.00000000
vt -1.03417504 0.02499997
vt -0.68945003 0.00000000
vt -0.68945003 0.02499997
vt -4.18822098 0.00000000
vt -3.88906193 0.00000000
vt -4.18822098 0.02499997
vt -3.88906193 0.02499997
vt -3.58990407 0.00000000
vt -3.58990407 0.02499997
vt -3.58990407 0.02499997
vt -3.58990407 0.00000000
vt -2.99158597 0.00000000
vt -2.99158597 0.02499997
vt -2.39326906 0.00000000
vt -2.39326906 0.02499997
vt -2.09411001 0.00000000
vt -2.09411001 0.02499997
vt -1.79495203 0.00000000
vt -1.79495203 0.02499997
vt -6.16693687 0.00000000
vt -5.82432890 0.00000000
vt -6.16693687 0.02499997
vt -5.82432890 0.02499997
vt -5.48172188 0.00000000
vt -5.48172188 0.02499997
vt -5.13911390 0.00000000
vt -5.13911390 0.02499997
vt -4.79650688 0.00000000
vt -4.79650688 0.02499997
vt -5.17881823 0.00000000
vt -4.96303415 0.00000000
vt -5.17881823 0.02499997
vt -4.74725008 0.02499997
vt -4.74725008 0.00000000
vt -4.31568098 0.00000000
vt -4.31568098 0.02499997
vt -4.09989691 0.00000000
vt -4.09989691 0.02499997
vt -3.88411307 0.00000000
vt -3.88411307 0.02499997
vt -0.26430601 0.00000000
vt -0.13215300 0.00000000
vt -0.26430601 0.02499997
vt -0.13215300 0.02499997
vt 0.00000000 0.00000000
vt 0.00000000 0.02499997
vt -0.29540601 0.61468202
vt -0.49215800 0.58864200
vt -0.38808599 0.35773799
vt -0.61818898 0.53094900
vt -0.47102499 0.32523501
vt -0.70138901 0.42713800
vt -0.51600701 0.26886901
vt -0.76317400 0.00108796
vt -0.54203200 0.00108796
vt -0.51600701 -0.26775199
vt -0.70138901 -0.42602101
vt -0.47102499 -0.32491899
vt -0.61792099 -0.53063297
vt -0.38808599 -0.35773799
vt -0.49106899 -0.58864200
vt -0.29406801 -0.61466002
vt -0.24011600 -0.37316900
vt 0.00000000 -0.62334299
vt 0.00000000 -0.37832299
vt 0.24011600 -0.37316900
vt 0.29404899 -0.61466002
vt 0.38808599 -0.35773799
vt 0.49109900 -0.58864200
vt 0.61791301 -0.53063297
vt 0.47103500 -0.32491201
vt 0.70138901 -0.42602101
vt 0.51600701 -0.26775199
vt 0.53552598 -0.16584100
vt 0.76317400 0.00108796
vt 0.54203200 0.00108796
vt 0.53552598 0.16778600
vt 0.70138901 0.42713901
vt 0.51600701 0.26886901
vt 0.47102499 0.32523501
vt 0.61817801 0.53094900
vt 0.38808599 0.35773799
vt 0.49215800 0.58864200
vt 0.29539400 0.61468202
vt 0.24011600 0.37320599
vt 0.00000000 0.62334299
vt 0.00000000 0.37835199
vt -0.24011600 0.37320599
vt 0.00000000 0.00000000
vt 1.49157405 0.00000000
vt 0.00000000 0.02499997
vt 1.49157405 0.02499997
vt 0.00000000 0.00000000
vt 0.24497400 0.00000000
vt 0.00000000 0.02499997
vt 0.24497400 0.02499997
vt 0.00000000 0.00000000
vt 1.49157405 0.00000000
vt 0.00000000 0.02499997
vt 1.49157405 0.02499997
vt 0.00000000 0.00000000
vt 0.24497400 0.00000000
vt 0.00000000 0.02499997
vt 0.24497400 0.02499997
vt 0.74578702 -0.12248700
vt 0.74578702 0.12248700
vt -0.74578702 -0.12248700
vt -0.74578702 0.12248700
vt 0.00000000 0.00000000
vt 2.18016195 0.00000000
vt 0.00000000 0.02499997
vt 2.18016195 0.02499997
vt 0.00000000 0.00000000
vt 2.03912401 0.00000000
vt 0.00000000 0.02499997
vt 2.03912401 0.02499997
vt 0.00000000 0.00000000
vt 2.18016195 0.00000000
vt 0.00000000 0.02499997
vt 2.18016195 0.02499997
vt 0.00000000 0.00000000
vt 2.03912401 0.00000000
vt 0.00000000 0.02499997
vt 2.03912401 0.02499997
vt 0.00000000 0.00000000
vt 2.66255307 0.00000000
vt 0.00000000 0.02499997
vt 2.66255307 0.02499997
vt 0.00000000 0.00000000
vt 2.52151489 0.00000000
vt 0.00000000 0.02499997
vt 2.52151489 0.02499997
vt 0.00000000 0.00000000
vt 2.66255903 0.00000000
vt 0.00000000 0.02499997
vt 2.66255903 0.02499997
vt 0.00000000 0.00000000
vt 2.52151489 0.00000000
vt 0.00000000 0.02499997
vt 2.52151489 0.02499997
vt -1.33127904 -1.26075804
vt -1.09008396 -1.01956201
vt -1.33127904 1.26075697
vt -1.09008396 1.01956201
vt 1.09007800 1.01956201
vt 1.09007800 -1.01956201
vt 1.33127904 -1.26075697
vt 1.33127296 1.26075804
vt 0.00000000 0.00000000
vt 0.22765400 0.00000000
vt 0.00000000 0.02499997
vt 0.22765400 0.02499997
vt 0.00000000 0.00000000
vt 1.15120900 0.00000000
vt 0.00000000 0.02499997
vt 1.15120900 0.02499997
vt 0.00000000 0.00000000
vt 0.22765400 0.00000000
vt 0.00000000 0.02499997
vt 0.22765400 0.02499997
vt 0.00000000 0.00000000
vt 0.45313299 0.00000000
vt 0.00000000 0.02499997
vt 0.45313299 0.02499997
vt 0.00000000 0.00000000
vt 1.26391995 0.00000000
vt 0.00000000 0.02499997
vt 1.26391995 0.02499997
vt 0.00000000 0.00000000
vt 0.24497400 0.00000000
vt 0.00000000 0.02499997
vt 0.24497400 0.02499997
vt 0.00000000 0.00000000
vt 1.26391995 0.00000000
vt 0.00000000 0.02499997
vt 1.26391995 0.02499997
vt 0.00000000 0.00000000
vt 0.45310301 0.00000000
vt 0.00000000 0.02499997
vt 0.45310301 0.02499997
vt 0.51813298 0.57560498
vt 0.51813298 0.12250200
vt 0.74578702 0.57560498
vt 0.51813298 -0.12247200
vt 0.74578702 -0.57560498
vt 0.51813298 -0.57560498
vt -0.74578702 0.12250200
vt -0.74578702 -0.12247200
vt 0.00000000 0.00000000
vt 0.22117101 0.00000000
vt 0.00000000 0.02499997
vt 0.22117101 0.02499997
vt 0.00000000 0.00000000
vt 0.75017601 0.00000000
vt 0.00000000 0.02499997
vt 0.75017601 0.02499997
vt 0.00000000 0.00000000
vt 0.40761200 0.00000000
vt 0.00000000 0.02499997
vt 0.40761200 0.02499997
vt 0.00000000 0.00000000
vt 0.64828002 0.00000000
vt 0.00000000 0.02499997
vt 0.64828002 0.02499997
vt 0.00000000 0.00000000
vt 0.22114190 0.00000000
vt 0.00000000 0.02499997
vt 0.22114190 0.02499997
vt 0.00000000 0.00000000
vt 0.64828002 0.00000000
vt 0.00000000 0.02499997
vt 0.64828002 0.02499997
vt 0.00000000 0.00000000
vt 0.42061001 0.00000000
vt 0.00000000 0.02499997
vt 0.42061001 0.02499997
vt 0.00000000 0.00000000
vt 0.75017601 0.00000000
vt 0.00000000 0.02499997
vt 0.75017601 0.02499997
vt 0.00000000 0.00000000
vt 0.22114190 0.00000000
vt 0.00000000 0.02499997
vt 0.22114190 0.02499997
vt 0.00000000 0.00000000
vt 0.99516600 0.00000000
vt 0.00000000 0.02499997
vt 0.99516600 0.02499997
vt 0.00000000 0.00000000
vt 1.49167597 0.00000000
vt 0.00000000 0.02499997
vt 1.49167597 0.02499997
vt 0.00000000 0.00000000
vt 0.99516600 0.00000000
vt 0.00000000 0.02499997
vt 0.99516600 0.02499997
vt 0.52466702 -0.49758300
vt 0.74583799 -0.49758300
vt 0.52466702 0.25259301
vt 0.74583799 0.49758300
vt 0.11705490 0.25259200
vt -0.10408600 0.25259200
vt 0.11705490 -0.39568701
vt -0.10408600 -0.39568800
vt -0.74583799 0.49758300
vt -0.52469701 0.25259200
vt -0.74583799 -0.49758300
vt -0.52469599 -0.49758300
vt 0.00000000 0.00000000
vt 0.38161600 0.00000000
vt 0.00000000 0.02499997
vt 0.38161600 0.02499997
vt 0.00000000 17.37808990
vt 0.00000000 17.18276024
vt 0.02499997 17.37808990
vt 0.02499997 17.18276024
vt -0.32941899 0.00000000
vt -0.24706391 0.00000000
vt -0.32941899 0.02499997
vt -0.24706391 0.02499997
vt -0.16470900 0.00000000
vt -0.16470900 0.02499997
vt -0.08235496 0.00000000
vt -0.08235496 0.02499997
vt 0.00000000 0.00000000
vt 0.00000000 0.02499997
vt -0.28394601 0.00000000
vt -0.23662201 0.00000000
vt -0.28394601 0.02499997
vt -0.23662201 0.02499997
vt -0.18929701 0.00000000
vt -0.18929701 0.02499997
vt 0.00000000 -5.23815107
vt 0.00000000 -5.39308882
vt 0.02499997 -5.23815107
vt 0.02499997 -5.39308882
vt 0.00000000 0.00000000
vt 0.38161600 0.00000000
vt 0.00000000 0.02499997
vt 0.38161600 0.02499997
vt 0.00000000 0.00000000
vt 0.40543601 0.00000000
vt 0.00000000 0.02499997
vt 0.40543601 0.02499997
vt 0.00000000 0.00000000
vt 0.39026201 0.00000000
vt 0.00000000 0.02499997
vt 0.39026201 0.02499997
vt 0.00000000 17.31568909
vt 0.00000000 17.16049957
vt 0.02499997 17.31568909
vt 0.02499997 17.16049957
vt 0.02499997 -9.13679314
vt 0.00000000 -9.13679314
vt 0.02499997 -9.18717861
vt 0.00000000 -9.18717861
vt 0.02499997 -9.23756504
vt 0.00000000 -9.23756504
vt -0.71512198 0.00000000
vt -0.59593499 0.00000000
vt -0.71512198 0.02499997
vt -0.59593499 0.02499997
vt -0.47674799 0.00000000
vt -0.47674799 0.02499997
vt -0.35756099 0.00000000
vt -0.35756099 0.02499997
vt -0.23837391 0.00000000
vt -0.23837391 0.02499997
vt 0.00000000 -9.97099209
vt 0.00000000 -10.07289982
vt 0.02499997 -9.97099209
vt 0.02499997 -10.07289982
vt 0.00000000 -10.17481041
vt 0.02499997 -10.17481041
vt 0.00000000 0.00000000
vt 0.39026201 0.00000000
vt 0.00000000 0.02499997
vt 0.39026201 0.02499997
vt 0.00000000 0.00000000
vt 0.42496201 0.00000000
vt 0.00000000 0.02499997
vt 0.42496201 0.02499997
vt -1.68481195 0.00000000
vt -1.56446803 0.00000000
vt -1.68481195 0.02499997
vt -1.56446803 0.02499997
vt -1.44412506 0.00000000
vt -1.44412506 0.02499997
vt -3.39511108 0.00000000
vt -3.20649290 0.00000000
vt -3.39511108 0.02499997
vt -3.20649290 0.02499997
vt -3.01787591 0.00000000
vt -3.01787591 0.02499997
vt -2.82925892 0.00000000
vt -2.82925892 0.02499997
vt -2.64064193 0.00000000
vt -2.64064193 0.02499997
vt -3.46296692 0.00000000
vt -3.28981805 0.00000000
vt -3.46296692 0.02499997
vt -3.28981805 0.02499997
vt -3.11666989 0.00000000
vt -3.11666989 0.02499997
vt 0.00000000 0.00000000
vt 0.70897597 0.00000000
vt 0.00000000 0.02499997
vt 0.70897597 0.02499997
vt 0.00000000 0.00000000
vt 1.49167597 0.00000000
vt 0.00000000 0.02499997
vt 1.49167597 0.02499997
vt 0.00000000 0.00000000
vt 0.70905298 0.00000000
vt 0.00000000 0.02499997
vt 0.70905298 0.02499997
vt -0.65430498 0.00000000
vt -0.49075800 0.00000000
vt -0.65430498 0.02499997
vt -0.49075800 0.02499997
vt -0.32721099 0.00000000
vt -0.32721099 0.02499997
vt -1.21427906 0.00000000
vt -1.06249404 0.00000000
vt -1.21427906 0.02499997
vt -1.06249404 0.02499997
vt -0.91070902 0.00000000
vt -0.91070902 0.02499997
vt -0.75892401 0.00000000
vt -0.75892401 0.02499997
vt -0.60713899 0.00000000
vt -0.60713899 0.02499997
vt 0.00000000 11.69608021
vt 0.00000000 11.80856991
vt -0.02499997 11.69608021
vt -0.02499997 11.80856991
vt 0.00000000 11.92105961
vt -0.02499997 11.92105961
vt 0.00000000 0.00000000
vt 0.00867498 0.00000000
vt 0.00000000 0.02499997
vt 0.00867498 0.02499997
vt 0.01951199 -0.29595301
vt -0.11356600 -0.18941100
vt 0.01083695 -0.29595301
vt -0.14852101 -0.26666400
vt -0.03362697 -0.42331201
vt -0.21331900 -0.30813500
vt -0.10623300 -0.50627297
vt -0.21086700 -0.55178398
vt -0.31437701 -0.32194901
vt -0.35125300 -0.56696898
vt -0.38756701 -0.31625900
vt -0.51846999 -0.54337800
vt -0.44229800 -0.29918799
vt -0.64285398 -0.47263101
vt -0.72009599 -0.34281701
vt -0.48132700 -0.26857501
vt -0.50734597 -0.22223000
vt 0.06204700 -0.41060001
vt 0.16584100 -0.24931400
vt 0.11923100 -0.05963796
vt -0.10191000 -0.06828296
vt -0.10191000 0.32197899
vt 0.11923100 0.32197899
vt 0.74583799 0.56696898
vt 0.52466702 0.32197899
vt 0.74583799 -0.14208400
vt 0.52466702 -0.05963796
vt 0.50734597 -0.21355399
vt 0.22790900 -0.29240200
vt 0.13331690 -0.48998100
vt 0.32087600 -0.30677500
vt 0.23550300 -0.53633797
vt 0.37075001 -0.55179501
vt 0.39348599 -0.30162099
vt 0.53415102 -0.52765602
vt 0.44662100 -0.28619000
vt 0.65149999 -0.45528099
vt 0.72224897 -0.32875499
vt 0.48347899 -0.25772399
vt -0.74583799 0.56696898
vt -0.52687299 0.32197800
vt -0.74583799 -0.14200690
vt -0.52687299 -0.06828296
vt 0.00000000 0.00000000
vt 0.66999501 0.00000000
vt 0.00000000 0.02499997
vt 0.66999501 0.02499997
vt 0.00000000 0.00000000
vt 0.27785200 0.00000000
vt 0.00000000 0.02499997
vt 0.27785200 0.02499997
vt 0.00000000 0.00000000
vt 0.92106098 0.00000000
vt 0.00000000 0.02499997
vt 0.92106098 0.02499997
vt 0.00000000 0.00000000
vt 0.91249698 0.00000000
vt 0.00000000 0.02499997
vt 0.91249698 0.02499997
vt 0.00000000 0.00000000
vt 0.28653699 0.00000000
vt 0.00000000 0.02499997
vt 0.28653699 0.02499997
vt 0.00000000 0.00000000
vt 1.83858800 0.00000000
vt 0.00000000 0.02499997
vt 1.83858800 0.02499997
vt 0.00000000 0.00000000
vt 0.28653699 0.00000000
vt 0.00000000 0.02499997
vt 0.28653699 0.02499997
vt 0.00000000 0.00000000
vt 0.66997802 0.00000000
vt 0.00000000 0.02499997
vt 0.66997802 0.02499997
vt 0.00000000 0.00000000
vt 0.01737099 0.00000000
vt 0.00000000 0.02499997
vt 0.01737099 0.02499997
vt -0.74674302 0.40592799
vt -0.20405300 0.01301395
vt 0.00216395 0.14759700
vt -0.20405300 -0.00435698
vt 0.74674302 0.38855699
vt -0.74674302 -0.68378001
vt -0.74674302 -0.39724201
vt 0.74674302 0.67509401
vt -0.74674302 0.68378001
vt 0.00000000 0.00000000
vt 0.55103397 0.00000000
vt 0.00000000 0.02499997
vt 0.55103397 0.02499997
vt 0.00000000 0.00000000
vt 0.64495802 0.00000000
vt 0.00000000 0.02499997
vt 0.64495802 0.02499997
vt 0.00000000 0.00000000
vt 0.55302399 0.00000000
vt 0.00000000 0.02499997
vt 0.55302399 0.02499997
vt -1.71922398 0.00000000
vt -1.43268704 0.00000000
vt -1.71922398 0.02499997
vt -1.43268704 0.02499997
vt -1.14614999 0.00000000
vt -1.14614999 0.02499997
vt -0.85961199 0.00000000
vt -0.85961199 0.02499997
vt -0.57307500 0.00000000
vt -0.57307500 0.02499997
vt 0.00000000 -9.56776428
vt 0.00000000 -9.64606762
vt 0.02499997 -9.56776428
vt 0.02499997 -9.64606762
vt 0.00000000 -9.72437191
vt 0.02499997 -9.72437191
vt -2.39705706 0.00000000
vt -2.19730210 0.00000000
vt -2.39705706 0.02499997
vt -2.19730210 0.02499997
vt -1.99754703 0.00000000
vt -1.99754703 0.02499997
vt -1.79779196 0.00000000
vt -1.79779196 0.02499997
vt -1.59803796 0.00000000
vt -1.59803796 0.02499997
vt 0.00000000 -6.53772211
vt 0.00000000 -6.61571503
vt 0.02499997 -6.53772211
vt 0.02499997 -6.61571503
vt 0.00000000 -6.69370699
vt 0.02499997 -6.69370699
vt -5.15767288 0.00000000
vt -4.87113523 0.00000000
vt -5.15767288 0.02499997
vt -4.87113523 0.02499997
vt -4.58459806 0.00000000
vt -4.58459806 0.02499997
vt -4.29806089 0.00000000
vt -4.29806089 0.02499997
vt -4.01152277 0.00000000
vt -4.01152277 0.02499997
vt -3.23234606 0.00000000
vt -3.09766412 0.00000000
vt -3.23234606 0.02499997
vt -2.96298289 0.02499997
vt -2.96298289 0.00000000
vt -2.69362092 0.00000000
vt -2.69362092 0.02499997
vt -2.55893993 0.00000000
vt -2.55893993 0.02499997
vt -2.42425895 0.00000000
vt -2.42425895 0.02499997
vt -0.15657289 0.00000000
vt -0.07828599 0.00000000
vt -0.15657289 0.02499997
vt -0.07828599 0.02499997
vt 0.00000000 0.00000000
vt 0.00000000 0.02499997
vt -2.07085896 0.00000000
vt -1.72571599 0.00000000
vt -2.07085896 0.02499997
vt -1.72571599 0.02499997
vt -1.38057303 0.00000000
vt -1.38057303 0.02499997
vt -1.03542995 0.00000000
vt -1.03542995 0.02499997
vt -0.69028699 0.00000000
vt -0.69028699 0.02499997
vt -4.19330311 0.00000000
vt -3.89378095 0.00000000
vt -4.19330311 0.02499997
vt -3.89378095 0.02499997
vt -3.59425998 0.00000000
vt -3.59425998 0.00000000
vt -3.59425998 0.02499997
vt -3.59425998 0.02499997
vt -2.99521708 0.00000000
vt -2.99521708 0.02499997
vt -2.39617300 0.00000000
vt -2.39617300 0.02499997
vt -2.09665203 0.00000000
vt -2.09665203 0.02499997
vt -1.79712999 0.00000000
vt -1.79712999 0.02499997
vt -6.17442083 0.00000000
vt -5.83139801 0.00000000
vt -6.17442083 0.02499997
vt -5.83139801 0.02499997
vt -5.48837423 0.00000000
vt -5.48837423 0.02499997
vt -5.14535093 0.00000000
vt -5.14535093 0.02499997
vt -4.80232811 0.00000000
vt -4.80232811 0.02499997
vt -5.18510199 0.00000000
vt -4.96905708 0.00000000
vt -5.18510199 0.02499997
vt -4.75300980 0.02499997
vt -4.75300980 0.00000000
vt -4.32091904 0.00000000
vt -4.32091904 0.02499997
vt -4.10487318 0.00000000
vt -4.10487318 0.02499997
vt -3.88882709 0.00000000
vt -3.88882709 0.02499997
vt -0.26462701 0.00000000
vt -0.13231300 0.00000000
vt -0.26462701 0.02499997
vt -0.13231300 0.02499997
vt 0.00000000 0.00000000
vt 0.00000000 0.02499997
vt -0.29576400 0.61542797
vt -0.49275500 0.58935702
vt -0.38855699 0.35817200
vt -0.61893898 0.53159302
vt -0.47159600 0.32563001
vt -0.70223999 0.42765701
vt -0.51663297 0.26919499
vt -0.76410002 0.00108898
vt -0.54268998 0.00108898
vt -0.51663297 -0.26807699
vt -0.70223999 -0.42653799
vt -0.47159600 -0.32531399
vt -0.61867100 -0.53127700
vt -0.38855699 -0.35817200
vt -0.49166501 -0.58935702
vt -0.29442400 -0.61540598
vt -0.24040800 -0.37362200
vt 0.00000000 -0.62409902
vt 0.00000000 -0.37878200
vt 0.24040800 -0.37362200
vt 0.29440600 -0.61540598
vt 0.38855699 -0.35817200
vt 0.49169499 -0.58935702
vt 0.61866301 -0.53127700
vt 0.47160599 -0.32530701
vt 0.70223999 -0.42653799
vt 0.51663297 -0.26807699
vt 0.53617603 -0.16604300
vt 0.76410002 0.00108999
vt 0.54268998 0.00108999
vt 0.53617603 0.16799000
vt 0.70223999 0.42765701
vt 0.51663297 0.26919600
vt 0.47159699 0.32563001
vt 0.61892802 0.53159398
vt 0.38855699 0.35817200
vt 0.49275500 0.58935702
vt 0.29575300 0.61542797
vt 0.24040800 0.37365901
vt 0.00000000 0.62409902
vt 0.00000000 0.37881100
vt -0.24040800 0.37365901
vt 0.00000000 0.00000000
vt 1.49167597 0.00000000
vt 0.00000000 0.02499997
vt 1.49167597 0.02499997
vt 0.00000000 0.00000000
vt 0.25366601 0.00000000
vt 0.00000000 0.02499997
vt 0.25366601 0.02499997
vt 0.00000000 0.00000000
vt 1.21895599 0.00000000
vt 0.00000000 0.02499997
vt 1.21895599 0.02499997
vt 0.00000000 0.00000000
vt 0.00870496 0.00000000
vt 0.00000000 0.02499997
vt 0.00870496 0.02499997
vt 0.00000000 0.00000000
vt 1.00819397 0.00000000
vt 0.00000000 0.02499997
vt 1.00819397 0.02499997
vt 0.00000000 0.00000000
vt 0.23413900 0.00000000
vt 0.00000000 0.02499997
vt 0.23413900 0.02499997
vt 0.00000000 0.00000000
vt 1.49167597 0.00000000
vt 0.00000000 0.02499997
vt 1.49167597 0.02499997
vt 0.00000000 0.00000000
vt 0.23413900 0.00000000
vt 0.00000000 0.02499997
vt 0.23413900 0.02499997
vt 0.00000000 0.00000000
vt 1.26041496 0.00000000
vt 0.00000000 0.02499997
vt 1.26041496 0.02499997
vt 0.00000000 0.00000000
vt 0.00867498 0.00000000
vt 0.00000000 0.02499997
vt 0.00867498 0.02499997
vt 0.00000000 0.00000000
vt 1.04504097 0.00000000
vt 0.00000000 0.02499997
vt 1.04504097 0.02499997
vt 0.00000000 0.00000000
vt 0.23416901 0.00000000
vt 0.00000000 0.02499997
vt 0.23416901 0.02499997
vt -0.74583799 0.35664901
vt 0.29920301 0.35664999
vt -0.74583799 0.59081799
vt 0.74583799 0.59081900
vt 0.74583799 0.33715299
vt 0.29920301 0.34797400
vt -0.26235601 -0.34797400
vt -0.74583799 -0.35667899
vt -0.26235601 -0.35667899
vt -0.74583799 -0.59081900
vt 0.74583799 -0.59081799
vt 0.74583799 -0.35667899
vt 0.00000000 0.00000000
vt 2.18095589 0.00000000
vt 0.00000000 0.02499997
vt 2.18095589 0.02499997
vt 0.00000000 0.00000000
vt 2.55900311 0.00000000
vt 0.00000000 0.02499997
vt 2.55900311 0.02499997
vt 0.00000000 0.00000000
vt 2.19711089 0.00000000
vt 0.00000000 0.02499997
vt 2.19711089 0.02499997
vt 0.00000000 0.00000000
vt 3.61868405 0.00000000
vt 0.00000000 0.02499997
vt 3.61868405 0.02499997
vt 0.00000000 0.00000000
vt 1.13867998 0.00000000
vt 0.00000000 0.02499997
vt 1.13867998 0.02499997
vt 0.00000000 0.00000000
vt 7.30041599 0.00000000
vt 0.00000000 0.02499997
vt 7.30041599 0.02499997
vt 0.00000000 0.00000000
vt 1.13658798 0.00000000
vt 0.00000000 0.02499997
vt 1.13658798 0.02499997
vt 0.00000000 0.00000000
vt 2.66100597 0.00000000
vt 0.00000000 0.02499997
vt 2.66100597 0.02499997
vt 0.00000000 0.00000000
vt 0.07312399 0.00000000
vt 0.00000000 0.02499997
vt 0.07312399 0.02499997
vt 0.00000000 0.00000000
vt 2.66053510 0.00000000
vt 0.00000000 0.02499997
vt 2.66053510 0.02499997
vt 0.00000000 0.00000000
vt 1.10185504 0.00000000
vt 0.00000000 0.02499997
vt 1.10185504 0.02499997
vt 0.00000000 0.00000000
vt 3.65940809 0.00000000
vt 0.00000000 0.02499997
vt 3.65940809 0.02499997
vt 0.10374000 0.00000000
vt 0.11670800 0.00000000
vt 0.10374000 0.02499997
vt 0.11670800 0.02499997
vt 0.12967500 0.00000000
vt 0.12967500 0.02499997
vt 0.15561000 0.00000000
vt 0.15561000 0.02499997
vt 0.20748000 0.00000000
vt 0.20748000 0.02499997
vt 0.31121999 0.00000000
vt 0.31121999 0.02499997
vt 0.51870102 0.00000000
vt 0.51870102 0.02499997
vt 0.93366098 0.00000000
vt 0.93366098 0.02499997
vt 1.34862196 0.00000000
vt 1.34862196 0.02499997
vt 1.55610204 0.00000000
vt 1.55610204 0.02499997
vt 1.76358199 0.00000000
vt 1.76358199 0.02499997
vt 2.17854309 0.00000000
vt 2.17854309 0.02499997
vt 2.38602304 0.00000000
vt 2.38602304 0.02499997
vt 2.59350300 0.00000000
vt 2.59350300 0.02499997
vt 2.80098391 0.00000000
vt 2.80098391 0.02499997
vt 3.00846410 0.00000000
vt 3.00846410 0.02499997
vt 3.21594405 0.00000000
vt 3.21594405 0.02499997
vt 3.31968403 0.00000000
vt 3.31968403 0.02499997
vt 3.37155390 0.00000000
vt 3.37155390 0.02499997
vt 3.38452196 0.00000000
vt 3.38452196 0.02499997
vt 3.39748907 0.00000000
vt 3.39748907 0.02499997
vt 3.41045690 0.00000000
vt 3.41045690 0.02499997
vt 3.42342401 0.00000000
vt 3.42342401 0.02499997
vt 0.00000000 0.00000000
vt 1.95218205 0.00000000
vt 0.00000000 0.02499997
vt 1.95218205 0.02499997
vt 0.00000000 0.00000000
vt 0.39983001 0.00000000
vt 0.00000000 0.02499997
vt 0.39983001 0.02499997
vt 0.79966098 0.00000000
vt 0.79966098 0.02499997
vt 1.59932101 0.00000000
vt 1.59932101 0.02499997
vt 1.99915195 0.00000000
vt 1.99915195 0.02499997
vt 2.39898205 0.00000000
vt 2.39898205 0.02499997
vt 3.19864202 0.00000000
vt 3.19864202 0.02499997
vt 3.99830294 0.00000000
vt 3.99830294 0.02499997
vt 4.39813280 0.00000000
vt 4.39813280 0.02499997
vt 4.79796410 0.00000000
vt 4.79796410 0.02499997
vt 6.39728498 0.00000000
vt 6.39728498 0.02499997
vt 0.00000000 0.00000000
vt 2.55652499 0.00000000
vt 0.00000000 0.02499997
vt 2.55652499 0.02499997
vt 0.00000000 0.00000000
vt 1.03278100 0.00000000
vt 0.00000000 0.02499997
vt 1.03278100 0.02499997
vt 0.00000000 0.00000000
vt 2.40852499 0.00000000
vt 0.00000000 0.02499997
vt 2.40852499 0.02499997
vt 0.00000000 0.00000000
vt 1.69186199 0.00000000
vt 0.00000000 0.02499997
vt 1.69186199 0.02499997
vt 0.00000000 0.00000000
vt 2.24078488 0.00000000
vt 0.00000000 0.02499997
vt 2.24078488 0.02499997
vt 0.00000000 0.00000000
vt 0.97132403 0.00000000
vt 0.00000000 0.02499997
vt 0.97132403 0.02499997
vt 0.00000000 0.00000000
vt 5.92261314 0.00000000
vt 0.00000000 0.02499997
vt 5.92261314 0.02499997
vt 0.00000000 0.00000000
vt 2.88315201 0.00000000
vt 0.00000000 0.02499997
vt 2.88315201 0.02499997
vt 0.00000000 0.00000000
vt 0.66843498 0.00000000
vt 0.00000000 0.02499997
vt 0.66843498 0.02499997
vt 1.00265205 0.00000000
vt 1.00265205 0.02499997
vt 1.33686900 0.00000000
vt 1.33686900 0.02499997
vt 1.67108703 0.00000000
vt 1.67108703 0.02499997
vt 2.00530410 0.00000000
vt 2.00530410 0.02499997
vt 2.67373896 0.00000000
vt 2.67373896 0.02499997
vt 3.34217405 0.00000000
vt 3.34217405 0.02499997
vt 4.01060915 0.00000000
vt 4.01060915 0.02499997
vt 4.67904282 0.00000000
vt 4.67904282 0.02499997
vt 5.01325989 0.00000000
vt 5.01325989 0.02499997
vt 5.34747791 0.00000000
vt 5.34747791 0.02499997
vt 6.01591301 0.00000000
vt 6.01591301 0.02499997
vt 6.68434715 0.00000000
vt 6.68434715 0.02499997
vt 7.01856518 0.00000000
vt 7.01856518 0.02499997
vt 7.35278177 0.00000000
vt 7.35278177 0.02499997
vt 7.68699884 0.00000000
vt 7.68699884 0.02499997
vt 8.02121830 0.00000000
vt 8.02121830 0.02499997
vt 8.68965054 0.00000000
vt 8.68965054 0.02499997
vt 9.35808659 0.00000000
vt 9.35808659 0.02499997
vt 9.69230366 0.00000000
vt 9.69230366 0.02499997
vt 10.02651978 0.00000000
vt 10.02651978 0.02499997
vt 10.69495964 0.00000000
vt 10.69495964 0.02499997
vt 0.18831500 0.00000000
vt 0.70618302 0.00000000
vt 0.18831500 0.02499997
vt 0.70618302 0.02499997
vt 1.22405005 0.00000000
vt 1.22405005 0.02499997
vt 2.25978494 0.00000000
vt 2.25978494 0.02499997
vt 3.29552007 0.00000000
vt 3.29552007 0.02499997
vt 4.33125496 0.00000000
vt 4.33125496 0.02499997
vt 4.59018898 0.00000000
vt 4.59018898 0.02499997
vt 4.84912300 0.00000000
vt 4.84912300 0.02499997
vt 5.10805607 0.00000000
vt 5.10805607 0.02499997
vt 5.36699009 0.00000000
vt 5.36699009 0.02499997
vt 6.40272522 0.00000000
vt 6.40272522 0.02499997
vt 6.92059183 0.00000000
vt 6.92059183 0.02499997
vt 7.43845987 0.00000000
vt 7.43845987 0.02499997
vt 8.47419453 0.00000000
vt 8.47419453 0.02499997
vt 0.07884097 0.00000000
vt 0.34985799 0.00000000
vt 0.07884097 0.02499997
vt 0.34985799 0.02499997
vt 0.48536700 0.00000000
vt 0.48536700 0.02499997
vt 0.62087500 0.00000000
vt 0.62087500 0.02499997
vt 0.89189202 0.00000000
vt 0.89189202 0.02499997
vt 1.02740097 0.00000000
vt 1.02740097 0.02499997
vt 1.16290903 0.00000000
vt 1.16290903 0.02499997
vt 1.70494294 0.00000000
vt 1.70494294 0.02499997
vt 1.97596002 0.00000000
vt 1.97596002 0.02499997
vt 2.24697709 0.00000000
vt 2.24697709 0.02499997
vt 2.38248610 0.00000000
vt 2.38248610 0.02499997
vt 2.51799393 0.00000000
vt 2.51799393 0.02499997
vt 2.78901100 0.00000000
vt 2.78901100 0.02499997
vt 3.06002808 0.00000000
vt 3.06002808 0.02499997
vt 3.19553709 0.00000000
vt 3.19553709 0.02499997
vt 3.33104491 0.00000000
vt 3.33104491 0.02499997
vt 3.46655393 0.00000000
vt 3.46655393 0.02499997
vt 3.60206199 0.00000000
vt 3.60206199 0.02499997
vt 3.87307906 0.00000000
vt 3.87307906 0.02499997
vt 4.14409590 0.00000000
vt 4.14409590 0.02499997
vt 4.27960396 0.00000000
vt 4.27960396 0.02499997
vt 4.34735918 0.00000000
vt 4.34735918 0.02499997
vt 4.38123608 0.00000000
vt 4.38123608 0.02499997
vt 4.39817476 0.00000000
vt 4.39817476 0.02499997
vt 4.41511297 0.00000000
vt 4.41511297 0.02499997
vt 0.00000000 0.00000000
vt 2.18095589 0.00000000
vt 0.00000000 0.02499997
vt 2.18095589 0.02499997
vt 0.00000000 0.00000000
vt 2.55900311 0.00000000
vt 0.00000000 0.02499997
vt 2.55900311 0.02499997
vt 0.00000000 0.00000000
vt 2.19711089 0.00000000
vt 0.00000000 0.02499997
vt 2.19711089 0.02499997
vt 0.00000000 0.00000000
vt 3.61868405 0.00000000
vt 0.00000000 0.02499997
vt 3.61868405 0.02499997
vt 0.00000000 0.00000000
vt 1.13867998 0.00000000
vt 0.00000000 0.02499997
vt 1.13867998 0.02499997
vt 0.00000000 0.00000000
vt 7.30041599 0.00000000
vt 0.00000000 0.02499997
vt 7.30041599 0.02499997
vt 0.00000000 0.00000000
vt 1.13658798 0.00000000
vt 0.00000000 0.02499997
vt 1.13658798 0.02499997
vt 0.00000000 0.00000000
vt 2.66100597 0.00000000
vt 0.00000000 0.02499997
vt 2.66100597 0.02499997
vt 0.00000000 0.00000000
vt 0.07312399 0.00000000
vt 0.00000000 0.02499997
vt 0.07312399 0.02499997
vt 0.00000000 0.00000000
vt 2.66053510 0.00000000
vt 0.00000000 0.02499997
vt 2.66053510 0.02499997
vt 0.00000000 0.00000000
vt 1.10185504 0.00000000
vt 0.00000000 0.02499997
vt 1.10185504 0.02499997
vt 0.00000000 0.00000000
vt 3.65940809 0.00000000
vt 0.00000000 0.02499997
vt 3.65940809 0.02499997
vt 0.10374000 0.00000000
vt 0.11670800 0.00000000
vt 0.10374000 0.02499997
vt 0.11670800 0.02499997
vt 0.12967500 0.00000000
vt 0.12967500 0.02499997
vt 0.15561000 0.00000000
vt 0.15561000 0.02499997
vt 0.20748000 0.00000000
vt 0.20748000 0.02499997
vt 0.31121999 0.00000000
vt 0.31121999 0.02499997
vt 0.51870102 0.00000000
vt 0.51870102 0.02499997
vt 0.93366098 0.00000000
vt 0.93366098 0.02499997
vt 1.34862196 0.00000000
vt 1.34862196 0.02499997
vt 1.55610204 0.00000000
vt 1.55610204 0.02499997
vt 1.76358199 0.00000000
vt 1.76358199 0.02499997
vt 2.17854309 0.00000000
vt 2.17854309 0.02499997
vt 2.38602304 0.00000000
vt 2.38602304 0.02499997
vt 2.59350300 0.00000000
vt 2.59350300 0.02499997
vt 2.80098391 0.00000000
vt 2.80098391 0.02499997
vt 3.00846410 0.00000000
vt 3.00846410 0.02499997
vt 3.21594405 0.00000000
vt 3.21594405 0.02499997
vt 3.31968403 0.00000000
vt 3.31968403 0.02499997
vt 3.37155390 0.00000000
vt 3.37155390 0.02499997
vt 3.38452196 0.00000000
vt 3.38452196 0.02499997
vt 3.39748907 0.00000000
vt 3.39748907 0.02499997
vt 3.41045690 0.00000000
vt 3.41045690 0.02499997
vt 3.42342401 0.00000000
vt 3.42342401 0.02499997
vt 0.00000000 0.00000000
vt 1.95218205 0.00000000
vt 0.00000000 0.02499997
vt 1.95218205 0.02499997
vt 0.00000000 0.00000000
vt 0.39983001 0.00000000
vt 0.00000000 0.02499997
vt 0.39983001 0.02499997
vt 0.79966098 0.00000000
vt 0.79966098 0.02499997
vt 1.59932101 0.00000000
vt 1.59932101 0.02499997
vt 1.99915195 0.00000000
vt 1.99915195 0.02499997
vt 2.39898205 0.00000000
vt 2.39898205 0.02499997
vt 3.19864202 0.00000000
vt 3.19864202 0.02499997
vt 3.99830294 0.00000000
vt 3.99830294 0.02499997
vt 4.39813280 0.00000000
vt 4.39813280 0.02499997
vt 4.79796410 0.00000000
vt 4.79796410 0.02499997
vt 6.39728498 0.00000000
vt 6.39728498 0.02499997
vt 0.00000000 0.00000000
vt 2.55652499 0.00000000
vt 0.00000000 0.02499997
vt 2.55652499 0.02499997
vt 0.00000000 0.00000000
vt 1.03278100 0.00000000
vt 0.00000000 0.02499997
vt 1.03278100 0.02499997
vt 0.00000000 0.00000000
vt 2.40852499 0.00000000
vt 0.00000000 0.02499997
vt 2.40852499 0.02499997
vt 0.00000000 0.00000000
vt 1.69186199 0.00000000
vt 0.00000000 0.02499997
vt 1.69186199 0.02499997
vt 0.00000000 0.00000000
vt 2.24078488 0.00000000
vt 0.00000000 0.02499997
vt 2.24078488 0.02499997
vt 0.00000000 0.00000000
vt 0.97132403 0.00000000
vt 0.00000000 0.02499997
vt 0.97132403 0.02499997
vt 0.00000000 0.00000000
vt 5.92261314 0.00000000
vt 0.00000000 0.02499997
vt 5.92261314 0.02499997
vt 0.00000000 0.00000000
vt 2.88315201 0.00000000
vt 0.00000000 0.02499997
vt 2.88315201 0.02499997
vt 0.00000000 0.00000000
vt 0.66843498 0.00000000
vt 0.00000000 0.02499997
vt 0.66843498 0.02499997
vt 1.00265205 0.00000000
vt 1.00265205 0.02499997
vt 1.33686900 0.00000000
vt 1.33686900 0.02499997
vt 1.67108703 0.00000000
vt 1.67108703 0.02499997
vt 2.00530410 0.00000000
vt 2.00530410 0.02499997
vt 2.67373896 0.00000000
vt 2.67373896 0.02499997
vt 3.34217405 0.00000000
vt 3.34217405 0.02499997
vt 4.01060915 0.00000000
vt 4.01060915 0.02499997
vt 4.67904282 0.00000000
vt 4.67904282 0.02499997
vt 5.01325989 0.00000000
vt 5.01325989 0.02499997
vt 5.34747791 0.00000000
vt 5.34747791 0.02499997
vt 6.01591301 0.00000000
vt 6.01591301 0.02499997
vt 6.68434715 0.00000000
vt 6.68434715 0.02499997
vt 7.01856518 0.00000000
vt 7.01856518 0.02499997
vt 7.35278177 0.00000000
vt 7.35278177 0.02499997
vt 7.68699884 0.00000000
vt 7.68699884 0.02499997
vt 8.02121830 0.00000000
vt 8.02121830 0.02499997
vt 8.68965054 0.00000000
vt 8.68965054 0.02499997
vt 9.35808659 0.00000000
vt 9.35808659 0.02499997
vt 9.69230366 0.00000000
vt 9.69230366 0.02499997
vt 10.02651978 0.00000000
vt 10.02651978 0.02499997
vt 10.69495964 0.00000000
vt 10.69495964 0.02499997
vt 0.18831500 0.00000000
vt 0.70618302 0.00000000
vt 0.18831500 0.02499997
vt 0.70618302 0.02499997
vt 1.22405005 0.00000000
vt 1.22405005 0.02499997
vt 2.25978494 0.00000000
vt 2.25978494 0.02499997
vt 3.29552007 0.00000000
vt 3.29552007 0.02499997
vt 4.33125496 0.00000000
vt 4.33125496 0.02499997
vt 4.59018898 0.00000000
vt 4.59018898 0.02499997
vt 4.84912300 0.00000000
vt 4.84912300 0.02499997
vt 5.10805607 0.00000000
vt 5.10805607 0.02499997
vt 5.36699009 0.00000000
vt 5.36699009 0.02499997
vt 6.40272522 0.00000000
vt 6.40272522 0.02499997
vt 6.92059183 0.00000000
vt 6.92059183 0.02499997
vt 7.43845987 0.00000000
vt 7.43845987 0.02499997
vt 8.47419453 0.00000000
vt 8.47419453 0.02499997
vt 0.07884097 0.00000000
vt 0.34985799 0.00000000
vt 0.07884097 0.02499997
vt 0.34985799 0.02499997
vt 0.48536700 0.00000000
vt 0.48536700 0.02499997
vt 0.62087500 0.00000000
vt 0.62087500 0.02499997
vt 0.89189202 0.00000000
vt 0.89189202 0.02499997
vt 1.02740097 0.00000000
vt 1.02740097 0.02499997
vt 1.16290903 0.00000000
vt 1.16290903 0.02499997
vt 1.70494294 0.00000000
vt 1.70494294 0.02499997
vt 1.97596002 0.00000000
vt 1.97596002 0.02499997
vt 2.24697709 0.00000000
vt 2.24697709 0.02499997
vt 2.38248610 0.00000000
vt 2.38248610 0.02499997
vt 2.51799393 0.00000000
vt 2.51799393 0.02499997
vt 2.78901100 0.00000000
vt 2.78901100 0.02499997
vt 3.06002808 0.00000000
vt 3.06002808 0.02499997
vt 3.19553709 0.00000000
vt 3.19553709 0.02499997
vt 3.33104491 0.00000000
vt 3.33104491 0.02499997
vt 3.46655393 0.00000000
vt 3.46655393 0.02499997
vt 3.60206199 0.00000000
vt 3.60206199 0.02499997
vt 3.87307906 0.00000000
vt 3.87307906 0.02499997
vt 4.14409590 0.00000000
vt 4.14409590 0.02499997
vt 4.27960396 0.00000000
vt 4.27960396 0.02499997
vt 4.34735918 0.00000000
vt 4.34735918 0.02499997
vt 4.38123608 0.00000000
vt 4.38123608 0.02499997
vt 4.39817476 0.00000000
vt 4.39817476 0.02499997
vt 4.41511297 0.00000000
vt 4.41511297 0.02499997
vt 0.00000000 0.00000000
vt 2.26283002 0.00000000
vt 0.00000000 0.00999999
vt 2.26283002 0.00999999
vt 0.00000000 0.00000000
vt 0.93420500 0.00000000
vt 0.00000000 0.00999999
vt 0.93420500 0.00999999
vt 0.00000000 0.00000000
vt 3.10727596 0.00000000
vt 0.00000000 0.00999999
vt 3.10727596 0.00999999
vt 0.00000000 0.00000000
vt 3.07360101 0.00000000
vt 0.00000000 0.00999999
vt 3.07360101 0.00999999
vt 0.00000000 0.00000000
vt 0.97106701 0.00000000
vt 0.00000000 0.00999999
vt 0.97106701 0.00999999
vt 0.00000000 0.00000000
vt 6.20122004 0.00000000
vt 0.00000000 0.00999999
vt 6.20122004 0.00999999
vt 0.00000000 0.00000000
vt 0.98121399 0.00000000
vt 0.00000000 0.00999999
vt 0.98121399 0.00999999
vt 0.00000000 0.00000000
vt 2.25601912 0.00000000
vt 0.00000000 0.00999999
vt 2.25601912 0.00999999
vt 0.00000000 0.00000000
vt 0.05977296 0.00000000
vt 0.00000000 0.00999999
vt 0.05977296 0.00999999
vt 2.51784992 -1.37579501
vt 0.68585002 -0.04757297
vt -0.00999999 -0.50303000
vt 0.68585002 0.01219999
vt -2.51784992 -1.30895805
vt 2.51784992 2.30999994
vt 2.51784992 1.32878602
vt -2.51784992 -2.28002501
vt 2.51784992 -2.30999994
vt 0.00000000 0.00000000
vt 2.16676593 0.00000000
vt 0.00000000 0.00999999
vt 2.16676593 0.00999999
vt 0.00000000 0.00000000
vt 1.85382998 0.00000000
vt 0.00000000 0.00999999
vt 1.85382998 0.00999999
vt 0.00000000 0.00000000
vt 1.84825003 0.00000000
vt 0.00000000 0.00999999
vt 1.84825003 0.00999999
vt 0.00000000 0.00000000
vt 7.35570002 0.00000000
vt 0.00000000 0.00999999
vt 7.35570002 0.00999999
vt 0.00000000 0.00000000
vt 6.88000011 0.00000000
vt 0.00000000 0.00999999
vt 6.88000011 0.00999999
vt 0.00000000 0.00000000
vt 7.35570002 0.00000000
vt 0.00000000 0.00999999
vt 7.35570002 0.00999999
vt 0.00000000 0.00000000
vt 6.88000011 0.00000000
vt 0.00000000 0.00999999
vt 6.88000011 0.00999999
vt 0.00000000 0.00000000
vt 8.50000000 0.00000000
vt 0.00000000 0.00999999
vt 8.50000000 0.00999999
vt 0.00000000 0.00000000
vt 8.97570133 0.00000000
vt 0.00000000 0.00999999
vt 8.97570133 0.00999999
vt 0.00000000 0.00000000
vt 8.50000000 0.00000000
vt 0.00000000 0.00999999
vt 8.50000000 0.00999999
vt 0.00000000 0.00000000
vt 8.97570133 0.00000000
vt 0.00000000 0.00999999
vt 8.97570133 0.00999999
vt 4.48785019 -4.25000000
vt 4.48785019 4.25000000
vt 3.67785001 3.44000006
vt -4.48785019 4.25000000
vt -3.67785001 3.44000006
vt -4.48785019 -4.25000000
vt -3.67785001 -3.44000006
vt 3.67785001 -3.44000006
vt 0.00000000 0.00000000
vt 2.26283002 0.00000000
vt 0.00000000 0.00999999
vt 2.26283002 0.00999999
vt 0.00000000 0.00000000
vt 0.93420500 0.00000000
vt 0.00000000 0.00999999
vt 0.93420500 0.00999999
vt 0.00000000 0.00000000
vt 3.10727596 0.00000000
vt 0.00000000 0.00999999
vt 3.10727596 0.00999999
vt 0.00000000 0.00000000
vt 3.07360101 0.00000000
vt 0.00000000 0.00999999
vt 3.07360101 0.00999999
vt 0.00000000 0.00000000
vt 0.97106701 0.00000000
vt 0.00000000 0.00999999
vt 0.97106701 0.00999999
vt 0.00000000 0.00000000
vt 6.20122004 0.00000000
vt 0.00000000 0.00999999
vt 6.20122004 0.00999999
vt 0.00000000 0.00000000
vt 0.98121399 0.00000000
vt 0.00000000 0.00999999
vt 0.98121399 0.00999999
vt 0.00000000 0.00000000
vt 2.25601912 0.00000000
vt 0.00000000 0.00999999
vt 2.25601912 0.00999999
vt 0.00000000 0.00000000
vt 0.05977296 0.00000000
vt 0.00000000 0.00999999
vt 0.05977296 0.00999999
vt 2.51784992 -1.37579501
vt 0.68585002 -0.04757297
vt -0.00999999 -0.50303000
vt 0.68585002 0.01219999
vt -2.51784992 -1.30895805
vt 2.51784992 2.30999994
vt 2.51784992 1.32878602
vt -2.51784992 -2.28002501
vt 2.51784992 -2.30999994
vt 0.00000000 0.00000000
vt 2.16676593 0.00000000
vt 0.00000000 0.00999999
vt 2.16676593 0.00999999
vt 0.00000000 0.00000000
vt 1.85382998 0.00000000
vt 0.00000000 0.00999999
vt 1.85382998 0.00999999
vt 0.00000000 0.00000000
vt 1.84825003 0.00000000
vt 0.00000000 0.00999999
vt 1.84825003 0.00999999
vt 0.00000000 0.00000000
vt 7.35570002 0.00000000
vt 0.00000000 0.00999999
vt 7.35570002 0.00999999
vt 0.00000000 0.00000000
vt 6.88000011 0.00000000
vt 0.00000000 0.00999999
vt 6.88000011 0.00999999
vt 0.00000000 0.00000000
vt 7.35570002 0.00000000
vt 0.00000000 0.00999999
vt 7.35570002 0.00999999
vt 0.00000000 0.00000000
vt 6.88000011 0.00000000
vt 0.00000000 0.00999999
vt 6.88000011 0.00999999
vt 0.00000000 0.00000000
vt 8.50000000 0.00000000
vt 0.00000000 0.00999999
vt 8.50000000 0.00999999
vt 0.00000000 0.00000000
vt 8.97570133 0.00000000
vt 0.00000000 0.00999999
vt 8.97570133 0.00999999
vt 0.00000000 0.00000000
vt 8.50000000 0.00000000
vt 0.00000000 0.00999999
vt 8.50000000 0.00999999
vt 0.00000000 0.00000000
vt 8.97570133 0.00000000
vt 0.00000000 0.00999999
vt 8.97570133 0.00999999
vt 4.48785019 -4.25000000
vt 4.48785019 4.25000000
vt 3.67785001 3.44000006
vt -4.48785019 4.25000000
vt -3.67785001 3.44000006
vt -4.48785019 -4.25000000
vt -3.67785001 -3.44000006
vt 3.67785001 -3.44000006
vt 0.02499997 0.71209401
vt -0.02499997 0.00000000
vt 0.02499997 0.00000000
vt -0.02499997 -0.71209401
vt 0.02499997 -0.71209401
vt -0.02499997 -1.42418897
vt 0.02499997 -1.42418897
vt -0.02499997 -2.13628292
vt 0.02499997 -2.13628292
vt -0.02499997 -2.84837699
vt 0.02499997 -2.84837699
vt -0.02499997 -3.56047201
vt 0.02499997 -3.56047201
vt 0.02499997 -4.27256584
vt -0.02499997 -4.27256584
vt 0.02499997 4.27256584
vt -0.02499997 4.27256584
vt 0.02499997 3.56047201
vt -0.02499997 3.56047201
vt -0.02499997 2.84837699
vt -0.02499997 0.71209401
vt 0.02499997 1.42418897
vt -0.02499997 1.42418897
vt 0.02499997 2.13628292
vt -0.02499997 2.13628292
vt 0.02499997 2.84837699
vt 0.68000001 -0.22220500
vt 0.69999999 -0.18756400
vt 0.00000000 -0.03999996
vt 0.00000000 0.00000000
vt -0.69999999 -0.18756400
vt 1.21243596 -0.69999999
vt 1.17779505 -0.72000003
vt 1.39999998 -1.39999998
vt 1.36000001 -1.39999998
vt 1.21243596 -2.09999990
vt 1.17779505 -2.07999992
vt 0.68000001 -2.57779503
vt 0.69999999 -2.61243606
vt 0.00000000 -2.75999999
vt 0.00000000 -2.79999995
vt -0.69999999 -2.61243606
vt -0.68000001 -2.57779503
vt -1.21243596 -2.09999990
vt -1.17779505 -2.07999992
vt -1.39999998 -1.39999998
vt -1.36000001 -1.39999998
vt -1.17779505 -0.72000003
vt -1.21243596 -0.69999999
vt -0.68000001 -0.22220500
vt -0.58190697 -0.17847291
vt -0.57567698 -0.18704900
vt 0.00000000 0.01059997
vt 0.00000000 0.00000000
vt 0.57567698 -0.18704900
vt -0.93146503 -0.67674899
vt -0.94154602 -0.67347300
vt -0.94154602 -1.28532696
vt -0.93146503 -1.28205097
vt -0.58190697 -1.78032696
vt -0.57567698 -1.77175105
vt 0.00000000 -1.96940005
vt 0.00000000 -1.95879996
vt 0.57567698 -1.77175105
vt 0.58190697 -1.78032696
vt 0.93146503 -1.28205097
vt 0.94154602 -1.28532696
vt 0.93146503 -0.67674899
vt 0.94154602 -0.67347300
vt 0.58190697 -0.17847291
vt 0.57567698 -0.32764900
vt 0.60551798 -0.17779601
vt 0.00000000 -0.14060000
vt 0.00000000 0.00000000
vt -0.60551798 -0.17779601
vt 1.01878798 -0.65473503
vt 0.93146503 -0.81734902
vt 1.10860002 -1.27939296
vt 0.93146503 -1.42265105
vt 0.84644002 -1.85344398
vt 0.57567698 -1.91235101
vt 0.31553999 -2.19463205
vt 0.00000000 -2.09940004
vt -0.31553999 -2.19463205
vt -0.57567698 -1.91235101
vt -0.84644002 -1.85344398
vt -0.93146503 -1.42265105
vt -1.10860002 -1.27939296
vt -0.93146503 -0.81734902
vt -1.01878798 -0.65473503
vt -0.57567698 -0.32764900
vt -0.58190697 -0.17845491
vt -0.57566601 -0.18704499
vt 0.00000000 0.01061797
vt 0.00000000 0.00000000
vt 0.57566601 -0.18704499
vt -0.93144798 -0.67673600
vt -0.94154602 -0.67345500
vt -0.94154602 -1.28530896
vt -0.93144798 -1.28202796
vt -0.58190697 -1.78030896
vt -0.57566601 -1.77171898
vt 0.00000000 -1.96938205
vt 0.00000000 -1.95876396
vt 0.57566601 -1.77171898
vt 0.58190697 -1.78030896
vt 0.93144798 -1.28202796
vt 0.94154602 -1.28530896
vt 0.93144798 -0.67673600
vt 0.94154602 -0.67345500
vt 0.58190697 -0.17845491
vt -0.57566601 -0.19766299
vt 0.00000000 -0.01061797
vt 0.00000000 0.00000000
vt 0.57566601 -0.19766299
vt 0.58190697 -0.18907300
vt 0.93144798 -0.68735403
vt 0.94154602 -0.68407297
vt 0.94154602 -1.29592705
vt 0.93144798 -1.29264605
vt 0.58190697 -1.79092705
vt 0.57566601 -1.78233695
vt 0.00000000 -1.98000002
vt 0.00000000 -1.96938205
vt -0.57566601 -1.78233695
vt -0.58190697 -1.79092705
vt -0.93144798 -1.29264605
vt -0.94154602 -1.29592705
vt -0.93144798 -0.68735403
vt -0.94154602 -0.68407297
vt -0.58190697 -0.18907300
vt 0.69999999 -0.14756390
vt 0.00000000 0.03999996
vt 0.00000000 0.00000000
vt -0.69999999 -0.14756390
vt -0.68000001 -0.18220501
vt -1.21243596 -0.66000003
vt -1.17779505 -0.68000001
vt -1.39999998 -1.36000001
vt -1.36000001 -1.36000001
vt -1.17779505 -2.03999996
vt -1.21243596 -2.05999994
vt -0.68000001 -2.53779507
vt -0.69999999 -2.57243609
vt 0.00000000 -2.72000003
vt 0.00000000 -2.75999999
vt 0.69999999 -2.57243609
vt 0.68000001 -2.53779507
vt 1.21243596 -2.05999994
vt 1.17779505 -2.03999996
vt 1.36000001 -1.36000001
vt 1.39999998 -1.36000001
vt 1.17779505 -0.68000001
vt 1.21243596 -0.66000003
vt 0.68000001 -0.18220501
vt 0.01999998 0.71209401
vt -0.01999998 0.00000000
vt 0.01999998 0.00000000
vt -0.01999998 -0.71209401
vt 0.01999998 -0.71209401
vt -0.01999998 -1.42418897
vt 0.01999998 -1.42418897
vt -0.01999998 -2.13628292
vt 0.01999998 -2.13628292
vt -0.01999998 -2.84837699
vt 0.01999998 -2.84837699
vt -0.01999998 -3.56047201
vt 0.01999998 -3.56047201
vt 0.01999998 -4.27256584
vt -0.01999998 -4.27256584
vt 0.01999998 4.27256584
vt -0.01999998 4.27256584
vt 0.01999998 3.56047201
vt -0.01999998 3.56047201
vt -0.01999998 2.84837699
vt -0.01999998 0.71209401
vt 0.01999998 1.42418897
vt -0.01999998 1.42418897
vt 0.01999998 2.13628292
vt -0.01999998 2.13628292
vt 0.01999998 2.84837699
vt 0.74500000 -0.19962201
vt 0.00000000 0.00000000
vt 0.00000000 -0.02999997
vt -0.74500000 -0.19962201
vt -0.73000002 -0.22560300
vt -1.29037797 -0.74500000
vt -1.26439703 -0.75999999
vt -1.49000001 -1.49000001
vt -1.46000004 -1.49000001
vt -1.26439703 -2.22000003
vt -1.29037797 -2.23499990
vt -0.73000002 -2.75439692
vt -0.74500000 -2.78037810
vt 0.00000000 -2.95000005
vt 0.00000000 -2.98000002
vt 0.74500000 -2.78037810
vt 0.73000002 -2.75439692
vt 1.29037797 -2.23499990
vt 1.26439703 -2.22000003
vt 1.46000004 -1.49000001
vt 1.49000001 -1.49000001
vt 1.26439703 -0.75999999
vt 1.29037797 -0.74500000
vt 0.73000002 -0.22560300
vt 0.74500000 -0.19962201
vt 0.00000000 0.00000000
vt 0.00000000 -0.02999997
vt -0.74500000 -0.19962201
vt -0.73000002 -0.22560300
vt -1.29037797 -0.74500000
vt -1.26439703 -0.75999999
vt -1.49000001 -1.49000001
vt -1.46000004 -1.49000001
vt -1.26439703 -2.22000003
vt -1.29037797 -2.23499990
vt -0.73000002 -2.75439692
vt -0.74500000 -2.78037810
vt 0.00000000 -2.95000005
vt 0.00000000 -2.98000002
vt 0.74500000 -2.78037810
vt 0.73000002 -2.75439692
vt 1.29037797 -2.23499990
vt 1.26439703 -2.22000003
vt 1.46000004 -1.49000001
vt 1.49000001 -1.49000001
vt 1.26439703 -0.75999999
vt 1.29037797 -0.74500000
vt 0.73000002 -0.22560300
f 1/1 2/2 3/3
f 3/3 2/2 4/4
f 4/4 2/2 5/5
f 4/4 5/5 6/6
f 6/6 5/5 7/7
f 6/6 7/7 8/8
f 8/8 7/7 9/9
f 8/8 9/9 10/10
f 11/11 12/12 13/13
f 13/13 12/12 14/14
f 14/14 12/12 15/15
f 14/14 15/15 16/16
f 17/17 18/18 19/19
f 19/19 18/18 20/20
f 20/20 18/18 21/21
f 20/20 21/21 22/22
f 22/22 21/21 23/23
f 22/22 23/23 24/24
f 24/24 23/23 25/25
f 24/24 25/25 26/26
f 27/27 28/28 29/29
f 29/29 28/28 30/30
f 30/30 28/28 31/31
f 30/30 31/31 32/32
f 33/33 34/34 35/35
f 35/35 34/34 36/36
f 36/36 34/34 37/37
f 36/36 37/37 38/38
f 38/38 37/37 39/39
f 38/38 39/39 40/40
f 40/40 39/39 41/41
f 40/40 41/41 42/42
f 43/43 44/44 45/45
f 45/45 44/44 46/46
f 46/46 44/44 47/47
f 46/46 47/47 48/48
f 46/46 48/48 49/49
f 49/49 48/48 50/50
f 49/49 50/50 51/51
f 51/51 50/50 52/52
f 51/51 52/52 53/53
f 54/54 55/55 56/56
f 56/56 55/55 57/57
f 57/57 55/55 58/58
f 57/57 58/58 59/59
f 60/60 61/61 62/62
f 62/62 61/61 63/63
f 63/63 61/61 64/64
f 63/63 64/64 65/65
f 65/65 64/64 66/66
f 65/65 66/66 67/67
f 67/67 66/66 68/68
f 67/67 68/68 69/69
f 70/70 71/71 72/72
f 72/72 71/71 73/73
f 73/73 71/71 74/74
f 73/73 74/74 75/75
f 76/76 77/77 78/78
f 75/75 78/78 79/79
f 79/79 78/78 80/80
f 79/79 80/80 81/81
f 81/81 80/80 82/82
f 81/81 82/82 83/83
f 83/83 82/82 84/84
f 83/83 84/84 85/85
f 86/86 87/87 88/88
f 88/88 87/87 89/89
f 89/89 87/87 90/90
f 89/89 90/90 91/91
f 91/91 90/90 92/92
f 91/91 92/92 93/93
f 93/93 92/92 94/94
f 93/93 94/94 95/95
f 96/96 97/97 98/98
f 98/98 97/97 99/99
f 99/99 97/97 100/100
f 99/99 100/100 101/101
f 99/99 101/101 102/102
f 102/102 101/101 103/103
f 102/102 103/103 104/104
f 104/104 103/103 105/105
f 104/104 105/105 106/106
f 107/107 108/108 109/109
f 109/109 108/108 110/110
f 110/110 108/108 111/111
f 110/110 111/111 112/112
f 113/113 114/114 115/115
f 115/115 114/114 116/116
f 115/115 116/116 117/117
f 117/117 116/116 118/118
f 117/117 118/118 119/119
f 119/119 118/118 120/120
f 119/119 120/120 121/121
f 121/121 120/120 122/122
f 122/122 120/120 123/123
f 122/122 123/123 124/124
f 124/124 123/123 125/125
f 124/124 125/125 126/126
f 126/126 125/125 127/127
f 126/126 127/127 128/128
f 126/126 128/128 129/129
f 129/129 128/128 130/130
f 129/129 130/130 131/131
f 131/131 130/130 132/132
f 132/132 130/130 133/133
f 132/132 133/133 134/134
f 134/134 133/133 135/135
f 134/134 135/135 136/136
f 134/134 136/136 137/137
f 137/137 136/136 138/138
f 137/137 138/138 139/139
f 139/139 138/138 140/140
f 140/140 138/138 141/141
f 140/140 141/141 142/142
f 142/142 141/141 143/143
f 143/143 141/141 144/144
f 143/143 144/144 145/145
f 145/145 144/144 146/146
f 146/146 144/144 147/147
f 146/146 147/147 148/148
f 148/148 147/147 149/149
f 148/148 149/149 150/150
f 148/148 150/150 151/151
f 151/151 150/150 152/152
f 151/151 152/152 153/153
f 153/153 152/152 154/154
f 154/154 152/152 113/113
f 154/154 113/113 115/115
f 155/155 156/156 157/157
f 157/157 156/156 158/158
f 159/159 160/160 161/161
f 161/161 160/160 162/162
f 163/163 164/164 165/165
f 165/165 164/164 166/166
f 167/167 168/168 169/169
f 169/169 168/168 170/170
f 171/171 172/172 173/173
f 173/173 172/172 174/174
f 175/175 176/176 177/177
f 177/177 176/176 178/178
f 179/179 180/180 181/181
f 181/181 180/180 182/182
f 183/183 184/184 185/185
f 185/185 184/184 186/186
f 187/187 188/188 189/189
f 189/189 188/188 190/190
f 191/191 192/192 193/193
f 193/193 192/192 194/194
f 195/195 196/196 197/197
f 197/197 196/196 198/198
f 199/199 200/200 201/201
f 201/201 200/200 202/202
f 203/203 204/204 205/205
f 205/205 204/204 206/206
f 207/207 208/208 209/209
f 209/209 208/208 210/210
f 209/209 210/210 211/211
f 208/208 207/207 212/212
f 212/212 207/207 213/213
f 212/212 213/213 211/211
f 211/211 213/213 214/214
f 211/211 214/214 209/209
f 215/215 216/216 217/217
f 217/217 216/216 218/218
f 219/219 220/220 221/221
f 221/221 220/220 222/222
f 223/223 224/224 225/225
f 225/225 224/224 226/226
f 227/227 228/228 229/229
f 229/229 228/228 230/230
f 231/231 232/232 233/233
f 233/233 232/232 234/234
f 235/235 236/236 237/237
f 237/237 236/236 238/238
f 239/239 240/240 241/241
f 241/241 240/240 242/242
f 243/243 244/244 245/245
f 245/245 244/244 246/246
f 247/247 248/248 249/249
f 249/249 248/248 250/250
f 249/249 250/250 251/251
f 251/251 250/250 252/252
f 253/253 254/254 248/248
f 248/248 254/254 250/250
f 255/255 256/256 257/257
f 257/257 256/256 258/258
f 259/259 260/260 261/261
f 261/261 260/260 262/262
f 263/263 264/264 265/265
f 265/265 264/264 266/266
f 267/267 268/268 269/269
f 269/269 268/268 270/270
f 271/271 272/272 273/273
f 273/273 272/272 274/274
f 275/275 276/276 277/277
f 277/277 276/276 278/278
f 279/279 280/280 281/281
f 281/281 280/280 282/282
f 283/283 284/284 285/285
f 285/285 284/284 286/286
f 287/287 288/288 289/289
f 289/289 288/288 290/290
f 291/291 292/292 293/293
f 293/293 292/292 294/294
f 295/295 296/296 297/297
f 297/297 296/296 298/298
f 299/299 300/300 301/301
f 301/301 300/300 302/302
f 303/303 304/304 305/305
f 305/305 304/304 306/306
f 305/305 306/306 307/307
f 307/307 306/306 308/308
f 307/307 308/308 309/309
f 309/309 308/308 310/310
f 306/306 311/311 308/308
f 308/308 311/311 312/312
f 312/312 311/311 313/313
f 312/312 313/313 314/314
f 315/315 316/316 317/317
f 317/317 316/316 318/318
f 319/319 320/320 321/321
f 321/321 320/320 322/322
f 323/323 324/324 325/325
f 325/325 324/324 326/326
f 326/326 324/324 327/327
f 326/326 327/327 328/328
f 328/328 327/327 329/329
f 328/328 329/329 330/330
f 330/330 329/329 331/331
f 330/330 331/331 332/332
f 333/333 334/334 335/335
f 335/335 334/334 336/336
f 336/336 334/334 337/337
f 336/336 337/337 338/338
f 339/339 340/340 341/341
f 341/341 340/340 342/342
f 343/343 344/344 345/345
f 345/345 344/344 346/346
f 347/347 348/348 349/349
f 349/349 348/348 350/350
f 351/351 352/352 353/353
f 353/353 352/352 354/354
f 355/355 356/356 357/357
f 357/357 356/356 358/358
f 359/359 360/360 361/361
f 361/361 360/360 362/362
f 361/361 362/362 363/363
f 363/363 362/362 364/364
f 365/365 366/366 367/367
f 367/367 366/366 368/368
f 368/368 366/366 369/369
f 368/368 369/369 370/370
f 370/370 369/369 371/371
f 370/370 371/371 372/372
f 372/372 371/371 373/373
f 372/372 373/373 374/374
f 375/375 376/376 377/377
f 377/377 376/376 378/378
f 378/378 376/376 379/379
f 378/378 379/379 380/380
f 381/381 382/382 383/383
f 383/383 382/382 384/384
f 385/385 386/386 387/387
f 387/387 386/386 388/388
f 389/389 390/390 391/391
f 391/391 390/390 392/392
f 392/392 390/390 393/393
f 392/392 393/393 394/394
f 395/395 396/396 397/397
f 397/397 396/396 398/398
f 398/398 396/396 399/399
f 398/398 399/399 400/400
f 400/400 399/399 401/401
f 400/400 401/401 402/402
f 402/402 401/401 403/403
f 402/402 403/403 404/404
f 405/405 406/406 407/407
f 407/407 406/406 408/408
f 408/408 406/406 409/409
f 408/408 409/409 410/410
f 411/411 412/412 413/413
f 413/413 412/412 414/414
f 415/415 416/416 417/417
f 417/417 416/416 418/418
f 419/419 420/420 421/421
f 421/421 420/420 422/422
f 423/423 424/424 425/425
f 425/425 424/424 426/426
f 426/426 424/424 427/427
f 426/426 427/427 428/428
f 429/429 430/430 431/431
f 431/431 430/430 432/432
f 432/432 430/430 433/433
f 432/432 433/433 434/434
f 434/434 433/433 435/435
f 434/434 435/435 436/436
f 436/436 435/435 437/437
f 436/436 437/437 438/438
f 439/439 440/440 441/441
f 441/441 440/440 442/442
f 442/442 440/440 443/443
f 442/442 443/443 444/444
f 445/445 446/446 447/447
f 447/447 446/446 448/448
f 449/449 450/450 451/451
f 451/451 450/450 452/452
f 451/451 452/452 453/453
f 453/453 452/452 454/454
f 453/453 454/454 455/455
f 455/455 454/454 456/456
f 456/456 454/454 457/457
f 456/456 457/457 458/458
f 458/458 457/457 459/459
f 458/458 459/459 460/460
f 460/460 459/459 461/461
f 460/460 461/461 462/462
f 462/462 461/461 463/463
f 463/463 461/461 464/464
f 463/463 464/464 465/465
f 466/466 467/467 449/449
f 449/449 467/467 468/468
f 449/449 468/468 450/450
f 450/450 468/468 469/469
f 469/469 468/468 470/470
f 470/470 468/468 471/471
f 470/470 471/471 472/472
f 472/472 471/471 473/473
f 472/472 473/473 474/474
f 474/474 473/473 475/475
f 474/474 475/475 476/476
f 467/467 466/466 477/477
f 477/477 466/466 478/478
f 477/477 478/478 479/479
f 479/479 478/478 480/480
f 479/479 480/480 481/481
f 479/479 481/481 482/482
f 482/482 481/481 483/483
f 482/482 483/483 484/484
f 484/484 483/483 485/485
f 484/484 485/485 486/486
f 474/474 476/476 486/486
f 486/486 476/476 487/487
f 486/486 487/487 484/484
f 472/472 488/488 470/470
f 470/470 488/488 489/489
f 489/489 488/488 490/490
f 489/489 490/490 491/491
f 491/491 490/490 465/465
f 465/465 490/490 463/463
f 492/492 493/493 494/494
f 494/494 493/493 495/495
f 496/496 497/497 498/498
f 498/498 497/497 499/499
f 500/500 501/501 502/502
f 502/502 501/501 503/503
f 504/504 505/505 506/506
f 506/506 505/505 507/507
f 508/508 509/509 510/510
f 510/510 509/509 511/511
f 512/512 513/513 514/514
f 514/514 513/513 515/515
f 516/516 517/517 518/518
f 518/518 517/517 519/519
f 520/520 521/521 522/522
f 522/522 521/521 523/523
f 524/524 525/525 526/526
f 526/526 525/525 527/527
f 528/528 529/529 530/530
f 530/530 529/529 531/531
f 530/530 531/531 532/532
f 532/532 531/531 533/533
f 533/533 531/531 534/534
f 532/532 535/535 530/530
f 530/530 536/536 528/528
f 537/537 538/538 539/539
f 539/539 538/538 540/540
f 541/541 542/542 543/543
f 543/543 542/542 544/544
f 545/545 546/546 547/547
f 547/547 546/546 548/548
f 549/549 550/550 551/551
f 551/551 550/550 552/552
f 552/552 550/550 553/553
f 552/552 553/553 554/554
f 554/554 553/553 555/555
f 554/554 555/555 556/556
f 556/556 555/555 557/557
f 556/556 557/557 558/558
f 559/559 560/560 561/561
f 561/561 560/560 562/562
f 562/562 560/560 563/563
f 562/562 563/563 564/564
f 565/565 566/566 567/567
f 567/567 566/566 568/568
f 568/568 566/566 569/569
f 568/568 569/569 570/570
f 570/570 569/569 571/571
f 570/570 571/571 572/572
f 572/572 571/571 573/573
f 572/572 573/573 574/574
f 575/575 576/576 577/577
f 577/577 576/576 578/578
f 578/578 576/576 579/579
f 578/578 579/579 580/580
f 581/581 582/582 583/583
f 583/583 582/582 584/584
f 584/584 582/582 585/585
f 584/584 585/585 586/586
f 586/586 585/585 587/587
f 586/586 587/587 588/588
f 588/588 587/587 589/589
f 588/588 589/589 590/590
f 591/591 592/592 593/593
f 593/593 592/592 594/594
f 594/594 592/592 595/595
f 594/594 595/595 596/596
f 594/594 596/596 597/597
f 597/597 596/596 598/598
f 597/597 598/598 599/599
f 599/599 598/598 600/600
f 599/599 600/600 601/601
f 602/602 603/603 604/604
f 604/604 603/603 605/605
f 605/605 603/603 606/606
f 605/605 606/606 607/607
f 608/608 609/609 610/610
f 610/610 609/609 611/611
f 611/611 609/609 612/612
f 611/611 612/612 613/613
f 613/613 612/612 614/614
f 613/613 614/614 615/615
f 615/615 614/614 616/616
f 615/615 616/616 617/617
f 618/618 619/619 620/620
f 620/620 619/619 621/621
f 621/621 619/619 622/622
f 621/621 623/623 624/624
f 625/625 622/622 626/626
f 624/624 626/626 627/627
f 627/627 626/626 628/628
f 627/627 628/628 629/629
f 629/629 628/628 630/630
f 629/629 630/630 631/631
f 631/631 630/630 632/632
f 631/631 632/632 633/633
f 634/634 635/635 636/636
f 636/636 635/635 637/637
f 637/637 635/635 638/638
f 637/637 638/638 639/639
f 639/639 638/638 640/640
f 639/639 640/640 641/641
f 641/641 640/640 642/642
f 641/641 642/642 643/643
f 644/644 645/645 646/646
f 646/646 645/645 647/647
f 647/647 645/645 648/648
f 647/647 648/648 649/649
f 647/647 649/649 650/650
f 650/650 649/649 651/651
f 650/650 651/651 652/652
f 652/652 651/651 653/653
f 652/652 653/653 654/654
f 655/655 656/656 657/657
f 657/657 656/656 658/658
f 658/658 656/656 659/659
f 658/658 659/659 660/660
f 661/661 662/662 663/663
f 663/663 662/662 664/664
f 663/663 664/664 665/665
f 665/665 664/664 666/666
f 665/665 666/666 667/667
f 667/667 666/666 668/668
f 667/667 668/668 669/669
f 669/669 668/668 670/670
f 670/670 668/668 671/671
f 670/670 671/671 672/672
f 672/672 671/671 673/673
f 672/672 673/673 674/674
f 674/674 673/673 675/675
f 674/674 675/675 676/676
f 674/674 676/676 677/677
f 677/677 676/676 678/678
f 677/677 678/678 679/679
f 679/679 678/678 680/680
f 680/680 678/678 681/681
f 680/680 681/681 682/682
f 682/682 681/681 683/683
f 682/682 683/683 684/684
f 682/682 684/684 685/685
f 685/685 684/684 686/686
f 685/685 686/686 687/687
f 687/687 686/686 688/688
f 688/688 686/686 689/689
f 688/688 689/689 690/690
f 690/690 689/689 691/691
f 691/691 689/689 692/692
f 691/691 692/692 693/693
f 693/693 692/692 694/694
f 694/694 692/692 695/695
f 694/694 695/695 696/696
f 696/696 695/695 697/697
f 696/696 697/697 698/698
f 696/696 698/698 699/699
f 699/699 698/698 700/700
f 699/699 700/700 701/701
f 701/701 700/700 702/702
f 702/702 700/700 661/661
f 702/702 661/661 663/663
f 703/703 704/704 705/705
f 705/705 704/704 706/706
f 707/707 708/708 709/709
f 709/709 708/708 710/710
f 711/711 712/712 713/713
f 713/713 712/712 714/714
f 715/715 716/716 717/717
f 717/717 716/716 718/718
f 719/719 720/720 721/721
f 721/721 720/720 722/722
f 723/723 724/724 725/725
f 725/725 724/724 726/726
f 727/727 728/728 729/729
f 729/729 728/728 730/730
f 731/731 732/732 733/733
f 733/733 732/732 734/734
f 735/735 736/736 737/737
f 737/737 736/736 738/738
f 739/739 740/740 741/741
f 741/741 740/740 742/742
f 743/743 744/744 745/745
f 745/745 744/744 746/746
f 747/747 748/748 749/749
f 749/749 748/748 750/750
f 751/751 752/752 753/753
f 753/753 752/752 754/754
f 754/754 752/752 755/755
f 755/755 752/752 756/756
f 755/755 756/756 757/757
f 757/757 756/756 758/758
f 757/757 758/758 759/759
f 759/759 758/758 760/760
f 759/759 760/760 761/761
f 761/761 762/762 759/759
f 763/763 764/764 765/765
f 765/765 764/764 766/766
f 767/767 768/768 769/769
f 769/769 768/768 770/770
f 771/771 772/772 773/773
f 773/773 772/772 774/774
f 775/775 776/776 777/777
f 777/777 776/776 778/778
f 779/779 780/780 781/781
f 781/781 780/780 782/782
f 783/783 784/784 785/785
f 785/785 784/784 786/786
f 787/787 788/788 789/789
f 789/789 788/788 790/790
f 791/791 792/792 793/793
f 793/793 792/792 794/794
f 795/795 796/796 797/797
f 797/797 796/796 798/798
f 799/799 800/800 801/801
f 801/801 800/800 802/802
f 803/803 804/804 805/805
f 805/805 804/804 806/806
f 807/807 808/808 809/809
f 809/809 808/808 810/810
f 811/811 812/812 813/813
f 813/813 812/812 814/814
f 814/814 812/812 815/815
f 814/814 815/815 816/816
f 816/816 815/815 817/817
f 816/816 817/817 818/818
f 818/818 817/817 819/819
f 818/818 819/819 820/820
f 820/820 819/819 821/821
f 820/820 821/821 822/822
f 822/822 821/821 823/823
f 822/822 823/823 824/824
f 824/824 823/823 825/825
f 824/824 825/825 826/826
f 826/826 825/825 827/827
f 826/826 827/827 828/828
f 828/828 827/827 829/829
f 828/828 829/829 830/830
f 830/830 829/829 831/831
f 830/830 831/831 832/832
f 832/832 831/831 833/833
f 832/832 833/833 834/834
f 834/834 833/833 835/835
f 834/834 835/835 836/836
f 836/836 835/835 837/837
f 836/836 837/837 838/838
f 838/838 837/837 839/839
f 838/838 839/839 840/840
f 840/840 839/839 841/841
f 840/840 841/841 842/842
f 842/842 841/841 843/843
f 842/842 843/843 844/844
f 844/844 843/843 845/845
f 844/844 845/845 846/846
f 846/846 845/845 847/847
f 846/846 847/847 848/848
f 848/848 847/847 849/849
f 848/848 849/849 850/850
f 850/850 849/849 851/851
f 850/850 851/851 852/852
f 852/852 851/851 853/853
f 852/852 853/853 854/854
f 854/854 853/853 855/855
f 854/854 855/855 856/856
f 857/857 858/858 859/859
f 859/859 858/858 860/860
f 861/861 862/862 863/863
f 863/863 862/862 864/864
f 864/864 862/862 865/865
f 864/864 865/865 866/866
f 866/866 865/865 867/867
f 866/866 867/867 868/868
f 868/868 867/867 869/869
f 868/868 869/869 870/870
f 870/870 869/869 871/871
f 870/870 871/871 872/872
f 872/872 871/871 873/873
f 872/872 873/873 874/874
f 874/874 873/873 875/875
f 874/874 875/875 876/876
f 876/876 875/875 877/877
f 876/876 877/877 878/878
f 878/878 877/877 879/879
f 878/878 879/879 880/880
f 880/880 879/879 881/881
f 880/880 881/881 882/882
f 883/883 884/884 885/885
f 885/885 884/884 886/886
f 887/887 888/888 889/889
f 889/889 888/888 890/890
f 891/891 892/892 893/893
f 893/893 892/892 894/894
f 895/895 896/896 897/897
f 897/897 896/896 898/898
f 899/899 900/900 901/901
f 901/901 900/900 902/902
f 903/903 904/904 905/905
f 905/905 904/904 906/906
f 907/907 908/908 909/909
f 909/909 908/908 910/910
f 911/911 912/912 913/913
f 913/913 912/912 914/914
f 915/915 916/916 917/917
f 917/917 916/916 918/918
f 918/918 916/916 919/919
f 918/918 919/919 920/920
f 920/920 919/919 921/921
f 920/920 921/921 922/922
f 922/922 921/921 923/923
f 922/922 923/923 924/924
f 924/924 923/923 925/925
f 924/924 925/925 926/926
f 926/926 925/925 927/927
f 926/926 927/927 928/928
f 928/928 927/927 929/929
f 928/928 929/929 930/930
f 930/930 929/929 931/931
f 930/930 931/931 932/932
f 932/932 931/931 933/933
f 932/932 933/933 934/934
f 934/934 933/933 935/935
f 934/934 935/935 936/936
f 936/936 935/935 937/937
f 936/936 937/937 938/938
f 938/938 937/937 939/939
f 938/938 939/939 940/940
f 940/940 939/939 941/941
f 940/940 941/941 942/942
f 942/942 941/941 943/943
f 942/942 943/943 944/944
f 944/944 943/943 945/945
f 944/944 945/945 946/946
f 946/946 945/945 947/947
f 946/946 947/947 948/948
f 948/948 947/947 949/949
f 948/948 949/949 950/950
f 950/950 949/949 951/951
f 950/950 951/951 952/952
f 952/952 951/951 953/953
f 952/952 953/953 954/954
f 954/954 953/953 955/955
f 954/954 955/955 956/956
f 956/956 955/955 957/957
f 956/956 957/957 958/958
f 958/958 957/957 959/959
f 958/958 959/959 960/960
f 961/961 962/962 963/963
f 963/963 962/962 964/964
f 964/964 962/962 965/965
f 964/964 965/965 966/966
f 966/966 965/965 967/967
f 966/966 967/967 968/968
f 968/968 967/967 969/969
f 968/968 969/969 970/970
f 970/970 969/969 971/971
f 970/970 971/971 972/972
f 972/972 971/971 973/973
f 972/972 973/973 974/974
f 974/974 973/973 975/975
f 974/974 975/975 976/976
f 976/976 975/975 977/977
f 976/976 977/977 978/978
f 978/978 977/977 979/979
f 978/978 979/979 980/980
f 980/980 979/979 981/981
f 980/980 981/981 982/982
f 982/982 981/981 983/983
f 982/982 983/983 984/984
f 984/984 983/983 985/985
f 984/984 985/985 986/986
f 986/986 985/985 987/987
f 986/986 987/987 988/988
f 989/989 990/990 991/991
f 991/991 990/990 992/992
f 992/992 990/990 993/993
f 992/992 993/993 994/994
f 994/994 993/993 995/995
f 994/994 995/995 996/996
f 996/996 995/995 997/997
f 996/996 997/997 998/998
f 998/998 997/997 999/999
f 998/998 999/999 1000/1000
f 1000/1000 999/999 1001/1001
f 1000/1000 1001/1001 1002/1002
f 1002/1002 1001/1001 1003/1003
f 1002/1002 1003/1003 1004/1004
f 1004/1004 1003/1003 1005/1005
f 1004/1004 1005/1005 1006/1006
f 1006/1006 1005/1005 1007/1007
f 1006/1006 1007/1007 1008/1008
f 1008/1008 1007/1007 1009/1009
f 1008/1008 1009/1009 1010/1010
f 1010/1010 1009/1009 1011/1011
f 1010/1010 1011/1011 1012/1012
f 1012/1012 1011/1011 1013/1013
f 1012/1012 1013/1013 1014/1014
f 1014/1014 1013/1013 1015/1015
f 1014/1014 1015/1015 1016/1016
f 1016/1016 1015/1015 1017/1017
f 1016/1016 1017/1017 1018/1018
f 1018/1018 1017/1017 1019/1019
f 1018/1018 1019/1019 1020/1020
f 1020/1020 1019/1019 1021/1021
f 1020/1020 1021/1021 1022/1022
f 1022/1022 1021/1021 1023/1023
f 1022/1022 1023/1023 1024/1024
f 1024/1024 1023/1023 1025/1025
f 1024/1024 1025/1025 1026/1026
f 1026/1026 1025/1025 1027/1027
f 1026/1026 1027/1027 1028/1028
f 1028/1028 1027/1027 1029/1029
f 1028/1028 1029/1029 1030/1030
f 1030/1030 1029/1029 1031/1031
f 1030/1030 1031/1031 1032/1032
f 1032/1032 1031/1031 1033/1033
f 1032/1032 1033/1033 1034/1034
f 1034/1034 1033/1033 1035/1035
f 1034/1034 1035/1035 1036/1036
f 1036/1036 1035/1035 1037/1037
f 1036/1036 1037/1037 1038/1038
f 1039/1039 1040/1040 1041/1041
f 1041/1041 1040/1040 1042/1042
f 1043/1043 1044/1044 1045/1045
f 1045/1045 1044/1044 1046/1046
f 1047/1047 1048/1048 1049/1049
f 1049/1049 1048/1048 1050/1050
f 1051/1051 1052/1052 1053/1053
f 1053/1053 1052/1052 1054/1054
f 1055/1055 1056/1056 1057/1057
f 1057/1057 1056/1056 1058/1058
f 1059/1059 1060/1060 1061/1061
f 1061/1061 1060/1060 1062/1062
f 1063/1063 1064/1064 1065/1065
f 1065/1065 1064/1064 1066/1066
f 1067/1067 1068/1068 1069/1069
f 1069/1069 1068/1068 1070/1070
f 1071/1071 1072/1072 1073/1073
f 1073/1073 1072/1072 1074/1074
f 1075/1075 1076/1076 1077/1077
f 1077/1077 1076/1076 1078/1078
f 1079/1079 1080/1080 1081/1081
f 1081/1081 1080/1080 1082/1082
f 1083/1083 1084/1084 1085/1085
f 1085/1085 1084/1084 1086/1086
f 1087/1087 1088/1088 1089/1089
f 1089/1089 1088/1088 1090/1090
f 1090/1090 1088/1088 1091/1091
f 1090/1090 1091/1091 1092/1092
f 1092/1092 1091/1091 1093/1093
f 1092/1092 1093/1093 1094/1094
f 1094/1094 1093/1093 1095/1095
f 1094/1094 1095/1095 1096/1096
f 1096/1096 1095/1095 1097/1097
f 1096/1096 1097/1097 1098/1098
f 1098/1098 1097/1097 1099/1099
f 1098/1098 1099/1099 1100/1100
f 1100/1100 1099/1099 1101/1101
f 1100/1100 1101/1101 1102/1102
f 1102/1102 1101/1101 1103/1103
f 1102/1102 1103/1103 1104/1104
f 1104/1104 1103/1103 1105/1105
f 1104/1104 1105/1105 1106/1106
f 1106/1106 1105/1105 1107/1107
f 1106/1106 1107/1107 1108/1108
f 1108/1108 1107/1107 1109/1109
f 1108/1108 1109/1109 1110/1110
f 1110/1110 1109/1109 1111/1111
f 1110/1110 1111/1111 1112/1112
f 1112/1112 1111/1111 1113/1113
f 1112/1112 1113/1113 1114/1114
f 1114/1114 1113/1113 1115/1115
f 1114/1114 1115/1115 1116/1116
f 1116/1116 1115/1115 1117/1117
f 1116/1116 1117/1117 1118/1118
f 1118/1118 1117/1117 1119/1119
f 1118/1118 1119/1119 1120/1120
f 1120/1120 1119/1119 1121/1121
f 1120/1120 1121/1121 1122/1122
f 1122/1122 1121/1121 1123/1123
f 1122/1122 1123/1123 1124/1124
f 1124/1124 1123/1123 1125/1125
f 1124/1124 1125/1125 1126/1126
f 1126/1126 1125/1125 1127/1127
f 1126/1126 1127/1127 1128/1128
f 1128/1128 1127/1127 1129/1129
f 1128/1128 1129/1129 1130/1130
f 1130/1130 1129/1129 1131/1131
f 1130/1130 1131/1131 1132/1132
f 1133/1133 1134/1134 1135/1135
f 1135/1135 1134/1134 1136/1136
f 1137/1137 1138/1138 1139/1139
f 1139/1139 1138/1138 1140/1140
f 1140/1140 1138/1138 1141/1141
f 1140/1140 1141/1141 1142/1142
f 1142/1142 1141/1141 1143/1143
f 1142/1142 1143/1143 1144/1144
f 1144/1144 1143/1143 1145/1145
f 1144/1144 1145/1145 1146/1146
f 1146/1146 1145/1145 1147/1147
f 1146/1146 1147/1147 1148/1148
f 1148/1148 1147/1147 1149/1149
f 1148/1148 1149/1149 1150/1150
f 1150/1150 1149/1149 1151/1151
f 1150/1150 1151/1151 1152/1152
f 1152/1152 1151/1151 1153/1153
f 1152/1152 1153/1153 1154/1154
f 1154/1154 1153/1153 1155/1155
f 1154/1154 1155/1155 1156/1156
f 1156/1156 1155/1155 1157/1157
f 1156/1156 1157/1157 1158/1158
f 1159/1159 1160/1160 1161/1161
f 1161/1161 1160/1160 1162/1162
f 1163/1163 1164/1164 1165/1165
f 1165/1165 1164/1164 1166/1166
f 1167/1167 1168/1168 1169/1169
f 1169/1169 1168/1168 1170/1170
f 1171/1171 1172/1172 1173/1173
f 1173/1173 1172/1172 1174/1174
f 1175/1175 1176/1176 1177/1177
f 1177/1177 1176/1176 1178/1178
f 1179/1179 1180/1180 1181/1181
f 1181/1181 1180/1180 1182/1182
f 1183/1183 1184/1184 1185/1185
f 1185/1185 1184/1184 1186/1186
f 1187/1187 1188/1188 1189/1189
f 1189/1189 1188/1188 1190/1190
f 1191/1191 1192/1192 1193/1193
f 1193/1193 1192/1192 1194/1194
f 1194/1194 1192/1192 1195/1195
f 1194/1194 1195/1195 1196/1196
f 1196/1196 1195/1195 1197/1197
f 1196/1196 1197/1197 1198/1198
f 1198/1198 1197/1197 1199/1199
f 1198/1198 1199/1199 1200/1200
f 1200/1200 1199/1199 1201/1201
f 1200/1200 1201/1201 1202/1202
f 1202/1202 1201/1201 1203/1203
f 1202/1202 1203/1203 1204/1204
f 1204/1204 1203/1203 1205/1205
f 1204/1204 1205/1205 1206/1206
f 1206/1206 1205/1205 1207/1207
f 1206/1206 1207/1207 1208/1208
f 1208/1208 1207/1207 1209/1209
f 1208/1208 1209/1209 1210/1210
f 1210/1210 1209/1209 1211/1211
f 1210/1210 1211/1211 1212/1212
f 1212/1212 1211/1211 1213/1213
f 1212/1212 1213/1213 1214/1214
f 1214/1214 1213/1213 1215/1215
f 1214/1214 1215/1215 1216/1216
f 1216/1216 1215/1215 1217/1217
f 1216/1216 1217/1217 1218/1218
f 1218/1218 1217/1217 1219/1219
f 1218/1218 1219/1219 1220/1220
f 1220/1220 1219/1219 1221/1221
f 1220/1220 1221/1221 1222/1222
f 1222/1222 1221/1221 1223/1223
f 1222/1222 1223/1223 1224/1224
f 1224/1224 1223/1223 1225/1225
f 1224/1224 1225/1225 1226/1226
f 1226/1226 1225/1225 1227/1227
f 1226/1226 1227/1227 1228/1228
f 1228/1228 1227/1227 1229/1229
f 1228/1228 1229/1229 1230/1230
f 1230/1230 1229/1229 1231/1231
f 1230/1230 1231/1231 1232/1232
f 1232/1232 1231/1231 1233/1233
f 1232/1232 1233/1233 1234/1234
f 1234/1234 1233/1233 1235/1235
f 1234/1234 1235/1235 1236/1236
f 1237/1237 1238/1238 1239/1239
f 1239/1239 1238/1238 1240/1240
f 1240/1240 1238/1238 1241/1241
f 1240/1240 1241/1241 1242/1242
f 1242/1242 1241/1241 1243/1243
f 1242/1242 1243/1243 1244/1244
f 1244/1244 1243/1243 1245/1245
f 1244/1244 1245/1245 1246/1246
f 1246/1246 1245/1245 1247/1247
f 1246/1246 1247/1247 1248/1248
f 1248/1248 1247/1247 1249/1249
f 1248/1248 1249/1249 1250/1250
f 1250/1250 1249/1249 1251/1251
f 1250/1250 1251/1251 1252/1252
f 1252/1252 1251/1251 1253/1253
f 1252/1252 1253/1253 1254/1254
f 1254/1254 1253/1253 1255/1255
f 1254/1254 1255/1255 1256/1256
f 1256/1256 1255/1255 1257/1257
f 1256/1256 1257/1257 1258/1258
f 1258/1258 1257/1257 1259/1259
f 1258/1258 1259/1259 1260/1260
f 1260/1260 1259/1259 1261/1261
f 1260/1260 1261/1261 1262/1262
f 1262/1262 1261/1261 1263/1263
f 1262/1262 1263/1263 1264/1264
f 1265/1265 1266/1266 1267/1267
f 1267/1267 1266/1266 1268/1268
f 1268/1268 1266/1266 1269/1269
f 1268/1268 1269/1269 1270/1270
f 1270/1270 1269/1269 1271/1271
f 1270/1270 1271/1271 1272/1272
f 1272/1272 1271/1271 1273/1273
f 1272/1272 1273/1273 1274/1274
f 1274/1274 1273/1273 1275/1275
f 1274/1274 1275/1275 1276/1276
f 1276/1276 1275/1275 1277/1277
f 1276/1276 1277/1277 1278/1278
f 1278/1278 1277/1277 1279/1279
f 1278/1278 1279/1279 1280/1280
f 1280/1280 1279/1279 1281/1281
f 1280/1280 1281/1281 1282/1282
f 1282/1282 1281/1281 1283/1283
f 1282/1282 1283/1283 1284/1284
f 1284/1284 1283/1283 1285/1285
f 1284/1284 1285/1285 1286/1286
f 1286/1286 1285/1285 1287/1287
f 1286/1286 1287/1287 1288/1288
f 1288/1288 1287/1287 1289/1289
f 1288/1288 1289/1289 1290/1290
f 1290/1290 1289/1289 1291/1291
f 1290/1290 1291/1291 1292/1292
f 1292/1292 1291/1291 1293/1293
f 1292/1292 1293/1293 1294/1294
f 1294/1294 1293/1293 1295/1295
f 1294/1294 1295/1295 1296/1296
f 1296/1296 1295/1295 1297/1297
f 1296/1296 1297/1297 1298/1298
f 1298/1298 1297/1297 1299/1299
f 1298/1298 1299/1299 1300/1300
f 1300/1300 1299/1299 1301/1301
f 1300/1300 1301/1301 1302/1302
f 1302/1302 1301/1301 1303/1303
f 1302/1302 1303/1303 1304/1304
f 1304/1304 1303/1303 1305/1305
f 1304/1304 1305/1305 1306/1306
f 1306/1306 1305/1305 1307/1307
f 1306/1306 1307/1307 1308/1308
f 1308/1308 1307/1307 1309/1309
f 1308/1308 1309/1309 1310/1310
f 1310/1310 1309/1309 1311/1311
f 1310/1310 1311/1311 1312/1312
f 1312/1312 1311/1311 1313/1313
f 1312/1312 1313/1313 1314/1314
f 1315/1315 1316/1316 1317/1317
f 1317/1317 1316/1316 1318/1318
f 1319/1319 1320/1320 1321/1321
f 1321/1321 1320/1320 1322/1322
f 1323/1323 1324/1324 1325/1325
f 1325/1325 1324/1324 1326/1326
f 1327/1327 1328/1328 1329/1329
f 1329/1329 1328/1328 1330/1330
f 1331/1331 1332/1332 1333/1333
f 1333/1333 1332/1332 1334/1334
f 1335/1335 1336/1336 1337/1337
f 1337/1337 1336/1336 1338/1338
f 1339/1339 1340/1340 1341/1341
f 1341/1341 1340/1340 1342/1342
f 1343/1343 1344/1344 1345/1345
f 1345/1345 1344/1344 1346/1346
f 1347/1347 1348/1348 1349/1349
f 1349/1349 1348/1348 1350/1350
f 1351/1351 1352/1352 1353/1353
f 1353/1353 1352/1352 1354/1354
f 1353/1353 1354/1354 1355/1355
f 1355/1355 1354/1354 1356/1356
f 1356/1356 1354/1354 1357/1357
f 1355/1355 1358/1358 1353/1353
f 1353/1353 1359/1359 1351/1351
f 1360/1360 1361/1361 1362/1362
f 1362/1362 1361/1361 1363/1363
f 1364/1364 1365/1365 1366/1366
f 1366/1366 1365/1365 1367/1367
f 1368/1368 1369/1369 1370/1370
f 1370/1370 1369/1369 1371/1371
f 1372/1372 1373/1373 1374/1374
f 1374/1374 1373/1373 1375/1375
f 1376/1376 1377/1377 1378/1378
f 1378/1378 1377/1377 1379/1379
f 1380/1380 1381/1381 1382/1382
f 1382/1382 1381/1381 1383/1383
f 1384/1384 1385/1385 1386/1386
f 1386/1386 1385/1385 1387/1387
f 1388/1388 1389/1389 1390/1390
f 1390/1390 1389/1389 1391/1391
f 1392/1392 1393/1393 1394/1394
f 1394/1394 1393/1393 1395/1395
f 1396/1396 1397/1397 1398/1398
f 1398/1398 1397/1397 1399/1399
f 1400/1400 1401/1401 1402/1402
f 1402/1402 1401/1401 1403/1403
f 1404/1404 1405/1405 1406/1406
f 1406/1406 1405/1405 1407/1407
f 1406/1406 1407/1407 1408/1408
f 1408/1408 1407/1407 1409/1409
f 1408/1408 1409/1409 1410/1410
f 1410/1410 1409/1409 1404/1404
f 1410/1410 1404/1404 1411/1411
f 1411/1411 1404/1404 1406/1406
f 1412/1412 1413/1413 1414/1414
f 1414/1414 1413/1413 1415/1415
f 1416/1416 1417/1417 1418/1418
f 1418/1418 1417/1417 1419/1419
f 1420/1420 1421/1421 1422/1422
f 1422/1422 1421/1421 1423/1423
f 1424/1424 1425/1425 1426/1426
f 1426/1426 1425/1425 1427/1427
f 1428/1428 1429/1429 1430/1430
f 1430/1430 1429/1429 1431/1431
f 1432/1432 1433/1433 1434/1434
f 1434/1434 1433/1433 1435/1435
f 1436/1436 1437/1437 1438/1438
f 1438/1438 1437/1437 1439/1439
f 1440/1440 1441/1441 1442/1442
f 1442/1442 1441/1441 1443/1443
f 1444/1444 1445/1445 1446/1446
f 1446/1446 1445/1445 1447/1447
f 1448/1448 1449/1449 1450/1450
f 1450/1450 1449/1449 1451/1451
f 1450/1450 1451/1451 1452/1452
f 1452/1452 1451/1451 1453/1453
f 1453/1453 1451/1451 1454/1454
f 1452/1452 1455/1455 1450/1450
f 1450/1450 1456/1456 1448/1448
f 1457/1457 1458/1458 1459/1459
f 1459/1459 1458/1458 1460/1460
f 1461/1461 1462/1462 1463/1463
f 1463/1463 1462/1462 1464/1464
f 1465/1465 1466/1466 1467/1467
f 1467/1467 1466/1466 1468/1468
f 1469/1469 1470/1470 1471/1471
f 1471/1471 1470/1470 1472/1472
f 1473/1473 1474/1474 1475/1475
f 1475/1475 1474/1474 1476/1476
f 1477/1477 1478/1478 1479/1479
f 1479/1479 1478/1478 1480/1480
f 1481/1481 1482/1482 1483/1483
f 1483/1483 1482/1482 1484/1484
f 1485/1485 1486/1486 1487/1487
f 1487/1487 1486/1486 1488/1488
f 1489/1489 1490/1490 1491/1491
f 1491/1491 1490/1490 1492/1492
f 1493/1493 1494/1494 1495/1495
f 1495/1495 1494/1494 1496/1496
f 1497/1497 1498/1498 1499/1499
f 1499/1499 1498/1498 1500/1500
f 1501/1501 1502/1502 1503/1503
f 1503/1503 1502/1502 1504/1504
f 1503/1503 1504/1504 1505/1505
f 1505/1505 1504/1504 1506/1506
f 1505/1505 1506/1506 1507/1507
f 1507/1507 1506/1506 1501/1501
f 1507/1507 1501/1501 1508/1508
f 1508/1508 1501/1501 1503/1503
f 1509/1509 1510/1510 1511/1511
f 1511/1511 1510/1510 1512/1512
f 1511/1511 1512/1512 1513/1513
f 1513/1513 1512/1512 1514/1514
f 1513/1513 1514/1514 1515/1515
f 1515/1515 1514/1514 1516/1516
f 1515/1515 1516/1516 1517/1517
f 1517/1517 1516/1516 1518/1518
f 1517/1517 1518/1518 1519/1519
f 1519/1519 1518/1518 1520/1520
f 1519/1519 1520/1520 1521/1521
f 1521/1521 1520/1520 1522/1522
f 1522/1522 1520/1520 1523/1523
f 1524/1524 1525/1525 1526/1526
f 1526/1526 1525/1525 1527/1527
f 1526/1526 1527/1527 1528/1528
f 1510/1510 1509/1509 1529/1529
f 1529/1529 1509/1509 1530/1530
f 1529/1529 1530/1530 1531/1531
f 1531/1531 1530/1530 1532/1532
f 1531/1531 1532/1532 1533/1533
f 1533/1533 1532/1532 1534/1534
f 1533/1533 1534/1534 1528/1528
f 1528/1528 1534/1534 1526/1526
f 1535/1535 1536/1536 1537/1537
f 1537/1537 1536/1536 1538/1538
f 1537/1537 1538/1538 1539/1539
f 1536/1536 1535/1535 1540/1540
f 1540/1540 1535/1535 1541/1541
f 1540/1540 1541/1541 1542/1542
f 1542/1542 1541/1541 1543/1543
f 1542/1542 1543/1543 1544/1544
f 1544/1544 1543/1543 1545/1545
f 1544/1544 1545/1545 1546/1546
f 1544/1544 1546/1546 1547/1547
f 1547/1547 1546/1546 1548/1548
f 1547/1547 1548/1548 1549/1549
f 1549/1549 1548/1548 1550/1550
f 1550/1550 1548/1548 1551/1551
f 1550/1550 1551/1551 1552/1552
f 1552/1552 1551/1551 1553/1553
f 1552/1552 1553/1553 1554/1554
f 1554/1554 1553/1553 1555/1555
f 1554/1554 1555/1555 1556/1556
f 1554/1554 1556/1556 1557/1557
f 1557/1557 1556/1556 1558/1558
f 1557/1557 1558/1558 1539/1539
f 1539/1539 1558/1558 1537/1537
f 1559/1559 1560/1560 1561/1561
f 1561/1561 1560/1560 1562/1562
f 1561/1561 1562/1562 1563/1563
f 1560/1560 1559/1559 1564/1564
f 1564/1564 1559/1559 1565/1565
f 1564/1564 1565/1565 1566/1566
f 1564/1564 1566/1566 1567/1567
f 1567/1567 1566/1566 1568/1568
f 1567/1567 1568/1568 1569/1569
f 1569/1569 1568/1568 1570/1570
f 1569/1569 1570/1570 1571/1571
f 1571/1571 1570/1570 1572/1572
f 1572/1572 1570/1570 1573/1573
f 1572/1572 1573/1573 1574/1574
f 1574/1574 1573/1573 1575/1575
f 1574/1574 1575/1575 1576/1576
f 1576/1576 1575/1575 1577/1577
f 1576/1576 1577/1577 1578/1578
f 1576/1576 1578/1578 1563/1563
f 1563/1563 1578/1578 1561/1561
f 1579/1579 1580/1580 1581/1581
f 1581/1581 1580/1580 1582/1582
f 1581/1581 1582/1582 1583/1583
f 1580/1580 1579/1579 1584/1584
f 1584/1584 1579/1579 1585/1585
f 1584/1584 1585/1585 1586/1586
f 1586/1586 1585/1585 1587/1587
f 1586/1586 1587/1587 1588/1588
f 1588/1588 1587/1587 1589/1589
f 1588/1588 1589/1589 1590/1590
f 1590/1590 1589/1589 1591/1591
f 1590/1590 1591/1591 1592/1592
f 1592/1592 1591/1591 1593/1593
f 1592/1592 1593/1593 1594/1594
f 1594/1594 1593/1593 1595/1595
f 1594/1594 1595/1595 1596/1596
f 1596/1596 1595/1595 1597/1597
f 1596/1596 1597/1597 1598/1598
f 1598/1598 1597/1597 1599/1599
f 1598/1598 1599/1599 1583/1583
f 1583/1583 1599/1599 1581/1581
f 1600/1600 1601/1601 1602/1602
f 1602/1602 1601/1601 1603/1603
f 1602/1602 1603/1603 1604/1604
f 1601/1601 1600/1600 1605/1605
f 1605/1605 1600/1600 1606/1606
f 1605/1605 1606/1606 1607/1607
f 1605/1605 1607/1607 1608/1608
f 1608/1608 1607/1607 1609/1609
f 1608/1608 1609/1609 1610/1610
f 1610/1610 1609/1609 1611/1611
f 1610/1610 1611/1611 1612/1612
f 1612/1612 1611/1611 1613/1613
f 1613/1613 1611/1611 1614/1614
f 1613/1613 1614/1614 1615/1615
f 1615/1615 1614/1614 1616/1616
f 1615/1615 1616/1616 1617/1617
f 1617/1617 1616/1616 1618/1618
f 1617/1617 1618/1618 1619/1619
f 1617/1617 1619/1619 1604/1604
f 1604/1604 1619/1619 1602/1602
f 1620/1620 1621/1621 1622/1622
f 1622/1622 1621/1621 1623/1623
f 1622/1622 1623/1623 1624/1624
f 1624/1624 1623/1623 1625/1625
f 1624/1624 1625/1625 1626/1626
f 1626/1626 1625/1625 1627/1627
f 1627/1627 1625/1625 1628/1628
f 1627/1627 1628/1628 1629/1629
f 1629/1629 1628/1628 1630/1630
f 1629/1629 1630/1630 1631/1631
f 1631/1631 1630/1630 1632/1632
f 1631/1631 1632/1632 1633/1633
f 1631/1631 1633/1633 1634/1634
f 1634/1634 1633/1633 1635/1635
f 1634/1634 1635/1635 1636/1636
f 1636/1636 1635/1635 1637/1637
f 1636/1636 1637/1637 1638/1638
f 1638/1638 1637/1637 1639/1639
f 1639/1639 1637/1637 1620/1620
f 1639/1639 1620/1620 1622/1622
f 1640/1640 1641/1641 1642/1642
f 1642/1642 1641/1641 1643/1643
f 1642/1642 1643/1643 1644/1644
f 1644/1644 1643/1643 1645/1645
f 1644/1644 1645/1645 1646/1646
f 1646/1646 1645/1645 1647/1647
f 1646/1646 1647/1647 1648/1648
f 1648/1648 1647/1647 1649/1649
f 1649/1649 1647/1647 1650/1650
f 1649/1649 1650/1650 1651/1651
f 1651/1651 1650/1650 1652/1652
f 1651/1651 1652/1652 1653/1653
f 1653/1653 1652/1652 1654/1654
f 1653/1653 1654/1654 1655/1655
f 1653/1653 1655/1655 1656/1656
f 1656/1656 1655/1655 1657/1657
f 1656/1656 1657/1657 1658/1658
f 1658/1658 1657/1657 1659/1659
f 1659/1659 1657/1657 1660/1660
f 1659/1659 1660/1660 1661/1661
f 1661/1661 1660/1660 1662/1662
f 1661/1661 1662/1662 1663/1663
f 1663/1663 1662/1662 1640/1640
f 1663/1663 1640/1640 1642/1642
f 1664/1664 1665/1665 1666/1666
f 1666/1666 1665/1665 1667/1667
f 1666/1666 1667/1667 1668/1668
f 1668/1668 1667/1667 1669/1669
f 1668/1668 1669/1669 1670/1670
f 1670/1670 1669/1669 1671/1671
f 1670/1670 1671/1671 1672/1672
f 1672/1672 1671/1671 1673/1673
f 1672/1672 1673/1673 1674/1674
f 1674/1674 1673/1673 1675/1675
f 1674/1674 1675/1675 1676/1676
f 1676/1676 1675/1675 1677/1677
f 1677/1677 1675/1675 1678/1678
f 1679/1679 1680/1680 1681/1681
f 1681/1681 1680/1680 1682/1682
f 1681/1681 1682/1682 1683/1683
f 1665/1665 1664/1664 1684/1684
f 1684/1684 1664/1664 1685/1685
f 1684/1684 1685/1685 1686/1686
f 1686/1686 1685/1685 1687/1687
f 1686/1686 1687/1687 1688/1688
f 1688/1688 1687/1687 1689/1689
f 1688/1688 1689/1689 1683/1683
f 1683/1683 1689/1689 1681/1681
f 1690/1690 1691/1691 1692/1692
f 1692/1692 1691/1691 1693/1693
f 1692/1692 1693/1693 1694/1694
f 1694/1694 1693/1693 1695/1695
f 1694/1694 1695/1695 1696/1696
f 1696/1696 1695/1695 1697/1697
f 1696/1696 1697/1697 1698/1698
f 1698/1698 1697/1697 1699/1699
f 1699/1699 1697/1697 1700/1700
f 1699/1699 1700/1700 1701/1701
f 1701/1701 1700/1700 1702/1702
f 1701/1701 1702/1702 1703/1703
f 1703/1703 1702/1702 1704/1704
f 1703/1703 1704/1704 1705/1705
f 1703/1703 1705/1705 1706/1706
f 1706/1706 1705/1705 1707/1707
f 1706/1706 1707/1707 1708/1708
f 1708/1708 1707/1707 1709/1709
f 1709/1709 1707/1707 1710/1710
f 1709/1709 1710/1710 1711/1711
f 1711/1711 1710/1710 1712/1712
f 1711/1711 1712/1712 1713/1713
f 1713/1713 1712/1712 1690/1690
f 1713/1713 1690/1690 1692/1692
f 1714/1714 1715/1715 1716/1716
f 1716/1716 1715/1715 1717/1717
f 1716/1716 1717/1717 1718/1718
f 1718/1718 1717/1717 1719/1719
f 1718/1718 1719/1719 1720/1720
f 1720/1720 1719/1719 1721/1721
f 1720/1720 1721/1721 1722/1722
f 1722/1722 1721/1721 1723/1723
f 1723/1723 1721/1721 1724/1724
f 1723/1723 1724/1724 1725/1725
f 1725/1725 1724/1724 1726/1726
f 1725/1725 1726/1726 1727/1727
f 1727/1727 1726/1726 1728/1728
f 1727/1727 1728/1728 1729/1729
f 1727/1727 1729/1729 1730/1730
f 1730/1730 1729/1729 1731/1731
f 1730/1730 1731/1731 1732/1732
f 1732/1732 1731/1731 1733/1733
f 1733/1733 1731/1731 1734/1734
f 1733/1733 1734/1734 1735/1735
f 1735/1735 1734/1734 1736/1736
f 1735/1735 1736/1736 1737/1737
f 1737/1737 1736/1736 1714/1714
f 1737/1737 1714/1714 1716/1716

o RoX_Simple_GK_kurz-mesh_1
usemtl material_short_frame_1
v -3.70249992 1.57454190 2.71736993
v -3.70249992 1.54212399 2.76217401
v -3.70249992 1.60661892 2.76217401
vt -0.22402100 0.00170296
vt 0.22402100 -0.32247901
vt 0.22402100 0.32247901
f 1738/1738 1739/1739 1740/1740

o RoX_Simple_GK_kurz-mesh_2
usemtl material_short_frame_2
v -3.69999992 -1.68999996 2.05267894
v -3.69999992 -1.69732098 2.05999995
v -3.69999992 -1.67999996 2.04999995
v -3.69999992 -1.69999996 2.06999995
v -3.69999992 -0.93999998 2.31499995
v -3.69999992 -0.96999998 2.32303797
v -3.69999992 -0.99196150 2.34499995
v -3.69999992 -0.99999998 2.37499995
v -3.69999992 -1.23300000 2.55355997
v -3.69999992 -1.15999997 2.53399988
v -3.69999992 -1.69999996 3.09999993
v -3.69999992 -1.30600003 2.67999994
v -3.69999992 -1.28643994 2.60700006
v -3.69999992 3.19999993 3.09999993
v -3.69999992 0.93999998 2.96499993
v -3.69999992 -0.93999998 2.96499993
v -3.69999992 -0.96999998 2.95696099
v -3.69999992 3.19999993 2.04999995
v -3.69999992 3.01634087 2.61300196
v -3.69999992 3.01634087 2.76217004
v -3.69999992 2.99097497 2.76217004
v -3.69999992 0.93999998 2.31499995
v -3.69999992 0.96999998 2.32303797
v -3.69999992 0.99196150 2.34499995
v -3.69999992 0.99999998 2.90499994
v -3.69999992 1.01399999 2.67999994
v -3.69999992 0.99999998 2.37499995
v -3.69999992 1.03356000 2.60700006
v -3.69999992 1.08699995 2.55355997
v -3.69999992 0.99196150 2.93499993
v -3.69999992 1.48365902 2.82062799
v -3.69999992 1.15999997 2.82600000
v -3.69999992 1.08699995 2.80644006
v -3.69999992 1.73580990 2.82062799
v -3.69999992 0.96999998 2.95696099
v -3.69999992 -0.99196150 2.93499993
v -3.69999992 -0.99999998 2.90499994
v -3.69999992 -1.15999997 2.82600000
v -3.69999992 -1.08699995 2.80644006
v -3.69999992 -1.03356000 2.75299982
v -3.69999992 -1.01399999 2.67999994
v -3.69999992 -1.03356000 2.60700006
v -3.69999992 -1.08699995 2.55355997
v -3.69999992 1.73580990 2.55437189
v -3.69999992 1.48365902 2.55437189
v -3.69999992 1.15999997 2.53399988
v -3.69999992 1.23300000 2.55355997
v -3.69999992 1.28643994 2.75299982
v -3.69999992 1.30600003 2.67999994
v -3.69999992 1.28643994 2.60700006
v -3.69999992 1.23300000 2.80644006
v -3.69999992 1.03356000 2.75299982
v -3.69999992 -1.23300000 2.80644006
v -3.69999992 -1.28643994 2.75299982
v -3.69999992 2.92159204 2.76217004
v -3.69999992 2.92246179 2.66135004
v -3.69999992 2.92159204 2.66135004
v -3.69999992 2.89817804 2.76217004
v -3.69999992 2.81579187 2.76217004
v -3.69999992 2.71627588 2.76217004
v -3.69999992 2.81579187 2.61300196
v -3.69999992 2.89817804 2.61300196
v -3.69999992 2.92159204 2.61300196
v -3.69999992 2.99292382 2.61300196
v -3.69999992 2.99205682 2.71750604
v -3.69999992 2.99292504 2.71750604
v -3.69999992 2.23831797 2.65803980
v -3.69999992 2.32161997 2.65245996
v -3.69999992 2.23571101 2.63834101
v -3.69999992 2.32397898 2.63573908
v -3.69999992 2.22993388 2.62572199
v -3.69999992 2.33105387 2.62329981
v -3.69999992 2.21954097 2.61739282
v -3.69999992 2.34403498 2.61557581
v -3.69999992 2.20252696 2.61275293
v -3.69999992 2.36411601 2.61300196
v -3.69999992 2.17688395 2.61120600
v -3.69999992 1.99494090 2.61300684
v -3.69999992 1.97044399 2.61300684
v -3.69999992 1.84272197 2.61300684
v -3.69999992 1.92512996 2.73939905
v -3.69999992 1.84272197 2.76216394
v -3.69999992 1.92512996 2.76216394
v -3.69999992 2.04025096 2.76216394
v -3.69999992 2.17688395 2.76402704
v -3.69999992 2.13412089 2.75784082
v -3.69999992 2.32313899 2.66649896
v -3.69999992 2.23918498 2.68761682
v -3.69999992 2.32768992 2.67696192
v -3.69999992 2.33598597 2.68422296
v -3.69999992 2.33725688 2.69378992
v -3.69999992 2.34872187 2.68866907
v -3.69999992 2.34872187 2.68953699
v -3.69999992 2.32931895 2.70091699
v -3.69999992 2.23831797 2.71719202
v -3.69999992 2.32468302 2.71113580
v -3.69999992 2.32313792 2.72466089
v -3.69999992 2.23571101 2.73689203
v -3.69999992 2.32555201 2.74100092
v -3.69999992 2.22993388 2.74950891
v -3.69999992 2.33278895 2.75273584
v -3.69999992 2.21954097 2.75784082
v -3.69999992 2.34544199 2.75981103
v -3.69999992 2.36410899 2.76217004
v -3.69999992 2.43501398 2.76217004
v -3.69999992 2.57988001 2.76381891
v -3.69999992 2.62248499 2.75764001
v -3.69999992 2.63286585 2.74932001
v -3.69999992 2.71627588 2.74005304
v -3.69999992 2.63863581 2.73671808
v -3.69999992 2.64123987 2.71704095
v -3.69999992 2.72646509 2.69929102
v -3.69999992 2.64210596 2.68750208
v -3.69999992 2.72646509 2.67717706
v -3.69999992 2.64123987 2.65796106
v -3.69999992 2.71627588 2.63511591
v -3.69999992 2.63863581 2.63828607
v -3.69999992 2.63286585 2.62568292
v -3.69999992 2.71627588 2.61300196
v -3.69999992 2.62248499 2.61736292
v -3.69999992 2.60549189 2.61272882
v -3.69999992 2.57988001 2.61118402
v -3.69999992 2.12364696 2.74948297
v -3.69999992 2.04025096 2.73939905
v -3.69999992 2.11783900 2.73678583
v -3.69999992 2.11523402 2.71705682
v -3.69999992 1.99494090 2.73939905
v -3.69999992 2.11436488 2.68761682
v -3.69999992 2.11523402 2.65817407
v -3.69999992 2.11783900 2.63844995
v -3.69999992 2.12364696 2.62575006
v -3.69999992 2.13412089 2.61739282
v -3.69999992 2.43501398 2.61300196
v -3.69999992 2.51743692 2.68750208
v -3.69999992 2.51830500 2.65809503
v -3.69999992 2.52090693 2.63839502
v -3.69999992 2.79129297 2.74005304
v -3.69999992 2.79129297 2.69929102
v -3.69999992 2.79129297 2.67717706
v -3.69999992 2.79129297 2.63511591
v -3.69999992 1.97044399 2.73939905
v -3.69999992 1.81822399 2.61300684
v -3.69999992 1.81822399 2.76216394
v -3.69999992 2.53716898 2.75764001
v -3.69999992 2.52670801 2.74929285
v -3.69999992 2.52090693 2.73661188
v -3.69999992 2.51830500 2.71690698
v -3.69999992 2.52670801 2.62571009
v -3.69999992 2.53716898 2.61736292
v -3.69999992 2.13941295 2.66357599
v -3.69999992 2.16017100 2.63399896
v -3.69999992 2.14095790 2.64876093
v -3.69999992 2.14996699 2.63595301
v -3.69999992 2.14424388 2.64045679
v -3.69999992 2.13889689 2.68761682
v -3.69999992 2.17688395 2.63334802
v -3.69999992 2.21465602 2.68761682
v -3.69999992 2.21414088 2.66357599
v -3.69999992 2.13941295 2.71165796
v -3.69999992 2.16017100 2.74123407
v -3.69999992 2.17688395 2.74188501
v -3.69999992 2.21414088 2.71165796
v -3.69999992 2.19357402 2.74123407
v -3.69999992 2.21259196 2.72647180
v -3.69999992 2.20369395 2.73928003
v -3.69999992 2.20933802 2.73477594
v -3.69999992 2.14095790 2.72647180
v -3.69999992 2.14996699 2.73928003
v -3.69999992 2.14424388 2.73477686
v -3.69999992 2.20369395 2.63595301
v -3.69999992 2.21259196 2.64876093
v -3.69999992 2.20933802 2.64045679
v -3.69999992 2.41051493 2.67739496
v -3.69999992 2.41051493 2.63489801
v -3.69999992 2.37148890 2.67739496
v -3.69999992 2.37148890 2.63489801
v -3.69999992 2.34612193 2.65614801
v -3.69999992 2.34669093 2.64882898
v -3.69999992 2.34839793 2.64335596
v -3.69999992 2.35609400 2.63685083
v -3.69999992 2.35145991 2.63945307
v -3.69999992 2.34750391 2.66625391
v -3.69999992 2.35937602 2.67622888
v -3.69999992 2.35165095 2.67273401
v -3.69999992 2.41051493 2.74005304
v -3.69999992 2.41051493 2.69950891
v -3.69999992 2.37235300 2.74005304
v -3.69999992 2.37235300 2.69950891
v -3.69999992 2.34764002 2.71967279
v -3.69999992 2.34907694 2.71037683
v -3.69999992 2.35338587 2.70416986
v -3.69999992 2.34815501 2.72693384
v -3.69999992 2.34969798 2.73224786
v -3.69999992 2.35696192 2.73831995
v -3.69999992 2.35254496 2.73593408
v -3.69999992 1.60661892 2.76217401
v -3.69999992 1.64871899 2.76217096
v -3.69999992 1.57454190 2.71736993
v -3.69999992 1.54148495 2.61282190
v -3.69999992 1.54212399 2.76217401
v -3.69999992 1.50777798 2.79650781
v -3.69999992 1.71169094 2.79650781
v -3.69999992 1.67737301 2.76217096
v -3.69999992 1.67824093 2.61282190
v -3.69999992 1.62462292 2.68771295
v -3.69999992 1.60942700 2.66709100
v -3.69999992 1.61116390 2.66709100
v -3.69999992 1.57013897 2.61282190
v -3.69999992 1.65045590 2.61282190
v -3.69999992 1.71169094 2.57849207
v -3.69999992 1.50777798 2.57849207
v 1.62839291 3.39999992 2.94632806
v 1.79572094 3.39999992 2.94632806
v 1.50182492 3.39999992 2.76871484
v 1.36999997 3.39999992 2.35326502
v -1.99999996 3.39999992 3.09999993
v -1.99999996 3.39999992 2.06999995
v -1.97999996 3.39999992 2.04999995
v -1.99732097 3.39999992 2.05999995
v -1.98999996 3.39999992 2.05267894
v 3.49999992 3.39999992 3.09999993
v 1.37249295 3.39999992 2.94632806
v 1.90958889 3.39999992 2.94632806
v 1.99118892 3.39999992 2.83595697
v 1.70045101 3.39999992 2.65101404
v 1.98675990 3.39999992 2.80790491
v 1.98234294 3.39999992 2.75917779
v 2.21230494 3.39999992 2.95387902
v 2.12590800 3.39999992 2.94757287
v 2.08365199 3.39999992 2.93875878
v 3.49999992 3.39999992 2.04999995
v 1.48365902 3.39999992 2.35326502
v 1.80300701 3.39999992 2.35326502
v 1.63971691 3.39999992 2.56880091
v 1.64702999 3.39999992 2.56880091
v 1.91319301 3.39999992 2.35326502
v 2.21989100 3.39999992 2.34796397
v 2.25728099 3.39999992 2.34927195
v 1.99466502 3.39999992 2.45178492
v 2.01591899 3.39999992 2.40646891
v 2.05485789 3.39999992 2.37409998
v 2.65758997 3.39999992 2.93132196
v 2.29603999 3.39999992 2.95125299
v 2.74168481 3.39999992 2.94675286
v 3.02999993 3.39999992 2.94708795
v 3.02999993 3.39999992 2.35482600
v 2.93286798 3.39999992 2.35482600
v 2.67537103 3.39999992 2.35482600
v 2.76368097 3.39999992 2.57890497
v 2.39190195 3.39999992 2.93097497
v 2.63470697 3.39999992 2.91968988
v 2.42762690 3.39999992 2.90697290
v 2.60564203 3.39999992 2.89077081
v 2.44809595 3.39999992 2.87952203
v 2.45427790 3.39999992 2.86568292
v 2.46081400 3.39999992 2.84187280
v 2.58468988 3.39999992 2.81783899
v 2.47187998 3.39999992 2.74195581
v 2.58453608 3.39999992 2.74178491
v 2.58699579 3.39999992 2.71584680
v 2.59267908 3.39999992 2.68269708
v 2.47328196 3.39999992 2.61992487
v 2.61725305 3.39999992 2.62172907
v 2.63935480 3.39999992 2.60388086
v 2.47141794 3.39999992 2.55673197
v 2.66951502 3.39999992 2.59118891
v 2.46761088 3.39999992 2.50561991
v 2.46256495 3.39999992 2.46721689
v 2.57209284 3.39999992 2.35482600
v 2.45595194 3.39999992 2.44095896
v 2.42818400 3.39999992 2.39566599
v 2.37163096 3.39999992 2.36352900
v 2.32225092 3.39999992 2.35367701
v 2.30548396 3.39999992 2.35175288
v 2.28152400 3.39999992 2.35033900
v 2.93286798 3.39999992 2.57890497
v 2.05442302 3.39999992 2.92750604
v 2.01976695 3.39999992 2.90055383
v 1.97970699 3.39999992 2.63511194
v 1.98039501 3.39999992 2.59685297
v 1.98258495 3.39999992 2.54608500
v 1.98777797 3.39999992 2.49204996
v 2.12584788 3.39999992 2.35426692
v 2.16614802 3.39999992 2.35002802
v 2.24367289 3.39999992 2.95379388
v 2.30356898 3.39999992 2.86210901
v 2.37360697 3.39999992 2.70452600
v 2.22245997 3.39999992 2.86594293
v 2.07679195 3.39999992 2.63672388
v 2.07730098 3.39999992 2.71722803
v 2.34374796 3.39999992 2.84860681
v 2.36380000 3.39999992 2.81409204
v 2.37376994 3.39999992 2.60491907
v 2.22499797 3.39999992 2.43560496
v 2.08154201 3.39999992 2.54266489
v 2.14351191 3.39999992 2.44144892
v 2.11670100 3.39999992 2.45037195
v 2.37142695 3.39999992 2.54390589
v 2.32421595 3.39999992 2.44304590
v 2.36574000 3.39999992 2.49510691
v 2.35139201 3.39999992 2.46021891
v 2.09960902 3.39999992 2.46898997
v 2.08347392 3.39999992 2.78589685
v 2.14341090 3.39999992 2.86096490
v 2.08988902 3.39999992 2.81553705
v 2.09697993 3.39999992 2.83224206
v 2.10814998 3.39999992 2.84696588
v -1.62839291 -3.39999992 2.94632806
v -1.79572094 -3.39999992 2.94632806
v -1.50182492 -3.39999992 2.76871484
v -1.36999997 -3.39999992 2.35326502
v 1.99999996 -3.39999992 3.09999993
v 1.99999996 -3.39999992 2.06999995
v 1.97999996 -3.39999992 2.04999995
v 1.99732097 -3.39999992 2.05999995
v 1.98999996 -3.39999992 2.05267894
v -3.49999992 -3.39999992 3.09999993
v -1.37249295 -3.39999992 2.94632806
v -1.90958889 -3.39999992 2.94632806
v -1.99118892 -3.39999992 2.83595697
v -1.70045101 -3.39999992 2.65101404
v -1.98675990 -3.39999992 2.80790491
v -1.98234294 -3.39999992 2.75917779
v -2.21230494 -3.39999992 2.95387902
v -2.12590800 -3.39999992 2.94757287
v -2.08365199 -3.39999992 2.93875878
v -3.49999992 -3.39999992 2.04999995
v -1.48365902 -3.39999992 2.35326502
v -1.80300701 -3.39999992 2.35326502
v -1.63971691 -3.39999992 2.56880091
v -1.64702999 -3.39999992 2.56880091
v -1.91319301 -3.39999992 2.35326502
v -2.21989100 -3.39999992 2.34796397
v -2.25728099 -3.39999992 2.34927195
v -1.99466502 -3.39999992 2.45178492
v -2.01591899 -3.39999992 2.40646891
v -2.05485789 -3.39999992 2.37409998
v -2.65758997 -3.39999992 2.93132196
v -2.29603999 -3.39999992 2.95125299
v -2.74168481 -3.39999992 2.94675286
v -3.02999993 -3.39999992 2.94708795
v -3.02999993 -3.39999992 2.35482600
v -2.93286798 -3.39999992 2.35482600
v -2.67537103 -3.39999992 2.35482600
v -2.76368097 -3.39999992 2.57890497
v -2.39190195 -3.39999992 2.93097497
v -2.63470697 -3.39999992 2.91968988
v -2.42762690 -3.39999992 2.90697290
v -2.60564203 -3.39999992 2.89077081
v -2.44809595 -3.39999992 2.87952203
v -2.45427790 -3.39999992 2.86568292
v -2.46081400 -3.39999992 2.84187280
v -2.58468988 -3.39999992 2.81783899
v -2.47187998 -3.39999992 2.74195581
v -2.58453608 -3.39999992 2.74178491
v -2.58699579 -3.39999992 2.71584680
v -2.59267908 -3.39999992 2.68269708
v -2.47328196 -3.39999992 2.61992487
v -2.61725305 -3.39999992 2.62172907
v -2.63935480 -3.39999992 2.60388086
v -2.47141794 -3.39999992 2.55673197
v -2.66951502 -3.39999992 2.59118891
v -2.46761088 -3.39999992 2.50561991
v -2.46256495 -3.39999992 2.46721689
v -2.57209284 -3.39999992 2.35482600
v -2.45595194 -3.39999992 2.44095896
v -2.42818400 -3.39999992 2.39566599
v -2.37163096 -3.39999992 2.36352900
v -2.32225092 -3.39999992 2.35367701
v -2.30548396 -3.39999992 2.35175288
v -2.28152400 -3.39999992 2.35033900
v -2.93286798 -3.39999992 2.57890497
v -2.05442302 -3.39999992 2.92750604
v -2.01976695 -3.39999992 2.90055383
v -1.97970699 -3.39999992 2.63511194
v -1.98039501 -3.39999992 2.59685297
v -1.98258495 -3.39999992 2.54608500
v -1.98777797 -3.39999992 2.49204996
v -2.12584788 -3.39999992 2.35426692
v -2.16614802 -3.39999992 2.35002802
v -2.24367289 -3.39999992 2.95379388
v -2.30356898 -3.39999992 2.86210901
v -2.37360697 -3.39999992 2.70452600
v -2.22245997 -3.39999992 2.86594293
v -2.07679195 -3.39999992 2.63672388
v -2.07730098 -3.39999992 2.71722803
v -2.34374796 -3.39999992 2.84860681
v -2.36380000 -3.39999992 2.81409204
v -2.37376994 -3.39999992 2.60491907
v -2.22499797 -3.39999992 2.43560496
v -2.08154201 -3.39999992 2.54266489
v -2.14351191 -3.39999992 2.44144892
v -2.11670100 -3.39999992 2.45037195
v -2.37142695 -3.39999992 2.54390589
v -2.32421595 -3.39999992 2.44304590
v -2.36574000 -3.39999992 2.49510691
v -2.35139201 -3.39999992 2.46021891
v -2.09960902 -3.39999992 2.46898997
v -2.08347392 -3.39999992 2.78589685
v -2.14341090 -3.39999992 2.86096490
v -2.08988902 -3.39999992 2.81553705
v -2.09697993 -3.39999992 2.83224206
v -2.10814998 -3.39999992 2.84696588
v -3.69999992 -1.68999996 0.30267949
v -3.69999992 -1.69732098 0.30999999
v -3.69999992 -1.67999996 0.29999999
v -3.69999992 -1.69999996 0.31999999
v -3.69999992 -0.42499999 0.47621497
v -3.69999992 -0.42499999 1.37378491
v -3.69999992 -1.69999996 1.54999997
v -3.69999992 0.42499999 1.37378491
v -3.69999992 3.19999993 1.54999997
v -3.69999992 3.19999993 0.29999999
v -3.69999992 0.42499999 0.47621497
v 3.69999992 1.68999996 0.30267949
v 3.69999992 1.69732098 0.30999999
v 3.69999992 1.67999996 0.29999999
v 3.69999992 1.69999996 0.31999999
v 3.69999992 0.42499999 0.47621497
v 3.69999992 0.42499999 1.37378491
v 3.69999992 1.69999996 1.54999997
v 3.69999992 -0.42499999 1.37378491
v 3.69999992 -3.19999993 1.54999997
v 3.69999992 -3.19999993 0.29999999
v 3.69999992 -0.42499999 0.47621497
v -3.90106101 -1.23218999 2.65999994
v -3.90337699 -1.23128095 2.65999994
v -3.89859183 -1.23249997 2.65999994
v -3.90539695 -1.22982801 2.65999994
v -3.89751883 -1.23249997 2.65999994
v -3.93259391 -1.20457395 2.65999994
v -3.93259391 -1.11542600 2.65999994
v -3.93593283 -1.11747899 2.65999994
v -3.93593283 -1.20252095 2.65999994
v -3.93980490 -1.11808996 2.65999994
v -3.93980490 -1.20190999 2.65999994
v -3.94361380 -1.11716596 2.65999994
v -3.94361380 -1.20283399 2.65999994
v -4.03251883 -1.15999997 2.65999994
v -4.03836783 -1.17607000 2.65999994
v -3.98800589 -1.22347394 2.65999994
v -4.03371298 -1.22810094 2.65999994
v -4.05317801 -1.18461995 2.65999994
v -4.07244376 -1.20339597 2.65999994
v -4.07001883 -1.18165097 2.65999994
v -4.08101096 -1.16855100 2.65999994
v -4.08751883 -1.15999997 2.65999994
v -4.08101096 -1.15144994 2.65999994
v -4.07244376 -1.11660398 2.65999994
v -4.07001883 -1.13834897 2.65999994
v -4.05317801 -1.13537999 2.65999994
v -4.03371298 -1.09189901 2.65999994
v -4.03836783 -1.14392995 2.65999994
v -3.98800589 -1.09652601 2.65999994
v -3.89751883 -1.08749998 2.65999994
v -3.90539695 -1.09017194 2.65999994
v -3.89859183 -1.08749998 2.65999994
v -3.90337699 -1.08871900 2.65999994
v -3.90106101 -1.08780996 2.65999994
v -4.03836783 -1.17607000 2.65999994
v -4.03969779 -1.17495298 2.66015192
v -4.03251883 -1.15999997 2.65999994
v -4.03425589 -1.15999997 2.66015192
v -4.03251883 -1.15999997 2.65999994
v -4.03425589 -1.15999997 2.66015192
v -4.03836783 -1.14392995 2.65999994
v -4.03969779 -1.14504697 2.66015192
v -4.05317801 -1.13537999 2.65999994
v -4.05347891 -1.13708997 2.66015192
v -4.07001883 -1.13834897 2.65999994
v -4.06915091 -1.13985296 2.66015192
v -4.08101096 -1.15144994 2.65999994
v -4.07937979 -1.15204297 2.66015192
v -4.08101096 -1.16855100 2.65999994
v -4.07937979 -1.16795697 2.66015192
v -4.07001883 -1.18165097 2.65999994
v -4.06915091 -1.18014699 2.66015192
v -4.05317801 -1.18461995 2.65999994
v -4.05347891 -1.18290998 2.66015192
v -4.03836783 -1.14392995 2.67999994
v -4.03969779 -1.14504697 2.67984796
v -4.03251883 -1.15999997 2.67999994
v -4.03425589 -1.15999997 2.67984796
v -4.03251883 -1.15999997 2.67999994
v -4.03425589 -1.15999997 2.67984796
v -4.03836783 -1.17607000 2.67999994
v -4.03969779 -1.17495298 2.67984796
v -4.05317801 -1.18461995 2.67999994
v -4.05347891 -1.18290998 2.67984796
v -4.07001883 -1.18165097 2.67999994
v -4.06915091 -1.18014699 2.67984796
v -4.08101096 -1.16855100 2.67999994
v -4.07937979 -1.16795697 2.67984796
v -4.08101096 -1.15144994 2.67999994
v -4.07937979 -1.15204297 2.67984796
v -4.07001883 -1.13834897 2.67999994
v -4.06915091 -1.13985296 2.67984796
v -4.05317801 -1.13537999 2.67999994
v -4.05347891 -1.13708997 2.67984796
v -4.04251883 -1.15999997 2.66999994
v -4.04017996 -1.15999997 2.67642786
v -4.04602896 -1.15035795 2.66999994
v -4.04423605 -1.14885396 2.67642786
v -4.04602896 -1.15035795 2.66999994
v -4.04423605 -1.14885396 2.67642786
v -4.05491385 -1.14522794 2.66999994
v -4.05491385 -1.14522794 2.66999994
v -4.05450797 -1.14292394 2.67642786
v -4.05450797 -1.14292394 2.67642786
v -4.06501883 -1.14700994 2.66999994
v -4.06501883 -1.14700994 2.66999994
v -4.06618887 -1.14498296 2.67642786
v -4.06618887 -1.14498296 2.67642786
v -4.07161398 -1.15486997 2.66999994
v -4.07161398 -1.15486997 2.66999994
v -4.07381278 -1.15406995 2.67642786
v -4.07381278 -1.15406995 2.67642786
v -4.07161398 -1.16512998 2.66999994
v -4.07161398 -1.16512998 2.66999994
v -4.07381278 -1.16593099 2.67642786
v -4.07381278 -1.16593099 2.67642786
v -4.06501883 -1.17299001 2.66999994
v -4.06501883 -1.17299001 2.66999994
v -4.06618887 -1.17501699 2.67642786
v -4.06618887 -1.17501699 2.67642786
v -4.05491385 -1.17477201 2.66999994
v -4.05491385 -1.17477201 2.66999994
v -4.05450797 -1.17707601 2.67642786
v -4.05450797 -1.17707601 2.67642786
v -4.04602896 -1.16964200 2.66999994
v -4.04602896 -1.16964200 2.66999994
v -4.04423605 -1.17114599 2.67642786
v -4.04251883 -1.15999997 2.66999994
v -4.04017996 -1.15999997 2.67642786
v -4.04251883 -1.15999997 2.66999994
v -4.04017996 -1.15999997 2.66357202
v -4.04602896 -1.16964200 2.66999994
v -4.04017996 -1.15999997 2.66357202
v -4.04423605 -1.17114599 2.66357202
v -4.05450797 -1.17707601 2.66357202
v -4.06618887 -1.17501699 2.66357202
v -4.07381278 -1.16593099 2.66357202
v -4.07381278 -1.15406995 2.66357202
v -4.06618887 -1.14498296 2.66357202
v -4.05450797 -1.14292394 2.66357202
v -4.04423605 -1.14885396 2.66357202
v -4.04423605 -1.17114599 2.66357202
v -4.04423605 -1.14885396 2.67642786
v -3.90337699 -1.23128095 2.67999994
v -3.89859183 -1.23249997 2.67999994
v -3.90539695 -1.22982801 2.67999994
v -3.89751883 -1.23249997 2.67999994
v -3.93259391 -1.20457395 2.67999994
v -3.93259391 -1.11542600 2.67999994
v -3.93593283 -1.11747899 2.67999994
v -3.90106101 -1.23218999 2.67999994
v -3.89751883 -1.08749998 2.67999994
v -3.90539695 -1.09017194 2.67999994
v -3.89859183 -1.08749998 2.67999994
v -3.90337699 -1.08871900 2.67999994
v -3.90106101 -1.08780996 2.67999994
v -3.93593283 -1.20252095 2.67999994
v -3.93980490 -1.11808996 2.67999994
v -3.93980490 -1.20190999 2.67999994
v -3.94361380 -1.11716596 2.67999994
v -3.94361380 -1.20283399 2.67999994
v -4.03251883 -1.15999997 2.67999994
v -4.03836783 -1.17607000 2.67999994
v -4.03836783 -1.14392995 2.67999994
v -3.98800589 -1.09652601 2.67999994
v -4.03371298 -1.09189901 2.67999994
v -4.05317801 -1.13537999 2.67999994
v -4.07244376 -1.11660398 2.67999994
v -4.07001883 -1.13834897 2.67999994
v -4.08101096 -1.15144994 2.67999994
v -4.08751883 -1.15999997 2.67999994
v -4.08101096 -1.16855100 2.67999994
v -4.07244376 -1.20339597 2.67999994
v -4.07001883 -1.18165097 2.67999994
v -4.05317801 -1.18461995 2.67999994
v -4.03371298 -1.22810094 2.67999994
v -3.98800589 -1.22347394 2.67999994
v -3.90539695 -1.22982801 2.67999994
v -3.90539695 -1.22982801 2.65999994
v -3.90337699 -1.23128095 2.67999994
v -3.90337699 -1.23128095 2.65999994
v -3.90106101 -1.23218999 2.67999994
v -3.90106101 -1.23218999 2.65999994
v -3.89859183 -1.23249997 2.67999994
v -3.89859183 -1.23249997 2.65999994
v -3.89859183 -1.23249997 2.65999994
v -3.89751883 -1.23249997 2.65999994
v -3.89859183 -1.23249997 2.67999994
v -3.89751883 -1.23249997 2.67999994
v -3.89859183 -1.08749998 2.67999994
v -3.89859183 -1.08749998 2.65999994
v -3.90106101 -1.08780996 2.67999994
v -3.90106101 -1.08780996 2.65999994
v -3.90337699 -1.08871900 2.67999994
v -3.90337699 -1.08871900 2.65999994
v -3.90539695 -1.09017194 2.67999994
v -3.90539695 -1.09017194 2.65999994
v -3.89859183 -1.08749998 2.67999994
v -3.89751883 -1.08749998 2.67999994
v -3.89859183 -1.08749998 2.65999994
v -3.89751883 -1.08749998 2.65999994
v -3.94361380 -1.11716596 2.65999994
v -3.94361380 -1.11716596 2.67999994
v -3.93980490 -1.11808996 2.65999994
v -3.93980490 -1.11808996 2.67999994
v -3.93593283 -1.11747899 2.67999994
v -3.93259391 -1.11542600 2.67999994
v -3.93259391 -1.11542600 2.65999994
v -3.93593283 -1.11747899 2.65999994
v -3.90539695 -1.09017194 2.65999994
v -3.93259391 -1.11542600 2.65999994
v -3.90539695 -1.09017194 2.67999994
v -3.93259391 -1.11542600 2.67999994
v -3.93259391 -1.20457395 2.65999994
v -3.93259391 -1.20457395 2.67999994
v -3.93593283 -1.20252095 2.65999994
v -3.93593283 -1.20252095 2.67999994
v -3.93980490 -1.20190999 2.67999994
v -3.94361380 -1.20283399 2.67999994
v -3.94361380 -1.20283399 2.65999994
v -3.93980490 -1.20190999 2.65999994
v -3.94361380 -1.20283399 2.67999994
v -3.98800589 -1.22347394 2.67999994
v -3.94361380 -1.20283399 2.65999994
v -3.98800589 -1.22347394 2.65999994
v -3.94361380 -1.11716596 2.65999994
v -3.98800589 -1.09652601 2.65999994
v -3.94361380 -1.11716596 2.67999994
v -3.98800589 -1.09652601 2.67999994
v -3.98800589 -1.22347394 2.65999994
v -3.98800589 -1.22347394 2.67999994
v -4.03371298 -1.22810094 2.65999994
v -4.03371298 -1.22810094 2.67999994
v -4.07244376 -1.20339597 2.65999994
v -4.07244376 -1.20339597 2.67999994
v -4.08751883 -1.15999997 2.65999994
v -4.08751883 -1.15999997 2.67999994
v -4.07244376 -1.11660398 2.65999994
v -4.07244376 -1.11660398 2.67999994
v -4.03371298 -1.09189901 2.65999994
v -4.03371298 -1.09189901 2.67999994
v -3.98800589 -1.09652601 2.65999994
v -3.98800589 -1.09652601 2.67999994
v -3.90539695 -1.22982801 2.67999994
v -3.93259391 -1.20457395 2.67999994
v -3.90539695 -1.22982801 2.65999994
v -3.93259391 -1.20457395 2.65999994
v -1.33499997 3.15999993 3.32999993
v -1.33499997 3.15999993 3.35999992
v -1.33365994 3.16499993 3.32999993
v -1.33365994 3.16499993 3.35999992
v -1.32999997 3.16865990 3.32999993
v -1.32999997 3.16865990 3.35999992
v -1.32499997 3.16999993 3.32999993
v -1.32499997 3.16999993 3.35999992
v 1.33499997 3.15999993 3.32999993
v -1.33499997 3.15999993 3.32999993
v 1.33365994 3.16499993 3.32999993
v -1.33365994 3.16499993 3.32999993
v 1.32999997 3.16865990 3.32999993
v -1.32999997 3.16865990 3.32999993
v 1.32499997 3.16999993 3.32999993
v -1.32499997 3.16999993 3.32999993
v -1.32499997 3.16999993 3.35999992
v 1.32499997 3.16999993 3.35999992
v -1.32499997 3.16999993 3.32999993
v 1.32499997 3.16999993 3.32999993
v 1.32499997 3.16999993 3.32999993
v 1.32499997 3.16999993 3.35999992
v 1.32999997 3.16865990 3.32999993
v 1.32999997 3.16865990 3.35999992
v 1.33365994 3.16499993 3.32999993
v 1.33365994 3.16499993 3.35999992
v 1.33499997 3.15999993 3.32999993
v 1.33499997 3.15999993 3.35999992
v 1.33499997 -3.15999993 3.32999993
v 1.33499997 -3.15999993 3.35999992
v 1.33365994 -3.16499993 3.32999993
v 1.33365994 -3.16499993 3.35999992
v 1.32999997 -3.16865990 3.32999993
v 1.32999997 -3.16865990 3.35999992
v 1.32499997 -3.16999993 3.32999993
v 1.32499997 -3.16999993 3.35999992
v -1.33499997 -3.15999993 3.32999993
v 1.33499997 -3.15999993 3.32999993
v -1.33365994 -3.16499993 3.32999993
v 1.33365994 -3.16499993 3.32999993
v -1.32999997 -3.16865990 3.32999993
v 1.32999997 -3.16865990 3.32999993
v -1.32499997 -3.16999993 3.32999993
v 1.32499997 -3.16999993 3.32999993
v 1.32499997 -3.16999993 3.35999992
v -1.32499997 -3.16999993 3.35999992
v 1.32499997 -3.16999993 3.32999993
v -1.32499997 -3.16999993 3.32999993
v -1.32499997 -3.16999993 3.32999993
v -1.32499997 -3.16999993 3.35999992
v -1.32999997 -3.16865990 3.32999993
v -1.32999997 -3.16865990 3.35999992
v -1.33365994 -3.16499993 3.32999993
v -1.33365994 -3.16499993 3.35999992
v -1.33499997 -3.15999993 3.32999993
v -1.33499997 -3.15999993 3.35999992
v 1.33499997 3.15999993 3.35999992
v 1.33499997 -3.15999993 3.35999992
v 1.33499997 3.15999993 3.32999993
v 1.33499997 -3.15999993 3.32999993
v -1.33499997 3.15999993 3.32999993
v -1.33499997 -3.15999993 3.32999993
v -1.33499997 3.15999993 3.35999992
v -1.33499997 -3.15999993 3.35999992
v -1.32999997 3.16865990 3.35999992
v -1.33499997 3.15999993 3.35999992
v -1.32499997 3.16999993 3.35999992
v -1.33499997 -3.15999993 3.35999992
v -1.32499997 -3.16999993 3.35999992
v -1.32999997 -3.16865990 3.35999992
v -1.33365994 -3.16499993 3.35999992
v -1.33365994 3.16499993 3.35999992
v 1.32499997 -3.16999993 3.35999992
v 1.32499997 3.16999993 3.35999992
v 1.33499997 -3.15999993 3.35999992
v 1.33499997 3.15999993 3.35999992
v 1.32999997 -3.16865990 3.35999992
v 1.33365994 -3.16499993 3.35999992
v 1.33365994 3.16499993 3.35999992
v 1.32999997 3.16865990 3.35999992
v -1.33999997 3.13999993 3.32999993
v -1.33999997 -3.13999993 3.32999993
v -1.33499997 -3.15999993 3.32999993
v -1.44999997 -3.13999993 3.32999993
v -1.52999997 -3.13999993 3.32999993
v -1.52999997 3.13999993 3.32999993
v -1.44999997 3.13999993 3.32999993
v -1.33499997 3.15999993 3.32999993
v -1.63999996 -3.13999993 3.32999993
v -2.99999993 -3.13999993 3.32999993
v -3.40999992 -3.15999993 3.32999993
v -3.10999993 -3.13999993 3.32999993
v -3.18999993 -3.13999993 3.32999993
v -3.18999993 3.13999993 3.32999993
v -3.10999993 3.13999993 3.32999993
v -3.40999992 3.15999993 3.32999993
v -2.99999993 3.13999993 3.32999993
v -1.63999996 3.13999993 3.32999993
v -3.29999993 -3.13999993 3.32999993
v -3.45999992 -3.10999993 3.32999993
v -3.43499992 -3.15330193 3.32999993
v -3.45330192 -3.13499993 3.32999993
v -3.45999992 3.10999993 3.32999993
v -3.29999993 3.13999993 3.32999993
v -3.43499992 3.15330193 3.32999993
v -3.45330192 3.13499993 3.32999993
v 1.52999997 -3.13999993 3.32999993
v 1.33499997 -3.15999993 3.32999993
v 1.63999996 -3.13999993 3.32999993
v 2.99999993 -3.13999993 3.32999993
v 1.63999996 3.13999993 3.32999993
v 2.99999993 3.13999993 3.32999993
v 1.33499997 3.15999993 3.32999993
v 3.40999992 3.15999993 3.32999993
v 3.10999993 3.13999993 3.32999993
v 3.18999993 3.13999993 3.32999993
v 3.18999993 -3.13999993 3.32999993
v 3.10999993 -3.13999993 3.32999993
v 3.40999992 -3.15999993 3.32999993
v 1.52999997 3.13999993 3.32999993
v 1.44999997 3.13999993 3.32999993
v 1.44999997 -3.13999993 3.32999993
v 1.33999997 -3.13999993 3.32999993
v 1.33999997 3.13999993 3.32999993
v 3.29999993 -3.13999993 3.32999993
v 3.45999992 -3.10999993 3.32999993
v 3.45999992 3.10999993 3.32999993
v 3.29999993 3.13999993 3.32999993
v 3.43499992 3.15330193 3.32999993
v 3.45330192 3.13499993 3.32999993
v 3.43499992 -3.15330193 3.32999993
v 3.45330192 -3.13499993 3.32999993
v 3.46999992 -3.10999993 3.31999993
v 3.46865990 -3.10999993 3.32499993
v 3.46196098 -3.13999993 3.31999993
v 3.46080192 -3.13933007 3.32499993
v 3.43999992 -3.16196190 3.31999993
v 3.43933006 -3.16080193 3.32499993
v 3.40999992 -3.16999993 3.31999993
v 3.40999992 -3.16865990 3.32499993
v 3.43749992 -3.15763085 3.32865990
v 3.40999992 -3.16499993 3.32865990
v 3.43499992 -3.15330193 3.32999993
v 3.40999992 -3.15999993 3.32999993
v 3.46499992 -3.10999993 3.32865990
v 3.45763084 -3.13749993 3.32865990
v 3.45999992 -3.10999993 3.32999993
v 3.45330192 -3.13499993 3.32999993
v -3.40999992 -3.15999993 3.32999993
v -3.40999992 -3.16499993 3.32865990
v -1.33499997 -3.15999993 3.32999993
v 3.40999992 -3.16499993 3.32865990
v 1.33499997 -3.15999993 3.32999993
v 3.40999992 -3.15999993 3.32999993
v 3.40999992 -3.16865990 3.32499993
v -3.40999992 -3.16865990 3.32499993
v 3.40999992 -3.16999993 3.31999993
v -3.40999992 -3.16999993 3.31999993
v -3.45999992 -3.10999993 3.32999993
v -3.46499992 -3.10999993 3.32865990
v -3.45330192 -3.13499993 3.32999993
v -3.45763084 -3.13749993 3.32865990
v -3.43499992 -3.15330193 3.32999993
v -3.43749992 -3.15763085 3.32865990
v -3.40999992 -3.15999993 3.32999993
v -3.40999992 -3.16499993 3.32865990
v -3.43933006 -3.16080193 3.32499993
v -3.40999992 -3.16865990 3.32499993
v -3.43999992 -3.16196190 3.31999993
v -3.40999992 -3.16999993 3.31999993
v -3.46865990 -3.10999993 3.32499993
v -3.46080192 -3.13933007 3.32499993
v -3.46999992 -3.10999993 3.31999993
v -3.46196098 -3.13999993 3.31999993
v -3.45999992 -3.10999993 3.32999993
v -3.45999992 3.10999993 3.32999993
v -3.46499992 -3.10999993 3.32865990
v -3.46499992 3.10999993 3.32865990
v -3.46865990 -3.10999993 3.32499993
v -3.46865990 3.10999993 3.32499993
v -3.46999992 -3.10999993 3.31999993
v -3.46999992 3.10999993 3.31999993
v -3.40999992 3.15999993 3.32999993
v -3.40999992 3.16499993 3.32865990
v -3.43499992 3.15330193 3.32999993
v -3.43749992 3.15763085 3.32865990
v -3.45330192 3.13499993 3.32999993
v -3.45763084 3.13749993 3.32865990
v -3.45999992 3.10999993 3.32999993
v -3.46499992 3.10999993 3.32865990
v -3.46080192 3.13933007 3.32499993
v -3.46865990 3.10999993 3.32499993
v -3.46196098 3.13999993 3.31999993
v -3.46999992 3.10999993 3.31999993
v -3.40999992 3.16865990 3.32499993
v -3.43933006 3.16080193 3.32499993
v -3.40999992 3.16999993 3.31999993
v -3.43999992 3.16196190 3.31999993
v 3.40999992 3.15999993 3.32999993
v 3.40999992 3.16499993 3.32865990
v 1.33499997 3.15999993 3.32999993
v -3.40999992 3.16499993 3.32865990
v -1.33499997 3.15999993 3.32999993
v -3.40999992 3.15999993 3.32999993
v -3.40999992 3.16865990 3.32499993
v 3.40999992 3.16865990 3.32499993
v -3.40999992 3.16999993 3.31999993
v 3.40999992 3.16999993 3.31999993
v 3.45999992 3.10999993 3.32999993
v 3.46499992 3.10999993 3.32865990
v 3.45330192 3.13499993 3.32999993
v 3.45763084 3.13749993 3.32865990
v 3.43499992 3.15330193 3.32999993
v 3.43749992 3.15763085 3.32865990
v 3.40999992 3.15999993 3.32999993
v 3.40999992 3.16499993 3.32865990
v 3.43933006 3.16080193 3.32499993
v 3.40999992 3.16865990 3.32499993
v 3.43999992 3.16196190 3.31999993
v 3.40999992 3.16999993 3.31999993
v 3.46865990 3.10999993 3.32499993
v 3.46080192 3.13933007 3.32499993
v 3.46999992 3.10999993 3.31999993
v 3.46196098 3.13999993 3.31999993
v 3.46999992 -3.10999993 3.31999993
v 3.46999992 3.10999993 3.31999993
v 3.46865990 -3.10999993 3.32499993
v 3.46865990 3.10999993 3.32499993
v 3.46499992 -3.10999993 3.32865990
v 3.46499992 3.10999993 3.32865990
v 3.45999992 -3.10999993 3.32999993
v 3.45999992 3.10999993 3.32999993
v -3.40999992 3.16999993 3.31999993
v 3.40999992 3.16999993 3.31999993
v -3.40999992 3.16999993 3.29999993
v 3.40999992 3.16999993 3.29999993
v 3.40999992 3.16999993 3.29999993
v 3.40999992 3.16999993 3.31999993
v 3.43999992 3.16196190 3.29999993
v 3.43999992 3.16196190 3.31999993
v 3.46196098 3.13999993 3.29999993
v 3.46196098 3.13999993 3.31999993
v 3.46999992 3.10999993 3.29999993
v 3.46999992 3.10999993 3.31999993
v 3.46999992 3.10999993 3.31999993
v 3.46999992 -3.10999993 3.31999993
v 3.46999992 3.10999993 3.29999993
v 3.46999992 -3.10999993 3.29999993
v 3.46999992 -3.10999993 3.29999993
v 3.46999992 -3.10999993 3.31999993
v 3.46196098 -3.13999993 3.29999993
v 3.46196098 -3.13999993 3.31999993
v 3.43999992 -3.16196190 3.29999993
v 3.43999992 -3.16196190 3.31999993
v 3.40999992 -3.16999993 3.29999993
v 3.40999992 -3.16999993 3.31999993
v -3.40999992 -3.16999993 3.29999993
v -3.40999992 -3.16999993 3.31999993
v -3.43999992 -3.16196190 3.29999993
v -3.43999992 -3.16196190 3.31999993
v -3.46196098 -3.13999993 3.29999993
v -3.46196098 -3.13999993 3.31999993
v -3.46999992 -3.10999993 3.29999993
v -3.46999992 -3.10999993 3.31999993
v 3.40999992 -3.16999993 3.31999993
v -3.40999992 -3.16999993 3.31999993
v 3.40999992 -3.16999993 3.29999993
v -3.40999992 -3.16999993 3.29999993
v -3.46999992 3.10999993 3.29999993
v -3.46999992 3.10999993 3.31999993
v -3.46196098 3.13999993 3.29999993
v -3.46196098 3.13999993 3.31999993
v -3.43999992 3.16196190 3.29999993
v -3.43999992 3.16196190 3.31999993
v -3.40999992 3.16999993 3.29999993
v -3.40999992 3.16999993 3.31999993
v -3.46999992 -3.10999993 3.31999993
v -3.46999992 3.10999993 3.31999993
v -3.46999992 -3.10999993 3.29999993
v -3.46999992 3.10999993 3.29999993
v -3.69999992 -0.93999998 2.96499993
v -3.72999992 -0.93999998 2.96499993
v -3.69999992 -0.96999998 2.95696099
v -3.72999992 -0.96999998 2.95696099
v -3.69999992 -0.99196150 2.93499993
v -3.72999992 -0.99196150 2.93499993
v -3.69999992 -0.99999998 2.90499994
v -3.72999992 -0.99999998 2.90499994
v -3.72999992 -0.99999998 2.90499994
v -3.72999992 -0.99999998 2.37499995
v -3.69999992 -0.99999998 2.90499994
v -3.69999992 -0.99999998 2.37499995
v -3.72999992 -0.85135618 2.72081689
v -3.72999992 0.84032949 2.70171899
v -3.72999992 -0.83650000 2.67999994
v -3.72999992 0.84032949 2.65828180
v -3.72999992 -0.85135618 2.63918299
v -3.72999992 0.86824995 2.62500696
v -3.72999992 -0.88897329 2.61746485
v -3.72999992 0.99999998 2.37499995
v -3.72999992 -0.99999998 2.37499995
v -3.72999992 -0.93999998 2.31499995
v -3.72999992 -0.99196150 2.34499995
v -3.72999992 -0.96999998 2.32303797
v -3.72999992 -0.88897329 2.74253503
v -3.72999992 -0.93999998 2.96499993
v -3.72999992 0.86824995 2.73499292
v -3.72999992 -0.99999998 2.90499994
v -3.72999992 -0.93175009 2.73499292
v -3.72999992 -0.95967046 2.70171899
v -3.72999992 -0.95967046 2.65828180
v -3.72999992 -0.93175009 2.62500696
v -3.72999992 0.94864378 2.72081689
v -3.72999992 0.99999998 2.90499994
v -3.72999992 0.96349996 2.67999994
v -3.72999992 0.94864378 2.63918299
v -3.72999992 0.91102667 2.61746485
v -3.72999992 0.91102667 2.74253503
v -3.72999992 0.93999998 2.96499993
v -3.72999992 -0.99196150 2.93499993
v -3.72999992 -0.96999998 2.95696099
v -3.72999992 0.96999998 2.95696099
v -3.72999992 0.99196150 2.93499993
v -3.72999992 0.93999998 2.31499995
v -3.72999992 0.99196150 2.34499995
v -3.72999992 0.96999998 2.32303797
v -3.69999992 -0.99999998 2.37499995
v -3.72999992 -0.99999998 2.37499995
v -3.69999992 -0.99196150 2.34499995
v -3.72999992 -0.99196150 2.34499995
v -3.69999992 -0.96999998 2.32303797
v -3.72999992 -0.96999998 2.32303797
v -3.69999992 -0.93999998 2.31499995
v -3.72999992 -0.93999998 2.31499995
v -3.72999992 -0.93999998 2.31499995
v -3.72999992 0.93999998 2.31499995
v -3.69999992 -0.93999998 2.31499995
v -3.69999992 0.93999998 2.31499995
v -3.69999992 0.93999998 2.31499995
v -3.72999992 0.93999998 2.31499995
v -3.69999992 0.96999998 2.32303797
v -3.72999992 0.96999998 2.32303797
v -3.69999992 0.99196150 2.34499995
v -3.72999992 0.99196150 2.34499995
v -3.69999992 0.99999998 2.37499995
v -3.72999992 0.99999998 2.37499995
v -3.72999992 0.99999998 2.37499995
v -3.72999992 0.99999998 2.90499994
v -3.69999992 0.99999998 2.37499995
v -3.69999992 0.99999998 2.90499994
v -3.69999992 0.99999998 2.90499994
v -3.72999992 0.99999998 2.90499994
v -3.69999992 0.99196150 2.93499993
v -3.72999992 0.99196150 2.93499993
v -3.69999992 0.96999998 2.95696099
v -3.72999992 0.96999998 2.95696099
v -3.69999992 0.93999998 2.96499993
v -3.72999992 0.93999998 2.96499993
v -3.69999992 -0.93999998 2.96499993
v -3.69999992 0.93999998 2.96499993
v -3.72999992 -0.93999998 2.96499993
v -3.72999992 0.93999998 2.96499993
v 3.67999992 1.81999996 0.29999999
v 3.69999992 1.81999996 0.29999999
v 3.67999992 1.80999996 0.30267949
v 3.69999992 1.80999996 0.30267949
v 3.67999992 1.80267895 0.30999999
v 3.69999992 1.80267895 0.30999999
v 3.67999992 1.79999996 0.31999999
v 3.69999992 1.79999996 0.31999999
v 3.69999992 1.80267895 0.30999999
v 3.69999992 1.81999996 0.29999999
v 3.69999992 1.79999996 0.31999999
v 3.69999992 3.19999993 0.29999999
v 3.69999992 3.19999993 1.54999997
v 3.69999992 1.80999996 0.30267949
v 3.69999992 1.79999996 1.54999997
v 3.50999992 3.24499993 0.29999999
v 3.67999992 1.67999996 0.29999999
v 3.50999992 -3.24499993 0.29999999
v 3.69999992 -3.19999993 0.29999999
v 3.68477592 -3.27653679 0.29999999
v -3.50999992 3.24499993 0.29999999
v -1.97999996 3.37999992 0.29999999
v 3.49999992 3.39999992 0.29999999
v 3.57653679 3.38477593 0.29999999
v -3.50999992 -3.24499993 0.29999999
v -3.67999992 -1.67999996 0.29999999
v -3.69999992 3.19999993 0.29999999
v -3.68477592 3.27653679 0.29999999
v 1.97999996 -3.37999992 0.29999999
v -3.49999992 -3.39999992 0.29999999
v -3.57653679 -3.38477593 0.29999999
v 3.69999992 1.81999996 0.29999999
v 3.67999992 1.81999996 0.29999999
v 3.69999992 3.19999993 0.29999999
v 3.68477592 3.27653679 0.29999999
v 3.64142204 3.34142204 0.29999999
v 3.69999992 1.67999996 0.29999999
v 3.64142204 -3.34142204 0.29999999
v 3.57653679 -3.38477593 0.29999999
v 3.49999992 -3.39999992 0.29999999
v 2.11999995 -3.39999992 0.29999999
v 2.11999995 -3.37999992 0.29999999
v 1.97999996 -3.39999992 0.29999999
v -3.64142204 -3.34142204 0.29999999
v -3.68477592 -3.27653679 0.29999999
v -3.69999992 -3.19999993 0.29999999
v -3.69999992 -1.81999996 0.29999999
v -3.67999992 -1.81999996 0.29999999
v -3.69999992 -1.67999996 0.29999999
v -3.64142204 3.34142204 0.29999999
v -3.57653679 3.38477593 0.29999999
v -3.49999992 3.39999992 0.29999999
v -2.11999995 3.39999992 0.29999999
v -2.11999995 3.37999992 0.29999999
v -1.97999996 3.39999992 0.29999999
v 3.67999992 1.69999996 0.31999999
v 3.69999992 1.69999996 0.31999999
v 3.67999992 1.69732098 0.30999999
v 3.69999992 1.69732098 0.30999999
v 3.67999992 1.68999996 0.30267949
v 3.69999992 1.68999996 0.30267949
v 3.67999992 1.67999996 0.29999999
v 3.69999992 1.67999996 0.29999999
v 3.69999992 1.69999996 0.31999999
v 3.67999992 1.69999996 0.31999999
v 3.69999992 1.69999996 1.54999997
v 3.67999992 1.69999996 1.54999997
v 3.68477592 1.69999996 1.62653698
v 3.66629783 1.69999996 1.61888302
v 3.64142204 1.69999996 1.69142101
v 3.62727897 1.69999996 1.67727902
v 3.57653679 1.69999996 1.73477596
v 3.56888298 1.69999996 1.71629803
v 3.49999992 1.69999996 1.74999996
v 3.49999992 1.69999996 1.72999996
v 3.37999992 1.69999996 1.74999996
v 3.37999992 1.69999996 1.72999996
v 3.33999993 1.69999996 1.76071789
v 3.32999993 1.69999996 1.74339703
v 3.31071800 1.69999996 1.78999996
v 3.29339806 1.69999996 1.77999996
v 3.29999993 1.69999996 1.82999996
v 3.27999993 1.69999996 1.82999996
v 3.27999993 1.69999996 2.08999995
v 3.29999993 1.69999996 2.08999995
v 3.67999992 1.69999996 2.06999995
v 3.69999992 1.69999996 2.06999995
v 3.67999992 1.69732098 2.05999995
v 3.69999992 1.69732098 2.05999995
v 3.67999992 1.68999996 2.05267894
v 3.69999992 1.68999996 2.05267894
v 3.67999992 1.67999996 2.04999995
v 3.69999992 1.67999996 2.04999995
v 3.69999992 1.69999996 2.06999995
v 3.67999992 1.69999996 2.06999995
v 3.69999992 1.69999996 3.09999993
v 3.67999992 1.69999996 3.09999993
v 3.68477592 1.69999996 3.17653679
v 3.66629783 1.69999996 3.16888299
v 3.64142204 1.69999996 3.24142205
v 3.62727897 1.69999996 3.22727898
v 3.57653679 1.69999996 3.28477593
v 3.56888298 1.69999996 3.26629784
v 3.49999992 1.69999996 3.29999993
v 3.49999992 1.69999996 3.27999993
v 3.67999992 1.81999996 2.04999995
v 3.69999992 1.81999996 2.04999995
v 3.67999992 1.80999996 2.05267894
v 3.69999992 1.80999996 2.05267894
v 3.67999992 1.80267895 2.05999995
v 3.69999992 1.80267895 2.05999995
v 3.67999992 1.79999996 2.06999995
v 3.69999992 1.79999996 2.06999995
v 3.69999992 2.26777888 2.44699991
v 3.69999992 3.19999993 2.04999995
v 3.69999992 2.28600001 2.51499994
v 3.69999992 3.19999993 3.09999993
v 3.69999992 2.26777888 2.58299982
v 3.69999992 2.21799998 2.63278009
v 3.69999992 1.79999996 3.09999993
v 3.69999992 2.14999995 2.65100000
v 3.69999992 2.08199992 2.63278009
v 3.69999992 2.03221996 2.58299982
v 3.69999992 2.01399989 2.51499994
v 3.69999992 1.79999996 2.06999995
v 3.69999992 2.03221996 2.44699991
v 3.69999992 2.08199992 2.39722102
v 3.69999992 2.14999995 2.37899989
v 3.69999992 1.81999996 2.04999995
v 3.69999992 2.21799998 2.39722102
v 3.69999992 1.80267895 2.05999995
v 3.69999992 1.80999996 2.05267894
v 3.69999992 1.67999996 2.04999995
v 3.69999992 -3.19999993 2.04999995
v 3.67999992 1.67999996 2.04999995
v 3.66999992 -3.19999993 2.04999995
v 3.66999992 3.19999993 2.04999995
v 3.65705985 -3.26505608 2.04999995
v 3.68477592 -3.27653679 2.04999995
v 3.62020805 -3.32020806 2.04999995
v 3.64142204 -3.34142204 2.04999995
v 3.56505607 -3.35705986 2.04999995
v 3.57653679 -3.38477593 2.04999995
v 3.49999992 -3.36999992 2.04999995
v 3.49999992 -3.39999992 2.04999995
v 2.11999995 -3.37999992 2.04999995
v 2.11999995 -3.39999992 2.04999995
v 1.97999996 -3.37999992 2.04999995
v -3.49999992 -3.36999992 2.04999995
v -3.49999992 -3.39999992 2.04999995
v -3.57653679 -3.38477593 2.04999995
v 1.97999996 -3.39999992 2.04999995
v -3.56505607 -3.35705986 2.04999995
v -3.64142204 -3.34142204 2.04999995
v -3.62020805 -3.32020806 2.04999995
v -3.68477592 -3.27653679 2.04999995
v -3.65705985 -3.26505608 2.04999995
v -3.69999992 -3.19999993 2.04999995
v -3.66999992 -3.19999993 2.04999995
v -3.67999992 -1.81999996 2.04999995
v -3.67999992 -1.67999996 2.04999995
v -3.69999992 -1.81999996 2.04999995
v -3.69999992 -1.67999996 2.04999995
v -3.69999992 3.19999993 2.04999995
v -3.66999992 3.19999993 2.04999995
v -3.65705985 3.26505608 2.04999995
v -3.68477592 3.27653679 2.04999995
v -3.62020805 3.32020806 2.04999995
v -3.64142204 3.34142204 2.04999995
v -3.56505607 3.35705986 2.04999995
v -3.57653679 3.38477593 2.04999995
v -3.49999992 3.36999992 2.04999995
v -3.49999992 3.39999992 2.04999995
v -2.11999995 3.37999992 2.04999995
v -2.11999995 3.39999992 2.04999995
v -1.97999996 3.37999992 2.04999995
v 3.49999992 3.36999992 2.04999995
v 3.49999992 3.39999992 2.04999995
v 3.57653679 3.38477593 2.04999995
v -1.97999996 3.39999992 2.04999995
v 3.56505607 3.35705986 2.04999995
v 3.64142204 3.34142204 2.04999995
v 3.62020805 3.32020806 2.04999995
v 3.68477592 3.27653679 2.04999995
v 3.65705985 3.26505608 2.04999995
v 3.69999992 3.19999993 2.04999995
v 3.67999992 1.81999996 2.04999995
v 3.69999992 1.81999996 2.04999995
v -1.99999996 3.37999992 2.06999995
v -1.99999996 3.39999992 2.06999995
v -1.99732097 3.37999992 2.05999995
v -1.99732097 3.39999992 2.05999995
v -1.98999996 3.37999992 2.05267894
v -1.98999996 3.39999992 2.05267894
v -1.97999996 3.37999992 2.04999995
v -1.97999996 3.39999992 2.04999995
v -1.99999996 3.39999992 2.06999995
v -1.99999996 3.37999992 2.06999995
v -1.99999996 3.39999992 3.09999993
v -1.99999996 3.37999992 3.09999993
v -1.99999996 3.38477593 3.17653679
v -1.99999996 3.36629784 3.16888299
v -1.99999996 3.34142204 3.24142205
v -1.99999996 3.32727898 3.22727898
v -1.99999996 3.27653679 3.28477593
v -1.99999996 3.26888298 3.26629784
v -1.99999996 3.19999993 3.29999993
v -1.99999996 3.19999993 3.27999993
v -2.11999995 3.37999992 2.04999995
v -2.11999995 3.39999992 2.04999995
v -2.10999995 3.37999992 2.05267894
v -2.10999995 3.39999992 2.05267894
v -2.10267894 3.37999992 2.05999995
v -2.10267894 3.39999992 2.05999995
v -2.09999995 3.37999992 2.06999995
v -2.09999995 3.39999992 2.06999995
v -2.10267894 3.39999992 2.05999995
v -2.11999995 3.39999992 2.04999995
v -2.09999995 3.39999992 2.06999995
v -3.49999992 3.39999992 2.04999995
v -3.49999992 3.39999992 3.09999993
v -2.10999995 3.39999992 2.05267894
v -2.09999995 3.39999992 3.09999993
v -2.11999995 3.37999992 0.29999999
v -2.11999995 3.39999992 0.29999999
v -2.10999995 3.37999992 0.30267949
v -2.10999995 3.39999992 0.30267949
v -2.10267894 3.37999992 0.30999999
v -2.10267894 3.39999992 0.30999999
v -2.09999995 3.37999992 0.31999999
v -2.09999995 3.39999992 0.31999999
v -2.10267894 3.39999992 0.30999999
v -2.11999995 3.39999992 0.29999999
v -2.09999995 3.39999992 0.31999999
v -3.49999992 3.39999992 0.29999999
v -3.49999992 3.39999992 1.54999997
v -2.10999995 3.39999992 0.30267949
v -2.09999995 3.39999992 1.54999997
v -1.99999996 3.37999992 0.31999999
v -1.99999996 3.39999992 0.31999999
v -1.99732097 3.37999992 0.30999999
v -1.99732097 3.39999992 0.30999999
v -1.98999996 3.37999992 0.30267949
v -1.98999996 3.39999992 0.30267949
v -1.97999996 3.37999992 0.29999999
v -1.97999996 3.39999992 0.29999999
v -1.99999996 3.39999992 0.31999999
v -1.99999996 3.37999992 0.31999999
v -1.99999996 3.39999992 1.54999997
v -1.99999996 3.37999992 1.54999997
v -1.99999996 3.38477593 1.62653698
v -1.99999996 3.36629784 1.61888302
v -1.99999996 3.34142204 1.69142101
v -1.99999996 3.32727898 1.67727902
v -1.99999996 3.27653679 1.73477596
v -1.99999996 3.26888298 1.71629803
v -1.99999996 3.19999993 1.74999996
v -1.99999996 3.19999993 1.72999996
v -1.99999996 2.87999994 1.74999996
v -1.99999996 2.87999994 1.72999996
v -1.99999996 2.83999994 1.76071789
v -1.99999996 2.82999994 1.74339703
v -1.99999996 2.81071802 1.78999996
v -1.99999996 2.79339807 1.77999996
v -1.99999996 2.79999994 1.82999996
v -1.99999996 2.77999994 1.82999996
v -1.99999996 2.77999994 2.08999995
v -1.99999996 2.79999994 2.08999995
v -3.67999992 -1.69999996 0.31999999
v -3.69999992 -1.69999996 0.31999999
v -3.67999992 -1.69732098 0.30999999
v -3.69999992 -1.69732098 0.30999999
v -3.67999992 -1.68999996 0.30267949
v -3.69999992 -1.68999996 0.30267949
v -3.67999992 -1.67999996 0.29999999
v -3.69999992 -1.67999996 0.29999999
v -3.67999992 -1.69999996 0.31999999
v -3.67999992 -1.69999996 1.54999997
v -3.69999992 -1.69999996 0.31999999
v -3.69999992 -1.69999996 1.54999997
v -3.68477592 -1.69999996 1.62653698
v -3.66629783 -1.69999996 1.61888302
v -3.64142204 -1.69999996 1.69142101
v -3.62727897 -1.69999996 1.67727902
v -3.57653679 -1.69999996 1.73477596
v -3.56888298 -1.69999996 1.71629803
v -3.49999992 -1.69999996 1.74999996
v -3.49999992 -1.69999996 1.72999996
v -3.37999992 -1.69999996 1.74999996
v -3.37999992 -1.69999996 1.72999996
v -3.33999993 -1.69999996 1.76071789
v -3.32999993 -1.69999996 1.74339703
v -3.31071800 -1.69999996 1.78999996
v -3.29339806 -1.69999996 1.77999996
v -3.29999993 -1.69999996 1.82999996
v -3.27999993 -1.69999996 1.82999996
v -3.29999993 -1.69999996 2.08999995
v -3.27999993 -1.69999996 2.08999995
v -3.67999992 -1.81999996 0.29999999
v -3.69999992 -1.81999996 0.29999999
v -3.67999992 -1.80999996 0.30267949
v -3.69999992 -1.80999996 0.30267949
v -3.67999992 -1.80267895 0.30999999
v -3.69999992 -1.80267895 0.30999999
v -3.67999992 -1.79999996 0.31999999
v -3.69999992 -1.79999996 0.31999999
v -3.69999992 -1.80267895 0.30999999
v -3.69999992 -1.81999996 0.29999999
v -3.69999992 -1.79999996 0.31999999
v -3.69999992 -3.19999993 0.29999999
v -3.69999992 -3.19999993 1.54999997
v -3.69999992 -1.80999996 0.30267949
v -3.69999992 -1.79999996 1.54999997
v -3.67999992 -1.81999996 2.04999995
v -3.69999992 -1.81999996 2.04999995
v -3.67999992 -1.80999996 2.05267894
v -3.69999992 -1.80999996 2.05267894
v -3.67999992 -1.80267895 2.05999995
v -3.69999992 -1.80267895 2.05999995
v -3.67999992 -1.79999996 2.06999995
v -3.69999992 -1.79999996 2.06999995
v -3.69999992 -2.03221996 2.58299982
v -3.69999992 -1.79999996 3.09999993
v -3.69999992 -2.01399989 2.51499994
v -3.69999992 -1.79999996 2.06999995
v -3.69999992 -2.03221996 2.44699991
v -3.69999992 -2.08199992 2.39722102
v -3.69999992 -2.14999995 2.37899989
v -3.69999992 -1.81999996 2.04999995
v -3.69999992 -2.21799998 2.39722102
v -3.69999992 -3.19999993 2.04999995
v -3.69999992 -2.26777888 2.44699991
v -3.69999992 -2.28600001 2.51499994
v -3.69999992 -3.19999993 3.09999993
v -3.69999992 -2.26777888 2.58299982
v -3.69999992 -2.21799998 2.63278009
v -3.69999992 -2.14999995 2.65100000
v -3.69999992 -2.08199992 2.63278009
v -3.69999992 -1.80267895 2.05999995
v -3.69999992 -1.80999996 2.05267894
v -3.67999992 -1.69999996 2.06999995
v -3.69999992 -1.69999996 2.06999995
v -3.67999992 -1.69732098 2.05999995
v -3.69999992 -1.69732098 2.05999995
v -3.67999992 -1.68999996 2.05267894
v -3.69999992 -1.68999996 2.05267894
v -3.67999992 -1.67999996 2.04999995
v -3.69999992 -1.67999996 2.04999995
v -3.67999992 -1.69999996 2.06999995
v -3.67999992 -1.69999996 3.09999993
v -3.69999992 -1.69999996 2.06999995
v -3.69999992 -1.69999996 3.09999993
v -3.68477592 -1.69999996 3.17653679
v -3.66629783 -1.69999996 3.16888299
v -3.64142204 -1.69999996 3.24142205
v -3.62727897 -1.69999996 3.22727898
v -3.57653679 -1.69999996 3.28477593
v -3.56888298 -1.69999996 3.26629784
v -3.49999992 -1.69999996 3.29999993
v -3.49999992 -1.69999996 3.27999993
v 2.11999995 -3.37999992 2.04999995
v 2.11999995 -3.39999992 2.04999995
v 2.10999995 -3.37999992 2.05267894
v 2.10999995 -3.39999992 2.05267894
v 2.10267894 -3.37999992 2.05999995
v 2.10267894 -3.39999992 2.05999995
v 2.09999995 -3.37999992 2.06999995
v 2.09999995 -3.39999992 2.06999995
v 1.99999996 -3.37999992 2.06999995
v 1.99999996 -3.39999992 2.06999995
v 1.99732097 -3.37999992 2.05999995
v 1.99732097 -3.39999992 2.05999995
v 1.98999996 -3.37999992 2.05267894
v 1.98999996 -3.39999992 2.05267894
v 1.97999996 -3.37999992 2.04999995
v 1.97999996 -3.39999992 2.04999995
v -2.93288293 -3.39999992 2.85966180
v -2.93288293 -3.39999992 2.66444391
v -2.88750482 -3.39999992 2.85966180
v -2.86709100 -3.39999992 2.66487085
v -2.85610284 -3.39999992 2.85966180
v -2.82376397 -3.39999992 2.66516992
v -2.82169702 -3.39999992 2.85966089
v -2.80127283 -3.39999992 2.85963891
v -2.79692590 -3.39999992 2.66537988
v -2.67883600 -3.39999992 2.76531702
v -2.78152704 -3.39999992 2.66553095
v -2.68018488 -3.39999992 2.72918787
v -2.76562402 -3.39999992 2.66597986
v -2.75260583 -3.39999992 2.66715784
v -2.68535486 -3.39999992 2.70540704
v -2.72114008 -3.39999992 2.67359979
v -2.69733881 -3.39999992 2.68637201
v -2.68678308 -3.39999992 2.82569208
v -2.73224390 -3.39999992 2.85518182
v -2.76676507 -3.39999992 2.85898279
v -2.78653894 -3.39999992 2.85937982
v -2.69511499 -3.39999992 2.83855798
v -2.70621088 -3.39999992 2.84666803
v 1.99999996 -3.37999992 2.06999995
v 1.99999996 -3.37999992 3.09999993
v 1.99999996 -3.39999992 2.06999995
v 1.99999996 -3.39999992 3.09999993
v 1.99999996 -3.38477593 3.17653679
v 1.99999996 -3.36629784 3.16888299
v 1.99999996 -3.34142204 3.24142205
v 1.99999996 -3.32727898 3.22727898
v 1.99999996 -3.27653679 3.28477593
v 1.99999996 -3.26888298 3.26629784
v 1.99999996 -3.19999993 3.29999993
v 1.99999996 -3.19999993 3.27999993
v 1.99999996 -3.37999992 0.31999999
v 1.99999996 -3.39999992 0.31999999
v 1.99732097 -3.37999992 0.30999999
v 1.99732097 -3.39999992 0.30999999
v 1.98999996 -3.37999992 0.30267949
v 1.98999996 -3.39999992 0.30267949
v 1.97999996 -3.37999992 0.29999999
v 1.97999996 -3.39999992 0.29999999
v 1.99999996 -3.37999992 0.31999999
v 1.99999996 -3.37999992 1.54999997
v 1.99999996 -3.39999992 0.31999999
v 1.99999996 -3.39999992 1.54999997
v 1.99999996 -3.38477593 1.62653698
v 1.99999996 -3.36629784 1.61888302
v 1.99999996 -3.34142204 1.69142101
v 1.99999996 -3.32727898 1.67727902
v 1.99999996 -3.27653679 1.73477596
v 1.99999996 -3.26888298 1.71629803
v 1.99999996 -3.19999993 1.74999996
v 1.99999996 -3.19999993 1.72999996
v 1.99999996 -2.87999994 1.74999996
v 1.99999996 -2.87999994 1.72999996
v 1.99999996 -2.83999994 1.76071789
v 1.99999996 -2.82999994 1.74339703
v 1.99999996 -2.81071802 1.78999996
v 1.99999996 -2.79339807 1.77999996
v 1.99999996 -2.79999994 1.82999996
v 1.99999996 -2.77999994 1.82999996
v 1.99999996 -2.79999994 2.08999995
v 1.99999996 -2.77999994 2.08999995
v 2.11999995 -3.37999992 0.29999999
v 2.11999995 -3.39999992 0.29999999
v 2.10999995 -3.37999992 0.30267949
v 2.10999995 -3.39999992 0.30267949
v 2.10267894 -3.37999992 0.30999999
v 2.10267894 -3.39999992 0.30999999
v 2.09999995 -3.37999992 0.31999999
v 2.09999995 -3.39999992 0.31999999
v 2.09999995 -3.37999992 2.06999995
v 2.09999995 -3.39999992 2.06999995
v 2.09999995 -3.37999992 3.09999993
v 2.09999995 -3.39999992 3.09999993
v 2.09999995 -3.38477593 3.17653679
v 2.09999995 -3.36629784 3.16888299
v 2.09999995 -3.34142204 3.24142205
v 2.09999995 -3.32727898 3.22727898
v 2.09999995 -3.27653679 3.28477593
v 2.09999995 -3.26888298 3.26629784
v 2.09999995 -3.19999993 3.29999993
v 2.09999995 -3.19999993 3.27999993
v 1.99999996 -3.19999993 3.29999993
v 1.99999996 -3.19999993 3.27999993
v 2.09999995 -3.19999993 3.29999993
v 2.09999995 -3.19999993 3.27999993
v 2.10267894 -3.39999992 0.30999999
v 2.11999995 -3.39999992 0.29999999
v 2.09999995 -3.39999992 0.31999999
v 3.49999992 -3.39999992 0.29999999
v 3.49999992 -3.39999992 1.54999997
v 2.10999995 -3.39999992 0.30267949
v 2.09999995 -3.39999992 1.54999997
v 1.98999996 -3.39999992 0.30267949
v 1.99732097 -3.39999992 0.30999999
v 1.97999996 -3.39999992 0.29999999
v 1.99999996 -3.39999992 0.31999999
v -3.49999992 -3.39999992 0.29999999
v -3.49999992 -3.39999992 1.54999997
v 1.99999996 -3.39999992 1.54999997
v 3.49999992 -3.19999993 1.74999996
v 2.09999995 -3.19999993 1.74999996
v 3.49999992 -3.27653679 1.73477596
v 2.09999995 -3.27653679 1.73477596
v 3.49999992 -3.34142204 1.69142101
v 2.09999995 -3.34142204 1.69142101
v 3.49999992 -3.38477593 1.62653698
v 2.09999995 -3.38477593 1.62653698
v 3.49999992 -3.39999992 1.54999997
v 2.09999995 -3.39999992 1.54999997
v -3.49999992 -3.39999992 1.54999997
v 1.99999996 -3.39999992 1.54999997
v -3.49999992 -3.38477593 1.62653698
v 1.99999996 -3.38477593 1.62653698
v -3.49999992 -3.34142204 1.69142101
v 1.99999996 -3.34142204 1.69142101
v -3.49999992 -3.27653679 1.73477596
v 1.99999996 -3.27653679 1.73477596
v -3.49999992 -3.19999993 1.74999996
v 1.99999996 -3.19999993 1.74999996
v 2.09999995 -2.87999994 1.74999996
v 2.09999995 -3.19999993 1.74999996
v 3.14999993 -2.87999994 1.74999996
v 3.49999992 -3.19999993 1.74999996
v 3.23801690 -2.86249200 1.74999996
v 3.31263481 -2.81263482 1.74999996
v 3.36249199 -2.73801691 1.74999996
v 3.37999992 -2.64999994 1.74999996
v 3.49999992 1.69999996 1.74999996
v 3.37999992 1.69999996 1.74999996
v 1.99999996 -2.87999994 1.74999996
v -2.34262095 -2.87999994 1.74999996
v 1.99999996 -3.19999993 1.74999996
v -3.49999992 -3.19999993 1.74999996
v -2.42725291 -2.86386285 1.74999996
v -2.50000895 -2.81771692 1.74999996
v -2.55067987 -2.74803705 1.74999996
v -2.57215692 -2.66459985 1.74999996
v -3.17681603 -2.28936000 1.74999996
v -2.59762079 -2.54494196 1.74999996
v -2.65648706 -2.43769892 1.74999996
v -2.74376001 -2.35196787 1.74999996
v -3.09384789 -2.28396891 1.74999996
v -2.85203607 -2.29502391 1.74999996
v -2.97212792 -2.27169795 1.74999996
v -3.25627892 -2.26490199 1.74999996
v -3.32185387 -2.21378901 1.74999996
v -3.36497307 -2.14270198 1.74999996
v -3.49999992 -1.79999996 1.74999996
v -3.37999992 -2.06092891 1.74999996
v -3.37999992 -1.79999996 1.74999996
v 3.14999993 -2.79999994 1.82999996
v 2.09999995 -2.79999994 1.82999996
v 3.14999993 -2.81071802 1.78999996
v 2.09999995 -2.81071802 1.78999996
v 3.14999993 -2.83999994 1.76071789
v 2.09999995 -2.83999994 1.76071789
v 3.14999993 -2.87999994 1.74999996
v 2.09999995 -2.87999994 1.74999996
v -2.34262095 -2.87999994 1.74999996
v 1.99999996 -2.87999994 1.74999996
v -2.34262095 -2.83999994 1.76071789
v 1.99999996 -2.83999994 1.76071789
v -2.34262095 -2.81071802 1.78999996
v 1.99999996 -2.81071802 1.78999996
v -2.34262095 -2.79999994 1.82999996
v 1.99999996 -2.79999994 1.82999996
v 2.09999995 -2.79999994 1.82999996
v 3.14999993 -2.79999994 1.82999996
v 2.09999995 -2.79999994 2.08999995
v 3.14999993 -2.79999994 2.08999995
v 1.99999996 -2.79999994 2.08999995
v -2.34262095 -2.79999994 2.08999995
v 1.99999996 -2.79999994 1.82999996
v -2.34262095 -2.79999994 1.82999996
v 2.10267894 -3.39999992 2.05999995
v 2.11999995 -3.39999992 2.04999995
v 2.09999995 -3.39999992 2.06999995
v 3.49999992 -3.39999992 2.04999995
v 3.49999992 -3.39999992 3.09999993
v 2.10999995 -3.39999992 2.05267894
v 2.09999995 -3.39999992 3.09999993
v 3.49999992 -3.19999993 3.29999993
v 2.09999995 -3.19999993 3.29999993
v 3.49999992 -3.27653679 3.28477593
v 2.09999995 -3.27653679 3.28477593
v 3.49999992 -3.34142204 3.24142205
v 2.09999995 -3.34142204 3.24142205
v 3.49999992 -3.38477593 3.17653679
v 2.09999995 -3.38477593 3.17653679
v 3.49999992 -3.39999992 3.09999993
v 2.09999995 -3.39999992 3.09999993
v -3.49999992 -3.39999992 3.09999993
v 1.99999996 -3.39999992 3.09999993
v -3.49999992 -3.38477593 3.17653679
v 1.99999996 -3.38477593 3.17653679
v -3.49999992 -3.34142204 3.24142205
v 1.99999996 -3.34142204 3.24142205
v -3.49999992 -3.27653679 3.28477593
v 1.99999996 -3.27653679 3.28477593
v -3.49999992 -3.19999993 3.29999993
v 1.99999996 -3.19999993 3.29999993
v 3.49999992 1.69999996 3.29999993
v 3.49999992 1.69999996 3.27999993
v 3.49999992 1.79999996 3.29999993
v 3.49999992 1.79999996 3.27999993
v 3.69999992 1.79999996 2.06999995
v 3.69999992 1.79999996 3.09999993
v 3.67999992 1.79999996 2.06999995
v 3.67999992 1.79999996 3.09999993
v 3.68477592 1.79999996 3.17653679
v 3.66629783 1.79999996 3.16888299
v 3.64142204 1.79999996 3.24142205
v 3.62727897 1.79999996 3.22727898
v 3.57653679 1.79999996 3.28477593
v 3.56888298 1.79999996 3.26629784
v 3.49999992 1.79999996 3.29999993
v 3.49999992 1.79999996 3.27999993
v 3.69999992 1.79999996 0.31999999
v 3.69999992 1.79999996 1.54999997
v 3.67999992 1.79999996 0.31999999
v 3.67999992 1.79999996 1.54999997
v 3.68477592 1.79999996 1.62653698
v 3.66629783 1.79999996 1.61888302
v 3.64142204 1.79999996 1.69142101
v 3.62727897 1.79999996 1.67727902
v 3.57653679 1.79999996 1.73477596
v 3.56888298 1.79999996 1.71629803
v 3.49999992 1.79999996 1.74999996
v 3.49999992 1.79999996 1.72999996
v 3.37999992 1.79999996 1.72999996
v 3.37999992 1.79999996 1.74999996
v 3.33999993 1.79999996 1.76071789
v 3.32999993 1.79999996 1.74339703
v 3.31071800 1.79999996 1.78999996
v 3.29339806 1.79999996 1.77999996
v 3.29999993 1.79999996 1.82999996
v 3.27999993 1.79999996 1.82999996
v 3.27999993 1.79999996 2.08999995
v 3.29999993 1.79999996 2.08999995
v 3.69999992 1.68999996 2.05267894
v 3.69999992 1.69732098 2.05999995
v 3.69999992 1.67999996 2.04999995
v 3.69999992 1.69999996 2.06999995
v 3.69999992 -3.19999993 2.04999995
v 3.69999992 -3.19999993 3.09999993
v 3.69999992 1.69999996 3.09999993
v 3.69999992 -3.19999993 3.09999993
v 3.69999992 1.69999996 3.09999993
v 3.68477592 -3.19999993 3.17653679
v 3.68477592 1.69999996 3.17653679
v 3.64142204 -3.19999993 3.24142205
v 3.64142204 1.69999996 3.24142205
v 3.57653679 -3.19999993 3.28477593
v 3.57653679 1.69999996 3.28477593
v 3.49999992 -3.19999993 3.29999993
v 3.49999992 1.69999996 3.29999993
v 3.29999993 1.69999996 2.08999995
v 3.29999993 -2.64999994 2.08999995
v 3.29999993 1.69999996 1.82999996
v 3.29999993 -2.64999994 1.82999996
v 3.29999993 1.79999996 1.82999996
v 3.29999993 2.06092891 1.82999996
v 3.29999993 1.79999996 2.08999995
v 3.29999993 2.06092891 2.08999995
v 3.69999992 0.00122000 0.85641508
v 3.69999992 -0.00475731 0.85641508
v 3.69999992 0.13287860 0.67321509
v 3.69999992 -0.13757950 0.67321509
v 3.69999992 -0.34400001 0.55721499
v 3.69999992 -0.23100000 0.67321509
v 3.69999992 -0.34400001 1.29278501
v 3.69999992 -0.22800249 1.17678495
v 3.69999992 -0.13089579 1.17678495
v 3.69999992 -0.05030297 0.92599996
v 3.69999992 0.23100000 0.67321509
v 3.69999992 0.11869980 1.02669798
v 3.69999992 0.01083812 1.17678495
v 3.69999992 0.34400001 1.29278501
v 3.69999992 0.22751480 1.17678495
v 3.69999992 0.34400001 0.55721499
v 3.37999992 -2.64999994 1.74999996
v 3.37999992 1.69999996 1.74999996
v 3.33999993 -2.64999994 1.76071789
v 3.33999993 1.69999996 1.76071789
v 3.31071800 -2.64999994 1.78999996
v 3.31071800 1.69999996 1.78999996
v 3.29999993 -2.64999994 1.82999996
v 3.29999993 1.69999996 1.82999996
v 3.29999993 2.06092891 1.82999996
v 3.29999993 1.79999996 1.82999996
v 3.31071800 2.06092891 1.78999996
v 3.31071800 1.79999996 1.78999996
v 3.33999993 2.06092891 1.76071789
v 3.33999993 1.79999996 1.76071789
v 3.37999992 2.06092891 1.74999996
v 3.37999992 1.79999996 1.74999996
v 3.69999992 -3.19999993 1.54999997
v 3.69999992 1.69999996 1.54999997
v 3.68477592 -3.19999993 1.62653698
v 3.68477592 1.69999996 1.62653698
v 3.64142204 -3.19999993 1.69142101
v 3.64142204 1.69999996 1.69142101
v 3.57653679 -3.19999993 1.73477596
v 3.57653679 1.69999996 1.73477596
v 3.49999992 -3.19999993 1.74999996
v 3.49999992 1.69999996 1.74999996
v -1.99999996 3.19999993 3.29999993
v -1.99999996 3.19999993 3.27999993
v -2.09999995 3.19999993 3.29999993
v -2.09999995 3.19999993 3.27999993
v -2.09999995 3.39999992 2.06999995
v -2.09999995 3.39999992 3.09999993
v -2.09999995 3.37999992 2.06999995
v -2.09999995 3.37999992 3.09999993
v -2.09999995 3.38477593 3.17653679
v -2.09999995 3.36629784 3.16888299
v -2.09999995 3.34142204 3.24142205
v -2.09999995 3.32727898 3.22727898
v -2.09999995 3.27653679 3.28477593
v -2.09999995 3.26888298 3.26629784
v -2.09999995 3.19999993 3.29999993
v -2.09999995 3.19999993 3.27999993
v -2.09999995 3.39999992 0.31999999
v -2.09999995 3.39999992 1.54999997
v -2.09999995 3.37999992 0.31999999
v -2.09999995 3.37999992 1.54999997
v -2.09999995 3.38477593 1.62653698
v -2.09999995 3.36629784 1.61888302
v -2.09999995 3.34142204 1.69142101
v -2.09999995 3.32727898 1.67727902
v -2.09999995 3.27653679 1.73477596
v -2.09999995 3.26888298 1.71629803
v -2.09999995 3.19999993 1.74999996
v -2.09999995 3.19999993 1.72999996
v -2.09999995 2.87999994 1.72999996
v -2.09999995 2.87999994 1.74999996
v -2.09999995 2.83999994 1.76071789
v -2.09999995 2.82999994 1.74339703
v -2.09999995 2.81071802 1.78999996
v -2.09999995 2.79339807 1.77999996
v -2.09999995 2.79999994 1.82999996
v -2.09999995 2.77999994 1.82999996
v -2.09999995 2.77999994 2.08999995
v -2.09999995 2.79999994 2.08999995
v -3.49999992 3.19999993 3.29999993
v -2.09999995 3.19999993 3.29999993
v -3.49999992 3.27653679 3.28477593
v -2.09999995 3.27653679 3.28477593
v -3.49999992 3.34142204 3.24142205
v -2.09999995 3.34142204 3.24142205
v -3.49999992 3.38477593 3.17653679
v -2.09999995 3.38477593 3.17653679
v -3.49999992 3.39999992 3.09999993
v -2.09999995 3.39999992 3.09999993
v -1.98999996 3.39999992 0.30267949
v -1.99732097 3.39999992 0.30999999
v -1.97999996 3.39999992 0.29999999
v -1.99999996 3.39999992 0.31999999
v 3.49999992 3.39999992 0.29999999
v 3.49999992 3.39999992 1.54999997
v -1.99999996 3.39999992 1.54999997
v -2.09999995 2.79999994 1.82999996
v -3.14999993 2.79999994 1.82999996
v -2.09999995 2.79999994 2.08999995
v -3.14999993 2.79999994 2.08999995
v -3.49999992 3.19999993 1.74999996
v -2.09999995 3.19999993 1.74999996
v -3.49999992 3.27653679 1.73477596
v -2.09999995 3.27653679 1.73477596
v -3.49999992 3.34142204 1.69142101
v -2.09999995 3.34142204 1.69142101
v -3.49999992 3.38477593 1.62653698
v -2.09999995 3.38477593 1.62653698
v -3.49999992 3.39999992 1.54999997
v -2.09999995 3.39999992 1.54999997
v 3.49999992 3.39999992 1.54999997
v -1.99999996 3.39999992 1.54999997
v 3.49999992 3.38477593 1.62653698
v -1.99999996 3.38477593 1.62653698
v 3.49999992 3.34142204 1.69142101
v -1.99999996 3.34142204 1.69142101
v 3.49999992 3.27653679 1.73477596
v -1.99999996 3.27653679 1.73477596
v 3.49999992 3.19999993 1.74999996
v -1.99999996 3.19999993 1.74999996
v -3.14999993 2.79999994 1.82999996
v -2.09999995 2.79999994 1.82999996
v -3.14999993 2.81071802 1.78999996
v -2.09999995 2.81071802 1.78999996
v -3.14999993 2.83999994 1.76071789
v -2.09999995 2.83999994 1.76071789
v -3.14999993 2.87999994 1.74999996
v -2.09999995 2.87999994 1.74999996
v -2.09999995 2.87999994 1.74999996
v -2.09999995 3.19999993 1.74999996
v -3.14999993 2.87999994 1.74999996
v -3.49999992 3.19999993 1.74999996
v -3.23801690 2.86249200 1.74999996
v -3.31263481 2.81263482 1.74999996
v -3.36249199 2.73801691 1.74999996
v -3.37999992 2.64999994 1.74999996
v -3.49999992 -1.69999996 1.74999996
v -3.37999992 -1.69999996 1.74999996
v -3.67999992 -1.79999996 2.06999995
v -3.69999992 -1.79999996 2.06999995
v -3.67999992 -1.79999996 3.09999993
v -3.69999992 -1.79999996 3.09999993
v -3.68477592 -1.79999996 3.17653679
v -3.66629783 -1.79999996 3.16888299
v -3.64142204 -1.79999996 3.24142205
v -3.62727897 -1.79999996 3.22727898
v -3.57653679 -1.79999996 3.28477593
v -3.56888298 -1.79999996 3.26629784
v -3.49999992 -1.79999996 3.29999993
v -3.49999992 -1.79999996 3.27999993
v -3.49999992 -1.79999996 3.27999993
v -3.49999992 -1.79999996 3.29999993
v -3.49999992 -1.69999996 3.27999993
v -3.49999992 -1.69999996 3.29999993
v -3.67999992 -1.79999996 0.31999999
v -3.69999992 -1.79999996 0.31999999
v -3.67999992 -1.79999996 1.54999997
v -3.69999992 -1.79999996 1.54999997
v -3.68477592 -1.79999996 1.62653698
v -3.66629783 -1.79999996 1.61888302
v -3.64142204 -1.79999996 1.69142101
v -3.62727897 -1.79999996 1.67727902
v -3.57653679 -1.79999996 1.73477596
v -3.56888298 -1.79999996 1.71629803
v -3.49999992 -1.79999996 1.74999996
v -3.49999992 -1.79999996 1.72999996
v -3.37999992 -1.79999996 1.72999996
v -3.37999992 -1.79999996 1.74999996
v -3.33999993 -1.79999996 1.76071789
v -3.32999993 -1.79999996 1.74339703
v -3.31071800 -1.79999996 1.78999996
v -3.29339806 -1.79999996 1.77999996
v -3.29999993 -1.79999996 1.82999996
v -3.27999993 -1.79999996 1.82999996
v -3.29999993 -1.79999996 2.08999995
v -3.27999993 -1.79999996 2.08999995
v -3.69999992 2.54245401 2.66348993
v -3.69999992 2.56318689 2.63394892
v -3.69999992 2.54399698 2.64869287
v -3.69999992 2.55299601 2.63590082
v -3.69999992 2.54727900 2.64039881
v -3.69999992 2.54193888 2.68750208
v -3.69999992 2.57988001 2.63329798
v -3.69999992 2.61760706 2.68750208
v -3.69999992 2.61709192 2.66348993
v -3.69999992 2.54245401 2.71151300
v -3.69999992 2.56318689 2.74105402
v -3.69999992 2.57988001 2.74170496
v -3.69999992 2.61709192 2.71151300
v -3.69999992 2.59654993 2.74105402
v -3.69999992 2.61554499 2.72631006
v -3.69999992 2.60665796 2.73910181
v -3.69999992 2.61229486 2.73460382
v -3.69999992 2.54399698 2.72631006
v -3.69999992 2.55299601 2.73910181
v -3.69999992 2.54727991 2.73460504
v -3.69999992 2.60665796 2.63590082
v -3.69999992 2.61554499 2.64869287
v -3.69999992 2.61229486 2.64039881
v -3.49999992 -3.19999993 3.29999993
v -3.49999992 -1.79999996 3.29999993
v -3.57653679 -3.19999993 3.28477593
v -3.57653679 -1.79999996 3.28477593
v -3.64142204 -3.19999993 3.24142205
v -3.64142204 -1.79999996 3.24142205
v -3.68477592 -3.19999993 3.17653679
v -3.68477592 -1.79999996 3.17653679
v -3.69999992 -3.19999993 3.09999993
v -3.69999992 -1.79999996 3.09999993
v -3.69999992 3.19999993 3.09999993
v -3.69999992 -1.69999996 3.09999993
v -3.68477592 3.19999993 3.17653679
v -3.68477592 -1.69999996 3.17653679
v -3.64142204 3.19999993 3.24142205
v -3.64142204 -1.69999996 3.24142205
v -3.57653679 3.19999993 3.28477593
v -3.57653679 -1.69999996 3.28477593
v -3.49999992 3.19999993 3.29999993
v -3.49999992 -1.69999996 3.29999993
v -3.69999992 -0.00122000 0.85641508
v -3.69999992 0.00475731 0.85641508
v -3.69999992 -0.13287860 0.67321509
v -3.69999992 0.13757950 0.67321509
v -3.69999992 0.34400001 0.55721499
v -3.69999992 0.23100000 0.67321509
v -3.69999992 0.34400001 1.29278501
v -3.69999992 0.22800249 1.17678495
v -3.69999992 0.13089579 1.17678495
v -3.69999992 0.05030297 0.92599996
v -3.69999992 -0.23100000 0.67321509
v -3.69999992 -0.11869980 1.02669798
v -3.69999992 -0.01083812 1.17678495
v -3.69999992 -0.34400001 1.29278501
v -3.69999992 -0.22751480 1.17678495
v -3.69999992 -0.34400001 0.55721499
v -3.49999992 -3.19999993 1.74999996
v -3.49999992 -1.79999996 1.74999996
v -3.57653679 -3.19999993 1.73477596
v -3.57653679 -1.79999996 1.73477596
v -3.64142204 -3.19999993 1.69142101
v -3.64142204 -1.79999996 1.69142101
v -3.68477592 -3.19999993 1.62653698
v -3.68477592 -1.79999996 1.62653698
v -3.69999992 -3.19999993 1.54999997
v -3.69999992 -1.79999996 1.54999997
v -3.69999992 3.19999993 1.54999997
v -3.69999992 -1.69999996 1.54999997
v -3.68477592 3.19999993 1.62653698
v -3.68477592 -1.69999996 1.62653698
v -3.64142204 3.19999993 1.69142101
v -3.64142204 -1.69999996 1.69142101
v -3.57653679 3.19999993 1.73477596
v -3.57653679 -1.69999996 1.73477596
v -3.49999992 3.19999993 1.74999996
v -3.49999992 -1.69999996 1.74999996
v 3.37999992 1.79999996 1.74999996
v 3.49999992 1.79999996 1.74999996
v 3.37999992 2.06092891 1.74999996
v 3.36497307 2.14270198 1.74999996
v 3.49999992 3.19999993 1.74999996
v 3.32185387 2.21378901 1.74999996
v 3.25627892 2.26490199 1.74999996
v 3.17681603 2.28936000 1.74999996
v 2.57215692 2.66459985 1.74999996
v 2.59762079 2.54494196 1.74999996
v -1.99999996 3.19999993 1.74999996
v 2.34262095 2.87999994 1.74999996
v 2.42725291 2.86386285 1.74999996
v 2.50000895 2.81771692 1.74999996
v -1.99999996 2.87999994 1.74999996
v 2.55067987 2.74803705 1.74999996
v 2.65648706 2.43769892 1.74999996
v 2.74376001 2.35196787 1.74999996
v 3.09384789 2.28396891 1.74999996
v 2.85203607 2.29502391 1.74999996
v 2.97212792 2.27169795 1.74999996
v -3.29999993 -1.79999996 1.82999996
v -3.29999993 -2.06092891 1.82999996
v -3.29999993 -1.79999996 2.08999995
v -3.29999993 -2.06092891 2.08999995
v -3.29999993 -2.06092891 1.82999996
v -3.29999993 -1.79999996 1.82999996
v -3.31071800 -2.06092891 1.78999996
v -3.31071800 -1.79999996 1.78999996
v -3.33999993 -2.06092891 1.76071789
v -3.33999993 -1.79999996 1.76071789
v -3.37999992 -2.06092891 1.74999996
v -3.37999992 -1.79999996 1.74999996
v -0.98999998 -2.28660288 1.11999997
v -0.93999998 -2.29999995 1.11999997
v -0.99740247 -2.33858195 1.13339696
v -0.93999998 -2.34999995 1.13339696
v -0.93999998 -2.38660288 1.16999997
v -1.01140997 -2.37239802 1.16999997
v -0.93999998 -2.39999995 1.21999997
v -1.01653700 -2.38477595 1.21999997
v -1.07194799 -2.33194788 1.16999997
v -1.08142095 -2.34142100 1.21999997
v -1.11239797 -2.27141001 1.16999997
v -1.12477598 -2.27653697 1.21999997
v -1.12660299 -2.19999995 1.16999997
v -1.13999997 -2.19999995 1.21999997
v -1.08999998 -2.19999995 1.13339696
v -1.07858198 -2.25740199 1.13339696
v -1.04606596 -2.30606593 1.13339696
v -1.03999998 -2.19999995 1.11999997
v -1.02660299 -2.24999995 1.11999997
v -1.13999997 -2.19999995 1.21999997
v -1.13999997 2.19999995 1.21999997
v -1.12660299 -2.19999995 1.16999997
v -1.12660299 2.19999995 1.16999997
v -1.08999998 -2.19999995 1.13339696
v -1.08999998 2.19999995 1.13339696
v -1.03999998 -2.19999995 1.11999997
v -1.03999998 2.19999995 1.11999997
v -0.93999998 2.39999995 1.21999997
v -0.93999998 2.38660288 1.16999997
v -1.01653700 2.38477595 1.21999997
v -1.01140997 2.37239802 1.16999997
v -1.08142095 2.34142100 1.21999997
v -1.07194799 2.33194788 1.16999997
v -1.12477598 2.27653697 1.21999997
v -1.11239797 2.27141001 1.16999997
v -1.13999997 2.19999995 1.21999997
v -1.12660299 2.19999995 1.16999997
v -1.07858198 2.25740199 1.13339696
v -1.08999998 2.19999995 1.13339696
v -1.03999998 2.19999995 1.11999997
v -1.02660299 2.24999995 1.11999997
v -1.04606596 2.30606593 1.13339696
v -0.98999998 2.28660288 1.11999997
v -0.99740247 2.33858195 1.13339696
v -0.93999998 2.29999995 1.11999997
v -0.93999998 2.34999995 1.13339696
v -0.93999998 2.39999995 1.21999997
v 0.93999998 2.39999995 1.21999997
v -0.93999998 2.38660288 1.16999997
v 0.93999998 2.38660288 1.16999997
v -0.93999998 2.34999995 1.13339696
v 0.93999998 2.34999995 1.13339696
v -0.93999998 2.29999995 1.11999997
v 0.93999998 2.29999995 1.11999997
v 1.13999997 2.19999995 1.21999997
v 1.12660299 2.19999995 1.16999997
v 1.12477598 2.27653697 1.21999997
v 1.11239797 2.27141001 1.16999997
v 1.08142095 2.34142100 1.21999997
v 1.07194799 2.33194788 1.16999997
v 1.01653700 2.38477595 1.21999997
v 1.01140997 2.37239802 1.16999997
v 0.93999998 2.39999995 1.21999997
v 0.93999998 2.38660288 1.16999997
v 0.99740247 2.33858195 1.13339696
v 0.93999998 2.34999995 1.13339696
v 0.93999998 2.29999995 1.11999997
v 0.98999998 2.28660288 1.11999997
v 1.04606596 2.30606593 1.13339696
v 1.02660299 2.24999995 1.11999997
v 1.07858198 2.25740199 1.13339696
v 1.03999998 2.19999995 1.11999997
v 1.08999998 2.19999995 1.13339696
v 1.13999997 2.19999995 1.21999997
v 1.13999997 -2.19999995 1.21999997
v 1.12660299 2.19999995 1.16999997
v 1.12660299 -2.19999995 1.16999997
v 1.08999998 2.19999995 1.13339696
v 1.08999998 -2.19999995 1.13339696
v 1.03999998 2.19999995 1.11999997
v 1.03999998 -2.19999995 1.11999997
v 0.93999998 -2.39999995 1.21999997
v 0.93999998 -2.38660288 1.16999997
v 1.01653700 -2.38477595 1.21999997
v 1.01140997 -2.37239802 1.16999997
v 1.08142095 -2.34142100 1.21999997
v 1.07194799 -2.33194788 1.16999997
v 1.12477598 -2.27653697 1.21999997
v 1.11239797 -2.27141001 1.16999997
v 1.13999997 -2.19999995 1.21999997
v 1.12660299 -2.19999995 1.16999997
v 1.07858198 -2.25740199 1.13339696
v 1.08999998 -2.19999995 1.13339696
v 1.03999998 -2.19999995 1.11999997
v 1.02660299 -2.24999995 1.11999997
v 1.04606596 -2.30606593 1.13339696
v 0.98999998 -2.28660288 1.11999997
v 0.99740247 -2.33858195 1.13339696
v 0.93999998 -2.29999995 1.11999997
v 0.93999998 -2.34999995 1.13339696
v 0.93999998 -2.39999995 1.21999997
v -0.93999998 -2.39999995 1.21999997
v 0.93999998 -2.38660288 1.16999997
v -0.93999998 -2.38660288 1.16999997
v 0.93999998 -2.34999995 1.13339696
v -0.93999998 -2.34999995 1.13339696
v 0.93999998 -2.29999995 1.11999997
v -0.93999998 -2.29999995 1.11999997
v 0.93999998 2.39999995 1.21999997
v -0.93999998 2.39999995 1.21999997
v 0.93999998 2.39999995 1.23999997
v -0.93999998 2.39999995 1.23999997
v -0.93999998 2.39999995 1.23999997
v -0.93999998 2.39999995 1.21999997
v -1.01653700 2.38477595 1.23999997
v -1.01653700 2.38477595 1.21999997
v -1.08142095 2.34142100 1.23999997
v -1.08142095 2.34142100 1.21999997
v -1.12477598 2.27653697 1.23999997
v -1.12477598 2.27653697 1.21999997
v -1.13999997 2.19999995 1.23999997
v -1.13999997 2.19999995 1.21999997
v -1.13999997 2.19999995 1.21999997
v -1.13999997 -2.19999995 1.21999997
v -1.13999997 2.19999995 1.23999997
v -1.13999997 -2.19999995 1.23999997
v -1.13999997 -2.19999995 1.23999997
v -1.13999997 -2.19999995 1.21999997
v -1.12477598 -2.27653697 1.23999997
v -1.12477598 -2.27653697 1.21999997
v -1.08142095 -2.34142100 1.23999997
v -1.08142095 -2.34142100 1.21999997
v -1.01653700 -2.38477595 1.23999997
v -1.01653700 -2.38477595 1.21999997
v -0.93999998 -2.39999995 1.23999997
v -0.93999998 -2.39999995 1.21999997
v -0.98999998 -2.28660288 1.11999997
v -1.03999998 -2.19999995 1.11999997
v -0.93999998 -2.29999995 1.11999997
v -0.93999998 2.29999995 1.11999997
v 0.93999998 2.29999995 1.11999997
v -1.02660299 -2.24999995 1.11999997
v -1.03999998 2.19999995 1.11999997
v -0.98999998 2.28660288 1.11999997
v -1.02660299 2.24999995 1.11999997
v 0.98999998 2.28660288 1.11999997
v 1.03999998 2.19999995 1.11999997
v 1.03999998 -2.19999995 1.11999997
v 0.93999998 -2.29999995 1.11999997
v 0.98999998 -2.28660288 1.11999997
v 1.02660299 -2.24999995 1.11999997
v 1.02660299 2.24999995 1.11999997
v 1.13999997 -2.19999995 1.21999997
v 1.13999997 2.19999995 1.21999997
v 1.13999997 -2.19999995 1.23999997
v 1.13999997 2.19999995 1.23999997
v 0.93999998 -2.39999995 1.23999997
v 0.93999998 -2.39999995 1.21999997
v 1.01653700 -2.38477595 1.23999997
v 1.01653700 -2.38477595 1.21999997
v 1.08142095 -2.34142100 1.23999997
v 1.08142095 -2.34142100 1.21999997
v 1.12477598 -2.27653697 1.23999997
v 1.12477598 -2.27653697 1.21999997
v 1.13999997 -2.19999995 1.23999997
v 1.13999997 -2.19999995 1.21999997
v -0.93999998 -2.39999995 1.21999997
v 0.93999998 -2.39999995 1.21999997
v -0.93999998 -2.39999995 1.23999997
v 0.93999998 -2.39999995 1.23999997
v 1.13999997 2.19999995 1.23999997
v 1.13999997 2.19999995 1.21999997
v 1.12477598 2.27653697 1.23999997
v 1.12477598 2.27653697 1.21999997
v 1.08142095 2.34142100 1.23999997
v 1.08142095 2.34142100 1.21999997
v 1.01653700 2.38477595 1.23999997
v 1.01653700 2.38477595 1.21999997
v 0.93999998 2.39999995 1.23999997
v 0.93999998 2.39999995 1.21999997
v 3.24999993 -2.64499994 1.23999997
v 3.24999993 -3.24499993 1.23999997
v 3.24999993 -2.64499994 1.63999996
v 3.24999993 -3.24499993 1.63999996
v -3.24999993 -3.24499993 1.23999997
v -3.24999993 -2.64499994 1.23999997
v -3.24999993 -3.24499993 1.63999996
v -3.24999993 -2.64499994 1.63999996
v -3.24999993 -2.64499994 1.23999997
v 3.24999993 -2.64499994 1.23999997
v -3.24999993 -2.64499994 1.63999996
v 3.24999993 -2.64499994 1.63999996
v -3.24999993 -2.64499994 1.63999996
v 3.24999993 -2.64499994 1.63999996
v -3.24999993 -3.24499993 1.63999996
v 3.24999993 -3.24499993 1.63999996
v 3.24999993 3.24499993 1.23999997
v 3.24999993 2.64499994 1.23999997
v 3.24999993 3.24499993 1.63999996
v 3.24999993 2.64499994 1.63999996
v 3.24999993 2.64499994 1.23999997
v -3.24999993 2.64499994 1.23999997
v 3.24999993 2.64499994 1.63999996
v -3.24999993 2.64499994 1.63999996
v -3.24999993 2.64499994 1.23999997
v -3.24999993 3.24499993 1.23999997
v -3.24999993 2.64499994 1.63999996
v -3.24999993 3.24499993 1.63999996
v -3.24999993 3.24499993 1.63999996
v 3.24999993 3.24499993 1.63999996
v -3.24999993 2.64499994 1.63999996
v 3.24999993 2.64499994 1.63999996
v 3.50999992 3.24499993 0.29999999
v 3.50999992 -3.24499993 0.29999999
v 3.50999992 3.24499993 1.23999997
v 3.50999992 -3.24499993 1.23999997
v 3.50999992 -3.24499993 1.23999997
v 3.50999992 -3.24499993 0.29999999
v 3.24999993 -3.24499993 1.23999997
v -3.50999992 -3.24499993 0.29999999
v -3.24999993 -3.24499993 1.23999997
v -3.50999992 -3.24499993 1.23999997
v -3.24999993 -3.24499993 1.63999996
v 3.24999993 -3.24499993 1.63999996
v -3.50999992 -3.24499993 0.29999999
v -3.50999992 3.24499993 0.29999999
v -3.50999992 -3.24499993 1.23999997
v -3.50999992 3.24499993 1.23999997
v -3.50999992 3.24499993 1.23999997
v -3.50999992 3.24499993 0.29999999
v -3.24999993 3.24499993 1.23999997
v 3.50999992 3.24499993 0.29999999
v 3.24999993 3.24499993 1.23999997
v 3.50999992 3.24499993 1.23999997
v 3.24999993 3.24499993 1.63999996
v -3.24999993 3.24499993 1.63999996
v -1.13999997 2.19999995 1.23999997
v -1.13999997 -2.19999995 1.23999997
v -3.24999993 -2.64499994 1.23999997
v -1.12477598 -2.27653697 1.23999997
v -1.08142095 -2.34142100 1.23999997
v -1.01653700 -2.38477595 1.23999997
v -0.93999998 -2.39999995 1.23999997
v 0.93999998 -2.39999995 1.23999997
v 3.24999993 -2.64499994 1.23999997
v 1.01653700 -2.38477595 1.23999997
v 1.08142095 -2.34142100 1.23999997
v 1.12477598 -2.27653697 1.23999997
v 1.13999997 -2.19999995 1.23999997
v 1.13999997 2.19999995 1.23999997
v 3.24999993 2.64499994 1.23999997
v 1.12477598 2.27653697 1.23999997
v 1.08142095 2.34142100 1.23999997
v 1.01653700 2.38477595 1.23999997
v 0.93999998 2.39999995 1.23999997
v -0.93999998 2.39999995 1.23999997
v -3.24999993 2.64499994 1.23999997
v -1.01653700 2.38477595 1.23999997
v -1.08142095 2.34142100 1.23999997
v -1.12477598 2.27653697 1.23999997
v -3.24999993 -3.24499993 1.23999997
v -3.50999992 -3.24499993 1.23999997
v -3.50999992 3.24499993 1.23999997
v -3.24999993 3.24499993 1.23999997
v 3.24999993 3.24499993 1.23999997
v 3.50999992 3.24499993 1.23999997
v 3.50999992 -3.24499993 1.23999997
v 3.24999993 -3.24499993 1.23999997
v -3.66999992 3.19999993 2.08999995
v -3.66999992 3.19999993 2.04999995
v -3.65705985 3.26505608 2.08999995
v -3.65705985 3.26505608 2.04999995
v -3.62020805 3.32020806 2.04999995
v -3.62020805 3.32020806 2.08999995
v -3.56505607 3.35705986 2.04999995
v -3.56505607 3.35705986 2.08999995
v -3.49999992 3.36999992 2.08999995
v -3.49999992 3.36999992 2.04999995
v -3.49999992 3.36999992 2.04999995
v 3.49999992 3.36999992 2.04999995
v -3.49999992 3.36999992 2.08999995
v 3.49999992 3.36999992 2.08999995
v 3.49999992 3.36999992 2.08999995
v 3.56505607 3.35705986 2.08999995
v 3.56505607 3.35705986 2.04999995
v 3.62020805 3.32020806 2.04999995
v 3.62020805 3.32020806 2.08999995
v 3.65705985 3.26505608 2.04999995
v 3.65705985 3.26505608 2.08999995
v 3.66999992 3.19999993 2.08999995
v 3.66999992 3.19999993 2.04999995
v 3.66999992 3.19999993 2.04999995
v 3.66999992 -3.19999993 2.04999995
v 3.66999992 3.19999993 2.08999995
v 3.66999992 -3.19999993 2.08999995
v 3.66999992 -3.19999993 2.08999995
v 3.65705985 -3.26505608 2.08999995
v 3.65705985 -3.26505608 2.04999995
v 3.62020805 -3.32020806 2.04999995
v 3.62020805 -3.32020806 2.08999995
v 3.56505607 -3.35705986 2.04999995
v 3.56505607 -3.35705986 2.08999995
v 3.49999992 -3.36999992 2.08999995
v 3.49999992 -3.36999992 2.04999995
v 3.49999992 -3.36999992 2.04999995
v -3.49999992 -3.36999992 2.04999995
v 3.49999992 -3.36999992 2.08999995
v -3.49999992 -3.36999992 2.08999995
v -3.49999992 -3.36999992 2.08999995
v -3.56505607 -3.35705986 2.08999995
v -3.56505607 -3.35705986 2.04999995
v -3.62020805 -3.32020806 2.04999995
v -3.62020805 -3.32020806 2.08999995
v -3.65705985 -3.26505608 2.04999995
v -3.65705985 -3.26505608 2.08999995
v -3.66999992 -3.19999993 2.08999995
v -3.66999992 -3.19999993 2.04999995
v -3.66999992 -3.19999993 2.04999995
v -3.66999992 -3.19999993 2.08999995
v -3.66999992 3.19999993 2.08999995
v -3.66999992 3.19999993 2.08999995
v -3.29999993 -1.69999996 2.08999995
v -3.66999992 -3.19999993 2.08999995
v -3.29999993 -1.79999996 2.08999995
v -3.29999993 -2.06092891 2.08999995
v -3.65705985 3.26505608 2.08999995
v -3.49999992 3.36999992 2.08999995
v -3.22499993 2.77990381 2.08999995
v -3.27990380 2.72499994 2.08999995
v -3.62020805 3.32020806 2.08999995
v -3.56505607 3.35705986 2.08999995
v 3.49999992 3.36999992 2.08999995
v -1.99999996 2.79999994 2.08999995
v -2.09999995 2.79999994 2.08999995
v -3.14999993 2.79999994 2.08999995
v 3.56505607 3.35705986 2.08999995
v 3.62020805 3.32020806 2.08999995
v 3.65705985 3.26505608 2.08999995
v 3.66999992 3.19999993 2.08999995
v 3.66999992 -3.19999993 2.08999995
v 3.29999993 1.69999996 2.08999995
v 3.29999993 1.79999996 2.08999995
v 3.29999993 2.06092891 2.08999995
v 3.65705985 -3.26505608 2.08999995
v 3.49999992 -3.36999992 2.08999995
v 3.22499993 -2.77990381 2.08999995
v 3.27990380 -2.72499994 2.08999995
v 3.62020805 -3.32020806 2.08999995
v 3.56505607 -3.35705986 2.08999995
v -3.49999992 -3.36999992 2.08999995
v 1.99999996 -2.79999994 2.08999995
v 2.09999995 -2.79999994 2.08999995
v 3.14999993 -2.79999994 2.08999995
v -3.56505607 -3.35705986 2.08999995
v -3.62020805 -3.32020806 2.08999995
v -3.65705985 -3.26505608 2.08999995
v 2.96847497 2.19178202 2.08999995
v 2.82550683 2.21955088 2.08999995
v 3.11337884 2.20639003 2.08999995
v 2.69660700 2.28734095 2.08999995
v 2.59271082 2.38940089 2.08999995
v 2.52263193 2.51707193 2.08999995
v 2.49231791 2.65952204 2.08999995
v 3.18093499 2.20770396 2.08999995
v 3.24221398 2.17923594 2.08999995
v 3.28478203 2.12676097 2.08999995
v 2.46923289 2.73043207 2.08999995
v 2.41485392 2.78146295 2.08999995
v 2.34262095 2.79999994 2.08999995
v -1.99999996 2.77999994 2.08999995
v -2.09999995 2.77999994 2.08999995
v -3.29999993 2.64999994 2.08999995
v -3.27999993 -1.69999996 2.08999995
v -3.27999993 -1.79999996 2.08999995
v -3.28478203 -2.12676097 2.08999995
v -3.24221398 -2.17923594 2.08999995
v -3.18093499 -2.20770396 2.08999995
v -2.49231791 -2.65952204 2.08999995
v -3.11337884 -2.20639003 2.08999995
v -2.52263193 -2.51707193 2.08999995
v -2.59271082 -2.38940089 2.08999995
v -2.69660700 -2.28734095 2.08999995
v -2.82550683 -2.21955088 2.08999995
v -2.96847497 -2.19178202 2.08999995
v -2.46923289 -2.73043207 2.08999995
v -2.41485392 -2.78146295 2.08999995
v -2.34262095 -2.79999994 2.08999995
v 1.99999996 -2.77999994 2.08999995
v 2.09999995 -2.77999994 2.08999995
v 3.29999993 -2.64999994 2.08999995
v 3.27999993 1.69999996 2.08999995
v 3.27999993 1.79999996 2.08999995
v -2.46923289 -2.73043207 1.82999996
v -2.49231791 -2.65952204 1.82999996
v -2.48800699 -2.71850580 1.78999996
v -2.50301493 -2.66020197 1.78999996
v -2.53223795 -2.66206079 1.76071789
v -2.51449595 -2.73098688 1.76071789
v -2.57215692 -2.66459985 1.74999996
v -2.55067987 -2.74803705 1.74999996
v -2.47263697 -2.78854883 1.76071789
v -2.50000895 -2.81771692 1.74999996
v -2.41253397 -2.82666986 1.76071789
v -2.42725291 -2.86386285 1.74999996
v -2.34262095 -2.83999994 1.76071789
v -2.34262095 -2.87999994 1.74999996
v -2.34262095 -2.81071802 1.78999996
v -2.40175898 -2.79944208 1.78999996
v -2.45259897 -2.76719598 1.78999996
v -2.34262095 -2.79999994 1.82999996
v -2.41485392 -2.78146295 1.82999996
v 3.36249199 -2.73801691 1.74999996
v 3.37999992 -2.64999994 1.74999996
v 3.33070091 -2.70871301 1.76071789
v 3.33999993 -2.64999994 1.76071789
v 3.31071800 -2.64999994 1.78999996
v 3.30285179 -2.69966486 1.78999996
v 3.29999993 -2.64999994 1.82999996
v 3.27990380 -2.72499994 1.82999996
v 3.28002404 -2.74446802 1.78999996
v 3.22499993 -2.77990381 1.82999996
v 3.24446801 -2.78002405 1.78999996
v 3.19966485 -2.80285181 1.78999996
v 3.20871300 -2.83070093 1.76071789
v 3.14999993 -2.83999994 1.76071789
v 3.14999993 -2.87999994 1.74999996
v 3.14999993 -2.79999994 1.82999996
v 3.14999993 -2.81071802 1.78999996
v 3.23801690 -2.86249200 1.74999996
v 3.26167900 -2.80371301 1.76071789
v 3.31263481 -2.81263482 1.74999996
v 3.30371300 -2.76167902 1.76071789
v 3.09384789 2.28396891 1.74999996
v 3.10361382 2.24517894 1.76071789
v 3.17681603 2.28936000 1.74999996
v 3.17215203 2.24963298 1.76071789
v 3.25627892 2.26490199 1.74999996
v 3.23779595 2.22942790 1.76071789
v 3.32185387 2.21378901 1.74999996
v 3.29196587 2.18720500 1.76071789
v 3.36497307 2.14270198 1.74999996
v 3.32758599 2.12848002 1.76071789
v 3.37999992 2.06092891 1.74999996
v 3.33999993 2.06092891 1.76071789
v 3.30021691 2.11806895 1.78999996
v 3.31071800 2.06092891 1.78999996
v 3.29999993 2.06092891 1.82999996
v 3.28478203 2.12676097 1.82999996
v 3.27008690 2.16774302 1.78999996
v 3.24221398 2.17923594 1.82999996
v 3.22426506 2.20345988 1.78999996
v 3.18093499 2.20770396 1.82999996
v 3.16873803 2.22055095 1.78999996
v 3.11337884 2.20639003 1.82999996
v 3.11076287 2.21678294 1.78999996
v 2.57215692 2.66459985 1.74999996
v 2.53223795 2.66206079 1.76071789
v 2.59762079 2.54494196 1.74999996
v 2.56012690 2.53100687 1.76071789
v 2.65648706 2.43769892 1.74999996
v 2.62459894 2.41354990 1.76071789
v 2.74376001 2.35196787 1.74999996
v 2.72018396 2.31965495 1.76071789
v 2.85203607 2.29502391 1.74999996
v 2.83877099 2.25728800 1.76071789
v 2.97212792 2.27169795 1.74999996
v 2.97030206 2.23173991 1.76071789
v 3.09384789 2.28396891 1.74999996
v 3.10361382 2.24517894 1.76071789
v 2.96896386 2.20248896 1.78999996
v 3.11076287 2.21678294 1.78999996
v 2.96847497 2.19178202 1.82999996
v 3.11337884 2.20639003 1.82999996
v 2.50301493 2.66020197 1.78999996
v 2.53267893 2.52080591 1.78999996
v 2.60125482 2.39587199 1.78999996
v 2.70292505 2.29600001 1.78999996
v 2.82906183 2.22966197 1.78999996
v 2.49231791 2.65952204 1.82999996
v 2.52263193 2.51707193 1.82999996
v 2.59271082 2.38940089 1.82999996
v 2.69660700 2.28734095 1.82999996
v 2.82550683 2.21955088 1.82999996
v 2.34262095 2.87999994 1.74999996
v 2.34262095 2.83999994 1.76071789
v 2.42725291 2.86386285 1.74999996
v 2.41253397 2.82666986 1.76071789
v 2.50000895 2.81771692 1.74999996
v 2.47263697 2.78854883 1.76071789
v 2.55067987 2.74803705 1.74999996
v 2.51449595 2.73098688 1.76071789
v 2.57215692 2.66459985 1.74999996
v 2.53223795 2.66206079 1.76071789
v 2.48800699 2.71850580 1.78999996
v 2.50301493 2.66020197 1.78999996
v 2.49231791 2.65952204 1.82999996
v 2.46923289 2.73043207 1.82999996
v 2.45259897 2.76719598 1.78999996
v 2.41485392 2.78146295 1.82999996
v 2.40175898 2.79944208 1.78999996
v 2.34262095 2.79999994 1.82999996
v 2.34262095 2.81071802 1.78999996
v 2.34262095 2.87999994 1.74999996
v -1.99999996 2.87999994 1.74999996
v 2.34262095 2.83999994 1.76071789
v -1.99999996 2.83999994 1.76071789
v 2.34262095 2.81071802 1.78999996
v -1.99999996 2.81071802 1.78999996
v 2.34262095 2.79999994 1.82999996
v -1.99999996 2.79999994 1.82999996
v -3.36249199 2.73801691 1.74999996
v -3.37999992 2.64999994 1.74999996
v -3.33070091 2.70871301 1.76071789
v -3.33999993 2.64999994 1.76071789
v -3.31071800 2.64999994 1.78999996
v -3.30285179 2.69966486 1.78999996
v -3.29999993 2.64999994 1.82999996
v -3.27990380 2.72499994 1.82999996
v -3.28002404 2.74446802 1.78999996
v -3.22499993 2.77990381 1.82999996
v -3.24446801 2.78002405 1.78999996
v -3.19966485 2.80285181 1.78999996
v -3.20871300 2.83070093 1.76071789
v -3.14999993 2.83999994 1.76071789
v -3.14999993 2.87999994 1.74999996
v -3.14999993 2.79999994 1.82999996
v -3.14999993 2.81071802 1.78999996
v -3.23801690 2.86249200 1.74999996
v -3.26167900 2.80371301 1.76071789
v -3.31263481 2.81263482 1.74999996
v -3.30371300 2.76167902 1.76071789
v -3.37999992 2.64999994 1.74999996
v -3.37999992 -1.69999996 1.74999996
v -3.33999993 2.64999994 1.76071789
v -3.33999993 -1.69999996 1.76071789
v -3.31071800 2.64999994 1.78999996
v -3.31071800 -1.69999996 1.78999996
v -3.29999993 2.64999994 1.82999996
v -3.29999993 -1.69999996 1.82999996
v -3.09384789 -2.28396891 1.74999996
v -3.10361382 -2.24517894 1.76071789
v -3.17681603 -2.28936000 1.74999996
v -3.17215203 -2.24963298 1.76071789
v -3.25627892 -2.26490199 1.74999996
v -3.23779595 -2.22942790 1.76071789
v -3.32185387 -2.21378901 1.74999996
v -3.29196587 -2.18720500 1.76071789
v -3.36497307 -2.14270198 1.74999996
v -3.32758599 -2.12848002 1.76071789
v -3.37999992 -2.06092891 1.74999996
v -3.33999993 -2.06092891 1.76071789
v -3.30021691 -2.11806895 1.78999996
v -3.31071800 -2.06092891 1.78999996
v -3.29999993 -2.06092891 1.82999996
v -3.28478203 -2.12676097 1.82999996
v -3.27008690 -2.16774302 1.78999996
v -3.24221398 -2.17923594 1.82999996
v -3.22426506 -2.20345988 1.78999996
v -3.18093499 -2.20770396 1.82999996
v -3.16873803 -2.22055095 1.78999996
v -3.11337884 -2.20639003 1.82999996
v -3.11076287 -2.21678294 1.78999996
v -2.57215692 -2.66459985 1.74999996
v -2.53223795 -2.66206079 1.76071789
v -2.59762079 -2.54494196 1.74999996
v -2.56012690 -2.53100687 1.76071789
v -2.65648706 -2.43769892 1.74999996
v -2.62459894 -2.41354990 1.76071789
v -2.74376001 -2.35196787 1.74999996
v -2.72018396 -2.31965495 1.76071789
v -2.85203607 -2.29502391 1.74999996
v -2.83877099 -2.25728800 1.76071789
v -2.97212792 -2.27169795 1.74999996
v -2.97030206 -2.23173991 1.76071789
v -3.09384789 -2.28396891 1.74999996
v -3.10361382 -2.24517894 1.76071789
v -2.96896386 -2.20248896 1.78999996
v -3.11076287 -2.21678294 1.78999996
v -2.96847497 -2.19178202 1.82999996
v -3.11337884 -2.20639003 1.82999996
v -2.50301493 -2.66020197 1.78999996
v -2.53267893 -2.52080591 1.78999996
v -2.60125482 -2.39587199 1.78999996
v -2.70292505 -2.29600001 1.78999996
v -2.82906183 -2.22966197 1.78999996
v -2.49231791 -2.65952204 1.82999996
v -2.52263193 -2.51707193 1.82999996
v -2.59271082 -2.38940089 1.82999996
v -2.69660700 -2.28734095 1.82999996
v -2.82550683 -2.21955088 1.82999996
v -1.99999996 2.79999994 2.08999995
v 2.34262095 2.79999994 2.08999995
v -1.99999996 2.79999994 1.82999996
v 2.34262095 2.79999994 1.82999996
v -3.14999993 2.79999994 2.08999995
v -3.14999993 2.79999994 1.82999996
v -3.22499993 2.77990381 2.08999995
v -3.22499993 2.77990381 1.82999996
v -3.27990380 2.72499994 2.08999995
v -3.27990380 2.72499994 1.82999996
v -3.29999993 2.64999994 2.08999995
v -3.29999993 2.64999994 1.82999996
v -3.29999993 -1.69999996 2.08999995
v -3.29999993 2.64999994 2.08999995
v -3.29999993 -1.69999996 1.82999996
v -3.29999993 2.64999994 1.82999996
v -3.29999993 -2.06092891 2.08999995
v -3.29999993 -2.06092891 1.82999996
v -3.28478203 -2.12676097 2.08999995
v -3.28478203 -2.12676097 1.82999996
v -3.24221398 -2.17923594 2.08999995
v -3.24221398 -2.17923594 1.82999996
v -3.18093499 -2.20770396 2.08999995
v -3.18093499 -2.20770396 1.82999996
v -3.11337884 -2.20639003 2.08999995
v -3.11337884 -2.20639003 1.82999996
v -3.11337884 -2.20639003 2.08999995
v -3.11337884 -2.20639003 1.82999996
v -2.96847497 -2.19178202 2.08999995
v -2.96847497 -2.19178202 1.82999996
v -2.82550683 -2.21955088 2.08999995
v -2.82550683 -2.21955088 1.82999996
v -2.69660700 -2.28734095 2.08999995
v -2.69660700 -2.28734095 1.82999996
v -2.59271082 -2.38940089 2.08999995
v -2.59271082 -2.38940089 1.82999996
v -2.52263193 -2.51707193 2.08999995
v -2.52263193 -2.51707193 1.82999996
v -2.49231791 -2.65952204 2.08999995
v -2.49231791 -2.65952204 1.82999996
v -2.49231791 -2.65952204 2.08999995
v -2.49231791 -2.65952204 1.82999996
v -2.46923289 -2.73043207 2.08999995
v -2.46923289 -2.73043207 1.82999996
v -2.41485392 -2.78146295 2.08999995
v -2.41485392 -2.78146295 1.82999996
v -2.34262095 -2.79999994 2.08999995
v -2.34262095 -2.79999994 1.82999996
v 2.49231791 2.65952204 2.08999995
v 2.49231791 2.65952204 1.82999996
v 2.46923289 2.73043207 2.08999995
v 2.46923289 2.73043207 1.82999996
v 2.41485392 2.78146295 2.08999995
v 2.41485392 2.78146295 1.82999996
v 2.34262095 2.79999994 2.08999995
v 2.34262095 2.79999994 1.82999996
v 3.14999993 -2.79999994 2.08999995
v 3.14999993 -2.79999994 1.82999996
v 3.22499993 -2.77990381 2.08999995
v 3.22499993 -2.77990381 1.82999996
v 3.27990380 -2.72499994 2.08999995
v 3.27990380 -2.72499994 1.82999996
v 3.29999993 -2.64999994 2.08999995
v 3.29999993 -2.64999994 1.82999996
v 3.29999993 2.06092891 2.08999995
v 3.29999993 2.06092891 1.82999996
v 3.28478203 2.12676097 2.08999995
v 3.28478203 2.12676097 1.82999996
v 3.24221398 2.17923594 2.08999995
v 3.24221398 2.17923594 1.82999996
v 3.18093499 2.20770396 2.08999995
v 3.18093499 2.20770396 1.82999996
v 3.11337884 2.20639003 2.08999995
v 3.11337884 2.20639003 1.82999996
v 3.11337884 2.20639003 2.08999995
v 3.11337884 2.20639003 1.82999996
v 2.96847497 2.19178202 2.08999995
v 2.96847497 2.19178202 1.82999996
v 2.82550683 2.21955088 2.08999995
v 2.82550683 2.21955088 1.82999996
v 2.69660700 2.28734095 2.08999995
v 2.69660700 2.28734095 1.82999996
v 2.59271082 2.38940089 2.08999995
v 2.59271082 2.38940089 1.82999996
v 2.52263193 2.51707193 2.08999995
v 2.52263193 2.51707193 1.82999996
v 2.49231791 2.65952204 2.08999995
v 2.49231791 2.65952204 1.82999996
v 3.49999992 3.19999993 1.74999996
v 3.49999992 1.79999996 1.74999996
v 3.57653679 3.19999993 1.73477596
v 3.57653679 1.79999996 1.73477596
v 3.64142204 3.19999993 1.69142101
v 3.64142204 1.79999996 1.69142101
v 3.68477592 3.19999993 1.62653698
v 3.68477592 1.79999996 1.62653698
v 3.69999992 3.19999993 1.54999997
v 3.69999992 1.79999996 1.54999997
v 3.57653679 -3.19999993 1.73477596
v 3.49999992 -3.19999993 1.74999996
v 3.56065696 -3.26566399 1.72891094
v 3.49999992 -3.27653679 1.73477596
v 3.52925987 -3.33043389 1.69876492
v 3.49999992 -3.34142204 1.69142101
v 3.49999992 -3.38477593 1.62653698
v 3.49999992 -3.39999992 1.54999997
v 3.55411979 -3.38477593 1.60411999
v 3.59999992 -3.34142204 1.64999996
v 3.63065696 -3.27653679 1.68065594
v 3.57653679 -3.38477593 1.54999997
v 3.64876487 -3.33043389 1.57925991
v 3.67891105 -3.26566399 1.61065594
v 3.68477592 -3.19999993 1.62653698
v 3.64142204 -3.19999993 1.69142101
v 3.64142204 -3.34142204 1.54999997
v 3.68477592 -3.27653679 1.54999997
v 3.69999992 -3.19999993 1.54999997
v -3.49999992 -3.27653679 1.73477596
v -3.49999992 -3.19999993 1.74999996
v -3.56065696 -3.26566399 1.72891094
v -3.57653679 -3.19999993 1.73477596
v -3.63065696 -3.27653679 1.68065594
v -3.64142204 -3.19999993 1.69142101
v -3.68477592 -3.19999993 1.62653698
v -3.67891105 -3.26566399 1.61065594
v -3.69999992 -3.19999993 1.54999997
v -3.68477592 -3.27653679 1.54999997
v -3.64876487 -3.33043389 1.57925991
v -3.64142204 -3.34142204 1.54999997
v -3.57653679 -3.38477593 1.54999997
v -3.49999992 -3.39999992 1.54999997
v -3.55411979 -3.38477593 1.60411999
v -3.59999992 -3.34142204 1.64999996
v -3.49999992 -3.38477593 1.62653698
v -3.52925987 -3.33043389 1.69876492
v -3.49999992 -3.34142204 1.69142101
v -3.57653679 3.19999993 1.73477596
v -3.49999992 3.19999993 1.74999996
v -3.56065696 3.26566399 1.72891094
v -3.49999992 3.27653679 1.73477596
v -3.52925987 3.33043389 1.69876492
v -3.49999992 3.34142204 1.69142101
v -3.49999992 3.38477593 1.62653698
v -3.49999992 3.39999992 1.54999997
v -3.55411979 3.38477593 1.60411999
v -3.59999992 3.34142204 1.64999996
v -3.63065696 3.27653679 1.68065594
v -3.57653679 3.38477593 1.54999997
v -3.64142204 3.34142204 1.54999997
v -3.64876487 3.33043389 1.57925991
v -3.67891105 3.26566399 1.61065594
v -3.68477592 3.27653679 1.54999997
v -3.69999992 3.19999993 1.54999997
v -3.68477592 3.19999993 1.62653698
v -3.64142204 3.19999993 1.69142101
v 3.49999992 3.27653679 1.73477596
v 3.49999992 3.19999993 1.74999996
v 3.56065696 3.26566399 1.72891094
v 3.57653679 3.19999993 1.73477596
v 3.63065696 3.27653679 1.68065594
v 3.64142204 3.19999993 1.69142101
v 3.68477592 3.19999993 1.62653698
v 3.67891105 3.26566399 1.61065594
v 3.69999992 3.19999993 1.54999997
v 3.68477592 3.27653679 1.54999997
v 3.64876487 3.33043389 1.57925991
v 3.64142204 3.34142204 1.54999997
v 3.57653679 3.38477593 1.54999997
v 3.49999992 3.39999992 1.54999997
v 3.55411979 3.38477593 1.60411999
v 3.59999992 3.34142204 1.64999996
v 3.49999992 3.38477593 1.62653698
v 3.49999992 3.34142204 1.69142101
v 3.52925987 3.33043389 1.69876492
v -3.49999992 -3.39999992 0.29999999
v -3.49999992 -3.39999992 1.54999997
v -3.57653679 -3.38477593 0.29999999
v -3.57653679 -3.38477593 1.54999997
v -3.64142204 -3.34142204 0.29999999
v -3.64142204 -3.34142204 1.54999997
v -3.68477592 -3.27653679 0.29999999
v -3.68477592 -3.27653679 1.54999997
v -3.69999992 -3.19999993 0.29999999
v -3.69999992 -3.19999993 1.54999997
v -3.69999992 3.19999993 0.29999999
v -3.69999992 3.19999993 1.54999997
v -3.68477592 3.27653679 0.29999999
v -3.68477592 3.27653679 1.54999997
v -3.64142204 3.34142204 0.29999999
v -3.64142204 3.34142204 1.54999997
v -3.57653679 3.38477593 0.29999999
v -3.57653679 3.38477593 1.54999997
v -3.49999992 3.39999992 0.29999999
v -3.49999992 3.39999992 1.54999997
v 3.49999992 3.39999992 3.09999993
v -1.99999996 3.39999992 3.09999993
v 3.49999992 3.38477593 3.17653679
v -1.99999996 3.38477593 3.17653679
v 3.49999992 3.34142204 3.24142205
v -1.99999996 3.34142204 3.24142205
v 3.49999992 3.27653679 3.28477593
v -1.99999996 3.27653679 3.28477593
v 3.49999992 3.19999993 3.29999993
v -1.99999996 3.19999993 3.29999993
v 3.49999992 3.19999993 3.29999993
v 3.49999992 1.79999996 3.29999993
v 3.57653679 3.19999993 3.28477593
v 3.57653679 1.79999996 3.28477593
v 3.64142204 3.19999993 3.24142205
v 3.64142204 1.79999996 3.24142205
v 3.68477592 3.19999993 3.17653679
v 3.68477592 1.79999996 3.17653679
v 3.69999992 3.19999993 3.09999993
v 3.69999992 1.79999996 3.09999993
v 3.49999992 3.27653679 3.28477593
v 3.49999992 3.19999993 3.29999993
v 3.56065696 3.26566399 3.27891106
v 3.57653679 3.19999993 3.28477593
v 3.63065696 3.27653679 3.23065697
v 3.64142204 3.19999993 3.24142205
v 3.68477592 3.19999993 3.17653679
v 3.67891105 3.26566399 3.16065697
v 3.69999992 3.19999993 3.09999993
v 3.68477592 3.27653679 3.09999993
v 3.64876487 3.33043389 3.12925988
v 3.64142204 3.34142204 3.09999993
v 3.57653679 3.38477593 3.09999993
v 3.49999992 3.39999992 3.09999993
v 3.55411979 3.38477593 3.15411980
v 3.59999992 3.34142204 3.19999993
v 3.49999992 3.38477593 3.17653679
v 3.49999992 3.34142204 3.24142205
v 3.52925987 3.33043389 3.24876488
v 3.57653679 -3.19999993 3.28477593
v 3.49999992 -3.19999993 3.29999993
v 3.56065696 -3.26566399 3.27891106
v 3.49999992 -3.27653679 3.28477593
v 3.52925987 -3.33043389 3.24876488
v 3.49999992 -3.34142204 3.24142205
v 3.49999992 -3.38477593 3.17653679
v 3.49999992 -3.39999992 3.09999993
v 3.55411979 -3.38477593 3.15411980
v 3.59999992 -3.34142204 3.19999993
v 3.63065696 -3.27653679 3.23065697
v 3.57653679 -3.38477593 3.09999993
v 3.64876487 -3.33043389 3.12925988
v 3.67891105 -3.26566399 3.16065697
v 3.68477592 -3.19999993 3.17653679
v 3.64142204 -3.19999993 3.24142205
v 3.64142204 -3.34142204 3.09999993
v 3.68477592 -3.27653679 3.09999993
v 3.69999992 -3.19999993 3.09999993
v -3.49999992 -3.27653679 3.28477593
v -3.49999992 -3.19999993 3.29999993
v -3.56065696 -3.26566399 3.27891106
v -3.57653679 -3.19999993 3.28477593
v -3.63065696 -3.27653679 3.23065697
v -3.64142204 -3.19999993 3.24142205
v -3.68477592 -3.19999993 3.17653679
v -3.67891105 -3.26566399 3.16065697
v -3.69999992 -3.19999993 3.09999993
v -3.68477592 -3.27653679 3.09999993
v -3.64876487 -3.33043389 3.12925988
v -3.64142204 -3.34142204 3.09999993
v -3.57653679 -3.38477593 3.09999993
v -3.49999992 -3.39999992 3.09999993
v -3.55411979 -3.38477593 3.15411980
v -3.59999992 -3.34142204 3.19999993
v -3.49999992 -3.38477593 3.17653679
v -3.52925987 -3.33043389 3.24876488
v -3.49999992 -3.34142204 3.24142205
v -3.57653679 3.19999993 3.28477593
v -3.49999992 3.19999993 3.29999993
v -3.56065696 3.26566399 3.27891106
v -3.49999992 3.27653679 3.28477593
v -3.52925987 3.33043389 3.24876488
v -3.49999992 3.34142204 3.24142205
v -3.49999992 3.38477593 3.17653679
v -3.49999992 3.39999992 3.09999993
v -3.55411979 3.38477593 3.15411980
v -3.59999992 3.34142204 3.19999993
v -3.63065696 3.27653679 3.23065697
v -3.57653679 3.38477593 3.09999993
v -3.64142204 3.34142204 3.09999993
v -3.64876487 3.33043389 3.12925988
v -3.67891105 3.26566399 3.16065697
v -3.68477592 3.27653679 3.09999993
v -3.69999992 3.19999993 3.09999993
v -3.68477592 3.19999993 3.17653679
v -3.64142204 3.19999993 3.24142205
v 3.69999992 -3.19999993 2.04999995
v 3.69999992 -3.19999993 3.09999993
v 3.68477592 -3.27653679 2.04999995
v 3.68477592 -3.27653679 3.09999993
v 3.64142204 -3.34142204 2.04999995
v 3.64142204 -3.34142204 3.09999993
v 3.57653679 -3.38477593 2.04999995
v 3.57653679 -3.38477593 3.09999993
v 3.49999992 -3.39999992 2.04999995
v 3.49999992 -3.39999992 3.09999993
v -3.49999992 -3.39999992 2.04999995
v -3.49999992 -3.39999992 3.09999993
v -3.57653679 -3.38477593 2.04999995
v -3.57653679 -3.38477593 3.09999993
v -3.64142204 -3.34142204 2.04999995
v -3.64142204 -3.34142204 3.09999993
v -3.68477592 -3.27653679 2.04999995
v -3.68477592 -3.27653679 3.09999993
v -3.69999992 -3.19999993 2.04999995
v -3.69999992 -3.19999993 3.09999993
v 3.46999992 -3.10999993 3.29999993
v 3.49999992 1.69999996 3.29999993
v 3.46999992 3.10999993 3.29999993
v 3.49999992 1.79999996 3.29999993
v 3.49999992 3.19999993 3.29999993
v 3.49999992 -3.19999993 3.29999993
v 3.46196098 -3.13999993 3.29999993
v 3.43999992 -3.16196190 3.29999993
v 3.40999992 -3.16999993 3.29999993
v 2.09999995 -3.19999993 3.29999993
v 1.99999996 -3.19999993 3.29999993
v -3.40999992 -3.16999993 3.29999993
v -3.49999992 -3.19999993 3.29999993
v -3.43999992 -3.16196190 3.29999993
v -3.46196098 -3.13999993 3.29999993
v -3.46999992 -3.10999993 3.29999993
v -3.49999992 -1.79999996 3.29999993
v -3.49999992 -1.69999996 3.29999993
v -3.46999992 3.10999993 3.29999993
v -3.49999992 3.19999993 3.29999993
v -3.46196098 3.13999993 3.29999993
v -3.43999992 3.16196190 3.29999993
v -3.40999992 3.16999993 3.29999993
v -2.09999995 3.19999993 3.29999993
v -1.99999996 3.19999993 3.29999993
v 3.40999992 3.16999993 3.29999993
v 3.43999992 3.16196190 3.29999993
v 3.46196098 3.13999993 3.29999993
v 3.49999992 3.39999992 0.29999999
v 3.49999992 3.39999992 1.54999997
v 3.57653679 3.38477593 0.29999999
v 3.57653679 3.38477593 1.54999997
v 3.64142204 3.34142204 0.29999999
v 3.64142204 3.34142204 1.54999997
v 3.68477592 3.27653679 0.29999999
v 3.68477592 3.27653679 1.54999997
v 3.69999992 3.19999993 0.29999999
v 3.69999992 3.19999993 1.54999997
v 3.69999992 -3.19999993 0.29999999
v 3.69999992 -3.19999993 1.54999997
v 3.68477592 -3.27653679 0.29999999
v 3.68477592 -3.27653679 1.54999997
v 3.64142204 -3.34142204 0.29999999
v 3.64142204 -3.34142204 1.54999997
v 3.57653679 -3.38477593 0.29999999
v 3.57653679 -3.38477593 1.54999997
v 3.49999992 -3.39999992 0.29999999
v 3.49999992 -3.39999992 1.54999997
v -3.69999992 3.19999993 2.04999995
v -3.69999992 3.19999993 3.09999993
v -3.68477592 3.27653679 2.04999995
v -3.68477592 3.27653679 3.09999993
v -3.64142204 3.34142204 2.04999995
v -3.64142204 3.34142204 3.09999993
v -3.57653679 3.38477593 2.04999995
v -3.57653679 3.38477593 3.09999993
v -3.49999992 3.39999992 2.04999995
v -3.49999992 3.39999992 3.09999993
v 3.49999992 3.39999992 2.04999995
v 3.49999992 3.39999992 3.09999993
v 3.57653679 3.38477593 2.04999995
v 3.57653679 3.38477593 3.09999993
v 3.64142204 3.34142204 2.04999995
v 3.64142204 3.34142204 3.09999993
v 3.68477592 3.27653679 2.04999995
v 3.68477592 3.27653679 3.09999993
v 3.69999992 3.19999993 2.04999995
v 3.69999992 3.19999993 3.09999993
v 2.93288293 3.39999992 2.85966180
v 2.93288293 3.39999992 2.66444391
v 2.88750482 3.39999992 2.85966180
v 2.86709100 3.39999992 2.66487085
v 2.85610284 3.39999992 2.85966180
v 2.82376397 3.39999992 2.66516992
v 2.82169702 3.39999992 2.85966089
v 2.80127283 3.39999992 2.85963891
v 2.79692590 3.39999992 2.66537988
v 2.67883600 3.39999992 2.76531702
v 2.78152704 3.39999992 2.66553095
v 2.68018488 3.39999992 2.72918787
v 2.76562402 3.39999992 2.66597986
v 2.75260583 3.39999992 2.66715784
v 2.68535486 3.39999992 2.70540704
v 2.72114008 3.39999992 2.67359979
v 2.69733881 3.39999992 2.68637201
v 2.68678308 3.39999992 2.82569208
v 2.73224390 3.39999992 2.85518182
v 2.76676507 3.39999992 2.85898279
v 2.78653894 3.39999992 2.85937982
v 2.69511499 3.39999992 2.83855798
v 2.70621088 3.39999992 2.84666803
vt 50.90000153 17.52680016
vt 50.97320175 17.60000038
vt 50.79999924 17.50000000
vt 51.00000000 17.70000076
vt 43.40000153 20.14999962
vt 43.70000076 20.23039055
vt 43.91962051 20.45000076
vt 44.00000000 20.75000000
vt 46.33000183 22.53560066
vt 45.59999847 22.34000015
vt 51.00000000 28.00000000
vt 47.06000137 23.79999924
vt 46.86439896 23.06999969
vt 2.00000000 28.00000000
vt 24.60000038 26.64999962
vt 43.40000153 26.64999962
vt 43.70000076 26.56962013
vt 2.00000000 17.50000000
vt 3.83658695 23.13002014
vt 3.83658695 24.62170029
vt 4.09025288 24.62170029
vt 24.60000038 20.14999962
vt 24.29999924 20.23039055
vt 24.08039093 20.45000076
vt 24.00000000 26.04999924
vt 23.86000061 23.79999924
vt 24.00000000 20.75000000
vt 23.66440010 23.06999969
vt 23.12999916 22.53560066
vt 24.08039093 26.35000038
vt 19.16341019 25.20627975
vt 22.39999962 25.26000023
vt 23.12999916 25.06439972
vt 16.64189911 25.20627022
vt 24.29999924 26.56962013
vt 43.91962051 26.35000038
vt 44.00000000 26.04999924
vt 45.59999847 25.26000023
vt 44.86999893 25.06439972
vt 44.33560181 24.53000069
vt 44.13999939 23.79999924
vt 44.33560181 23.06999969
vt 44.86999893 22.53560066
vt 16.64189911 22.54372025
vt 19.16341019 22.54372025
vt 22.39999962 22.34000015
vt 21.67000008 22.53560066
vt 21.13559914 24.53000069
vt 20.94000053 23.79999924
vt 21.13559914 23.06999969
vt 21.67000008 25.06439972
vt 23.66440010 24.53000069
vt 46.33000183 25.06439972
vt 46.86439896 24.53000069
vt 4.78408384 24.62170029
vt 4.77538013 23.61350060
vt 4.78408384 23.61350060
vt 5.01822376 24.62170029
vt 5.84207678 24.62170029
vt 6.83724403 24.62170029
vt 5.84207821 23.13002014
vt 5.01822376 23.13002014
vt 4.78408384 23.13002014
vt 4.07075596 23.13002014
vt 4.07943106 24.17506027
vt 4.07075596 24.17506027
vt 11.61682034 23.58040047
vt 10.78380013 23.52459908
vt 11.64288998 23.38340950
vt 10.76021004 23.35738945
vt 11.70065975 23.25723076
vt 10.68945980 23.23299980
vt 11.80459023 23.17392921
vt 10.55963993 23.15575981
vt 11.97472954 23.12752914
vt 10.35883045 23.13002014
vt 12.23116016 23.11207008
vt 14.05058956 23.13006973
vt 14.29555988 23.13006973
vt 15.57277966 23.13006973
vt 14.74870014 24.39398956
vt 15.57277966 24.62163925
vt 14.74870014 24.62163925
vt 13.59749031 24.62163925
vt 12.23116016 24.64027023
vt 12.65878963 24.57840919
vt 10.76861000 23.66498947
vt 11.60814953 23.87616920
vt 10.72309971 23.76962090
vt 10.64013958 23.84222984
vt 10.62742996 23.93790054
vt 10.51278019 23.88669014
vt 10.51278019 23.89537048
vt 10.70681000 24.00918007
vt 11.61682034 24.17192078
vt 10.75317001 24.11136055
vt 10.76861954 24.24661064
vt 11.64288998 24.36891937
vt 10.74448013 24.41000938
vt 11.70065975 24.49509048
vt 10.67210960 24.52736092
vt 11.80459023 24.57840919
vt 10.54557991 24.59811020
vt 10.35890961 24.62170029
vt 9.64985943 24.62170029
vt 8.20119762 24.63818932
vt 7.77514696 24.57641029
vt 7.67133713 24.49320030
vt 6.83724403 24.40052032
vt 7.61364412 24.36717033
vt 7.58760405 24.17041016
vt 6.73534822 23.99291039
vt 7.57894278 23.87501907
vt 6.73534822 23.77177048
vt 7.58760405 23.57961082
vt 6.83724403 23.35116005
vt 7.61364412 23.38286018
vt 7.67133713 23.25683022
vt 6.83724403 23.13002014
vt 7.77514791 23.17362976
vt 7.94507694 23.12729073
vt 8.20119762 23.11183929
vt 12.76352978 24.49482918
vt 13.59749031 24.39398956
vt 12.82161045 24.36786079
vt 12.84766006 24.17057037
vt 14.05058956 24.39398956
vt 12.85634995 23.87616920
vt 12.84766006 23.58173943
vt 12.82161045 23.38450050
vt 12.76352978 23.25749016
vt 12.65878963 23.17392921
vt 9.64985943 23.13002014
vt 8.82562923 23.87501907
vt 8.81694603 23.58094978
vt 8.79092884 23.38394928
vt 6.08706808 24.40052032
vt 6.08706808 23.99291039
vt 6.08706808 23.77177048
vt 6.08706808 23.35116005
vt 14.29557037 24.39398956
vt 15.81776047 23.13006973
vt 15.81776047 24.62163925
vt 8.62830734 24.57641029
vt 8.73291874 24.49292946
vt 8.79092789 24.36611938
vt 8.81694603 24.16906929
vt 8.73291874 23.25709915
vt 8.62830830 23.17362976
vt 12.60587025 23.63575935
vt 12.39828968 23.33999062
vt 12.59041977 23.48760986
vt 12.50032997 23.35952950
vt 12.55755997 23.40456963
vt 12.61102962 23.87616920
vt 12.23116016 23.33348083
vt 11.85344028 23.87616920
vt 11.85859013 23.63575935
vt 12.60587025 24.11656952
vt 12.39828968 24.41234016
vt 12.23116016 24.41884995
vt 11.85859013 24.11656952
vt 12.06425953 24.41234016
vt 11.87407970 24.26472092
vt 11.96306038 24.39279938
vt 11.90662003 24.34775925
vt 12.59041977 24.26472092
vt 12.50032997 24.39279938
vt 12.55755997 24.34777069
vt 11.96306038 23.35952950
vt 11.87407970 23.48760986
vt 11.90662003 23.40456963
vt 9.89484882 23.77395058
vt 9.89484978 23.34897995
vt 10.28511047 23.77395058
vt 10.28511047 23.34897995
vt 10.53878021 23.56147957
vt 10.53308964 23.48829079
vt 10.51601982 23.43355942
vt 10.43906021 23.36850929
vt 10.48540020 23.39452934
vt 10.52495956 23.66254044
vt 10.40624046 23.76228905
vt 10.48348999 23.72734070
vt 9.89484882 24.40052032
vt 9.89484882 23.99509048
vt 10.27647018 24.40052032
vt 10.27647018 23.99509048
vt 10.52359962 24.19672966
vt 10.50922966 24.10376930
vt 10.46613979 24.04170036
vt 10.51844978 24.26934052
vt 10.50302029 24.32247925
vt 10.43037987 24.38319969
vt 10.47455025 24.35934067
vt 17.93380928 24.62174034
vt 17.51280975 24.62170982
vt 18.25457954 24.17370033
vt 18.58514977 23.12821960
vt 18.57876015 24.62174034
vt 18.92222023 24.96508026
vt 16.88308907 24.96508026
vt 17.22628021 24.62170982
vt 17.21759033 23.12821960
vt 17.75377083 23.87713051
vt 17.90572929 23.67090988
vt 17.88835907 23.67090988
vt 18.29861069 23.12821960
vt 17.49543953 23.12821960
vt 16.88308907 22.78491974
vt 18.92222023 22.78491974
vt 20.71607018 26.46327019
vt 19.04278946 26.46327019
vt 21.98175049 24.68714905
vt 23.29999924 20.53265953
vt 57.00000000 28.00000000
vt 57.00000000 17.70000076
vt 56.79999924 17.50000000
vt 56.97320175 17.60000038
vt 56.90000153 17.52680016
vt 2.00000000 28.00000000
vt 23.27507019 26.46327019
vt 17.90410995 26.46327019
vt 17.08810997 25.35956955
vt 19.99548912 23.51013947
vt 17.13241005 25.07905006
vt 17.17657089 24.59177971
vt 14.87693977 26.53878975
vt 15.74092007 26.47573090
vt 16.16348076 26.38759041
vt 2.00000000 17.50000000
vt 22.16341019 20.53265953
vt 18.96993065 20.53265953
vt 20.60283089 22.68800926
vt 20.52971077 22.68800926
vt 17.86807060 20.53265953
vt 14.80109024 20.47963905
vt 14.42718983 20.49271965
vt 17.05335045 21.51785088
vt 16.84081078 21.06468964
vt 16.45141983 20.74099922
vt 10.42409992 26.31321907
vt 14.03960037 26.51252937
vt 9.58315086 26.46752930
vt 6.69999981 26.47088051
vt 6.69999981 20.54825974
vt 7.67132378 20.54825974
vt 10.24629021 20.54825974
vt 9.36318588 22.78904915
vt 13.08098030 26.30974960
vt 10.65293980 26.19689941
vt 12.72373009 26.06973076
vt 10.94357967 25.90770912
vt 12.51904011 25.79520988
vt 12.45722008 25.65682983
vt 12.39186001 25.41872978
vt 11.15310001 25.17839050
vt 12.28118992 24.41955948
vt 11.15464020 24.41785049
vt 11.13004017 24.15847015
vt 11.07320976 23.82696915
vt 12.26718044 23.19924927
vt 10.82748032 23.21729088
vt 10.60645008 23.03881073
vt 12.28582001 22.56731987
vt 10.30484962 22.91189003
vt 12.32388973 22.05620003
vt 12.37434959 21.67217064
vt 11.27906990 20.54825974
vt 12.44048023 21.40958977
vt 12.71815968 20.95665932
vt 13.28369045 20.63529015
vt 13.77748966 20.53676987
vt 13.94515991 20.51753044
vt 14.18476009 20.50338936
vt 7.67132378 22.78904915
vt 16.45577049 26.27506065
vt 16.80233002 26.00554085
vt 17.20293045 23.35112000
vt 17.19605064 22.96851921
vt 17.17415047 22.46084976
vt 17.12221909 21.92049980
vt 15.74151993 20.54266930
vt 15.33852005 20.50028992
vt 14.56326962 26.53793907
vt 13.96430969 25.62108994
vt 13.26393032 24.04525948
vt 14.77540016 25.65942955
vt 16.23208046 23.36724091
vt 16.22698975 24.17226982
vt 13.56252003 25.48607063
vt 13.36200047 25.14092064
vt 13.26229954 23.04919052
vt 14.75000954 21.35605049
vt 16.18457985 22.42664909
vt 15.56488037 21.41448975
vt 15.83298969 21.50371933
vt 13.28573036 22.43906021
vt 13.75784016 21.43045998
vt 13.34259987 21.95107079
vt 13.48608017 21.60219002
vt 16.00391006 21.68989944
vt 16.16526031 24.85897064
vt 15.56589031 25.60964966
vt 16.10111046 25.15537071
vt 16.03019905 25.32242012
vt 15.91849995 25.46965981
vt 20.71607018 26.46327019
vt 19.04278946 26.46327019
vt 21.98175049 24.68714905
vt 23.29999924 20.53265953
vt 57.00000000 28.00000000
vt 57.00000000 17.70000076
vt 56.79999924 17.50000000
vt 56.97320175 17.60000038
vt 56.90000153 17.52680016
vt 2.00000000 28.00000000
vt 23.27507019 26.46327019
vt 17.90410995 26.46327019
vt 17.08810997 25.35956955
vt 19.99548912 23.51013947
vt 17.13241005 25.07905006
vt 17.17657089 24.59177971
vt 14.87693977 26.53878975
vt 15.74092007 26.47573090
vt 16.16348076 26.38759041
vt 2.00000000 17.50000000
vt 22.16341019 20.53265953
vt 18.96993065 20.53265953
vt 20.60283089 22.68800926
vt 20.52971077 22.68800926
vt 17.86807060 20.53265953
vt 14.80109024 20.47963905
vt 14.42718983 20.49271965
vt 17.05335045 21.51785088
vt 16.84081078 21.06468964
vt 16.45141983 20.74099922
vt 10.42409992 26.31321907
vt 14.03960037 26.51252937
vt 9.58315086 26.46752930
vt 6.69999981 26.47088051
vt 6.69999981 20.54825974
vt 7.67132378 20.54825974
vt 10.24629021 20.54825974
vt 9.36318588 22.78904915
vt 13.08098030 26.30974960
vt 10.65293980 26.19689941
vt 12.72373009 26.06973076
vt 10.94357967 25.90770912
vt 12.51904011 25.79520988
vt 12.45722008 25.65682983
vt 12.39186001 25.41872978
vt 11.15310001 25.17839050
vt 12.28118992 24.41955948
vt 11.15464020 24.41785049
vt 11.13004017 24.15847015
vt 11.07320976 23.82696915
vt 12.26718044 23.19924927
vt 10.82748032 23.21729088
vt 10.60645008 23.03881073
vt 12.28582001 22.56731987
vt 10.30484962 22.91189003
vt 12.32388973 22.05620003
vt 12.37434959 21.67217064
vt 11.27906990 20.54825974
vt 12.44048023 21.40958977
vt 12.71815968 20.95665932
vt 13.28369045 20.63529015
vt 13.77748966 20.53676987
vt 13.94515991 20.51753044
vt 14.18476009 20.50338936
vt 7.67132378 22.78904915
vt 16.45577049 26.27506065
vt 16.80233002 26.00554085
vt 17.20293045 23.35112000
vt 17.19605064 22.96851921
vt 17.17415047 22.46084976
vt 17.12221909 21.92049980
vt 15.74151993 20.54266930
vt 15.33852005 20.50028992
vt 14.56326962 26.53793907
vt 13.96430969 25.62108994
vt 13.26393032 24.04525948
vt 14.77540016 25.65942955
vt 16.23208046 23.36724091
vt 16.22698975 24.17226982
vt 13.56252003 25.48607063
vt 13.36200047 25.14092064
vt 13.26229954 23.04919052
vt 14.75000954 21.35605049
vt 16.18457985 22.42664909
vt 15.56488037 21.41448975
vt 15.83298969 21.50371933
vt 13.28573036 22.43906021
vt 13.75784016 21.43045998
vt 13.34259987 21.95107079
vt 13.48608017 21.60219002
vt 16.00391006 21.68989944
vt 16.16526031 24.85897064
vt 15.56589031 25.60964966
vt 16.10111046 25.15537071
vt 16.03019905 25.32242012
vt 15.91849995 25.46965981
vt 50.90000153 0.02679497
vt 50.97320175 0.10000000
vt 50.79999924 0.00000000
vt 51.00000000 0.20000000
vt 38.25000000 1.76215005
vt 38.25000000 10.73785019
vt 51.00000000 12.50000000
vt 29.75000000 10.73785019
vt 2.00000000 12.50000000
vt 2.00000000 0.00000000
vt 29.75000000 1.76215005
vt 50.90000153 0.02679497
vt 50.97320175 0.10000000
vt 50.79999924 0.00000000
vt 51.00000000 0.20000000
vt 38.25000000 1.76215005
vt 38.25000000 10.73785019
vt 51.00000000 12.50000000
vt 29.75000000 10.73785019
vt 2.00000000 12.50000000
vt 2.00000000 0.00000000
vt 29.75000000 1.76215005
vt -0.91458100 -0.72190499
vt -0.89142102 -0.71280998
vt -0.93926901 -0.72500002
vt -0.87122399 -0.69827902
vt -0.94999999 -0.72500002
vt -0.59925598 -0.44573799
vt -0.59925598 0.44573799
vt -0.56586099 0.42521200
vt -0.56586099 -0.42521200
vt -0.52714300 0.41909999
vt -0.52714300 -0.41909999
vt -0.48905000 0.42833900
vt -0.48905000 -0.42833900
vt 0.40000001 0.00000000
vt 0.45848900 -0.16069700
vt -0.04512798 -0.63474399
vt 0.41193500 -0.68101197
vt 0.60658801 -0.24620201
vt 0.79925197 -0.43396199
vt 0.77499998 -0.21650600
vt 0.88492298 -0.08550500
vt 0.94999999 0.00000000
vt 0.88492298 0.08550500
vt 0.79925197 0.43396199
vt 0.77499998 0.21650600
vt 0.60658801 0.24620201
vt 0.41193500 0.68101197
vt 0.45848900 0.16069700
vt -0.04512798 0.63474399
vt -0.94999999 0.72500002
vt -0.87122399 0.69827902
vt -0.93926901 0.72500002
vt -0.89142102 0.71280998
vt -0.91458100 0.72190499
vt -0.15707991 -0.61086500
vt -0.17453299 -0.61086500
vt -0.15707991 -0.78539801
vt -0.17453299 -0.78539801
vt -0.15707991 0.78539801
vt -0.17453299 0.78539801
vt -0.15707991 0.61086500
vt -0.17453299 0.61086500
vt -0.15707991 0.43633199
vt -0.17453299 0.43633199
vt -0.15707991 0.26179901
vt -0.17453299 0.26179901
vt -0.15707991 0.08726596
vt -0.17453299 0.08726596
vt -0.15707991 -0.08726596
vt -0.17453299 -0.08726596
vt -0.15707991 -0.26179901
vt -0.17453299 -0.26179901
vt -0.15707991 -0.43633199
vt -0.17453299 -0.43633199
vt 0.15707991 0.61086500
vt 0.17453299 0.61086500
vt 0.15707991 0.78539801
vt 0.17453299 0.78539801
vt 0.15707991 -0.78539801
vt 0.17453299 -0.78539801
vt 0.15707991 -0.61086500
vt 0.17453299 -0.61086500
vt 0.15707991 -0.43633199
vt 0.17453299 -0.43633199
vt 0.15707991 -0.26179901
vt 0.17453299 -0.26179901
vt 0.15707991 -0.08726596
vt 0.17453299 -0.08726596
vt 0.15707991 0.08726596
vt 0.17453299 0.08726596
vt 0.15707991 0.26179901
vt 0.17453299 0.26179901
vt 0.15707991 0.43633199
vt 0.17453299 0.43633199
vt 0.31415901 0.78539801
vt 0.24434599 0.78539801
vt 0.31415901 0.61086500
vt 0.24434599 0.61086500
vt -0.31415901 0.61086500
vt -0.38397199 0.61086500
vt -0.31415901 0.43633199
vt 0.31415901 0.43633199
vt 0.24434599 0.43633199
vt -0.38397199 0.43633199
vt -0.31415901 0.26179901
vt 0.31415901 0.26179901
vt 0.24434599 0.26179901
vt -0.38397199 0.26179901
vt -0.31415901 0.08726596
vt 0.31415901 0.08726596
vt 0.24434599 0.08726596
vt -0.38397199 0.08726596
vt -0.31415901 -0.08726596
vt 0.31415901 -0.08726596
vt 0.24434599 -0.08726596
vt -0.38397199 -0.08726596
vt -0.31415901 -0.26179901
vt 0.31415901 -0.26179901
vt 0.24434599 -0.26179901
vt -0.38397199 -0.26179901
vt -0.31415901 -0.43633199
vt 0.31415901 -0.43633199
vt 0.24434599 -0.43633199
vt -0.38397199 -0.43633199
vt -0.31415901 -0.61086500
vt 0.31415901 -0.61086500
vt 0.24434599 -0.61086500
vt 0.31415901 -0.78539801
vt 0.24434599 -0.78539801
vt -0.31415901 0.78539801
vt -0.24434599 0.78539801
vt -0.31415901 0.95993102
vt -0.24434599 -0.78539801
vt -0.24434599 -0.61086500
vt -0.24434599 -0.43633199
vt -0.24434599 -0.26179901
vt -0.24434599 -0.08726596
vt -0.24434599 0.08726596
vt -0.24434599 0.26179901
vt -0.24434599 0.43633199
vt -0.24434599 0.61086500
vt -0.24434599 0.95993102
vt 0.24434599 -0.95993102
vt 0.89142102 -0.71280998
vt 0.93926901 -0.72500002
vt 0.87122399 -0.69827902
vt 0.94999999 -0.72500002
vt 0.59925598 -0.44573799
vt 0.59925598 0.44573799
vt 0.56586099 0.42521200
vt 0.91458100 -0.72190499
vt 0.94999999 0.72500002
vt 0.87122399 0.69827902
vt 0.93926901 0.72500002
vt 0.89142102 0.71280998
vt 0.91458100 0.72190499
vt 0.56586099 -0.42521200
vt 0.52714300 0.41909999
vt 0.52714300 -0.41909999
vt 0.48905000 0.42833900
vt 0.48905000 -0.42833900
vt -0.40000001 0.00000000
vt -0.45848900 -0.16069700
vt -0.45848900 0.16069700
vt 0.04512798 0.63474399
vt -0.41193500 0.68101197
vt -0.60658801 0.24620201
vt -0.79925197 0.43396199
vt -0.77499998 0.21650600
vt -0.88492298 0.08550500
vt -0.94999999 0.00000000
vt -0.88492298 -0.08550500
vt -0.79925197 -0.43396199
vt -0.77499998 -0.21650600
vt -0.60658801 -0.24620201
vt -0.41193500 -0.68101197
vt 0.04512798 -0.63474399
vt 0.00000000 0.03741896
vt -0.20000000 0.03741896
vt 0.00000000 0.01247298
vt -0.20000000 0.01247298
vt 0.00000000 -0.01247298
vt -0.20000000 -0.01247298
vt 0.00000000 -0.03741896
vt -0.20000000 -0.03741896
vt 0.01073098 0.20000000
vt 0.00000000 0.20000000
vt 0.01073098 0.00000000
vt 0.00000000 0.00000000
vt 0.00000000 0.03741896
vt -0.20000000 0.03741896
vt 0.00000000 0.01247298
vt -0.20000000 0.01247298
vt 0.00000000 -0.01247298
vt -0.20000000 -0.01247298
vt 0.00000000 -0.03741896
vt -0.20000000 -0.03741896
vt 0.03926897 0.00000000
vt 0.04999995 0.00000000
vt 0.03926897 0.20000000
vt 0.04999995 0.20000000
vt 0.20000000 0.05917996
vt 0.00000000 0.05917996
vt 0.20000000 0.01972699
vt 0.00000000 0.01972699
vt 0.00000000 -0.01972699
vt 0.00000000 -0.05917996
vt 0.20000000 -0.05917996
vt 0.20000000 -0.01972699
vt 0.43835500 0.20000000
vt 0.06721699 0.20000000
vt 0.43835500 0.00000000
vt 0.06721699 0.00000000
vt 0.20000000 0.05917996
vt 0.00000000 0.05917996
vt 0.20000000 0.01972699
vt 0.00000000 0.01972699
vt 0.00000000 -0.01972699
vt 0.00000000 -0.05917996
vt 0.20000000 -0.05917996
vt 0.20000000 -0.01972699
vt 0.06721699 0.00000000
vt 0.55677599 0.00000000
vt 0.06721699 0.20000000
vt 0.55677599 0.20000000
vt 0.48956001 0.20000000
vt 0.00000000 0.20000000
vt 0.48956001 0.00000000
vt 0.00000000 0.00000000
vt -0.20000000 1.58980405
vt 0.00000000 1.58980405
vt -0.20000000 2.05787492
vt 0.00000000 2.05787492
vt -0.20000000 2.52594590
vt 0.00000000 2.52594590
vt -0.20000000 2.99401689
vt 0.00000000 2.99401689
vt -0.20000000 3.46208811
vt 0.00000000 3.46208811
vt -0.20000000 3.93015909
vt 0.00000000 3.93015909
vt -0.20000000 4.39823008
vt 0.00000000 4.39823008
vt 0.03926897 0.00000000
vt 0.41040799 0.00000000
vt 0.03926897 0.20000000
vt 0.41040799 0.20000000
vt 0.00000000 0.07853996
vt -0.30000001 0.07853996
vt 0.00000000 0.02617996
vt -0.30000001 0.02617996
vt 0.00000000 -0.02617996
vt -0.30000001 -0.02617996
vt 0.00000000 -0.07853996
vt -0.30000001 -0.07853996
vt -13.35000038 31.60000038
vt 13.35000038 31.60000038
vt -13.33660030 31.64999962
vt 13.33660030 31.64999962
vt -13.30000019 31.68659973
vt 13.30000019 31.68659973
vt -13.25000000 31.70000076
vt 13.25000000 31.70000076
vt 26.60000038 0.30000001
vt 0.10000000 0.30000001
vt 26.60000038 0.00000000
vt 0.10000000 0.00000000
vt 0.00000000 0.07853996
vt -0.30000001 0.07853996
vt 0.00000000 0.02617996
vt -0.30000001 0.02617996
vt 0.00000000 -0.02617996
vt -0.30000001 -0.02617996
vt 0.00000000 -0.07853996
vt -0.30000001 -0.07853996
vt 0.00000000 0.07853996
vt -0.30000001 0.07853996
vt 0.00000000 0.02617996
vt -0.30000001 0.02617996
vt 0.00000000 -0.02617996
vt -0.30000001 -0.02617996
vt 0.00000000 -0.07853996
vt -0.30000001 -0.07853996
vt 13.35000038 -31.60000038
vt -13.35000038 -31.60000038
vt 13.33660030 -31.64999962
vt -13.33660030 -31.64999962
vt 13.30000019 -31.68659973
vt -13.30000019 -31.68659973
vt 13.25000000 -31.70000076
vt -13.25000000 -31.70000076
vt 26.60000038 0.30000001
vt 0.10000000 0.30000001
vt 26.60000038 0.00000000
vt 0.10000000 0.00000000
vt 0.00000000 0.07853996
vt -0.30000001 0.07853996
vt 0.00000000 0.02617996
vt -0.30000001 0.02617996
vt 0.00000000 -0.02617996
vt -0.30000001 -0.02617996
vt 0.00000000 -0.07853996
vt -0.30000001 -0.07853996
vt 63.29999924 0.30000001
vt 0.10000000 0.30000001
vt 63.29999924 0.00000000
vt 0.10000000 0.00000000
vt 0.10000000 0.00000000
vt 63.29999924 0.00000000
vt 0.10000000 0.30000001
vt 63.29999924 0.30000001
vt -13.30000019 31.68659973
vt -13.35000038 31.60000038
vt -13.25000000 31.70000076
vt -13.35000038 -31.60000038
vt -13.25000000 -31.70000076
vt -13.30000019 -31.68659973
vt -13.33660030 -31.64999962
vt -13.33660030 31.64999962
vt 13.25000000 -31.70000076
vt 13.25000000 31.70000076
vt 13.35000038 -31.60000038
vt 13.35000038 31.60000038
vt 13.30000019 -31.68659973
vt 13.33660030 -31.64999962
vt 13.33660030 31.64999962
vt 13.30000019 31.68659973
vt -13.39999962 31.39999962
vt -13.39999962 -31.39999962
vt -13.35000038 -31.60000038
vt -14.50000000 -31.39999962
vt -15.30000019 -31.39999962
vt -15.30000019 31.39999962
vt -14.50000000 31.39999962
vt -13.35000038 31.60000038
vt -16.39999962 -31.39999962
vt -30.00000000 -31.39999962
vt -34.09999847 -31.60000038
vt -31.10000038 -31.39999962
vt -31.89999962 -31.39999962
vt -31.89999962 31.39999962
vt -31.10000038 31.39999962
vt -34.09999847 31.60000038
vt -30.00000000 31.39999962
vt -16.39999962 31.39999962
vt -33.00000000 -31.39999962
vt -34.59999847 -31.10000038
vt -34.34999847 -31.53301048
vt -34.53300858 -31.35000038
vt -34.59999847 31.10000038
vt -33.00000000 31.39999962
vt -34.34999847 31.53301048
vt -34.53300858 31.35000038
vt 15.30000019 -31.39999962
vt 13.35000038 -31.60000038
vt 16.39999962 -31.39999962
vt 30.00000000 -31.39999962
vt 16.39999962 31.39999962
vt 30.00000000 31.39999962
vt 13.35000038 31.60000038
vt 34.09999847 31.60000038
vt 31.10000038 31.39999962
vt 31.89999962 31.39999962
vt 31.89999962 -31.39999962
vt 31.10000038 -31.39999962
vt 34.09999847 -31.60000038
vt 15.30000019 31.39999962
vt 14.50000000 31.39999962
vt 14.50000000 -31.39999962
vt 13.39999962 -31.39999962
vt 13.39999962 31.39999962
vt 33.00000000 -31.39999962
vt 34.59999847 -31.10000038
vt 34.59999847 31.10000038
vt 33.00000000 31.39999962
vt 34.34999847 31.53301048
vt 34.53300858 31.35000038
vt 34.34999847 -31.53301048
vt 34.53300858 -31.35000038
vt 0.00000000 -1.79294002
vt 0.05235999 -1.79294002
vt 0.00000000 -1.49411702
vt 0.05235999 -1.49411702
vt 0.00000000 -1.19529402
vt 0.05235999 -1.19529402
vt 0.00000000 -0.89647001
vt 0.05235999 -0.89647001
vt 0.10471990 -1.19529402
vt 0.10471990 -0.89647001
vt 0.15707991 -1.19529402
vt 0.15707991 -0.89647001
vt 0.10471990 -1.79294002
vt 0.10471990 -1.49411702
vt 0.15707991 -1.79294002
vt 0.15707991 -1.49411702
vt 16.75000000 -0.07853996
vt 16.75000000 -0.02617996
vt -4.00000000 -0.07853996
vt -51.45000076 -0.02617996
vt -30.70000076 -0.07853996
vt -51.45000076 -0.07853996
vt -51.45000076 0.02617996
vt 16.75000000 0.02617996
vt -51.45000076 0.07853996
vt 16.75000000 0.07853996
vt 0.15707991 0.00000000
vt 0.10471990 0.00000000
vt 0.15707991 -0.29882300
vt 0.10471990 -0.29882300
vt 0.15707991 -0.59764701
vt 0.10471990 -0.59764701
vt 0.15707991 -0.89647001
vt 0.10471990 -0.89647001
vt 0.05235999 -0.59764701
vt 0.05235999 -0.89647001
vt 0.00000000 -0.59764701
vt 0.00000000 -0.89647001
vt 0.05235999 0.00000000
vt 0.05235999 -0.29882300
vt 0.00000000 0.00000000
vt 0.00000000 -0.29882300
vt -46.95000076 -0.07853996
vt 15.25000000 -0.07853996
vt -46.95000076 -0.02617996
vt 15.25000000 -0.02617996
vt -46.95000076 0.02617996
vt 15.25000000 0.02617996
vt -46.95000076 0.07853996
vt 15.25000000 0.07853996
vt 0.15707991 0.89647001
vt 0.10471990 0.89647001
vt 0.15707991 0.59764701
vt 0.10471990 0.59764701
vt 0.15707991 0.29882300
vt 0.10471990 0.29882300
vt 0.15707991 0.00000000
vt 0.10471990 0.00000000
vt 0.05235999 0.29882300
vt 0.05235999 0.00000000
vt 0.00000000 0.29882300
vt 0.00000000 0.00000000
vt 0.05235999 0.89647001
vt 0.05235999 0.59764701
vt 0.00000000 0.89647001
vt 0.00000000 0.59764701
vt 16.75000000 -0.07853996
vt 16.75000000 -0.02617996
vt -4.00000000 -0.07853996
vt -51.45000076 -0.02617996
vt -30.70000076 -0.07853996
vt -51.45000076 -0.07853996
vt -51.45000076 0.02617996
vt 16.75000000 0.02617996
vt -51.45000076 0.07853996
vt 16.75000000 0.07853996
vt 0.15707991 -1.79294002
vt 0.10471990 -1.79294002
vt 0.15707991 -2.09176397
vt 0.10471990 -2.09176397
vt 0.15707991 -2.39058709
vt 0.10471990 -2.39058709
vt 0.15707991 -2.68941092
vt 0.10471990 -2.68941092
vt 0.05235999 -2.39058709
vt 0.05235999 -2.68941092
vt 0.00000000 -2.39058709
vt 0.00000000 -2.68941092
vt 0.05235999 -1.79294002
vt 0.05235999 -2.09176397
vt 0.00000000 -1.79294002
vt 0.00000000 -2.09176397
vt 15.25000000 0.07853996
vt -46.95000076 0.07853996
vt 15.25000000 0.02617996
vt -46.95000076 0.02617996
vt 15.25000000 -0.02617996
vt -46.95000076 -0.02617996
vt 15.25000000 -0.07853996
vt -46.95000076 -0.07853996
vt 68.80001068 0.20000000
vt 0.60000002 0.20000000
vt 68.80001068 0.00000000
vt 0.60000002 0.00000000
vt 0.00000000 0.47123900
vt -0.20000000 0.47123900
vt 0.00000000 0.15707991
vt -0.20000000 0.15707991
vt 0.00000000 -0.15707991
vt -0.20000000 -0.15707991
vt 0.00000000 -0.47123900
vt -0.20000000 -0.47123900
vt 62.79999924 0.20000000
vt 0.60000002 0.20000000
vt 62.79999924 0.00000000
vt 0.60000002 0.00000000
vt 0.00000000 0.47123900
vt -0.20000000 0.47123900
vt 0.00000000 0.15707991
vt -0.20000000 0.15707991
vt 0.00000000 -0.15707991
vt -0.20000000 -0.15707991
vt 0.00000000 -0.47123900
vt -0.20000000 -0.47123900
vt 0.00000000 0.47123900
vt -0.20000000 0.47123900
vt 0.00000000 0.15707991
vt -0.20000000 0.15707991
vt 0.00000000 -0.15707991
vt -0.20000000 -0.15707991
vt 0.00000000 -0.47123900
vt -0.20000000 -0.47123900
vt 68.80001068 0.20000000
vt 0.60000002 0.20000000
vt 68.80001068 0.00000000
vt 0.60000002 0.00000000
vt 0.00000000 0.47123900
vt -0.20000000 0.47123900
vt 0.00000000 0.15707991
vt -0.20000000 0.15707991
vt 0.00000000 -0.15707991
vt -0.20000000 -0.15707991
vt 0.00000000 -0.47123900
vt -0.20000000 -0.47123900
vt 62.79999924 0.20000000
vt 0.60000002 0.20000000
vt 62.79999924 0.00000000
vt 0.60000002 0.00000000
vt 0.00000000 0.47123900
vt -0.30000001 0.47123900
vt 0.00000000 0.15707991
vt -0.30000001 0.15707991
vt 0.00000000 -0.15707991
vt -0.30000001 -0.15707991
vt 0.00000000 -0.47123900
vt -0.30000001 -0.47123900
vt 5.90000010 0.30000001
vt 0.60000002 0.30000001
vt 5.90000010 0.00000000
vt 0.60000002 0.00000000
vt 0.80817002 -8.51356316
vt 0.61718303 8.40329742
vt 0.40000001 -8.36499977
vt 0.18281700 8.40329742
vt -0.00816995 -8.51356316
vt -0.14992601 8.68249989
vt -0.22535300 -8.88973427
vt -2.65000010 10.00000000
vt -2.65000010 -10.00000000
vt -3.25000000 -9.39999962
vt -2.95000005 -9.91961479
vt -3.16961503 -9.69999981
vt 1.02535295 -8.88973427
vt 3.25000000 -9.39999962
vt 0.94992602 8.68249989
vt 2.65000010 -10.00000000
vt 0.94992602 -9.31750107
vt 0.61718303 -9.59670353
vt 0.18281700 -9.59670353
vt -0.14992601 -9.31750107
vt 0.80817002 9.48643780
vt 2.65000010 10.00000000
vt 0.40000001 9.63500118
vt -0.00816995 9.48643780
vt -0.22535300 9.11026669
vt 1.02535295 9.11026669
vt 3.25000000 9.39999962
vt 2.95000005 -9.91961479
vt 3.16961503 -9.69999981
vt 3.16961503 9.69999981
vt 2.95000005 9.91961479
vt -3.25000000 9.39999962
vt -2.95000005 9.91961479
vt -3.16961503 9.69999981
vt 0.00000000 0.47123900
vt -0.30000001 0.47123900
vt 0.00000000 0.15707991
vt -0.30000001 0.15707991
vt 0.00000000 -0.15707991
vt -0.30000001 -0.15707991
vt 0.00000000 -0.47123900
vt -0.30000001 -0.47123900
vt 19.39999962 0.30000001
vt 0.60000002 0.30000001
vt 19.39999962 0.00000000
vt 0.60000002 0.00000000
vt 0.00000000 0.47123900
vt -0.30000001 0.47123900
vt 0.00000000 0.15707991
vt -0.30000001 0.15707991
vt 0.00000000 -0.15707991
vt -0.30000001 -0.15707991
vt 0.00000000 -0.47123900
vt -0.30000001 -0.47123900
vt 5.90000010 0.30000001
vt 0.60000002 0.30000001
vt 5.90000010 0.00000000
vt 0.60000002 0.00000000
vt 0.00000000 0.47123900
vt -0.30000001 0.47123900
vt 0.00000000 0.15707991
vt -0.30000001 0.15707991
vt 0.00000000 -0.15707991
vt -0.30000001 -0.15707991
vt 0.00000000 -0.47123900
vt -0.30000001 -0.47123900
vt 0.60000002 0.00000000
vt 19.39999962 0.00000000
vt 0.60000002 0.30000001
vt 19.39999962 0.30000001
vt 19.25000000 -0.15707991
vt 19.45000076 -0.15707991
vt 19.25000000 -0.05235999
vt 19.45000076 -0.05235999
vt 19.25000000 0.05235999
vt 19.45000076 0.05235999
vt 19.25000000 0.15707991
vt 19.45000076 0.15707991
vt 52.02679062 0.10000000
vt 52.20000076 0.00000000
vt 52.00000000 0.20000000
vt 66.00000000 0.00000000
vt 66.00000000 12.50000000
vt 52.09999847 0.02679497
vt 52.00000000 12.50000000
vt -35.09999847 32.45000076
vt -36.79999924 16.79999924
vt -35.09999847 -32.45000076
vt -37.00000000 -32.00000000
vt -36.84775925 -32.76536179
vt 35.09999847 32.45000076
vt 19.79999924 33.79999924
vt -35.00000000 34.00000000
vt -35.76536179 33.84775925
vt 35.09999847 -32.45000076
vt 36.79999924 -16.79999924
vt 37.00000000 32.00000000
vt 36.84775925 32.76536179
vt -19.79999924 -33.79999924
vt 35.00000000 -34.00000000
vt 35.76536179 -33.84775925
vt -37.00000000 18.20000076
vt -36.79999924 18.20000076
vt -37.00000000 32.00000000
vt -36.84775925 32.76536179
vt -36.41421127 33.41421127
vt -37.00000000 16.79999924
vt -36.41421127 -33.41421127
vt -35.76536179 -33.84775925
vt -35.00000000 -34.00000000
vt -21.20000076 -34.00000000
vt -21.20000076 -33.79999924
vt -19.79999924 -34.00000000
vt 36.41421127 -33.41421127
vt 36.84775925 -32.76536179
vt 37.00000000 -32.00000000
vt 37.00000000 -18.20000076
vt 36.79999924 -18.20000076
vt 37.00000000 -16.79999924
vt 36.41421127 33.41421127
vt 35.76536179 33.84775925
vt 35.00000000 34.00000000
vt 21.20000076 34.00000000
vt 21.20000076 33.79999924
vt 19.79999924 34.00000000
vt -19.25000000 0.15707991
vt -19.45000076 0.15707991
vt -19.25000000 0.05235999
vt -19.45000076 0.05235999
vt -19.25000000 -0.05235999
vt -19.45000076 -0.05235999
vt -19.25000000 -0.15707991
vt -19.45000076 -0.15707991
vt -7.05000019 1.89999998
vt -7.05000019 1.70000005
vt 5.25000000 1.89999998
vt 5.25000000 1.70000005
vt 6.01536703 1.74775898
vt 5.93882990 1.56298304
vt 6.66421413 1.31421399
vt 6.52279186 1.17279196
vt 7.09775877 0.66536701
vt 6.91298294 0.58882999
vt 7.25000000 -0.10000000
vt 7.05000019 -0.10000000
vt 7.25000000 -1.29999995
vt 7.05000019 -1.29999995
vt 7.35718012 -1.70000005
vt 7.18397522 -1.79999995
vt 7.65000010 -1.99282002
vt 7.55000019 -2.16602492
vt 8.05000114 -2.09999990
vt 8.05000114 -2.29999995
vt 10.64999962 -2.29999995
vt 10.64999962 -2.09999990
vt -18.79999924 0.15707991
vt -19.00000000 0.15707991
vt -18.79999924 0.05235999
vt -19.00000000 0.05235999
vt -18.79999924 -0.05235999
vt -19.00000000 -0.05235999
vt -18.79999924 -0.15707991
vt -19.00000000 -0.15707991
vt -6.05000019 1.00000000
vt -6.05000019 0.80000001
vt 4.25000000 1.00000000
vt 4.25000000 0.80000001
vt 5.01536703 0.84775901
vt 4.93882990 0.66298300
vt 5.66421413 0.41421399
vt 5.52279186 0.27279201
vt 6.09775877 -0.23463300
vt 5.91298294 -0.31117001
vt 6.25000000 -1.00000000
vt 6.05000019 -1.00000000
vt 18.79999924 -0.15707991
vt 19.00000000 -0.15707991
vt 18.79999924 -0.05235999
vt 19.00000000 -0.05235999
vt 18.79999924 0.05235999
vt 19.00000000 0.05235999
vt 18.79999924 0.15707991
vt 19.00000000 0.15707991
vt 56.67779160 21.46999931
vt 66.00000000 17.50000000
vt 56.86000061 22.14999962
vt 66.00000000 28.00000000
vt 56.67779160 22.82999992
vt 56.18000031 23.32780075
vt 52.00000000 28.00000000
vt 55.50000000 23.51000023
vt 54.81999969 23.32780075
vt 54.32220078 22.82999992
vt 54.13999939 22.14999962
vt 52.00000000 17.70000076
vt 54.32220078 21.46999931
vt 54.81999969 20.97220993
vt 55.50000000 20.79000092
vt 52.20000076 17.50000000
vt 56.18000031 20.97220993
vt 52.02679062 17.60000038
vt 52.09999847 17.52680016
vt -37.00000000 16.79999924
vt -37.00000000 -32.00000000
vt -36.79999924 16.79999924
vt -36.70000076 -32.00000000
vt -36.70000076 32.00000000
vt -36.57059097 -32.65055847
vt -36.84775925 -32.76536179
vt -36.20207977 -33.20207977
vt -36.41421127 -33.41421127
vt -35.65055847 -33.57059097
vt -35.76536179 -33.84775925
vt -35.00000000 -33.70000076
vt -35.00000000 -34.00000000
vt -21.20000076 -33.79999924
vt -21.20000076 -34.00000000
vt -19.79999924 -33.79999924
vt 35.00000000 -33.70000076
vt 35.00000000 -34.00000000
vt 35.76536179 -33.84775925
vt -19.79999924 -34.00000000
vt 35.65055847 -33.57059097
vt 36.41421127 -33.41421127
vt 36.20207977 -33.20207977
vt 36.84775925 -32.76536179
vt 36.57059097 -32.65055847
vt 37.00000000 -32.00000000
vt 36.70000076 -32.00000000
vt 36.79999924 -18.20000076
vt 36.79999924 -16.79999924
vt 37.00000000 -18.20000076
vt 37.00000000 -16.79999924
vt 37.00000000 32.00000000
vt 36.70000076 32.00000000
vt 36.57059097 32.65055847
vt 36.84775925 32.76536179
vt 36.20207977 33.20207977
vt 36.41421127 33.41421127
vt 35.65055847 33.57059097
vt 35.76536179 33.84775925
vt 35.00000000 33.70000076
vt 35.00000000 34.00000000
vt 21.20000076 33.79999924
vt 21.20000076 34.00000000
vt 19.79999924 33.79999924
vt -35.00000000 33.70000076
vt -35.00000000 34.00000000
vt -35.76536179 33.84775925
vt 19.79999924 34.00000000
vt -35.65055847 33.57059097
vt -36.41421127 33.41421127
vt -36.20207977 33.20207977
vt -36.84775925 32.76536179
vt -36.57059097 32.65055847
vt -37.00000000 32.00000000
vt -36.79999924 18.20000076
vt -37.00000000 18.20000076
vt -18.35000038 0.15707991
vt -18.54999924 0.15707991
vt -18.35000038 0.05235999
vt -18.54999924 0.05235999
vt -18.35000038 -0.05235999
vt -18.54999924 -0.05235999
vt -18.35000038 -0.15707991
vt -18.54999924 -0.15707991
vt 2.70000005 3.09999990
vt 2.70000005 2.90000010
vt 13.00000000 3.09999990
vt 13.00000000 2.90000010
vt 13.76537037 2.94775891
vt 13.68883038 2.76298308
vt 14.41421032 2.51421404
vt 14.27278996 2.37279201
vt 14.84776020 1.86536705
vt 14.66298008 1.78883004
vt 15.00000000 1.10000002
vt 14.80000019 1.10000002
vt 17.29999924 -0.15707991
vt 17.50000000 -0.15707991
vt 17.29999924 -0.05235999
vt 17.50000000 -0.05235999
vt 17.29999924 0.05235999
vt 17.50000000 0.05235999
vt 17.29999924 0.15707991
vt 17.50000000 0.15707991
vt 58.02679062 17.60000038
vt 58.20000076 17.50000000
vt 58.00000000 17.70000076
vt 72.00000000 17.50000000
vt 72.00000000 28.00000000
vt 58.09999847 17.52680016
vt 58.00000000 28.00000000
vt 18.35000038 -0.15707991
vt 18.54999924 -0.15707991
vt 18.35000038 -0.05235999
vt 18.54999924 -0.05235999
vt 18.35000038 0.05235999
vt 18.54999924 0.05235999
vt 18.35000038 0.15707991
vt 18.54999924 0.15707991
vt 58.02679062 0.10000000
vt 58.20000076 0.00000000
vt 58.00000000 0.20000000
vt 72.00000000 0.00000000
vt 72.00000000 12.50000000
vt 58.09999847 0.02679497
vt 58.00000000 12.50000000
vt -18.35000038 0.15707991
vt -18.54999924 0.15707991
vt -18.35000038 0.05235999
vt -18.54999924 0.05235999
vt -18.35000038 -0.05235999
vt -18.54999924 -0.05235999
vt -18.35000038 -0.15707991
vt -18.54999924 -0.15707991
vt -14.80000019 3.09999990
vt -14.80000019 2.90000010
vt -2.50000000 3.09999990
vt -2.50000000 2.90000010
vt -1.73463297 2.94775891
vt -1.81116998 2.76298308
vt -1.08578598 2.51421404
vt -1.22720802 2.37279201
vt -0.65224099 1.86536705
vt -0.83701700 1.78883004
vt -0.50000000 1.10000002
vt -0.69999999 1.10000002
vt -0.50000000 -2.09999990
vt -0.69999999 -2.09999990
vt -0.39282000 -2.50000000
vt -0.56602502 -2.59999990
vt -0.10000000 -2.79281998
vt -0.20000000 -2.96602511
vt 0.30000001 -2.90000010
vt 0.30000001 -3.09999990
vt 2.90000010 -3.09999990
vt 2.90000010 -2.90000010
vt -18.79999924 0.15707991
vt -19.00000000 0.15707991
vt -18.79999924 0.05235999
vt -19.00000000 0.05235999
vt -18.79999924 -0.05235999
vt -19.00000000 -0.05235999
vt -18.79999924 -0.15707991
vt -19.00000000 -0.15707991
vt 7.05000019 -0.80000001
vt -5.25000000 -0.80000001
vt 7.05000019 -1.00000000
vt -5.25000000 -1.00000000
vt -6.01536703 -0.84775901
vt -5.93882990 -0.66298300
vt -6.66421413 -0.41421399
vt -6.52279186 -0.27279201
vt -7.09775877 0.23463300
vt -6.91298294 0.31117001
vt -7.25000000 1.00000000
vt -7.05000019 1.00000000
vt -7.25000000 2.20000005
vt -7.05000019 2.20000005
vt -7.35718012 2.59999990
vt -7.18397522 2.70000005
vt -7.65000010 2.89281988
vt -7.55000019 3.06602502
vt -8.05000114 3.00000000
vt -8.05000114 3.20000005
vt -10.64999962 3.00000000
vt -10.64999962 3.20000005
vt 18.79999924 -0.15707991
vt 19.00000000 -0.15707991
vt 18.79999924 -0.05235999
vt 19.00000000 -0.05235999
vt 18.79999924 0.05235999
vt 19.00000000 0.05235999
vt 18.79999924 0.15707991
vt 19.00000000 0.15707991
vt 52.02679062 0.10000000
vt 52.20000076 0.00000000
vt 52.00000000 0.20000000
vt 66.00000000 0.00000000
vt 66.00000000 12.50000000
vt 52.09999847 0.02679497
vt 52.00000000 12.50000000
vt 18.79999924 -0.15707991
vt 19.00000000 -0.15707991
vt 18.79999924 -0.05235999
vt 19.00000000 -0.05235999
vt 18.79999924 0.05235999
vt 19.00000000 0.05235999
vt 18.79999924 0.15707991
vt 19.00000000 0.15707991
vt 54.32220078 22.82999992
vt 52.00000000 28.00000000
vt 54.13999939 22.14999962
vt 52.00000000 17.70000076
vt 54.32220078 21.46999931
vt 54.81999969 20.97220993
vt 55.50000000 20.79000092
vt 52.20000076 17.50000000
vt 56.18000031 20.97220993
vt 66.00000000 17.50000000
vt 56.67779160 21.46999931
vt 56.86000061 22.14999962
vt 66.00000000 28.00000000
vt 56.67779160 22.82999992
vt 56.18000031 23.32780075
vt 55.50000000 23.51000023
vt 54.81999969 23.32780075
vt 52.02679062 17.60000038
vt 52.09999847 17.52680016
vt -18.79999924 0.15707991
vt -19.00000000 0.15707991
vt -18.79999924 0.05235999
vt -19.00000000 0.05235999
vt -18.79999924 -0.05235999
vt -19.00000000 -0.05235999
vt -18.79999924 -0.15707991
vt -19.00000000 -0.15707991
vt 6.05000019 -0.80000001
vt -4.25000000 -0.80000001
vt 6.05000019 -1.00000000
vt -4.25000000 -1.00000000
vt -5.01536703 -0.84775901
vt -4.93882990 -0.66298300
vt -5.66421413 -0.41421399
vt -5.52279186 -0.27279201
vt -6.09775877 0.23463300
vt -5.91298294 0.31117001
vt -6.25000000 1.00000000
vt -6.05000019 1.00000000
vt 17.29999924 -0.15707991
vt 17.50000000 -0.15707991
vt 17.29999924 -0.05235999
vt 17.50000000 -0.05235999
vt 17.29999924 0.05235999
vt 17.50000000 0.05235999
vt 17.29999924 0.15707991
vt 17.50000000 0.15707991
vt -18.35000038 0.15707991
vt -18.54999924 0.15707991
vt -18.35000038 0.05235999
vt -18.54999924 0.05235999
vt -18.35000038 -0.05235999
vt -18.54999924 -0.05235999
vt -18.35000038 -0.15707991
vt -18.54999924 -0.15707991
vt 7.67117119 25.59662056
vt 7.67117119 23.64443970
vt 8.12494755 25.59662056
vt 8.32909584 23.64871025
vt 8.43897629 25.59662056
vt 8.76236725 23.65169907
vt 8.78303432 25.59660912
vt 8.98726940 25.59638977
vt 9.03074074 23.65379906
vt 10.21164036 24.65316963
vt 9.18473625 23.65530968
vt 10.19814968 24.29187965
vt 9.34376431 23.65979958
vt 9.47394085 23.67157936
vt 10.14645004 24.05406952
vt 9.78860378 23.73600006
vt 10.02661037 23.86371994
vt 10.13216972 25.25691986
vt 9.67756557 25.55182076
vt 9.33235168 25.58983040
vt 9.13460827 25.59379959
vt 10.04885006 25.38558006
vt 9.93789196 25.46668053
vt -2.70000005 -2.90000010
vt -13.00000000 -2.90000010
vt -2.70000005 -3.09999990
vt -13.00000000 -3.09999990
vt -13.76537037 -2.94775891
vt -13.68883038 -2.76298308
vt -14.41421032 -2.51421404
vt -14.27278996 -2.37279201
vt -14.84776020 -1.86536705
vt -14.66298008 -1.78883004
vt -15.00000000 -1.10000002
vt -14.80000019 -1.10000002
vt -18.35000038 0.15707991
vt -18.54999924 0.15707991
vt -18.35000038 0.05235999
vt -18.54999924 0.05235999
vt -18.35000038 -0.05235999
vt -18.54999924 -0.05235999
vt -18.35000038 -0.15707991
vt -18.54999924 -0.15707991
vt 14.80000019 -2.90000010
vt 2.50000000 -2.90000010
vt 14.80000019 -3.09999990
vt 2.50000000 -3.09999990
vt 1.73463297 -2.94775891
vt 1.81116998 -2.76298308
vt 1.08578598 -2.51421404
vt 1.22720802 -2.37279201
vt 0.65224099 -1.86536705
vt 0.83701700 -1.78883004
vt 0.50000000 -1.10000002
vt 0.69999999 -1.10000002
vt 0.50000000 2.09999990
vt 0.69999999 2.09999990
vt 0.39282000 2.50000000
vt 0.56602502 2.59999990
vt 0.10000000 2.79281998
vt 0.20000000 2.96602511
vt -0.30000001 2.90000010
vt -0.30000001 3.09999990
vt -2.90000010 2.90000010
vt -2.90000010 3.09999990
vt 18.25000000 -0.15707991
vt 18.45000076 -0.15707991
vt 18.25000000 -0.05235999
vt 18.45000076 -0.05235999
vt 18.25000000 0.05235999
vt 18.45000076 0.05235999
vt 18.25000000 0.15707991
vt 18.45000076 0.15707991
vt -6.05000019 -0.80000001
vt -6.05000019 -1.00000000
vt 4.25000000 -0.80000001
vt 4.25000000 -1.00000000
vt 5.01536703 -0.84775901
vt 4.93882990 -0.66298300
vt 5.66421413 -0.41421399
vt 5.52279186 -0.27279201
vt 6.09775877 0.23463300
vt 5.91298294 0.31117001
vt 6.25000000 1.00000000
vt 6.05000019 1.00000000
vt 0.00000000 1.00000000
vt -0.20000000 1.00000000
vt 0.00000000 0.00000000
vt -0.20000000 0.00000000
vt 58.02679062 0.10000000
vt 58.20000076 0.00000000
vt 58.00000000 0.20000000
vt 72.00000000 0.00000000
vt 72.00000000 12.50000000
vt 58.09999847 0.02679497
vt 58.00000000 12.50000000
vt 56.90000153 0.02679497
vt 56.97320175 0.10000000
vt 56.79999924 0.00000000
vt 57.00000000 0.20000000
vt 2.00000000 0.00000000
vt 2.00000000 12.50000000
vt 57.00000000 12.50000000
vt 53.50000000 1.57079601
vt 39.50000000 1.57079601
vt 53.50000000 0.78539801
vt 39.50000000 0.78539801
vt 53.50000000 0.00000000
vt 39.50000000 0.00000000
vt 53.50000000 -0.78539801
vt 39.50000000 -0.78539801
vt 53.50000000 -1.57079601
vt 39.50000000 -1.57079601
vt -16.50000000 -1.57079601
vt 38.50000000 -1.57079601
vt -16.50000000 -0.78539801
vt 38.50000000 -0.78539801
vt -16.50000000 0.00000000
vt 38.50000000 0.00000000
vt -16.50000000 0.78539801
vt 38.50000000 0.78539801
vt -16.50000000 1.57079601
vt 38.50000000 1.57079601
vt 21.00000000 -28.79999924
vt 21.00000000 -32.00000000
vt 31.50000000 -28.79999924
vt 35.00000000 -32.00000000
vt 32.38016891 -28.62491989
vt 33.12635040 -28.12635040
vt 33.62491989 -27.38017082
vt 33.79999924 -26.50000000
vt 35.00000000 17.00000000
vt 33.79999924 17.00000000
vt 20.00000000 -28.79999924
vt -23.42621040 -28.79999924
vt 20.00000000 -32.00000000
vt -35.00000000 -32.00000000
vt -24.27252960 -28.63862991
vt -25.00008965 -28.17716980
vt -25.50680923 -27.48036957
vt -25.72156906 -26.64599991
vt -31.76815033 -22.89360046
vt -25.97620964 -25.44942093
vt -26.56487083 -24.37698936
vt -27.43759918 -23.51968002
vt -30.93848038 -22.83968925
vt -28.52036095 -22.95023918
vt -29.72127914 -22.71697998
vt -32.56277847 -22.64901924
vt -33.21854019 -22.13788986
vt -33.64973068 -21.42701912
vt -35.00000000 -18.00000000
vt -33.79999924 -20.60928917
vt -33.79999924 -18.00000000
vt 15.00000000 0.62831903
vt 4.50000000 0.62831903
vt 15.00000000 0.20943990
vt 4.50000000 0.20943990
vt 15.00000000 -0.20943990
vt 4.50000000 -0.20943990
vt 15.00000000 -0.62831903
vt 4.50000000 -0.62831903
vt -39.92620850 -0.62831903
vt 3.50000000 -0.62831903
vt -39.92620850 -0.20943990
vt 3.50000000 -0.20943990
vt -39.92620850 0.20943990
vt 3.50000000 0.20943990
vt -39.92620850 0.62831903
vt 3.50000000 0.62831903
vt -12.00000000 -0.69999999
vt -1.50000000 -0.69999999
vt -12.00000000 1.89999998
vt -1.50000000 1.89999998
vt -13.00000000 1.89999998
vt -56.42620850 1.89999998
vt -13.00000000 -0.69999999
vt -56.42620850 -0.69999999
vt 58.02679062 17.60000038
vt 58.20000076 17.50000000
vt 58.00000000 17.70000076
vt 72.00000000 17.50000000
vt 72.00000000 28.00000000
vt 58.09999847 17.52680016
vt 58.00000000 28.00000000
vt 53.50000000 1.57079601
vt 39.50000000 1.57079601
vt 53.50000000 0.78539801
vt 39.50000000 0.78539801
vt 53.50000000 0.00000000
vt 39.50000000 0.00000000
vt 53.50000000 -0.78539801
vt 39.50000000 -0.78539801
vt 53.50000000 -1.57079601
vt 39.50000000 -1.57079601
vt -16.50000000 -1.57079601
vt 38.50000000 -1.57079601
vt -16.50000000 -0.78539801
vt 38.50000000 -0.78539801
vt -16.50000000 0.00000000
vt 38.50000000 0.00000000
vt -16.50000000 0.78539801
vt 38.50000000 0.78539801
vt -16.50000000 1.57079601
vt 38.50000000 1.57079601
vt -0.20000000 -0.50000000
vt 0.00000000 -0.50000000
vt -0.20000000 0.50000000
vt 0.00000000 0.50000000
vt 6.05000019 1.00000000
vt -4.25000000 1.00000000
vt 6.05000019 0.80000001
vt -4.25000000 0.80000001
vt -5.01536703 0.84775901
vt -4.93882990 0.66298300
vt -5.66421413 0.41421399
vt -5.52279186 0.27279201
vt -6.09775877 -0.23463300
vt -5.91298294 -0.31117001
vt -6.25000000 -1.00000000
vt -6.05000019 -1.00000000
vt 7.05000019 1.89999998
vt -5.25000000 1.89999998
vt 7.05000019 1.70000005
vt -5.25000000 1.70000005
vt -6.01536703 1.74775898
vt -5.93882990 1.56298304
vt -6.66421413 1.31421399
vt -6.52279186 1.17279196
vt -7.09775877 0.66536701
vt -6.91298294 0.58882999
vt -7.25000000 -0.10000000
vt -7.05000019 -0.10000000
vt -7.05000019 -1.29999995
vt -7.25000000 -1.29999995
vt -7.35718012 -1.70000005
vt -7.18397522 -1.79999995
vt -7.65000010 -1.99282002
vt -7.55000019 -2.16602492
vt -8.05000114 -2.09999990
vt -8.05000114 -2.29999995
vt -10.64999962 -2.29999995
vt -10.64999962 -2.09999990
vt 50.90000153 17.52680016
vt 50.97320175 17.60000038
vt 50.79999924 17.50000000
vt 51.00000000 17.70000076
vt 2.00000000 17.50000000
vt 2.00000000 28.00000000
vt 51.00000000 28.00000000
vt -15.00000000 -1.57079601
vt 34.00000000 -1.57079601
vt -15.00000000 -0.78539801
vt 34.00000000 -0.78539801
vt -15.00000000 0.00000000
vt 34.00000000 0.00000000
vt -15.00000000 0.78539801
vt 34.00000000 0.78539801
vt -15.00000000 1.57079601
vt 34.00000000 1.57079601
vt -5.97927523 1.89999998
vt -49.47927094 1.89999998
vt -5.97927523 -0.69999999
vt -49.47927094 -0.69999999
vt -4.97927523 -0.69999999
vt -2.36998701 -0.69999999
vt -4.97927523 1.89999998
vt -2.36998701 1.89999998
vt 34.01219940 5.56414986
vt 33.95243073 5.56414986
vt 35.32878113 3.73215008
vt 32.62421036 3.73215008
vt 30.55999947 2.57214999
vt 31.69000053 3.73215008
vt 30.55999947 9.92784977
vt 31.71998024 8.76784992
vt 32.69104004 8.76784992
vt 33.49697113 6.26000023
vt 36.31000137 3.73215008
vt 35.18700027 7.26697922
vt 34.10837936 8.76784992
vt 37.43999863 9.92784977
vt 36.27515030 8.76784992
vt 37.43999863 2.57214999
vt -37.98963165 -0.62831903
vt 5.51036310 -0.62831903
vt -37.98963165 -0.20943990
vt 5.51036310 -0.20943990
vt -37.98963165 0.20943990
vt 5.51036310 0.20943990
vt -37.98963165 0.62831903
vt 5.51036310 0.62831903
vt 9.11965084 0.62831903
vt 6.51036310 0.62831903
vt 9.11965084 0.20943990
vt 6.51036310 0.20943990
vt 9.11965084 -0.20943990
vt 6.51036310 -0.20943990
vt 9.11965084 -0.62831903
vt 6.51036310 -0.62831903
vt -15.00000000 -1.57079601
vt 34.00000000 -1.57079601
vt -15.00000000 -0.78539801
vt 34.00000000 -0.78539801
vt -15.00000000 0.00000000
vt 34.00000000 0.00000000
vt -15.00000000 0.78539801
vt 34.00000000 0.78539801
vt -15.00000000 1.57079601
vt 34.00000000 1.57079601
vt 0.00000000 1.00000000
vt -0.20000000 1.00000000
vt 0.00000000 0.00000000
vt -0.20000000 0.00000000
vt 6.05000019 1.00000000
vt -4.25000000 1.00000000
vt 6.05000019 0.80000001
vt -4.25000000 0.80000001
vt -5.01536703 0.84775901
vt -4.93882990 0.66298300
vt -5.66421413 0.41421399
vt -5.52279186 0.27279201
vt -6.09775877 -0.23463300
vt -5.91298294 -0.31117001
vt -6.25000000 -1.00000000
vt -6.05000019 -1.00000000
vt 8.75000000 3.09999990
vt -3.54999995 3.09999990
vt 8.75000000 2.90000010
vt -3.54999995 2.90000010
vt -4.31536722 2.94775891
vt -4.23883009 2.76298308
vt -4.96421289 2.51421404
vt -4.82279205 2.37279201
vt -5.39775896 1.86536705
vt -5.21298313 1.78883004
vt -5.55000019 1.10000002
vt -5.34999990 1.10000002
vt -5.34999990 -2.09999990
vt -5.55000019 -2.09999990
vt -5.65717983 -2.50000000
vt -5.48397398 -2.59999990
vt -5.94999981 -2.79281998
vt -5.84999990 -2.96602511
vt -6.34999990 -2.90000010
vt -6.34999990 -3.09999990
vt -8.94999981 -3.09999990
vt -8.94999981 -2.90000010
vt 53.50000000 1.57079601
vt 39.50000000 1.57079601
vt 53.50000000 0.78539801
vt 39.50000000 0.78539801
vt 53.50000000 0.00000000
vt 39.50000000 0.00000000
vt 53.50000000 -0.78539801
vt 39.50000000 -0.78539801
vt 53.50000000 -1.57079601
vt 39.50000000 -1.57079601
vt 56.90000153 0.02679497
vt 56.97320175 0.10000000
vt 56.79999924 0.00000000
vt 57.00000000 0.20000000
vt 2.00000000 0.00000000
vt 2.00000000 12.50000000
vt 57.00000000 12.50000000
vt -12.00000000 -0.69999999
vt -1.50000000 -0.69999999
vt -12.00000000 1.89999998
vt -1.50000000 1.89999998
vt 53.50000000 1.57079601
vt 39.50000000 1.57079601
vt 53.50000000 0.78539801
vt 39.50000000 0.78539801
vt 53.50000000 0.00000000
vt 39.50000000 0.00000000
vt 53.50000000 -0.78539801
vt 39.50000000 -0.78539801
vt 53.50000000 -1.57079601
vt 39.50000000 -1.57079601
vt -16.50000000 -1.57079601
vt 38.50000000 -1.57079601
vt -16.50000000 -0.78539801
vt 38.50000000 -0.78539801
vt -16.50000000 0.00000000
vt 38.50000000 0.00000000
vt -16.50000000 0.78539801
vt 38.50000000 0.78539801
vt -16.50000000 1.57079601
vt 38.50000000 1.57079601
vt 15.00000000 0.62831903
vt 4.50000000 0.62831903
vt 15.00000000 0.20943990
vt 4.50000000 0.20943990
vt 15.00000000 -0.20943990
vt 4.50000000 -0.20943990
vt 15.00000000 -0.62831903
vt 4.50000000 -0.62831903
vt -21.00000000 28.79999924
vt -21.00000000 32.00000000
vt -31.50000000 28.79999924
vt -35.00000000 32.00000000
vt -32.38016891 28.62491989
vt -33.12635040 28.12635040
vt -33.62491989 27.38017082
vt -33.79999924 26.50000000
vt -35.00000000 -17.00000000
vt -33.79999924 -17.00000000
vt -6.05000019 -0.80000001
vt -6.05000019 -1.00000000
vt 4.25000000 -0.80000001
vt 4.25000000 -1.00000000
vt 5.01536703 -0.84775901
vt 4.93882990 -0.66298300
vt 5.66421413 -0.41421399
vt 5.52279186 -0.27279201
vt 6.09775877 0.23463300
vt 5.91298294 0.31117001
vt 6.25000000 1.00000000
vt 6.05000019 1.00000000
vt -0.20000000 -0.50000000
vt 0.00000000 -0.50000000
vt -0.20000000 0.50000000
vt 0.00000000 0.50000000
vt -7.05000019 -0.80000001
vt -7.05000019 -1.00000000
vt 5.25000000 -0.80000001
vt 5.25000000 -1.00000000
vt 6.01536703 -0.84775901
vt 5.93882990 -0.66298300
vt 6.66421413 -0.41421399
vt 6.52279186 -0.27279201
vt 7.09775877 0.23463300
vt 6.91298294 0.31117001
vt 7.25000000 1.00000000
vt 7.05000019 1.00000000
vt 7.05000019 2.20000005
vt 7.25000000 2.20000005
vt 7.35718012 2.59999990
vt 7.18397522 2.70000005
vt 7.65000010 2.89281988
vt 7.55000019 3.06602502
vt 8.05000114 3.00000000
vt 8.05000114 3.20000005
vt 10.64999962 3.00000000
vt 10.64999962 3.20000005
vt 8.57545471 23.63489914
vt 8.36812782 23.33949089
vt 8.56002426 23.48693085
vt 8.47003841 23.35901070
vt 8.52720642 23.40398979
vt 8.58060932 23.87501907
vt 8.20119762 23.33297920
vt 7.82393408 23.87501907
vt 7.82908010 23.63489914
vt 8.57545471 24.11512947
vt 8.36812782 24.41053963
vt 8.20119762 24.41704941
vt 7.82908010 24.11512947
vt 8.03450108 24.41053963
vt 7.84454823 24.26309967
vt 7.93341684 24.39101982
vt 7.87705088 24.34604073
vt 8.56002426 24.26309967
vt 8.47003841 24.39101982
vt 8.52719879 24.34605026
vt 7.93341684 23.35901070
vt 7.84454918 23.48693085
vt 7.87705088 23.40398979
vt 49.00000000 1.57079601
vt 35.00000000 1.57079601
vt 49.00000000 0.78539801
vt 35.00000000 0.78539801
vt 49.00000000 0.00000000
vt 35.00000000 0.00000000
vt 49.00000000 -0.78539801
vt 35.00000000 -0.78539801
vt 49.00000000 -1.57079601
vt 35.00000000 -1.57079601
vt -15.00000000 -1.57079601
vt 34.00000000 -1.57079601
vt -15.00000000 -0.78539801
vt 34.00000000 -0.78539801
vt -15.00000000 0.00000000
vt 34.00000000 0.00000000
vt -15.00000000 0.78539801
vt 34.00000000 0.78539801
vt -15.00000000 1.57079601
vt 34.00000000 1.57079601
vt 34.01219940 5.56414986
vt 33.95243073 5.56414986
vt 35.32878113 3.73215008
vt 32.62421036 3.73215008
vt 30.55999947 2.57214999
vt 31.69000053 3.73215008
vt 30.55999947 9.92784977
vt 31.71998024 8.76784992
vt 32.69104004 8.76784992
vt 33.49697113 6.26000023
vt 36.31000137 3.73215008
vt 35.18700027 7.26697922
vt 34.10837936 8.76784992
vt 37.43999863 9.92784977
vt 36.27515030 8.76784992
vt 37.43999863 2.57214999
vt 49.00000000 1.57079601
vt 35.00000000 1.57079601
vt 49.00000000 0.78539801
vt 35.00000000 0.78539801
vt 49.00000000 0.00000000
vt 35.00000000 0.00000000
vt 49.00000000 -0.78539801
vt 35.00000000 -0.78539801
vt 49.00000000 -1.57079601
vt 35.00000000 -1.57079601
vt -15.00000000 -1.57079601
vt 34.00000000 -1.57079601
vt -15.00000000 -0.78539801
vt 34.00000000 -0.78539801
vt -15.00000000 0.00000000
vt 34.00000000 0.00000000
vt -15.00000000 0.78539801
vt 34.00000000 0.78539801
vt -15.00000000 1.57079601
vt 34.00000000 1.57079601
vt 33.79999924 18.00000000
vt 35.00000000 18.00000000
vt 33.79999924 20.60928917
vt 33.64973068 21.42701912
vt 35.00000000 32.00000000
vt 33.21854019 22.13788986
vt 32.56277847 22.64901924
vt 31.76815033 22.89360046
vt 25.72156906 26.64599991
vt 25.97620964 25.44942093
vt -20.00000000 32.00000000
vt 23.42621040 28.79999924
vt 24.27252960 28.63862991
vt 25.00008965 28.17716980
vt -20.00000000 28.79999924
vt 25.50680923 27.48036957
vt 26.56487083 24.37698936
vt 27.43759918 23.51968002
vt 30.93848038 22.83968925
vt 28.52036095 22.95023918
vt 29.72127914 22.71697998
vt -4.97927523 -0.69999999
vt -2.36998701 -0.69999999
vt -4.97927523 1.89999998
vt -2.36998701 1.89999998
vt 9.11965084 0.62831903
vt 6.51036310 0.62831903
vt 9.11965084 0.20943990
vt 6.51036310 0.20943990
vt 9.11965084 -0.20943990
vt 6.51036310 -0.20943990
vt 9.11965084 -0.62831903
vt 6.51036310 -0.62831903
vt -1.57079601 -1.78767800
vt -1.57079601 -2.68151689
vt -1.04719806 -2.01113796
vt -1.04719806 -2.68151689
vt -0.52359903 -2.68151689
vt -0.52359903 -2.01113796
vt 0.00000000 -2.68151689
vt 0.00000000 -2.01113796
vt -0.52359903 -1.34075904
vt 0.00000000 -1.34075904
vt -0.52359903 -0.67037898
vt 0.00000000 -0.67037898
vt -0.52359903 0.00000000
vt 0.00000000 0.00000000
vt -1.04719806 0.00000000
vt -1.04719806 -0.67037898
vt -1.04719806 -1.34075904
vt -1.57079601 0.00000000
vt -1.57079601 -0.89383900
vt 11.00000000 0.78539801
vt -33.00000000 0.78539801
vt 11.00000000 0.26179901
vt -33.00000000 0.26179901
vt 11.00000000 -0.26179901
vt -33.00000000 -0.26179901
vt 11.00000000 -0.78539801
vt -33.00000000 -0.78539801
vt 0.00000000 2.68151689
vt -0.52359903 2.68151689
vt 0.00000000 2.01113796
vt -0.52359903 2.01113796
vt 0.00000000 1.34075904
vt -0.52359903 1.34075904
vt 0.00000000 0.67037898
vt -0.52359903 0.67037898
vt 0.00000000 0.00000000
vt -0.52359903 0.00000000
vt -1.04719806 0.67037898
vt -1.04719806 0.00000000
vt -1.57079601 0.00000000
vt -1.57079601 0.89383900
vt -1.04719806 1.34075904
vt -1.57079601 1.78767800
vt -1.04719806 2.01113796
vt -1.57079601 2.68151689
vt -1.04719806 2.68151689
vt 4.69999981 0.78539801
vt -14.10000038 0.78539801
vt 4.69999981 0.26179901
vt -14.10000038 0.26179901
vt 4.69999981 -0.26179901
vt -14.10000038 -0.26179901
vt 4.69999981 -0.78539801
vt -14.10000038 -0.78539801
vt 0.00000000 -5.36303377
vt -0.52359903 -5.36303377
vt 0.00000000 -6.03341293
vt -0.52359903 -6.03341293
vt 0.00000000 -6.70379305
vt -0.52359903 -6.70379305
vt 0.00000000 -7.37417221
vt -0.52359903 -7.37417221
vt 0.00000000 -8.04455185
vt -0.52359903 -8.04455185
vt -1.04719806 -7.37417221
vt -1.04719806 -8.04455185
vt -1.57079601 -8.04455185
vt -1.57079601 -7.15071201
vt -1.04719806 -6.70379305
vt -1.57079601 -6.25687313
vt -1.04719806 -6.03341293
vt -1.57079601 -5.36303377
vt -1.04719806 -5.36303377
vt 11.00000000 0.78539801
vt -33.00000000 0.78539801
vt 11.00000000 0.26179901
vt -33.00000000 0.26179901
vt 11.00000000 -0.26179901
vt -33.00000000 -0.26179901
vt 11.00000000 -0.78539801
vt -33.00000000 -0.78539801
vt 0.00000000 -2.68151689
vt -0.52359903 -2.68151689
vt 0.00000000 -3.35189605
vt -0.52359903 -3.35189605
vt 0.00000000 -4.02227592
vt -0.52359903 -4.02227592
vt 0.00000000 -4.69265509
vt -0.52359903 -4.69265509
vt 0.00000000 -5.36303377
vt -0.52359903 -5.36303377
vt -1.04719806 -4.69265509
vt -1.04719806 -5.36303377
vt -1.57079601 -5.36303377
vt -1.57079601 -4.46919489
vt -1.04719806 -4.02227592
vt -1.57079601 -3.57535601
vt -1.04719806 -3.35189605
vt -1.57079601 -2.68151689
vt -1.04719806 -2.68151689
vt 4.69999981 0.78539801
vt -14.10000038 0.78539801
vt 4.69999981 0.26179901
vt -14.10000038 0.26179901
vt 4.69999981 -0.26179901
vt -14.10000038 -0.26179901
vt 4.69999981 -0.78539801
vt -14.10000038 -0.78539801
vt 18.79999924 4.19999981
vt 0.00000000 4.19999981
vt 18.79999924 4.00000000
vt 0.00000000 4.00000000
vt -4.00000000 3.14159298
vt -4.19999981 3.14159298
vt -4.00000000 2.35619402
vt -4.19999981 2.35619402
vt -4.00000000 1.57079601
vt -4.19999981 1.57079601
vt -4.00000000 0.78539801
vt -4.19999981 0.78539801
vt -4.00000000 0.00000000
vt -4.19999981 0.00000000
vt 44.00000000 4.19999981
vt 0.00000000 4.19999981
vt 44.00000000 4.00000000
vt 0.00000000 4.00000000
vt -4.00000000 3.14159298
vt -4.19999981 3.14159298
vt -4.00000000 2.35619402
vt -4.19999981 2.35619402
vt -4.00000000 1.57079601
vt -4.19999981 1.57079601
vt -4.00000000 0.78539801
vt -4.19999981 0.78539801
vt -4.00000000 0.00000000
vt -4.19999981 0.00000000
vt 9.89999962 -22.86602974
vt 10.39999962 -22.00000000
vt 9.39999962 -23.00000000
vt 9.39999962 23.00000000
vt -9.39999962 23.00000000
vt 10.26603031 -22.50000000
vt 10.39999962 22.00000000
vt 9.89999962 22.86602974
vt 10.26603031 22.50000000
vt -9.89999962 22.86602974
vt -10.39999962 22.00000000
vt -10.39999962 -22.00000000
vt -9.39999962 -23.00000000
vt -9.89999962 -22.86602974
vt -10.26603031 -22.50000000
vt -10.26603031 22.50000000
vt 44.00000000 4.19999981
vt 0.00000000 4.19999981
vt 44.00000000 4.00000000
vt 0.00000000 4.00000000
vt -4.00000000 3.14159298
vt -4.19999981 3.14159298
vt -4.00000000 2.35619402
vt -4.19999981 2.35619402
vt -4.00000000 1.57079601
vt -4.19999981 1.57079601
vt -4.00000000 0.78539801
vt -4.19999981 0.78539801
vt -4.00000000 0.00000000
vt -4.19999981 0.00000000
vt 18.79999924 4.19999981
vt 0.00000000 4.19999981
vt 18.79999924 4.00000000
vt 0.00000000 4.00000000
vt -4.00000000 3.14159298
vt -4.19999981 3.14159298
vt -4.00000000 2.35619402
vt -4.19999981 2.35619402
vt -4.00000000 1.57079601
vt -4.19999981 1.57079601
vt -4.00000000 0.78539801
vt -4.19999981 0.78539801
vt -4.00000000 0.00000000
vt -4.19999981 0.00000000
vt -6.00000000 0.00000000
vt 0.00000000 0.00000000
vt -6.00000000 4.00000000
vt 0.00000000 4.00000000
vt -6.00000000 0.00000000
vt 0.00000000 0.00000000
vt -6.00000000 4.00000000
vt 0.00000000 4.00000000
vt -65.00000000 0.00000000
vt 0.00000000 0.00000000
vt -65.00000000 4.00000000
vt 0.00000000 4.00000000
vt 32.50000000 3.00000000
vt -32.50000000 3.00000000
vt 32.50000000 -3.00000000
vt -32.50000000 -3.00000000
vt -6.00000000 0.00000000
vt 0.00000000 0.00000000
vt -6.00000000 4.00000000
vt 0.00000000 4.00000000
vt -65.00000000 0.00000000
vt 0.00000000 0.00000000
vt -65.00000000 4.00000000
vt 0.00000000 4.00000000
vt -6.00000000 0.00000000
vt 0.00000000 0.00000000
vt -6.00000000 4.00000000
vt 0.00000000 4.00000000
vt 32.50000000 3.00000000
vt -32.50000000 3.00000000
vt 32.50000000 -3.00000000
vt -32.50000000 -3.00000000
vt -64.90000153 0.00000000
vt 0.00000000 0.00000000
vt -64.90000153 9.39999962
vt 0.00000000 9.39999962
vt -70.19999695 9.39999962
vt -70.19999695 0.00000000
vt -67.59999847 9.39999962
vt 0.00000000 0.00000000
vt -2.59999990 9.39999962
vt 0.00000000 9.39999962
vt -2.59999990 13.39999962
vt -67.59999847 13.39999962
vt -64.90000153 0.00000000
vt 0.00000000 0.00000000
vt -64.90000153 9.39999962
vt 0.00000000 9.39999962
vt -70.19999695 9.39999962
vt -70.19999695 0.00000000
vt -67.59999847 9.39999962
vt 0.00000000 0.00000000
vt -2.59999990 9.39999962
vt 0.00000000 9.39999962
vt -2.59999990 13.39999962
vt -67.59999847 13.39999962
vt 11.39999962 22.00000000
vt 11.39999962 -22.00000000
vt 32.50000000 -26.45000076
vt 11.24775982 -22.76536942
vt 10.81420994 -23.41420937
vt 10.16536999 -23.84775925
vt 9.39999962 -24.00000000
vt -9.39999962 -24.00000000
vt -32.50000000 -26.45000076
vt -10.16536999 -23.84775925
vt -10.81420994 -23.41420937
vt -11.24775982 -22.76536942
vt -11.39999962 -22.00000000
vt -11.39999962 22.00000000
vt -32.50000000 26.45000076
vt -11.24775982 22.76536942
vt -10.81420994 23.41420937
vt -10.16536999 23.84775925
vt -9.39999962 24.00000000
vt 9.39999962 24.00000000
vt 32.50000000 26.45000076
vt 10.16536999 23.84775925
vt 10.81420994 23.41420937
vt 11.24775982 22.76536942
vt 32.50000000 -32.45000076
vt 35.09999847 -32.45000076
vt 35.09999847 32.45000076
vt 32.50000000 32.45000076
vt -32.50000000 32.45000076
vt -35.09999847 32.45000076
vt -35.09999847 -32.45000076
vt -32.50000000 -32.45000076
vt 0.40000001 0.00000000
vt 0.00000000 0.00000000
vt 0.40000001 -0.66758800
vt 0.00000000 -0.66758800
vt 0.00000000 -1.33517694
vt 0.40000001 -1.33517694
vt 0.00000000 -2.00276494
vt 0.40000001 -2.00276494
vt 0.40000001 -2.67035389
vt 0.00000000 -2.67035389
vt -70.00000000 0.00000000
vt 0.00000000 0.00000000
vt -70.00000000 0.40000001
vt 0.00000000 0.40000001
vt 0.40000001 0.00000000
vt 0.40000001 -0.66758800
vt 0.00000000 -0.66758800
vt 0.00000000 -1.33517694
vt 0.40000001 -1.33517694
vt 0.00000000 -2.00276494
vt 0.40000001 -2.00276494
vt 0.40000001 -2.67035389
vt 0.00000000 -2.67035389
vt -64.00000000 0.00000000
vt 0.00000000 0.00000000
vt -64.00000000 0.40000001
vt 0.00000000 0.40000001
vt 0.40000001 0.00000000
vt 0.40000001 -0.66758800
vt 0.00000000 -0.66758800
vt 0.00000000 -1.33517694
vt 0.40000001 -1.33517694
vt 0.00000000 -2.00276494
vt 0.40000001 -2.00276494
vt 0.40000001 -2.67035389
vt 0.00000000 -2.67035389
vt -70.00000000 0.00000000
vt 0.00000000 0.00000000
vt -70.00000000 0.40000001
vt 0.00000000 0.40000001
vt 0.40000001 0.00000000
vt 0.40000001 -0.66758800
vt 0.00000000 -0.66758800
vt 0.00000000 -1.33517694
vt 0.40000001 -1.33517694
vt 0.00000000 -2.00276494
vt 0.40000001 -2.00276494
vt 0.40000001 -2.67035389
vt 0.00000000 -2.67035389
vt -64.00000000 0.00000000
vt -64.00000000 0.40000001
vt 0.00000000 0.40000001
vt 36.70000076 32.00000000
vt 33.00000000 -17.00000000
vt 36.70000076 -32.00000000
vt 33.00000000 -18.00000000
vt 33.00000000 -20.60928917
vt 36.57059097 32.65055847
vt 35.00000000 33.70000076
vt 32.25000000 27.79903984
vt 32.79904175 27.25000000
vt 36.20207977 33.20207977
vt 35.65055847 33.57059097
vt -35.00000000 33.70000076
vt 20.00000000 28.00000000
vt 21.00000000 28.00000000
vt 31.50000000 28.00000000
vt -35.65055847 33.57059097
vt -36.20207977 33.20207977
vt -36.57059097 32.65055847
vt -36.70000076 32.00000000
vt -36.70000076 -32.00000000
vt -33.00000000 17.00000000
vt -33.00000000 18.00000000
vt -33.00000000 20.60928917
vt -36.57059097 -32.65055847
vt -35.00000000 -33.70000076
vt -32.25000000 -27.79903984
vt -32.79904175 -27.25000000
vt -36.20207977 -33.20207977
vt -35.65055847 -33.57059097
vt 35.00000000 -33.70000076
vt -20.00000000 -28.00000000
vt -21.00000000 -28.00000000
vt -31.50000000 -28.00000000
vt 35.65055847 -33.57059097
vt 36.20207977 -33.20207977
vt 36.57059097 -32.65055847
vt -29.68474960 21.91781998
vt -28.25506973 22.19551086
vt -31.13378906 22.06389999
vt -26.96607018 22.87340927
vt -25.92711067 23.89402008
vt -25.22632027 25.17071915
vt -24.92317963 26.59522057
vt -31.80934906 22.07703972
vt -32.42213821 21.79236031
vt -32.84782028 21.26762009
vt -24.69232941 27.30431938
vt -24.14854050 27.81463051
vt -23.42621040 28.00000000
vt 20.00000000 27.79999924
vt 21.00000000 27.79999924
vt 33.00000000 26.50000000
vt 32.79999924 -17.00000000
vt 32.79999924 -18.00000000
vt 32.84782028 -21.26762009
vt 32.42213821 -21.79236031
vt 31.80934906 -22.07703972
vt 24.92317963 -26.59522057
vt 31.13378906 -22.06389999
vt 25.22632027 -25.17071915
vt 25.92711067 -23.89402008
vt 26.96607018 -22.87340927
vt 28.25506973 -22.19551086
vt 29.68474960 -21.91781998
vt 24.69232941 -27.30431938
vt 24.14854050 -27.81463051
vt 23.42621040 -28.00000000
vt -20.00000000 -27.79999924
vt -21.00000000 -27.79999924
vt -33.00000000 -26.50000000
vt -32.79999924 17.00000000
vt -32.79999924 18.00000000
vt -2.51327395 -4.46698284
vt -2.51327395 -5.33834696
vt -2.09439492 -4.68482399
vt -2.09439492 -5.33834696
vt -1.67551601 -5.33834696
vt -1.67551601 -4.68482399
vt -1.25663698 -5.33834696
vt -1.25663698 -4.68482399
vt -1.67551601 -4.03130102
vt -1.25663698 -4.03130102
vt -1.67551601 -3.37777805
vt -1.25663698 -3.37777805
vt -1.67551601 -2.72425508
vt -1.25663698 -2.72425508
vt -2.09439492 -2.72425508
vt -2.09439492 -3.37777805
vt -2.09439492 -4.03130102
vt -2.51327395 -2.72425508
vt -2.51327395 -3.59561896
vt -1.25663698 -0.68106401
vt -1.25663698 0.00000000
vt -1.67551601 -0.54485101
vt -1.67551601 0.00000000
vt -2.09439492 0.00000000
vt -2.09439492 -0.54485101
vt -2.51327395 0.00000000
vt -2.51327395 -0.90808499
vt -2.09439492 -1.08970201
vt -2.51327395 -1.81616998
vt -2.09439492 -1.63455296
vt -2.09439492 -2.17940402
vt -1.67551601 -2.17940402
vt -1.67551601 -2.72425508
vt -1.25663698 -2.72425508
vt -2.51327395 -2.72425508
vt -2.09439492 -2.72425508
vt -1.25663698 -2.04319096
vt -1.67551601 -1.63455296
vt -1.25663698 -1.36212802
vt -1.67551601 -1.08970201
vt -1.25663698 3.15199089
vt -1.67551601 3.15199089
vt -1.25663698 2.52159309
vt -1.67551601 2.52159309
vt -1.25663698 1.89119506
vt -1.67551601 1.89119506
vt -1.25663698 1.26079595
vt -1.67551601 1.26079595
vt -1.25663698 0.63039798
vt -1.67551601 0.63039798
vt -1.25663698 0.00000000
vt -1.67551601 0.00000000
vt -2.09439492 0.63039798
vt -2.09439492 0.00000000
vt -2.51327395 0.00000000
vt -2.51327395 0.78799802
vt -2.09439492 1.26079595
vt -2.51327395 1.57599497
vt -2.09439492 1.89119506
vt -2.51327395 2.36399293
vt -2.09439492 2.52159309
vt -2.51327395 3.15199089
vt -2.09439492 3.15199089
vt 1.25663698 -0.30271500
vt 0.83775800 -0.30271500
vt 1.25663698 -1.69580996
vt 0.83775800 -1.69580996
vt 1.25663698 -3.08890605
vt 0.83775800 -3.08890605
vt 1.25663698 -4.48200083
vt 0.83775800 -4.48200083
vt 1.25663698 -5.87509680
vt 0.83775800 -5.87509680
vt 1.25663698 -7.26819181
vt 0.83775800 -7.26819181
vt 1.25663698 -8.66128922
vt 0.83775800 -8.66128922
vt 0.41887900 -7.26819181
vt 0.41887900 -8.66128922
vt 0.00000000 -7.26819181
vt 0.00000000 -8.66128922
vt 0.41887900 -0.30271500
vt 0.41887900 -1.69580996
vt 0.41887900 -3.08890605
vt 0.41887900 -4.48200083
vt 0.41887900 -5.87509680
vt 0.00000000 -0.30271500
vt 0.00000000 -1.69580996
vt 0.00000000 -3.08890605
vt 0.00000000 -4.48200083
vt 0.00000000 -5.87509680
vt -1.25663698 2.72425508
vt -1.67551601 2.72425508
vt -1.25663698 2.07073212
vt -1.67551601 2.07073212
vt -1.25663698 1.41720903
vt -1.67551601 1.41720903
vt -1.25663698 0.76368600
vt -1.67551601 0.76368600
vt -1.25663698 0.11016300
vt -1.67551601 0.11016300
vt -2.09439492 0.76368600
vt -2.09439492 0.11016300
vt -2.51327395 0.11016300
vt -2.51327395 0.98152697
vt -2.09439492 1.41720903
vt -2.51327395 1.85289097
vt -2.09439492 2.07073212
vt -2.51327395 2.72425508
vt -2.09439492 2.72425508
vt -39.92620850 -0.62831903
vt 3.50000000 -0.62831903
vt -39.92620850 -0.20943990
vt 3.50000000 -0.20943990
vt -39.92620850 0.20943990
vt 3.50000000 0.20943990
vt -39.92620850 0.62831903
vt 3.50000000 0.62831903
vt -1.25663698 -6.12957382
vt -1.25663698 -5.44851017
vt -1.67551601 -5.99336100
vt -1.67551601 -5.44851017
vt -2.09439492 -5.44851017
vt -2.09439492 -5.99336100
vt -2.51327395 -5.44851017
vt -2.51327395 -6.35659504
vt -2.09439492 -6.53821182
vt -2.51327395 -7.26467991
vt -2.09439492 -7.08306313
vt -2.09439492 -7.62791300
vt -1.67551601 -7.62791300
vt -1.67551601 -8.17276478
vt -1.25663698 -8.17276478
vt -2.51327395 -8.17276478
vt -2.09439492 -8.17276478
vt -1.25663698 -7.49170113
vt -1.67551601 -7.08306313
vt -1.25663698 -6.81063700
vt -1.67551601 -6.53821182
vt -37.98963165 -0.62831903
vt 5.51036310 -0.62831903
vt -37.98963165 -0.20943990
vt 5.51036310 -0.20943990
vt -37.98963165 0.20943990
vt 5.51036310 0.20943990
vt -37.98963165 0.62831903
vt 5.51036310 0.62831903
vt -1.25663698 -2.29651904
vt -1.67551601 -2.29651904
vt -1.25663698 -2.92691708
vt -1.67551601 -2.92691708
vt -1.25663698 -3.55731606
vt -1.67551601 -3.55731606
vt -1.25663698 -4.18771410
vt -1.67551601 -4.18771410
vt -1.25663698 -4.81811190
vt -1.67551601 -4.81811190
vt -1.25663698 -5.44851017
vt -1.67551601 -5.44851017
vt -2.09439492 -4.81811190
vt -2.09439492 -5.44851017
vt -2.51327395 -5.44851017
vt -2.51327395 -4.66051197
vt -2.09439492 -4.18771410
vt -2.51327395 -3.87251401
vt -2.09439492 -3.55731606
vt -2.51327395 -3.08451700
vt -2.09439492 -2.92691708
vt -2.51327395 -2.29651904
vt -2.09439492 -2.29651904
vt 1.25663698 14.66913033
vt 0.83775800 14.66913033
vt 1.25663698 13.27602959
vt 0.83775800 13.27602959
vt 1.25663698 11.88294029
vt 0.83775800 11.88294029
vt 1.25663698 10.48983955
vt 0.83775800 10.48983955
vt 1.25663698 9.09674454
vt 0.83775800 9.09674454
vt 1.25663698 7.70365000
vt 0.83775800 7.70365000
vt 1.25663698 6.31055498
vt 0.83775800 6.31055498
vt 0.41887900 7.70365000
vt 0.41887900 6.31055498
vt 0.00000000 7.70365000
vt 0.00000000 6.31055498
vt 0.41887900 14.66913033
vt 0.41887900 13.27602959
vt 0.41887900 11.88294029
vt 0.41887900 10.48983955
vt 0.41887900 9.09674454
vt 0.00000000 14.66913033
vt 0.00000000 13.27602959
vt 0.00000000 11.88294029
vt 0.00000000 10.48983955
vt 0.00000000 9.09674454
vt -13.00000000 1.89999998
vt -56.42620850 1.89999998
vt -13.00000000 -0.69999999
vt -56.42620850 -0.69999999
vt 1.89999998 1.17809701
vt -0.69999999 1.17809701
vt 1.89999998 0.39269900
vt -0.69999999 0.39269900
vt 1.89999998 -0.39269900
vt -0.69999999 -0.39269900
vt 1.89999998 -1.17809701
vt -0.69999999 -1.17809701
vt -5.97927523 1.89999998
vt -49.47927094 1.89999998
vt -5.97927523 -0.69999999
vt -49.47927094 -0.69999999
vt -1.89999998 -1.36307096
vt 0.69999999 -1.36307096
vt -1.89999998 -0.68153501
vt 0.69999999 -0.68153501
vt -1.89999998 0.00000000
vt 0.69999999 0.00000000
vt -1.89999998 0.68153501
vt 0.69999999 0.68153501
vt -1.89999998 1.36307096
vt 0.69999999 1.36307096
vt 1.89999998 10.18330002
vt -0.69999999 10.18330002
vt 1.89999998 8.72170830
vt -0.69999999 8.72170830
vt 1.89999998 7.26011801
vt -0.69999999 7.26011801
vt 1.89999998 5.79852819
vt -0.69999999 5.79852819
vt 1.89999998 4.33693790
vt -0.69999999 4.33693790
vt 1.89999998 2.87534809
vt -0.69999999 2.87534809
vt 1.89999998 1.41375804
vt -0.69999999 1.41375804
vt -1.89999998 -1.13045800
vt 0.69999999 -1.13045800
vt -1.89999998 -0.37681901
vt 0.69999999 -0.37681901
vt -1.89999998 0.37681901
vt 0.69999999 0.37681901
vt -1.89999998 1.13045800
vt 0.69999999 1.13045800
vt -1.89999998 -1.13045800
vt 0.69999999 -1.13045800
vt -1.89999998 -0.37681901
vt 0.69999999 -0.37681901
vt -1.89999998 0.37681901
vt 0.69999999 0.37681901
vt -1.89999998 1.13045800
vt 0.69999999 1.13045800
vt -1.89999998 -1.17809701
vt 0.69999999 -1.17809701
vt -1.89999998 -0.39269900
vt 0.69999999 -0.39269900
vt -1.89999998 0.39269900
vt 0.69999999 0.39269900
vt -1.89999998 1.17809701
vt 0.69999999 1.17809701
vt -1.89999998 -1.36307096
vt 0.69999999 -1.36307096
vt -1.89999998 -0.68153501
vt 0.69999999 -0.68153501
vt -1.89999998 0.00000000
vt 0.69999999 0.00000000
vt -1.89999998 0.68153501
vt 0.69999999 0.68153501
vt -1.89999998 1.36307096
vt 0.69999999 1.36307096
vt 1.89999998 10.18330002
vt -0.69999999 10.18330002
vt 1.89999998 8.72170830
vt -0.69999999 8.72170830
vt 1.89999998 7.26011801
vt -0.69999999 7.26011801
vt 1.89999998 5.79852819
vt -0.69999999 5.79852819
vt 1.89999998 4.33693790
vt -0.69999999 4.33693790
vt 1.89999998 2.87534809
vt -0.69999999 2.87534809
vt 1.89999998 1.41375804
vt -0.69999999 1.41375804
vt 49.00000000 1.57079601
vt 35.00000000 1.57079601
vt 49.00000000 0.78539801
vt 35.00000000 0.78539801
vt 49.00000000 0.00000000
vt 35.00000000 0.00000000
vt 49.00000000 -0.78539801
vt 35.00000000 -0.78539801
vt 49.00000000 -1.57079601
vt 35.00000000 -1.57079601
vt 1.12523496 0.92542797
vt 0.84106898 1.74663305
vt 0.44556099 0.87331599
vt 0.12951601 1.40689099
vt -0.33983701 0.87331599
vt -0.58568603 1.08310795
vt -1.28229296 0.67892301
vt -1.91063297 0.00000000
vt -1.12523496 0.00000000
vt -0.33983701 0.00000000
vt 0.44556099 0.00000000
vt -1.28229296 -0.67892301
vt -0.33983701 -0.87331599
vt 0.44556099 -0.87331599
vt 1.12523496 -0.92542797
vt 1.23095906 0.00000000
vt -0.58568603 -1.08310795
vt 0.12951601 -1.40689099
vt 0.84106898 -1.74663305
vt 0.12951601 -1.40689099
vt 0.84106898 -1.74663305
vt 0.44556099 -0.87331599
vt 1.12523496 -0.92542797
vt 0.44556099 0.00000000
vt 1.23095906 0.00000000
vt 1.12523496 0.92542797
vt 0.44556099 0.87331599
vt 0.84106898 1.74663305
vt 0.12951601 1.40689099
vt -0.33983701 0.87331599
vt -0.58568603 1.08310795
vt -1.28229296 0.67892301
vt -1.91063297 0.00000000
vt -1.12523496 0.00000000
vt -0.33983701 0.00000000
vt -1.28229296 -0.67892301
vt -0.33983701 -0.87331599
vt -0.58568603 -1.08310795
vt -1.12523496 -0.92542797
vt -0.84106898 -1.74663305
vt -0.44556099 -0.87331599
vt -0.12951601 -1.40689099
vt 0.33983701 -0.87331599
vt 0.58568603 -1.08310795
vt 1.28229296 -0.67892301
vt 1.91063297 0.00000000
vt 1.12523496 0.00000000
vt 0.33983701 0.00000000
vt -0.44556099 0.00000000
vt 1.28229296 0.67892301
vt 0.58568603 1.08310795
vt 0.33983701 0.87331599
vt -0.44556099 0.87331599
vt -0.12951601 1.40689099
vt -0.84106898 1.74663305
vt -1.12523496 0.92542797
vt -1.23095906 0.00000000
vt -0.12951601 1.40689099
vt -0.84106898 1.74663305
vt -0.44556099 0.87331599
vt -1.12523496 0.92542797
vt -0.44556099 0.00000000
vt -1.23095906 0.00000000
vt -1.12523496 -0.92542797
vt -0.44556099 -0.87331599
vt -0.84106898 -1.74663305
vt -0.12951601 -1.40689099
vt 0.33983701 -0.87331599
vt 0.58568603 -1.08310795
vt 1.28229296 -0.67892301
vt 1.91063297 0.00000000
vt 1.12523496 0.00000000
vt 0.33983701 0.00000000
vt 1.28229296 0.67892301
vt 0.58568603 1.08310795
vt 0.33983701 0.87331599
vt 0.00000000 1.57079601
vt -12.50000000 1.57079601
vt 0.00000000 0.78539801
vt -12.50000000 0.78539801
vt 0.00000000 0.00000000
vt -12.50000000 0.00000000
vt 0.00000000 -0.78539801
vt -12.50000000 -0.78539801
vt 0.00000000 -1.57079601
vt -12.50000000 -1.57079601
vt 0.00000000 1.57079601
vt -12.50000000 1.57079601
vt 0.00000000 0.78539801
vt -12.50000000 0.78539801
vt 0.00000000 0.00000000
vt -12.50000000 0.00000000
vt 0.00000000 -0.78539801
vt -12.50000000 -0.78539801
vt 0.00000000 -1.57079601
vt -12.50000000 -1.57079601
vt -16.50000000 -1.57079601
vt 38.50000000 -1.57079601
vt -16.50000000 -0.78539801
vt 38.50000000 -0.78539801
vt -16.50000000 0.00000000
vt 38.50000000 0.00000000
vt -16.50000000 0.78539801
vt 38.50000000 0.78539801
vt -16.50000000 1.57079601
vt 38.50000000 1.57079601
vt 49.00000000 1.57079601
vt 35.00000000 1.57079601
vt 49.00000000 0.78539801
vt 35.00000000 0.78539801
vt 49.00000000 0.00000000
vt 35.00000000 0.00000000
vt 49.00000000 -0.78539801
vt 35.00000000 -0.78539801
vt 49.00000000 -1.57079601
vt 35.00000000 -1.57079601
vt -0.12951601 1.40689099
vt -0.84106898 1.74663305
vt -0.44556099 0.87331599
vt -1.12523496 0.92542797
vt -0.44556099 0.00000000
vt -1.23095906 0.00000000
vt -1.12523496 -0.92542797
vt -0.44556099 -0.87331599
vt -0.84106898 -1.74663305
vt -0.12951601 -1.40689099
vt 0.33983701 -0.87331599
vt 0.58568603 -1.08310795
vt 1.28229296 -0.67892301
vt 1.91063297 0.00000000
vt 1.12523496 0.00000000
vt 0.33983701 0.00000000
vt 1.28229296 0.67892301
vt 0.58568603 1.08310795
vt 0.33983701 0.87331599
vt 1.12523496 0.92542797
vt 0.84106898 1.74663305
vt 0.44556099 0.87331599
vt 0.12951601 1.40689099
vt -0.33983701 0.87331599
vt -0.58568603 1.08310795
vt -1.28229296 0.67892301
vt -1.91063297 0.00000000
vt -1.12523496 0.00000000
vt -0.33983701 0.00000000
vt 0.44556099 0.00000000
vt -1.28229296 -0.67892301
vt -0.33983701 -0.87331599
vt 0.44556099 -0.87331599
vt 1.12523496 -0.92542797
vt 1.23095906 0.00000000
vt -0.58568603 -1.08310795
vt 0.12951601 -1.40689099
vt 0.84106898 -1.74663305
vt 0.12951601 -1.40689099
vt 0.84106898 -1.74663305
vt 0.44556099 -0.87331599
vt 1.12523496 -0.92542797
vt 0.44556099 0.00000000
vt 1.23095906 0.00000000
vt 1.12523496 0.92542797
vt 0.44556099 0.87331599
vt 0.84106898 1.74663305
vt 0.12951601 1.40689099
vt -0.33983701 0.87331599
vt -0.58568603 1.08310795
vt -1.28229296 0.67892301
vt -1.91063297 0.00000000
vt -1.12523496 0.00000000
vt -0.33983701 0.00000000
vt -1.28229296 -0.67892301
vt -0.33983701 -0.87331599
vt -0.58568603 -1.08310795
vt -1.12523496 -0.92542797
vt -0.84106898 -1.74663305
vt -0.44556099 -0.87331599
vt -0.12951601 -1.40689099
vt 0.33983701 -0.87331599
vt 0.58568603 -1.08310795
vt 1.28229296 -0.67892301
vt 1.91063297 0.00000000
vt 1.12523496 0.00000000
vt 0.33983701 0.00000000
vt -0.44556099 0.00000000
vt 1.28229296 0.67892301
vt 0.58568603 1.08310795
vt 0.33983701 0.87331599
vt -0.44556099 0.87331599
vt -0.12951601 1.40689099
vt -0.84106898 1.74663305
vt -1.12523496 0.92542797
vt -1.23095906 0.00000000
vt -17.50000000 1.57079601
vt -28.00000000 1.57079601
vt -17.50000000 0.78539801
vt -28.00000000 0.78539801
vt -17.50000000 0.00000000
vt -28.00000000 0.00000000
vt -17.50000000 -0.78539801
vt -28.00000000 -0.78539801
vt -17.50000000 -1.57079601
vt -28.00000000 -1.57079601
vt -17.50000000 1.57079601
vt -28.00000000 1.57079601
vt -17.50000000 0.78539801
vt -28.00000000 0.78539801
vt -17.50000000 0.00000000
vt -28.00000000 0.00000000
vt -17.50000000 -0.78539801
vt -28.00000000 -0.78539801
vt -17.50000000 -1.57079601
vt -28.00000000 -1.57079601
vt 34.70000076 -31.10000038
vt 35.00000000 17.00000000
vt 34.70000076 31.10000038
vt 35.00000000 18.00000000
vt 35.00000000 32.00000000
vt 35.00000000 -32.00000000
vt 34.61960983 -31.39999962
vt 34.40000153 -31.61961937
vt 34.09999847 -31.70000076
vt 21.00000000 -32.00000000
vt 20.00000000 -32.00000000
vt -34.09999847 -31.70000076
vt -35.00000000 -32.00000000
vt -34.40000153 -31.61961937
vt -34.61960983 -31.39999962
vt -34.70000076 -31.10000038
vt -35.00000000 -18.00000000
vt -35.00000000 -17.00000000
vt -34.70000076 31.10000038
vt -35.00000000 32.00000000
vt -34.61960983 31.39999962
vt -34.40000153 31.61961937
vt -34.09999847 31.70000076
vt -21.00000000 32.00000000
vt -20.00000000 32.00000000
vt 34.09999847 31.70000076
vt 34.40000153 31.61961937
vt 34.61960983 31.39999962
vt 0.00000000 1.57079601
vt -12.50000000 1.57079601
vt 0.00000000 0.78539801
vt -12.50000000 0.78539801
vt 0.00000000 0.00000000
vt -12.50000000 0.00000000
vt 0.00000000 -0.78539801
vt -12.50000000 -0.78539801
vt 0.00000000 -1.57079601
vt -12.50000000 -1.57079601
vt 0.00000000 1.57079601
vt -12.50000000 1.57079601
vt 0.00000000 0.78539801
vt -12.50000000 0.78539801
vt 0.00000000 0.00000000
vt -12.50000000 0.00000000
vt 0.00000000 -0.78539801
vt -12.50000000 -0.78539801
vt 0.00000000 -1.57079601
vt -12.50000000 -1.57079601
vt -17.50000000 1.57079601
vt -28.00000000 1.57079601
vt -17.50000000 0.78539801
vt -28.00000000 0.78539801
vt -17.50000000 0.00000000
vt -28.00000000 0.00000000
vt -17.50000000 -0.78539801
vt -28.00000000 -0.78539801
vt -17.50000000 -1.57079601
vt -28.00000000 -1.57079601
vt -17.50000000 1.57079601
vt -28.00000000 1.57079601
vt -17.50000000 0.78539801
vt -28.00000000 0.78539801
vt -17.50000000 0.00000000
vt -28.00000000 0.00000000
vt -17.50000000 -0.78539801
vt -28.00000000 -0.78539801
vt -17.50000000 -1.57079601
vt -28.00000000 -1.57079601
vt 7.67117119 25.59662056
vt 7.67117119 23.64443970
vt 8.12494755 25.59662056
vt 8.32909584 23.64871025
vt 8.43897629 25.59662056
vt 8.76236725 23.65169907
vt 8.78303432 25.59660912
vt 8.98726940 25.59638977
vt 9.03074074 23.65379906
vt 10.21164036 24.65316963
vt 9.18473625 23.65530968
vt 10.19814968 24.29187965
vt 9.34376431 23.65979958
vt 9.47394085 23.67157936
vt 10.14645004 24.05406952
vt 9.78860378 23.73600006
vt 10.02661037 23.86371994
vt 10.13216972 25.25691986
vt 9.67756557 25.55182076
vt 9.33235168 25.58983040
vt 9.13460827 25.59379959
vt 10.04885006 25.38558006
vt 9.93789196 25.46668053
f 1741/1741 1742/1742 1743/1743
f 1743/1743 1742/1742 1744/1744
f 1743/1743 1744/1744 1745/1745
f 1745/1745 1744/1744 1746/1746
f 1746/1746 1744/1744 1747/1747
f 1747/1747 1744/1744 1748/1748
f 1748/1748 1744/1744 1749/1749
f 1748/1748 1749/1749 1750/1750
f 1751/1751 1752/1752 1744/1744
f 1744/1744 1752/1752 1753/1753
f 1744/1744 1753/1753 1749/1749
f 1754/1754 1755/1755 1751/1751
f 1751/1751 1755/1755 1756/1756
f 1751/1751 1756/1756 1757/1757
f 1758/1758 1759/1759 1754/1754
f 1754/1754 1759/1759 1760/1760
f 1754/1754 1760/1760 1761/1761
f 1743/1743 1762/1762 1758/1758
f 1758/1758 1762/1762 1763/1763
f 1758/1758 1763/1763 1764/1764
f 1765/1765 1766/1766 1767/1767
f 1767/1767 1766/1766 1768/1768
f 1767/1767 1768/1768 1769/1769
f 1770/1770 1771/1771 1765/1765
f 1765/1765 1771/1771 1772/1772
f 1765/1765 1772/1772 1773/1773
f 1771/1771 1770/1770 1774/1774
f 1774/1774 1770/1770 1775/1775
f 1774/1774 1775/1775 1754/1754
f 1754/1754 1775/1775 1755/1755
f 1757/1757 1776/1776 1751/1751
f 1751/1751 1776/1776 1777/1777
f 1751/1751 1777/1777 1778/1778
f 1778/1778 1777/1777 1779/1779
f 1779/1779 1777/1777 1780/1780
f 1780/1780 1777/1777 1781/1781
f 1781/1781 1777/1777 1748/1748
f 1781/1781 1748/1748 1782/1782
f 1782/1782 1748/1748 1783/1783
f 1783/1783 1748/1748 1750/1750
f 1745/1745 1762/1762 1743/1743
f 1758/1758 1764/1764 1784/1784
f 1784/1784 1764/1764 1767/1767
f 1784/1784 1767/1767 1785/1785
f 1785/1785 1767/1767 1786/1786
f 1785/1785 1786/1786 1787/1787
f 1788/1788 1771/1771 1789/1789
f 1789/1789 1771/1771 1785/1785
f 1789/1789 1785/1785 1790/1790
f 1790/1790 1785/1785 1787/1787
f 1788/1788 1791/1791 1771/1771
f 1771/1771 1791/1791 1772/1772
f 1773/1773 1792/1792 1765/1765
f 1765/1765 1792/1792 1766/1766
f 1769/1769 1786/1786 1767/1767
f 1778/1778 1793/1793 1751/1751
f 1751/1751 1793/1793 1794/1794
f 1751/1751 1794/1794 1752/1752
f 1754/1754 1761/1761 1795/1795
f 1795/1795 1761/1761 1796/1796
f 1795/1795 1796/1796 1797/1797
f 1795/1795 1798/1798 1754/1754
f 1754/1754 1798/1798 1799/1799
f 1754/1754 1799/1799 1800/1800
f 1799/1799 1798/1798 1801/1801
f 1801/1801 1798/1798 1802/1802
f 1801/1801 1802/1802 1758/1758
f 1758/1758 1802/1802 1803/1803
f 1758/1758 1803/1803 1804/1804
f 1804/1804 1803/1803 1805/1805
f 1804/1804 1805/1805 1806/1806
f 1804/1804 1759/1759 1758/1758
f 1807/1807 1808/1808 1809/1809
f 1809/1809 1808/1808 1810/1810
f 1809/1809 1810/1810 1811/1811
f 1811/1811 1810/1810 1812/1812
f 1811/1811 1812/1812 1813/1813
f 1813/1813 1812/1812 1814/1814
f 1813/1813 1814/1814 1815/1815
f 1815/1815 1814/1814 1816/1816
f 1815/1815 1816/1816 1817/1817
f 1817/1817 1816/1816 1784/1784
f 1817/1817 1784/1784 1818/1818
f 1818/1818 1784/1784 1819/1819
f 1819/1819 1784/1784 1820/1820
f 1819/1819 1820/1820 1821/1821
f 1821/1821 1820/1820 1822/1822
f 1821/1821 1822/1822 1823/1823
f 1823/1823 1822/1822 1774/1774
f 1823/1823 1774/1774 1824/1824
f 1824/1824 1774/1774 1825/1825
f 1824/1824 1825/1825 1826/1826
f 1808/1808 1807/1807 1827/1827
f 1827/1827 1807/1807 1828/1828
f 1827/1827 1828/1828 1829/1829
f 1829/1829 1828/1828 1830/1830
f 1830/1830 1828/1828 1831/1831
f 1830/1830 1831/1831 1832/1832
f 1832/1832 1831/1831 1833/1833
f 1831/1831 1828/1828 1834/1834
f 1834/1834 1828/1828 1835/1835
f 1834/1834 1835/1835 1836/1836
f 1836/1836 1835/1835 1837/1837
f 1837/1837 1835/1835 1838/1838
f 1837/1837 1838/1838 1839/1839
f 1839/1839 1838/1838 1840/1840
f 1839/1839 1840/1840 1841/1841
f 1841/1841 1840/1840 1842/1842
f 1841/1841 1842/1842 1843/1843
f 1843/1843 1842/1842 1825/1825
f 1843/1843 1825/1825 1844/1844
f 1844/1844 1825/1825 1774/1774
f 1844/1844 1774/1774 1845/1845
f 1845/1845 1774/1774 1754/1754
f 1845/1845 1754/1754 1846/1846
f 1846/1846 1754/1754 1800/1800
f 1846/1846 1800/1800 1847/1847
f 1847/1847 1800/1800 1848/1848
f 1848/1848 1800/1800 1849/1849
f 1848/1848 1849/1849 1850/1850
f 1850/1850 1849/1849 1851/1851
f 1851/1851 1849/1849 1852/1852
f 1851/1851 1852/1852 1853/1853
f 1853/1853 1852/1852 1854/1854
f 1853/1853 1854/1854 1855/1855
f 1855/1855 1854/1854 1856/1856
f 1855/1855 1856/1856 1857/1857
f 1857/1857 1856/1856 1858/1858
f 1858/1858 1856/1856 1859/1859
f 1858/1858 1859/1859 1860/1860
f 1860/1860 1859/1859 1861/1861
f 1861/1861 1859/1859 1862/1862
f 1862/1862 1859/1859 1758/1758
f 1862/1862 1758/1758 1784/1784
f 1826/1826 1863/1863 1824/1824
f 1824/1824 1863/1863 1864/1864
f 1864/1864 1863/1863 1865/1865
f 1864/1864 1865/1865 1866/1866
f 1864/1864 1866/1866 1867/1867
f 1867/1867 1866/1866 1868/1868
f 1867/1867 1868/1868 1818/1818
f 1818/1818 1868/1868 1869/1869
f 1818/1818 1869/1869 1870/1870
f 1870/1870 1871/1871 1818/1818
f 1818/1818 1871/1871 1872/1872
f 1818/1818 1872/1872 1817/1817
f 1816/1816 1873/1873 1784/1784
f 1784/1784 1873/1873 1862/1862
f 1845/1845 1874/1874 1873/1873
f 1873/1873 1874/1874 1875/1875
f 1873/1873 1875/1875 1876/1876
f 1849/1849 1877/1877 1852/1852
f 1852/1852 1877/1877 1878/1878
f 1879/1879 1880/1880 1854/1854
f 1854/1854 1880/1880 1856/1856
f 1859/1859 1801/1801 1758/1758
f 1821/1821 1881/1881 1819/1819
f 1820/1820 1784/1784 1882/1882
f 1882/1882 1784/1784 1774/1774
f 1882/1882 1774/1774 1883/1883
f 1883/1883 1774/1774 1822/1822
f 1846/1846 1884/1884 1845/1845
f 1845/1845 1884/1884 1885/1885
f 1845/1845 1885/1885 1886/1886
f 1886/1886 1887/1887 1845/1845
f 1845/1845 1887/1887 1874/1874
f 1876/1876 1888/1888 1873/1873
f 1873/1873 1888/1888 1889/1889
f 1873/1873 1889/1889 1862/1862
f 1890/1890 1891/1891 1892/1892
f 1892/1892 1891/1891 1893/1893
f 1892/1892 1893/1893 1894/1894
f 1890/1890 1895/1895 1891/1891
f 1891/1891 1895/1895 1896/1896
f 1896/1896 1895/1895 1897/1897
f 1896/1896 1897/1897 1898/1898
f 1899/1899 1900/1900 1895/1895
f 1895/1895 1900/1900 1901/1901
f 1895/1895 1901/1901 1897/1897
f 1897/1897 1901/1901 1902/1902
f 1902/1902 1901/1901 1903/1903
f 1902/1902 1903/1903 1904/1904
f 1904/1904 1903/1903 1905/1905
f 1904/1904 1905/1905 1906/1906
f 1899/1899 1907/1907 1900/1900
f 1900/1900 1907/1907 1908/1908
f 1908/1908 1907/1907 1909/1909
f 1896/1896 1898/1898 1910/1910
f 1910/1910 1898/1898 1911/1911
f 1910/1910 1911/1911 1912/1912
f 1913/1913 1914/1914 1915/1915
f 1915/1915 1914/1914 1916/1916
f 1915/1915 1916/1916 1917/1917
f 1917/1917 1916/1916 1918/1918
f 1918/1918 1916/1916 1919/1919
f 1919/1919 1916/1916 1920/1920
f 1919/1919 1920/1920 1921/1921
f 1917/1917 1922/1922 1915/1915
f 1915/1915 1922/1922 1923/1923
f 1923/1923 1922/1922 1924/1924
f 1925/1925 1926/1926 1927/1927
f 1927/1927 1926/1926 1928/1928
f 1927/1927 1928/1928 1929/1929
f 1929/1929 1928/1928 1930/1930
f 1930/1930 1928/1928 1931/1931
f 1929/1929 1932/1932 1927/1927
f 1927/1927 1932/1932 1933/1933
f 1927/1927 1933/1933 1934/1934
f 1934/1934 1933/1933 1935/1935
f 1936/1936 1937/1937 1938/1938
f 1938/1938 1937/1937 1939/1939
f 1938/1938 1939/1939 1940/1940
f 1940/1940 1939/1939 1941/1941
f 1940/1940 1941/1941 1936/1936
f 1936/1936 1941/1941 1942/1942
f 1936/1936 1942/1942 1937/1937
f 1937/1937 1942/1942 1943/1943
f 1943/1943 1942/1942 1944/1944
f 1943/1943 1944/1944 1945/1945
f 1946/1946 1947/1947 1948/1948
f 1948/1948 1947/1947 1949/1949
f 1948/1948 1949/1949 1950/1950
f 1950/1950 1949/1949 1944/1944
f 1950/1950 1944/1944 1942/1942
f 1941/1941 1939/1939 1951/1951
f 1951/1951 1939/1939 1948/1948
f 1951/1951 1948/1948 1950/1950
f 1952/1952 1953/1953 1954/1954
f 1954/1954 1953/1953 1955/1955
f 1954/1954 1955/1955 1956/1956
f 1956/1956 1955/1955 1957/1957
f 1957/1957 1955/1955 1958/1958
f 1957/1957 1958/1958 1959/1959
f 1959/1959 1958/1958 1960/1960
f 1953/1953 1952/1952 1961/1961
f 1961/1961 1952/1952 1962/1962
f 1961/1961 1962/1962 1956/1956
f 1956/1956 1962/1962 1954/1954
f 1963/1963 1964/1964 1965/1965
f 1965/1965 1964/1964 1966/1966
f 1965/1965 1966/1966 1967/1967
f 1953/1953 1968/1968 1963/1963
f 1963/1963 1968/1968 1969/1969
f 1963/1963 1969/1969 1970/1970
f 1958/1958 1955/1955 1971/1971
f 1971/1971 1955/1955 1972/1972
f 1971/1971 1972/1972 1973/1973
f 1973/1973 1972/1972 1974/1974
f 1973/1973 1974/1974 1975/1975
f 1973/1973 1976/1976 1971/1971
f 1971/1971 1976/1976 1977/1977
f 1971/1971 1977/1977 1978/1978
f 1965/1965 1979/1979 1976/1976
f 1976/1976 1979/1979 1980/1980
f 1976/1976 1980/1980 1981/1981
f 1982/1982 1983/1983 1984/1984
f 1984/1984 1983/1983 1961/1961
f 1984/1984 1961/1961 1985/1985
f 1985/1985 1961/1961 1986/1986
f 1986/1986 1961/1961 1971/1971
f 1986/1986 1971/1971 1987/1987
f 1987/1987 1971/1971 1988/1988
f 1987/1987 1988/1988 1989/1989
f 1983/1983 1982/1982 1990/1990
f 1990/1990 1982/1982 1991/1991
f 1990/1990 1991/1991 1992/1992
f 1992/1992 1991/1991 1993/1993
f 1992/1992 1993/1993 1994/1994
f 1994/1994 1993/1993 1995/1995
f 1995/1995 1993/1993 1996/1996
f 1996/1996 1993/1993 1997/1997
f 1996/1996 1997/1997 1998/1998
f 1998/1998 1997/1997 1999/1999
f 1998/1998 1999/1999 2000/2000
f 2000/2000 2001/2001 1998/1998
f 1998/1998 2001/2001 2002/2002
f 2002/2002 2001/2001 2003/2003
f 2002/2002 2003/2003 2004/2004
f 2002/2002 2004/2004 2005/2005
f 2005/2005 2004/2004 2006/2006
f 2005/2005 2006/2006 2007/2007
f 2007/2007 2006/2006 2008/2008
f 2008/2008 2006/2006 2009/2009
f 2008/2008 2009/2009 2010/2010
f 2010/2010 2009/2009 2011/2011
f 2011/2011 2009/2009 2012/2012
f 2012/2012 2009/2009 2013/2013
f 2013/2013 2009/2009 2014/2014
f 2014/2014 2009/2009 2015/2015
f 2015/2015 2009/2009 1978/1978
f 1978/1978 2009/2009 1971/1971
f 2009/2009 1988/1988 1971/1971
f 1989/1989 2016/2016 1987/1987
f 2017/2017 2018/2018 1963/1963
f 1963/1963 2018/2018 1964/1964
f 1967/1967 2019/2019 1965/1965
f 1965/1965 2019/2019 2020/2020
f 1965/1965 2020/2020 2021/2021
f 2021/2021 2022/2022 1965/1965
f 1965/1965 2022/2022 1979/1979
f 1981/1981 2023/2023 1976/1976
f 1976/1976 2023/2023 2024/2024
f 1976/1976 2024/2024 1977/1977
f 1983/1983 2025/2025 1961/1961
f 1961/1961 2025/2025 1968/1968
f 1961/1961 1968/1968 1953/1953
f 1970/1970 2017/2017 1963/1963
f 2026/2026 2027/2027 2028/2028
f 2028/2028 2027/2027 2029/2029
f 2028/2028 2029/2029 2030/2030
f 2031/2031 2032/2032 2026/2026
f 2026/2026 2032/2032 2027/2027
f 2027/2027 2033/2033 2029/2029
f 2029/2029 2033/2033 2034/2034
f 2029/2029 2034/2034 2035/2035
f 2035/2035 2034/2034 2036/2036
f 2035/2035 2036/2036 2037/2037
f 2033/2033 2038/2038 2034/2034
f 2034/2034 2038/2038 2039/2039
f 2039/2039 2038/2038 2040/2040
f 2039/2039 2040/2040 2041/2041
f 2037/2037 2042/2042 2035/2035
f 2030/2030 2043/2043 2028/2028
f 2028/2028 2043/2043 2044/2044
f 2044/2044 2043/2043 2045/2045
f 2044/2044 2045/2045 2046/2046
f 2046/2046 2047/2047 2044/2044
f 2048/2048 2049/2049 2050/2050
f 2050/2050 2049/2049 2051/2051
f 2050/2050 2051/2051 2052/2052
f 2052/2052 2051/2051 2053/2053
f 2053/2053 2051/2051 2054/2054
f 2053/2053 2054/2054 2055/2055
f 2055/2055 2054/2054 2056/2056
f 2049/2049 2048/2048 2057/2057
f 2057/2057 2048/2048 2058/2058
f 2057/2057 2058/2058 2052/2052
f 2052/2052 2058/2058 2050/2050
f 2059/2059 2060/2060 2061/2061
f 2061/2061 2060/2060 2062/2062
f 2061/2061 2062/2062 2063/2063
f 2049/2049 2064/2064 2059/2059
f 2059/2059 2064/2064 2065/2065
f 2059/2059 2065/2065 2066/2066
f 2054/2054 2051/2051 2067/2067
f 2067/2067 2051/2051 2068/2068
f 2067/2067 2068/2068 2069/2069
f 2069/2069 2068/2068 2070/2070
f 2069/2069 2070/2070 2071/2071
f 2069/2069 2072/2072 2067/2067
f 2067/2067 2072/2072 2073/2073
f 2067/2067 2073/2073 2074/2074
f 2061/2061 2075/2075 2072/2072
f 2072/2072 2075/2075 2076/2076
f 2072/2072 2076/2076 2077/2077
f 2078/2078 2079/2079 2080/2080
f 2080/2080 2079/2079 2057/2057
f 2080/2080 2057/2057 2081/2081
f 2081/2081 2057/2057 2082/2082
f 2082/2082 2057/2057 2067/2067
f 2082/2082 2067/2067 2083/2083
f 2083/2083 2067/2067 2084/2084
f 2083/2083 2084/2084 2085/2085
f 2079/2079 2078/2078 2086/2086
f 2086/2086 2078/2078 2087/2087
f 2086/2086 2087/2087 2088/2088
f 2088/2088 2087/2087 2089/2089
f 2088/2088 2089/2089 2090/2090
f 2090/2090 2089/2089 2091/2091
f 2091/2091 2089/2089 2092/2092
f 2092/2092 2089/2089 2093/2093
f 2092/2092 2093/2093 2094/2094
f 2094/2094 2093/2093 2095/2095
f 2094/2094 2095/2095 2096/2096
f 2096/2096 2097/2097 2094/2094
f 2094/2094 2097/2097 2098/2098
f 2098/2098 2097/2097 2099/2099
f 2098/2098 2099/2099 2100/2100
f 2098/2098 2100/2100 2101/2101
f 2101/2101 2100/2100 2102/2102
f 2101/2101 2102/2102 2103/2103
f 2103/2103 2102/2102 2104/2104
f 2104/2104 2102/2102 2105/2105
f 2104/2104 2105/2105 2106/2106
f 2106/2106 2105/2105 2107/2107
f 2107/2107 2105/2105 2108/2108
f 2108/2108 2105/2105 2109/2109
f 2109/2109 2105/2105 2110/2110
f 2110/2110 2105/2105 2111/2111
f 2111/2111 2105/2105 2074/2074
f 2074/2074 2105/2105 2067/2067
f 2105/2105 2084/2084 2067/2067
f 2085/2085 2112/2112 2083/2083
f 2113/2113 2114/2114 2059/2059
f 2059/2059 2114/2114 2060/2060
f 2063/2063 2115/2115 2061/2061
f 2061/2061 2115/2115 2116/2116
f 2061/2061 2116/2116 2117/2117
f 2117/2117 2118/2118 2061/2061
f 2061/2061 2118/2118 2075/2075
f 2077/2077 2119/2119 2072/2072
f 2072/2072 2119/2119 2120/2120
f 2072/2072 2120/2120 2073/2073
f 2079/2079 2121/2121 2057/2057
f 2057/2057 2121/2121 2064/2064
f 2057/2057 2064/2064 2049/2049
f 2066/2066 2113/2113 2059/2059
f 2122/2122 2123/2123 2124/2124
f 2124/2124 2123/2123 2125/2125
f 2124/2124 2125/2125 2126/2126
f 2127/2127 2128/2128 2122/2122
f 2122/2122 2128/2128 2123/2123
f 2123/2123 2129/2129 2125/2125
f 2125/2125 2129/2129 2130/2130
f 2125/2125 2130/2130 2131/2131
f 2131/2131 2130/2130 2132/2132
f 2131/2131 2132/2132 2133/2133
f 2129/2129 2134/2134 2130/2130
f 2130/2130 2134/2134 2135/2135
f 2135/2135 2134/2134 2136/2136
f 2135/2135 2136/2136 2137/2137
f 2133/2133 2138/2138 2131/2131
f 2126/2126 2139/2139 2124/2124
f 2124/2124 2139/2139 2140/2140
f 2140/2140 2139/2139 2141/2141
f 2140/2140 2141/2141 2142/2142
f 2142/2142 2143/2143 2140/2140
f 2144/2144 2145/2145 2146/2146
f 2146/2146 2145/2145 2147/2147
f 2146/2146 2147/2147 2148/2148
f 2148/2148 2147/2147 2149/2149
f 2149/2149 2147/2147 2150/2150
f 2149/2149 2150/2150 2151/2151
f 2151/2151 2150/2150 2152/2152
f 2151/2151 2152/2152 2153/2153
f 2151/2151 2153/2153 2154/2154
f 2154/2154 2153/2153 2146/2146
f 2154/2154 2146/2146 2148/2148
f 2155/2155 2156/2156 2157/2157
f 2157/2157 2156/2156 2158/2158
f 2157/2157 2158/2158 2159/2159
f 2159/2159 2158/2158 2160/2160
f 2160/2160 2158/2158 2161/2161
f 2160/2160 2161/2161 2162/2162
f 2162/2162 2161/2161 2163/2163
f 2162/2162 2163/2163 2164/2164
f 2162/2162 2164/2164 2165/2165
f 2165/2165 2164/2164 2157/2157
f 2165/2165 2157/2157 2159/2159
f 2166/2166 2167/2167 2168/2168
f 2168/2168 2167/2167 2169/2169
f 2168/2168 2169/2169 2170/2170
f 2170/2170 2169/2169 2171/2171
f 2170/2170 2171/2171 2172/2172
f 2172/2172 2171/2171 2173/2173
f 2173/2173 2171/2171 2174/2174
f 2173/2173 2174/2174 2175/2175
f 2175/2175 2174/2174 2176/2176
f 2175/2175 2176/2176 2177/2177
f 2177/2177 2176/2176 2178/2178
f 2177/2177 2178/2178 2179/2179
f 2179/2179 2178/2178 2180/2180
f 2180/2180 2178/2178 2181/2181
f 2180/2180 2181/2181 2182/2182
f 2180/2180 2182/2182 2183/2183
f 2183/2183 2182/2182 2184/2184
f 2183/2183 2184/2184 2185/2185
f 2185/2185 2184/2184 2186/2186
f 2186/2186 2184/2184 2187/2187
f 2186/2186 2187/2187 2188/2188
f 2188/2188 2187/2187 2189/2189
f 2188/2188 2189/2189 2190/2190
f 2190/2190 2189/2189 2191/2191
f 2191/2191 2189/2189 2192/2192
f 2191/2191 2192/2192 2193/2193
f 2193/2193 2192/2192 2194/2194
f 2193/2193 2194/2194 2177/2177
f 2170/2170 2172/2172 2195/2195
f 2195/2195 2172/2172 2196/2196
f 2195/2195 2196/2196 2197/2197
f 2197/2197 2196/2196 2198/2198
f 2197/2197 2198/2198 2199/2199
f 2179/2179 2193/2193 2177/2177
f 2200/2200 2201/2201 2202/2202
f 2202/2202 2201/2201 2203/2203
f 2204/2204 2205/2205 2206/2206
f 2206/2206 2205/2205 2207/2207
f 2206/2206 2207/2207 2208/2208
f 2208/2208 2207/2207 2209/2209
f 2208/2208 2209/2209 2210/2210
f 2210/2210 2209/2209 2211/2211
f 2210/2210 2211/2211 2212/2212
f 2212/2212 2211/2211 2213/2213
f 2212/2212 2213/2213 2214/2214
f 2214/2214 2213/2213 2215/2215
f 2214/2214 2215/2215 2216/2216
f 2216/2216 2215/2215 2217/2217
f 2216/2216 2217/2217 2218/2218
f 2218/2218 2217/2217 2219/2219
f 2218/2218 2219/2219 2200/2200
f 2200/2200 2219/2219 2201/2201
f 2220/2220 2221/2221 2222/2222
f 2222/2222 2221/2221 2223/2223
f 2224/2224 2225/2225 2226/2226
f 2226/2226 2225/2225 2227/2227
f 2226/2226 2227/2227 2228/2228
f 2228/2228 2227/2227 2229/2229
f 2228/2228 2229/2229 2230/2230
f 2230/2230 2229/2229 2231/2231
f 2230/2230 2231/2231 2232/2232
f 2232/2232 2231/2231 2233/2233
f 2232/2232 2233/2233 2234/2234
f 2234/2234 2233/2233 2235/2235
f 2234/2234 2235/2235 2236/2236
f 2236/2236 2235/2235 2237/2237
f 2236/2236 2237/2237 2238/2238
f 2238/2238 2237/2237 2239/2239
f 2238/2238 2239/2239 2220/2220
f 2220/2220 2239/2239 2221/2221
f 2240/2240 2241/2241 2242/2242
f 2242/2242 2241/2241 2243/2243
f 2244/2244 2245/2245 2246/2246
f 2247/2247 2243/2243 2248/2248
f 2246/2246 2249/2249 2250/2250
f 2251/2251 2248/2248 2252/2252
f 2250/2250 2253/2253 2254/2254
f 2255/2255 2252/2252 2256/2256
f 2254/2254 2257/2257 2258/2258
f 2259/2259 2256/2256 2260/2260
f 2258/2258 2261/2261 2262/2262
f 2263/2263 2260/2260 2264/2264
f 2262/2262 2265/2265 2266/2266
f 2267/2267 2264/2264 2268/2268
f 2266/2266 2269/2269 2270/2270
f 2271/2271 2268/2268 2272/2272
f 2271/2271 2272/2272 2273/2273
f 2273/2273 2272/2272 2274/2274
f 2275/2275 2276/2276 2277/2277
f 2270/2270 2278/2278 2279/2279
f 2270/2270 2279/2279 2266/2266
f 2266/2266 2279/2279 2280/2280
f 2266/2266 2280/2280 2262/2262
f 2262/2262 2280/2280 2281/2281
f 2262/2262 2281/2281 2258/2258
f 2258/2258 2281/2281 2282/2282
f 2258/2258 2282/2282 2254/2254
f 2254/2254 2282/2282 2283/2283
f 2254/2254 2283/2283 2250/2250
f 2250/2250 2283/2283 2284/2284
f 2250/2250 2284/2284 2246/2246
f 2246/2246 2284/2284 2285/2285
f 2246/2246 2285/2285 2244/2244
f 2244/2244 2285/2285 2286/2286
f 2244/2244 2286/2286 2275/2275
f 2275/2275 2286/2286 2276/2276
f 2205/2205 2276/2276 2207/2207
f 2207/2207 2276/2276 2286/2286
f 2207/2207 2286/2286 2209/2209
f 2209/2209 2286/2286 2285/2285
f 2209/2209 2285/2285 2211/2211
f 2211/2211 2285/2285 2284/2284
f 2211/2211 2284/2284 2213/2213
f 2213/2213 2284/2284 2283/2283
f 2213/2213 2283/2283 2215/2215
f 2215/2215 2283/2283 2282/2282
f 2215/2215 2282/2282 2217/2217
f 2217/2217 2282/2282 2281/2281
f 2217/2217 2281/2281 2219/2219
f 2219/2219 2281/2281 2280/2280
f 2219/2219 2280/2280 2201/2201
f 2201/2201 2280/2280 2279/2279
f 2201/2201 2279/2279 2203/2203
f 2205/2205 2287/2287 2276/2276
f 2225/2225 2274/2274 2227/2227
f 2227/2227 2274/2274 2272/2272
f 2227/2227 2272/2272 2229/2229
f 2229/2229 2272/2272 2268/2268
f 2229/2229 2268/2268 2231/2231
f 2231/2231 2268/2268 2264/2264
f 2231/2231 2264/2264 2233/2233
f 2233/2233 2264/2264 2260/2260
f 2233/2233 2260/2260 2235/2235
f 2235/2235 2260/2260 2256/2256
f 2235/2235 2256/2256 2237/2237
f 2237/2237 2256/2256 2252/2252
f 2237/2237 2252/2252 2239/2239
f 2239/2239 2252/2252 2248/2248
f 2239/2239 2248/2248 2221/2221
f 2221/2221 2248/2248 2243/2243
f 2221/2221 2243/2243 2223/2223
f 2225/2225 2288/2288 2274/2274
f 2289/2289 2290/2290 2291/2291
f 2291/2291 2290/2290 2292/2292
f 2291/2291 2292/2292 2293/2293
f 2293/2293 2292/2292 2294/2294
f 2293/2293 2294/2294 2295/2295
f 2289/2289 2296/2296 2290/2290
f 2292/2292 2297/2297 2294/2294
f 2294/2294 2297/2297 2298/2298
f 2298/2298 2297/2297 2299/2299
f 2298/2298 2299/2299 2300/2300
f 2300/2300 2299/2299 2301/2301
f 2293/2293 2295/2295 2302/2302
f 2302/2302 2295/2295 2303/2303
f 2302/2302 2303/2303 2304/2304
f 2304/2304 2303/2303 2305/2305
f 2304/2304 2305/2305 2306/2306
f 2306/2306 2305/2305 2307/2307
f 2306/2306 2307/2307 2308/2308
f 2307/2307 2305/2305 2309/2309
f 2309/2309 2305/2305 2310/2310
f 2309/2309 2310/2310 2311/2311
f 2309/2309 2311/2311 2312/2312
f 2312/2312 2311/2311 2313/2313
f 2312/2312 2313/2313 2314/2314
f 2314/2314 2313/2313 2315/2315
f 2315/2315 2313/2313 2316/2316
f 2315/2315 2316/2316 2317/2317
f 2317/2317 2316/2316 2318/2318
f 2317/2317 2318/2318 2319/2319
f 2319/2319 2318/2318 2320/2320
f 2320/2320 2318/2318 2321/2321
f 2320/2320 2321/2321 2308/2308
f 2308/2308 2321/2321 2322/2322
f 2308/2308 2322/2322 2306/2306
f 2323/2323 2324/2324 2325/2325
f 2325/2325 2324/2324 2326/2326
f 2325/2325 2326/2326 2327/2327
f 2327/2327 2326/2326 2328/2328
f 2327/2327 2328/2328 2329/2329
f 2329/2329 2328/2328 2330/2330
f 2331/2331 2332/2332 2333/2333
f 2333/2333 2332/2332 2334/2334
f 2335/2335 2336/2336 2337/2337
f 2337/2337 2336/2336 2338/2338
f 2337/2337 2338/2338 2339/2339
f 2339/2339 2338/2338 2340/2340
f 2339/2339 2340/2340 2341/2341
f 2341/2341 2340/2340 2342/2342
f 2343/2343 2344/2344 2345/2345
f 2345/2345 2344/2344 2346/2346
f 2347/2347 2348/2348 2349/2349
f 2349/2349 2348/2348 2350/2350
f 2349/2349 2350/2350 2351/2351
f 2352/2352 2353/2353 2351/2351
f 2351/2351 2353/2353 2354/2354
f 2351/2351 2354/2354 2349/2349
f 2355/2355 2356/2356 2357/2357
f 2357/2357 2356/2356 2358/2358
f 2359/2359 2360/2360 2361/2361
f 2361/2361 2360/2360 2362/2362
f 2361/2361 2362/2362 2363/2363
f 2364/2364 2365/2365 2363/2363
f 2363/2363 2365/2365 2366/2366
f 2363/2363 2366/2366 2361/2361
f 2367/2367 2368/2368 2369/2369
f 2369/2369 2368/2368 2370/2370
f 2371/2371 2372/2372 2373/2373
f 2373/2373 2372/2372 2374/2374
f 2375/2375 2376/2376 2377/2377
f 2377/2377 2376/2376 2378/2378
f 2377/2377 2378/2378 2379/2379
f 2379/2379 2378/2378 2380/2380
f 2379/2379 2380/2380 2381/2381
f 2381/2381 2380/2380 2382/2382
f 2381/2381 2382/2382 2383/2383
f 2383/2383 2382/2382 2384/2384
f 2383/2383 2384/2384 2385/2385
f 2385/2385 2384/2384 2386/2386
f 2385/2385 2386/2386 2387/2387
f 2387/2387 2386/2386 2388/2388
f 2389/2389 2390/2390 2391/2391
f 2391/2391 2390/2390 2392/2392
f 2393/2393 2394/2394 2395/2395
f 2395/2395 2394/2394 2396/2396
f 2395/2395 2396/2396 2397/2397
f 2397/2397 2396/2396 2398/2398
f 2397/2397 2398/2398 2399/2399
f 2399/2399 2398/2398 2400/2400
f 2401/2401 2402/2402 2403/2403
f 2403/2403 2402/2402 2404/2404
f 2403/2403 2404/2404 2405/2405
f 2405/2405 2404/2404 2406/2406
f 2405/2405 2406/2406 2407/2407
f 2407/2407 2406/2406 2408/2408
f 2409/2409 2410/2410 2411/2411
f 2411/2411 2410/2410 2412/2412
f 2413/2413 2414/2414 2415/2415
f 2415/2415 2414/2414 2416/2416
f 2415/2415 2416/2416 2417/2417
f 2417/2417 2416/2416 2418/2418
f 2417/2417 2418/2418 2419/2419
f 2419/2419 2418/2418 2420/2420
f 2421/2421 2422/2422 2423/2423
f 2423/2423 2422/2422 2424/2424
f 2423/2423 2424/2424 2425/2425
f 2425/2425 2424/2424 2426/2426
f 2425/2425 2426/2426 2427/2427
f 2427/2427 2426/2426 2428/2428
f 2429/2429 2430/2430 2431/2431
f 2431/2431 2430/2430 2432/2432
f 2431/2431 2432/2432 2433/2433
f 2433/2433 2432/2432 2434/2434
f 2433/2433 2434/2434 2435/2435
f 2435/2435 2434/2434 2436/2436
f 2437/2437 2438/2438 2439/2439
f 2439/2439 2438/2438 2440/2440
f 2441/2441 2442/2442 2443/2443
f 2443/2443 2442/2442 2444/2444
f 2443/2443 2444/2444 2445/2445
f 2445/2445 2444/2444 2446/2446
f 2445/2445 2446/2446 2447/2447
f 2447/2447 2446/2446 2448/2448
f 2449/2449 2450/2450 2451/2451
f 2451/2451 2450/2450 2452/2452
f 2453/2453 2454/2454 2455/2455
f 2455/2455 2454/2454 2456/2456
f 2457/2457 2458/2458 2459/2459
f 2459/2459 2458/2458 2460/2460
f 2459/2459 2460/2460 2461/2461
f 2461/2461 2460/2460 2462/2462
f 2462/2462 2460/2460 2463/2463
f 2457/2457 2464/2464 2458/2458
f 2461/2461 2465/2465 2459/2459
f 2459/2459 2465/2465 2466/2466
f 2466/2466 2465/2465 2467/2467
f 2466/2466 2467/2467 2468/2468
f 2465/2465 2469/2469 2467/2467
f 2467/2467 2469/2469 2470/2470
f 2471/2471 2472/2472 2468/2468
f 2468/2468 2472/2472 2466/2466
f 2473/2473 2474/2474 2475/2475
f 2475/2475 2474/2474 2476/2476
f 2475/2475 2476/2476 2477/2477
f 2477/2477 2476/2476 2478/2478
f 2478/2478 2476/2476 2479/2479
f 2478/2478 2479/2479 2480/2480
f 2480/2480 2479/2479 2473/2473
f 2480/2480 2473/2473 2475/2475
f 2477/2477 2481/2481 2475/2475
f 2475/2475 2481/2481 2482/2482
f 2475/2475 2482/2482 2483/2483
f 2483/2483 2482/2482 2484/2484
f 2483/2483 2484/2484 2485/2485
f 2485/2485 2484/2484 2486/2486
f 2486/2486 2484/2484 2487/2487
f 2486/2486 2487/2487 2488/2488
f 2488/2488 2487/2487 2489/2489
f 2488/2488 2489/2489 2480/2480
f 2480/2480 2489/2489 2490/2490
f 2480/2480 2490/2490 2478/2478
f 2482/2482 2481/2481 2489/2489
f 2489/2489 2481/2481 2490/2490
f 2485/2485 2491/2491 2483/2483
f 2483/2483 2491/2491 2492/2492
f 2483/2483 2492/2492 2493/2493
f 2493/2493 2492/2492 2494/2494
f 2492/2492 2491/2491 2495/2495
f 2495/2495 2491/2491 2496/2496
f 2495/2495 2496/2496 2488/2488
f 2488/2488 2496/2496 2486/2486
f 2488/2488 2497/2497 2495/2495
f 2495/2495 2497/2497 2498/2498
f 2499/2499 2500/2500 2501/2501
f 2501/2501 2500/2500 2502/2502
f 2501/2501 2502/2502 2503/2503
f 2503/2503 2502/2502 2504/2504
f 2503/2503 2504/2504 2505/2505
f 2505/2505 2504/2504 2506/2506
f 2506/2506 2504/2504 2507/2507
f 2506/2506 2507/2507 2508/2508
f 2508/2508 2507/2507 2509/2509
f 2509/2509 2507/2507 2510/2510
f 2509/2509 2510/2510 2511/2511
f 2511/2511 2510/2510 2502/2502
f 2511/2511 2502/2502 2500/2500
f 2512/2512 2513/2513 2499/2499
f 2499/2499 2513/2513 2514/2514
f 2499/2499 2514/2514 2500/2500
f 2500/2500 2514/2514 2515/2515
f 2500/2500 2515/2515 2516/2516
f 2513/2513 2512/2512 2505/2505
f 2505/2505 2512/2512 2503/2503
f 2500/2500 2516/2516 2505/2505
f 2505/2505 2516/2516 2513/2513
f 2509/2509 2511/2511 2517/2517
f 2517/2517 2511/2511 2518/2518
f 2517/2517 2518/2518 2519/2519
f 2508/2508 2520/2520 2506/2506
f 2506/2506 2520/2520 2519/2519
f 2506/2506 2519/2519 2521/2521
f 2521/2521 2519/2519 2522/2522
f 2520/2520 2517/2517 2519/2519
f 2511/2511 2523/2523 2518/2518
f 2518/2518 2523/2523 2524/2524
f 2525/2525 2526/2526 2527/2527
f 2527/2527 2526/2526 2528/2528
f 2527/2527 2528/2528 2529/2529
f 2529/2529 2528/2528 2530/2530
f 2529/2529 2530/2530 2531/2531
f 2531/2531 2530/2530 2532/2532
f 2532/2532 2530/2530 2533/2533
f 2532/2532 2533/2533 2534/2534
f 2534/2534 2533/2533 2535/2535
f 2534/2534 2535/2535 2536/2536
f 2526/2526 2537/2537 2528/2528
f 2528/2528 2537/2537 2538/2538
f 2528/2528 2538/2538 2530/2530
f 2530/2530 2538/2538 2533/2533
f 2537/2537 2539/2539 2538/2538
f 2538/2538 2539/2539 2540/2540
f 2538/2538 2540/2540 2533/2533
f 2533/2533 2540/2540 2535/2535
f 2541/2541 2542/2542 2543/2543
f 2543/2543 2542/2542 2544/2544
f 2543/2543 2544/2544 2545/2545
f 2545/2545 2544/2544 2546/2546
f 2544/2544 2542/2542 2547/2547
f 2547/2547 2542/2542 2548/2548
f 2547/2547 2548/2548 2549/2549
f 2549/2549 2548/2548 2550/2550
f 2551/2551 2552/2552 2553/2553
f 2553/2553 2552/2552 2554/2554
f 2553/2553 2554/2554 2555/2555
f 2555/2555 2554/2554 2556/2556
f 2555/2555 2556/2556 2557/2557
f 2557/2557 2556/2556 2558/2558
f 2558/2558 2556/2556 2559/2559
f 2558/2558 2559/2559 2560/2560
f 2560/2560 2559/2559 2561/2561
f 2560/2560 2561/2561 2562/2562
f 2552/2552 2563/2563 2554/2554
f 2554/2554 2563/2563 2564/2564
f 2554/2554 2564/2564 2556/2556
f 2556/2556 2564/2564 2559/2559
f 2563/2563 2565/2565 2564/2564
f 2564/2564 2565/2565 2566/2566
f 2564/2564 2566/2566 2559/2559
f 2559/2559 2566/2566 2561/2561
f 2567/2567 2568/2568 2569/2569
f 2569/2569 2568/2568 2570/2570
f 2569/2569 2570/2570 2571/2571
f 2571/2571 2570/2570 2572/2572
f 2571/2571 2572/2572 2573/2573
f 2573/2573 2572/2572 2574/2574
f 2575/2575 2576/2576 2577/2577
f 2577/2577 2576/2576 2578/2578
f 2577/2577 2578/2578 2579/2579
f 2579/2579 2578/2578 2580/2580
f 2579/2579 2580/2580 2581/2581
f 2581/2581 2580/2580 2582/2582
f 2582/2582 2580/2580 2583/2583
f 2582/2582 2583/2583 2584/2584
f 2584/2584 2583/2583 2585/2585
f 2584/2584 2585/2585 2586/2586
f 2576/2576 2587/2587 2578/2578
f 2578/2578 2587/2587 2588/2588
f 2578/2578 2588/2588 2580/2580
f 2580/2580 2588/2588 2583/2583
f 2587/2587 2589/2589 2588/2588
f 2588/2588 2589/2589 2590/2590
f 2588/2588 2590/2590 2583/2583
f 2583/2583 2590/2590 2585/2585
f 2591/2591 2592/2592 2593/2593
f 2593/2593 2592/2592 2594/2594
f 2593/2593 2594/2594 2595/2595
f 2595/2595 2594/2594 2596/2596
f 2594/2594 2592/2592 2597/2597
f 2597/2597 2592/2592 2598/2598
f 2597/2597 2598/2598 2599/2599
f 2599/2599 2598/2598 2600/2600
f 2601/2601 2602/2602 2603/2603
f 2603/2603 2602/2602 2604/2604
f 2603/2603 2604/2604 2605/2605
f 2605/2605 2604/2604 2606/2606
f 2605/2605 2606/2606 2607/2607
f 2607/2607 2606/2606 2608/2608
f 2608/2608 2606/2606 2609/2609
f 2608/2608 2609/2609 2610/2610
f 2610/2610 2609/2609 2611/2611
f 2610/2610 2611/2611 2612/2612
f 2602/2602 2613/2613 2604/2604
f 2604/2604 2613/2613 2614/2614
f 2604/2604 2614/2614 2606/2606
f 2606/2606 2614/2614 2609/2609
f 2613/2613 2615/2615 2614/2614
f 2614/2614 2615/2615 2616/2616
f 2614/2614 2616/2616 2609/2609
f 2609/2609 2616/2616 2611/2611
f 2617/2617 2618/2618 2619/2619
f 2619/2619 2618/2618 2620/2620
f 2619/2619 2620/2620 2621/2621
f 2621/2621 2620/2620 2622/2622
f 2621/2621 2622/2622 2623/2623
f 2623/2623 2622/2622 2624/2624
f 2625/2625 2626/2626 2627/2627
f 2627/2627 2626/2626 2628/2628
f 2629/2629 2630/2630 2631/2631
f 2631/2631 2630/2630 2632/2632
f 2631/2631 2632/2632 2633/2633
f 2633/2633 2632/2632 2634/2634
f 2633/2633 2634/2634 2635/2635
f 2635/2635 2634/2634 2636/2636
f 2637/2637 2638/2638 2639/2639
f 2639/2639 2638/2638 2640/2640
f 2641/2641 2642/2642 2643/2643
f 2643/2643 2642/2642 2644/2644
f 2643/2643 2644/2644 2645/2645
f 2645/2645 2644/2644 2646/2646
f 2645/2645 2646/2646 2647/2647
f 2647/2647 2646/2646 2648/2648
f 2649/2649 2650/2650 2651/2651
f 2651/2651 2650/2650 2652/2652
f 2651/2651 2652/2652 2653/2653
f 2653/2653 2652/2652 2654/2654
f 2653/2653 2654/2654 2655/2655
f 2655/2655 2654/2654 2656/2656
f 2657/2657 2658/2658 2659/2659
f 2659/2659 2658/2658 2660/2660
f 2661/2661 2662/2662 2663/2663
f 2663/2663 2662/2662 2664/2664
f 2663/2663 2664/2664 2665/2665
f 2665/2665 2664/2664 2666/2666
f 2665/2665 2666/2666 2667/2667
f 2667/2667 2666/2666 2668/2668
f 2669/2669 2670/2670 2671/2671
f 2671/2671 2670/2670 2672/2672
f 2673/2673 2674/2674 2675/2675
f 2675/2675 2674/2674 2676/2676
f 2675/2675 2676/2676 2677/2677
f 2677/2677 2676/2676 2678/2678
f 2677/2677 2678/2678 2679/2679
f 2679/2679 2678/2678 2680/2680
f 2681/2681 2682/2682 2683/2683
f 2683/2683 2682/2682 2684/2684
f 2685/2685 2686/2686 2687/2687
f 2687/2687 2686/2686 2688/2688
f 2687/2687 2688/2688 2689/2689
f 2689/2689 2688/2688 2690/2690
f 2689/2689 2690/2690 2691/2691
f 2691/2691 2690/2690 2692/2692
f 2691/2691 2692/2692 2693/2693
f 2693/2693 2692/2692 2694/2694
f 2693/2693 2694/2694 2695/2695
f 2695/2695 2694/2694 2696/2696
f 2697/2697 2698/2698 2685/2685
f 2685/2685 2698/2698 2699/2699
f 2685/2685 2699/2699 2686/2686
f 2698/2698 2697/2697 2700/2700
f 2700/2700 2697/2697 2701/2701
f 2700/2700 2701/2701 2702/2702
f 2702/2702 2703/2703 2700/2700
f 2700/2700 2703/2703 2693/2693
f 2693/2693 2703/2703 2704/2704
f 2693/2693 2704/2704 2691/2691
f 2705/2705 2706/2706 2707/2707
f 2707/2707 2706/2706 2692/2692
f 2707/2707 2692/2692 2708/2708
f 2708/2708 2692/2692 2709/2709
f 2709/2709 2692/2692 2690/2690
f 2705/2705 2710/2710 2706/2706
f 2706/2706 2710/2710 2699/2699
f 2706/2706 2699/2699 2711/2711
f 2711/2711 2699/2699 2698/2698
f 2700/2700 2712/2712 2698/2698
f 2698/2698 2712/2712 2713/2713
f 2714/2714 2715/2715 2711/2711
f 2711/2711 2715/2715 2706/2706
f 2694/2694 2692/2692 2716/2716
f 2716/2716 2692/2692 2717/2717
f 2716/2716 2717/2717 2718/2718
f 2719/2719 2720/2720 2721/2721
f 2721/2721 2720/2720 2722/2722
f 2721/2721 2722/2722 2723/2723
f 2723/2723 2722/2722 2724/2724
f 2723/2723 2724/2724 2725/2725
f 2725/2725 2724/2724 2726/2726
f 2727/2727 2728/2728 2729/2729
f 2729/2729 2728/2728 2730/2730
f 2731/2731 2732/2732 2733/2733
f 2733/2733 2732/2732 2734/2734
f 2733/2733 2734/2734 2735/2735
f 2735/2735 2734/2734 2736/2736
f 2735/2735 2736/2736 2737/2737
f 2737/2737 2736/2736 2738/2738
f 2739/2739 2740/2740 2741/2741
f 2741/2741 2740/2740 2742/2742
f 2743/2743 2744/2744 2745/2745
f 2745/2745 2744/2744 2746/2746
f 2745/2745 2746/2746 2747/2747
f 2747/2747 2746/2746 2748/2748
f 2747/2747 2748/2748 2749/2749
f 2749/2749 2748/2748 2750/2750
f 2751/2751 2752/2752 2753/2753
f 2753/2753 2752/2752 2754/2754
f 2755/2755 2756/2756 2757/2757
f 2757/2757 2756/2756 2758/2758
f 2757/2757 2758/2758 2759/2759
f 2759/2759 2758/2758 2760/2760
f 2759/2759 2760/2760 2761/2761
f 2761/2761 2760/2760 2762/2762
f 2763/2763 2764/2764 2765/2765
f 2765/2765 2764/2764 2766/2766
f 2765/2765 2766/2766 2767/2767
f 2763/2763 2768/2768 2764/2764
f 2767/2767 2769/2769 2765/2765
f 2770/2770 2771/2771 2772/2772
f 2772/2772 2771/2771 2773/2773
f 2772/2772 2773/2773 2774/2774
f 2775/2775 2776/2776 2770/2770
f 2770/2770 2776/2776 2777/2777
f 2770/2770 2777/2777 2778/2778
f 2779/2779 2780/2780 2775/2775
f 2775/2775 2780/2780 2781/2781
f 2775/2775 2781/2781 2782/2782
f 2772/2772 2783/2783 2779/2779
f 2779/2779 2783/2783 2784/2784
f 2779/2779 2784/2784 2785/2785
f 2786/2786 2787/2787 2788/2788
f 2788/2788 2787/2787 2770/2770
f 2788/2788 2770/2770 2789/2789
f 2789/2789 2770/2770 2790/2790
f 2790/2790 2770/2770 2778/2778
f 2787/2787 2771/2771 2770/2770
f 2771/2771 2791/2791 2773/2773
f 2774/2774 2792/2792 2772/2772
f 2772/2772 2792/2792 2793/2793
f 2772/2772 2793/2793 2794/2794
f 2795/2795 2796/2796 2794/2794
f 2794/2794 2796/2796 2772/2772
f 2796/2796 2783/2783 2772/2772
f 2783/2783 2797/2797 2784/2784
f 2785/2785 2798/2798 2779/2779
f 2779/2779 2798/2798 2799/2799
f 2779/2779 2799/2799 2800/2800
f 2801/2801 2802/2802 2800/2800
f 2800/2800 2802/2802 2779/2779
f 2802/2802 2780/2780 2779/2779
f 2780/2780 2803/2803 2781/2781
f 2782/2782 2804/2804 2775/2775
f 2775/2775 2804/2804 2805/2805
f 2775/2775 2805/2805 2806/2806
f 2807/2807 2808/2808 2806/2806
f 2806/2806 2808/2808 2775/2775
f 2808/2808 2776/2776 2775/2775
f 2776/2776 2809/2809 2777/2777
f 2810/2810 2811/2811 2812/2812
f 2812/2812 2811/2811 2813/2813
f 2812/2812 2813/2813 2814/2814
f 2814/2814 2813/2813 2815/2815
f 2814/2814 2815/2815 2816/2816
f 2816/2816 2815/2815 2817/2817
f 2818/2818 2819/2819 2820/2820
f 2820/2820 2819/2819 2821/2821
f 2820/2820 2821/2821 2822/2822
f 2822/2822 2821/2821 2823/2823
f 2822/2822 2823/2823 2824/2824
f 2824/2824 2823/2823 2825/2825
f 2824/2824 2825/2825 2826/2826
f 2826/2826 2825/2825 2827/2827
f 2826/2826 2827/2827 2828/2828
f 2828/2828 2827/2827 2829/2829
f 2828/2828 2829/2829 2830/2830
f 2830/2830 2829/2829 2831/2831
f 2830/2830 2831/2831 2832/2832
f 2832/2832 2831/2831 2833/2833
f 2832/2832 2833/2833 2834/2834
f 2834/2834 2833/2833 2835/2835
f 2834/2834 2835/2835 2836/2836
f 2836/2836 2835/2835 2837/2837
f 2836/2836 2837/2837 2838/2838
f 2838/2838 2839/2839 2836/2836
f 2840/2840 2841/2841 2842/2842
f 2842/2842 2841/2841 2843/2843
f 2842/2842 2843/2843 2844/2844
f 2844/2844 2843/2843 2845/2845
f 2844/2844 2845/2845 2846/2846
f 2846/2846 2845/2845 2847/2847
f 2848/2848 2849/2849 2850/2850
f 2850/2850 2849/2849 2851/2851
f 2850/2850 2851/2851 2852/2852
f 2852/2852 2851/2851 2853/2853
f 2852/2852 2853/2853 2854/2854
f 2854/2854 2853/2853 2855/2855
f 2854/2854 2855/2855 2856/2856
f 2856/2856 2855/2855 2857/2857
f 2856/2856 2857/2857 2858/2858
f 2858/2858 2857/2857 2859/2859
f 2860/2860 2861/2861 2862/2862
f 2862/2862 2861/2861 2863/2863
f 2862/2862 2863/2863 2864/2864
f 2864/2864 2863/2863 2865/2865
f 2864/2864 2865/2865 2866/2866
f 2866/2866 2865/2865 2867/2867
f 2868/2868 2869/2869 2870/2870
f 2870/2870 2869/2869 2871/2871
f 2870/2870 2871/2871 2872/2872
f 2872/2872 2871/2871 2873/2873
f 2873/2873 2871/2871 2874/2874
f 2873/2873 2874/2874 2875/2875
f 2875/2875 2874/2874 2876/2876
f 2876/2876 2874/2874 2877/2877
f 2877/2877 2874/2874 2878/2878
f 2878/2878 2874/2874 2879/2879
f 2878/2878 2879/2879 2880/2880
f 2880/2880 2879/2879 2881/2881
f 2881/2881 2879/2879 2882/2882
f 2882/2882 2879/2879 2883/2883
f 2882/2882 2883/2883 2884/2884
f 2884/2884 2883/2883 2869/2869
f 2884/2884 2869/2869 2868/2868
f 2879/2879 2885/2885 2883/2883
f 2883/2883 2885/2885 2886/2886
f 2887/2887 2888/2888 2889/2889
f 2889/2889 2888/2888 2890/2890
f 2889/2889 2890/2890 2891/2891
f 2890/2890 2888/2888 2892/2892
f 2892/2892 2888/2888 2893/2893
f 2892/2892 2893/2893 2894/2894
f 2894/2894 2893/2893 2895/2895
f 2894/2894 2895/2895 2896/2896
f 2896/2896 2895/2895 2897/2897
f 2896/2896 2897/2897 2898/2898
f 2898/2898 2897/2897 2899/2899
f 2898/2898 2899/2899 2900/2900
f 2900/2900 2899/2899 2901/2901
f 2900/2900 2902/2902 2898/2898
f 2898/2898 2902/2902 2903/2903
f 2903/2903 2902/2902 2904/2904
f 2903/2903 2904/2904 2905/2905
f 2902/2902 2906/2906 2904/2904
f 2903/2903 2905/2905 2907/2907
f 2907/2907 2905/2905 2908/2908
f 2907/2907 2908/2908 2909/2909
f 2909/2909 2908/2908 2910/2910
f 2909/2909 2910/2910 2911/2911
f 2911/2911 2910/2910 2912/2912
f 2911/2911 2912/2912 2913/2913
f 2913/2913 2912/2912 2914/2914
f 2913/2913 2914/2914 2915/2915
f 2912/2912 2916/2916 2914/2914
f 2917/2917 2918/2918 2915/2915
f 2915/2915 2918/2918 2919/2919
f 2915/2915 2919/2919 2913/2913
f 2919/2919 2918/2918 2920/2920
f 2920/2920 2918/2918 2921/2921
f 2920/2920 2921/2921 2922/2922
f 2922/2922 2921/2921 2923/2923
f 2922/2922 2923/2923 2924/2924
f 2924/2924 2923/2923 2925/2925
f 2924/2924 2925/2925 2926/2926
f 2926/2926 2925/2925 2927/2927
f 2926/2926 2927/2927 2928/2928
f 2928/2928 2927/2927 2929/2929
f 2928/2928 2930/2930 2926/2926
f 2926/2926 2930/2930 2931/2931
f 2931/2931 2930/2930 2932/2932
f 2931/2931 2932/2932 2933/2933
f 2930/2930 2934/2934 2932/2932
f 2931/2931 2933/2933 2935/2935
f 2935/2935 2933/2933 2936/2936
f 2935/2935 2936/2936 2937/2937
f 2937/2937 2936/2936 2938/2938
f 2937/2937 2938/2938 2939/2939
f 2939/2939 2938/2938 2940/2940
f 2939/2939 2940/2940 2891/2891
f 2891/2891 2940/2940 2941/2941
f 2891/2891 2941/2941 2889/2889
f 2940/2940 2942/2942 2941/2941
f 2943/2943 2944/2944 2945/2945
f 2945/2945 2944/2944 2946/2946
f 2945/2945 2946/2946 2947/2947
f 2947/2947 2946/2946 2948/2948
f 2947/2947 2948/2948 2949/2949
f 2949/2949 2948/2948 2950/2950
f 2951/2951 2952/2952 2953/2953
f 2953/2953 2952/2952 2954/2954
f 2953/2953 2954/2954 2955/2955
f 2955/2955 2954/2954 2956/2956
f 2955/2955 2956/2956 2957/2957
f 2957/2957 2956/2956 2958/2958
f 2957/2957 2958/2958 2959/2959
f 2959/2959 2958/2958 2960/2960
f 2959/2959 2960/2960 2961/2961
f 2961/2961 2960/2960 2962/2962
f 2963/2963 2964/2964 2965/2965
f 2965/2965 2964/2964 2966/2966
f 2965/2965 2966/2966 2967/2967
f 2967/2967 2966/2966 2968/2968
f 2967/2967 2968/2968 2969/2969
f 2969/2969 2968/2968 2970/2970
f 2971/2971 2972/2972 2973/2973
f 2973/2973 2972/2972 2974/2974
f 2973/2973 2974/2974 2975/2975
f 2971/2971 2976/2976 2972/2972
f 2975/2975 2977/2977 2973/2973
f 2978/2978 2979/2979 2980/2980
f 2980/2980 2979/2979 2981/2981
f 2980/2980 2981/2981 2982/2982
f 2982/2982 2981/2981 2983/2983
f 2982/2982 2983/2983 2984/2984
f 2984/2984 2983/2983 2985/2985
f 2986/2986 2987/2987 2988/2988
f 2988/2988 2987/2987 2989/2989
f 2988/2988 2989/2989 2990/2990
f 2986/2986 2991/2991 2987/2987
f 2990/2990 2992/2992 2988/2988
f 2993/2993 2994/2994 2995/2995
f 2995/2995 2994/2994 2996/2996
f 2995/2995 2996/2996 2997/2997
f 2997/2997 2996/2996 2998/2998
f 2997/2997 2998/2998 2999/2999
f 2999/2999 2998/2998 3000/3000
f 3001/3001 3002/3002 3003/3003
f 3003/3003 3002/3002 3004/3004
f 3003/3003 3004/3004 3005/3005
f 3005/3005 3004/3004 3006/3006
f 3005/3005 3006/3006 3007/3007
f 3007/3007 3006/3006 3008/3008
f 3007/3007 3008/3008 3009/3009
f 3009/3009 3008/3008 3010/3010
f 3009/3009 3010/3010 3011/3011
f 3011/3011 3010/3010 3012/3012
f 3011/3011 3012/3012 3013/3013
f 3013/3013 3012/3012 3014/3014
f 3013/3013 3014/3014 3015/3015
f 3015/3015 3014/3014 3016/3016
f 3015/3015 3016/3016 3017/3017
f 3017/3017 3016/3016 3018/3018
f 3017/3017 3018/3018 3019/3019
f 3019/3019 3018/3018 3020/3020
f 3019/3019 3020/3020 3021/3021
f 3021/3021 3022/3022 3019/3019
f 3023/3023 3024/3024 3025/3025
f 3025/3025 3024/3024 3026/3026
f 3025/3025 3026/3026 3027/3027
f 3027/3027 3026/3026 3028/3028
f 3027/3027 3028/3028 3029/3029
f 3029/3029 3028/3028 3030/3030
f 3031/3031 3032/3032 3033/3033
f 3033/3033 3032/3032 3034/3034
f 3034/3034 3032/3032 3035/3035
f 3035/3035 3032/3032 3036/3036
f 3035/3035 3036/3036 3037/3037
f 3037/3037 3036/3036 3038/3038
f 3037/3037 3038/3038 3039/3039
f 3039/3039 3038/3038 3040/3040
f 3039/3039 3040/3040 3041/3041
f 3041/3041 3040/3040 3042/3042
f 3041/3041 3042/3042 3043/3043
f 3043/3043 3042/3042 3044/3044
f 3043/3043 3044/3044 3045/3045
f 3045/3045 3044/3044 3046/3046
f 3045/3045 3046/3046 3047/3047
f 3047/3047 3046/3046 3048/3048
f 3047/3047 3048/3048 3049/3049
f 3049/3049 3048/3048 3050/3050
f 3049/3049 3050/3050 3051/3051
f 3051/3051 3050/3050 3052/3052
f 3053/3053 3054/3054 3055/3055
f 3055/3055 3054/3054 3056/3056
f 3055/3055 3056/3056 3057/3057
f 3057/3057 3056/3056 3058/3058
f 3057/3057 3058/3058 3059/3059
f 3059/3059 3058/3058 3060/3060
f 3061/3061 3062/3062 3063/3063
f 3063/3063 3062/3062 3064/3064
f 3063/3063 3064/3064 3065/3065
f 3061/3061 3066/3066 3062/3062
f 3065/3065 3067/3067 3063/3063
f 3068/3068 3069/3069 3070/3070
f 3070/3070 3069/3069 3071/3071
f 3070/3070 3071/3071 3072/3072
f 3072/3072 3071/3071 3073/3073
f 3072/3072 3073/3073 3074/3074
f 3074/3074 3073/3073 3075/3075
f 3076/3076 3077/3077 3078/3078
f 3078/3078 3077/3077 3079/3079
f 3078/3078 3079/3079 3080/3080
f 3080/3080 3079/3079 3081/3081
f 3081/3081 3079/3079 3082/3082
f 3082/3082 3079/3079 3083/3083
f 3082/3082 3083/3083 3084/3084
f 3084/3084 3083/3083 3085/3085
f 3084/3084 3085/3085 3086/3086
f 3086/3086 3085/3085 3087/3087
f 3087/3087 3085/3085 3088/3088
f 3087/3087 3088/3088 3089/3089
f 3089/3089 3088/3088 3090/3090
f 3090/3090 3088/3088 3077/3077
f 3090/3090 3077/3077 3091/3091
f 3091/3091 3077/3077 3092/3092
f 3092/3092 3077/3077 3076/3076
f 3079/3079 3093/3093 3083/3083
f 3083/3083 3093/3093 3094/3094
f 3095/3095 3096/3096 3097/3097
f 3097/3097 3096/3096 3098/3098
f 3097/3097 3098/3098 3099/3099
f 3099/3099 3098/3098 3100/3100
f 3099/3099 3100/3100 3101/3101
f 3101/3101 3100/3100 3102/3102
f 3103/3103 3104/3104 3105/3105
f 3105/3105 3104/3104 3106/3106
f 3106/3106 3104/3104 3107/3107
f 3107/3107 3104/3104 3108/3108
f 3107/3107 3108/3108 3109/3109
f 3109/3109 3108/3108 3110/3110
f 3109/3109 3110/3110 3111/3111
f 3111/3111 3110/3110 3112/3112
f 3111/3111 3112/3112 3113/3113
f 3113/3113 3112/3112 3114/3114
f 3115/3115 3116/3116 3117/3117
f 3117/3117 3116/3116 3118/3118
f 3117/3117 3118/3118 3119/3119
f 3119/3119 3118/3118 3120/3120
f 3119/3119 3120/3120 3121/3121
f 3121/3121 3120/3120 3122/3122
f 3123/3123 3124/3124 3125/3125
f 3125/3125 3124/3124 3126/3126
f 3125/3125 3126/3126 3127/3127
f 3127/3127 3126/3126 3128/3128
f 3127/3127 3128/3128 3129/3129
f 3129/3129 3128/3128 3130/3130
f 3131/3131 3132/3132 3133/3133
f 3133/3133 3132/3132 3134/3134
f 3133/3133 3134/3134 3135/3135
f 3135/3135 3134/3134 3136/3136
f 3135/3135 3136/3136 3137/3137
f 3137/3137 3136/3136 3138/3138
f 3138/3138 3136/3136 3139/3139
f 3138/3138 3139/3139 3140/3140
f 3140/3140 3139/3139 3141/3141
f 3140/3140 3141/3141 3142/3142
f 3142/3142 3141/3141 3143/3143
f 3142/3142 3143/3143 3144/3144
f 3142/3142 3144/3144 3145/3145
f 3145/3145 3144/3144 3146/3146
f 3145/3145 3146/3146 3147/3147
f 3148/3148 3149/3149 3140/3140
f 3140/3140 3149/3149 3150/3150
f 3140/3140 3150/3150 3151/3151
f 3152/3152 3153/3153 3148/3148
f 3148/3148 3153/3153 3149/3149
f 3151/3151 3138/3138 3140/3140
f 3154/3154 3155/3155 3156/3156
f 3156/3156 3155/3155 3157/3157
f 3157/3157 3155/3155 3158/3158
f 3158/3158 3155/3155 3159/3159
f 3158/3158 3159/3159 3160/3160
f 3160/3160 3159/3159 3161/3161
f 3160/3160 3161/3161 3162/3162
f 3162/3162 3161/3161 3163/3163
f 3162/3162 3163/3163 3164/3164
f 3164/3164 3163/3163 3165/3165
f 3166/3166 3167/3167 3168/3168
f 3168/3168 3167/3167 3169/3169
f 3168/3168 3169/3169 3170/3170
f 3170/3170 3169/3169 3171/3171
f 3170/3170 3171/3171 3172/3172
f 3172/3172 3171/3171 3173/3173
f 3174/3174 3175/3175 3176/3176
f 3176/3176 3175/3175 3177/3177
f 3177/3177 3175/3175 3178/3178
f 3178/3178 3175/3175 3179/3179
f 3178/3178 3179/3179 3180/3180
f 3180/3180 3179/3179 3181/3181
f 3180/3180 3181/3181 3182/3182
f 3182/3182 3181/3181 3183/3183
f 3182/3182 3183/3183 3184/3184
f 3184/3184 3183/3183 3185/3185
f 3184/3184 3185/3185 3186/3186
f 3186/3186 3185/3185 3187/3187
f 3186/3186 3187/3187 3188/3188
f 3188/3188 3187/3187 3189/3189
f 3188/3188 3189/3189 3190/3190
f 3190/3190 3189/3189 3191/3191
f 3190/3190 3191/3191 3192/3192
f 3192/3192 3191/3191 3193/3193
f 3192/3192 3193/3193 3194/3194
f 3194/3194 3193/3193 3195/3195
f 3196/3196 3197/3197 3198/3198
f 3198/3198 3197/3197 3199/3199
f 3198/3198 3199/3199 3200/3200
f 3200/3200 3199/3199 3201/3201
f 3200/3200 3201/3201 3202/3202
f 3202/3202 3201/3201 3203/3203
f 3204/3204 3205/3205 3206/3206
f 3206/3206 3205/3205 3207/3207
f 3206/3206 3207/3207 3208/3208
f 3206/3206 3208/3208 3209/3209
f 3209/3209 3208/3208 3210/3210
f 3209/3209 3210/3210 3211/3211
f 3211/3211 3210/3210 3212/3212
f 3211/3211 3212/3212 3213/3213
f 3213/3213 3212/3212 3214/3214
f 3213/3213 3214/3214 3215/3215
f 3216/3216 3217/3217 3218/3218
f 3218/3218 3217/3217 3219/3219
f 3220/3220 3221/3221 3222/3222
f 3222/3222 3221/3221 3223/3223
f 3222/3222 3223/3223 3224/3224
f 3220/3220 3225/3225 3221/3221
f 3224/3224 3226/3226 3222/3222
f 3227/3227 3228/3228 3229/3229
f 3229/3229 3228/3228 3230/3230
f 3229/3229 3230/3230 3231/3231
f 3231/3231 3230/3230 3232/3232
f 3232/3232 3230/3230 3233/3233
f 3234/3234 3235/3235 3236/3236
f 3236/3236 3235/3235 3237/3237
f 3236/3236 3237/3237 3238/3238
f 3238/3238 3237/3237 3239/3239
f 3238/3238 3239/3239 3240/3240
f 3240/3240 3239/3239 3241/3241
f 3240/3240 3241/3241 3242/3242
f 3242/3242 3241/3241 3243/3243
f 3244/3244 3245/3245 3246/3246
f 3246/3246 3245/3245 3247/3247
f 3246/3246 3247/3247 3248/3248
f 3248/3248 3247/3247 3249/3249
f 3248/3248 3249/3249 3250/3250
f 3250/3250 3249/3249 3251/3251
f 3250/3250 3251/3251 3252/3252
f 3252/3252 3251/3251 3253/3253
f 3254/3254 3255/3255 3256/3256
f 3256/3256 3255/3255 3257/3257
f 3256/3256 3257/3257 3258/3258
f 3258/3258 3257/3257 3259/3259
f 3259/3259 3257/3257 3260/3260
f 3260/3260 3257/3257 3261/3261
f 3261/3261 3257/3257 3262/3262
f 3261/3261 3262/3262 3263/3263
f 3264/3264 3265/3265 3266/3266
f 3266/3266 3265/3265 3267/3267
f 3267/3267 3265/3265 3268/3268
f 3267/3267 3268/3268 3269/3269
f 3269/3269 3270/3270 3267/3267
f 3267/3267 3270/3270 3271/3271
f 3267/3267 3271/3271 3272/3272
f 3272/3272 3271/3271 3273/3273
f 3272/3272 3273/3273 3274/3274
f 3274/3274 3275/3275 3272/3272
f 3272/3272 3275/3275 3276/3276
f 3276/3276 3275/3275 3277/3277
f 3276/3276 3277/3277 3278/3278
f 3272/3272 3279/3279 3267/3267
f 3267/3267 3279/3279 3280/3280
f 3267/3267 3280/3280 3281/3281
f 3267/3267 3281/3281 3282/3282
f 3282/3282 3281/3281 3283/3283
f 3282/3282 3283/3283 3284/3284
f 3285/3285 3286/3286 3287/3287
f 3287/3287 3286/3286 3288/3288
f 3287/3287 3288/3288 3289/3289
f 3289/3289 3288/3288 3290/3290
f 3289/3289 3290/3290 3291/3291
f 3291/3291 3290/3290 3292/3292
f 3293/3293 3294/3294 3295/3295
f 3295/3295 3294/3294 3296/3296
f 3295/3295 3296/3296 3297/3297
f 3297/3297 3296/3296 3298/3298
f 3297/3297 3298/3298 3299/3299
f 3299/3299 3298/3298 3300/3300
f 3301/3301 3302/3302 3303/3303
f 3303/3303 3302/3302 3304/3304
f 3305/3305 3306/3306 3307/3307
f 3307/3307 3306/3306 3308/3308
f 3309/3309 3310/3310 3311/3311
f 3311/3311 3310/3310 3312/3312
f 3311/3311 3312/3312 3313/3313
f 3309/3309 3314/3314 3310/3310
f 3313/3313 3315/3315 3311/3311
f 3316/3316 3317/3317 3318/3318
f 3318/3318 3317/3317 3319/3319
f 3318/3318 3319/3319 3320/3320
f 3320/3320 3319/3319 3321/3321
f 3320/3320 3321/3321 3322/3322
f 3322/3322 3321/3321 3323/3323
f 3322/3322 3323/3323 3324/3324
f 3324/3324 3323/3323 3325/3325
f 3326/3326 3327/3327 3328/3328
f 3328/3328 3327/3327 3329/3329
f 3328/3328 3329/3329 3330/3330
f 3330/3330 3329/3329 3331/3331
f 3330/3330 3331/3331 3332/3332
f 3332/3332 3331/3331 3333/3333
f 3332/3332 3333/3333 3334/3334
f 3334/3334 3333/3333 3335/3335
f 3336/3336 3337/3337 3338/3338
f 3338/3338 3337/3337 3339/3339
f 3340/3340 3341/3341 3342/3342
f 3342/3342 3341/3341 3343/3343
f 3343/3343 3341/3341 3344/3344
f 3343/3343 3344/3344 3345/3345
f 3345/3345 3344/3344 3346/3346
f 3345/3345 3346/3346 3347/3347
f 3347/3347 3346/3346 3348/3348
f 3347/3347 3348/3348 3349/3349
f 3349/3349 3348/3348 3350/3350
f 3349/3349 3350/3350 3351/3351
f 3352/3352 3353/3353 3354/3354
f 3354/3354 3353/3353 3355/3355
f 3355/3355 3353/3353 3356/3356
f 3355/3355 3356/3356 3357/3357
f 3357/3357 3356/3356 3358/3358
f 3357/3357 3358/3358 3359/3359
f 3359/3359 3358/3358 3360/3360
f 3359/3359 3360/3360 3361/3361
f 3361/3361 3360/3360 3362/3362
f 3361/3361 3362/3362 3363/3363
f 3363/3363 3362/3362 3364/3364
f 3364/3364 3362/3362 3365/3365
f 3364/3364 3365/3365 3366/3366
f 3364/3364 3366/3366 3367/3367
f 3367/3367 3366/3366 3368/3368
f 3367/3367 3368/3368 3369/3369
f 3369/3369 3368/3368 3370/3370
f 3369/3369 3370/3370 3371/3371
f 3371/3371 3370/3370 3372/3372
f 3372/3372 3370/3370 3373/3373
f 3374/3374 3375/3375 3376/3376
f 3376/3376 3375/3375 3377/3377
f 3376/3376 3377/3377 3378/3378
f 3378/3378 3377/3377 3379/3379
f 3379/3379 3377/3377 3380/3380
f 3381/3381 3382/3382 3383/3383
f 3383/3383 3382/3382 3384/3384
f 3383/3383 3384/3384 3385/3385
f 3385/3385 3384/3384 3386/3386
f 3385/3385 3386/3386 3387/3387
f 3387/3387 3386/3386 3388/3388
f 3387/3387 3388/3388 3389/3389
f 3389/3389 3388/3388 3390/3390
f 3391/3391 3392/3392 3393/3393
f 3393/3393 3392/3392 3394/3394
f 3395/3395 3396/3396 3397/3397
f 3397/3397 3396/3396 3398/3398
f 3399/3399 3400/3400 3401/3401
f 3401/3401 3400/3400 3402/3402
f 3401/3401 3402/3402 3403/3403
f 3403/3403 3402/3402 3404/3404
f 3403/3403 3404/3404 3405/3405
f 3405/3405 3404/3404 3406/3406
f 3405/3405 3406/3406 3407/3407
f 3404/3404 3408/3408 3406/3406
f 3409/3409 3410/3410 3407/3407
f 3407/3407 3410/3410 3411/3411
f 3407/3407 3411/3411 3405/3405
f 3405/3405 3411/3411 3412/3412
f 3412/3412 3411/3411 3413/3413
f 3412/3412 3413/3413 3409/3409
f 3409/3409 3413/3413 3410/3410
f 3412/3412 3409/3409 3414/3414
f 3414/3414 3409/3409 3401/3401
f 3414/3414 3401/3401 3403/3403
f 3415/3415 3416/3416 3417/3417
f 3417/3417 3416/3416 3418/3418
f 3417/3417 3418/3418 3419/3419
f 3419/3419 3418/3418 3420/3420
f 3419/3419 3420/3420 3421/3421
f 3421/3421 3420/3420 3422/3422
f 3423/3423 3424/3424 3425/3425
f 3425/3425 3424/3424 3426/3426
f 3425/3425 3426/3426 3427/3427
f 3427/3427 3426/3426 3428/3428
f 3427/3427 3428/3428 3429/3429
f 3429/3429 3428/3428 3430/3430
f 3431/3431 3432/3432 3433/3433
f 3433/3433 3432/3432 3434/3434
f 3433/3433 3434/3434 3435/3435
f 3435/3435 3434/3434 3436/3436
f 3435/3435 3436/3436 3437/3437
f 3437/3437 3436/3436 3438/3438
f 3437/3437 3438/3438 3439/3439
f 3439/3439 3438/3438 3440/3440
f 3441/3441 3442/3442 3443/3443
f 3443/3443 3442/3442 3444/3444
f 3445/3445 3446/3446 3447/3447
f 3447/3447 3446/3446 3448/3448
f 3448/3448 3446/3446 3449/3449
f 3448/3448 3449/3449 3450/3450
f 3450/3450 3449/3449 3451/3451
f 3450/3450 3451/3451 3452/3452
f 3452/3452 3451/3451 3453/3453
f 3452/3452 3453/3453 3454/3454
f 3454/3454 3453/3453 3455/3455
f 3454/3454 3455/3455 3456/3456
f 3457/3457 3458/3458 3459/3459
f 3459/3459 3458/3458 3460/3460
f 3460/3460 3458/3458 3461/3461
f 3460/3460 3461/3461 3462/3462
f 3462/3462 3461/3461 3463/3463
f 3462/3462 3463/3463 3464/3464
f 3464/3464 3463/3463 3465/3465
f 3464/3464 3465/3465 3466/3466
f 3466/3466 3465/3465 3467/3467
f 3466/3466 3467/3467 3468/3468
f 3468/3468 3467/3467 3469/3469
f 3469/3469 3467/3467 3470/3470
f 3469/3469 3470/3470 3471/3471
f 3469/3469 3471/3471 3472/3472
f 3472/3472 3471/3471 3473/3473
f 3472/3472 3473/3473 3474/3474
f 3474/3474 3473/3473 3475/3475
f 3474/3474 3475/3475 3476/3476
f 3476/3476 3475/3475 3477/3477
f 3477/3477 3475/3475 3478/3478
f 3479/3479 3480/3480 3481/3481
f 3481/3481 3480/3480 3482/3482
f 3481/3481 3482/3482 3483/3483
f 3483/3483 3482/3482 3484/3484
f 3483/3483 3484/3484 3485/3485
f 3485/3485 3484/3484 3486/3486
f 3485/3485 3486/3486 3487/3487
f 3487/3487 3486/3486 3488/3488
f 3489/3489 3490/3490 3491/3491
f 3491/3491 3490/3490 3492/3492
f 3491/3491 3492/3492 3493/3493
f 3493/3493 3492/3492 3494/3494
f 3494/3494 3492/3492 3495/3495
f 3496/3496 3497/3497 3498/3498
f 3498/3498 3497/3497 3499/3499
f 3500/3500 3501/3501 3502/3502
f 3502/3502 3501/3501 3503/3503
f 3502/3502 3503/3503 3504/3504
f 3504/3504 3503/3503 3505/3505
f 3504/3504 3505/3505 3506/3506
f 3506/3506 3505/3505 3507/3507
f 3506/3506 3507/3507 3508/3508
f 3508/3508 3507/3507 3509/3509
f 3510/3510 3511/3511 3512/3512
f 3512/3512 3511/3511 3513/3513
f 3512/3512 3513/3513 3514/3514
f 3514/3514 3513/3513 3515/3515
f 3514/3514 3515/3515 3516/3516
f 3516/3516 3515/3515 3517/3517
f 3516/3516 3517/3517 3518/3518
f 3518/3518 3517/3517 3519/3519
f 3520/3520 3521/3521 3522/3522
f 3522/3522 3521/3521 3523/3523
f 3522/3522 3523/3523 3524/3524
f 3524/3524 3523/3523 3525/3525
f 3524/3524 3525/3525 3526/3526
f 3526/3526 3525/3525 3527/3527
f 3528/3528 3529/3529 3530/3530
f 3530/3530 3529/3529 3531/3531
f 3530/3530 3531/3531 3532/3532
f 3532/3532 3531/3531 3533/3533
f 3533/3533 3531/3531 3534/3534
f 3534/3534 3531/3531 3535/3535
f 3535/3535 3531/3531 3536/3536
f 3535/3535 3536/3536 3537/3537
f 3538/3538 3539/3539 3540/3540
f 3540/3540 3539/3539 3541/3541
f 3540/3540 3541/3541 3542/3542
f 3540/3540 3542/3542 3543/3543
f 3543/3543 3542/3542 3544/3544
f 3543/3543 3544/3544 3545/3545
f 3545/3545 3544/3544 3546/3546
f 3545/3545 3546/3546 3547/3547
f 3547/3547 3546/3546 3548/3548
f 3547/3547 3548/3548 3549/3549
f 3550/3550 3551/3551 3552/3552
f 3552/3552 3551/3551 3553/3553
f 3554/3554 3555/3555 3556/3556
f 3556/3556 3555/3555 3557/3557
f 3556/3556 3557/3557 3558/3558
f 3556/3556 3558/3558 3559/3559
f 3559/3559 3558/3558 3560/3560
f 3559/3559 3560/3560 3561/3561
f 3561/3561 3560/3560 3562/3562
f 3561/3561 3562/3562 3563/3563
f 3563/3563 3562/3562 3564/3564
f 3563/3563 3564/3564 3565/3565
f 3565/3565 3564/3564 3566/3566
f 3566/3566 3564/3564 3567/3567
f 3566/3566 3567/3567 3568/3568
f 3566/3566 3568/3568 3569/3569
f 3569/3569 3568/3568 3570/3570
f 3569/3569 3570/3570 3571/3571
f 3571/3571 3570/3570 3572/3572
f 3571/3571 3572/3572 3573/3573
f 3573/3573 3572/3572 3574/3574
f 3573/3573 3574/3574 3575/3575
f 3576/3576 3577/3577 3578/3578
f 3578/3578 3577/3577 3579/3579
f 3578/3578 3579/3579 3580/3580
f 3576/3576 3581/3581 3577/3577
f 3577/3577 3581/3581 3582/3582
f 3582/3582 3581/3581 3583/3583
f 3582/3582 3583/3583 3584/3584
f 3585/3585 3586/3586 3581/3581
f 3581/3581 3586/3586 3587/3587
f 3581/3581 3587/3587 3583/3583
f 3583/3583 3587/3587 3588/3588
f 3588/3588 3587/3587 3589/3589
f 3588/3588 3589/3589 3590/3590
f 3590/3590 3589/3589 3591/3591
f 3590/3590 3591/3591 3592/3592
f 3585/3585 3593/3593 3586/3586
f 3586/3586 3593/3593 3594/3594
f 3594/3594 3593/3593 3595/3595
f 3582/3582 3584/3584 3596/3596
f 3596/3596 3584/3584 3597/3597
f 3596/3596 3597/3597 3598/3598
f 3599/3599 3600/3600 3601/3601
f 3601/3601 3600/3600 3602/3602
f 3601/3601 3602/3602 3603/3603
f 3603/3603 3602/3602 3604/3604
f 3603/3603 3604/3604 3605/3605
f 3605/3605 3604/3604 3606/3606
f 3605/3605 3606/3606 3607/3607
f 3607/3607 3606/3606 3608/3608
f 3609/3609 3610/3610 3611/3611
f 3611/3611 3610/3610 3612/3612
f 3611/3611 3612/3612 3613/3613
f 3613/3613 3612/3612 3614/3614
f 3613/3613 3614/3614 3615/3615
f 3615/3615 3614/3614 3616/3616
f 3615/3615 3616/3616 3617/3617
f 3617/3617 3616/3616 3618/3618
f 3619/3619 3620/3620 3621/3621
f 3621/3621 3620/3620 3622/3622
f 3621/3621 3622/3622 3623/3623
f 3623/3623 3622/3622 3624/3624
f 3623/3623 3624/3624 3625/3625
f 3625/3625 3624/3624 3626/3626
f 3625/3625 3626/3626 3627/3627
f 3624/3624 3628/3628 3626/3626
f 3629/3629 3630/3630 3627/3627
f 3627/3627 3630/3630 3631/3631
f 3627/3627 3631/3631 3625/3625
f 3625/3625 3631/3631 3632/3632
f 3632/3632 3631/3631 3633/3633
f 3632/3632 3633/3633 3629/3629
f 3629/3629 3633/3633 3630/3630
f 3632/3632 3629/3629 3634/3634
f 3634/3634 3629/3629 3621/3621
f 3634/3634 3621/3621 3623/3623
f 3635/3635 3636/3636 3637/3637
f 3637/3637 3636/3636 3638/3638
f 3637/3637 3638/3638 3639/3639
f 3639/3639 3638/3638 3640/3640
f 3639/3639 3640/3640 3641/3641
f 3641/3641 3640/3640 3642/3642
f 3641/3641 3642/3642 3643/3643
f 3643/3643 3642/3642 3644/3644
f 3645/3645 3646/3646 3647/3647
f 3647/3647 3646/3646 3648/3648
f 3647/3647 3648/3648 3649/3649
f 3649/3649 3648/3648 3650/3650
f 3649/3649 3650/3650 3651/3651
f 3651/3651 3650/3650 3652/3652
f 3651/3651 3652/3652 3653/3653
f 3653/3653 3652/3652 3654/3654
f 3655/3655 3656/3656 3657/3657
f 3657/3657 3656/3656 3658/3658
f 3658/3658 3656/3656 3659/3659
f 3658/3658 3659/3659 3660/3660
f 3660/3660 3659/3659 3661/3661
f 3661/3661 3659/3659 3662/3662
f 3662/3662 3659/3659 3663/3663
f 3662/3662 3663/3663 3664/3664
f 3665/3665 3666/3666 3659/3659
f 3659/3659 3666/3666 3667/3667
f 3659/3659 3667/3667 3668/3668
f 3665/3665 3669/3669 3666/3666
f 3668/3668 3670/3670 3659/3659
f 3659/3659 3670/3670 3663/3663
f 3664/3664 3671/3671 3662/3662
f 3662/3662 3671/3671 3672/3672
f 3662/3662 3672/3672 3673/3673
f 3673/3673 3672/3672 3674/3674
f 3673/3673 3674/3674 3675/3675
f 3676/3676 3677/3677 3678/3678
f 3678/3678 3677/3677 3679/3679
f 3680/3680 3681/3681 3682/3682
f 3682/3682 3681/3681 3683/3683
f 3682/3682 3683/3683 3684/3684
f 3684/3684 3683/3683 3685/3685
f 3684/3684 3685/3685 3686/3686
f 3686/3686 3685/3685 3687/3687
f 3688/3688 3689/3689 3690/3690
f 3690/3690 3689/3689 3691/3691
f 3690/3690 3691/3691 3692/3692
f 3690/3690 3692/3692 3693/3693
f 3693/3693 3692/3692 3694/3694
f 3693/3693 3694/3694 3695/3695
f 3693/3693 3695/3695 3696/3696
f 3696/3696 3695/3695 3697/3697
f 3696/3696 3697/3697 3698/3698
f 3698/3698 3697/3697 3699/3699
f 3698/3698 3699/3699 3700/3700
f 3700/3700 3699/3699 3701/3701
f 3700/3700 3702/3702 3698/3698
f 3698/3698 3702/3702 3703/3703
f 3698/3698 3703/3703 3696/3696
f 3696/3696 3703/3703 3704/3704
f 3696/3696 3704/3704 3693/3693
f 3693/3693 3704/3704 3690/3690
f 3702/3702 3705/3705 3703/3703
f 3703/3703 3705/3705 3706/3706
f 3703/3703 3706/3706 3704/3704
f 3704/3704 3706/3706 3688/3688
f 3704/3704 3688/3688 3690/3690
f 3707/3707 3708/3708 3709/3709
f 3709/3709 3708/3708 3710/3710
f 3709/3709 3710/3710 3711/3711
f 3711/3711 3710/3710 3712/3712
f 3711/3711 3712/3712 3713/3713
f 3713/3713 3712/3712 3714/3714
f 3715/3715 3716/3716 3717/3717
f 3717/3717 3716/3716 3718/3718
f 3717/3717 3718/3718 3719/3719
f 3719/3719 3718/3718 3720/3720
f 3719/3719 3720/3720 3721/3721
f 3721/3721 3720/3720 3722/3722
f 3721/3721 3722/3722 3723/3723
f 3723/3723 3722/3722 3724/3724
f 3724/3724 3722/3722 3725/3725
f 3724/3724 3725/3725 3726/3726
f 3726/3726 3725/3725 3727/3727
f 3727/3727 3725/3725 3728/3728
f 3728/3728 3725/3725 3729/3729
f 3728/3728 3729/3729 3730/3730
f 3730/3730 3729/3729 3731/3731
f 3730/3730 3731/3731 3732/3732
f 3732/3732 3731/3731 3733/3733
f 3733/3733 3731/3731 3718/3718
f 3733/3733 3718/3718 3716/3716
f 3720/3720 3718/3718 3731/3731
f 3722/3722 3720/3720 3729/3729
f 3729/3729 3720/3720 3731/3731
f 3725/3725 3722/3722 3729/3729
f 3734/3734 3735/3735 3736/3736
f 3736/3736 3735/3735 3737/3737
f 3736/3736 3737/3737 3738/3738
f 3738/3738 3737/3737 3739/3739
f 3738/3738 3739/3739 3740/3740
f 3740/3740 3739/3739 3741/3741
f 3742/3742 3743/3743 3744/3744
f 3744/3744 3743/3743 3745/3745
f 3744/3744 3745/3745 3746/3746
f 3746/3746 3745/3745 3747/3747
f 3746/3746 3747/3747 3748/3748
f 3748/3748 3747/3747 3749/3749
f 3748/3748 3749/3749 3750/3750
f 3750/3750 3749/3749 3751/3751
f 3751/3751 3749/3749 3752/3752
f 3751/3751 3752/3752 3753/3753
f 3753/3753 3752/3752 3754/3754
f 3754/3754 3752/3752 3755/3755
f 3755/3755 3752/3752 3756/3756
f 3755/3755 3756/3756 3757/3757
f 3757/3757 3756/3756 3758/3758
f 3757/3757 3758/3758 3759/3759
f 3759/3759 3758/3758 3760/3760
f 3760/3760 3758/3758 3745/3745
f 3760/3760 3745/3745 3743/3743
f 3747/3747 3745/3745 3758/3758
f 3749/3749 3747/3747 3756/3756
f 3756/3756 3747/3747 3758/3758
f 3752/3752 3749/3749 3756/3756
f 3761/3761 3762/3762 3763/3763
f 3763/3763 3762/3762 3764/3764
f 3763/3763 3764/3764 3765/3765
f 3765/3765 3764/3764 3766/3766
f 3765/3765 3766/3766 3767/3767
f 3767/3767 3766/3766 3768/3768
f 3769/3769 3770/3770 3771/3771
f 3771/3771 3770/3770 3772/3772
f 3771/3771 3772/3772 3773/3773
f 3773/3773 3772/3772 3774/3774
f 3773/3773 3774/3774 3775/3775
f 3775/3775 3774/3774 3776/3776
f 3775/3775 3776/3776 3777/3777
f 3777/3777 3776/3776 3778/3778
f 3778/3778 3776/3776 3779/3779
f 3778/3778 3779/3779 3780/3780
f 3780/3780 3779/3779 3781/3781
f 3781/3781 3779/3779 3782/3782
f 3782/3782 3779/3779 3783/3783
f 3782/3782 3783/3783 3784/3784
f 3784/3784 3783/3783 3785/3785
f 3784/3784 3785/3785 3786/3786
f 3786/3786 3785/3785 3787/3787
f 3787/3787 3785/3785 3772/3772
f 3787/3787 3772/3772 3770/3770
f 3774/3774 3772/3772 3785/3785
f 3776/3776 3774/3774 3783/3783
f 3783/3783 3774/3774 3785/3785
f 3779/3779 3776/3776 3783/3783
f 3788/3788 3789/3789 3790/3790
f 3790/3790 3789/3789 3791/3791
f 3790/3790 3791/3791 3792/3792
f 3792/3792 3791/3791 3793/3793
f 3792/3792 3793/3793 3794/3794
f 3794/3794 3793/3793 3795/3795
f 3796/3796 3797/3797 3798/3798
f 3798/3798 3797/3797 3799/3799
f 3800/3800 3801/3801 3802/3802
f 3802/3802 3801/3801 3803/3803
f 3802/3802 3803/3803 3804/3804
f 3804/3804 3803/3803 3805/3805
f 3804/3804 3805/3805 3806/3806
f 3806/3806 3805/3805 3807/3807
f 3806/3806 3807/3807 3808/3808
f 3808/3808 3807/3807 3809/3809
f 3810/3810 3811/3811 3812/3812
f 3812/3812 3811/3811 3813/3813
f 3814/3814 3815/3815 3816/3816
f 3816/3816 3815/3815 3817/3817
f 3816/3816 3817/3817 3818/3818
f 3818/3818 3817/3817 3819/3819
f 3818/3818 3819/3819 3820/3820
f 3820/3820 3819/3819 3821/3821
f 3820/3820 3821/3821 3822/3822
f 3822/3822 3821/3821 3823/3823
f 3824/3824 3825/3825 3826/3826
f 3826/3826 3825/3825 3827/3827
f 3826/3826 3827/3827 3828/3828
f 3824/3824 3829/3829 3825/3825
f 3825/3825 3830/3830 3827/3827
f 3827/3827 3830/3830 3831/3831
f 3831/3831 3830/3830 3832/3832
f 3833/3833 3834/3834 3828/3828
f 3828/3828 3834/3834 3835/3835
f 3828/3828 3835/3835 3836/3836
f 3836/3836 3835/3835 3837/3837
f 3837/3837 3835/3835 3838/3838
f 3833/3833 3839/3839 3834/3834
f 3836/3836 3826/3826 3828/3828
f 3840/3840 3841/3841 3842/3842
f 3842/3842 3841/3841 3843/3843
f 3844/3844 3845/3845 3846/3846
f 3846/3846 3845/3845 3847/3847
f 3846/3846 3847/3847 3848/3848
f 3848/3848 3847/3847 3849/3849
f 3848/3848 3849/3849 3850/3850
f 3850/3850 3849/3849 3851/3851
f 3850/3850 3851/3851 3852/3852
f 3852/3852 3851/3851 3853/3853
f 3854/3854 3855/3855 3856/3856
f 3856/3856 3855/3855 3857/3857
f 3858/3858 3859/3859 3860/3860
f 3860/3860 3859/3859 3861/3861
f 3860/3860 3861/3861 3862/3862
f 3862/3862 3861/3861 3863/3863
f 3862/3862 3863/3863 3864/3864
f 3864/3864 3863/3863 3865/3865
f 3864/3864 3865/3865 3866/3866
f 3866/3866 3865/3865 3867/3867
f 3868/3868 3869/3869 3870/3870
f 3870/3870 3869/3869 3871/3871
f 3872/3872 3873/3873 3874/3874
f 3874/3874 3873/3873 3875/3875
f 3876/3876 3877/3877 3878/3878
f 3878/3878 3877/3877 3879/3879
f 3880/3880 3881/3881 3882/3882
f 3882/3882 3881/3881 3883/3883
f 3884/3884 3885/3885 3886/3886
f 3886/3886 3885/3885 3887/3887
f 3888/3888 3889/3889 3890/3890
f 3890/3890 3889/3889 3891/3891
f 3892/3892 3893/3893 3894/3894
f 3894/3894 3893/3893 3895/3895
f 3896/3896 3897/3897 3898/3898
f 3898/3898 3897/3897 3899/3899
f 3900/3900 3901/3901 3902/3902
f 3902/3902 3901/3901 3903/3903
f 3904/3904 3905/3905 3906/3906
f 3906/3906 3905/3905 3907/3907
f 3906/3906 3907/3907 3908/3908
f 3908/3908 3907/3907 3909/3909
f 3910/3910 3911/3911 3908/3908
f 3908/3908 3911/3911 3906/3906
f 3912/3912 3913/3913 3914/3914
f 3914/3914 3913/3913 3915/3915
f 3916/3916 3917/3917 3918/3918
f 3918/3918 3917/3917 3919/3919
f 3918/3918 3919/3919 3920/3920
f 3920/3920 3919/3919 3921/3921
f 3922/3922 3923/3923 3920/3920
f 3920/3920 3923/3923 3918/3918
f 3924/3924 3925/3925 3926/3926
f 3926/3926 3925/3925 3927/3927
f 3926/3926 3927/3927 3928/3928
f 3928/3928 3929/3929 3926/3926
f 3926/3926 3929/3929 3930/3930
f 3926/3926 3930/3930 3931/3931
f 3926/3926 3931/3931 3932/3932
f 3932/3932 3931/3931 3933/3933
f 3932/3932 3933/3933 3934/3934
f 3934/3934 3935/3935 3932/3932
f 3932/3932 3935/3935 3936/3936
f 3932/3932 3936/3936 3937/3937
f 3932/3932 3937/3937 3938/3938
f 3938/3938 3937/3937 3939/3939
f 3938/3938 3939/3939 3940/3940
f 3940/3940 3941/3941 3938/3938
f 3938/3938 3941/3941 3942/3942
f 3938/3938 3942/3942 3943/3943
f 3938/3938 3943/3943 3944/3944
f 3944/3944 3943/3943 3945/3945
f 3944/3944 3945/3945 3946/3946
f 3946/3946 3947/3947 3944/3944
f 3944/3944 3947/3947 3924/3924
f 3944/3944 3924/3924 3926/3926
f 3948/3948 3949/3949 3926/3926
f 3926/3926 3949/3949 3944/3944
f 3949/3949 3950/3950 3944/3944
f 3944/3944 3950/3950 3951/3951
f 3952/3952 3953/3953 3938/3938
f 3938/3938 3953/3953 3954/3954
f 3938/3938 3954/3954 3932/3932
f 3932/3932 3954/3954 3955/3955
f 3956/3956 3957/3957 3958/3958
f 3958/3958 3957/3957 3959/3959
f 3958/3958 3959/3959 3960/3960
f 3958/3958 3960/3960 3961/3961
f 3961/3961 3960/3960 3962/3962
f 3961/3961 3962/3962 3963/3963
f 3963/3963 3962/3962 3964/3964
f 3964/3964 3962/3962 3965/3965
f 3966/3966 3967/3967 3968/3968
f 3968/3968 3967/3967 3969/3969
f 3970/3970 3967/3967 3971/3971
f 3971/3971 3967/3967 3972/3972
f 3971/3971 3972/3972 3973/3973
f 3971/3971 3973/3973 3974/3974
f 3974/3974 3973/3973 3975/3975
f 3974/3974 3975/3975 3976/3976
f 3976/3976 3975/3975 3977/3977
f 3977/3977 3975/3975 3978/3978
f 3979/3979 3980/3980 3981/3981
f 3981/3981 3980/3980 3982/3982
f 3983/3983 3980/3980 3984/3984
f 3984/3984 3980/3980 3985/3985
f 3984/3984 3985/3985 3986/3986
f 3984/3984 3986/3986 3987/3987
f 3987/3987 3986/3986 3988/3988
f 3987/3987 3988/3988 3989/3989
f 3989/3989 3988/3988 3990/3990
f 3990/3990 3988/3988 3991/3991
f 3992/3992 3993/3993 3994/3994
f 3994/3994 3993/3993 3995/3995
f 3996/3996 3993/3993 3997/3997
f 3997/3997 3993/3993 3998/3998
f 3997/3997 3998/3998 3999/3999
f 3997/3997 3999/3999 4000/4000
f 4000/4000 3999/3999 4001/4001
f 4000/4000 4001/4001 4002/4002
f 4002/4002 4001/4001 4003/4003
f 4003/4003 4001/4001 4004/4004
f 4005/4005 3957/3957 4006/4006
f 4006/4006 3957/3957 4007/4007
f 4008/4008 4009/4009 4010/4010
f 4010/4010 4009/4009 4011/4011
f 4010/4010 4011/4011 4012/4012
f 4013/4013 4014/4014 4008/4008
f 4008/4008 4014/4014 4015/4015
f 4008/4008 4015/4015 4016/4016
f 4013/4013 4017/4017 4014/4014
f 4014/4014 4017/4017 4018/4018
f 4019/4019 4020/4020 4014/4014
f 4014/4014 4020/4020 4021/4021
f 4014/4014 4021/4021 4022/4022
f 4023/4023 4024/4024 4019/4019
f 4019/4019 4024/4024 4025/4025
f 4019/4019 4025/4025 4026/4026
f 4027/4027 4028/4028 4026/4026
f 4026/4026 4028/4028 4029/4029
f 4026/4026 4029/4029 4030/4030
f 4031/4031 4032/4032 4027/4027
f 4027/4027 4032/4032 4033/4033
f 4027/4027 4033/4033 4034/4034
f 4031/4031 4035/4035 4032/4032
f 4032/4032 4035/4035 4036/4036
f 4037/4037 4038/4038 4032/4032
f 4032/4032 4038/4038 4039/4039
f 4032/4032 4039/4039 4040/4040
f 4041/4041 4042/4042 4037/4037
f 4037/4037 4042/4042 4043/4043
f 4037/4037 4043/4043 4010/4010
f 4044/4044 4045/4045 4046/4046
f 4046/4046 4045/4045 4047/4047
f 4046/4046 4047/4047 4048/4048
f 4048/4048 4049/4049 4046/4046
f 4046/4046 4049/4049 4050/4050
f 4046/4046 4050/4050 4051/4051
f 4051/4051 4050/4050 4026/4026
f 4051/4051 4026/4026 4052/4052
f 4052/4052 4026/4026 4053/4053
f 4053/4053 4026/4026 4030/4030
f 4050/4050 4054/4054 4026/4026
f 4026/4026 4054/4054 4019/4019
f 4054/4054 4055/4055 4019/4019
f 4019/4019 4055/4055 4056/4056
f 4019/4019 4056/4056 4020/4020
f 4057/4057 4058/4058 4020/4020
f 4020/4020 4058/4058 4021/4021
f 4022/4022 4015/4015 4014/4014
f 4016/4016 4059/4059 4008/4008
f 4008/4008 4059/4059 4009/4009
f 4009/4009 4060/4060 4011/4011
f 4011/4011 4060/4060 4061/4061
f 4012/4012 4062/4062 4010/4010
f 4010/4010 4062/4062 4063/4063
f 4010/4010 4063/4063 4064/4064
f 4010/4010 4064/4064 4065/4065
f 4065/4065 4064/4064 4066/4066
f 4065/4065 4066/4066 4067/4067
f 4067/4067 4066/4066 4068/4068
f 4068/4068 4066/4066 4069/4069
f 4069/4069 4066/4066 4070/4070
f 4070/4070 4066/4066 4071/4071
f 4065/4065 4072/4072 4010/4010
f 4010/4010 4072/4072 4037/4037
f 4072/4072 4073/4073 4037/4037
f 4037/4037 4073/4073 4074/4074
f 4037/4037 4074/4074 4038/4038
f 4075/4075 4076/4076 4038/4038
f 4038/4038 4076/4076 4039/4039
f 4040/4040 4033/4033 4032/4032
f 4034/4034 4077/4077 4027/4027
f 4027/4027 4077/4077 4028/4028
f 4028/4028 4078/4078 4029/4029
f 4029/4029 4078/4078 4079/4079
f 4080/4080 4081/4081 4082/4082
f 4082/4082 4081/4081 4083/4083
f 4082/4082 4083/4083 4084/4084
f 4082/4082 4084/4084 4085/4085
f 4085/4085 4084/4084 4086/4086
f 4085/4085 4086/4086 4087/4087
f 4085/4085 4087/4087 4088/4088
f 4088/4088 4087/4087 4089/4089
f 4088/4088 4089/4089 4090/4090
f 4090/4090 4089/4089 4091/4091
f 4090/4090 4091/4091 4092/4092
f 4092/4092 4091/4091 4093/4093
f 4092/4092 4094/4094 4090/4090
f 4090/4090 4094/4094 4095/4095
f 4090/4090 4095/4095 4088/4088
f 4088/4088 4095/4095 4096/4096
f 4088/4088 4096/4096 4085/4085
f 4085/4085 4096/4096 4082/4082
f 4094/4094 4097/4097 4095/4095
f 4095/4095 4097/4097 4098/4098
f 4095/4095 4098/4098 4096/4096
f 4096/4096 4098/4098 4080/4080
f 4096/4096 4080/4080 4082/4082
f 4099/4099 4100/4100 4101/4101
f 4101/4101 4100/4100 4102/4102
f 4101/4101 4102/4102 4103/4103
f 4101/4101 4103/4103 4104/4104
f 4104/4104 4103/4103 4105/4105
f 4104/4104 4105/4105 4106/4106
f 4104/4104 4106/4106 4107/4107
f 4107/4107 4106/4106 4108/4108
f 4107/4107 4108/4108 4109/4109
f 4109/4109 4108/4108 4110/4110
f 4109/4109 4110/4110 4111/4111
f 4111/4111 4110/4110 4112/4112
f 4111/4111 4112/4112 4113/4113
f 4108/4108 4114/4114 4110/4110
f 4110/4110 4114/4114 4115/4115
f 4110/4110 4115/4115 4112/4112
f 4113/4113 4116/4116 4111/4111
f 4111/4111 4116/4116 4117/4117
f 4111/4111 4117/4117 4109/4109
f 4109/4109 4117/4117 4107/4107
f 4116/4116 4118/4118 4117/4117
f 4117/4117 4118/4118 4119/4119
f 4117/4117 4119/4119 4107/4107
f 4107/4107 4119/4119 4104/4104
f 4118/4118 4099/4099 4119/4119
f 4119/4119 4099/4099 4101/4101
f 4119/4119 4101/4101 4104/4104
f 4120/4120 4121/4121 4122/4122
f 4122/4122 4121/4121 4123/4123
f 4122/4122 4123/4123 4124/4124
f 4124/4124 4123/4123 4125/4125
f 4124/4124 4125/4125 4126/4126
f 4126/4126 4125/4125 4127/4127
f 4126/4126 4127/4127 4128/4128
f 4128/4128 4127/4127 4129/4129
f 4128/4128 4129/4129 4130/4130
f 4130/4130 4129/4129 4131/4131
f 4131/4131 4129/4129 4132/4132
f 4131/4131 4132/4132 4133/4133
f 4133/4133 4132/4132 4134/4134
f 4134/4134 4132/4132 4135/4135
f 4135/4135 4132/4132 4136/4136
f 4135/4135 4136/4136 4137/4137
f 4137/4137 4136/4136 4138/4138
f 4137/4137 4138/4138 4139/4139
f 4139/4139 4138/4138 4140/4140
f 4139/4139 4140/4140 4141/4141
f 4141/4141 4140/4140 4142/4142
f 4142/4142 4140/4140 4123/4123
f 4142/4142 4123/4123 4121/4121
f 4125/4125 4123/4123 4140/4140
f 4127/4127 4125/4125 4138/4138
f 4138/4138 4125/4125 4140/4140
f 4129/4129 4127/4127 4136/4136
f 4136/4136 4127/4127 4138/4138
f 4132/4132 4129/4129 4136/4136
f 4143/4143 4144/4144 4145/4145
f 4145/4145 4144/4144 4146/4146
f 4145/4145 4146/4146 4147/4147
f 4147/4147 4146/4146 4148/4148
f 4147/4147 4148/4148 4149/4149
f 4149/4149 4148/4148 4150/4150
f 4149/4149 4150/4150 4151/4151
f 4151/4151 4150/4150 4152/4152
f 4151/4151 4152/4152 4153/4153
f 4153/4153 4152/4152 4154/4154
f 4153/4153 4154/4154 4155/4155
f 4155/4155 4154/4154 4156/4156
f 4156/4156 4154/4154 4157/4157
f 4156/4156 4157/4157 4158/4158
f 4158/4158 4157/4157 4159/4159
f 4158/4158 4159/4159 4160/4160
f 4144/4144 4161/4161 4146/4146
f 4146/4146 4161/4161 4162/4162
f 4146/4146 4162/4162 4148/4148
f 4148/4148 4162/4162 4163/4163
f 4148/4148 4163/4163 4150/4150
f 4150/4150 4163/4163 4164/4164
f 4150/4150 4164/4164 4152/4152
f 4152/4152 4164/4164 4165/4165
f 4152/4152 4165/4165 4154/4154
f 4154/4154 4165/4165 4157/4157
f 4161/4161 4166/4166 4162/4162
f 4162/4162 4166/4166 4167/4167
f 4162/4162 4167/4167 4163/4163
f 4163/4163 4167/4167 4168/4168
f 4163/4163 4168/4168 4164/4164
f 4164/4164 4168/4168 4169/4169
f 4164/4164 4169/4169 4165/4165
f 4165/4165 4169/4169 4170/4170
f 4165/4165 4170/4170 4157/4157
f 4157/4157 4170/4170 4159/4159
f 4171/4171 4172/4172 4173/4173
f 4173/4173 4172/4172 4174/4174
f 4173/4173 4174/4174 4175/4175
f 4175/4175 4174/4174 4176/4176
f 4175/4175 4176/4176 4177/4177
f 4177/4177 4176/4176 4178/4178
f 4177/4177 4178/4178 4179/4179
f 4179/4179 4178/4178 4180/4180
f 4180/4180 4178/4178 4181/4181
f 4180/4180 4181/4181 4182/4182
f 4182/4182 4181/4181 4183/4183
f 4183/4183 4181/4181 4184/4184
f 4184/4184 4181/4181 4185/4185
f 4184/4184 4185/4185 4186/4186
f 4186/4186 4185/4185 4187/4187
f 4186/4186 4187/4187 4188/4188
f 4188/4188 4187/4187 4189/4189
f 4189/4189 4187/4187 4174/4174
f 4189/4189 4174/4174 4172/4172
f 4176/4176 4174/4174 4187/4187
f 4178/4178 4176/4176 4185/4185
f 4185/4185 4176/4176 4187/4187
f 4181/4181 4178/4178 4185/4185
f 4190/4190 4191/4191 4192/4192
f 4192/4192 4191/4191 4193/4193
f 4192/4192 4193/4193 4194/4194
f 4194/4194 4193/4193 4195/4195
f 4194/4194 4195/4195 4196/4196
f 4196/4196 4195/4195 4197/4197
f 4198/4198 4199/4199 4200/4200
f 4200/4200 4199/4199 4201/4201
f 4200/4200 4201/4201 4202/4202
f 4200/4200 4202/4202 4203/4203
f 4203/4203 4202/4202 4204/4204
f 4203/4203 4204/4204 4205/4205
f 4203/4203 4205/4205 4206/4206
f 4206/4206 4205/4205 4207/4207
f 4206/4206 4207/4207 4208/4208
f 4208/4208 4207/4207 4209/4209
f 4208/4208 4209/4209 4210/4210
f 4210/4210 4209/4209 4211/4211
f 4210/4210 4211/4211 4212/4212
f 4207/4207 4213/4213 4209/4209
f 4209/4209 4213/4213 4214/4214
f 4209/4209 4214/4214 4211/4211
f 4212/4212 4215/4215 4210/4210
f 4210/4210 4215/4215 4216/4216
f 4210/4210 4216/4216 4208/4208
f 4208/4208 4216/4216 4206/4206
f 4215/4215 4217/4217 4216/4216
f 4216/4216 4217/4217 4218/4218
f 4216/4216 4218/4218 4206/4206
f 4206/4206 4218/4218 4203/4203
f 4217/4217 4198/4198 4218/4218
f 4218/4218 4198/4198 4200/4200
f 4218/4218 4200/4200 4203/4203
f 4219/4219 4220/4220 4221/4221
f 4221/4221 4220/4220 4222/4222
f 4221/4221 4222/4222 4223/4223
f 4223/4223 4222/4222 4224/4224
f 4223/4223 4224/4224 4225/4225
f 4225/4225 4224/4224 4226/4226
f 4227/4227 4228/4228 4229/4229
f 4229/4229 4228/4228 4230/4230
f 4229/4229 4230/4230 4231/4231
f 4231/4231 4230/4230 4232/4232
f 4231/4231 4232/4232 4233/4233
f 4233/4233 4232/4232 4234/4234
f 4233/4233 4234/4234 4235/4235
f 4235/4235 4234/4234 4236/4236
f 4235/4235 4236/4236 4237/4237
f 4237/4237 4236/4236 4238/4238
f 4238/4238 4236/4236 4239/4239
f 4238/4238 4239/4239 4240/4240
f 4240/4240 4239/4239 4241/4241
f 4241/4241 4239/4239 4242/4242
f 4242/4242 4239/4239 4243/4243
f 4242/4242 4243/4243 4244/4244
f 4244/4244 4243/4243 4245/4245
f 4244/4244 4245/4245 4246/4246
f 4246/4246 4245/4245 4247/4247
f 4246/4246 4247/4247 4248/4248
f 4248/4248 4247/4247 4249/4249
f 4249/4249 4247/4247 4230/4230
f 4249/4249 4230/4230 4228/4228
f 4232/4232 4230/4230 4247/4247
f 4234/4234 4232/4232 4245/4245
f 4245/4245 4232/4232 4247/4247
f 4236/4236 4234/4234 4243/4243
f 4243/4243 4234/4234 4245/4245
f 4239/4239 4236/4236 4243/4243
f 4250/4250 4251/4251 4252/4252
f 4252/4252 4251/4251 4253/4253
f 4252/4252 4253/4253 4254/4254
f 4254/4254 4253/4253 4255/4255
f 4254/4254 4255/4255 4256/4256
f 4256/4256 4255/4255 4257/4257
f 4256/4256 4257/4257 4258/4258
f 4258/4258 4257/4257 4259/4259
f 4258/4258 4259/4259 4260/4260
f 4260/4260 4259/4259 4261/4261
f 4260/4260 4261/4261 4262/4262
f 4262/4262 4261/4261 4263/4263
f 4263/4263 4261/4261 4264/4264
f 4263/4263 4264/4264 4265/4265
f 4265/4265 4264/4264 4266/4266
f 4265/4265 4266/4266 4267/4267
f 4251/4251 4268/4268 4253/4253
f 4253/4253 4268/4268 4269/4269
f 4253/4253 4269/4269 4255/4255
f 4255/4255 4269/4269 4270/4270
f 4255/4255 4270/4270 4257/4257
f 4257/4257 4270/4270 4271/4271
f 4257/4257 4271/4271 4259/4259
f 4259/4259 4271/4271 4272/4272
f 4259/4259 4272/4272 4261/4261
f 4261/4261 4272/4272 4264/4264
f 4268/4268 4273/4273 4269/4269
f 4269/4269 4273/4273 4274/4274
f 4269/4269 4274/4274 4270/4270
f 4270/4270 4274/4274 4275/4275
f 4270/4270 4275/4275 4271/4271
f 4271/4271 4275/4275 4276/4276
f 4271/4271 4276/4276 4272/4272
f 4272/4272 4276/4276 4277/4277
f 4272/4272 4277/4277 4264/4264
f 4264/4264 4277/4277 4266/4266
f 4278/4278 4279/4279 4280/4280
f 4280/4280 4279/4279 4281/4281
f 4282/4282 4283/4283 4284/4284
f 4284/4284 4283/4283 4285/4285
f 4284/4284 4285/4285 4286/4286
f 4286/4286 4285/4285 4287/4287
f 4286/4286 4287/4287 4288/4288
f 4288/4288 4287/4287 4289/4289
f 4290/4290 4291/4291 4292/4292
f 4292/4292 4291/4291 4293/4293
f 4294/4294 4295/4295 4296/4296
f 4296/4296 4295/4295 4297/4297
f 4296/4296 4297/4297 4298/4298
f 4298/4298 4297/4297 4299/4299
f 4298/4298 4299/4299 4300/4300
f 4300/4300 4299/4299 4301/4301
f 4300/4300 4301/4301 4302/4302
f 4302/4302 4301/4301 4303/4303
f 4304/4304 4305/4305 4306/4306
f 4306/4306 4305/4305 4307/4307
f 4306/4306 4307/4307 4308/4308
f 4308/4308 4307/4307 4309/4309
f 4308/4308 4309/4309 4310/4310
f 4310/4310 4309/4309 4311/4311
f 4310/4310 4311/4311 4312/4312
f 4312/4312 4311/4311 4313/4313
f 4312/4312 4313/4313 4314/4314
f 4314/4314 4313/4313 4315/4315
f 4314/4314 4315/4315 4316/4316
f 4316/4316 4315/4315 4317/4317
f 4318/4318 4319/4319 4320/4320
f 4320/4320 4319/4319 4321/4321
f 4320/4320 4321/4321 4322/4322
f 4322/4322 4321/4321 4323/4323
f 4322/4322 4323/4323 4324/4324
f 4324/4324 4323/4323 4325/4325
f 4326/4326 4327/4327 4328/4328
f 4328/4328 4327/4327 4329/4329
f 4328/4328 4329/4329 4330/4330
f 4330/4330 4329/4329 4331/4331
f 4330/4330 4331/4331 4332/4332
f 4332/4332 4331/4331 4333/4333
f 4334/4334 4335/4335 4336/4336
f 4336/4336 4335/4335 4337/4337
f 4336/4336 4337/4337 4338/4338
f 4338/4338 4337/4337 4339/4339
f 4338/4338 4339/4339 4340/4340
f 4340/4340 4339/4339 4341/4341
f 4342/4342 4343/4343 4344/4344
f 4344/4344 4343/4343 4345/4345
f 4344/4344 4345/4345 4346/4346
f 4346/4346 4345/4345 4347/4347
f 4346/4346 4347/4347 4348/4348
f 4348/4348 4347/4347 4349/4349
f 4348/4348 4349/4349 4350/4350
f 4350/4350 4349/4349 4351/4351
f 4352/4352 4353/4353 4354/4354
f 4354/4354 4353/4353 4355/4355
f 4354/4354 4355/4355 4356/4356
f 4356/4356 4355/4355 4357/4357
f 4356/4356 4357/4357 4358/4358
f 4358/4358 4357/4357 4359/4359
f 4358/4358 4359/4359 4360/4360
f 4360/4360 4359/4359 4361/4361
f 4360/4360 4361/4361 4362/4362
f 4362/4362 4361/4361 4363/4363
f 4362/4362 4363/4363 4364/4364
f 4364/4364 4363/4363 4365/4365
f 4366/4366 4367/4367 4368/4368
f 4368/4368 4367/4367 4369/4369
f 4368/4368 4369/4369 4370/4370
f 4370/4370 4369/4369 4371/4371
f 4370/4370 4371/4371 4372/4372
f 4372/4372 4371/4371 4373/4373
f 4372/4372 4373/4373 4374/4374
f 4374/4374 4373/4373 4375/4375
f 4376/4376 4377/4377 4378/4378
f 4378/4378 4377/4377 4379/4379
f 4378/4378 4379/4379 4380/4380
f 4380/4380 4379/4379 4381/4381
f 4380/4380 4381/4381 4382/4382
f 4383/4383 4384/4384 4382/4382
f 4382/4382 4384/4384 4385/4385
f 4382/4382 4385/4385 4380/4380
f 4380/4380 4385/4385 4386/4386
f 4380/4380 4386/4386 4378/4378
f 4378/4378 4386/4386 4376/4376
f 4383/4383 4387/4387 4384/4384
f 4384/4384 4387/4387 4388/4388
f 4384/4384 4388/4388 4385/4385
f 4385/4385 4388/4388 4389/4389
f 4385/4385 4389/4389 4386/4386
f 4386/4386 4389/4389 4390/4390
f 4386/4386 4390/4390 4391/4391
f 4387/4387 4392/4392 4388/4388
f 4388/4388 4392/4392 4393/4393
f 4388/4388 4393/4393 4389/4389
f 4389/4389 4393/4393 4394/4394
f 4389/4389 4394/4394 4390/4390
f 4391/4391 4376/4376 4386/4386
f 4395/4395 4396/4396 4397/4397
f 4397/4397 4396/4396 4398/4398
f 4397/4397 4398/4398 4399/4399
f 4399/4399 4398/4398 4400/4400
f 4399/4399 4400/4400 4401/4401
f 4399/4399 4401/4401 4402/4402
f 4402/4402 4401/4401 4403/4403
f 4402/4402 4403/4403 4404/4404
f 4402/4402 4404/4404 4405/4405
f 4405/4405 4404/4404 4406/4406
f 4405/4405 4406/4406 4407/4407
f 4408/4408 4409/4409 4407/4407
f 4407/4407 4409/4409 4410/4410
f 4407/4407 4410/4410 4405/4405
f 4405/4405 4410/4410 4399/4399
f 4405/4405 4399/4399 4402/4402
f 4408/4408 4411/4411 4409/4409
f 4409/4409 4411/4411 4412/4412
f 4409/4409 4412/4412 4410/4410
f 4410/4410 4412/4412 4397/4397
f 4410/4410 4397/4397 4399/4399
f 4411/4411 4413/4413 4412/4412
f 4412/4412 4413/4413 4395/4395
f 4412/4412 4395/4395 4397/4397
f 4414/4414 4415/4415 4416/4416
f 4416/4416 4415/4415 4417/4417
f 4416/4416 4417/4417 4418/4418
f 4418/4418 4417/4417 4419/4419
f 4418/4418 4419/4419 4420/4420
f 4421/4421 4422/4422 4420/4420
f 4420/4420 4422/4422 4423/4423
f 4420/4420 4423/4423 4418/4418
f 4418/4418 4423/4423 4424/4424
f 4418/4418 4424/4424 4416/4416
f 4416/4416 4424/4424 4414/4414
f 4421/4421 4425/4425 4422/4422
f 4422/4422 4425/4425 4426/4426
f 4422/4422 4426/4426 4423/4423
f 4423/4423 4426/4426 4427/4427
f 4423/4423 4427/4427 4428/4428
f 4428/4428 4427/4427 4429/4429
f 4428/4428 4429/4429 4430/4430
f 4426/4426 4429/4429 4427/4427
f 4430/4430 4431/4431 4428/4428
f 4428/4428 4431/4431 4424/4424
f 4428/4428 4424/4424 4423/4423
f 4431/4431 4432/4432 4424/4424
f 4424/4424 4432/4432 4414/4414
f 4433/4433 4434/4434 4435/4435
f 4435/4435 4434/4434 4436/4436
f 4435/4435 4436/4436 4437/4437
f 4437/4437 4436/4436 4438/4438
f 4437/4437 4438/4438 4439/4439
f 4437/4437 4439/4439 4440/4440
f 4440/4440 4439/4439 4441/4441
f 4440/4440 4441/4441 4442/4442
f 4440/4440 4442/4442 4443/4443
f 4443/4443 4442/4442 4444/4444
f 4443/4443 4444/4444 4445/4445
f 4446/4446 4447/4447 4445/4445
f 4445/4445 4447/4447 4448/4448
f 4445/4445 4448/4448 4443/4443
f 4443/4443 4448/4448 4437/4437
f 4443/4443 4437/4437 4440/4440
f 4446/4446 4449/4449 4447/4447
f 4447/4447 4449/4449 4450/4450
f 4447/4447 4450/4450 4448/4448
f 4448/4448 4450/4450 4451/4451
f 4448/4448 4451/4451 4435/4435
f 4435/4435 4451/4451 4433/4433
f 4450/4450 4433/4433 4451/4451
f 4437/4437 4448/4448 4435/4435
f 4452/4452 4453/4453 4454/4454
f 4454/4454 4453/4453 4455/4455
f 4454/4454 4455/4455 4456/4456
f 4456/4456 4455/4455 4457/4457
f 4456/4456 4457/4457 4458/4458
f 4458/4458 4457/4457 4459/4459
f 4458/4458 4459/4459 4460/4460
f 4460/4460 4459/4459 4461/4461
f 4462/4462 4463/4463 4464/4464
f 4464/4464 4463/4463 4465/4465
f 4464/4464 4465/4465 4466/4466
f 4466/4466 4465/4465 4467/4467
f 4466/4466 4467/4467 4468/4468
f 4468/4468 4467/4467 4469/4469
f 4468/4468 4469/4469 4470/4470
f 4470/4470 4469/4469 4471/4471
f 4472/4472 4473/4473 4474/4474
f 4474/4474 4473/4473 4475/4475
f 4474/4474 4475/4475 4476/4476
f 4476/4476 4475/4475 4477/4477
f 4476/4476 4477/4477 4478/4478
f 4478/4478 4477/4477 4479/4479
f 4478/4478 4479/4479 4480/4480
f 4480/4480 4479/4479 4481/4481
f 4482/4482 4483/4483 4484/4484
f 4484/4484 4483/4483 4485/4485
f 4484/4484 4485/4485 4486/4486
f 4486/4486 4485/4485 4487/4487
f 4486/4486 4487/4487 4488/4488
f 4488/4488 4487/4487 4489/4489
f 4488/4488 4489/4489 4490/4490
f 4490/4490 4489/4489 4491/4491
f 4492/4492 4493/4493 4494/4494
f 4494/4494 4493/4493 4495/4495
f 4494/4494 4495/4495 4496/4496
f 4496/4496 4495/4495 4497/4497
f 4496/4496 4497/4497 4498/4498
f 4496/4496 4498/4498 4499/4499
f 4499/4499 4498/4498 4500/4500
f 4499/4499 4500/4500 4501/4501
f 4499/4499 4501/4501 4502/4502
f 4502/4502 4501/4501 4503/4503
f 4502/4502 4503/4503 4504/4504
f 4505/4505 4506/4506 4504/4504
f 4504/4504 4506/4506 4507/4507
f 4504/4504 4507/4507 4502/4502
f 4502/4502 4507/4507 4496/4496
f 4502/4502 4496/4496 4499/4499
f 4505/4505 4508/4508 4506/4506
f 4506/4506 4508/4508 4509/4509
f 4506/4506 4509/4509 4507/4507
f 4507/4507 4509/4509 4510/4510
f 4507/4507 4510/4510 4494/4494
f 4494/4494 4510/4510 4492/4492
f 4509/4509 4492/4492 4510/4510
f 4496/4496 4507/4507 4494/4494
f 4511/4511 4512/4512 4513/4513
f 4513/4513 4512/4512 4514/4514
f 4513/4513 4514/4514 4515/4515
f 4515/4515 4514/4514 4516/4516
f 4515/4515 4516/4516 4517/4517
f 4518/4518 4519/4519 4517/4517
f 4517/4517 4519/4519 4520/4520
f 4517/4517 4520/4520 4515/4515
f 4515/4515 4520/4520 4521/4521
f 4515/4515 4521/4521 4513/4513
f 4513/4513 4521/4521 4511/4511
f 4518/4518 4522/4522 4519/4519
f 4519/4519 4522/4522 4523/4523
f 4519/4519 4523/4523 4520/4520
f 4520/4520 4523/4523 4524/4524
f 4520/4520 4524/4524 4521/4521
f 4521/4521 4524/4524 4525/4525
f 4521/4521 4525/4525 4526/4526
f 4522/4522 4527/4527 4523/4523
f 4523/4523 4527/4527 4528/4528
f 4523/4523 4528/4528 4524/4524
f 4524/4524 4528/4528 4529/4529
f 4524/4524 4529/4529 4525/4525
f 4526/4526 4511/4511 4521/4521
f 4530/4530 4531/4531 4532/4532
f 4532/4532 4531/4531 4533/4533
f 4532/4532 4533/4533 4534/4534
f 4534/4534 4533/4533 4535/4535
f 4534/4534 4535/4535 4536/4536
f 4534/4534 4536/4536 4537/4537
f 4537/4537 4536/4536 4538/4538
f 4537/4537 4538/4538 4539/4539
f 4537/4537 4539/4539 4540/4540
f 4540/4540 4539/4539 4541/4541
f 4540/4540 4541/4541 4542/4542
f 4543/4543 4544/4544 4542/4542
f 4542/4542 4544/4544 4545/4545
f 4542/4542 4545/4545 4540/4540
f 4540/4540 4545/4545 4534/4534
f 4540/4540 4534/4534 4537/4537
f 4543/4543 4546/4546 4544/4544
f 4544/4544 4546/4546 4547/4547
f 4544/4544 4547/4547 4545/4545
f 4545/4545 4547/4547 4532/4532
f 4545/4545 4532/4532 4534/4534
f 4546/4546 4548/4548 4547/4547
f 4547/4547 4548/4548 4530/4530
f 4547/4547 4530/4530 4532/4532
f 4549/4549 4550/4550 4551/4551
f 4551/4551 4550/4550 4552/4552
f 4551/4551 4552/4552 4553/4553
f 4553/4553 4552/4552 4554/4554
f 4553/4553 4554/4554 4555/4555
f 4556/4556 4557/4557 4555/4555
f 4555/4555 4557/4557 4558/4558
f 4555/4555 4558/4558 4553/4553
f 4553/4553 4558/4558 4559/4559
f 4553/4553 4559/4559 4551/4551
f 4551/4551 4559/4559 4549/4549
f 4556/4556 4560/4560 4557/4557
f 4557/4557 4560/4560 4561/4561
f 4557/4557 4561/4561 4558/4558
f 4558/4558 4561/4561 4562/4562
f 4558/4558 4562/4562 4563/4563
f 4563/4563 4562/4562 4564/4564
f 4563/4563 4564/4564 4565/4565
f 4561/4561 4564/4564 4562/4562
f 4565/4565 4566/4566 4563/4563
f 4563/4563 4566/4566 4559/4559
f 4563/4563 4559/4559 4558/4558
f 4566/4566 4567/4567 4559/4559
f 4559/4559 4567/4567 4549/4549
f 4568/4568 4569/4569 4570/4570
f 4570/4570 4569/4569 4571/4571
f 4570/4570 4571/4571 4572/4572
f 4572/4572 4571/4571 4573/4573
f 4572/4572 4573/4573 4574/4574
f 4574/4574 4573/4573 4575/4575
f 4574/4574 4575/4575 4576/4576
f 4576/4576 4575/4575 4577/4577
f 4578/4578 4579/4579 4580/4580
f 4580/4580 4579/4579 4581/4581
f 4580/4580 4581/4581 4582/4582
f 4582/4582 4581/4581 4583/4583
f 4582/4582 4583/4583 4584/4584
f 4584/4584 4583/4583 4585/4585
f 4584/4584 4585/4585 4586/4586
f 4586/4586 4585/4585 4587/4587
f 4588/4588 4589/4589 4590/4590
f 4590/4590 4589/4589 4591/4591
f 4590/4590 4591/4591 4592/4592
f 4589/4589 4588/4588 4593/4593
f 4593/4593 4588/4588 4594/4594
f 4593/4593 4594/4594 4595/4595
f 4595/4595 4596/4596 4593/4593
f 4593/4593 4596/4596 4597/4597
f 4597/4597 4596/4596 4598/4598
f 4598/4598 4596/4596 4599/4599
f 4598/4598 4599/4599 4600/4600
f 4600/4600 4599/4599 4601/4601
f 4600/4600 4601/4601 4602/4602
f 4602/4602 4603/4603 4600/4600
f 4600/4600 4603/4603 4604/4604
f 4604/4604 4603/4603 4605/4605
f 4605/4605 4603/4603 4606/4606
f 4605/4605 4606/4606 4607/4607
f 4607/4607 4606/4606 4608/4608
f 4607/4607 4608/4608 4609/4609
f 4609/4609 4610/4610 4607/4607
f 4607/4607 4610/4610 4611/4611
f 4611/4611 4610/4610 4612/4612
f 4612/4612 4610/4610 4613/4613
f 4612/4612 4613/4613 4592/4592
f 4592/4592 4613/4613 4614/4614
f 4592/4592 4614/4614 4615/4615
f 4615/4615 4590/4590 4592/4592
f 4616/4616 4617/4617 4618/4618
f 4618/4618 4617/4617 4619/4619
f 4618/4618 4619/4619 4620/4620
f 4620/4620 4619/4619 4621/4621
f 4620/4620 4621/4621 4622/4622
f 4622/4622 4621/4621 4623/4623
f 4622/4622 4623/4623 4624/4624
f 4624/4624 4623/4623 4625/4625
f 4626/4626 4627/4627 4628/4628
f 4628/4628 4627/4627 4629/4629
f 4628/4628 4629/4629 4630/4630
f 4630/4630 4629/4629 4631/4631
f 4630/4630 4631/4631 4632/4632
f 4632/4632 4631/4631 4633/4633
f 4632/4632 4633/4633 4634/4634
f 4634/4634 4633/4633 4635/4635
f 4636/4636 4637/4637 4638/4638
f 4638/4638 4637/4637 4639/4639
f 4638/4638 4639/4639 4640/4640
f 4640/4640 4639/4639 4641/4641
f 4640/4640 4641/4641 4642/4642
f 4642/4642 4641/4641 4643/4643
f 4642/4642 4643/4643 4644/4644
f 4644/4644 4643/4643 4645/4645
f 4646/4646 4647/4647 4648/4648
f 4648/4648 4647/4647 4649/4649
f 4648/4648 4649/4649 4650/4650
f 4650/4650 4649/4649 4651/4651
f 4650/4650 4651/4651 4652/4652
f 4652/4652 4651/4651 4653/4653
f 4652/4652 4653/4653 4654/4654
f 4654/4654 4653/4653 4655/4655
f 4656/4656 4657/4657 4658/4658
f 4658/4658 4657/4657 4659/4659
f 4658/4658 4659/4659 4660/4660
f 4660/4660 4659/4659 4661/4661
f 4660/4660 4661/4661 4662/4662
f 4662/4662 4661/4661 4663/4663
f 4663/4663 4661/4661 4664/4664
f 4663/4663 4664/4664 4665/4665
f 4665/4665 4664/4664 4666/4666
f 4665/4665 4666/4666 4667/4667
f 4667/4667 4666/4666 4668/4668
f 4667/4667 4668/4668 4669/4669
f 4667/4667 4669/4669 4670/4670
f 4670/4670 4669/4669 4671/4671
f 4670/4670 4671/4671 4672/4672
f 4673/4673 4674/4674 4665/4665
f 4665/4665 4674/4674 4675/4675
f 4665/4665 4675/4675 4676/4676
f 4677/4677 4678/4678 4673/4673
f 4673/4673 4678/4678 4674/4674
f 4676/4676 4663/4663 4665/4665

o RoX_Simple_GK_kurz-mesh_3
usemtl material_short_frame_3
v 1.50182492 3.40249992 2.76871484
v 1.37249295 3.40249992 2.94632806
v 1.62839291 3.40249992 2.94632806
v -1.50182492 -3.40249992 2.76871484
v -1.37249295 -3.40249992 2.94632806
v -1.62839291 -3.40249992 2.94632806
vt 0.88806200 -0.01381897
vt -0.88806200 1.27950203
vt -0.88806200 -1.27950203
vt 0.88806200 -0.01381897
vt -0.88806200 1.27950203
vt -0.88806200 -1.27950203
f 4679/4679 4680/4680 4681/4681
f 4682/4682 4683/4683 4684/4684

o RoX_Simple_GK_kurz-mesh_4
usemtl material_short_frame_0
v 1.91319301 3.40249992 2.35326502
v 1.80300701 3.40249992 2.35326502
v 1.70045101 3.40249992 2.65101404
v 1.64702999 3.40249992 2.56880091
v 1.63971691 3.40249992 2.56880091
v 1.48365902 3.40249992 2.35326502
v 1.36999997 3.40249992 2.35326502
v 1.79572094 3.40249992 2.94632806
v 1.90958889 3.40249992 2.94632806
v 3.02999993 3.40249992 2.94708795
v 2.88750482 3.40249992 2.85966180
v 2.74168481 3.40249992 2.94675286
v 2.85610284 3.40249992 2.85966180
v 2.82169702 3.40249992 2.85966089
v 3.02999993 3.40249992 2.35482600
v 2.93288293 3.40249992 2.66444391
v 2.93288293 3.40249992 2.85966180
v 2.93286798 3.40249992 2.35482600
v 2.93286798 3.40249992 2.57890497
v 2.86709100 3.40249992 2.66487085
v 2.76368097 3.40249992 2.57890497
v 2.82376397 3.40249992 2.66516992
v 2.79692590 3.40249992 2.66537988
v 2.78152704 3.40249992 2.66553095
v 2.76562402 3.40249992 2.66597986
v 2.75260583 3.40249992 2.66715784
v 2.72114008 3.40249992 2.67359979
v 2.66951502 3.40249992 2.59118891
v 2.69733881 3.40249992 2.68637201
v 2.63935480 3.40249992 2.60388086
v 2.68535486 3.40249992 2.70540704
v 2.61725305 3.40249992 2.62172907
v 2.59267908 3.40249992 2.68269708
v 2.67537103 3.40249992 2.35482600
v 2.57209284 3.40249992 2.35482600
v 2.68018488 3.40249992 2.72918787
v 2.58699579 3.40249992 2.71584680
v 2.58453608 3.40249992 2.74178491
v 2.67883600 3.40249992 2.76531702
v 2.58468988 3.40249992 2.81783899
v 2.68678308 3.40249992 2.82569208
v 2.60564203 3.40249992 2.89077081
v 2.63470697 3.40249992 2.91968988
v 2.69511499 3.40249992 2.83855798
v 2.65758997 3.40249992 2.93132196
v 2.70621088 3.40249992 2.84666803
v 2.73224390 3.40249992 2.85518182
v 2.76676507 3.40249992 2.85898279
v 2.78653894 3.40249992 2.85937982
v 2.80127283 3.40249992 2.85963891
v 2.05442302 3.40249992 2.92750604
v 2.09697993 3.40249992 2.83224206
v 2.01976695 3.40249992 2.90055383
v 2.08988902 3.40249992 2.81553705
v 1.99118892 3.40249992 2.83595697
v 2.08347392 3.40249992 2.78589685
v 1.98675990 3.40249992 2.80790491
v 1.98234294 3.40249992 2.75917779
v 2.07730098 3.40249992 2.71722803
v 1.97970699 3.40249992 2.63511194
v 2.07679195 3.40249992 2.63672388
v 1.98039501 3.40249992 2.59685297
v 2.08154201 3.40249992 2.54266489
v 1.98258495 3.40249992 2.54608500
v 1.98777797 3.40249992 2.49204996
v 2.09960902 3.40249992 2.46898997
v 1.99466502 3.40249992 2.45178492
v 2.01591899 3.40249992 2.40646891
v 2.05485789 3.40249992 2.37409998
v 2.11670100 3.40249992 2.45037195
v 2.12584788 3.40249992 2.35426692
v 2.14351191 3.40249992 2.44144892
v 2.16614802 3.40249992 2.35002802
v 2.22499797 3.40249992 2.43560496
v 2.21989100 3.40249992 2.34796397
v 2.25728099 3.40249992 2.34927195
v 2.28152400 3.40249992 2.35033900
v 2.32421595 3.40249992 2.44304590
v 2.30548396 3.40249992 2.35175288
v 2.32225092 3.40249992 2.35367701
v 2.37163096 3.40249992 2.36352900
v 2.35139201 3.40249992 2.46021891
v 2.42818400 3.40249992 2.39566599
v 2.36574000 3.40249992 2.49510691
v 2.45595194 3.40249992 2.44095896
v 2.46256495 3.40249992 2.46721689
v 2.46761088 3.40249992 2.50561991
v 2.37142695 3.40249992 2.54390589
v 2.47141794 3.40249992 2.55673197
v 2.37376994 3.40249992 2.60491907
v 2.47328196 3.40249992 2.61992487
v 2.37360697 3.40249992 2.70452600
v 2.47187998 3.40249992 2.74195581
v 2.36380000 3.40249992 2.81409204
v 2.46081400 3.40249992 2.84187280
v 2.45427790 3.40249992 2.86568292
v 2.44809595 3.40249992 2.87952203
v 2.42762690 3.40249992 2.90697290
v 2.34374796 3.40249992 2.84860681
v 2.39190195 3.40249992 2.93097497
v 2.29603999 3.40249992 2.95125299
v 2.30356898 3.40249992 2.86210901
v 2.24367289 3.40249992 2.95379388
v 2.22245997 3.40249992 2.86594293
v 2.21230494 3.40249992 2.95387902
v 2.14341090 3.40249992 2.86096490
v 2.12590800 3.40249992 2.94757287
v 2.10814998 3.40249992 2.84696588
v 2.08365199 3.40249992 2.93875878
v -1.91319301 -3.40249992 2.35326502
v -1.80300701 -3.40249992 2.35326502
v -1.70045101 -3.40249992 2.65101404
v -1.64702999 -3.40249992 2.56880091
v -1.63971691 -3.40249992 2.56880091
v -1.48365902 -3.40249992 2.35326502
v -1.36999997 -3.40249992 2.35326502
v -1.79572094 -3.40249992 2.94632806
v -1.90958889 -3.40249992 2.94632806
v -3.02999993 -3.40249992 2.94708795
v -2.88750482 -3.40249992 2.85966180
v -2.74168481 -3.40249992 2.94675286
v -2.85610284 -3.40249992 2.85966180
v -2.82169702 -3.40249992 2.85966089
v -3.02999993 -3.40249992 2.35482600
v -2.93288293 -3.40249992 2.66444391
v -2.93288293 -3.40249992 2.85966180
v -2.93286798 -3.40249992 2.35482600
v -2.93286798 -3.40249992 2.57890497
v -2.86709100 -3.40249992 2.66487085
v -2.76368097 -3.40249992 2.57890497
v -2.82376397 -3.40249992 2.66516992
v -2.79692590 -3.40249992 2.66537988
v -2.78152704 -3.40249992 2.66553095
v -2.76562402 -3.40249992 2.66597986
v -2.75260583 -3.40249992 2.66715784
v -2.72114008 -3.40249992 2.67359979
v -2.66951502 -3.40249992 2.59118891
v -2.69733881 -3.40249992 2.68637201
v -2.63935480 -3.40249992 2.60388086
v -2.68535486 -3.40249992 2.70540704
v -2.61725305 -3.40249992 2.62172907
v -2.59267908 -3.40249992 2.68269708
v -2.67537103 -3.40249992 2.35482600
v -2.57209284 -3.40249992 2.35482600
v -2.68018488 -3.40249992 2.72918787
v -2.58699579 -3.40249992 2.71584680
v -2.58453608 -3.40249992 2.74178491
v -2.67883600 -3.40249992 2.76531702
v -2.58468988 -3.40249992 2.81783899
v -2.68678308 -3.40249992 2.82569208
v -2.60564203 -3.40249992 2.89077081
v -2.63470697 -3.40249992 2.91968988
v -2.69511499 -3.40249992 2.83855798
v -2.65758997 -3.40249992 2.93132196
v -2.70621088 -3.40249992 2.84666803
v -2.73224390 -3.40249992 2.85518182
v -2.76676507 -3.40249992 2.85898279
v -2.78653894 -3.40249992 2.85937982
v -2.80127283 -3.40249992 2.85963891
v -2.05442302 -3.40249992 2.92750604
v -2.09697993 -3.40249992 2.83224206
v -2.01976695 -3.40249992 2.90055383
v -2.08988902 -3.40249992 2.81553705
v -1.99118892 -3.40249992 2.83595697
v -2.08347392 -3.40249992 2.78589685
v -1.98675990 -3.40249992 2.80790491
v -1.98234294 -3.40249992 2.75917779
v -2.07730098 -3.40249992 2.71722803
v -1.97970699 -3.40249992 2.63511194
v -2.07679195 -3.40249992 2.63672388
v -1.98039501 -3.40249992 2.59685297
v -2.08154201 -3.40249992 2.54266489
v -1.98258495 -3.40249992 2.54608500
v -1.98777797 -3.40249992 2.49204996
v -2.09960902 -3.40249992 2.46898997
v -1.99466502 -3.40249992 2.45178492
v -2.01591899 -3.40249992 2.40646891
v -2.05485789 -3.40249992 2.37409998
v -2.11670100 -3.40249992 2.45037195
v -2.12584788 -3.40249992 2.35426692
v -2.14351191 -3.40249992 2.44144892
v -2.16614802 -3.40249992 2.35002802
v -2.22499797 -3.40249992 2.43560496
v -2.21989100 -3.40249992 2.34796397
v -2.25728099 -3.40249992 2.34927195
v -2.28152400 -3.40249992 2.35033900
v -2.32421595 -3.40249992 2.44304590
v -2.30548396 -3.40249992 2.35175288
v -2.32225092 -3.40249992 2.35367701
v -2.37163096 -3.40249992 2.36352900
v -2.35139201 -3.40249992 2.46021891
v -2.42818400 -3.40249992 2.39566599
v -2.36574000 -3.40249992 2.49510691
v -2.45595194 -3.40249992 2.44095896
v -2.46256495 -3.40249992 2.46721689
v -2.46761088 -3.40249992 2.50561991
v -2.37142695 -3.40249992 2.54390589
v -2.47141794 -3.40249992 2.55673197
v -2.37376994 -3.40249992 2.60491907
v -2.47328196 -3.40249992 2.61992487
v -2.37360697 -3.40249992 2.70452600
v -2.47187998 -3.40249992 2.74195581
v -2.36380000 -3.40249992 2.81409204
v -2.46081400 -3.40249992 2.84187280
v -2.45427790 -3.40249992 2.86568292
v -2.44809595 -3.40249992 2.87952203
v -2.42762690 -3.40249992 2.90697290
v -2.34374796 -3.40249992 2.84860681
v -2.39190195 -3.40249992 2.93097497
v -2.29603999 -3.40249992 2.95125299
v -2.30356898 -3.40249992 2.86210901
v -2.24367289 -3.40249992 2.95379388
v -2.22245997 -3.40249992 2.86594293
v -2.21230494 -3.40249992 2.95387902
v -2.14341090 -3.40249992 2.86096490
v -2.12590800 -3.40249992 2.94757287
v -2.10814998 -3.40249992 2.84696588
v -2.08365199 -3.40249992 2.93875878
vt 2.96531010 -2.71596408
vt 2.96531010 -1.61410999
vt -0.01216995 -0.58855200
vt 0.80995899 -0.05432999
vt 0.80995899 0.01879400
vt 2.96531010 1.57937598
vt 2.96531010 2.71596408
vt -2.96531010 -1.54124498
vt -2.96531010 -2.67992401
vt -2.96130610 -2.28953695
vt -2.08705306 -0.86458999
vt -2.95795703 0.59361398
vt -2.08705211 -0.55056202
vt -2.08703804 -0.20650400
vt 2.96130610 -2.28953695
vt -0.13487101 -1.31836605
vt -2.08705306 -1.31836605
vt 2.96130610 -1.31821299
vt 0.72052199 -1.31821299
vt -0.13914099 -0.66044098
vt 0.72052199 0.37364900
vt -0.14213200 -0.22717100
vt -0.14422700 0.04120397
vt -0.14574400 0.19519790
vt -0.15023100 0.35422599
vt -0.16201600 0.48440400
vt -0.22642700 0.79906601
vt 0.59768200 1.31531799
vt -0.35414901 1.03707004
vt 0.47075701 1.61691201
vt -0.54450297 1.15691102
vt 0.29227901 1.83793902
vt -0.31740299 2.08367205
vt 2.96130610 1.25675595
vt 2.96130610 2.28953695
vt -0.78231102 1.20861697
vt -0.64889902 2.14050794
vt -0.90828103 2.16510606
vt -1.14359796 1.22209895
vt -1.66882098 2.16356397
vt -1.74734700 1.14263105
vt -2.39814091 1.95404303
vt -2.68732691 1.66340005
vt -1.87600994 1.05930996
vt -2.80365205 1.43456399
vt -1.95711303 0.94835502
vt -2.04225612 0.68802899
vt -2.08025694 0.34281400
vt -2.08423400 0.14507000
vt -2.08681798 -0.00226897
vt -2.76492405 1.72047901
vt -1.81228495 1.29490900
vt -2.49540091 2.06704092
vt -1.64522898 1.36582100
vt -1.84943604 2.35281992
vt -1.34883797 1.42997396
vt -1.56891501 2.39711499
vt -1.08164096 2.44128299
vt -0.66213900 1.49170196
vt 0.15901200 2.46764302
vt 0.14289901 1.49679005
vt 0.54161102 2.46075892
vt 1.08348799 1.44929504
vt 1.04928803 2.43885803
vt 1.58963895 2.38692689
vt 1.82023597 1.26862395
vt 1.99228501 2.31806111
vt 2.44544411 2.10551906
vt 2.76913595 1.71612895
vt 2.00641394 1.09770405
vt 2.96746492 1.00623405
vt 2.09564209 0.82958698
vt 3.00984812 0.60322702
vt 2.15408492 0.01472598
vt 3.03049493 0.06580001
vt 3.01741409 -0.30809799
vt 3.00674701 -0.55052799
vt 2.07967401 -0.97745103
vt 2.99260402 -0.79013002
vt 2.97336292 -0.95779699
vt 2.87484193 -1.45160103
vt 1.90794897 -1.24921298
vt 2.55347300 -2.01712608
vt 1.55906904 -1.39268994
vt 2.10054493 -2.29480505
vt 1.83796799 -2.36093807
vt 1.45393300 -2.41139603
vt 1.07107401 -1.44956303
vt 0.94281101 -2.44947195
vt 0.46094301 -1.47298706
vt 0.31088701 -2.46810508
vt -0.53512102 -1.47135699
vt -0.90942401 -2.45409489
vt -1.63078201 -1.37329304
vt -1.90859604 -2.34342909
vt -2.14669394 -2.27807307
vt -2.28507805 -2.21624589
vt -2.55959392 -2.01155996
vt -1.97593200 -1.17277205
vt -2.79961395 -1.65431094
vt -3.00239801 -0.69568902
vt -2.11096001 -0.77098000
vt -3.02780604 -0.17201699
vt -2.14929199 0.04010599
vt -3.02865195 0.14165691
vt -2.09951711 0.83059800
vt -2.96559501 1.00563300
vt -1.95952499 1.18320704
vt -2.87745094 1.42818904
vt 2.96531010 -2.71596408
vt 2.96531010 -1.61410999
vt -0.01216995 -0.58855200
vt 0.80995899 -0.05432999
vt 0.80995899 0.01879400
vt 2.96531010 1.57937598
vt 2.96531010 2.71596408
vt -2.96531010 -1.54124498
vt -2.96531010 -2.67992401
vt -2.96130610 -2.28953695
vt -2.08705306 -0.86458999
vt -2.95795703 0.59361398
vt -2.08705211 -0.55056202
vt -2.08703804 -0.20650400
vt 2.96130610 -2.28953695
vt -0.13487101 -1.31836605
vt -2.08705306 -1.31836605
vt 2.96130610 -1.31821299
vt 0.72052199 -1.31821299
vt -0.13914099 -0.66044098
vt 0.72052199 0.37364900
vt -0.14213200 -0.22717100
vt -0.14422700 0.04120397
vt -0.14574400 0.19519790
vt -0.15023100 0.35422599
vt -0.16201600 0.48440400
vt -0.22642700 0.79906601
vt 0.59768200 1.31531799
vt -0.35414901 1.03707004
vt 0.47075701 1.61691201
vt -0.54450297 1.15691102
vt 0.29227901 1.83793902
vt -0.31740299 2.08367205
vt 2.96130610 1.25675595
vt 2.96130610 2.28953695
vt -0.78231102 1.20861697
vt -0.64889902 2.14050794
vt -0.90828103 2.16510606
vt -1.14359796 1.22209895
vt -1.66882098 2.16356397
vt -1.74734700 1.14263105
vt -2.39814091 1.95404303
vt -2.68732691 1.66340005
vt -1.87600994 1.05930996
vt -2.80365205 1.43456399
vt -1.95711303 0.94835502
vt -2.04225612 0.68802899
vt -2.08025694 0.34281400
vt -2.08423400 0.14507000
vt -2.08681798 -0.00226897
vt -2.76492405 1.72047901
vt -1.81228495 1.29490900
vt -2.49540091 2.06704092
vt -1.64522898 1.36582100
vt -1.84943604 2.35281992
vt -1.34883797 1.42997396
vt -1.56891501 2.39711499
vt -1.08164096 2.44128299
vt -0.66213900 1.49170196
vt 0.15901200 2.46764302
vt 0.14289901 1.49679005
vt 0.54161102 2.46075892
vt 1.08348799 1.44929504
vt 1.04928803 2.43885803
vt 1.58963895 2.38692689
vt 1.82023597 1.26862395
vt 1.99228501 2.31806111
vt 2.44544411 2.10551906
vt 2.76913595 1.71612895
vt 2.00641394 1.09770405
vt 2.96746492 1.00623405
vt 2.09564209 0.82958698
vt 3.00984812 0.60322702
vt 2.15408492 0.01472598
vt 3.03049493 0.06580001
vt 3.01741409 -0.30809799
vt 3.00674701 -0.55052799
vt 2.07967401 -0.97745103
vt 2.99260402 -0.79013002
vt 2.97336292 -0.95779699
vt 2.87484193 -1.45160103
vt 1.90794897 -1.24921298
vt 2.55347300 -2.01712608
vt 1.55906904 -1.39268994
vt 2.10054493 -2.29480505
vt 1.83796799 -2.36093807
vt 1.45393300 -2.41139603
vt 1.07107401 -1.44956303
vt 0.94281101 -2.44947195
vt 0.46094301 -1.47298706
vt 0.31088701 -2.46810508
vt -0.53512102 -1.47135699
vt -0.90942401 -2.45409489
vt -1.63078201 -1.37329304
vt -1.90859604 -2.34342909
vt -2.14669394 -2.27807307
vt -2.28507805 -2.21624589
vt -2.55959392 -2.01155996
vt -1.97593200 -1.17277205
vt -2.79961395 -1.65431094
vt -3.00239801 -0.69568902
vt -2.11096001 -0.77098000
vt -3.02780604 -0.17201699
vt -2.14929199 0.04010599
vt -3.02865195 0.14165691
vt -2.09951711 0.83059800
vt -2.96559501 1.00563300
vt -1.95952499 1.18320704
vt -2.87745094 1.42818904
f 4685/4685 4686/4686 4687/4687
f 4687/4687 4686/4686 4688/4688
f 4687/4687 4688/4688 4689/4689
f 4690/4690 4691/4691 4689/4689
f 4689/4689 4691/4691 4692/4692
f 4689/4689 4692/4692 4687/4687
f 4687/4687 4692/4692 4693/4693
f 4694/4694 4695/4695 4696/4696
f 4696/4696 4695/4695 4697/4697
f 4696/4696 4697/4697 4698/4698
f 4699/4699 4700/4700 4694/4694
f 4694/4694 4700/4700 4701/4701
f 4694/4694 4701/4701 4695/4695
f 4702/4702 4703/4703 4699/4699
f 4699/4699 4703/4703 4700/4700
f 4700/4700 4703/4703 4704/4704
f 4704/4704 4703/4703 4705/4705
f 4704/4704 4705/4705 4706/4706
f 4706/4706 4705/4705 4707/4707
f 4707/4707 4705/4705 4708/4708
f 4708/4708 4705/4705 4709/4709
f 4709/4709 4705/4705 4710/4710
f 4710/4710 4705/4705 4711/4711
f 4711/4711 4705/4705 4712/4712
f 4711/4711 4712/4712 4713/4713
f 4713/4713 4712/4712 4714/4714
f 4713/4713 4714/4714 4715/4715
f 4715/4715 4714/4714 4716/4716
f 4715/4715 4716/4716 4717/4717
f 4705/4705 4718/4718 4712/4712
f 4712/4712 4718/4718 4719/4719
f 4715/4715 4717/4717 4720/4720
f 4720/4720 4717/4717 4721/4721
f 4720/4720 4721/4721 4722/4722
f 4720/4720 4722/4722 4723/4723
f 4723/4723 4722/4722 4724/4724
f 4723/4723 4724/4724 4725/4725
f 4725/4725 4724/4724 4726/4726
f 4725/4725 4726/4726 4727/4727
f 4725/4725 4727/4727 4728/4728
f 4728/4728 4727/4727 4729/4729
f 4728/4728 4729/4729 4730/4730
f 4730/4730 4729/4729 4696/4696
f 4730/4730 4696/4696 4731/4731
f 4731/4731 4696/4696 4732/4732
f 4732/4732 4696/4696 4733/4733
f 4733/4733 4696/4696 4734/4734
f 4734/4734 4696/4696 4698/4698
f 4735/4735 4736/4736 4737/4737
f 4737/4737 4736/4736 4738/4738
f 4737/4737 4738/4738 4739/4739
f 4739/4739 4738/4738 4740/4740
f 4739/4739 4740/4740 4741/4741
f 4741/4741 4740/4740 4742/4742
f 4742/4742 4740/4740 4743/4743
f 4742/4742 4743/4743 4744/4744
f 4744/4744 4743/4743 4745/4745
f 4744/4744 4745/4745 4746/4746
f 4746/4746 4745/4745 4747/4747
f 4746/4746 4747/4747 4748/4748
f 4748/4748 4747/4747 4749/4749
f 4749/4749 4747/4747 4750/4750
f 4749/4749 4750/4750 4751/4751
f 4751/4751 4750/4750 4752/4752
f 4752/4752 4750/4750 4753/4753
f 4753/4753 4750/4750 4754/4754
f 4753/4753 4754/4754 4755/4755
f 4755/4755 4754/4754 4756/4756
f 4755/4755 4756/4756 4757/4757
f 4757/4757 4756/4756 4758/4758
f 4757/4757 4758/4758 4759/4759
f 4759/4759 4758/4758 4760/4760
f 4760/4760 4758/4758 4761/4761
f 4761/4761 4758/4758 4762/4762
f 4761/4761 4762/4762 4763/4763
f 4763/4763 4762/4762 4764/4764
f 4764/4764 4762/4762 4765/4765
f 4765/4765 4762/4762 4766/4766
f 4765/4765 4766/4766 4767/4767
f 4767/4767 4766/4766 4768/4768
f 4767/4767 4768/4768 4769/4769
f 4769/4769 4768/4768 4770/4770
f 4770/4770 4768/4768 4771/4771
f 4771/4771 4768/4768 4772/4772
f 4771/4771 4772/4772 4773/4773
f 4773/4773 4772/4772 4774/4774
f 4773/4773 4774/4774 4775/4775
f 4775/4775 4774/4774 4776/4776
f 4775/4775 4776/4776 4777/4777
f 4777/4777 4776/4776 4778/4778
f 4777/4777 4778/4778 4779/4779
f 4779/4779 4778/4778 4780/4780
f 4780/4780 4778/4778 4781/4781
f 4781/4781 4778/4778 4782/4782
f 4782/4782 4778/4778 4783/4783
f 4782/4782 4783/4783 4784/4784
f 4784/4784 4783/4783 4785/4785
f 4785/4785 4783/4783 4786/4786
f 4785/4785 4786/4786 4787/4787
f 4787/4787 4786/4786 4788/4788
f 4787/4787 4788/4788 4789/4789
f 4789/4789 4788/4788 4790/4790
f 4789/4789 4790/4790 4791/4791
f 4791/4791 4790/4790 4792/4792
f 4791/4791 4792/4792 4793/4793
f 4793/4793 4792/4792 4735/4735
f 4735/4735 4792/4792 4736/4736
f 4794/4794 4795/4795 4796/4796
f 4796/4796 4795/4795 4797/4797
f 4796/4796 4797/4797 4798/4798
f 4799/4799 4800/4800 4798/4798
f 4798/4798 4800/4800 4801/4801
f 4798/4798 4801/4801 4796/4796
f 4796/4796 4801/4801 4802/4802
f 4803/4803 4804/4804 4805/4805
f 4805/4805 4804/4804 4806/4806
f 4805/4805 4806/4806 4807/4807
f 4808/4808 4809/4809 4803/4803
f 4803/4803 4809/4809 4810/4810
f 4803/4803 4810/4810 4804/4804
f 4811/4811 4812/4812 4808/4808
f 4808/4808 4812/4812 4809/4809
f 4809/4809 4812/4812 4813/4813
f 4813/4813 4812/4812 4814/4814
f 4813/4813 4814/4814 4815/4815
f 4815/4815 4814/4814 4816/4816
f 4816/4816 4814/4814 4817/4817
f 4817/4817 4814/4814 4818/4818
f 4818/4818 4814/4814 4819/4819
f 4819/4819 4814/4814 4820/4820
f 4820/4820 4814/4814 4821/4821
f 4820/4820 4821/4821 4822/4822
f 4822/4822 4821/4821 4823/4823
f 4822/4822 4823/4823 4824/4824
f 4824/4824 4823/4823 4825/4825
f 4824/4824 4825/4825 4826/4826
f 4814/4814 4827/4827 4821/4821
f 4821/4821 4827/4827 4828/4828
f 4824/4824 4826/4826 4829/4829
f 4829/4829 4826/4826 4830/4830
f 4829/4829 4830/4830 4831/4831
f 4829/4829 4831/4831 4832/4832
f 4832/4832 4831/4831 4833/4833
f 4832/4832 4833/4833 4834/4834
f 4834/4834 4833/4833 4835/4835
f 4834/4834 4835/4835 4836/4836
f 4834/4834 4836/4836 4837/4837
f 4837/4837 4836/4836 4838/4838
f 4837/4837 4838/4838 4839/4839
f 4839/4839 4838/4838 4805/4805
f 4839/4839 4805/4805 4840/4840
f 4840/4840 4805/4805 4841/4841
f 4841/4841 4805/4805 4842/4842
f 4842/4842 4805/4805 4843/4843
f 4843/4843 4805/4805 4807/4807
f 4844/4844 4845/4845 4846/4846
f 4846/4846 4845/4845 4847/4847
f 4846/4846 4847/4847 4848/4848
f 4848/4848 4847/4847 4849/4849
f 4848/4848 4849/4849 4850/4850
f 4850/4850 4849/4849 4851/4851
f 4851/4851 4849/4849 4852/4852
f 4851/4851 4852/4852 4853/4853
f 4853/4853 4852/4852 4854/4854
f 4853/4853 4854/4854 4855/4855
f 4855/4855 4854/4854 4856/4856
f 4855/4855 4856/4856 4857/4857
f 4857/4857 4856/4856 4858/4858
f 4858/4858 4856/4856 4859/4859
f 4858/4858 4859/4859 4860/4860
f 4860/4860 4859/4859 4861/4861
f 4861/4861 4859/4859 4862/4862
f 4862/4862 4859/4859 4863/4863
f 4862/4862 4863/4863 4864/4864
f 4864/4864 4863/4863 4865/4865
f 4864/4864 4865/4865 4866/4866
f 4866/4866 4865/4865 4867/4867
f 4866/4866 4867/4867 4868/4868
f 4868/4868 4867/4867 4869/4869
f 4869/4869 4867/4867 4870/4870
f 4870/4870 4867/4867 4871/4871
f 4870/4870 4871/4871 4872/4872
f 4872/4872 4871/4871 4873/4873
f 4873/4873 4871/4871 4874/4874
f 4874/4874 4871/4871 4875/4875
f 4874/4874 4875/4875 4876/4876
f 4876/4876 4875/4875 4877/4877
f 4876/4876 4877/4877 4878/4878
f 4878/4878 4877/4877 4879/4879
f 4879/4879 4877/4877 4880/4880
f 4880/4880 4877/4877 4881/4881
f 4880/4880 4881/4881 4882/4882
f 4882/4882 4881/4881 4883/4883
f 4882/4882 4883/4883 4884/4884
f 4884/4884 4883/4883 4885/4885
f 4884/4884 4885/4885 4886/4886
f 4886/4886 4885/4885 4887/4887
f 4886/4886 4887/4887 4888/4888
f 4888/4888 4887/4887 4889/4889
f 4889/4889 4887/4887 4890/4890
f 4890/4890 4887/4887 4891/4891
f 4891/4891 4887/4887 4892/4892
f 4891/4891 4892/4892 4893/4893
f 4893/4893 4892/4892 4894/4894
f 4894/4894 4892/4892 4895/4895
f 4894/4894 4895/4895 4896/4896
f 4896/4896 4895/4895 4897/4897
f 4896/4896 4897/4897 4898/4898
f 4898/4898 4897/4897 4899/4899
f 4898/4898 4899/4899 4900/4900
f 4900/4900 4899/4899 4901/4901
f 4900/4900 4901/4901 4902/4902
f 4902/4902 4901/4901 4844/4844
f 4844/4844 4901/4901 4845/4845

o RoX_Simple_GK_kurz-mesh_5
usemtl material_short_frame_3
v -3.70099998 -0.01083812 1.17678495
v -3.70099998 -0.11869980 1.02669798
v -3.70099998 -0.22751480 1.17678495
v 3.70099998 0.01083812 1.17678495
v 3.70099998 0.11869980 1.02669798
v 3.70099998 0.22751480 1.17678495
vt -0.75043601 -1.08338296
vt 0.75043601 -0.00476599
vt -0.75043601 1.08338296
vt -0.75043601 -1.08338296
vt 0.75043601 -0.00476599
vt -0.75043601 1.08338296
f 4903/4903 4904/4904 4905/4905
f 4906/4906 4907/4907 4908/4908

o RoX_Simple_GK_kurz-mesh_6
usemtl material_short_frame_4
v 3.87922080 2.27090892 2.58480707
v 3.89367484 2.27299494 2.58601099
v 3.87922080 2.28961390 2.51499994
v 3.89367484 2.29202189 2.51499994
v 3.87922080 2.27090892 2.44519297
v 3.89367484 2.27299494 2.44398890
v 3.87922080 2.21980693 2.39409098
v 3.89367484 2.22101100 2.39200495
v 3.87922080 2.14999995 2.37538599
v 3.89367484 2.14999995 2.37297800
v 3.87922080 2.08019298 2.39409098
v 3.89367484 2.07898891 2.39200495
v 3.87922080 2.02909099 2.44519297
v 3.89367484 2.02700496 2.44398890
v 3.87922080 2.01038600 2.51499994
v 3.89367484 2.00797801 2.51499994
v 3.87922080 2.02909099 2.58480707
v 3.89367484 2.02700496 2.58601099
v 3.87922080 2.08019298 2.63590906
v 3.89367484 2.07898891 2.63799494
v 3.87922080 2.14999995 2.65461389
v 3.89367484 2.14999995 2.65702295
v 3.87922080 2.14999995 2.65461389
v 3.89367484 2.14999995 2.65702295
v 3.87922080 2.21980693 2.63590906
v 3.89367484 2.22101100 2.63799494
v 3.91752280 2.25647502 2.44657297
v 3.90754477 2.26890299 2.44635096
v 3.91752280 2.27656687 2.51499994
v 3.90754477 2.28729701 2.51499994
v 3.90754477 2.26890299 2.58364893
v 3.90754477 2.21864894 2.39609690
v 3.91752280 2.20257792 2.39987101
v 3.90754477 2.14999995 2.37770197
v 3.91752280 2.13198802 2.38972102
v 3.90754477 2.08135097 2.39609690
v 3.91752280 2.06711589 2.41934687
v 3.90754477 2.03109691 2.44635096
v 3.91752280 2.02855998 2.47934199
v 3.90754477 2.01270198 2.51499994
v 3.91752280 2.02855998 2.55065790
v 3.90754477 2.03109691 2.58364893
v 3.91752280 2.06711589 2.61065302
v 3.90754477 2.08135097 2.63390283
v 3.91752280 2.13198802 2.64027887
v 3.90754477 2.14999995 2.65229700
v 3.90754477 2.14999995 2.65229700
v 3.91752280 2.13198802 2.64027887
v 3.91752280 2.20257792 2.63012903
v 3.90754477 2.21864894 2.63390283
v 3.91752280 2.25647502 2.58342707
v 3.81599998 2.24421992 2.57555201
v 3.87922080 2.27090892 2.58480707
v 3.81599998 2.26199992 2.51499994
v 3.87922080 2.28961390 2.51499994
v 3.87922080 2.27090892 2.44519297
v 3.87922080 2.21980693 2.63590906
v 3.81599998 2.19652598 2.61687891
v 3.87922080 2.14999995 2.65461389
v 3.81599998 2.13406093 2.62585993
v 3.87922080 2.08019298 2.63590906
v 3.81599998 2.07665599 2.59964380
v 3.87922080 2.02909099 2.58480707
v 3.81599998 2.04253688 2.54655390
v 3.87922080 2.01038600 2.51499994
v 3.87922080 2.01038600 2.51499994
v 3.81599998 2.04253688 2.54655390
v 3.81599998 2.04253688 2.48344599
v 3.87922080 2.02909099 2.44519297
v 3.81599998 2.07665599 2.43035593
v 3.87922080 2.08019298 2.39409098
v 3.81599998 2.13406093 2.40413996
v 3.87922080 2.14999995 2.37538599
v 3.81599998 2.19652598 2.41312098
v 3.87922080 2.21980693 2.39409098
v 3.81599998 2.24421992 2.45444788
v 3.91752280 2.25647502 2.58342707
v 3.94252494 2.19468196 2.55832895
v 3.91752280 2.27656687 2.51499994
v 3.94252494 2.19468196 2.47167093
v 3.91752280 2.25647502 2.44657297
v 3.91752280 2.20257792 2.39987101
v 3.91752280 2.13198802 2.38972102
v 3.94325797 2.10973094 2.47167093
v 3.91752280 2.06711589 2.41934687
v 3.91752280 2.02855998 2.47934199
v 3.94325797 2.10973094 2.55832895
v 3.91752280 2.02855998 2.55065790
v 3.91752280 2.06711589 2.61065302
v 3.91752280 2.13198802 2.64027887
v 3.91752280 2.20257792 2.63012903
v -3.91752280 -2.04352489 2.58342707
v -3.90754477 -2.03109691 2.58364893
v -3.91752280 -2.02343303 2.51499994
v -3.90754477 -2.01270198 2.51499994
v -3.90754477 -2.03109691 2.44635096
v -3.89367484 -2.00797801 2.51499994
v -3.89367484 -2.02700496 2.44398890
v -3.87922080 -2.01038600 2.51499994
v -3.87922080 -2.02909099 2.44519297
v -3.90754477 -2.08135097 2.63390283
v -3.91752280 -2.09742198 2.63012903
v -3.90754477 -2.14999995 2.65229700
v -3.90754477 -2.14999995 2.65229700
v -3.91752280 -2.09742198 2.63012903
v -3.91752280 -2.16801188 2.64027887
v -3.90754477 -2.21864894 2.63390283
v -3.91752280 -2.23288401 2.61065302
v -3.90754477 -2.26890299 2.58364893
v -3.91752280 -2.27143992 2.55065790
v -3.90754477 -2.28729701 2.51499994
v -3.91752280 -2.27143992 2.47934199
v -3.90754477 -2.26890299 2.44635096
v -3.91752280 -2.23288401 2.41934687
v -3.90754477 -2.21864894 2.39609690
v -3.91752280 -2.16801188 2.38972102
v -3.90754477 -2.14999995 2.37770197
v -3.91752280 -2.09742198 2.39987101
v -3.90754477 -2.08135097 2.39609690
v -3.91752280 -2.04352489 2.44657297
v -3.89367484 -2.07898891 2.39200495
v -3.87922080 -2.08019298 2.39409098
v -3.89367484 -2.14999995 2.37297800
v -3.87922080 -2.14999995 2.37538599
v -3.89367484 -2.22101100 2.39200495
v -3.87922080 -2.21980693 2.39409098
v -3.89367484 -2.27299494 2.44398890
v -3.87922080 -2.27090892 2.44519297
v -3.89367484 -2.29202189 2.51499994
v -3.87922080 -2.28961390 2.51499994
v -3.89367484 -2.27299494 2.58601099
v -3.87922080 -2.27090892 2.58480707
v -3.89367484 -2.22101100 2.63799494
v -3.87922080 -2.21980693 2.63590906
v -3.89367484 -2.14999995 2.65702295
v -3.89367484 -2.14999995 2.65702295
v -3.87922080 -2.21980693 2.63590906
v -3.87922080 -2.14999995 2.65461389
v -3.89367484 -2.07898891 2.63799494
v -3.87922080 -2.08019298 2.63590906
v -3.89367484 -2.02700496 2.58601099
v -3.87922080 -2.02909099 2.58480707
v -3.89367484 -2.22101100 2.63799494
v -3.91752280 -2.04352489 2.44657297
v -3.94252494 -2.10531795 2.47167093
v -3.91752280 -2.02343303 2.51499994
v -3.94252494 -2.10531795 2.55832895
v -3.91752280 -2.04352489 2.58342707
v -3.91752280 -2.09742198 2.63012903
v -3.91752280 -2.16801188 2.64027887
v -3.94325797 -2.19026896 2.55832895
v -3.91752280 -2.23288401 2.61065302
v -3.91752280 -2.27143992 2.55065790
v -3.94325797 -2.19026896 2.47167093
v -3.91752280 -2.27143992 2.47934199
v -3.91752280 -2.23288401 2.41934687
v -3.91752280 -2.16801188 2.38972102
v -3.91752280 -2.09742198 2.39987101
v -3.81599998 -2.05577998 2.45444788
v -3.87922080 -2.02909099 2.44519297
v -3.81599998 -2.03799998 2.51499994
v -3.87922080 -2.01038600 2.51499994
v -3.87922080 -2.02909099 2.58480707
v -3.87922080 -2.08019298 2.39409098
v -3.81599998 -2.10347301 2.41312098
v -3.87922080 -2.14999995 2.37538599
v -3.81599998 -2.16593898 2.40413996
v -3.87922080 -2.21980693 2.39409098
v -3.81599998 -2.22334391 2.43035593
v -3.87922080 -2.27090892 2.44519297
v -3.81599998 -2.25746302 2.48344599
v -3.87922080 -2.28961390 2.51499994
v -3.87922080 -2.28961390 2.51499994
v -3.81599998 -2.25746302 2.48344599
v -3.81599998 -2.25746302 2.54655390
v -3.87922080 -2.27090892 2.58480707
v -3.81599998 -2.22334391 2.59964380
v -3.87922080 -2.21980693 2.63590906
v -3.81599998 -2.16593898 2.62585993
v -3.87922080 -2.14999995 2.65461389
v -3.81599998 -2.10347301 2.61687891
v -3.87922080 -2.08019298 2.63590906
v -3.81599998 -2.05577998 2.57555201
v -3.81599998 -2.05577998 2.45444788
v -3.81599998 -2.03799998 2.51499994
v -3.81599998 -2.05100002 2.51499994
v -3.81599998 -2.05577998 2.57555201
v -3.81599998 -2.06990703 2.57319086
v -3.81599998 -2.10347301 2.61687891
v -3.81599998 -2.11940700 2.60915399
v -3.81599998 -2.16593898 2.62585993
v -3.81599998 -2.18059291 2.60915399
v -3.81599998 -2.22334391 2.59964380
v -3.81599998 -2.23009288 2.57319086
v -3.81599998 -2.25746302 2.54655390
v -3.81599998 -2.24899989 2.51499994
v -3.81599998 -2.25746302 2.48344599
v -3.81599998 -2.23009288 2.45680887
v -3.81599998 -2.22334391 2.43035593
v -3.81599998 -2.18059291 2.42084498
v -3.81599998 -2.16593898 2.40413996
v -3.81599998 -2.11940700 2.42084498
v -3.81599998 -2.10347301 2.41312098
v -3.81599998 -2.06990703 2.45680887
vt 0.12354200 2.94303703
vt -0.02448195 2.94303703
vt 0.12354200 2.20727801
vt -0.02448195 2.20727801
vt 0.12354200 1.47151804
vt -0.02448195 1.47151804
vt 0.12354200 0.73575902
vt -0.02448195 0.73575902
vt 0.12354200 0.00000000
vt -0.02448195 0.00000000
vt 0.12354200 -0.73575902
vt -0.02448195 -0.73575902
vt 0.12354200 -1.47151804
vt -0.02448195 -1.47151804
vt 0.12354200 -2.20727801
vt -0.02448195 -2.20727801
vt 0.12354200 -2.94303703
vt -0.02448195 -2.94303703
vt 0.12354200 -3.67879605
vt -0.02448195 -3.67879605
vt 0.12354200 -4.41455507
vt -0.02448195 -4.41455507
vt 0.12354200 4.41455507
vt -0.02448195 4.41455507
vt 0.12354200 3.67879605
vt -0.02448195 3.67879605
vt -0.32053101 1.40463102
vt -0.17250600 1.47151804
vt -0.32053101 2.20727801
vt -0.17250600 2.20727801
vt -0.17250600 2.94303703
vt -0.17250600 0.73575902
vt -0.32053101 0.60198498
vt -0.17250600 0.00000000
vt -0.32053101 -0.20066200
vt -0.17250600 -0.73575902
vt -0.32053101 -1.00330806
vt -0.17250600 -1.47151804
vt -0.32053101 -1.80595398
vt -0.17250600 -2.20727801
vt -0.32053101 -2.60860109
vt -0.17250600 -2.94303703
vt -0.32053101 -3.41124701
vt -0.17250600 -3.67879605
vt -0.32053101 -4.21389389
vt -0.17250600 -4.41455507
vt -0.17250600 4.41455507
vt -0.32053101 4.61521721
vt -0.32053101 3.81257010
vt -0.17250600 3.67879605
vt -0.32053101 3.00992393
vt 0.47468400 0.71860802
vt -0.21520700 0.65872401
vt 0.47468400 0.00000000
vt -0.21520700 0.00000000
vt -0.21520700 -0.65872401
vt -0.21520700 1.31744802
vt 0.47468400 1.43721604
vt -0.21520700 1.97617197
vt 0.47468400 2.15582395
vt -0.21520700 2.63489604
vt 0.47468400 2.87443089
vt -0.21520700 3.29361892
vt 0.47468400 3.59303999
vt -0.21520700 3.95234299
vt -0.21520700 -3.95234299
vt 0.47468400 -4.31164694
vt 0.47468400 -3.59303999
vt -0.21520700 -3.29361892
vt 0.47468400 -2.87443089
vt -0.21520700 -2.63489604
vt 0.47468400 -2.15582395
vt -0.21520700 -1.97617197
vt 0.47468400 -1.43721604
vt -0.21520700 -1.31744802
vt 0.47468400 -0.71860802
vt -0.69224602 1.13798404
vt -0.43528000 0.45528999
vt 0.00000000 1.32051504
vt 0.43528000 0.45528999
vt 0.69224602 1.13798404
vt 1.19169700 0.58979499
vt 1.30583799 -0.20509800
vt 0.43528000 -0.40993401
vt 0.97900599 -0.90777999
vt 0.35768300 -1.27515900
vt -0.43528000 -0.40993401
vt -0.35768300 -1.27515900
vt -0.97900599 -0.90777999
vt -1.30583799 -0.20509800
vt -1.19169700 0.58979499
vt 0.32053101 3.00992393
vt 0.17250600 2.94303703
vt 0.32053101 2.20727801
vt 0.17250600 2.20727801
vt 0.17250600 1.47151804
vt 0.02448195 2.20727801
vt 0.02448195 1.47151804
vt -0.12354200 2.20727801
vt -0.12354200 1.47151804
vt 0.17250600 3.67879605
vt 0.32053101 3.81257105
vt 0.17250600 4.41455507
vt 0.17250600 -4.41455507
vt 0.32053101 -5.01654005
vt 0.32053101 -4.21389294
vt 0.17250600 -3.67879605
vt 0.32053101 -3.41124701
vt 0.17250600 -2.94303703
vt 0.32053101 -2.60860109
vt 0.17250600 -2.20727801
vt 0.32053101 -1.80595398
vt 0.17250600 -1.47151804
vt 0.32053101 -1.00330806
vt 0.17250600 -0.73575902
vt 0.32053101 -0.20066200
vt 0.17250600 0.00000000
vt 0.32053101 0.60198498
vt 0.17250600 0.73575902
vt 0.32053101 1.40463102
vt 0.02448195 0.73575902
vt -0.12354200 0.73575902
vt 0.02448195 0.00000000
vt -0.12354200 0.00000000
vt 0.02448195 -0.73575902
vt -0.12354200 -0.73575902
vt 0.02448195 -1.47151804
vt -0.12354200 -1.47151804
vt 0.02448195 -2.20727801
vt -0.12354200 -2.20727801
vt 0.02448195 -2.94303703
vt -0.12354200 -2.94303703
vt 0.02448195 -3.67879605
vt -0.12354200 -3.67879605
vt 0.02448195 -4.41455507
vt 0.02448195 4.41455507
vt -0.12354200 5.15031481
vt -0.12354200 4.41455507
vt 0.02448195 3.67879605
vt -0.12354200 3.67879605
vt 0.02448195 2.94303703
vt -0.12354200 2.94303703
vt 0.02448195 5.15031481
vt 0.69224602 7.12005997
vt 0.43528000 7.80275297
vt 0.00000000 6.93753004
vt -0.43528000 7.80275297
vt -0.69224602 7.12005997
vt -1.19169700 7.66824913
vt -1.30583799 8.46314335
vt -0.43528000 8.66797924
vt -0.97900599 9.16582394
vt -0.35768300 9.53320408
vt 0.43528000 8.66797924
vt 0.35768300 9.53320408
vt 0.97900599 9.16582394
vt 1.30583799 8.46314335
vt 1.19169700 7.66824913
vt -0.47468400 -0.71860802
vt 0.21520700 -0.65872401
vt -0.47468400 0.00000000
vt 0.21520700 0.00000000
vt 0.21520700 0.65872401
vt 0.21520700 -1.31744802
vt -0.47468400 -1.43721604
vt 0.21520700 -1.97617197
vt -0.47468400 -2.15582395
vt 0.21520700 -2.63489604
vt -0.47468400 -2.87443089
vt 0.21520700 -3.29361892
vt -0.47468400 -3.59303999
vt 0.21520700 -3.95234299
vt 0.21520700 3.95234299
vt -0.47468400 4.31164694
vt -0.47468400 3.59303999
vt 0.21520700 3.29361892
vt -0.47468400 2.87443089
vt 0.21520700 2.63489604
vt -0.47468400 2.15582395
vt 0.21520700 1.97617197
vt -0.47468400 1.43721604
vt 0.21520700 1.31744802
vt -0.47468400 0.71860802
vt 0.60551798 -0.04779595
vt 0.00000000 0.12999991
vt 0.00000000 0.00000000
vt -0.60551798 -0.04779595
vt -0.58190697 -0.18907300
vt -1.01878798 -0.52473497
vt -0.94154602 -0.68407297
vt -1.10860002 -1.14939296
vt -0.94154602 -1.29592705
vt -0.84644002 -1.72344398
vt -0.58190697 -1.79092705
vt -0.31553999 -2.06463194
vt 0.00000000 -1.98000002
vt 0.31553999 -2.06463194
vt 0.58190697 -1.79092705
vt 0.84644002 -1.72344398
vt 0.94154602 -1.29592705
vt 1.10860002 -1.14939296
vt 0.94154602 -0.68407297
vt 1.01878798 -0.52473497
vt 0.58190697 -0.18907300
f 4909/4909 4910/4910 4911/4911
f 4911/4911 4910/4910 4912/4912
f 4911/4911 4912/4912 4913/4913
f 4913/4913 4912/4912 4914/4914
f 4913/4913 4914/4914 4915/4915
f 4915/4915 4914/4914 4916/4916
f 4915/4915 4916/4916 4917/4917
f 4917/4917 4916/4916 4918/4918
f 4917/4917 4918/4918 4919/4919
f 4919/4919 4918/4918 4920/4920
f 4919/4919 4920/4920 4921/4921
f 4921/4921 4920/4920 4922/4922
f 4921/4921 4922/4922 4923/4923
f 4923/4923 4922/4922 4924/4924
f 4923/4923 4924/4924 4925/4925
f 4925/4925 4924/4924 4926/4926
f 4925/4925 4926/4926 4927/4927
f 4927/4927 4926/4926 4928/4928
f 4927/4927 4928/4928 4929/4929
f 4929/4929 4928/4928 4930/4930
f 4931/4931 4932/4932 4933/4933
f 4933/4933 4932/4932 4934/4934
f 4933/4933 4934/4934 4909/4909
f 4909/4909 4934/4934 4910/4910
f 4935/4935 4936/4936 4937/4937
f 4937/4937 4936/4936 4938/4938
f 4937/4937 4938/4938 4939/4939
f 4939/4939 4938/4938 4912/4912
f 4939/4939 4912/4912 4910/4910
f 4936/4936 4935/4935 4940/4940
f 4940/4940 4935/4935 4941/4941
f 4940/4940 4941/4941 4942/4942
f 4942/4942 4941/4941 4943/4943
f 4942/4942 4943/4943 4944/4944
f 4944/4944 4943/4943 4945/4945
f 4944/4944 4945/4945 4946/4946
f 4946/4946 4945/4945 4947/4947
f 4946/4946 4947/4947 4948/4948
f 4948/4948 4947/4947 4949/4949
f 4948/4948 4949/4949 4950/4950
f 4950/4950 4949/4949 4951/4951
f 4950/4950 4951/4951 4952/4952
f 4952/4952 4951/4951 4953/4953
f 4952/4952 4953/4953 4954/4954
f 4955/4955 4956/4956 4957/4957
f 4955/4955 4957/4957 4958/4958
f 4958/4958 4957/4957 4959/4959
f 4958/4958 4959/4959 4939/4939
f 4939/4939 4959/4959 4937/4937
f 4932/4932 4955/4955 4934/4934
f 4934/4934 4955/4955 4958/4958
f 4934/4934 4958/4958 4910/4910
f 4910/4910 4958/4958 4939/4939
f 4954/4954 4930/4930 4952/4952
f 4952/4952 4930/4930 4928/4928
f 4952/4952 4928/4928 4950/4950
f 4950/4950 4928/4928 4926/4926
f 4950/4950 4926/4926 4948/4948
f 4948/4948 4926/4926 4924/4924
f 4948/4948 4924/4924 4946/4946
f 4946/4946 4924/4924 4922/4922
f 4946/4946 4922/4922 4944/4944
f 4944/4944 4922/4922 4920/4920
f 4944/4944 4920/4920 4942/4942
f 4942/4942 4920/4920 4918/4918
f 4942/4942 4918/4918 4940/4940
f 4940/4940 4918/4918 4916/4916
f 4940/4940 4916/4916 4936/4936
f 4936/4936 4916/4916 4914/4914
f 4936/4936 4914/4914 4938/4938
f 4938/4938 4914/4914 4912/4912
f 4960/4960 4961/4961 4962/4962
f 4962/4962 4961/4961 4963/4963
f 4962/4962 4963/4963 4964/4964
f 4961/4961 4960/4960 4965/4965
f 4965/4965 4960/4960 4966/4966
f 4965/4965 4966/4966 4967/4967
f 4967/4967 4966/4966 4968/4968
f 4967/4967 4968/4968 4969/4969
f 4969/4969 4968/4968 4970/4970
f 4969/4969 4970/4970 4971/4971
f 4971/4971 4970/4970 4972/4972
f 4971/4971 4972/4972 4973/4973
f 4974/4974 4975/4975 4976/4976
f 4974/4974 4976/4976 4977/4977
f 4977/4977 4976/4976 4978/4978
f 4977/4977 4978/4978 4979/4979
f 4979/4979 4978/4978 4980/4980
f 4979/4979 4980/4980 4981/4981
f 4981/4981 4980/4980 4982/4982
f 4981/4981 4982/4982 4983/4983
f 4983/4983 4982/4982 4984/4984
f 4983/4983 4984/4984 4964/4964
f 4964/4964 4984/4984 4962/4962
f 4985/4985 4986/4986 4987/4987
f 4987/4987 4986/4986 4988/4988
f 4987/4987 4988/4988 4989/4989
f 4989/4989 4988/4988 4990/4990
f 4990/4990 4988/4988 4991/4991
f 4991/4991 4988/4988 4992/4992
f 4991/4991 4992/4992 4993/4993
f 4993/4993 4992/4992 4994/4994
f 4994/4994 4992/4992 4995/4995
f 4994/4994 4995/4995 4996/4996
f 4996/4996 4995/4995 4997/4997
f 4997/4997 4995/4995 4998/4998
f 4998/4998 4995/4995 4986/4986
f 4998/4998 4986/4986 4999/4999
f 4999/4999 4986/4986 4985/4985
f 4992/4992 4988/4988 4986/4986
f 4995/4995 4992/4992 4986/4986
f 5000/5000 5001/5001 5002/5002
f 5002/5002 5001/5001 5003/5003
f 5002/5002 5003/5003 5004/5004
f 5004/5004 5003/5003 5005/5005
f 5004/5004 5005/5005 5006/5006
f 5006/5006 5005/5005 5007/5007
f 5006/5006 5007/5007 5008/5008
f 5001/5001 5000/5000 5009/5009
f 5009/5009 5000/5000 5010/5010
f 5009/5009 5010/5010 5011/5011
f 5012/5012 5013/5013 5014/5014
f 5012/5012 5014/5014 5015/5015
f 5015/5015 5014/5014 5016/5016
f 5015/5015 5016/5016 5017/5017
f 5017/5017 5016/5016 5018/5018
f 5017/5017 5018/5018 5019/5019
f 5019/5019 5018/5018 5020/5020
f 5019/5019 5020/5020 5021/5021
f 5021/5021 5020/5020 5022/5022
f 5021/5021 5022/5022 5023/5023
f 5023/5023 5022/5022 5024/5024
f 5023/5023 5024/5024 5025/5025
f 5025/5025 5024/5024 5026/5026
f 5025/5025 5026/5026 5027/5027
f 5027/5027 5026/5026 5028/5028
f 5027/5027 5028/5028 5004/5004
f 5004/5004 5028/5028 5002/5002
f 5006/5006 5008/5008 5029/5029
f 5029/5029 5008/5008 5030/5030
f 5029/5029 5030/5030 5031/5031
f 5031/5031 5030/5030 5032/5032
f 5031/5031 5032/5032 5033/5033
f 5033/5033 5032/5032 5034/5034
f 5033/5033 5034/5034 5035/5035
f 5035/5035 5034/5034 5036/5036
f 5035/5035 5036/5036 5037/5037
f 5037/5037 5036/5036 5038/5038
f 5037/5037 5038/5038 5039/5039
f 5039/5039 5038/5038 5040/5040
f 5039/5039 5040/5040 5041/5041
f 5041/5041 5040/5040 5042/5042
f 5041/5041 5042/5042 5043/5043
f 5044/5044 5045/5045 5046/5046
f 5044/5044 5046/5046 5047/5047
f 5047/5047 5046/5046 5048/5048
f 5047/5047 5048/5048 5049/5049
f 5049/5049 5048/5048 5050/5050
f 5049/5049 5050/5050 5005/5005
f 5005/5005 5050/5050 5007/5007
f 5011/5011 5044/5044 5009/5009
f 5009/5009 5044/5044 5047/5047
f 5009/5009 5047/5047 5001/5001
f 5001/5001 5047/5047 5049/5049
f 5001/5001 5049/5049 5003/5003
f 5003/5003 5049/5049 5005/5005
f 5044/5044 5011/5011 5051/5051
f 5041/5041 5012/5012 5015/5015
f 5041/5041 5015/5015 5039/5039
f 5039/5039 5015/5015 5017/5017
f 5039/5039 5017/5017 5037/5037
f 5037/5037 5017/5017 5019/5019
f 5037/5037 5019/5019 5035/5035
f 5035/5035 5019/5019 5021/5021
f 5035/5035 5021/5021 5033/5033
f 5033/5033 5021/5021 5023/5023
f 5033/5033 5023/5023 5031/5031
f 5031/5031 5023/5023 5025/5025
f 5031/5031 5025/5025 5029/5029
f 5029/5029 5025/5025 5027/5027
f 5029/5029 5027/5027 5006/5006
f 5006/5006 5027/5027 5004/5004
f 5052/5052 5053/5053 5054/5054
f 5054/5054 5053/5053 5055/5055
f 5054/5054 5055/5055 5056/5056
f 5056/5056 5055/5055 5057/5057
f 5057/5057 5055/5055 5058/5058
f 5058/5058 5055/5055 5059/5059
f 5058/5058 5059/5059 5060/5060
f 5060/5060 5059/5059 5061/5061
f 5061/5061 5059/5059 5062/5062
f 5061/5061 5062/5062 5063/5063
f 5063/5063 5062/5062 5064/5064
f 5064/5064 5062/5062 5065/5065
f 5065/5065 5062/5062 5053/5053
f 5065/5065 5053/5053 5066/5066
f 5066/5066 5053/5053 5052/5052
f 5059/5059 5055/5055 5053/5053
f 5062/5062 5059/5059 5053/5053
f 5067/5067 5068/5068 5069/5069
f 5069/5069 5068/5068 5070/5070
f 5069/5069 5070/5070 5071/5071
f 5068/5068 5067/5067 5072/5072
f 5072/5072 5067/5067 5073/5073
f 5072/5072 5073/5073 5074/5074
f 5074/5074 5073/5073 5075/5075
f 5074/5074 5075/5075 5076/5076
f 5076/5076 5075/5075 5077/5077
f 5076/5076 5077/5077 5078/5078
f 5078/5078 5077/5077 5079/5079
f 5078/5078 5079/5079 5080/5080
f 5081/5081 5082/5082 5083/5083
f 5081/5081 5083/5083 5084/5084
f 5084/5084 5083/5083 5085/5085
f 5084/5084 5085/5085 5086/5086
f 5086/5086 5085/5085 5087/5087
f 5086/5086 5087/5087 5088/5088
f 5088/5088 5087/5087 5089/5089
f 5088/5088 5089/5089 5090/5090
f 5090/5090 5089/5089 5091/5091
f 5090/5090 5091/5091 5071/5071
f 5071/5071 5091/5091 5069/5069
f 5092/5092 5093/5093 5094/5094
f 5094/5094 5093/5093 5095/5095
f 5094/5094 5095/5095 5096/5096
f 5096/5096 5095/5095 5097/5097
f 5096/5096 5097/5097 5098/5098
f 5098/5098 5097/5097 5099/5099
f 5098/5098 5099/5099 5100/5100
f 5100/5100 5099/5099 5101/5101
f 5100/5100 5101/5101 5102/5102
f 5102/5102 5101/5101 5103/5103
f 5102/5102 5103/5103 5104/5104
f 5104/5104 5103/5103 5105/5105
f 5104/5104 5105/5105 5106/5106
f 5106/5106 5105/5105 5107/5107
f 5106/5106 5107/5107 5108/5108
f 5108/5108 5107/5107 5109/5109
f 5108/5108 5109/5109 5110/5110
f 5110/5110 5109/5109 5111/5111
f 5110/5110 5111/5111 5112/5112
f 5112/5112 5111/5111 5092/5092
f 5112/5112 5092/5092 5094/5094

o RoX_Simple_GK_kurz-mesh_7
usemtl material_short_frame_5
v 3.70499992 2.27124293 2.58499994
v 3.71899986 2.27124293 2.58499994
v 3.70499992 2.28999995 2.51499994
v 3.71899986 2.28999995 2.51499994
v 3.70499992 2.27124293 2.44499995
v 3.71899986 2.27124293 2.44499995
v 3.70499992 2.21999995 2.39375590
v 3.71899986 2.21999995 2.39375590
v 3.70499992 2.14999995 2.37499995
v 3.71899986 2.14999995 2.37499995
v 3.70499992 2.07999995 2.39375590
v 3.71899986 2.07999995 2.39375590
v 3.70499992 2.02875697 2.44499995
v 3.71899986 2.02875697 2.44499995
v 3.70499992 2.00999996 2.51499994
v 3.71899986 2.00999996 2.51499994
v 3.70499992 2.00999996 2.51499994
v 3.71899986 2.00999996 2.51499994
v 3.70499992 2.02875697 2.58499994
v 3.71899986 2.02875697 2.58499994
v 3.70499992 2.07999995 2.63624384
v 3.71899986 2.07999995 2.63624384
v 3.70499992 2.14999995 2.65499994
v 3.71899986 2.14999995 2.65499994
v 3.70499992 2.21999995 2.63624384
v 3.71899986 2.21999995 2.63624384
v 3.71899986 2.27124293 2.44499995
v 3.71899986 2.28999995 2.51499994
v 3.75899985 2.24899989 2.51499994
v 3.71899986 2.27124293 2.58499994
v 3.75899985 2.23009288 2.57319086
v 3.71899986 2.21999995 2.63624384
v 3.75899985 2.18059291 2.60915399
v 3.71899986 2.14999995 2.65499994
v 3.75899985 2.11940700 2.60915399
v 3.71899986 2.07999995 2.63624384
v 3.75899985 2.06990703 2.57319086
v 3.71899986 2.02875697 2.58499994
v 3.75899985 2.05100002 2.51499994
v 3.71899986 2.00999996 2.51499994
v 3.75899985 2.05100002 2.51499994
v 3.71899986 2.00999996 2.51499994
v 3.71899986 2.02875697 2.44499995
v 3.75899985 2.06990703 2.45680887
v 3.71899986 2.07999995 2.39375590
v 3.75899985 2.11940700 2.42084498
v 3.71899986 2.14999995 2.37499995
v 3.75899985 2.18059291 2.42084498
v 3.71899986 2.21999995 2.39375590
v 3.75899985 2.23009288 2.45680887
v 3.75899985 2.23009288 2.57319086
v 3.78399985 2.23009288 2.57319086
v 3.75899985 2.24899989 2.51499994
v 3.78399985 2.24899989 2.51499994
v 3.75899985 2.23009288 2.45680887
v 3.78399985 2.23009288 2.45680887
v 3.75899985 2.18059291 2.42084498
v 3.78399985 2.18059291 2.42084498
v 3.75899985 2.11940700 2.42084498
v 3.78399985 2.11940700 2.42084498
v 3.75899985 2.06990703 2.45680887
v 3.78399985 2.06990703 2.45680887
v 3.75899985 2.05100002 2.51499994
v 3.78399985 2.05100002 2.51499994
v 3.75899985 2.05100002 2.51499994
v 3.78399985 2.05100002 2.51499994
v 3.75899985 2.06990703 2.57319086
v 3.78399985 2.06990703 2.57319086
v 3.75899985 2.11940700 2.60915399
v 3.78399985 2.11940700 2.60915399
v 3.75899985 2.18059291 2.60915399
v 3.78399985 2.18059291 2.60915399
v -3.79099998 -2.07076594 2.57256708
v -3.75899985 -2.07076594 2.57256708
v -3.79099998 -2.05206203 2.51499994
v -3.75899985 -2.05206203 2.51499994
v -3.79099998 -2.07076594 2.45743296
v -3.75899985 -2.07076594 2.45743296
v -3.79099998 -2.11973491 2.42185496
v -3.75899985 -2.11973491 2.42185496
v -3.79099998 -2.18026500 2.42185496
v -3.75899985 -2.18026500 2.42185496
v -3.79099998 -2.22923396 2.45743296
v -3.75899985 -2.22923396 2.45743296
v -3.79099998 -2.24793788 2.51499994
v -3.75899985 -2.24793788 2.51499994
v -3.79099998 -2.24793788 2.51499994
v -3.75899985 -2.24793788 2.51499994
v -3.79099998 -2.22923396 2.57256708
v -3.75899985 -2.22923396 2.57256708
v -3.79099998 -2.18026500 2.60814508
v -3.75899985 -2.18026500 2.60814508
v -3.79099998 -2.11973491 2.60814508
v -3.75899985 -2.11973491 2.60814508
v -3.75899985 -2.06990703 2.57319086
v -3.71899986 -2.02875697 2.58499994
v -3.75899985 -2.05100002 2.51499994
v -3.71899986 -2.00999996 2.51499994
v -3.71899986 -2.02875697 2.44499995
v -3.71899986 -2.07999995 2.63624384
v -3.75899985 -2.11940700 2.60915399
v -3.71899986 -2.14999995 2.65499994
v -3.75899985 -2.18059291 2.60915399
v -3.71899986 -2.21999995 2.63624384
v -3.75899985 -2.23009288 2.57319086
v -3.71899986 -2.27124293 2.58499994
v -3.75899985 -2.24899989 2.51499994
v -3.71899986 -2.28999995 2.51499994
v -3.71899986 -2.28999995 2.51499994
v -3.75899985 -2.24899989 2.51499994
v -3.71899986 -2.27124293 2.44499995
v -3.75899985 -2.23009288 2.45680887
v -3.71899986 -2.21999995 2.39375590
v -3.75899985 -2.18059291 2.42084498
v -3.71899986 -2.14999995 2.37499995
v -3.75899985 -2.11940700 2.42084498
v -3.71899986 -2.07999995 2.39375590
v -3.75899985 -2.06990703 2.45680887
v -3.71899986 -2.02875697 2.58499994
v -3.70399986 -2.02875697 2.58499994
v -3.71899986 -2.00999996 2.51499994
v -3.70399986 -2.00999996 2.51499994
v -3.71899986 -2.02875697 2.44499995
v -3.70399986 -2.02875697 2.44499995
v -3.71899986 -2.07999995 2.39375590
v -3.70399986 -2.07999995 2.39375590
v -3.71899986 -2.14999995 2.37499995
v -3.70399986 -2.14999995 2.37499995
v -3.71899986 -2.21999995 2.39375590
v -3.70399986 -2.21999995 2.39375590
v -3.71899986 -2.27124293 2.44499995
v -3.70399986 -2.27124293 2.44499995
v -3.71899986 -2.28999995 2.51499994
v -3.70399986 -2.28999995 2.51499994
v -3.71899986 -2.28999995 2.51499994
v -3.70399986 -2.28999995 2.51499994
v -3.71899986 -2.27124293 2.58499994
v -3.70399986 -2.27124293 2.58499994
v -3.71899986 -2.21999995 2.63624384
v -3.70399986 -2.21999995 2.63624384
v -3.71899986 -2.14999995 2.65499994
v -3.70399986 -2.14999995 2.65499994
v -3.71899986 -2.07999995 2.63624384
v -3.70399986 -2.07999995 2.63624384
vt 0.06999999 0.73303801
vt -0.06999999 0.73303801
vt 0.06999999 0.00000000
vt -0.06999999 0.00000000
vt 0.06999999 -0.73303801
vt -0.06999999 -0.73303801
vt 0.06999999 -1.46607697
vt -0.06999999 -1.46607697
vt 0.06999999 -2.19911504
vt -0.06999999 -2.19911504
vt 0.06999999 -2.93215299
vt -0.06999999 -2.93215299
vt 0.06999999 -3.66519094
vt -0.06999999 -3.66519094
vt 0.06999999 -4.39823008
vt -0.06999999 -4.39823008
vt 0.06999999 4.39823008
vt -0.06999999 4.39823008
vt 0.06999999 3.66519094
vt -0.06999999 3.66519094
vt 0.06999999 2.93215299
vt -0.06999999 2.93215299
vt 0.06999999 2.19911504
vt -0.06999999 2.19911504
vt 0.06999999 1.46607697
vt -0.06999999 1.46607697
vt 0.28639999 -0.62570101
vt 0.28639999 0.00000000
vt -0.28639999 0.00000000
vt 0.28639999 0.62570101
vt -0.28639999 0.75084102
vt 0.28639999 1.25140095
vt -0.28639999 1.50168097
vt 0.28639999 1.87710202
vt -0.28639999 2.25252199
vt 0.28639999 2.50280190
vt -0.28639999 3.00336289
vt 0.28639999 3.12850308
vt -0.28639999 3.75420403
vt 0.28639999 3.75420403
vt -0.28639999 -3.75420403
vt 0.28639999 -3.75420403
vt 0.28639999 -3.12850308
vt -0.28639999 -3.00336289
vt 0.28639999 -2.50280190
vt -0.28639999 -2.25252199
vt 0.28639999 -1.87710202
vt -0.28639999 -1.50168097
vt 0.28639999 -1.25140095
vt -0.28639999 -0.75084102
vt 0.12500000 0.62203503
vt -0.12500000 0.62203503
vt 0.12500000 0.00000000
vt -0.12500000 0.00000000
vt 0.12500000 -0.62203503
vt -0.12500000 -0.62203503
vt 0.12500000 -1.24407101
vt -0.12500000 -1.24407101
vt 0.12500000 -1.86610603
vt -0.12500000 -1.86610603
vt 0.12500000 -2.48814201
vt -0.12500000 -2.48814201
vt 0.12500000 -3.11017704
vt -0.12500000 -3.11017704
vt 0.12500000 3.11017704
vt -0.12500000 3.11017704
vt 0.12500000 2.48814201
vt -0.12500000 2.48814201
vt 0.12500000 1.86610603
vt -0.12500000 1.86610603
vt 0.12500000 1.24407101
vt -0.12500000 1.24407101
vt 0.16000000 0.61536402
vt -0.16000000 0.61536402
vt 0.16000000 0.00000000
vt -0.16000000 0.00000000
vt 0.16000000 -0.61536402
vt -0.16000000 -0.61536402
vt 0.16000000 -1.23072803
vt -0.16000000 -1.23072803
vt 0.16000000 -1.84609199
vt -0.16000000 -1.84609199
vt 0.16000000 -2.46145606
vt -0.16000000 -2.46145606
vt 0.16000000 -3.07681894
vt -0.16000000 -3.07681894
vt 0.16000000 3.07681894
vt -0.16000000 3.07681894
vt 0.16000000 2.46145606
vt -0.16000000 2.46145606
vt 0.16000000 1.84609199
vt -0.16000000 1.84609199
vt 0.16000000 1.23072803
vt -0.16000000 1.23072803
vt 0.28639999 0.75084102
vt -0.28639999 0.62570101
vt 0.28639999 0.00000000
vt -0.28639999 0.00000000
vt -0.28639999 -0.62570101
vt -0.28639999 1.25140095
vt 0.28639999 1.50168097
vt -0.28639999 1.87710202
vt 0.28639999 2.25252199
vt -0.28639999 2.50280190
vt 0.28639999 3.00336289
vt -0.28639999 3.12850308
vt 0.28639999 3.75420403
vt -0.28639999 3.75420403
vt -0.28639999 -3.75420403
vt 0.28639999 -3.75420403
vt -0.28639999 -3.12850308
vt 0.28639999 -3.00336289
vt -0.28639999 -2.50280190
vt 0.28639999 -2.25252199
vt -0.28639999 -1.87710202
vt 0.28639999 -1.50168097
vt -0.28639999 -1.25140095
vt 0.28639999 -0.75084102
vt 0.07499998 0.73303801
vt -0.07499998 0.73303801
vt 0.07499998 0.00000000
vt -0.07499998 0.00000000
vt 0.07499998 -0.73303801
vt -0.07499998 -0.73303801
vt 0.07499998 -1.46607697
vt -0.07499998 -1.46607697
vt 0.07499998 -2.19911504
vt -0.07499998 -2.19911504
vt 0.07499998 -2.93215299
vt -0.07499998 -2.93215299
vt 0.07499998 -3.66519094
vt -0.07499998 -3.66519094
vt 0.07499998 -4.39823008
vt -0.07499998 -4.39823008
vt 0.07499998 4.39823008
vt -0.07499998 4.39823008
vt 0.07499998 3.66519094
vt -0.07499998 3.66519094
vt 0.07499998 2.93215299
vt -0.07499998 2.93215299
vt 0.07499998 2.19911504
vt -0.07499998 2.19911504
vt 0.07499998 1.46607697
vt -0.07499998 1.46607697
f 5113/5113 5114/5114 5115/5115
f 5115/5115 5114/5114 5116/5116
f 5115/5115 5116/5116 5117/5117
f 5117/5117 5116/5116 5118/5118
f 5117/5117 5118/5118 5119/5119
f 5119/5119 5118/5118 5120/5120
f 5119/5119 5120/5120 5121/5121
f 5121/5121 5120/5120 5122/5122
f 5121/5121 5122/5122 5123/5123
f 5123/5123 5122/5122 5124/5124
f 5123/5123 5124/5124 5125/5125
f 5125/5125 5124/5124 5126/5126
f 5125/5125 5126/5126 5127/5127
f 5127/5127 5126/5126 5128/5128
f 5129/5129 5130/5130 5131/5131
f 5131/5131 5130/5130 5132/5132
f 5131/5131 5132/5132 5133/5133
f 5133/5133 5132/5132 5134/5134
f 5133/5133 5134/5134 5135/5135
f 5135/5135 5134/5134 5136/5136
f 5135/5135 5136/5136 5137/5137
f 5137/5137 5136/5136 5138/5138
f 5137/5137 5138/5138 5113/5113
f 5113/5113 5138/5138 5114/5114
f 5139/5139 5140/5140 5141/5141
f 5141/5141 5140/5140 5142/5142
f 5141/5141 5142/5142 5143/5143
f 5143/5143 5142/5142 5144/5144
f 5143/5143 5144/5144 5145/5145
f 5145/5145 5144/5144 5146/5146
f 5145/5145 5146/5146 5147/5147
f 5147/5147 5146/5146 5148/5148
f 5147/5147 5148/5148 5149/5149
f 5149/5149 5148/5148 5150/5150
f 5149/5149 5150/5150 5151/5151
f 5151/5151 5150/5150 5152/5152
f 5153/5153 5154/5154 5155/5155
f 5153/5153 5155/5155 5156/5156
f 5156/5156 5155/5155 5157/5157
f 5156/5156 5157/5157 5158/5158
f 5158/5158 5157/5157 5159/5159
f 5158/5158 5159/5159 5160/5160
f 5160/5160 5159/5159 5161/5161
f 5160/5160 5161/5161 5162/5162
f 5162/5162 5161/5161 5139/5139
f 5162/5162 5139/5139 5141/5141
f 5163/5163 5164/5164 5165/5165
f 5165/5165 5164/5164 5166/5166
f 5165/5165 5166/5166 5167/5167
f 5167/5167 5166/5166 5168/5168
f 5167/5167 5168/5168 5169/5169
f 5169/5169 5168/5168 5170/5170
f 5169/5169 5170/5170 5171/5171
f 5171/5171 5170/5170 5172/5172
f 5171/5171 5172/5172 5173/5173
f 5173/5173 5172/5172 5174/5174
f 5173/5173 5174/5174 5175/5175
f 5175/5175 5174/5174 5176/5176
f 5177/5177 5178/5178 5179/5179
f 5179/5179 5178/5178 5180/5180
f 5179/5179 5180/5180 5181/5181
f 5181/5181 5180/5180 5182/5182
f 5181/5181 5182/5182 5183/5183
f 5183/5183 5182/5182 5184/5184
f 5183/5183 5184/5184 5163/5163
f 5163/5163 5184/5184 5164/5164
f 5185/5185 5186/5186 5187/5187
f 5187/5187 5186/5186 5188/5188
f 5187/5187 5188/5188 5189/5189
f 5189/5189 5188/5188 5190/5190
f 5189/5189 5190/5190 5191/5191
f 5191/5191 5190/5190 5192/5192
f 5191/5191 5192/5192 5193/5193
f 5193/5193 5192/5192 5194/5194
f 5193/5193 5194/5194 5195/5195
f 5195/5195 5194/5194 5196/5196
f 5195/5195 5196/5196 5197/5197
f 5197/5197 5196/5196 5198/5198
f 5199/5199 5200/5200 5201/5201
f 5201/5201 5200/5200 5202/5202
f 5201/5201 5202/5202 5203/5203
f 5203/5203 5202/5202 5204/5204
f 5203/5203 5204/5204 5205/5205
f 5205/5205 5204/5204 5206/5206
f 5205/5205 5206/5206 5185/5185
f 5185/5185 5206/5206 5186/5186
f 5207/5207 5208/5208 5209/5209
f 5209/5209 5208/5208 5210/5210
f 5209/5209 5210/5210 5211/5211
f 5208/5208 5207/5207 5212/5212
f 5212/5212 5207/5207 5213/5213
f 5212/5212 5213/5213 5214/5214
f 5214/5214 5213/5213 5215/5215
f 5214/5214 5215/5215 5216/5216
f 5216/5216 5215/5215 5217/5217
f 5216/5216 5217/5217 5218/5218
f 5218/5218 5217/5217 5219/5219
f 5218/5218 5219/5219 5220/5220
f 5221/5221 5222/5222 5223/5223
f 5223/5223 5222/5222 5224/5224
f 5223/5223 5224/5224 5225/5225
f 5225/5225 5224/5224 5226/5226
f 5225/5225 5226/5226 5227/5227
f 5227/5227 5226/5226 5228/5228
f 5227/5227 5228/5228 5229/5229
f 5229/5229 5228/5228 5230/5230
f 5229/5229 5230/5230 5211/5211
f 5211/5211 5230/5230 5209/5209
f 5231/5231 5232/5232 5233/5233
f 5233/5233 5232/5232 5234/5234
f 5233/5233 5234/5234 5235/5235
f 5235/5235 5234/5234 5236/5236
f 5235/5235 5236/5236 5237/5237
f 5237/5237 5236/5236 5238/5238
f 5237/5237 5238/5238 5239/5239
f 5239/5239 5238/5238 5240/5240
f 5239/5239 5240/5240 5241/5241
f 5241/5241 5240/5240 5242/5242
f 5241/5241 5242/5242 5243/5243
f 5243/5243 5242/5242 5244/5244
f 5243/5243 5244/5244 5245/5245
f 5245/5245 5244/5244 5246/5246
f 5247/5247 5248/5248 5249/5249
f 5249/5249 5248/5248 5250/5250
f 5249/5249 5250/5250 5251/5251
f 5251/5251 5250/5250 5252/5252
f 5251/5251 5252/5252 5253/5253
f 5253/5253 5252/5252 5254/5254
f 5253/5253 5254/5254 5255/5255
f 5255/5255 5254/5254 5256/5256
f 5255/5255 5256/5256 5231/5231
f 5231/5231 5256/5256 5232/5232

o RoX_Simple_GK_kurz-mesh_8
usemtl material_short_frame_6
v 3.78399985 2.22923487 2.57256800
v 3.81599998 2.22923487 2.57256800
v 3.78399985 2.24794001 2.51499994
v 3.81599998 2.24794001 2.51499994
v 3.78399985 2.22923487 2.45743189
v 3.81599998 2.22923487 2.45743189
v 3.78399985 2.18026500 2.42185297
v 3.81599998 2.18026500 2.42185297
v 3.78399985 2.11973491 2.42185297
v 3.81599998 2.11973491 2.42185297
v 3.78399985 2.07076503 2.45743189
v 3.81599998 2.07076503 2.45743189
v 3.78399985 2.05205989 2.51499994
v 3.81599998 2.05205989 2.51499994
v 3.78399985 2.05205989 2.51499994
v 3.81599998 2.05205989 2.51499994
v 3.78399985 2.07076503 2.57256800
v 3.81599998 2.07076503 2.57256800
v 3.78399985 2.11973491 2.60814600
v 3.81599998 2.11973491 2.60814600
v 3.78399985 2.18026500 2.60814600
v 3.81599998 2.18026500 2.60814600
v -3.81599998 -2.06990703 2.57319086
v -3.79099998 -2.06990703 2.57319086
v -3.81599998 -2.05100002 2.51499994
v -3.79099998 -2.05100002 2.51499994
v -3.81599998 -2.06990703 2.45680887
v -3.79099998 -2.06990703 2.45680887
v -3.81599998 -2.11940700 2.42084498
v -3.79099998 -2.11940700 2.42084498
v -3.81599998 -2.18059291 2.42084498
v -3.79099998 -2.18059291 2.42084498
v -3.81599998 -2.23009288 2.45680887
v -3.79099998 -2.23009288 2.45680887
v -3.81599998 -2.24899989 2.51499994
v -3.79099998 -2.24899989 2.51499994
v -3.81599998 -2.24899989 2.51499994
v -3.79099998 -2.24899989 2.51499994
v -3.81599998 -2.23009288 2.57319086
v -3.79099998 -2.23009288 2.57319086
v -3.81599998 -2.18059291 2.60915399
v -3.79099998 -2.18059291 2.60915399
v -3.81599998 -2.11940700 2.60915399
v -3.79099998 -2.11940700 2.60915399
vt 0.16000000 0.61537498
vt -0.16000000 0.61537498
vt 0.16000000 0.00000000
vt -0.16000000 0.00000000
vt 0.16000000 -0.61537498
vt -0.16000000 -0.61537498
vt 0.16000000 -1.23074996
vt -0.16000000 -1.23074996
vt 0.16000000 -1.84612501
vt -0.16000000 -1.84612501
vt 0.16000000 -2.46150088
vt -0.16000000 -2.46150088
vt 0.16000000 -3.07687593
vt -0.16000000 -3.07687593
vt 0.16000000 3.07687593
vt -0.16000000 3.07687593
vt 0.16000000 2.46150088
vt -0.16000000 2.46150088
vt 0.16000000 1.84612501
vt -0.16000000 1.84612501
vt 0.16000000 1.23074996
vt -0.16000000 1.23074996
vt 0.12500000 0.62203503
vt -0.12500000 0.62203503
vt 0.12500000 0.00000000
vt -0.12500000 0.00000000
vt 0.12500000 -0.62203503
vt -0.12500000 -0.62203503
vt 0.12500000 -1.24407101
vt -0.12500000 -1.24407101
vt 0.12500000 -1.86610603
vt -0.12500000 -1.86610603
vt 0.12500000 -2.48814201
vt -0.12500000 -2.48814201
vt 0.12500000 -3.11017704
vt -0.12500000 -3.11017704
vt 0.12500000 3.11017704
vt -0.12500000 3.11017704
vt 0.12500000 2.48814201
vt -0.12500000 2.48814201
vt 0.12500000 1.86610603
vt -0.12500000 1.86610603
vt 0.12500000 1.24407101
vt -0.12500000 1.24407101
f 5257/5257 5258/5258 5259/5259
f 5259/5259 5258/5258 5260/5260
f 5259/5259 5260/5260 5261/5261
f 5261/5261 5260/5260 5262/5262
f 5261/5261 5262/5262 5263/5263
f 5263/5263 5262/5262 5264/5264
f 5263/5263 5264/5264 5265/5265
f 5265/5265 5264/5264 5266/5266
f 5265/5265 5266/5266 5267/5267
f 5267/5267 5266/5266 5268/5268
f 5267/5267 5268/5268 5269/5269
f 5269/5269 5268/5268 5270/5270
f 5271/5271 5272/5272 5273/5273
f 5273/5273 5272/5272 5274/5274
f 5273/5273 5274/5274 5275/5275
f 5275/5275 5274/5274 5276/5276
f 5275/5275 5276/5276 5277/5277
f 5277/5277 5276/5276 5278/5278
f 5277/5277 5278/5278 5257/5257
f 5257/5257 5278/5278 5258/5258
f 5279/5279 5280/5280 5281/5281
f 5281/5281 5280/5280 5282/5282
f 5281/5281 5282/5282 5283/5283
f 5283/5283 5282/5282 5284/5284
f 5283/5283 5284/5284 5285/5285
f 5285/5285 5284/5284 5286/5286
f 5285/5285 5286/5286 5287/5287
f 5287/5287 5286/5286 5288/5288
f 5287/5287 5288/5288 5289/5289
f 5289/5289 5288/5288 5290/5290
f 5289/5289 5290/5290 5291/5291
f 5291/5291 5290/5290 5292/5292
f 5293/5293 5294/5294 5295/5295
f 5295/5295 5294/5294 5296/5296
f 5295/5295 5296/5296 5297/5297
f 5297/5297 5296/5296 5298/5298
f 5297/5297 5298/5298 5299/5299
f 5299/5299 5298/5298 5300/5300
f 5299/5299 5300/5300 5279/5279
f 5279/5279 5300/5300 5280/5280

o RoX_Simple_GK_kurz-mesh_9
usemtl material_short_frame_7
v -3.73399986 -0.85135618 2.63918299
v -3.73899986 -0.83878408 2.66920587
v -3.73399986 -0.83650000 2.67999994
v -3.73899986 -0.84616766 2.71107996
v -3.73399986 -0.85135618 2.72081689
v -3.73899986 -0.87873999 2.73841180
v -3.73399986 -0.88897329 2.74253503
v -3.73899986 -0.92126005 2.73841180
v -3.73399986 -0.93175009 2.73499292
v -3.73899986 -0.95383230 2.71107996
v -3.73399986 -0.95967046 2.70171899
v -3.73899986 -0.96121588 2.66920587
v -3.73399986 -0.95967046 2.65828180
v -3.73899986 -0.93995588 2.63238306
v -3.73399986 -0.93175009 2.62500696
v -3.73899986 -0.89999998 2.61783991
v -3.73399986 -0.88897329 2.61746485
v -3.73399986 -0.88897329 2.61746485
v -3.73899986 -0.89999998 2.61783991
v -3.73899986 -0.86004415 2.63238306
v -3.74399986 -0.85901670 2.71438898
v -3.74265983 -0.84933744 2.70924982
v -3.74399986 -0.84650000 2.67999994
v -3.74265983 -0.84238874 2.66984186
v -3.74399986 -0.85901670 2.64561090
v -3.74265983 -0.86239698 2.63518701
v -3.74399986 -0.89070974 2.62731287
v -3.74265983 -0.89999998 2.62149988
v -3.74399986 -0.92675001 2.63366785
v -3.74399986 -0.92675001 2.63366785
v -3.74265983 -0.89999998 2.62149988
v -3.74265983 -0.93760305 2.63518701
v -3.74399986 -0.95027349 2.66170191
v -3.74265983 -0.95761129 2.66984186
v -3.74399986 -0.95027349 2.69829797
v -3.74265983 -0.95066259 2.70924982
v -3.74399986 -0.92675001 2.72633295
v -3.74265983 -0.92000814 2.73497186
v -3.74399986 -0.89070974 2.73268701
v -3.74265983 -0.87999189 2.73497186
v -3.72999992 -0.85135618 2.63918299
v -3.73399986 -0.83650000 2.67999994
v -3.72999992 -0.83650000 2.67999994
v -3.73399986 -0.85135618 2.72081689
v -3.72999992 -0.85135618 2.72081689
v -3.73399986 -0.88897329 2.74253503
v -3.72999992 -0.88897329 2.74253503
v -3.73399986 -0.93175009 2.73499292
v -3.72999992 -0.93175009 2.73499292
v -3.73399986 -0.95967046 2.70171899
v -3.72999992 -0.95967046 2.70171899
v -3.72999992 -0.95967046 2.70171899
v -3.73399986 -0.95967046 2.70171899
v -3.73399986 -0.95967046 2.65828180
v -3.72999992 -0.95967046 2.65828180
v -3.73399986 -0.93175009 2.62500696
v -3.72999992 -0.93175009 2.62500696
v -3.73399986 -0.88897329 2.61746485
v -3.72999992 -0.88897329 2.61746485
v -3.73399986 -0.85135618 2.63918299
v -3.74399986 -0.87625265 2.69992700
v -3.74399986 -0.85901670 2.71438898
v -3.74399986 -0.86900000 2.67999994
v -3.74399986 -0.84650000 2.67999994
v -3.74399986 -0.85901670 2.64561090
v -3.74399986 -0.89070974 2.73268701
v -3.74399986 -0.89461698 2.71052881
v -3.74399986 -0.91550001 2.70684686
v -3.74399986 -0.92675001 2.72633295
v -3.74399986 -0.92913046 2.69060297
v -3.74399986 -0.95027349 2.69829797
v -3.74399986 -0.92913046 2.66939691
v -3.74399986 -0.95027349 2.66170191
v -3.74399986 -0.92675001 2.63366785
v -3.74399986 -0.91550001 2.65315302
v -3.74399986 -0.89070974 2.62731287
v -3.74399986 -0.89461698 2.64947107
v -3.74399986 -0.87625265 2.66007379
v -3.84149985 -0.87625265 2.66007379
v -3.84649985 -0.87079039 2.67484979
v -3.84149985 -0.86900000 2.67999994
v -3.84649985 -0.87431349 2.69482996
v -3.84149985 -0.87625265 2.69992700
v -3.84649985 -0.88985556 2.70787195
v -3.84149985 -0.89461698 2.71052881
v -3.84649985 -0.91014448 2.70787195
v -3.84149985 -0.91550001 2.70684686
v -3.84649985 -0.92568655 2.69482996
v -3.84149985 -0.92913046 2.69060297
v -3.84649985 -0.92920957 2.67484979
v -3.84149985 -0.92913046 2.66939691
v -3.84649985 -0.91906530 2.65727899
v -3.84149985 -0.91550001 2.65315302
v -3.84649985 -0.89999998 2.65033991
v -3.84149985 -0.89461698 2.64947107
v -3.84149985 -0.89461698 2.64947107
v -3.84649985 -0.89999998 2.65033991
v -3.84649985 -0.88093481 2.65727899
v -3.85149985 -0.88391310 2.69349909
v -3.85015983 -0.87748335 2.69299982
v -3.85149985 -0.87900000 2.67999994
v -3.85015983 -0.87439497 2.67548486
v -3.85149985 -0.88391310 2.66650202
v -3.85015983 -0.88328749 2.66008295
v -3.85149985 -0.89635351 2.65931879
v -3.85015983 -0.89999998 2.65399988
v -3.85149985 -0.91050001 2.66181391
v -3.85149985 -0.91050001 2.66181391
v -3.85015983 -0.89999998 2.65399988
v -3.85015983 -0.91671247 2.66008295
v -3.85149985 -0.91973348 2.67281793
v -3.85015983 -0.92560499 2.67548486
v -3.85149985 -0.91973348 2.68718195
v -3.85015983 -0.92251669 2.69299982
v -3.85149985 -0.91050001 2.69818597
v -3.85015983 -0.90889250 2.70443201
v -3.85149985 -0.89635351 2.70068109
v -3.85015983 -0.89110746 2.70443201
v -3.74399986 -0.87625265 2.66007379
v -3.84149985 -0.86900000 2.67999994
v -3.74399986 -0.86900000 2.67999994
v -3.84149985 -0.87625265 2.69992700
v -3.74399986 -0.87625265 2.69992700
v -3.84149985 -0.89461698 2.71052881
v -3.74399986 -0.89461698 2.71052881
v -3.84149985 -0.91550001 2.70684686
v -3.74399986 -0.91550001 2.70684686
v -3.84149985 -0.92913046 2.69060297
v -3.74399986 -0.92913046 2.69060297
v -3.74399986 -0.92913046 2.69060297
v -3.84149985 -0.92913046 2.69060297
v -3.84149985 -0.92913046 2.66939691
v -3.74399986 -0.92913046 2.66939691
v -3.84149985 -0.91550001 2.65315302
v -3.74399986 -0.91550001 2.65315302
v -3.84149985 -0.89461698 2.64947107
v -3.74399986 -0.89461698 2.64947107
v -3.84149985 -0.87625265 2.66007379
v -3.85149985 -0.87900000 2.67999994
v -3.85149985 -0.88391310 2.66650202
v -3.85149985 -0.88391310 2.69349909
v -3.85149985 -0.89635351 2.70068109
v -3.85149985 -0.89635351 2.65931879
v -3.85149985 -0.91050001 2.69818597
v -3.85149985 -0.91050001 2.66181391
v -3.85149985 -0.91973348 2.68718195
v -3.85149985 -0.91973348 2.67281793
v -3.74399986 0.94098341 2.71438898
v -3.74265983 0.95761129 2.69015802
v -3.74399986 0.95349996 2.67999994
v -3.74265983 0.95066259 2.65075006
v -3.74399986 0.94098341 2.64561090
v -3.74265983 0.92000814 2.62502802
v -3.74399986 0.90929029 2.62731287
v -3.74265983 0.87999189 2.62502802
v -3.74399986 0.87325010 2.63366785
v -3.74265983 0.84933744 2.65075006
v -3.74399986 0.84972647 2.66170191
v -3.74265983 0.84238874 2.69015802
v -3.74399986 0.84972647 2.69829797
v -3.74265983 0.86239698 2.72481409
v -3.74399986 0.87325010 2.72633295
v -3.74265983 0.89999998 2.73850000
v -3.74399986 0.90929029 2.73268701
v -3.74399986 0.90929029 2.73268701
v -3.74265983 0.89999998 2.73850000
v -3.74265983 0.93760305 2.72481409
v -3.73399986 0.94864378 2.63918299
v -3.73899986 0.95383230 2.64891992
v -3.73399986 0.96349996 2.67999994
v -3.73899986 0.96121588 2.69079401
v -3.73399986 0.94864378 2.72081689
v -3.73899986 0.93995588 2.72761804
v -3.73399986 0.91102667 2.74253503
v -3.73899986 0.89999998 2.74215997
v -3.73399986 0.86824995 2.73499292
v -3.73399986 0.86824995 2.73499292
v -3.73899986 0.89999998 2.74215997
v -3.73899986 0.86004415 2.72761804
v -3.73399986 0.84032949 2.70171899
v -3.73899986 0.83878408 2.69079401
v -3.73399986 0.84032949 2.65828180
v -3.73899986 0.84616766 2.64891992
v -3.73399986 0.86824995 2.62500696
v -3.73899986 0.87873999 2.62158899
v -3.73399986 0.91102667 2.61746485
v -3.73899986 0.92126005 2.62158899
v -3.74399986 0.92374739 2.69992700
v -3.74399986 0.94098341 2.71438898
v -3.74399986 0.93100012 2.67999994
v -3.74399986 0.95349996 2.67999994
v -3.74399986 0.94098341 2.64561090
v -3.74399986 0.90929029 2.73268701
v -3.74399986 0.90538305 2.71052881
v -3.74399986 0.88450010 2.70684686
v -3.74399986 0.87325010 2.72633295
v -3.74399986 0.87086950 2.69060297
v -3.74399986 0.84972647 2.69829797
v -3.74399986 0.87086950 2.66939691
v -3.74399986 0.84972647 2.66170191
v -3.74399986 0.87325010 2.63366785
v -3.74399986 0.88450010 2.65315302
v -3.74399986 0.90929029 2.62731287
v -3.74399986 0.90538305 2.64947107
v -3.74399986 0.92374739 2.66007379
v -3.72999992 0.94864378 2.63918299
v -3.73399986 0.96349996 2.67999994
v -3.72999992 0.96349996 2.67999994
v -3.73399986 0.94864378 2.72081689
v -3.72999992 0.94864378 2.72081689
v -3.73399986 0.91102667 2.74253503
v -3.72999992 0.91102667 2.74253503
v -3.73399986 0.86824995 2.73499292
v -3.72999992 0.86824995 2.73499292
v -3.73399986 0.84032949 2.70171899
v -3.72999992 0.84032949 2.70171899
v -3.72999992 0.84032949 2.70171899
v -3.73399986 0.84032949 2.70171899
v -3.73399986 0.84032949 2.65828180
v -3.72999992 0.84032949 2.65828180
v -3.73399986 0.86824995 2.62500696
v -3.72999992 0.86824995 2.62500696
v -3.73399986 0.91102667 2.61746485
v -3.72999992 0.91102667 2.61746485
v -3.73399986 0.94864378 2.63918299
v -3.85149985 0.91608702 2.69349909
v -3.85015983 0.92560499 2.68451502
v -3.85149985 0.92099996 2.67999994
v -3.85015983 0.92251669 2.66700006
v -3.85149985 0.91608702 2.66650202
v -3.85015983 0.90889250 2.65556787
v -3.85149985 0.90364660 2.65931879
v -3.85015983 0.89110746 2.65556787
v -3.85149985 0.88950010 2.66181391
v -3.85015983 0.87748335 2.66700006
v -3.85149985 0.88026648 2.67281793
v -3.85015983 0.87439497 2.68451502
v -3.85149985 0.88026648 2.68718195
v -3.85015983 0.88328749 2.69991693
v -3.85149985 0.88950010 2.69818597
v -3.85015983 0.89999998 2.70600000
v -3.85149985 0.90364660 2.70068109
v -3.85149985 0.90364660 2.70068109
v -3.85015983 0.89999998 2.70600000
v -3.85015983 0.91671247 2.69991693
v -3.84149985 0.92374739 2.66007379
v -3.84649985 0.92568655 2.66516992
v -3.84149985 0.93100012 2.67999994
v -3.84649985 0.92920957 2.68515100
v -3.84149985 0.92374739 2.69992700
v -3.84649985 0.91906530 2.70272089
v -3.84149985 0.90538305 2.71052881
v -3.84649985 0.89999998 2.70965997
v -3.84149985 0.88450010 2.70684686
v -3.84149985 0.88450010 2.70684686
v -3.84649985 0.89999998 2.70965997
v -3.84649985 0.88093481 2.70272089
v -3.84149985 0.87086950 2.69060297
v -3.84649985 0.87079039 2.68515100
v -3.84149985 0.87086950 2.66939691
v -3.84649985 0.87431349 2.66516992
v -3.84149985 0.88450010 2.65315302
v -3.84649985 0.88985556 2.65212793
v -3.84149985 0.90538305 2.64947107
v -3.84649985 0.91014448 2.65212793
v -3.74399986 0.92374739 2.66007379
v -3.84149985 0.93100012 2.67999994
v -3.74399986 0.93100012 2.67999994
v -3.84149985 0.92374739 2.69992700
v -3.74399986 0.92374739 2.69992700
v -3.84149985 0.90538305 2.71052881
v -3.74399986 0.90538305 2.71052881
v -3.84149985 0.88450010 2.70684686
v -3.74399986 0.88450010 2.70684686
v -3.84149985 0.87086950 2.69060297
v -3.74399986 0.87086950 2.69060297
v -3.74399986 0.87086950 2.69060297
v -3.84149985 0.87086950 2.69060297
v -3.84149985 0.87086950 2.66939691
v -3.74399986 0.87086950 2.66939691
v -3.84149985 0.88450010 2.65315302
v -3.74399986 0.88450010 2.65315302
v -3.84149985 0.90538305 2.64947107
v -3.74399986 0.90538305 2.64947107
v -3.84149985 0.92374739 2.66007379
v -3.85149985 0.92099996 2.67999994
v -3.85149985 0.91608702 2.66650202
v -3.85149985 0.91608702 2.69349909
v -3.85149985 0.90364660 2.70068109
v -3.85149985 0.90364660 2.65931879
v -3.85149985 0.88950010 2.69818597
v -3.85149985 0.88950010 2.66181391
v -3.85149985 0.88026648 2.68718195
v -3.85149985 0.88026648 2.67281793
vt 0.00000000 1.37431395
vt -0.05235999 1.05716503
vt 0.00000000 0.95144802
vt -0.05235999 0.63429898
vt 0.00000000 0.52858198
vt -0.05235999 0.21143290
vt 0.00000000 0.10571600
vt -0.05235999 -0.21143290
vt 0.00000000 -0.31714901
vt -0.05235999 -0.63429898
vt 0.00000000 -0.74001497
vt -0.05235999 -1.05716503
vt 0.00000000 -1.16288102
vt -0.05235999 -1.48002994
vt 0.00000000 -1.58574700
vt -0.05235999 -1.90289605
vt 0.00000000 -2.00861311
vt 0.00000000 1.79718006
vt -0.05235999 1.90289605
vt -0.05235999 1.48002994
vt -0.15707991 0.52858198
vt -0.10471990 0.63429898
vt -0.15707991 0.95144802
vt -0.10471990 1.05716503
vt -0.15707991 1.37431395
vt -0.10471990 1.48002994
vt -0.15707991 1.79718006
vt -0.10471990 1.90289605
vt -0.15707991 2.22004604
vt -0.15707991 -1.58574700
vt -0.10471990 -1.90289605
vt -0.10471990 -1.48002994
vt -0.15707991 -1.16288102
vt -0.10471990 -1.05716503
vt -0.15707991 -0.74001497
vt -0.10471990 -0.63429898
vt -0.15707991 -0.31714901
vt -0.10471990 -0.21143290
vt -0.15707991 0.10571600
vt -0.10471990 0.21143290
vt 0.06999999 0.44331399
vt 0.02999997 0.00000000
vt 0.06999999 0.00000000
vt 0.02999997 -0.44331399
vt 0.06999999 -0.44331399
vt 0.02999997 -0.88662702
vt 0.06999999 -0.88662702
vt 0.02999997 -1.32994103
vt 0.06999999 -1.32994103
vt 0.02999997 -1.77325499
vt 0.06999999 -1.77325404
vt 0.06999999 2.21656799
vt 0.02999997 2.21656799
vt 0.02999997 1.77325404
vt 0.06999999 1.77325404
vt 0.02999997 1.32994103
vt 0.06999999 1.32994103
vt 0.02999997 0.88662702
vt 0.06999999 0.88662702
vt 0.02999997 0.44331399
vt 0.19926400 -0.07252597
vt 0.34389099 0.09983396
vt 0.00000000 0.00000000
vt 0.00000000 0.22499999
vt -0.34389099 0.09983396
vt 0.52687198 -0.21709789
vt 0.30529001 -0.25616899
vt 0.26846799 -0.46500000
vt 0.46332401 -0.57749999
vt 0.10602600 -0.60130501
vt 0.18298100 -0.81273597
vt -0.10602600 -0.60130501
vt -0.18298100 -0.81273597
vt -0.46332401 -0.57749999
vt -0.26846799 -0.46500000
vt -0.52687198 -0.21709789
vt -0.30529001 -0.25616899
vt -0.19926400 -0.07252597
vt 0.00000000 0.63691199
vt -0.05235999 0.48993301
vt 0.00000000 0.44093901
vt -0.05235999 0.29396001
vt 0.00000000 0.24496600
vt -0.05235999 0.09798699
vt 0.00000000 0.04899299
vt -0.05235999 -0.09798699
vt 0.00000000 -0.14698000
vt -0.05235999 -0.29396001
vt 0.00000000 -0.34295300
vt -0.05235999 -0.48993301
vt 0.00000000 -0.53892601
vt -0.05235999 -0.68590599
vt 0.00000000 -0.73489898
vt -0.05235999 -0.88187897
vt 0.00000000 -0.93087202
vt 0.00000000 0.83288503
vt -0.05235999 0.88187897
vt -0.05235999 0.68590599
vt -0.15707991 0.24496600
vt -0.10471990 0.29396001
vt -0.15707991 0.44093901
vt -0.10471990 0.48993301
vt -0.15707991 0.63691199
vt -0.10471990 0.68590599
vt -0.15707991 0.83288503
vt -0.10471990 0.88187897
vt -0.15707991 1.02885795
vt -0.15707991 -0.73489898
vt -0.10471990 -0.88187897
vt -0.10471990 -0.68590599
vt -0.15707991 -0.53892601
vt -0.10471990 -0.48993301
vt -0.15707991 -0.34295300
vt -0.10471990 -0.29396001
vt -0.15707991 -0.14698000
vt -0.10471990 -0.09798699
vt -0.15707991 0.04899299
vt -0.10471990 0.09798699
vt 0.53750002 0.21642099
vt -0.43750000 0.00000000
vt 0.53750002 0.00000000
vt -0.43750000 -0.21642099
vt 0.53750002 -0.21642099
vt -0.43750000 -0.43284199
vt 0.53750002 -0.43284199
vt -0.43750000 -0.64926201
vt 0.53750002 -0.64926201
vt -0.43750000 -0.86568302
vt 0.53750002 -0.86568302
vt 0.53750002 1.08210397
vt -0.43750000 1.08210397
vt -0.43750000 0.86568302
vt 0.53750002 0.86568302
vt -0.43750000 0.64926201
vt 0.53750002 0.64926201
vt -0.43750000 0.43284199
vt 0.53750002 0.43284199
vt -0.43750000 0.21642099
vt 0.00000000 0.20999999
vt -0.13498500 0.16086900
vt 0.13498500 0.16086900
vt 0.20680989 0.03646600
vt -0.20680989 0.03646600
vt 0.18186501 -0.10500000
vt -0.18186501 -0.10500000
vt 0.07182395 -0.19733500
vt -0.07182395 -0.19733500
vt 0.15707991 1.37431395
vt 0.10471990 1.05716503
vt 0.15707991 0.95144802
vt 0.10471990 0.63429898
vt 0.15707991 0.52858198
vt 0.10471990 0.21143290
vt 0.15707991 0.10571600
vt 0.10471990 -0.21143290
vt 0.15707991 -0.31714901
vt 0.10471990 -0.63429898
vt 0.15707991 -0.74001497
vt 0.10471990 -1.05716503
vt 0.15707991 -1.16288102
vt 0.10471990 -1.48002994
vt 0.15707991 -1.58574700
vt 0.10471990 -1.90289605
vt 0.15707991 -2.00861311
vt 0.15707991 1.79718006
vt 0.10471990 1.90289605
vt 0.10471990 1.48002994
vt 0.00000000 0.52858198
vt 0.05235999 0.63429898
vt 0.00000000 0.95144802
vt 0.05235999 1.05716503
vt 0.00000000 1.37431395
vt 0.05235999 1.48002994
vt 0.00000000 1.79718006
vt 0.05235999 1.90289605
vt 0.00000000 2.22004604
vt 0.00000000 -1.58574700
vt 0.05235999 -1.90289605
vt 0.05235999 -1.48002994
vt 0.00000000 -1.16288102
vt 0.05235999 -1.05716503
vt 0.00000000 -0.74001497
vt 0.05235999 -0.63429898
vt 0.00000000 -0.31714901
vt 0.05235999 -0.21143290
vt 0.00000000 0.10571600
vt 0.05235999 0.21143290
vt 0.19926400 -0.39752600
vt 0.34389099 -0.22516599
vt 0.00000000 -0.32499999
vt 0.00000000 -0.10000000
vt -0.34389099 -0.22516599
vt 0.52687198 -0.54209799
vt 0.30529001 -0.58116901
vt 0.26846799 -0.79000002
vt 0.46332401 -0.90249997
vt 0.10602600 -0.92630500
vt 0.18298100 -1.13773596
vt -0.10602600 -0.92630500
vt -0.18298100 -1.13773596
vt -0.46332401 -0.90249997
vt -0.26846799 -0.79000002
vt -0.52687198 -0.54209799
vt -0.30529001 -0.58116901
vt -0.19926400 -0.39752600
vt -0.06999999 -0.44331399
vt -0.02999997 0.00000000
vt -0.06999999 0.00000000
vt -0.02999997 0.44331399
vt -0.06999999 0.44331399
vt -0.02999997 0.88662702
vt -0.06999999 0.88662702
vt -0.02999997 1.32994103
vt -0.06999999 1.32994103
vt -0.02999997 1.77325499
vt -0.06999999 1.77325404
vt -0.06999999 -2.21656799
vt -0.02999997 -2.21656799
vt -0.02999997 -1.77325404
vt -0.06999999 -1.77325404
vt -0.02999997 -1.32994103
vt -0.06999999 -1.32994103
vt -0.02999997 -0.88662702
vt -0.06999999 -0.88662702
vt -0.02999997 -0.44331399
vt 0.15707991 0.63691199
vt 0.10471990 0.48993301
vt 0.15707991 0.44093901
vt 0.10471990 0.29396001
vt 0.15707991 0.24496600
vt 0.10471990 0.09798699
vt 0.15707991 0.04899299
vt 0.10471990 -0.09798699
vt 0.15707991 -0.14698000
vt 0.10471990 -0.29396001
vt 0.15707991 -0.34295300
vt 0.10471990 -0.48993301
vt 0.15707991 -0.53892601
vt 0.10471990 -0.68590599
vt 0.15707991 -0.73489898
vt 0.10471990 -0.88187897
vt 0.15707991 -0.93087202
vt 0.15707991 0.83288503
vt 0.10471990 0.88187897
vt 0.10471990 0.68590599
vt 0.00000000 0.24496600
vt 0.05235999 0.29396001
vt 0.00000000 0.44093901
vt 0.05235999 0.48993301
vt 0.00000000 0.63691199
vt 0.05235999 0.68590599
vt 0.00000000 0.83288503
vt 0.05235999 0.88187897
vt 0.00000000 1.02885795
vt 0.00000000 -0.73489898
vt 0.05235999 -0.88187897
vt 0.05235999 -0.68590599
vt 0.00000000 -0.53892601
vt 0.05235999 -0.48993301
vt 0.00000000 -0.34295300
vt 0.05235999 -0.29396001
vt 0.00000000 -0.14698000
vt 0.05235999 -0.09798699
vt 0.00000000 0.04899299
vt 0.05235999 0.09798699
vt -0.53750002 -0.21642099
vt 0.43750000 0.00000000
vt -0.53750002 0.00000000
vt 0.43750000 0.21642099
vt -0.53750002 0.21642099
vt 0.43750000 0.43284199
vt -0.53750002 0.43284199
vt 0.43750000 0.64926201
vt -0.53750002 0.64926201
vt 0.43750000 0.86568302
vt -0.53750002 0.86568302
vt -0.53750002 -1.08210397
vt 0.43750000 -1.08210397
vt 0.43750000 -0.86568302
vt -0.53750002 -0.86568302
vt 0.43750000 -0.64926201
vt -0.53750002 -0.64926201
vt 0.43750000 -0.43284199
vt -0.53750002 -0.43284199
vt 0.43750000 -0.21642099
vt 0.00000000 -0.10000000
vt -0.13498500 -0.14913100
vt 0.13498500 -0.14913100
vt 0.20680989 -0.27353400
vt -0.20680989 -0.27353400
vt 0.18186501 -0.41499999
vt -0.18186501 -0.41499999
vt 0.07182395 -0.50733501
vt -0.07182395 -0.50733501
f 5301/5301 5302/5302 5303/5303
f 5303/5303 5302/5302 5304/5304
f 5303/5303 5304/5304 5305/5305
f 5305/5305 5304/5304 5306/5306
f 5305/5305 5306/5306 5307/5307
f 5307/5307 5306/5306 5308/5308
f 5307/5307 5308/5308 5309/5309
f 5309/5309 5308/5308 5310/5310
f 5309/5309 5310/5310 5311/5311
f 5311/5311 5310/5310 5312/5312
f 5311/5311 5312/5312 5313/5313
f 5313/5313 5312/5312 5314/5314
f 5313/5313 5314/5314 5315/5315
f 5315/5315 5314/5314 5316/5316
f 5315/5315 5316/5316 5317/5317
f 5318/5318 5319/5319 5320/5320
f 5318/5318 5320/5320 5301/5301
f 5301/5301 5320/5320 5302/5302
f 5321/5321 5322/5322 5323/5323
f 5323/5323 5322/5322 5324/5324
f 5323/5323 5324/5324 5325/5325
f 5325/5325 5324/5324 5326/5326
f 5325/5325 5326/5326 5327/5327
f 5327/5327 5326/5326 5328/5328
f 5327/5327 5328/5328 5329/5329
f 5330/5330 5331/5331 5332/5332
f 5330/5330 5332/5332 5333/5333
f 5333/5333 5332/5332 5334/5334
f 5333/5333 5334/5334 5335/5335
f 5335/5335 5334/5334 5336/5336
f 5335/5335 5336/5336 5337/5337
f 5337/5337 5336/5336 5338/5338
f 5337/5337 5338/5338 5339/5339
f 5339/5339 5338/5338 5340/5340
f 5339/5339 5340/5340 5321/5321
f 5321/5321 5340/5340 5322/5322
f 5319/5319 5328/5328 5320/5320
f 5320/5320 5328/5328 5326/5326
f 5320/5320 5326/5326 5302/5302
f 5302/5302 5326/5326 5324/5324
f 5302/5302 5324/5324 5304/5304
f 5304/5304 5324/5324 5322/5322
f 5304/5304 5322/5322 5306/5306
f 5306/5306 5322/5322 5340/5340
f 5306/5306 5340/5340 5308/5308
f 5308/5308 5340/5340 5338/5338
f 5308/5308 5338/5338 5310/5310
f 5310/5310 5338/5338 5336/5336
f 5310/5310 5336/5336 5312/5312
f 5312/5312 5336/5336 5334/5334
f 5312/5312 5334/5334 5314/5314
f 5314/5314 5334/5334 5332/5332
f 5314/5314 5332/5332 5316/5316
f 5316/5316 5332/5332 5331/5331
f 5341/5341 5342/5342 5343/5343
f 5343/5343 5342/5342 5344/5344
f 5343/5343 5344/5344 5345/5345
f 5345/5345 5344/5344 5346/5346
f 5345/5345 5346/5346 5347/5347
f 5347/5347 5346/5346 5348/5348
f 5347/5347 5348/5348 5349/5349
f 5349/5349 5348/5348 5350/5350
f 5349/5349 5350/5350 5351/5351
f 5352/5352 5353/5353 5354/5354
f 5352/5352 5354/5354 5355/5355
f 5355/5355 5354/5354 5356/5356
f 5355/5355 5356/5356 5357/5357
f 5357/5357 5356/5356 5358/5358
f 5357/5357 5358/5358 5359/5359
f 5359/5359 5358/5358 5360/5360
f 5359/5359 5360/5360 5341/5341
f 5341/5341 5360/5360 5342/5342
f 5361/5361 5362/5362 5363/5363
f 5363/5363 5362/5362 5364/5364
f 5363/5363 5364/5364 5365/5365
f 5362/5362 5361/5361 5366/5366
f 5366/5366 5361/5361 5367/5367
f 5366/5366 5367/5367 5368/5368
f 5366/5366 5368/5368 5369/5369
f 5369/5369 5368/5368 5370/5370
f 5369/5369 5370/5370 5371/5371
f 5371/5371 5370/5370 5372/5372
f 5371/5371 5372/5372 5373/5373
f 5373/5373 5372/5372 5374/5374
f 5374/5374 5372/5372 5375/5375
f 5374/5374 5375/5375 5376/5376
f 5376/5376 5375/5375 5377/5377
f 5376/5376 5377/5377 5378/5378
f 5376/5376 5378/5378 5365/5365
f 5365/5365 5378/5378 5363/5363
f 5379/5379 5380/5380 5381/5381
f 5381/5381 5380/5380 5382/5382
f 5381/5381 5382/5382 5383/5383
f 5383/5383 5382/5382 5384/5384
f 5383/5383 5384/5384 5385/5385
f 5385/5385 5384/5384 5386/5386
f 5385/5385 5386/5386 5387/5387
f 5387/5387 5386/5386 5388/5388
f 5387/5387 5388/5388 5389/5389
f 5389/5389 5388/5388 5390/5390
f 5389/5389 5390/5390 5391/5391
f 5391/5391 5390/5390 5392/5392
f 5391/5391 5392/5392 5393/5393
f 5393/5393 5392/5392 5394/5394
f 5393/5393 5394/5394 5395/5395
f 5396/5396 5397/5397 5398/5398
f 5396/5396 5398/5398 5379/5379
f 5379/5379 5398/5398 5380/5380
f 5399/5399 5400/5400 5401/5401
f 5401/5401 5400/5400 5402/5402
f 5401/5401 5402/5402 5403/5403
f 5403/5403 5402/5402 5404/5404
f 5403/5403 5404/5404 5405/5405
f 5405/5405 5404/5404 5406/5406
f 5405/5405 5406/5406 5407/5407
f 5408/5408 5409/5409 5410/5410
f 5408/5408 5410/5410 5411/5411
f 5411/5411 5410/5410 5412/5412
f 5411/5411 5412/5412 5413/5413
f 5413/5413 5412/5412 5414/5414
f 5413/5413 5414/5414 5415/5415
f 5415/5415 5414/5414 5416/5416
f 5415/5415 5416/5416 5417/5417
f 5417/5417 5416/5416 5418/5418
f 5417/5417 5418/5418 5399/5399
f 5399/5399 5418/5418 5400/5400
f 5397/5397 5406/5406 5398/5398
f 5398/5398 5406/5406 5404/5404
f 5398/5398 5404/5404 5380/5380
f 5380/5380 5404/5404 5402/5402
f 5380/5380 5402/5402 5382/5382
f 5382/5382 5402/5402 5400/5400
f 5382/5382 5400/5400 5384/5384
f 5384/5384 5400/5400 5418/5418
f 5384/5384 5418/5418 5386/5386
f 5386/5386 5418/5418 5416/5416
f 5386/5386 5416/5416 5388/5388
f 5388/5388 5416/5416 5414/5414
f 5388/5388 5414/5414 5390/5390
f 5390/5390 5414/5414 5412/5412
f 5390/5390 5412/5412 5392/5392
f 5392/5392 5412/5412 5410/5410
f 5392/5392 5410/5410 5394/5394
f 5394/5394 5410/5410 5409/5409
f 5419/5419 5420/5420 5421/5421
f 5421/5421 5420/5420 5422/5422
f 5421/5421 5422/5422 5423/5423
f 5423/5423 5422/5422 5424/5424
f 5423/5423 5424/5424 5425/5425
f 5425/5425 5424/5424 5426/5426
f 5425/5425 5426/5426 5427/5427
f 5427/5427 5426/5426 5428/5428
f 5427/5427 5428/5428 5429/5429
f 5430/5430 5431/5431 5432/5432
f 5430/5430 5432/5432 5433/5433
f 5433/5433 5432/5432 5434/5434
f 5433/5433 5434/5434 5435/5435
f 5435/5435 5434/5434 5436/5436
f 5435/5435 5436/5436 5437/5437
f 5437/5437 5436/5436 5438/5438
f 5437/5437 5438/5438 5419/5419
f 5419/5419 5438/5438 5420/5420
f 5439/5439 5440/5440 5441/5441
f 5441/5441 5440/5440 5442/5442
f 5442/5442 5440/5440 5443/5443
f 5442/5442 5443/5443 5444/5444
f 5444/5444 5443/5443 5445/5445
f 5444/5444 5445/5445 5446/5446
f 5446/5446 5445/5445 5447/5447
f 5448/5448 5449/5449 5450/5450
f 5450/5450 5449/5449 5451/5451
f 5450/5450 5451/5451 5452/5452
f 5452/5452 5451/5451 5453/5453
f 5452/5452 5453/5453 5454/5454
f 5454/5454 5453/5453 5455/5455
f 5454/5454 5455/5455 5456/5456
f 5456/5456 5455/5455 5457/5457
f 5456/5456 5457/5457 5458/5458
f 5458/5458 5457/5457 5459/5459
f 5458/5458 5459/5459 5460/5460
f 5460/5460 5459/5459 5461/5461
f 5460/5460 5461/5461 5462/5462
f 5462/5462 5461/5461 5463/5463
f 5462/5462 5463/5463 5464/5464
f 5465/5465 5466/5466 5467/5467
f 5465/5465 5467/5467 5448/5448
f 5448/5448 5467/5467 5449/5449
f 5468/5468 5469/5469 5470/5470
f 5470/5470 5469/5469 5471/5471
f 5470/5470 5471/5471 5472/5472
f 5472/5472 5471/5471 5473/5473
f 5472/5472 5473/5473 5474/5474
f 5474/5474 5473/5473 5475/5475
f 5474/5474 5475/5475 5476/5476
f 5477/5477 5478/5478 5479/5479
f 5477/5477 5479/5479 5480/5480
f 5480/5480 5479/5479 5481/5481
f 5480/5480 5481/5481 5482/5482
f 5482/5482 5481/5481 5483/5483
f 5482/5482 5483/5483 5484/5484
f 5484/5484 5483/5483 5485/5485
f 5484/5484 5485/5485 5486/5486
f 5486/5486 5485/5485 5487/5487
f 5486/5486 5487/5487 5468/5468
f 5468/5468 5487/5487 5469/5469
f 5466/5466 5475/5475 5467/5467
f 5467/5467 5475/5475 5473/5473
f 5467/5467 5473/5473 5449/5449
f 5449/5449 5473/5473 5471/5471
f 5449/5449 5471/5471 5451/5451
f 5451/5451 5471/5471 5469/5469
f 5451/5451 5469/5469 5453/5453
f 5453/5453 5469/5469 5487/5487
f 5453/5453 5487/5487 5455/5455
f 5455/5455 5487/5487 5485/5485
f 5455/5455 5485/5485 5457/5457
f 5457/5457 5485/5485 5483/5483
f 5457/5457 5483/5483 5459/5459
f 5459/5459 5483/5483 5481/5481
f 5459/5459 5481/5481 5461/5461
f 5461/5461 5481/5481 5479/5479
f 5461/5461 5479/5479 5463/5463
f 5463/5463 5479/5479 5478/5478
f 5488/5488 5489/5489 5490/5490
f 5490/5490 5489/5489 5491/5491
f 5490/5490 5491/5491 5492/5492
f 5489/5489 5488/5488 5493/5493
f 5493/5493 5488/5488 5494/5494
f 5493/5493 5494/5494 5495/5495
f 5493/5493 5495/5495 5496/5496
f 5496/5496 5495/5495 5497/5497
f 5496/5496 5497/5497 5498/5498
f 5498/5498 5497/5497 5499/5499
f 5498/5498 5499/5499 5500/5500
f 5500/5500 5499/5499 5501/5501
f 5501/5501 5499/5499 5502/5502
f 5501/5501 5502/5502 5503/5503
f 5503/5503 5502/5502 5504/5504
f 5503/5503 5504/5504 5505/5505
f 5503/5503 5505/5505 5492/5492
f 5492/5492 5505/5505 5490/5490
f 5506/5506 5507/5507 5508/5508
f 5508/5508 5507/5507 5509/5509
f 5508/5508 5509/5509 5510/5510
f 5510/5510 5509/5509 5511/5511
f 5510/5510 5511/5511 5512/5512
f 5512/5512 5511/5511 5513/5513
f 5512/5512 5513/5513 5514/5514
f 5514/5514 5513/5513 5515/5515
f 5514/5514 5515/5515 5516/5516
f 5517/5517 5518/5518 5519/5519
f 5517/5517 5519/5519 5520/5520
f 5520/5520 5519/5519 5521/5521
f 5520/5520 5521/5521 5522/5522
f 5522/5522 5521/5521 5523/5523
f 5522/5522 5523/5523 5524/5524
f 5524/5524 5523/5523 5525/5525
f 5524/5524 5525/5525 5506/5506
f 5506/5506 5525/5525 5507/5507
f 5526/5526 5527/5527 5528/5528
f 5528/5528 5527/5527 5529/5529
f 5528/5528 5529/5529 5530/5530
f 5530/5530 5529/5529 5531/5531
f 5530/5530 5531/5531 5532/5532
f 5532/5532 5531/5531 5533/5533
f 5532/5532 5533/5533 5534/5534
f 5534/5534 5533/5533 5535/5535
f 5534/5534 5535/5535 5536/5536
f 5536/5536 5535/5535 5537/5537
f 5536/5536 5537/5537 5538/5538
f 5538/5538 5537/5537 5539/5539
f 5538/5538 5539/5539 5540/5540
f 5540/5540 5539/5539 5541/5541
f 5540/5540 5541/5541 5542/5542
f 5543/5543 5544/5544 5545/5545
f 5543/5543 5545/5545 5526/5526
f 5526/5526 5545/5545 5527/5527
f 5546/5546 5547/5547 5548/5548
f 5548/5548 5547/5547 5549/5549
f 5548/5548 5549/5549 5550/5550
f 5550/5550 5549/5549 5551/5551
f 5550/5550 5551/5551 5552/5552
f 5552/5552 5551/5551 5553/5553
f 5552/5552 5553/5553 5554/5554
f 5555/5555 5556/5556 5557/5557
f 5555/5555 5557/5557 5558/5558
f 5558/5558 5557/5557 5559/5559
f 5558/5558 5559/5559 5560/5560
f 5560/5560 5559/5559 5561/5561
f 5560/5560 5561/5561 5562/5562
f 5562/5562 5561/5561 5563/5563
f 5562/5562 5563/5563 5564/5564
f 5564/5564 5563/5563 5565/5565
f 5564/5564 5565/5565 5546/5546
f 5546/5546 5565/5565 5547/5547
f 5544/5544 5553/5553 5545/5545
f 5545/5545 5553/5553 5551/5551
f 5545/5545 5551/5551 5527/5527
f 5527/5527 5551/5551 5549/5549
f 5527/5527 5549/5549 5529/5529
f 5529/5529 5549/5549 5547/5547
f 5529/5529 5547/5547 5531/5531
f 5531/5531 5547/5547 5565/5565
f 5531/5531 5565/5565 5533/5533
f 5533/5533 5565/5565 5563/5563
f 5533/5533 5563/5563 5535/5535
f 5535/5535 5563/5563 5561/5561
f 5535/5535 5561/5561 5537/5537
f 5537/5537 5561/5561 5559/5559
f 5537/5537 5559/5559 5539/5539
f 5539/5539 5559/5559 5557/5557
f 5539/5539 5557/5557 5541/5541
f 5541/5541 5557/5557 5556/5556
f 5566/5566 5567/5567 5568/5568
f 5568/5568 5567/5567 5569/5569
f 5568/5568 5569/5569 5570/5570
f 5570/5570 5569/5569 5571/5571
f 5570/5570 5571/5571 5572/5572
f 5572/5572 5571/5571 5573/5573
f 5572/5572 5573/5573 5574/5574
f 5574/5574 5573/5573 5575/5575
f 5574/5574 5575/5575 5576/5576
f 5577/5577 5578/5578 5579/5579
f 5577/5577 5579/5579 5580/5580
f 5580/5580 5579/5579 5581/5581
f 5580/5580 5581/5581 5582/5582
f 5582/5582 5581/5581 5583/5583
f 5582/5582 5583/5583 5584/5584
f 5584/5584 5583/5583 5585/5585
f 5584/5584 5585/5585 5566/5566
f 5566/5566 5585/5585 5567/5567
f 5586/5586 5587/5587 5588/5588
f 5588/5588 5587/5587 5589/5589
f 5589/5589 5587/5587 5590/5590
f 5589/5589 5590/5590 5591/5591
f 5591/5591 5590/5590 5592/5592
f 5591/5591 5592/5592 5593/5593
f 5593/5593 5592/5592 5594/5594

o RoX_Simple_GK_kurz-mesh_10
usemtl material_short_frame_8
v -3.76743980 -1.03659101 2.75124994
v -3.76543998 -1.03659101 2.75124994
v -3.76743980 -1.01749998 2.67999994
v -3.76543998 -1.01749998 2.67999994
v -3.76743980 -1.03659101 2.60874994
v -3.76543998 -1.03659101 2.60874994
v -3.76743980 -1.08874998 2.55659098
v -3.76543998 -1.08874998 2.55659098
v -3.76743980 -1.15999997 2.53749994
v -3.76543998 -1.15999997 2.53749994
v -3.76743980 -1.23124997 2.55659098
v -3.76543998 -1.23124997 2.55659098
v -3.76743980 -1.28340894 2.60874994
v -3.76543998 -1.28340894 2.60874994
v -3.76743980 -1.30249997 2.67999994
v -3.76543998 -1.30249997 2.67999994
v -3.76743980 -1.30249997 2.67999994
v -3.76543998 -1.30249997 2.67999994
v -3.76743980 -1.28340894 2.75124994
v -3.76543998 -1.28340894 2.75124994
v -3.76743980 -1.23124997 2.80340906
v -3.76543998 -1.23124997 2.80340906
v -3.76743980 -1.15999997 2.82249994
v -3.76543998 -1.15999997 2.82249994
v -3.76743980 -1.08874998 2.80340906
v -3.76543998 -1.08874998 2.80340906
v -3.79551993 -1.06374395 2.74185999
v -3.76743980 -1.03659101 2.75124994
v -3.79551993 -1.04557996 2.67999994
v -3.76743980 -1.01749998 2.67999994
v -3.76743980 -1.03659101 2.60874994
v -3.76743980 -1.08874998 2.80340906
v -3.79551993 -1.11246801 2.78407983
v -3.76743980 -1.15999997 2.82249994
v -3.79551993 -1.17628400 2.79325494
v -3.76743980 -1.23124997 2.80340906
v -3.79551993 -1.23492894 2.76647302
v -3.76743980 -1.28340894 2.75124994
v -3.79551993 -1.26978498 2.71223596
v -3.76743980 -1.30249997 2.67999994
v -3.76743980 -1.30249997 2.67999994
v -3.79551993 -1.26978498 2.71223596
v -3.79551993 -1.26978498 2.64776392
v -3.76743980 -1.28340894 2.60874994
v -3.79551993 -1.23492894 2.59352686
v -3.76743980 -1.23124997 2.55659098
v -3.79551993 -1.17628400 2.56674494
v -3.76743980 -1.15999997 2.53749994
v -3.79551993 -1.11246801 2.57592005
v -3.76743980 -1.08874998 2.55659098
v -3.79551993 -1.06374395 2.61813990
v -3.79551993 -1.07305898 2.74316583
v -3.79551993 -1.06374395 2.74185999
v -3.79551993 -1.05253500 2.67999994
v -3.79551993 -1.04557996 2.67999994
v -3.79551993 -1.06374395 2.61813990
v -3.79551993 -1.11246801 2.78407983
v -3.79551993 -1.12679098 2.78220483
v -3.79551993 -1.17628400 2.79325494
v -3.79551993 -1.19320798 2.78220483
v -3.79551993 -1.23492894 2.76647302
v -3.79551993 -1.24694097 2.74316583
v -3.79551993 -1.26978498 2.71223596
v -3.79551993 -1.26746495 2.67999994
v -3.79551993 -1.26978498 2.64776392
v -3.79551993 -1.24694097 2.61683405
v -3.79551993 -1.23492894 2.59352686
v -3.79551993 -1.19320798 2.57779505
v -3.79551993 -1.17628400 2.56674494
v -3.79551993 -1.12679098 2.57779505
v -3.79551993 -1.11246801 2.57592005
v -3.79551993 -1.07305898 2.61683405
v -3.89751883 -1.23249997 2.65999994
v -3.89751883 -1.23679196 2.65881586
v -3.89751883 -1.23249997 2.67999994
v -3.89751883 -1.23867795 2.69246881
v -3.89751883 -1.22647794 2.72389001
v -3.89751883 -1.08749998 2.65999994
v -3.89751883 -1.11173894 2.61662287
v -3.89751883 -1.15999997 2.60033991
v -3.89751883 -1.20826101 2.61662287
v -3.89751883 -1.08749998 2.67999994
v -3.89751883 -1.08106000 2.66931085
v -3.89751883 -1.08320798 2.65881586
v -3.89751883 -1.08747098 2.71294305
v -3.89751883 -1.08033994 2.67999994
v -3.89751883 -1.20237699 2.74745294
v -3.89751883 -1.17068898 2.75894006
v -3.89751883 -1.13708700 2.75629388
v -3.89751883 -1.10758695 2.73998804
v -3.76543998 -1.03659101 2.75124994
v -3.76543998 -1.03096197 2.75450006
v -3.76543998 -1.01749998 2.67999994
v -3.76543998 -1.01099996 2.67999994
v -3.76543998 -1.03096197 2.60549982
v -3.76543998 -1.08550001 2.80903802
v -3.76543998 -1.08874998 2.80340906
v -3.76543998 -1.15999997 2.82899988
v -3.76543998 -1.15999997 2.82249994
v -3.76543998 -1.23449994 2.80903802
v -3.76543998 -1.23124997 2.80340906
v -3.76543998 -1.28340894 2.75124994
v -3.76543998 -1.28903790 2.75450006
v -3.76543998 -1.30249997 2.67999994
v -3.76543998 -1.30899991 2.67999994
v -3.76543998 -1.28903790 2.60549982
v -3.76543998 -1.28340894 2.60874994
v -3.76543998 -1.23449994 2.55096201
v -3.76543998 -1.23124997 2.55659098
v -3.76543998 -1.15999997 2.53100000
v -3.76543998 -1.15999997 2.53749994
v -3.76543998 -1.08874998 2.55659098
v -3.76543998 -1.08550001 2.55096201
v -3.76543998 -1.03659101 2.60874994
v -3.76543998 1.28340894 2.75124994
v -3.76543998 1.28903790 2.75450006
v -3.76543998 1.30249997 2.67999994
v -3.76543998 1.30899991 2.67999994
v -3.76543998 1.28903790 2.60549982
v -3.76543998 1.23449994 2.80903802
v -3.76543998 1.23124997 2.80340906
v -3.76543998 1.15999997 2.82899988
v -3.76543998 1.15999997 2.82249994
v -3.76543998 1.08550001 2.80903802
v -3.76543998 1.08874998 2.80340906
v -3.76543998 1.03659101 2.75124994
v -3.76543998 1.03096197 2.75450006
v -3.76543998 1.01749998 2.67999994
v -3.76543998 1.01099996 2.67999994
v -3.76543998 1.03096197 2.60549982
v -3.76543998 1.03659101 2.60874994
v -3.76543998 1.08550001 2.55096201
v -3.76543998 1.08874998 2.55659098
v -3.76543998 1.15999997 2.53100000
v -3.76543998 1.15999997 2.53749994
v -3.76543998 1.23124997 2.55659098
v -3.76543998 1.23449994 2.55096201
v -3.76543998 1.28340894 2.60874994
v -3.76743980 1.28340894 2.75124994
v -3.76543998 1.28340894 2.75124994
v -3.76743980 1.30249997 2.67999994
v -3.76543998 1.30249997 2.67999994
v -3.76743980 1.28340894 2.60874994
v -3.76543998 1.28340894 2.60874994
v -3.76743980 1.23124997 2.55659098
v -3.76543998 1.23124997 2.55659098
v -3.76743980 1.15999997 2.53749994
v -3.76543998 1.15999997 2.53749994
v -3.76743980 1.08874998 2.55659098
v -3.76543998 1.08874998 2.55659098
v -3.76743980 1.03659101 2.60874994
v -3.76543998 1.03659101 2.60874994
v -3.76743980 1.01749998 2.67999994
v -3.76543998 1.01749998 2.67999994
v -3.76743980 1.01749998 2.67999994
v -3.76543998 1.01749998 2.67999994
v -3.76743980 1.03659101 2.75124994
v -3.76543998 1.03659101 2.75124994
v -3.76743980 1.08874998 2.80340906
v -3.76543998 1.08874998 2.80340906
v -3.76743980 1.15999997 2.82249994
v -3.76543998 1.15999997 2.82249994
v -3.76743980 1.23124997 2.80340906
v -3.76543998 1.23124997 2.80340906
v -3.79551993 1.25625600 2.74185999
v -3.76743980 1.28340894 2.75124994
v -3.79551993 1.27441998 2.67999994
v -3.76743980 1.30249997 2.67999994
v -3.76743980 1.28340894 2.60874994
v -3.76743980 1.23124997 2.80340906
v -3.79551993 1.20753194 2.78407983
v -3.76743980 1.15999997 2.82249994
v -3.79551993 1.14371595 2.79325494
v -3.76743980 1.08874998 2.80340906
v -3.79551993 1.08507101 2.76647302
v -3.76743980 1.03659101 2.75124994
v -3.79551993 1.05021497 2.71223596
v -3.76743980 1.01749998 2.67999994
v -3.76743980 1.01749998 2.67999994
v -3.79551993 1.05021497 2.71223596
v -3.79551993 1.05021497 2.64776392
v -3.76743980 1.03659101 2.60874994
v -3.79551993 1.08507101 2.59352686
v -3.76743980 1.08874998 2.55659098
v -3.79551993 1.14371595 2.56674494
v -3.76743980 1.15999997 2.53749994
v -3.79551993 1.20753194 2.57592005
v -3.76743980 1.23124997 2.55659098
v -3.79551993 1.25625600 2.61813990
v -3.79551993 1.24856000 2.74434198
v -3.79551993 1.25625600 2.74185999
v -3.79551993 1.26946599 2.67999994
v -3.79551993 1.27441998 2.67999994
v -3.79551993 1.25625600 2.61813990
v -3.79551993 1.20753194 2.78407983
v -3.79551993 1.19382695 2.78410791
v -3.79551993 1.14371595 2.79325494
v -3.79551993 1.12617299 2.78410791
v -3.79551993 1.08507101 2.76647302
v -3.79551993 1.07143995 2.74434198
v -3.79551993 1.05021497 2.71223596
v -3.79551993 1.05053396 2.67999994
v -3.79551993 1.05021497 2.64776392
v -3.79551993 1.07143995 2.61565698
v -3.79551993 1.08507101 2.59352686
v -3.79551993 1.12617299 2.57589197
v -3.79551993 1.14371595 2.56674494
v -3.79551993 1.19382695 2.57589197
v -3.79551993 1.20753194 2.57592005
v -3.79551993 1.24856000 2.61565698
v -3.79752006 1.24694196 2.74316705
v -3.79551993 1.26946599 2.67999994
v -3.79752006 1.26746594 2.67999994
v -3.79551993 1.24856000 2.61565698
v -3.79752006 1.24694196 2.61683283
v -3.79551993 1.19382695 2.57589197
v -3.79752006 1.19320897 2.57779383
v -3.79551993 1.12617299 2.57589197
v -3.79752006 1.12679098 2.57779383
v -3.79551993 1.07143995 2.61565698
v -3.79752006 1.07305799 2.61683283
v -3.79551993 1.05053396 2.67999994
v -3.79752006 1.05253400 2.67999994
v -3.79752006 1.05253400 2.67999994
v -3.79551993 1.05053396 2.67999994
v -3.79551993 1.07143995 2.74434198
v -3.79752006 1.07305799 2.74316705
v -3.79551993 1.12617299 2.78410791
v -3.79752006 1.12679098 2.78220605
v -3.79551993 1.19382695 2.78410791
v -3.79752006 1.19320897 2.78220605
v -3.79551993 1.24856000 2.74434198
v 1.52999997 -3.13999993 3.34999993
v 1.52999997 -3.13999993 3.32999993
v 1.57249996 -3.13999993 3.34999993
v 1.63999996 -3.13999993 3.32999993
v 1.61999996 -3.13999993 3.39749992
v 1.63999996 -3.13999993 3.43999992
v 1.61999996 -3.13999993 3.43999992
v 1.58664196 -3.13999993 3.39749992
v 1.57249996 -3.13999993 3.38335777
v 1.54999997 -3.13999993 3.43414207
v 1.53585797 -3.13999993 3.41999992
v 1.50699994 -3.13999993 3.45055504
v 1.48409604 -3.13999993 3.44651695
v 1.52195004 -3.13999993 3.46837089
v 1.54999997 -3.13999993 3.52585777
v 1.52195004 -3.13999993 3.49162895
v 1.50699994 -3.13999993 3.50944481
v 1.53585797 -3.13999993 3.53999992
v 1.48409604 -3.13999993 3.51348381
v 1.44414197 -3.13999993 3.53999992
v 1.46395398 -3.13999993 3.50185478
v 1.42999997 -3.13999993 3.52585777
v 1.45600003 -3.13999993 3.47999992
v 1.42999997 -3.13999993 3.43414207
v 1.46395398 -3.13999993 3.45814506
v 1.44414197 -3.13999993 3.41999992
v 1.57249996 -3.13999993 3.57664207
v 1.58664196 -3.13999993 3.56249992
v 1.57249996 -3.13999993 3.60999992
v 1.61999996 -3.13999993 3.56249992
v 1.63999996 -3.13999993 3.62999992
v 1.63999996 -3.13999993 3.51999992
v 1.61999996 -3.13999993 3.51999992
v 1.52999997 -3.13999993 3.62999992
v 1.52999997 -3.13999993 3.60999992
v 1.40749997 -3.13999993 3.57664207
v 1.39335797 -3.13999993 3.56249992
v 1.40749997 -3.13999993 3.60999992
v 1.35999997 -3.13999993 3.56249992
v 1.33999997 -3.13999993 3.62999992
v 1.33999997 -3.13999993 3.51999992
v 1.44999997 -3.13999993 3.60999992
v 1.44999997 -3.13999993 3.62999992
v 1.35999997 -3.13999993 3.51999992
v 1.40749997 -3.13999993 3.38335777
v 1.39335797 -3.13999993 3.39749992
v 1.40749997 -3.13999993 3.34999993
v 1.35999997 -3.13999993 3.39749992
v 1.33999997 -3.13999993 3.32999993
v 1.33999997 -3.13999993 3.43999992
v 1.35999997 -3.13999993 3.43999992
v 1.44999997 -3.13999993 3.32999993
v 1.44999997 -3.13999993 3.34999993
v 1.46395398 -3.13999993 3.45814506
v 1.46395398 3.13999993 3.45814506
v 1.45600003 -3.13999993 3.47999992
v 1.45600003 3.13999993 3.47999992
v 1.45600003 -3.13999993 3.47999992
v 1.45600003 3.13999993 3.47999992
v 1.46395398 -3.13999993 3.50185478
v 1.46395398 3.13999993 3.50185478
v 1.48409604 -3.13999993 3.51348381
v 1.48409604 3.13999993 3.51348381
v 1.50699994 -3.13999993 3.50944481
v 1.50699994 3.13999993 3.50944481
v 1.52195004 -3.13999993 3.49162895
v 1.52195004 3.13999993 3.49162895
v 1.52195004 -3.13999993 3.46837089
v 1.52195004 3.13999993 3.46837089
v 1.50699994 -3.13999993 3.45055504
v 1.50699994 3.13999993 3.45055504
v 1.48409604 -3.13999993 3.44651695
v 1.48409604 3.13999993 3.44651695
v 1.52999997 3.13999993 3.34999993
v 1.52999997 3.13999993 3.32999993
v 1.52999997 -3.13999993 3.34999993
v 1.52999997 -3.13999993 3.32999993
v 1.63999996 3.13999993 3.32999993
v 1.63999996 3.13999993 3.43999992
v 1.63999996 -3.13999993 3.32999993
v 1.63999996 -3.13999993 3.43999992
v 1.63999996 3.13999993 3.43999992
v 1.61999996 3.13999993 3.43999992
v 1.63999996 -3.13999993 3.43999992
v 1.61999996 -3.13999993 3.43999992
v 1.61999996 3.13999993 3.43999992
v 1.61999996 3.13999993 3.39749992
v 1.61999996 -3.13999993 3.43999992
v 1.61999996 -3.13999993 3.39749992
v 1.61999996 3.13999993 3.39749992
v 1.58664196 3.13999993 3.39749992
v 1.61999996 -3.13999993 3.39749992
v 1.58664196 -3.13999993 3.39749992
v 1.58664196 3.13999993 3.39749992
v 1.54999997 3.13999993 3.43414207
v 1.58664196 -3.13999993 3.39749992
v 1.54999997 -3.13999993 3.43414207
v 1.54999997 3.13999993 3.43414207
v 1.54999997 3.13999993 3.52585777
v 1.54999997 -3.13999993 3.43414207
v 1.54999997 -3.13999993 3.52585777
v 1.54999997 3.13999993 3.52585777
v 1.58664196 3.13999993 3.56249992
v 1.54999997 -3.13999993 3.52585777
v 1.58664196 -3.13999993 3.56249992
v 1.58664196 3.13999993 3.56249992
v 1.61999996 3.13999993 3.56249992
v 1.58664196 -3.13999993 3.56249992
v 1.61999996 -3.13999993 3.56249992
v 1.61999996 3.13999993 3.56249992
v 1.61999996 3.13999993 3.51999992
v 1.61999996 -3.13999993 3.56249992
v 1.61999996 -3.13999993 3.51999992
v 1.61999996 3.13999993 3.51999992
v 1.63999996 3.13999993 3.51999992
v 1.61999996 -3.13999993 3.51999992
v 1.63999996 -3.13999993 3.51999992
v 1.63999996 3.13999993 3.51999992
v 1.63999996 3.13999993 3.62999992
v 1.63999996 -3.13999993 3.51999992
v 1.63999996 -3.13999993 3.62999992
v 1.63999996 3.13999993 3.62999992
v 1.52999997 3.13999993 3.62999992
v 1.63999996 -3.13999993 3.62999992
v 1.52999997 -3.13999993 3.62999992
v 1.52999997 3.13999993 3.62999992
v 1.52999997 3.13999993 3.60999992
v 1.52999997 -3.13999993 3.62999992
v 1.52999997 -3.13999993 3.60999992
v 1.52999997 3.13999993 3.60999992
v 1.57249996 3.13999993 3.60999992
v 1.52999997 -3.13999993 3.60999992
v 1.57249996 -3.13999993 3.60999992
v 1.57249996 3.13999993 3.60999992
v 1.57249996 3.13999993 3.57664207
v 1.57249996 -3.13999993 3.60999992
v 1.57249996 -3.13999993 3.57664207
v 1.57249996 3.13999993 3.57664207
v 1.53585797 3.13999993 3.53999992
v 1.57249996 -3.13999993 3.57664207
v 1.53585797 -3.13999993 3.53999992
v 1.53585797 3.13999993 3.53999992
v 1.44414197 3.13999993 3.53999992
v 1.53585797 -3.13999993 3.53999992
v 1.44414197 -3.13999993 3.53999992
v 1.44414197 3.13999993 3.53999992
v 1.40749997 3.13999993 3.57664207
v 1.44414197 -3.13999993 3.53999992
v 1.40749997 -3.13999993 3.57664207
v 1.40749997 3.13999993 3.57664207
v 1.40749997 3.13999993 3.60999992
v 1.40749997 -3.13999993 3.57664207
v 1.40749997 -3.13999993 3.60999992
v 1.40749997 3.13999993 3.60999992
v 1.44999997 3.13999993 3.60999992
v 1.40749997 -3.13999993 3.60999992
v 1.44999997 -3.13999993 3.60999992
v 1.44999997 3.13999993 3.60999992
v 1.44999997 3.13999993 3.62999992
v 1.44999997 -3.13999993 3.60999992
v 1.44999997 -3.13999993 3.62999992
v 1.44999997 3.13999993 3.62999992
v 1.33999997 3.13999993 3.62999992
v 1.44999997 -3.13999993 3.62999992
v 1.33999997 -3.13999993 3.62999992
v 1.33999997 3.13999993 3.62999992
v 1.33999997 3.13999993 3.51999992
v 1.33999997 -3.13999993 3.62999992
v 1.33999997 -3.13999993 3.51999992
v 1.33999997 3.13999993 3.51999992
v 1.35999997 3.13999993 3.51999992
v 1.33999997 -3.13999993 3.51999992
v 1.35999997 -3.13999993 3.51999992
v 1.35999997 3.13999993 3.51999992
v 1.35999997 3.13999993 3.56249992
v 1.35999997 -3.13999993 3.51999992
v 1.35999997 -3.13999993 3.56249992
v 1.35999997 3.13999993 3.56249992
v 1.39335797 3.13999993 3.56249992
v 1.35999997 -3.13999993 3.56249992
v 1.39335797 -3.13999993 3.56249992
v 1.39335797 3.13999993 3.56249992
v 1.42999997 3.13999993 3.52585777
v 1.39335797 -3.13999993 3.56249992
v 1.42999997 -3.13999993 3.52585777
v 1.42999997 3.13999993 3.52585777
v 1.42999997 3.13999993 3.43414207
v 1.42999997 -3.13999993 3.52585777
v 1.42999997 -3.13999993 3.43414207
v 1.42999997 3.13999993 3.43414207
v 1.39335797 3.13999993 3.39749992
v 1.42999997 -3.13999993 3.43414207
v 1.39335797 -3.13999993 3.39749992
v 1.39335797 3.13999993 3.39749992
v 1.35999997 3.13999993 3.39749992
v 1.39335797 -3.13999993 3.39749992
v 1.35999997 -3.13999993 3.39749992
v 1.35999997 3.13999993 3.39749992
v 1.35999997 3.13999993 3.43999992
v 1.35999997 -3.13999993 3.39749992
v 1.35999997 -3.13999993 3.43999992
v 1.35999997 3.13999993 3.43999992
v 1.33999997 3.13999993 3.43999992
v 1.35999997 -3.13999993 3.43999992
v 1.33999997 -3.13999993 3.43999992
v 1.33999997 3.13999993 3.43999992
v 1.33999997 3.13999993 3.32999993
v 1.33999997 -3.13999993 3.43999992
v 1.33999997 -3.13999993 3.32999993
v 1.44999997 3.13999993 3.32999993
v 1.44999997 3.13999993 3.34999993
v 1.44999997 -3.13999993 3.32999993
v 1.44999997 -3.13999993 3.34999993
v 1.44999997 3.13999993 3.34999993
v 1.40749997 3.13999993 3.34999993
v 1.44999997 -3.13999993 3.34999993
v 1.40749997 -3.13999993 3.34999993
v 1.40749997 3.13999993 3.34999993
v 1.40749997 3.13999993 3.38335777
v 1.40749997 -3.13999993 3.34999993
v 1.40749997 -3.13999993 3.38335777
v 1.40749997 3.13999993 3.38335777
v 1.44414197 3.13999993 3.41999992
v 1.40749997 -3.13999993 3.38335777
v 1.44414197 -3.13999993 3.41999992
v 1.44414197 3.13999993 3.41999992
v 1.53585797 3.13999993 3.41999992
v 1.44414197 -3.13999993 3.41999992
v 1.53585797 -3.13999993 3.41999992
v 1.53585797 3.13999993 3.41999992
v 1.57249996 3.13999993 3.38335777
v 1.53585797 -3.13999993 3.41999992
v 1.57249996 -3.13999993 3.38335777
v 1.57249996 3.13999993 3.38335777
v 1.57249996 3.13999993 3.34999993
v 1.57249996 -3.13999993 3.38335777
v 1.57249996 -3.13999993 3.34999993
v 1.57249996 3.13999993 3.34999993
v 1.52999997 3.13999993 3.34999993
v 1.57249996 -3.13999993 3.34999993
v 1.52999997 -3.13999993 3.34999993
v 1.52999997 3.13999993 3.34999993
v 1.57249996 3.13999993 3.34999993
v 1.52999997 3.13999993 3.32999993
v 1.63999996 3.13999993 3.32999993
v 1.61999996 3.13999993 3.39749992
v 1.63999996 3.13999993 3.43999992
v 1.61999996 3.13999993 3.43999992
v 1.58664196 3.13999993 3.39749992
v 1.57249996 3.13999993 3.38335777
v 1.54999997 3.13999993 3.43414207
v 1.53585797 3.13999993 3.41999992
v 1.50699994 3.13999993 3.45055504
v 1.48409604 3.13999993 3.44651695
v 1.44414197 3.13999993 3.41999992
v 1.46395398 3.13999993 3.45814506
v 1.42999997 3.13999993 3.43414207
v 1.45600003 3.13999993 3.47999992
v 1.42999997 3.13999993 3.52585777
v 1.46395398 3.13999993 3.50185478
v 1.44414197 3.13999993 3.53999992
v 1.48409604 3.13999993 3.51348381
v 1.53585797 3.13999993 3.53999992
v 1.50699994 3.13999993 3.50944481
v 1.54999997 3.13999993 3.52585777
v 1.52195004 3.13999993 3.49162895
v 1.52195004 3.13999993 3.46837089
v 1.40749997 3.13999993 3.38335777
v 1.39335797 3.13999993 3.39749992
v 1.40749997 3.13999993 3.34999993
v 1.35999997 3.13999993 3.39749992
v 1.33999997 3.13999993 3.32999993
v 1.33999997 3.13999993 3.43999992
v 1.44999997 3.13999993 3.34999993
v 1.44999997 3.13999993 3.32999993
v 1.35999997 3.13999993 3.43999992
v 1.40749997 3.13999993 3.57664207
v 1.39335797 3.13999993 3.56249992
v 1.40749997 3.13999993 3.60999992
v 1.35999997 3.13999993 3.56249992
v 1.33999997 3.13999993 3.62999992
v 1.33999997 3.13999993 3.51999992
v 1.35999997 3.13999993 3.51999992
v 1.44999997 3.13999993 3.62999992
v 1.44999997 3.13999993 3.60999992
v 1.57249996 3.13999993 3.57664207
v 1.58664196 3.13999993 3.56249992
v 1.57249996 3.13999993 3.60999992
v 1.61999996 3.13999993 3.56249992
v 1.63999996 3.13999993 3.62999992
v 1.63999996 3.13999993 3.51999992
v 1.52999997 3.13999993 3.60999992
v 1.52999997 3.13999993 3.62999992
v 1.61999996 3.13999993 3.51999992
v -1.61999996 -3.13999993 3.43999992
v -1.63999996 -3.13999993 3.43999992
v -1.61999996 -3.13999993 3.39749992
v -1.63999996 -3.13999993 3.32999993
v -1.57249996 -3.13999993 3.34999993
v -1.52999997 -3.13999993 3.32999993
v -1.52999997 -3.13999993 3.34999993
v -1.58664196 -3.13999993 3.39749992
v -1.57249996 -3.13999993 3.38335777
v -1.54999997 -3.13999993 3.43414207
v -1.53585797 -3.13999993 3.41999992
v -1.51604504 -3.13999993 3.45814506
v -1.49590390 -3.13999993 3.44651695
v -1.44414197 -3.13999993 3.41999992
v -1.47300000 -3.13999993 3.45055504
v -1.42999997 -3.13999993 3.43414207
v -1.45804989 -3.13999993 3.46837089
v -1.42999997 -3.13999993 3.52585777
v -1.45804989 -3.13999993 3.49162895
v -1.47300000 -3.13999993 3.50944481
v -1.44414197 -3.13999993 3.53999992
v -1.49590390 -3.13999993 3.51348381
v -1.53585797 -3.13999993 3.53999992
v -1.51604504 -3.13999993 3.50185478
v -1.54999997 -3.13999993 3.52585777
v -1.52399990 -3.13999993 3.47999992
v -1.40749997 -3.13999993 3.38335777
v -1.39335797 -3.13999993 3.39749992
v -1.40749997 -3.13999993 3.34999993
v -1.35999997 -3.13999993 3.39749992
v -1.33999997 -3.13999993 3.32999993
v -1.33999997 -3.13999993 3.43999992
v -1.44999997 -3.13999993 3.34999993
v -1.44999997 -3.13999993 3.32999993
v -1.35999997 -3.13999993 3.43999992
v -1.40749997 -3.13999993 3.57664207
v -1.39335797 -3.13999993 3.56249992
v -1.40749997 -3.13999993 3.60999992
v -1.35999997 -3.13999993 3.56249992
v -1.33999997 -3.13999993 3.62999992
v -1.33999997 -3.13999993 3.51999992
v -1.35999997 -3.13999993 3.51999992
v -1.44999997 -3.13999993 3.62999992
v -1.44999997 -3.13999993 3.60999992
v -1.57249996 -3.13999993 3.57664207
v -1.58664196 -3.13999993 3.56249992
v -1.57249996 -3.13999993 3.60999992
v -1.61999996 -3.13999993 3.56249992
v -1.63999996 -3.13999993 3.62999992
v -1.63999996 -3.13999993 3.51999992
v -1.52999997 -3.13999993 3.60999992
v -1.52999997 -3.13999993 3.62999992
v -1.61999996 -3.13999993 3.51999992
v -1.51604504 -3.13999993 3.45814506
v -1.51604504 3.13999993 3.45814506
v -1.52399990 -3.13999993 3.47999992
v -1.52399990 3.13999993 3.47999992
v -1.52399990 -3.13999993 3.47999992
v -1.52399990 3.13999993 3.47999992
v -1.51604504 -3.13999993 3.50185478
v -1.51604504 3.13999993 3.50185478
v -1.49590390 -3.13999993 3.51348381
v -1.49590390 3.13999993 3.51348381
v -1.47300000 -3.13999993 3.50944481
v -1.47300000 3.13999993 3.50944481
v -1.45804989 -3.13999993 3.49162895
v -1.45804989 3.13999993 3.49162895
v -1.45804989 -3.13999993 3.46837089
v -1.45804989 3.13999993 3.46837089
v -1.47300000 -3.13999993 3.45055504
v -1.47300000 3.13999993 3.45055504
v -1.49590390 -3.13999993 3.44651695
v -1.49590390 3.13999993 3.44651695
v -1.61999996 3.13999993 3.43999992
v -1.63999996 3.13999993 3.43999992
v -1.61999996 -3.13999993 3.43999992
v -1.63999996 -3.13999993 3.43999992
v -1.63999996 3.13999993 3.43999992
v -1.63999996 3.13999993 3.32999993
v -1.63999996 -3.13999993 3.43999992
v -1.63999996 -3.13999993 3.32999993
v -1.52999997 3.13999993 3.32999993
v -1.52999997 3.13999993 3.34999993
v -1.52999997 -3.13999993 3.32999993
v -1.52999997 -3.13999993 3.34999993
v -1.52999997 3.13999993 3.34999993
v -1.57249996 3.13999993 3.34999993
v -1.52999997 -3.13999993 3.34999993
v -1.57249996 -3.13999993 3.34999993
v -1.57249996 3.13999993 3.34999993
v -1.57249996 3.13999993 3.38335777
v -1.57249996 -3.13999993 3.34999993
v -1.57249996 -3.13999993 3.38335777
v -1.57249996 3.13999993 3.38335777
v -1.53585797 3.13999993 3.41999992
v -1.57249996 -3.13999993 3.38335777
v -1.53585797 -3.13999993 3.41999992
v -1.53585797 3.13999993 3.41999992
v -1.44414197 3.13999993 3.41999992
v -1.53585797 -3.13999993 3.41999992
v -1.44414197 -3.13999993 3.41999992
v -1.44414197 3.13999993 3.41999992
v -1.40749997 3.13999993 3.38335777
v -1.44414197 -3.13999993 3.41999992
v -1.40749997 -3.13999993 3.38335777
v -1.40749997 3.13999993 3.38335777
v -1.40749997 3.13999993 3.34999993
v -1.40749997 -3.13999993 3.38335777
v -1.40749997 -3.13999993 3.34999993
v -1.40749997 3.13999993 3.34999993
v -1.44999997 3.13999993 3.34999993
v -1.40749997 -3.13999993 3.34999993
v -1.44999997 -3.13999993 3.34999993
v -1.44999997 3.13999993 3.34999993
v -1.44999997 3.13999993 3.32999993
v -1.44999997 -3.13999993 3.34999993
v -1.44999997 -3.13999993 3.32999993
v -1.33999997 3.13999993 3.32999993
v -1.33999997 3.13999993 3.43999992
v -1.33999997 -3.13999993 3.32999993
v -1.33999997 -3.13999993 3.43999992
v -1.33999997 3.13999993 3.43999992
v -1.35999997 3.13999993 3.43999992
v -1.33999997 -3.13999993 3.43999992
v -1.35999997 -3.13999993 3.43999992
v -1.35999997 3.13999993 3.43999992
v -1.35999997 3.13999993 3.39749992
v -1.35999997 -3.13999993 3.43999992
v -1.35999997 -3.13999993 3.39749992
v -1.35999997 3.13999993 3.39749992
v -1.39335797 3.13999993 3.39749992
v -1.35999997 -3.13999993 3.39749992
v -1.39335797 -3.13999993 3.39749992
v -1.39335797 3.13999993 3.39749992
v -1.42999997 3.13999993 3.43414207
v -1.39335797 -3.13999993 3.39749992
v -1.42999997 -3.13999993 3.43414207
v -1.42999997 3.13999993 3.43414207
v -1.42999997 3.13999993 3.52585777
v -1.42999997 -3.13999993 3.43414207
v -1.42999997 -3.13999993 3.52585777
v -1.42999997 3.13999993 3.52585777
v -1.39335797 3.13999993 3.56249992
v -1.42999997 -3.13999993 3.52585777
v -1.39335797 -3.13999993 3.56249992
v -1.39335797 3.13999993 3.56249992
v -1.35999997 3.13999993 3.56249992
v -1.39335797 -3.13999993 3.56249992
v -1.35999997 -3.13999993 3.56249992
v -1.35999997 3.13999993 3.56249992
v -1.35999997 3.13999993 3.51999992
v -1.35999997 -3.13999993 3.56249992
v -1.35999997 -3.13999993 3.51999992
v -1.35999997 3.13999993 3.51999992
v -1.33999997 3.13999993 3.51999992
v -1.35999997 -3.13999993 3.51999992
v -1.33999997 -3.13999993 3.51999992
v -1.33999997 3.13999993 3.51999992
v -1.33999997 3.13999993 3.62999992
v -1.33999997 -3.13999993 3.51999992
v -1.33999997 -3.13999993 3.62999992
v -1.33999997 3.13999993 3.62999992
v -1.44999997 3.13999993 3.62999992
v -1.33999997 -3.13999993 3.62999992
v -1.44999997 -3.13999993 3.62999992
v -1.44999997 3.13999993 3.62999992
v -1.44999997 3.13999993 3.60999992
v -1.44999997 -3.13999993 3.62999992
v -1.44999997 -3.13999993 3.60999992
v -1.44999997 3.13999993 3.60999992
v -1.40749997 3.13999993 3.60999992
v -1.44999997 -3.13999993 3.60999992
v -1.40749997 -3.13999993 3.60999992
v -1.40749997 3.13999993 3.60999992
v -1.40749997 3.13999993 3.57664207
v -1.40749997 -3.13999993 3.60999992
v -1.40749997 -3.13999993 3.57664207
v -1.40749997 3.13999993 3.57664207
v -1.44414197 3.13999993 3.53999992
v -1.40749997 -3.13999993 3.57664207
v -1.44414197 -3.13999993 3.53999992
v -1.44414197 3.13999993 3.53999992
v -1.53585797 3.13999993 3.53999992
v -1.44414197 -3.13999993 3.53999992
v -1.53585797 -3.13999993 3.53999992
v -1.53585797 3.13999993 3.53999992
v -1.57249996 3.13999993 3.57664207
v -1.53585797 -3.13999993 3.53999992
v -1.57249996 -3.13999993 3.57664207
v -1.57249996 3.13999993 3.57664207
v -1.57249996 3.13999993 3.60999992
v -1.57249996 -3.13999993 3.57664207
v -1.57249996 -3.13999993 3.60999992
v -1.57249996 3.13999993 3.60999992
v -1.52999997 3.13999993 3.60999992
v -1.57249996 -3.13999993 3.60999992
v -1.52999997 -3.13999993 3.60999992
v -1.52999997 3.13999993 3.60999992
v -1.52999997 3.13999993 3.62999992
v -1.52999997 -3.13999993 3.60999992
v -1.52999997 -3.13999993 3.62999992
v -1.52999997 3.13999993 3.62999992
v -1.63999996 3.13999993 3.62999992
v -1.52999997 -3.13999993 3.62999992
v -1.63999996 -3.13999993 3.62999992
v -1.63999996 3.13999993 3.62999992
v -1.63999996 3.13999993 3.51999992
v -1.63999996 -3.13999993 3.62999992
v -1.63999996 -3.13999993 3.51999992
v -1.63999996 3.13999993 3.51999992
v -1.61999996 3.13999993 3.51999992
v -1.63999996 -3.13999993 3.51999992
v -1.61999996 -3.13999993 3.51999992
v -1.61999996 3.13999993 3.51999992
v -1.61999996 3.13999993 3.56249992
v -1.61999996 -3.13999993 3.51999992
v -1.61999996 -3.13999993 3.56249992
v -1.61999996 3.13999993 3.56249992
v -1.58664196 3.13999993 3.56249992
v -1.61999996 -3.13999993 3.56249992
v -1.58664196 -3.13999993 3.56249992
v -1.58664196 3.13999993 3.56249992
v -1.54999997 3.13999993 3.52585777
v -1.58664196 -3.13999993 3.56249992
v -1.54999997 -3.13999993 3.52585777
v -1.54999997 3.13999993 3.52585777
v -1.54999997 3.13999993 3.43414207
v -1.54999997 -3.13999993 3.52585777
v -1.54999997 -3.13999993 3.43414207
v -1.54999997 3.13999993 3.43414207
v -1.58664196 3.13999993 3.39749992
v -1.54999997 -3.13999993 3.43414207
v -1.58664196 -3.13999993 3.39749992
v -1.58664196 3.13999993 3.39749992
v -1.61999996 3.13999993 3.39749992
v -1.58664196 -3.13999993 3.39749992
v -1.61999996 -3.13999993 3.39749992
v -1.61999996 3.13999993 3.39749992
v -1.61999996 3.13999993 3.43999992
v -1.61999996 -3.13999993 3.39749992
v -1.61999996 -3.13999993 3.43999992
v -1.61999996 3.13999993 3.43999992
v -1.61999996 3.13999993 3.39749992
v -1.63999996 3.13999993 3.43999992
v -1.63999996 3.13999993 3.32999993
v -1.57249996 3.13999993 3.34999993
v -1.52999997 3.13999993 3.32999993
v -1.52999997 3.13999993 3.34999993
v -1.58664196 3.13999993 3.39749992
v -1.57249996 3.13999993 3.38335777
v -1.54999997 3.13999993 3.43414207
v -1.53585797 3.13999993 3.41999992
v -1.51604504 3.13999993 3.45814506
v -1.49590390 3.13999993 3.44651695
v -1.52399990 3.13999993 3.47999992
v -1.54999997 3.13999993 3.52585777
v -1.51604504 3.13999993 3.50185478
v -1.53585797 3.13999993 3.53999992
v -1.49590390 3.13999993 3.51348381
v -1.44414197 3.13999993 3.53999992
v -1.47300000 3.13999993 3.50944481
v -1.42999997 3.13999993 3.52585777
v -1.45804989 3.13999993 3.49162895
v -1.42999997 3.13999993 3.43414207
v -1.45804989 3.13999993 3.46837089
v -1.47300000 3.13999993 3.45055504
v -1.44414197 3.13999993 3.41999992
v -1.57249996 3.13999993 3.57664207
v -1.58664196 3.13999993 3.56249992
v -1.57249996 3.13999993 3.60999992
v -1.61999996 3.13999993 3.56249992
v -1.63999996 3.13999993 3.62999992
v -1.63999996 3.13999993 3.51999992
v -1.61999996 3.13999993 3.51999992
v -1.52999997 3.13999993 3.62999992
v -1.52999997 3.13999993 3.60999992
v -1.40749997 3.13999993 3.57664207
v -1.39335797 3.13999993 3.56249992
v -1.40749997 3.13999993 3.60999992
v -1.35999997 3.13999993 3.56249992
v -1.33999997 3.13999993 3.62999992
v -1.33999997 3.13999993 3.51999992
v -1.44999997 3.13999993 3.60999992
v -1.44999997 3.13999993 3.62999992
v -1.35999997 3.13999993 3.51999992
v -1.40749997 3.13999993 3.38335777
v -1.39335797 3.13999993 3.39749992
v -1.40749997 3.13999993 3.34999993
v -1.35999997 3.13999993 3.39749992
v -1.33999997 3.13999993 3.32999993
v -1.33999997 3.13999993 3.43999992
v -1.35999997 3.13999993 3.43999992
v -1.44999997 3.13999993 3.32999993
v -1.44999997 3.13999993 3.34999993
v 3.01999993 -3.13999993 3.43999992
v 2.99999993 -3.13999993 3.43999992
v 3.01999993 -3.13999993 3.39749992
v 2.99999993 -3.13999993 3.32999993
v 3.06749993 -3.13999993 3.34999993
v 3.10999993 -3.13999993 3.32999993
v 3.10999993 -3.13999993 3.34999993
v 3.05335778 -3.13999993 3.39749992
v 3.06749993 -3.13999993 3.38335777
v 3.08999993 -3.13999993 3.43414207
v 3.10414208 -3.13999993 3.41999992
v 3.12395501 -3.13999993 3.45814506
v 3.14409600 -3.13999993 3.44651695
v 3.19585778 -3.13999993 3.41999992
v 3.16700005 -3.13999993 3.45055504
v 3.20999993 -3.13999993 3.43414207
v 3.18195000 -3.13999993 3.46837089
v 3.20999993 -3.13999993 3.52585777
v 3.18195000 -3.13999993 3.49162895
v 3.16700005 -3.13999993 3.50944481
v 3.19585778 -3.13999993 3.53999992
v 3.14409600 -3.13999993 3.51348381
v 3.10414208 -3.13999993 3.53999992
v 3.12395501 -3.13999993 3.50185478
v 3.08999993 -3.13999993 3.52585777
v 3.11599999 -3.13999993 3.47999992
v 3.23249993 -3.13999993 3.38335777
v 3.24664208 -3.13999993 3.39749992
v 3.23249993 -3.13999993 3.34999993
v 3.27999993 -3.13999993 3.39749992
v 3.29999993 -3.13999993 3.32999993
v 3.29999993 -3.13999993 3.43999992
v 3.18999993 -3.13999993 3.34999993
v 3.18999993 -3.13999993 3.32999993
v 3.27999993 -3.13999993 3.43999992
v 3.23249993 -3.13999993 3.57664207
v 3.24664208 -3.13999993 3.56249992
v 3.23249993 -3.13999993 3.60999992
v 3.27999993 -3.13999993 3.56249992
v 3.29999993 -3.13999993 3.62999992
v 3.29999993 -3.13999993 3.51999992
v 3.27999993 -3.13999993 3.51999992
v 3.18999993 -3.13999993 3.62999992
v 3.18999993 -3.13999993 3.60999992
v 3.06749993 -3.13999993 3.57664207
v 3.05335778 -3.13999993 3.56249992
v 3.06749993 -3.13999993 3.60999992
v 3.01999993 -3.13999993 3.56249992
v 2.99999993 -3.13999993 3.62999992
v 2.99999993 -3.13999993 3.51999992
v 3.10999993 -3.13999993 3.60999992
v 3.10999993 -3.13999993 3.62999992
v 3.01999993 -3.13999993 3.51999992
v 3.12395501 -3.13999993 3.45814506
v 3.12395501 3.13999993 3.45814506
v 3.11599999 -3.13999993 3.47999992
v 3.11599999 3.13999993 3.47999992
v 3.11599999 -3.13999993 3.47999992
v 3.11599999 3.13999993 3.47999992
v 3.12395501 -3.13999993 3.50185478
v 3.12395501 3.13999993 3.50185478
v 3.14409600 -3.13999993 3.51348381
v 3.14409600 3.13999993 3.51348381
v 3.16700005 -3.13999993 3.50944481
v 3.16700005 3.13999993 3.50944481
v 3.18195000 -3.13999993 3.49162895
v 3.18195000 3.13999993 3.49162895
v 3.18195000 -3.13999993 3.46837089
v 3.18195000 3.13999993 3.46837089
v 3.16700005 -3.13999993 3.45055504
v 3.16700005 3.13999993 3.45055504
v 3.14409600 -3.13999993 3.44651695
v 3.14409600 3.13999993 3.44651695
v 3.01999993 3.13999993 3.43999992
v 2.99999993 3.13999993 3.43999992
v 3.01999993 -3.13999993 3.43999992
v 2.99999993 -3.13999993 3.43999992
v 2.99999993 3.13999993 3.43999992
v 2.99999993 3.13999993 3.32999993
v 2.99999993 -3.13999993 3.43999992
v 2.99999993 -3.13999993 3.32999993
v 3.10999993 3.13999993 3.32999993
v 3.10999993 3.13999993 3.34999993
v 3.10999993 -3.13999993 3.32999993
v 3.10999993 -3.13999993 3.34999993
v 3.10999993 3.13999993 3.34999993
v 3.06749993 3.13999993 3.34999993
v 3.10999993 -3.13999993 3.34999993
v 3.06749993 -3.13999993 3.34999993
v 3.06749993 3.13999993 3.34999993
v 3.06749993 3.13999993 3.38335777
v 3.06749993 -3.13999993 3.34999993
v 3.06749993 -3.13999993 3.38335777
v 3.06749993 3.13999993 3.38335777
v 3.10414208 3.13999993 3.41999992
v 3.06749993 -3.13999993 3.38335777
v 3.10414208 -3.13999993 3.41999992
v 3.10414208 3.13999993 3.41999992
v 3.19585778 3.13999993 3.41999992
v 3.10414208 -3.13999993 3.41999992
v 3.19585778 -3.13999993 3.41999992
v 3.19585778 3.13999993 3.41999992
v 3.23249993 3.13999993 3.38335777
v 3.19585778 -3.13999993 3.41999992
v 3.23249993 -3.13999993 3.38335777
v 3.23249993 3.13999993 3.38335777
v 3.23249993 3.13999993 3.34999993
v 3.23249993 -3.13999993 3.38335777
v 3.23249993 -3.13999993 3.34999993
v 3.23249993 3.13999993 3.34999993
v 3.18999993 3.13999993 3.34999993
v 3.23249993 -3.13999993 3.34999993
v 3.18999993 -3.13999993 3.34999993
v 3.18999993 3.13999993 3.34999993
v 3.18999993 3.13999993 3.32999993
v 3.18999993 -3.13999993 3.34999993
v 3.18999993 -3.13999993 3.32999993
v 3.29999993 3.13999993 3.32999993
v 3.29999993 3.13999993 3.43999992
v 3.29999993 -3.13999993 3.32999993
v 3.29999993 -3.13999993 3.43999992
v 3.29999993 3.13999993 3.43999992
v 3.27999993 3.13999993 3.43999992
v 3.29999993 -3.13999993 3.43999992
v 3.27999993 -3.13999993 3.43999992
v 3.27999993 3.13999993 3.43999992
v 3.27999993 3.13999993 3.39749992
v 3.27999993 -3.13999993 3.43999992
v 3.27999993 -3.13999993 3.39749992
v 3.27999993 3.13999993 3.39749992
v 3.24664208 3.13999993 3.39749992
v 3.27999993 -3.13999993 3.39749992
v 3.24664208 -3.13999993 3.39749992
v 3.24664208 3.13999993 3.39749992
v 3.20999993 3.13999993 3.43414207
v 3.24664208 -3.13999993 3.39749992
v 3.20999993 -3.13999993 3.43414207
v 3.20999993 3.13999993 3.43414207
v 3.20999993 3.13999993 3.52585777
v 3.20999993 -3.13999993 3.43414207
v 3.20999993 -3.13999993 3.52585777
v 3.20999993 3.13999993 3.52585777
v 3.24664208 3.13999993 3.56249992
v 3.20999993 -3.13999993 3.52585777
v 3.24664208 -3.13999993 3.56249992
v 3.24664208 3.13999993 3.56249992
v 3.27999993 3.13999993 3.56249992
v 3.24664208 -3.13999993 3.56249992
v 3.27999993 -3.13999993 3.56249992
v 3.27999993 3.13999993 3.56249992
v 3.27999993 3.13999993 3.51999992
v 3.27999993 -3.13999993 3.56249992
v 3.27999993 -3.13999993 3.51999992
v 3.27999993 3.13999993 3.51999992
v 3.29999993 3.13999993 3.51999992
v 3.27999993 -3.13999993 3.51999992
v 3.29999993 -3.13999993 3.51999992
v 3.29999993 3.13999993 3.51999992
v 3.29999993 3.13999993 3.62999992
v 3.29999993 -3.13999993 3.51999992
v 3.29999993 -3.13999993 3.62999992
v 3.29999993 3.13999993 3.62999992
v 3.18999993 3.13999993 3.62999992
v 3.29999993 -3.13999993 3.62999992
v 3.18999993 -3.13999993 3.62999992
v 3.18999993 3.13999993 3.62999992
v 3.18999993 3.13999993 3.60999992
v 3.18999993 -3.13999993 3.62999992
v 3.18999993 -3.13999993 3.60999992
v 3.18999993 3.13999993 3.60999992
v 3.23249993 3.13999993 3.60999992
v 3.18999993 -3.13999993 3.60999992
v 3.23249993 -3.13999993 3.60999992
v 3.23249993 3.13999993 3.60999992
v 3.23249993 3.13999993 3.57664207
v 3.23249993 -3.13999993 3.60999992
v 3.23249993 -3.13999993 3.57664207
v 3.23249993 3.13999993 3.57664207
v 3.19585778 3.13999993 3.53999992
v 3.23249993 -3.13999993 3.57664207
v 3.19585778 -3.13999993 3.53999992
v 3.19585778 3.13999993 3.53999992
v 3.10414208 3.13999993 3.53999992
v 3.19585778 -3.13999993 3.53999992
v 3.10414208 -3.13999993 3.53999992
v 3.10414208 3.13999993 3.53999992
v 3.06749993 3.13999993 3.57664207
v 3.10414208 -3.13999993 3.53999992
v 3.06749993 -3.13999993 3.57664207
v 3.06749993 3.13999993 3.57664207
v 3.06749993 3.13999993 3.60999992
v 3.06749993 -3.13999993 3.57664207
v 3.06749993 -3.13999993 3.60999992
v 3.06749993 3.13999993 3.60999992
v 3.10999993 3.13999993 3.60999992
v 3.06749993 -3.13999993 3.60999992
v 3.10999993 -3.13999993 3.60999992
v 3.10999993 3.13999993 3.60999992
v 3.10999993 3.13999993 3.62999992
v 3.10999993 -3.13999993 3.60999992
v 3.10999993 -3.13999993 3.62999992
v 3.10999993 3.13999993 3.62999992
v 2.99999993 3.13999993 3.62999992
v 3.10999993 -3.13999993 3.62999992
v 2.99999993 -3.13999993 3.62999992
v 2.99999993 3.13999993 3.62999992
v 2.99999993 3.13999993 3.51999992
v 2.99999993 -3.13999993 3.62999992
v 2.99999993 -3.13999993 3.51999992
v 2.99999993 3.13999993 3.51999992
v 3.01999993 3.13999993 3.51999992
v 2.99999993 -3.13999993 3.51999992
v 3.01999993 -3.13999993 3.51999992
v 3.01999993 3.13999993 3.51999992
v 3.01999993 3.13999993 3.56249992
v 3.01999993 -3.13999993 3.51999992
v 3.01999993 -3.13999993 3.56249992
v 3.01999993 3.13999993 3.56249992
v 3.05335778 3.13999993 3.56249992
v 3.01999993 -3.13999993 3.56249992
v 3.05335778 -3.13999993 3.56249992
v 3.05335778 3.13999993 3.56249992
v 3.08999993 3.13999993 3.52585777
v 3.05335778 -3.13999993 3.56249992
v 3.08999993 -3.13999993 3.52585777
v 3.08999993 3.13999993 3.52585777
v 3.08999993 3.13999993 3.43414207
v 3.08999993 -3.13999993 3.52585777
v 3.08999993 -3.13999993 3.43414207
v 3.08999993 3.13999993 3.43414207
v 3.05335778 3.13999993 3.39749992
v 3.08999993 -3.13999993 3.43414207
v 3.05335778 -3.13999993 3.39749992
v 3.05335778 3.13999993 3.39749992
v 3.01999993 3.13999993 3.39749992
v 3.05335778 -3.13999993 3.39749992
v 3.01999993 -3.13999993 3.39749992
v 3.01999993 3.13999993 3.39749992
v 3.01999993 3.13999993 3.43999992
v 3.01999993 -3.13999993 3.39749992
v 3.01999993 -3.13999993 3.43999992
v 3.01999993 3.13999993 3.43999992
v 3.01999993 3.13999993 3.39749992
v 2.99999993 3.13999993 3.43999992
v 2.99999993 3.13999993 3.32999993
v 3.06749993 3.13999993 3.34999993
v 3.10999993 3.13999993 3.32999993
v 3.10999993 3.13999993 3.34999993
v 3.05335778 3.13999993 3.39749992
v 3.06749993 3.13999993 3.38335777
v 3.08999993 3.13999993 3.43414207
v 3.10414208 3.13999993 3.41999992
v 3.12395501 3.13999993 3.45814506
v 3.14409600 3.13999993 3.44651695
v 3.11599999 3.13999993 3.47999992
v 3.08999993 3.13999993 3.52585777
v 3.12395501 3.13999993 3.50185478
v 3.10414208 3.13999993 3.53999992
v 3.14409600 3.13999993 3.51348381
v 3.19585778 3.13999993 3.53999992
v 3.16700005 3.13999993 3.50944481
v 3.20999993 3.13999993 3.52585777
v 3.18195000 3.13999993 3.49162895
v 3.20999993 3.13999993 3.43414207
v 3.18195000 3.13999993 3.46837089
v 3.16700005 3.13999993 3.45055504
v 3.19585778 3.13999993 3.41999992
v 3.06749993 3.13999993 3.57664207
v 3.05335778 3.13999993 3.56249992
v 3.06749993 3.13999993 3.60999992
v 3.01999993 3.13999993 3.56249992
v 2.99999993 3.13999993 3.62999992
v 2.99999993 3.13999993 3.51999992
v 3.01999993 3.13999993 3.51999992
v 3.10999993 3.13999993 3.62999992
v 3.10999993 3.13999993 3.60999992
v 3.23249993 3.13999993 3.57664207
v 3.24664208 3.13999993 3.56249992
v 3.23249993 3.13999993 3.60999992
v 3.27999993 3.13999993 3.56249992
v 3.29999993 3.13999993 3.62999992
v 3.29999993 3.13999993 3.51999992
v 3.18999993 3.13999993 3.60999992
v 3.18999993 3.13999993 3.62999992
v 3.27999993 3.13999993 3.51999992
v 3.23249993 3.13999993 3.38335777
v 3.24664208 3.13999993 3.39749992
v 3.23249993 3.13999993 3.34999993
v 3.27999993 3.13999993 3.39749992
v 3.29999993 3.13999993 3.32999993
v 3.29999993 3.13999993 3.43999992
v 3.27999993 3.13999993 3.43999992
v 3.18999993 3.13999993 3.32999993
v 3.18999993 3.13999993 3.34999993
v -2.99999993 -3.13999993 3.43999992
v -3.01999993 -3.13999993 3.39749992
v -2.99999993 -3.13999993 3.32999993
v -3.06749993 -3.13999993 3.34999993
v -3.10999993 -3.13999993 3.32999993
v -3.10999993 -3.13999993 3.34999993
v -3.01999993 -3.13999993 3.43999992
v -3.05335778 -3.13999993 3.39749992
v -3.06749993 -3.13999993 3.38335777
v -3.08999993 -3.13999993 3.43414207
v -3.10414208 -3.13999993 3.41999992
v -3.13299981 -3.13999993 3.45055504
v -3.15590386 -3.13999993 3.44651695
v -3.11804986 -3.13999993 3.46837089
v -3.08999993 -3.13999993 3.52585777
v -3.11804986 -3.13999993 3.49162895
v -3.13299981 -3.13999993 3.50944481
v -3.10414208 -3.13999993 3.53999992
v -3.15590386 -3.13999993 3.51348381
v -3.19585778 -3.13999993 3.53999992
v -3.17604607 -3.13999993 3.50185478
v -3.20999993 -3.13999993 3.52585777
v -3.18399987 -3.13999993 3.47999992
v -3.20999993 -3.13999993 3.43414207
v -3.17604607 -3.13999993 3.45814506
v -3.19585778 -3.13999993 3.41999992
v -3.06749993 -3.13999993 3.57664207
v -3.05335778 -3.13999993 3.56249992
v -3.06749993 -3.13999993 3.60999992
v -3.01999993 -3.13999993 3.56249992
v -2.99999993 -3.13999993 3.62999992
v -2.99999993 -3.13999993 3.51999992
v -3.01999993 -3.13999993 3.51999992
v -3.10999993 -3.13999993 3.62999992
v -3.10999993 -3.13999993 3.60999992
v -3.23249993 -3.13999993 3.57664207
v -3.24664208 -3.13999993 3.56249992
v -3.23249993 -3.13999993 3.60999992
v -3.27999993 -3.13999993 3.56249992
v -3.29999993 -3.13999993 3.62999992
v -3.29999993 -3.13999993 3.51999992
v -3.18999993 -3.13999993 3.60999992
v -3.18999993 -3.13999993 3.62999992
v -3.27999993 -3.13999993 3.51999992
v -3.23249993 -3.13999993 3.38335777
v -3.24664208 -3.13999993 3.39749992
v -3.23249993 -3.13999993 3.34999993
v -3.27999993 -3.13999993 3.39749992
v -3.29999993 -3.13999993 3.32999993
v -3.29999993 -3.13999993 3.43999992
v -3.27999993 -3.13999993 3.43999992
v -3.18999993 -3.13999993 3.32999993
v -3.18999993 -3.13999993 3.34999993
v -3.17604607 -3.13999993 3.45814506
v -3.17604607 3.13999993 3.45814506
v -3.18399987 -3.13999993 3.47999992
v -3.18399987 3.13999993 3.47999992
v -3.18399987 -3.13999993 3.47999992
v -3.18399987 3.13999993 3.47999992
v -3.17604607 -3.13999993 3.50185478
v -3.17604607 3.13999993 3.50185478
v -3.15590386 -3.13999993 3.51348381
v -3.15590386 3.13999993 3.51348381
v -3.13299981 -3.13999993 3.50944481
v -3.13299981 3.13999993 3.50944481
v -3.11804986 -3.13999993 3.49162895
v -3.11804986 3.13999993 3.49162895
v -3.11804986 -3.13999993 3.46837089
v -3.11804986 3.13999993 3.46837089
v -3.13299981 -3.13999993 3.45055504
v -3.13299981 3.13999993 3.45055504
v -3.15590386 -3.13999993 3.44651695
v -3.15590386 3.13999993 3.44651695
v -2.99999993 3.13999993 3.43999992
v -3.01999993 3.13999993 3.43999992
v -2.99999993 -3.13999993 3.43999992
v -3.01999993 -3.13999993 3.43999992
v -3.01999993 3.13999993 3.43999992
v -3.01999993 3.13999993 3.39749992
v -3.01999993 -3.13999993 3.43999992
v -3.01999993 -3.13999993 3.39749992
v -3.01999993 3.13999993 3.39749992
v -3.05335778 3.13999993 3.39749992
v -3.01999993 -3.13999993 3.39749992
v -3.05335778 -3.13999993 3.39749992
v -3.05335778 3.13999993 3.39749992
v -3.08999993 3.13999993 3.43414207
v -3.05335778 -3.13999993 3.39749992
v -3.08999993 -3.13999993 3.43414207
v -3.08999993 3.13999993 3.43414207
v -3.08999993 3.13999993 3.52585777
v -3.08999993 -3.13999993 3.43414207
v -3.08999993 -3.13999993 3.52585777
v -3.08999993 3.13999993 3.52585777
v -3.05335778 3.13999993 3.56249992
v -3.08999993 -3.13999993 3.52585777
v -3.05335778 -3.13999993 3.56249992
v -3.05335778 3.13999993 3.56249992
v -3.01999993 3.13999993 3.56249992
v -3.05335778 -3.13999993 3.56249992
v -3.01999993 -3.13999993 3.56249992
v -3.01999993 3.13999993 3.56249992
v -3.01999993 3.13999993 3.51999992
v -3.01999993 -3.13999993 3.56249992
v -3.01999993 -3.13999993 3.51999992
v -3.01999993 3.13999993 3.51999992
v -2.99999993 3.13999993 3.51999992
v -3.01999993 -3.13999993 3.51999992
v -2.99999993 -3.13999993 3.51999992
v -2.99999993 3.13999993 3.51999992
v -2.99999993 3.13999993 3.62999992
v -2.99999993 -3.13999993 3.51999992
v -2.99999993 -3.13999993 3.62999992
v -2.99999993 3.13999993 3.62999992
v -3.10999993 3.13999993 3.62999992
v -2.99999993 -3.13999993 3.62999992
v -3.10999993 -3.13999993 3.62999992
v -3.10999993 3.13999993 3.62999992
v -3.10999993 3.13999993 3.60999992
v -3.10999993 -3.13999993 3.62999992
v -3.10999993 -3.13999993 3.60999992
v -3.10999993 3.13999993 3.60999992
v -3.06749993 3.13999993 3.60999992
v -3.10999993 -3.13999993 3.60999992
v -3.06749993 -3.13999993 3.60999992
v -3.06749993 3.13999993 3.60999992
v -3.06749993 3.13999993 3.57664207
v -3.06749993 -3.13999993 3.60999992
v -3.06749993 -3.13999993 3.57664207
v -3.06749993 3.13999993 3.57664207
v -3.10414208 3.13999993 3.53999992
v -3.06749993 -3.13999993 3.57664207
v -3.10414208 -3.13999993 3.53999992
v -3.10414208 3.13999993 3.53999992
v -3.19585778 3.13999993 3.53999992
v -3.10414208 -3.13999993 3.53999992
v -3.19585778 -3.13999993 3.53999992
v -3.19585778 3.13999993 3.53999992
v -3.23249993 3.13999993 3.57664207
v -3.19585778 -3.13999993 3.53999992
v -3.23249993 -3.13999993 3.57664207
v -3.23249993 3.13999993 3.57664207
v -3.23249993 3.13999993 3.60999992
v -3.23249993 -3.13999993 3.57664207
v -3.23249993 -3.13999993 3.60999992
v -3.23249993 3.13999993 3.60999992
v -3.18999993 3.13999993 3.60999992
v -3.23249993 -3.13999993 3.60999992
v -3.18999993 -3.13999993 3.60999992
v -3.18999993 3.13999993 3.60999992
v -3.18999993 3.13999993 3.62999992
v -3.18999993 -3.13999993 3.60999992
v -3.18999993 -3.13999993 3.62999992
v -3.18999993 3.13999993 3.62999992
v -3.29999993 3.13999993 3.62999992
v -3.18999993 -3.13999993 3.62999992
v -3.29999993 -3.13999993 3.62999992
v -3.29999993 3.13999993 3.62999992
v -3.29999993 3.13999993 3.51999992
v -3.29999993 -3.13999993 3.62999992
v -3.29999993 -3.13999993 3.51999992
v -3.29999993 3.13999993 3.51999992
v -3.27999993 3.13999993 3.51999992
v -3.29999993 -3.13999993 3.51999992
v -3.27999993 -3.13999993 3.51999992
v -3.27999993 3.13999993 3.51999992
v -3.27999993 3.13999993 3.56249992
v -3.27999993 -3.13999993 3.51999992
v -3.27999993 -3.13999993 3.56249992
v -3.27999993 3.13999993 3.56249992
v -3.24664208 3.13999993 3.56249992
v -3.27999993 -3.13999993 3.56249992
v -3.24664208 -3.13999993 3.56249992
v -3.24664208 3.13999993 3.56249992
v -3.20999993 3.13999993 3.52585777
v -3.24664208 -3.13999993 3.56249992
v -3.20999993 -3.13999993 3.52585777
v -3.20999993 3.13999993 3.52585777
v -3.20999993 3.13999993 3.43414207
v -3.20999993 -3.13999993 3.52585777
v -3.20999993 -3.13999993 3.43414207
v -3.20999993 3.13999993 3.43414207
v -3.24664208 3.13999993 3.39749992
v -3.20999993 -3.13999993 3.43414207
v -3.24664208 -3.13999993 3.39749992
v -3.24664208 3.13999993 3.39749992
v -3.27999993 3.13999993 3.39749992
v -3.24664208 -3.13999993 3.39749992
v -3.27999993 -3.13999993 3.39749992
v -3.27999993 3.13999993 3.39749992
v -3.27999993 3.13999993 3.43999992
v -3.27999993 -3.13999993 3.39749992
v -3.27999993 -3.13999993 3.43999992
v -3.27999993 3.13999993 3.43999992
v -3.29999993 3.13999993 3.43999992
v -3.27999993 -3.13999993 3.43999992
v -3.29999993 -3.13999993 3.43999992
v -3.29999993 3.13999993 3.43999992
v -3.29999993 3.13999993 3.32999993
v -3.29999993 -3.13999993 3.43999992
v -3.29999993 -3.13999993 3.32999993
v -3.18999993 3.13999993 3.32999993
v -3.18999993 3.13999993 3.34999993
v -3.18999993 -3.13999993 3.32999993
v -3.18999993 -3.13999993 3.34999993
v -3.18999993 3.13999993 3.34999993
v -3.23249993 3.13999993 3.34999993
v -3.18999993 -3.13999993 3.34999993
v -3.23249993 -3.13999993 3.34999993
v -3.23249993 3.13999993 3.34999993
v -3.23249993 3.13999993 3.38335777
v -3.23249993 -3.13999993 3.34999993
v -3.23249993 -3.13999993 3.38335777
v -3.23249993 3.13999993 3.38335777
v -3.19585778 3.13999993 3.41999992
v -3.23249993 -3.13999993 3.38335777
v -3.19585778 -3.13999993 3.41999992
v -3.19585778 3.13999993 3.41999992
v -3.10414208 3.13999993 3.41999992
v -3.19585778 -3.13999993 3.41999992
v -3.10414208 -3.13999993 3.41999992
v -3.10414208 3.13999993 3.41999992
v -3.06749993 3.13999993 3.38335777
v -3.10414208 -3.13999993 3.41999992
v -3.06749993 -3.13999993 3.38335777
v -3.06749993 3.13999993 3.38335777
v -3.06749993 3.13999993 3.34999993
v -3.06749993 -3.13999993 3.38335777
v -3.06749993 -3.13999993 3.34999993
v -3.06749993 3.13999993 3.34999993
v -3.10999993 3.13999993 3.34999993
v -3.06749993 -3.13999993 3.34999993
v -3.10999993 -3.13999993 3.34999993
v -3.10999993 3.13999993 3.34999993
v -3.10999993 3.13999993 3.32999993
v -3.10999993 -3.13999993 3.34999993
v -3.10999993 -3.13999993 3.32999993
v -2.99999993 3.13999993 3.32999993
v -2.99999993 3.13999993 3.43999992
v -2.99999993 -3.13999993 3.32999993
v -2.99999993 -3.13999993 3.43999992
v -3.01999993 3.13999993 3.43999992
v -2.99999993 3.13999993 3.43999992
v -3.01999993 3.13999993 3.39749992
v -2.99999993 3.13999993 3.32999993
v -3.06749993 3.13999993 3.34999993
v -3.10999993 3.13999993 3.32999993
v -3.10999993 3.13999993 3.34999993
v -3.05335778 3.13999993 3.39749992
v -3.06749993 3.13999993 3.38335777
v -3.08999993 3.13999993 3.43414207
v -3.10414208 3.13999993 3.41999992
v -3.13299981 3.13999993 3.45055504
v -3.15590386 3.13999993 3.44651695
v -3.19585778 3.13999993 3.41999992
v -3.17604607 3.13999993 3.45814506
v -3.20999993 3.13999993 3.43414207
v -3.18399987 3.13999993 3.47999992
v -3.20999993 3.13999993 3.52585777
v -3.17604607 3.13999993 3.50185478
v -3.19585778 3.13999993 3.53999992
v -3.15590386 3.13999993 3.51348381
v -3.10414208 3.13999993 3.53999992
v -3.13299981 3.13999993 3.50944481
v -3.08999993 3.13999993 3.52585777
v -3.11804986 3.13999993 3.49162895
v -3.11804986 3.13999993 3.46837089
v -3.23249993 3.13999993 3.38335777
v -3.24664208 3.13999993 3.39749992
v -3.23249993 3.13999993 3.34999993
v -3.27999993 3.13999993 3.39749992
v -3.29999993 3.13999993 3.32999993
v -3.29999993 3.13999993 3.43999992
v -3.18999993 3.13999993 3.34999993
v -3.18999993 3.13999993 3.32999993
v -3.27999993 3.13999993 3.43999992
v -3.23249993 3.13999993 3.57664207
v -3.24664208 3.13999993 3.56249992
v -3.23249993 3.13999993 3.60999992
v -3.27999993 3.13999993 3.56249992
v -3.29999993 3.13999993 3.62999992
v -3.29999993 3.13999993 3.51999992
v -3.27999993 3.13999993 3.51999992
v -3.18999993 3.13999993 3.62999992
v -3.18999993 3.13999993 3.60999992
v -3.06749993 3.13999993 3.57664207
v -3.05335778 3.13999993 3.56249992
v -3.06749993 3.13999993 3.60999992
v -3.01999993 3.13999993 3.56249992
v -2.99999993 3.13999993 3.62999992
v -2.99999993 3.13999993 3.51999992
v -3.10999993 3.13999993 3.60999992
v -3.10999993 3.13999993 3.62999992
v -3.01999993 3.13999993 3.51999992
vt -0.00999999 -0.74612802
vt 0.00999999 -0.74612802
vt -0.00999999 0.00000000
vt 0.00999999 0.00000000
vt -0.00999999 0.74612802
vt 0.00999999 0.74612802
vt -0.00999999 1.49225700
vt 0.00999999 1.49225700
vt -0.00999999 2.23838496
vt 0.00999999 2.23838496
vt -0.00999999 2.98451304
vt 0.00999999 2.98451304
vt -0.00999999 3.73064089
vt 0.00999999 3.73064089
vt -0.00999999 4.47676897
vt 0.00999999 4.47676897
vt -0.00999999 -4.47676897
vt 0.00999999 -4.47676897
vt -0.00999999 -3.73064089
vt 0.00999999 -3.73064089
vt -0.00999999 -2.98451304
vt 0.00999999 -2.98451304
vt -0.00999999 -2.23838496
vt 0.00999999 -2.23838496
vt -0.00999999 -1.49225700
vt 0.00999999 -1.49225700
vt -0.19855601 -0.73376203
vt 0.19855601 -0.67261499
vt -0.19855601 0.00000000
vt 0.19855601 0.00000000
vt 0.19855601 0.67261499
vt 0.19855601 -1.34522998
vt -0.19855601 -1.46752405
vt 0.19855601 -2.01784492
vt -0.19855601 -2.20128489
vt 0.19855601 -2.69045997
vt -0.19855601 -2.93504691
vt 0.19855601 -3.36307502
vt -0.19855601 -3.66880894
vt 0.19855601 -4.03568983
vt 0.19855601 4.03568983
vt -0.19855601 4.40257120
vt -0.19855601 3.66880894
vt 0.19855601 3.36307502
vt -0.19855601 2.93504691
vt 0.19855601 2.69045997
vt -0.19855601 2.20128489
vt 0.19855601 2.01784492
vt -0.19855601 1.46752405
vt 0.19855601 1.34522998
vt -0.19855601 0.73376203
vt 0.63166302 -0.20524000
vt 0.61860102 -0.11208800
vt 0.00000000 0.00000000
vt 0.00000000 0.06954997
vt -0.61860102 -0.11208800
vt 1.04080105 -0.59933197
vt 1.02205300 -0.74256498
vt 1.13255405 -1.23748696
vt 1.02205300 -1.40673494
vt 0.86472899 -1.82394195
vt 0.63166302 -1.94405997
vt 0.32235801 -2.17250204
vt 0.00000000 -2.14930010
vt -0.32235801 -2.17250204
vt -0.63166302 -1.94405997
vt -0.86472899 -1.82394195
vt -1.02205300 -1.40673494
vt -1.13255405 -1.23748696
vt -1.02205300 -0.74256498
vt -1.04080105 -0.59933197
vt -0.63166302 -0.20524000
vt -0.20000000 -0.72500002
vt -0.21183901 -0.76791698
vt 0.00000000 -0.72500002
vt 0.12469300 -0.78678000
vt 0.43889999 -0.66478401
vt -0.20000000 0.72500002
vt -0.63376802 0.48260799
vt -0.79659998 0.00000000
vt -0.63376802 -0.48260799
vt 0.00000000 0.72500002
vt -0.10688600 0.78939700
vt -0.21183901 0.76791698
vt 0.32943100 0.72529101
vt 0.00000000 0.79659998
vt 0.67453003 -0.42377001
vt 0.78939700 -0.10688600
vt 0.76293498 0.22913399
vt 0.59988201 0.52413100
vt 0.71249998 -0.19091401
vt 0.74500000 -0.13462199
vt 0.00000000 0.00000000
vt 0.00000000 0.06499999
vt -0.74500000 -0.13462199
vt 1.29037797 -0.68000001
vt 1.23408604 -0.71249998
vt 1.49000001 -1.42499995
vt 1.42499995 -1.42499995
vt 1.29037797 -2.17000008
vt 1.23408604 -2.13750005
vt 0.71249998 -2.65908599
vt 0.74500000 -2.71537805
vt 0.00000000 -2.84999990
vt 0.00000000 -2.91499996
vt -0.74500000 -2.71537805
vt -0.71249998 -2.65908599
vt -1.29037797 -2.17000008
vt -1.23408604 -2.13750005
vt -1.49000001 -1.42499995
vt -1.42499995 -1.42499995
vt -1.23408604 -0.71249998
vt -1.29037797 -0.68000001
vt -0.71249998 -0.19091401
vt 0.71249998 -0.19091401
vt 0.74500000 -0.13462199
vt 0.00000000 0.00000000
vt 0.00000000 0.06499999
vt -0.74500000 -0.13462199
vt 1.29037797 -0.68000001
vt 1.23408604 -0.71249998
vt 1.49000001 -1.42499995
vt 1.42499995 -1.42499995
vt 1.29037797 -2.17000008
vt 1.23408604 -2.13750005
vt 0.71249998 -2.65908599
vt 0.74500000 -2.71537805
vt 0.00000000 -2.84999990
vt 0.00000000 -2.91499996
vt -0.74500000 -2.71537805
vt -0.71249998 -2.65908599
vt -1.29037797 -2.17000008
vt -1.23408604 -2.13750005
vt -1.49000001 -1.42499995
vt -1.42499995 -1.42499995
vt -1.23408604 -0.71249998
vt -1.29037797 -0.68000001
vt -0.71249998 -0.19091401
vt -0.00999999 -0.74612802
vt 0.00999999 -0.74612802
vt -0.00999999 0.00000000
vt 0.00999999 0.00000000
vt -0.00999999 0.74612802
vt 0.00999999 0.74612802
vt -0.00999999 1.49225700
vt 0.00999999 1.49225700
vt -0.00999999 2.23838496
vt 0.00999999 2.23838496
vt -0.00999999 2.98451304
vt 0.00999999 2.98451304
vt -0.00999999 3.73064089
vt 0.00999999 3.73064089
vt -0.00999999 4.47676897
vt 0.00999999 4.47676897
vt -0.00999999 -4.47676897
vt 0.00999999 -4.47676897
vt -0.00999999 -3.73064089
vt 0.00999999 -3.73064089
vt -0.00999999 -2.98451304
vt 0.00999999 -2.98451304
vt -0.00999999 -2.23838496
vt 0.00999999 -2.23838496
vt -0.00999999 -1.49225700
vt 0.00999999 -1.49225700
vt -0.19855601 -0.73376203
vt 0.19855601 -0.67261499
vt -0.19855601 0.00000000
vt 0.19855601 0.00000000
vt 0.19855601 0.67261499
vt 0.19855601 -1.34522998
vt -0.19855601 -1.46752405
vt 0.19855601 -2.01784492
vt -0.19855601 -2.20128489
vt 0.19855601 -2.69045997
vt -0.19855601 -2.93504691
vt 0.19855601 -3.36307502
vt -0.19855601 -3.66880894
vt 0.19855601 -4.03568983
vt 0.19855601 4.03568983
vt -0.19855601 4.40257120
vt -0.19855601 3.66880894
vt 0.19855601 3.36307502
vt -0.19855601 2.93504691
vt 0.19855601 2.69045997
vt -0.19855601 2.20128489
vt 0.19855601 2.01784492
vt -0.19855601 1.46752405
vt 0.19855601 1.34522998
vt -0.19855601 0.73376203
vt 0.64342499 -0.20906100
vt 0.61860102 -0.13209800
vt 0.00000000 0.00000000
vt 0.00000000 0.04953998
vt -0.61860102 -0.13209800
vt 1.04080105 -0.61934203
vt 1.04108298 -0.75639099
vt 1.13255405 -1.25749695
vt 1.04108298 -1.43292904
vt 0.86472899 -1.84395194
vt 0.64342499 -1.98025799
vt 0.32235801 -2.19251204
vt 0.00000000 -2.18932009
vt -0.32235801 -2.19251204
vt -0.64342499 -1.98025799
vt -0.86472899 -1.84395194
vt -1.04108298 -1.43292904
vt -1.13255405 -1.25749695
vt -1.04108298 -0.75639099
vt -1.04080105 -0.61934203
vt -0.64342499 -0.20906100
vt -0.01414197 -0.68151200
vt 0.01414197 0.00000000
vt -0.01414197 0.00000000
vt 0.01414197 0.68151200
vt -0.01414197 0.68151200
vt 0.01414197 1.36302400
vt -0.01414197 1.36302400
vt 0.01414197 2.04453611
vt -0.01414197 2.04453611
vt 0.01414197 2.72604799
vt -0.01414197 2.72604799
vt 0.01414197 3.40756011
vt -0.01414197 3.40756011
vt -0.01414197 -3.40756011
vt 0.01414197 -3.40756011
vt 0.01414197 -2.72604799
vt -0.01414197 -2.72604799
vt 0.01414197 -2.04453611
vt -0.01414197 -2.04453611
vt 0.01414197 -1.36302400
vt -0.01414197 -1.36302400
vt 0.01414197 -0.68151200
vt 1.29999995 0.40000001
vt 1.50000000 0.40000001
vt 1.29999995 0.82499999
vt 1.50000000 1.50000000
vt 0.82499999 1.29999995
vt 0.40000001 1.50000000
vt 0.40000001 1.29999995
vt 0.82499999 0.96642101
vt 0.96642101 0.82499999
vt 0.45857900 0.60000002
vt 0.60000002 0.45857900
vt 0.29444900 0.17000000
vt 0.33483499 -0.05903995
vt 0.11628700 0.31949499
vt -0.45857900 0.60000002
vt -0.11628700 0.31949499
vt -0.29444900 0.17000000
vt -0.60000002 0.45857900
vt -0.33483499 -0.05903995
vt -0.60000002 -0.45857900
vt -0.21854790 -0.26045501
vt -0.45857900 -0.60000002
vt 0.00000000 -0.34000000
vt 0.45857900 -0.60000002
vt 0.21854790 -0.26045501
vt 0.60000002 -0.45857900
vt -0.96642101 0.82499999
vt -0.82499999 0.96642101
vt -1.29999995 0.82499999
vt -0.82499999 1.29999995
vt -1.50000000 1.50000000
vt -0.40000001 1.50000000
vt -0.40000001 1.29999995
vt -1.50000000 0.40000001
vt -1.29999995 0.40000001
vt -0.96642101 -0.82499999
vt -0.82499999 -0.96642101
vt -1.29999995 -0.82499999
vt -0.82499999 -1.29999995
vt -1.50000000 -1.50000000
vt -0.40000001 -1.50000000
vt -1.29999995 -0.40000001
vt -1.50000000 -0.40000001
vt -0.40000001 -1.29999995
vt 0.96642101 -0.82499999
vt 0.82499999 -0.96642101
vt 1.29999995 -0.82499999
vt 0.82499999 -1.29999995
vt 1.50000000 -1.50000000
vt 0.40000001 -1.50000000
vt 0.40000001 -1.29999995
vt 1.50000000 -0.40000001
vt 1.29999995 -0.40000001
vt -31.39999962 0.83077699
vt 31.39999962 0.83077699
vt -31.39999962 1.06814206
vt 31.39999962 1.06814206
vt -31.39999962 -1.06814206
vt 31.39999962 -1.06814206
vt -31.39999962 -0.83077699
vt 31.39999962 -0.83077699
vt -31.39999962 -0.59341198
vt 31.39999962 -0.59341198
vt -31.39999962 -0.35604700
vt 31.39999962 -0.35604700
vt -31.39999962 -0.11868200
vt 31.39999962 -0.11868200
vt -31.39999962 0.11868200
vt 31.39999962 0.11868200
vt -31.39999962 0.35604700
vt 31.39999962 0.35604700
vt -31.39999962 0.59341198
vt 31.39999962 0.59341198
vt 0.20000000 31.39999962
vt 0.00000000 31.39999962
vt 0.20000000 -31.39999962
vt 0.00000000 -31.39999962
vt 1.10000002 31.39999962
vt 0.00000000 31.39999962
vt 1.10000002 -31.39999962
vt 0.00000000 -31.39999962
vt 0.20000000 31.39999962
vt 0.00000000 31.39999962
vt 0.20000000 -31.39999962
vt 0.00000000 -31.39999962
vt 0.42500001 31.39999962
vt 0.00000000 31.39999962
vt 0.42500001 -31.39999962
vt 0.00000000 -31.39999962
vt 0.33357900 31.39999962
vt 0.00000000 31.39999962
vt 0.33357900 -31.39999962
vt 0.00000000 -31.39999962
vt 0.51819801 31.39999962
vt 0.00000000 31.39999962
vt 0.51819801 -31.39999962
vt 0.00000000 -31.39999962
vt 0.91715699 31.39999962
vt 0.00000000 31.39999962
vt 0.91715699 -31.39999962
vt 0.00000000 -31.39999962
vt 0.51819801 31.39999962
vt 0.00000000 31.39999962
vt 0.51819801 -31.39999962
vt 0.00000000 -31.39999962
vt 0.33357900 31.39999962
vt 0.00000000 31.39999962
vt 0.33357900 -31.39999962
vt 0.00000000 -31.39999962
vt 0.42500001 31.39999962
vt 0.00000000 31.39999962
vt 0.42500001 -31.39999962
vt 0.00000000 -31.39999962
vt 0.20000000 31.39999962
vt 0.00000000 31.39999962
vt 0.20000000 -31.39999962
vt 0.00000000 -31.39999962
vt 1.10000002 31.39999962
vt 0.00000000 31.39999962
vt 1.10000002 -31.39999962
vt 0.00000000 -31.39999962
vt 1.10000002 31.39999962
vt 0.00000000 31.39999962
vt 1.10000002 -31.39999962
vt 0.00000000 -31.39999962
vt 0.20000000 31.39999962
vt 0.00000000 31.39999962
vt 0.20000000 -31.39999962
vt 0.00000000 -31.39999962
vt 0.42500001 31.39999962
vt 0.00000000 31.39999962
vt 0.42500001 -31.39999962
vt 0.00000000 -31.39999962
vt 0.33357900 31.39999962
vt 0.00000000 31.39999962
vt 0.33357900 -31.39999962
vt 0.00000000 -31.39999962
vt 0.51819801 31.39999962
vt 0.00000000 31.39999962
vt 0.51819801 -31.39999962
vt 0.00000000 -31.39999962
vt 0.91715699 31.39999962
vt 0.00000000 31.39999962
vt 0.91715699 -31.39999962
vt 0.00000000 -31.39999962
vt 0.51819801 31.39999962
vt 0.00000000 31.39999962
vt 0.51819801 -31.39999962
vt 0.00000000 -31.39999962
vt 0.33357900 31.39999962
vt 0.00000000 31.39999962
vt 0.33357900 -31.39999962
vt 0.00000000 -31.39999962
vt 0.42500001 31.39999962
vt 0.00000000 31.39999962
vt 0.42500001 -31.39999962
vt 0.00000000 -31.39999962
vt 0.20000000 31.39999962
vt 0.00000000 31.39999962
vt 0.20000000 -31.39999962
vt 0.00000000 -31.39999962
vt 1.10000002 31.39999962
vt 0.00000000 31.39999962
vt 1.10000002 -31.39999962
vt 0.00000000 -31.39999962
vt 1.10000002 31.39999962
vt 0.00000000 31.39999962
vt 1.10000002 -31.39999962
vt 0.00000000 -31.39999962
vt 0.20000000 31.39999962
vt 0.00000000 31.39999962
vt 0.20000000 -31.39999962
vt 0.00000000 -31.39999962
vt 0.42500001 31.39999962
vt 0.00000000 31.39999962
vt 0.42500001 -31.39999962
vt 0.00000000 -31.39999962
vt 0.33357900 31.39999962
vt 0.00000000 31.39999962
vt 0.33357900 -31.39999962
vt 0.00000000 -31.39999962
vt 0.51819801 31.39999962
vt 0.00000000 31.39999962
vt 0.51819801 -31.39999962
vt 0.00000000 -31.39999962
vt 0.91715699 31.39999962
vt 0.00000000 31.39999962
vt 0.91715699 -31.39999962
vt 0.00000000 -31.39999962
vt 0.51819801 31.39999962
vt 0.00000000 31.39999962
vt 0.51819801 -31.39999962
vt 0.00000000 -31.39999962
vt 0.33357900 31.39999962
vt 0.00000000 31.39999962
vt 0.33357900 -31.39999962
vt 0.00000000 -31.39999962
vt 0.42500001 31.39999962
vt 0.00000000 31.39999962
vt 0.42500001 -31.39999962
vt 0.00000000 -31.39999962
vt 0.20000000 31.39999962
vt 0.00000000 31.39999962
vt 0.20000000 -31.39999962
vt 0.00000000 -31.39999962
vt 1.10000002 31.39999962
vt 0.00000000 31.39999962
vt 1.10000002 -31.39999962
vt 0.00000000 -31.39999962
vt 0.20000000 31.39999962
vt 0.00000000 31.39999962
vt 0.20000000 -31.39999962
vt 0.00000000 -31.39999962
vt 0.42500001 31.39999962
vt 0.00000000 31.39999962
vt 0.42500001 -31.39999962
vt 0.00000000 -31.39999962
vt 0.33357900 31.39999962
vt 0.00000000 31.39999962
vt 0.33357900 -31.39999962
vt 0.00000000 -31.39999962
vt 0.51819801 31.39999962
vt 0.00000000 31.39999962
vt 0.51819801 -31.39999962
vt 0.00000000 -31.39999962
vt 0.91715699 31.39999962
vt 0.00000000 31.39999962
vt 0.91715699 -31.39999962
vt 0.00000000 -31.39999962
vt 0.51819801 31.39999962
vt 0.00000000 31.39999962
vt 0.51819801 -31.39999962
vt 0.00000000 -31.39999962
vt 0.33357900 31.39999962
vt 0.00000000 31.39999962
vt 0.33357900 -31.39999962
vt 0.00000000 -31.39999962
vt 0.42500001 31.39999962
vt 0.00000000 31.39999962
vt 0.42500001 -31.39999962
vt 0.00000000 -31.39999962
vt -1.29999995 0.40000001
vt -1.29999995 0.82499999
vt -1.50000000 0.40000001
vt -1.50000000 1.50000000
vt -0.82499999 1.29999995
vt -0.40000001 1.50000000
vt -0.40000001 1.29999995
vt -0.82499999 0.96642101
vt -0.96642101 0.82499999
vt -0.45857900 0.60000002
vt -0.60000002 0.45857900
vt -0.29444900 0.17000000
vt -0.33483499 -0.05903995
vt -0.60000002 -0.45857900
vt -0.21854790 -0.26045501
vt -0.45857900 -0.60000002
vt 0.00000000 -0.34000000
vt 0.45857900 -0.60000002
vt 0.21854790 -0.26045501
vt 0.60000002 -0.45857900
vt 0.33483499 -0.05903995
vt 0.60000002 0.45857900
vt 0.29444900 0.17000000
vt 0.45857900 0.60000002
vt 0.11628700 0.31949499
vt -0.11628700 0.31949499
vt -0.96642101 -0.82499999
vt -0.82499999 -0.96642101
vt -1.29999995 -0.82499999
vt -0.82499999 -1.29999995
vt -1.50000000 -1.50000000
vt -0.40000001 -1.50000000
vt -1.29999995 -0.40000001
vt -1.50000000 -0.40000001
vt -0.40000001 -1.29999995
vt 0.96642101 -0.82499999
vt 0.82499999 -0.96642101
vt 1.29999995 -0.82499999
vt 0.82499999 -1.29999995
vt 1.50000000 -1.50000000
vt 0.40000001 -1.50000000
vt 0.40000001 -1.29999995
vt 1.50000000 -0.40000001
vt 1.29999995 -0.40000001
vt 0.96642101 0.82499999
vt 0.82499999 0.96642101
vt 1.29999995 0.82499999
vt 0.82499999 1.29999995
vt 1.50000000 1.50000000
vt 0.40000001 1.50000000
vt 1.29999995 0.40000001
vt 1.50000000 0.40000001
vt 0.40000001 1.29999995
vt 0.40000001 -1.29999995
vt 0.40000001 -1.50000000
vt 0.82499999 -1.29999995
vt 1.50000000 -1.50000000
vt 1.29999995 -0.82499999
vt 1.50000000 -0.40000001
vt 1.29999995 -0.40000001
vt 0.82499999 -0.96642101
vt 0.96642101 -0.82499999
vt 0.45857900 -0.60000002
vt 0.60000002 -0.45857900
vt 0.21854790 -0.26045501
vt 0.33483499 -0.05903995
vt 0.60000002 0.45857900
vt 0.29444900 0.17000000
vt 0.45857900 0.60000002
vt 0.11628700 0.31949499
vt -0.45857900 0.60000002
vt -0.11628700 0.31949499
vt -0.29444900 0.17000000
vt -0.60000002 0.45857900
vt -0.33483499 -0.05903995
vt -0.60000002 -0.45857900
vt -0.21854790 -0.26045501
vt -0.45857900 -0.60000002
vt 0.00000000 -0.34000000
vt 0.96642101 0.82499999
vt 0.82499999 0.96642101
vt 1.29999995 0.82499999
vt 0.82499999 1.29999995
vt 1.50000000 1.50000000
vt 0.40000001 1.50000000
vt 1.29999995 0.40000001
vt 1.50000000 0.40000001
vt 0.40000001 1.29999995
vt -0.96642101 0.82499999
vt -0.82499999 0.96642101
vt -1.29999995 0.82499999
vt -0.82499999 1.29999995
vt -1.50000000 1.50000000
vt -0.40000001 1.50000000
vt -0.40000001 1.29999995
vt -1.50000000 0.40000001
vt -1.29999995 0.40000001
vt -0.96642101 -0.82499999
vt -0.82499999 -0.96642101
vt -1.29999995 -0.82499999
vt -0.82499999 -1.29999995
vt -1.50000000 -1.50000000
vt -0.40000001 -1.50000000
vt -1.29999995 -0.40000001
vt -1.50000000 -0.40000001
vt -0.40000001 -1.29999995
vt -31.39999962 0.83077699
vt 31.39999962 0.83077699
vt -31.39999962 1.06814206
vt 31.39999962 1.06814206
vt -31.39999962 -1.06814206
vt 31.39999962 -1.06814206
vt -31.39999962 -0.83077699
vt 31.39999962 -0.83077699
vt -31.39999962 -0.59341198
vt 31.39999962 -0.59341198
vt -31.39999962 -0.35604700
vt 31.39999962 -0.35604700
vt -31.39999962 -0.11868200
vt 31.39999962 -0.11868200
vt -31.39999962 0.11868200
vt 31.39999962 0.11868200
vt -31.39999962 0.35604700
vt 31.39999962 0.35604700
vt -31.39999962 0.59341198
vt 31.39999962 0.59341198
vt 0.20000000 31.39999962
vt 0.00000000 31.39999962
vt 0.20000000 -31.39999962
vt 0.00000000 -31.39999962
vt 1.10000002 31.39999962
vt 0.00000000 31.39999962
vt 1.10000002 -31.39999962
vt 0.00000000 -31.39999962
vt 0.20000000 31.39999962
vt 0.00000000 31.39999962
vt 0.20000000 -31.39999962
vt 0.00000000 -31.39999962
vt 0.42500001 31.39999962
vt 0.00000000 31.39999962
vt 0.42500001 -31.39999962
vt 0.00000000 -31.39999962
vt 0.33357900 31.39999962
vt 0.00000000 31.39999962
vt 0.33357900 -31.39999962
vt 0.00000000 -31.39999962
vt 0.51819801 31.39999962
vt 0.00000000 31.39999962
vt 0.51819801 -31.39999962
vt 0.00000000 -31.39999962
vt 0.91715699 31.39999962
vt 0.00000000 31.39999962
vt 0.91715699 -31.39999962
vt 0.00000000 -31.39999962
vt 0.51819801 31.39999962
vt 0.00000000 31.39999962
vt 0.51819801 -31.39999962
vt 0.00000000 -31.39999962
vt 0.33357900 31.39999962
vt 0.00000000 31.39999962
vt 0.33357900 -31.39999962
vt 0.00000000 -31.39999962
vt 0.42500001 31.39999962
vt 0.00000000 31.39999962
vt 0.42500001 -31.39999962
vt 0.00000000 -31.39999962
vt 0.20000000 31.39999962
vt 0.00000000 31.39999962
vt 0.20000000 -31.39999962
vt 0.00000000 -31.39999962
vt 1.10000002 31.39999962
vt 0.00000000 31.39999962
vt 1.10000002 -31.39999962
vt 0.00000000 -31.39999962
vt 0.20000000 31.39999962
vt 0.00000000 31.39999962
vt 0.20000000 -31.39999962
vt 0.00000000 -31.39999962
vt 0.42500001 31.39999962
vt 0.00000000 31.39999962
vt 0.42500001 -31.39999962
vt 0.00000000 -31.39999962
vt 0.33357900 31.39999962
vt 0.00000000 31.39999962
vt 0.33357900 -31.39999962
vt 0.00000000 -31.39999962
vt 0.51819801 31.39999962
vt 0.00000000 31.39999962
vt 0.51819801 -31.39999962
vt 0.00000000 -31.39999962
vt 0.91715699 31.39999962
vt 0.00000000 31.39999962
vt 0.91715699 -31.39999962
vt 0.00000000 -31.39999962
vt 0.51819801 31.39999962
vt 0.00000000 31.39999962
vt 0.51819801 -31.39999962
vt 0.00000000 -31.39999962
vt 0.33357900 31.39999962
vt 0.00000000 31.39999962
vt 0.33357900 -31.39999962
vt 0.00000000 -31.39999962
vt 0.42500001 31.39999962
vt 0.00000000 31.39999962
vt 0.42500001 -31.39999962
vt 0.00000000 -31.39999962
vt 0.20000000 31.39999962
vt 0.00000000 31.39999962
vt 0.20000000 -31.39999962
vt 0.00000000 -31.39999962
vt 1.10000002 31.39999962
vt 0.00000000 31.39999962
vt 1.10000002 -31.39999962
vt 0.00000000 -31.39999962
vt 1.10000002 31.39999962
vt 0.00000000 31.39999962
vt 1.10000002 -31.39999962
vt 0.00000000 -31.39999962
vt 0.20000000 31.39999962
vt 0.00000000 31.39999962
vt 0.20000000 -31.39999962
vt 0.00000000 -31.39999962
vt 0.42500001 31.39999962
vt 0.00000000 31.39999962
vt 0.42500001 -31.39999962
vt 0.00000000 -31.39999962
vt 0.33357900 31.39999962
vt 0.00000000 31.39999962
vt 0.33357900 -31.39999962
vt 0.00000000 -31.39999962
vt 0.51819801 31.39999962
vt 0.00000000 31.39999962
vt 0.51819801 -31.39999962
vt 0.00000000 -31.39999962
vt 0.91715699 31.39999962
vt 0.00000000 31.39999962
vt 0.91715699 -31.39999962
vt 0.00000000 -31.39999962
vt 0.51819801 31.39999962
vt 0.00000000 31.39999962
vt 0.51819801 -31.39999962
vt 0.00000000 -31.39999962
vt 0.33357900 31.39999962
vt 0.00000000 31.39999962
vt 0.33357900 -31.39999962
vt 0.00000000 -31.39999962
vt 0.42500001 31.39999962
vt 0.00000000 31.39999962
vt 0.42500001 -31.39999962
vt 0.00000000 -31.39999962
vt 0.20000000 31.39999962
vt 0.00000000 31.39999962
vt 0.20000000 -31.39999962
vt 0.00000000 -31.39999962
vt 1.10000002 31.39999962
vt 0.00000000 31.39999962
vt 1.10000002 -31.39999962
vt 0.00000000 -31.39999962
vt 1.10000002 31.39999962
vt 0.00000000 31.39999962
vt 1.10000002 -31.39999962
vt 0.00000000 -31.39999962
vt 0.20000000 31.39999962
vt 0.00000000 31.39999962
vt 0.20000000 -31.39999962
vt 0.00000000 -31.39999962
vt 0.42500001 31.39999962
vt 0.00000000 31.39999962
vt 0.42500001 -31.39999962
vt 0.00000000 -31.39999962
vt 0.33357900 31.39999962
vt 0.00000000 31.39999962
vt 0.33357900 -31.39999962
vt 0.00000000 -31.39999962
vt 0.51819801 31.39999962
vt 0.00000000 31.39999962
vt 0.51819801 -31.39999962
vt 0.00000000 -31.39999962
vt 0.91715699 31.39999962
vt 0.00000000 31.39999962
vt 0.91715699 -31.39999962
vt 0.00000000 -31.39999962
vt 0.51819801 31.39999962
vt 0.00000000 31.39999962
vt 0.51819801 -31.39999962
vt 0.00000000 -31.39999962
vt 0.33357900 31.39999962
vt 0.00000000 31.39999962
vt 0.33357900 -31.39999962
vt 0.00000000 -31.39999962
vt 0.42500001 31.39999962
vt 0.00000000 31.39999962
vt 0.42500001 -31.39999962
vt 0.00000000 -31.39999962
vt -0.40000001 -1.29999995
vt -0.82499999 -1.29999995
vt -0.40000001 -1.50000000
vt -1.50000000 -1.50000000
vt -1.29999995 -0.82499999
vt -1.50000000 -0.40000001
vt -1.29999995 -0.40000001
vt -0.82499999 -0.96642101
vt -0.96642101 -0.82499999
vt -0.45857900 -0.60000002
vt -0.60000002 -0.45857900
vt -0.21854790 -0.26045501
vt -0.33483499 -0.05903995
vt 0.00000000 -0.34000000
vt 0.45857900 -0.60000002
vt 0.21854790 -0.26045501
vt 0.60000002 -0.45857900
vt 0.33483499 -0.05903995
vt 0.60000002 0.45857900
vt 0.29444900 0.17000000
vt 0.45857900 0.60000002
vt 0.11628700 0.31949499
vt -0.45857900 0.60000002
vt -0.11628700 0.31949499
vt -0.29444900 0.17000000
vt -0.60000002 0.45857900
vt 0.96642101 -0.82499999
vt 0.82499999 -0.96642101
vt 1.29999995 -0.82499999
vt 0.82499999 -1.29999995
vt 1.50000000 -1.50000000
vt 0.40000001 -1.50000000
vt 0.40000001 -1.29999995
vt 1.50000000 -0.40000001
vt 1.29999995 -0.40000001
vt 0.96642101 0.82499999
vt 0.82499999 0.96642101
vt 1.29999995 0.82499999
vt 0.82499999 1.29999995
vt 1.50000000 1.50000000
vt 0.40000001 1.50000000
vt 1.29999995 0.40000001
vt 1.50000000 0.40000001
vt 0.40000001 1.29999995
vt -0.96642101 0.82499999
vt -0.82499999 0.96642101
vt -1.29999995 0.82499999
vt -0.82499999 1.29999995
vt -1.50000000 1.50000000
vt -0.40000001 1.50000000
vt -0.40000001 1.29999995
vt -1.50000000 0.40000001
vt -1.29999995 0.40000001
vt 0.40000001 -1.29999995
vt 0.40000001 -1.50000000
vt 0.82499999 -1.29999995
vt 1.50000000 -1.50000000
vt 1.29999995 -0.82499999
vt 1.50000000 -0.40000001
vt 1.29999995 -0.40000001
vt 0.82499999 -0.96642101
vt 0.96642101 -0.82499999
vt 0.45857900 -0.60000002
vt 0.60000002 -0.45857900
vt 0.21854790 -0.26045501
vt 0.33483499 -0.05903995
vt 0.60000002 0.45857900
vt 0.29444900 0.17000000
vt 0.45857900 0.60000002
vt 0.11628700 0.31949499
vt -0.45857900 0.60000002
vt -0.11628700 0.31949499
vt -0.29444900 0.17000000
vt -0.60000002 0.45857900
vt -0.33483499 -0.05903995
vt -0.60000002 -0.45857900
vt -0.21854790 -0.26045501
vt -0.45857900 -0.60000002
vt 0.00000000 -0.34000000
vt 0.96642101 0.82499999
vt 0.82499999 0.96642101
vt 1.29999995 0.82499999
vt 0.82499999 1.29999995
vt 1.50000000 1.50000000
vt 0.40000001 1.50000000
vt 1.29999995 0.40000001
vt 1.50000000 0.40000001
vt 0.40000001 1.29999995
vt -0.96642101 0.82499999
vt -0.82499999 0.96642101
vt -1.29999995 0.82499999
vt -0.82499999 1.29999995
vt -1.50000000 1.50000000
vt -0.40000001 1.50000000
vt -0.40000001 1.29999995
vt -1.50000000 0.40000001
vt -1.29999995 0.40000001
vt -0.96642101 -0.82499999
vt -0.82499999 -0.96642101
vt -1.29999995 -0.82499999
vt -0.82499999 -1.29999995
vt -1.50000000 -1.50000000
vt -0.40000001 -1.50000000
vt -1.29999995 -0.40000001
vt -1.50000000 -0.40000001
vt -0.40000001 -1.29999995
vt -31.39999962 0.83077699
vt 31.39999962 0.83077699
vt -31.39999962 1.06814206
vt 31.39999962 1.06814206
vt -31.39999962 -1.06814206
vt 31.39999962 -1.06814206
vt -31.39999962 -0.83077699
vt 31.39999962 -0.83077699
vt -31.39999962 -0.59341198
vt 31.39999962 -0.59341198
vt -31.39999962 -0.35604700
vt 31.39999962 -0.35604700
vt -31.39999962 -0.11868200
vt 31.39999962 -0.11868200
vt -31.39999962 0.11868200
vt 31.39999962 0.11868200
vt -31.39999962 0.35604700
vt 31.39999962 0.35604700
vt -31.39999962 0.59341198
vt 31.39999962 0.59341198
vt 0.20000000 31.39999962
vt 0.00000000 31.39999962
vt 0.20000000 -31.39999962
vt 0.00000000 -31.39999962
vt 1.10000002 31.39999962
vt 0.00000000 31.39999962
vt 1.10000002 -31.39999962
vt 0.00000000 -31.39999962
vt 0.20000000 31.39999962
vt 0.00000000 31.39999962
vt 0.20000000 -31.39999962
vt 0.00000000 -31.39999962
vt 0.42500001 31.39999962
vt 0.00000000 31.39999962
vt 0.42500001 -31.39999962
vt 0.00000000 -31.39999962
vt 0.33357900 31.39999962
vt 0.00000000 31.39999962
vt 0.33357900 -31.39999962
vt 0.00000000 -31.39999962
vt 0.51819801 31.39999962
vt 0.00000000 31.39999962
vt 0.51819801 -31.39999962
vt 0.00000000 -31.39999962
vt 0.91715699 31.39999962
vt 0.00000000 31.39999962
vt 0.91715699 -31.39999962
vt 0.00000000 -31.39999962
vt 0.51819801 31.39999962
vt 0.00000000 31.39999962
vt 0.51819801 -31.39999962
vt 0.00000000 -31.39999962
vt 0.33357900 31.39999962
vt 0.00000000 31.39999962
vt 0.33357900 -31.39999962
vt 0.00000000 -31.39999962
vt 0.42500001 31.39999962
vt 0.00000000 31.39999962
vt 0.42500001 -31.39999962
vt 0.00000000 -31.39999962
vt 0.20000000 31.39999962
vt 0.00000000 31.39999962
vt 0.20000000 -31.39999962
vt 0.00000000 -31.39999962
vt 1.10000002 31.39999962
vt 0.00000000 31.39999962
vt 1.10000002 -31.39999962
vt 0.00000000 -31.39999962
vt 0.20000000 31.39999962
vt 0.00000000 31.39999962
vt 0.20000000 -31.39999962
vt 0.00000000 -31.39999962
vt 0.42500001 31.39999962
vt 0.00000000 31.39999962
vt 0.42500001 -31.39999962
vt 0.00000000 -31.39999962
vt 0.33357900 31.39999962
vt 0.00000000 31.39999962
vt 0.33357900 -31.39999962
vt 0.00000000 -31.39999962
vt 0.51819801 31.39999962
vt 0.00000000 31.39999962
vt 0.51819801 -31.39999962
vt 0.00000000 -31.39999962
vt 0.91715699 31.39999962
vt 0.00000000 31.39999962
vt 0.91715699 -31.39999962
vt 0.00000000 -31.39999962
vt 0.51819801 31.39999962
vt 0.00000000 31.39999962
vt 0.51819801 -31.39999962
vt 0.00000000 -31.39999962
vt 0.33357900 31.39999962
vt 0.00000000 31.39999962
vt 0.33357900 -31.39999962
vt 0.00000000 -31.39999962
vt 0.42500001 31.39999962
vt 0.00000000 31.39999962
vt 0.42500001 -31.39999962
vt 0.00000000 -31.39999962
vt 0.20000000 31.39999962
vt 0.00000000 31.39999962
vt 0.20000000 -31.39999962
vt 0.00000000 -31.39999962
vt 1.10000002 31.39999962
vt 0.00000000 31.39999962
vt 1.10000002 -31.39999962
vt 0.00000000 -31.39999962
vt 1.10000002 31.39999962
vt 0.00000000 31.39999962
vt 1.10000002 -31.39999962
vt 0.00000000 -31.39999962
vt 0.20000000 31.39999962
vt 0.00000000 31.39999962
vt 0.20000000 -31.39999962
vt 0.00000000 -31.39999962
vt 0.42500001 31.39999962
vt 0.00000000 31.39999962
vt 0.42500001 -31.39999962
vt 0.00000000 -31.39999962
vt 0.33357900 31.39999962
vt 0.00000000 31.39999962
vt 0.33357900 -31.39999962
vt 0.00000000 -31.39999962
vt 0.51819801 31.39999962
vt 0.00000000 31.39999962
vt 0.51819801 -31.39999962
vt 0.00000000 -31.39999962
vt 0.91715699 31.39999962
vt 0.00000000 31.39999962
vt 0.91715699 -31.39999962
vt 0.00000000 -31.39999962
vt 0.51819801 31.39999962
vt 0.00000000 31.39999962
vt 0.51819801 -31.39999962
vt 0.00000000 -31.39999962
vt 0.33357900 31.39999962
vt 0.00000000 31.39999962
vt 0.33357900 -31.39999962
vt 0.00000000 -31.39999962
vt 0.42500001 31.39999962
vt 0.00000000 31.39999962
vt 0.42500001 -31.39999962
vt 0.00000000 -31.39999962
vt 0.20000000 31.39999962
vt 0.00000000 31.39999962
vt 0.20000000 -31.39999962
vt 0.00000000 -31.39999962
vt 1.10000002 31.39999962
vt 0.00000000 31.39999962
vt 1.10000002 -31.39999962
vt 0.00000000 -31.39999962
vt 1.10000002 31.39999962
vt 0.00000000 31.39999962
vt 1.10000002 -31.39999962
vt 0.00000000 -31.39999962
vt 0.20000000 31.39999962
vt 0.00000000 31.39999962
vt 0.20000000 -31.39999962
vt 0.00000000 -31.39999962
vt 0.42500001 31.39999962
vt 0.00000000 31.39999962
vt 0.42500001 -31.39999962
vt 0.00000000 -31.39999962
vt 0.33357900 31.39999962
vt 0.00000000 31.39999962
vt 0.33357900 -31.39999962
vt 0.00000000 -31.39999962
vt 0.51819801 31.39999962
vt 0.00000000 31.39999962
vt 0.51819801 -31.39999962
vt 0.00000000 -31.39999962
vt 0.91715699 31.39999962
vt 0.00000000 31.39999962
vt 0.91715699 -31.39999962
vt 0.00000000 -31.39999962
vt 0.51819801 31.39999962
vt 0.00000000 31.39999962
vt 0.51819801 -31.39999962
vt 0.00000000 -31.39999962
vt 0.33357900 31.39999962
vt 0.00000000 31.39999962
vt 0.33357900 -31.39999962
vt 0.00000000 -31.39999962
vt 0.42500001 31.39999962
vt 0.00000000 31.39999962
vt 0.42500001 -31.39999962
vt 0.00000000 -31.39999962
vt -0.40000001 -1.29999995
vt -0.82499999 -1.29999995
vt -0.40000001 -1.50000000
vt -1.50000000 -1.50000000
vt -1.29999995 -0.82499999
vt -1.50000000 -0.40000001
vt -1.29999995 -0.40000001
vt -0.82499999 -0.96642101
vt -0.96642101 -0.82499999
vt -0.45857900 -0.60000002
vt -0.60000002 -0.45857900
vt -0.21854790 -0.26045501
vt -0.33483499 -0.05903995
vt 0.00000000 -0.34000000
vt 0.45857900 -0.60000002
vt 0.21854790 -0.26045501
vt 0.60000002 -0.45857900
vt 0.33483499 -0.05903995
vt 0.60000002 0.45857900
vt 0.29444900 0.17000000
vt 0.45857900 0.60000002
vt 0.11628700 0.31949499
vt -0.45857900 0.60000002
vt -0.11628700 0.31949499
vt -0.29444900 0.17000000
vt -0.60000002 0.45857900
vt 0.96642101 -0.82499999
vt 0.82499999 -0.96642101
vt 1.29999995 -0.82499999
vt 0.82499999 -1.29999995
vt 1.50000000 -1.50000000
vt 0.40000001 -1.50000000
vt 0.40000001 -1.29999995
vt 1.50000000 -0.40000001
vt 1.29999995 -0.40000001
vt 0.96642101 0.82499999
vt 0.82499999 0.96642101
vt 1.29999995 0.82499999
vt 0.82499999 1.29999995
vt 1.50000000 1.50000000
vt 0.40000001 1.50000000
vt 1.29999995 0.40000001
vt 1.50000000 0.40000001
vt 0.40000001 1.29999995
vt -0.96642101 0.82499999
vt -0.82499999 0.96642101
vt -1.29999995 0.82499999
vt -0.82499999 1.29999995
vt -1.50000000 1.50000000
vt -0.40000001 1.50000000
vt -0.40000001 1.29999995
vt -1.50000000 0.40000001
vt -1.29999995 0.40000001
vt 0.40000001 1.50000000
vt 0.82499999 1.29999995
vt 1.50000000 1.50000000
vt 1.29999995 0.82499999
vt 1.50000000 0.40000001
vt 1.29999995 0.40000001
vt 0.40000001 1.29999995
vt 0.82499999 0.96642101
vt 0.96642101 0.82499999
vt 0.45857900 0.60000002
vt 0.60000002 0.45857900
vt 0.29444900 0.17000000
vt 0.33483499 -0.05903995
vt 0.11628700 0.31949499
vt -0.45857900 0.60000002
vt -0.11628700 0.31949499
vt -0.29444900 0.17000000
vt -0.60000002 0.45857900
vt -0.33483499 -0.05903995
vt -0.60000002 -0.45857900
vt -0.21854790 -0.26045501
vt -0.45857900 -0.60000002
vt 0.00000000 -0.34000000
vt 0.45857900 -0.60000002
vt 0.21854790 -0.26045501
vt 0.60000002 -0.45857900
vt -0.96642101 0.82499999
vt -0.82499999 0.96642101
vt -1.29999995 0.82499999
vt -0.82499999 1.29999995
vt -1.50000000 1.50000000
vt -0.40000001 1.50000000
vt -0.40000001 1.29999995
vt -1.50000000 0.40000001
vt -1.29999995 0.40000001
vt -0.96642101 -0.82499999
vt -0.82499999 -0.96642101
vt -1.29999995 -0.82499999
vt -0.82499999 -1.29999995
vt -1.50000000 -1.50000000
vt -0.40000001 -1.50000000
vt -1.29999995 -0.40000001
vt -1.50000000 -0.40000001
vt -0.40000001 -1.29999995
vt 0.96642101 -0.82499999
vt 0.82499999 -0.96642101
vt 1.29999995 -0.82499999
vt 0.82499999 -1.29999995
vt 1.50000000 -1.50000000
vt 0.40000001 -1.50000000
vt 0.40000001 -1.29999995
vt 1.50000000 -0.40000001
vt 1.29999995 -0.40000001
vt -31.39999962 0.83077699
vt 31.39999962 0.83077699
vt -31.39999962 1.06814206
vt 31.39999962 1.06814206
vt -31.39999962 -1.06814206
vt 31.39999962 -1.06814206
vt -31.39999962 -0.83077699
vt 31.39999962 -0.83077699
vt -31.39999962 -0.59341198
vt 31.39999962 -0.59341198
vt -31.39999962 -0.35604700
vt 31.39999962 -0.35604700
vt -31.39999962 -0.11868200
vt 31.39999962 -0.11868200
vt -31.39999962 0.11868200
vt 31.39999962 0.11868200
vt -31.39999962 0.35604700
vt 31.39999962 0.35604700
vt -31.39999962 0.59341198
vt 31.39999962 0.59341198
vt 0.20000000 31.39999962
vt 0.00000000 31.39999962
vt 0.20000000 -31.39999962
vt 0.00000000 -31.39999962
vt 0.42500001 31.39999962
vt 0.00000000 31.39999962
vt 0.42500001 -31.39999962
vt 0.00000000 -31.39999962
vt 0.33357900 31.39999962
vt 0.00000000 31.39999962
vt 0.33357900 -31.39999962
vt 0.00000000 -31.39999962
vt 0.51819801 31.39999962
vt 0.00000000 31.39999962
vt 0.51819801 -31.39999962
vt 0.00000000 -31.39999962
vt 0.91715699 31.39999962
vt 0.00000000 31.39999962
vt 0.91715699 -31.39999962
vt 0.00000000 -31.39999962
vt 0.51819801 31.39999962
vt 0.00000000 31.39999962
vt 0.51819801 -31.39999962
vt 0.00000000 -31.39999962
vt 0.33357900 31.39999962
vt 0.00000000 31.39999962
vt 0.33357900 -31.39999962
vt 0.00000000 -31.39999962
vt 0.42500001 31.39999962
vt 0.00000000 31.39999962
vt 0.42500001 -31.39999962
vt 0.00000000 -31.39999962
vt 0.20000000 31.39999962
vt 0.00000000 31.39999962
vt 0.20000000 -31.39999962
vt 0.00000000 -31.39999962
vt 1.10000002 31.39999962
vt 0.00000000 31.39999962
vt 1.10000002 -31.39999962
vt 0.00000000 -31.39999962
vt 1.10000002 31.39999962
vt 0.00000000 31.39999962
vt 1.10000002 -31.39999962
vt 0.00000000 -31.39999962
vt 0.20000000 31.39999962
vt 0.00000000 31.39999962
vt 0.20000000 -31.39999962
vt 0.00000000 -31.39999962
vt 0.42500001 31.39999962
vt 0.00000000 31.39999962
vt 0.42500001 -31.39999962
vt 0.00000000 -31.39999962
vt 0.33357900 31.39999962
vt 0.00000000 31.39999962
vt 0.33357900 -31.39999962
vt 0.00000000 -31.39999962
vt 0.51819801 31.39999962
vt 0.00000000 31.39999962
vt 0.51819801 -31.39999962
vt 0.00000000 -31.39999962
vt 0.91715699 31.39999962
vt 0.00000000 31.39999962
vt 0.91715699 -31.39999962
vt 0.00000000 -31.39999962
vt 0.51819801 31.39999962
vt 0.00000000 31.39999962
vt 0.51819801 -31.39999962
vt 0.00000000 -31.39999962
vt 0.33357900 31.39999962
vt 0.00000000 31.39999962
vt 0.33357900 -31.39999962
vt 0.00000000 -31.39999962
vt 0.42500001 31.39999962
vt 0.00000000 31.39999962
vt 0.42500001 -31.39999962
vt 0.00000000 -31.39999962
vt 0.20000000 31.39999962
vt 0.00000000 31.39999962
vt 0.20000000 -31.39999962
vt 0.00000000 -31.39999962
vt 1.10000002 31.39999962
vt 0.00000000 31.39999962
vt 1.10000002 -31.39999962
vt 0.00000000 -31.39999962
vt 1.10000002 31.39999962
vt 0.00000000 31.39999962
vt 1.10000002 -31.39999962
vt 0.00000000 -31.39999962
vt 0.20000000 31.39999962
vt 0.00000000 31.39999962
vt 0.20000000 -31.39999962
vt 0.00000000 -31.39999962
vt 0.42500001 31.39999962
vt 0.00000000 31.39999962
vt 0.42500001 -31.39999962
vt 0.00000000 -31.39999962
vt 0.33357900 31.39999962
vt 0.00000000 31.39999962
vt 0.33357900 -31.39999962
vt 0.00000000 -31.39999962
vt 0.51819801 31.39999962
vt 0.00000000 31.39999962
vt 0.51819801 -31.39999962
vt 0.00000000 -31.39999962
vt 0.91715699 31.39999962
vt 0.00000000 31.39999962
vt 0.91715699 -31.39999962
vt 0.00000000 -31.39999962
vt 0.51819801 31.39999962
vt 0.00000000 31.39999962
vt 0.51819801 -31.39999962
vt 0.00000000 -31.39999962
vt 0.33357900 31.39999962
vt 0.00000000 31.39999962
vt 0.33357900 -31.39999962
vt 0.00000000 -31.39999962
vt 0.42500001 31.39999962
vt 0.00000000 31.39999962
vt 0.42500001 -31.39999962
vt 0.00000000 -31.39999962
vt 0.20000000 31.39999962
vt 0.00000000 31.39999962
vt 0.20000000 -31.39999962
vt 0.00000000 -31.39999962
vt 1.10000002 31.39999962
vt 0.00000000 31.39999962
vt 1.10000002 -31.39999962
vt 0.00000000 -31.39999962
vt 0.20000000 31.39999962
vt 0.00000000 31.39999962
vt 0.20000000 -31.39999962
vt 0.00000000 -31.39999962
vt 0.42500001 31.39999962
vt 0.00000000 31.39999962
vt 0.42500001 -31.39999962
vt 0.00000000 -31.39999962
vt 0.33357900 31.39999962
vt 0.00000000 31.39999962
vt 0.33357900 -31.39999962
vt 0.00000000 -31.39999962
vt 0.51819801 31.39999962
vt 0.00000000 31.39999962
vt 0.51819801 -31.39999962
vt 0.00000000 -31.39999962
vt 0.91715699 31.39999962
vt 0.00000000 31.39999962
vt 0.91715699 -31.39999962
vt 0.00000000 -31.39999962
vt 0.51819801 31.39999962
vt 0.00000000 31.39999962
vt 0.51819801 -31.39999962
vt 0.00000000 -31.39999962
vt 0.33357900 31.39999962
vt 0.00000000 31.39999962
vt 0.33357900 -31.39999962
vt 0.00000000 -31.39999962
vt 0.42500001 31.39999962
vt 0.00000000 31.39999962
vt 0.42500001 -31.39999962
vt 0.00000000 -31.39999962
vt 0.20000000 31.39999962
vt 0.00000000 31.39999962
vt 0.20000000 -31.39999962
vt 0.00000000 -31.39999962
vt 1.10000002 31.39999962
vt 0.00000000 31.39999962
vt 1.10000002 -31.39999962
vt 0.00000000 -31.39999962
vt -0.40000001 1.29999995
vt -0.40000001 1.50000000
vt -0.82499999 1.29999995
vt -1.50000000 1.50000000
vt -1.29999995 0.82499999
vt -1.50000000 0.40000001
vt -1.29999995 0.40000001
vt -0.82499999 0.96642101
vt -0.96642101 0.82499999
vt -0.45857900 0.60000002
vt -0.60000002 0.45857900
vt -0.29444900 0.17000000
vt -0.33483499 -0.05903995
vt -0.60000002 -0.45857900
vt -0.21854790 -0.26045501
vt -0.45857900 -0.60000002
vt 0.00000000 -0.34000000
vt 0.45857900 -0.60000002
vt 0.21854790 -0.26045501
vt 0.60000002 -0.45857900
vt 0.33483499 -0.05903995
vt 0.60000002 0.45857900
vt 0.29444900 0.17000000
vt 0.45857900 0.60000002
vt 0.11628700 0.31949499
vt -0.11628700 0.31949499
vt -0.96642101 -0.82499999
vt -0.82499999 -0.96642101
vt -1.29999995 -0.82499999
vt -0.82499999 -1.29999995
vt -1.50000000 -1.50000000
vt -0.40000001 -1.50000000
vt -1.29999995 -0.40000001
vt -1.50000000 -0.40000001
vt -0.40000001 -1.29999995
vt 0.96642101 -0.82499999
vt 0.82499999 -0.96642101
vt 1.29999995 -0.82499999
vt 0.82499999 -1.29999995
vt 1.50000000 -1.50000000
vt 0.40000001 -1.50000000
vt 0.40000001 -1.29999995
vt 1.50000000 -0.40000001
vt 1.29999995 -0.40000001
vt 0.96642101 0.82499999
vt 0.82499999 0.96642101
vt 1.29999995 0.82499999
vt 0.82499999 1.29999995
vt 1.50000000 1.50000000
vt 0.40000001 1.50000000
vt 1.29999995 0.40000001
vt 1.50000000 0.40000001
vt 0.40000001 1.29999995
f 5595/5595 5596/5596 5597/5597
f 5597/5597 5596/5596 5598/5598
f 5597/5597 5598/5598 5599/5599
f 5599/5599 5598/5598 5600/5600
f 5599/5599 5600/5600 5601/5601
f 5601/5601 5600/5600 5602/5602
f 5601/5601 5602/5602 5603/5603
f 5603/5603 5602/5602 5604/5604
f 5603/5603 5604/5604 5605/5605
f 5605/5605 5604/5604 5606/5606
f 5605/5605 5606/5606 5607/5607
f 5607/5607 5606/5606 5608/5608
f 5607/5607 5608/5608 5609/5609
f 5609/5609 5608/5608 5610/5610
f 5611/5611 5612/5612 5613/5613
f 5613/5613 5612/5612 5614/5614
f 5613/5613 5614/5614 5615/5615
f 5615/5615 5614/5614 5616/5616
f 5615/5615 5616/5616 5617/5617
f 5617/5617 5616/5616 5618/5618
f 5617/5617 5618/5618 5619/5619
f 5619/5619 5618/5618 5620/5620
f 5619/5619 5620/5620 5595/5595
f 5595/5595 5620/5620 5596/5596
f 5621/5621 5622/5622 5623/5623
f 5623/5623 5622/5622 5624/5624
f 5623/5623 5624/5624 5625/5625
f 5622/5622 5621/5621 5626/5626
f 5626/5626 5621/5621 5627/5627
f 5626/5626 5627/5627 5628/5628
f 5628/5628 5627/5627 5629/5629
f 5628/5628 5629/5629 5630/5630
f 5630/5630 5629/5629 5631/5631
f 5630/5630 5631/5631 5632/5632
f 5632/5632 5631/5631 5633/5633
f 5632/5632 5633/5633 5634/5634
f 5635/5635 5636/5636 5637/5637
f 5635/5635 5637/5637 5638/5638
f 5638/5638 5637/5637 5639/5639
f 5638/5638 5639/5639 5640/5640
f 5640/5640 5639/5639 5641/5641
f 5640/5640 5641/5641 5642/5642
f 5642/5642 5641/5641 5643/5643
f 5642/5642 5643/5643 5644/5644
f 5644/5644 5643/5643 5645/5645
f 5644/5644 5645/5645 5625/5625
f 5625/5625 5645/5645 5623/5623
f 5646/5646 5647/5647 5648/5648
f 5648/5648 5647/5647 5649/5649
f 5648/5648 5649/5649 5650/5650
f 5647/5647 5646/5646 5651/5651
f 5651/5651 5646/5646 5652/5652
f 5651/5651 5652/5652 5653/5653
f 5653/5653 5652/5652 5654/5654
f 5653/5653 5654/5654 5655/5655
f 5655/5655 5654/5654 5656/5656
f 5655/5655 5656/5656 5657/5657
f 5657/5657 5656/5656 5658/5658
f 5657/5657 5658/5658 5659/5659
f 5659/5659 5658/5658 5660/5660
f 5659/5659 5660/5660 5661/5661
f 5661/5661 5660/5660 5662/5662
f 5661/5661 5662/5662 5663/5663
f 5663/5663 5662/5662 5664/5664
f 5663/5663 5664/5664 5665/5665
f 5665/5665 5664/5664 5666/5666
f 5665/5665 5666/5666 5650/5650
f 5650/5650 5666/5666 5648/5648
f 5667/5667 5668/5668 5669/5669
f 5669/5669 5668/5668 5670/5670
f 5669/5669 5670/5670 5671/5671
f 5672/5672 5673/5673 5667/5667
f 5667/5667 5673/5673 5674/5674
f 5667/5667 5674/5674 5675/5675
f 5676/5676 5677/5677 5672/5672
f 5672/5672 5677/5677 5678/5678
f 5672/5672 5678/5678 5673/5673
f 5669/5669 5679/5679 5676/5676
f 5676/5676 5679/5679 5680/5680
f 5676/5676 5680/5680 5677/5677
f 5675/5675 5668/5668 5667/5667
f 5671/5671 5681/5681 5669/5669
f 5669/5669 5681/5681 5682/5682
f 5669/5669 5682/5682 5683/5683
f 5683/5683 5684/5684 5669/5669
f 5669/5669 5684/5684 5679/5679
f 5685/5685 5686/5686 5687/5687
f 5687/5687 5686/5686 5688/5688
f 5687/5687 5688/5688 5689/5689
f 5686/5686 5685/5685 5690/5690
f 5690/5690 5685/5685 5691/5691
f 5690/5690 5691/5691 5692/5692
f 5692/5692 5691/5691 5693/5693
f 5692/5692 5693/5693 5694/5694
f 5694/5694 5693/5693 5695/5695
f 5694/5694 5695/5695 5696/5696
f 5694/5694 5696/5696 5697/5697
f 5697/5697 5696/5696 5698/5698
f 5697/5697 5698/5698 5699/5699
f 5699/5699 5698/5698 5700/5700
f 5700/5700 5698/5698 5701/5701
f 5700/5700 5701/5701 5702/5702
f 5702/5702 5701/5701 5703/5703
f 5702/5702 5703/5703 5704/5704
f 5704/5704 5703/5703 5705/5705
f 5704/5704 5705/5705 5706/5706
f 5704/5704 5706/5706 5707/5707
f 5707/5707 5706/5706 5708/5708
f 5707/5707 5708/5708 5689/5689
f 5689/5689 5708/5708 5687/5687
f 5709/5709 5710/5710 5711/5711
f 5711/5711 5710/5710 5712/5712
f 5711/5711 5712/5712 5713/5713
f 5710/5710 5709/5709 5714/5714
f 5714/5714 5709/5709 5715/5715
f 5714/5714 5715/5715 5716/5716
f 5716/5716 5715/5715 5717/5717
f 5716/5716 5717/5717 5718/5718
f 5718/5718 5717/5717 5719/5719
f 5718/5718 5719/5719 5720/5720
f 5718/5718 5720/5720 5721/5721
f 5721/5721 5720/5720 5722/5722
f 5721/5721 5722/5722 5723/5723
f 5723/5723 5722/5722 5724/5724
f 5724/5724 5722/5722 5725/5725
f 5724/5724 5725/5725 5726/5726
f 5726/5726 5725/5725 5727/5727
f 5726/5726 5727/5727 5728/5728
f 5728/5728 5727/5727 5729/5729
f 5728/5728 5729/5729 5730/5730
f 5728/5728 5730/5730 5731/5731
f 5731/5731 5730/5730 5732/5732
f 5731/5731 5732/5732 5713/5713
f 5713/5713 5732/5732 5711/5711
f 5733/5733 5734/5734 5735/5735
f 5735/5735 5734/5734 5736/5736
f 5735/5735 5736/5736 5737/5737
f 5737/5737 5736/5736 5738/5738
f 5737/5737 5738/5738 5739/5739
f 5739/5739 5738/5738 5740/5740
f 5739/5739 5740/5740 5741/5741
f 5741/5741 5740/5740 5742/5742
f 5741/5741 5742/5742 5743/5743
f 5743/5743 5742/5742 5744/5744
f 5743/5743 5744/5744 5745/5745
f 5745/5745 5744/5744 5746/5746
f 5745/5745 5746/5746 5747/5747
f 5747/5747 5746/5746 5748/5748
f 5749/5749 5750/5750 5751/5751
f 5751/5751 5750/5750 5752/5752
f 5751/5751 5752/5752 5753/5753
f 5753/5753 5752/5752 5754/5754
f 5753/5753 5754/5754 5755/5755
f 5755/5755 5754/5754 5756/5756
f 5755/5755 5756/5756 5757/5757
f 5757/5757 5756/5756 5758/5758
f 5757/5757 5758/5758 5733/5733
f 5733/5733 5758/5758 5734/5734
f 5759/5759 5760/5760 5761/5761
f 5761/5761 5760/5760 5762/5762
f 5761/5761 5762/5762 5763/5763
f 5760/5760 5759/5759 5764/5764
f 5764/5764 5759/5759 5765/5765
f 5764/5764 5765/5765 5766/5766
f 5766/5766 5765/5765 5767/5767
f 5766/5766 5767/5767 5768/5768
f 5768/5768 5767/5767 5769/5769
f 5768/5768 5769/5769 5770/5770
f 5770/5770 5769/5769 5771/5771
f 5770/5770 5771/5771 5772/5772
f 5773/5773 5774/5774 5775/5775
f 5773/5773 5775/5775 5776/5776
f 5776/5776 5775/5775 5777/5777
f 5776/5776 5777/5777 5778/5778
f 5778/5778 5777/5777 5779/5779
f 5778/5778 5779/5779 5780/5780
f 5780/5780 5779/5779 5781/5781
f 5780/5780 5781/5781 5782/5782
f 5782/5782 5781/5781 5783/5783
f 5782/5782 5783/5783 5763/5763
f 5763/5763 5783/5783 5761/5761
f 5784/5784 5785/5785 5786/5786
f 5786/5786 5785/5785 5787/5787
f 5786/5786 5787/5787 5788/5788
f 5785/5785 5784/5784 5789/5789
f 5789/5789 5784/5784 5790/5790
f 5789/5789 5790/5790 5791/5791
f 5791/5791 5790/5790 5792/5792
f 5791/5791 5792/5792 5793/5793
f 5793/5793 5792/5792 5794/5794
f 5793/5793 5794/5794 5795/5795
f 5795/5795 5794/5794 5796/5796
f 5795/5795 5796/5796 5797/5797
f 5797/5797 5796/5796 5798/5798
f 5797/5797 5798/5798 5799/5799
f 5799/5799 5798/5798 5800/5800
f 5799/5799 5800/5800 5801/5801
f 5801/5801 5800/5800 5802/5802
f 5801/5801 5802/5802 5803/5803
f 5803/5803 5802/5802 5804/5804
f 5803/5803 5804/5804 5788/5788
f 5788/5788 5804/5804 5786/5786
f 5805/5805 5806/5806 5807/5807
f 5807/5807 5806/5806 5808/5808
f 5807/5807 5808/5808 5809/5809
f 5809/5809 5808/5808 5810/5810
f 5809/5809 5810/5810 5811/5811
f 5811/5811 5810/5810 5812/5812
f 5811/5811 5812/5812 5813/5813
f 5813/5813 5812/5812 5814/5814
f 5813/5813 5814/5814 5815/5815
f 5815/5815 5814/5814 5816/5816
f 5815/5815 5816/5816 5817/5817
f 5818/5818 5819/5819 5820/5820
f 5818/5818 5820/5820 5821/5821
f 5821/5821 5820/5820 5822/5822
f 5821/5821 5822/5822 5823/5823
f 5823/5823 5822/5822 5824/5824
f 5823/5823 5824/5824 5825/5825
f 5825/5825 5824/5824 5826/5826
f 5825/5825 5826/5826 5805/5805
f 5805/5805 5826/5826 5806/5806
f 5827/5827 5828/5828 5829/5829
f 5829/5829 5828/5828 5830/5830
f 5829/5829 5830/5830 5831/5831
f 5831/5831 5830/5830 5832/5832
f 5831/5831 5832/5832 5833/5833
f 5831/5831 5834/5834 5829/5829
f 5829/5829 5834/5834 5835/5835
f 5835/5835 5834/5834 5836/5836
f 5835/5835 5836/5836 5837/5837
f 5837/5837 5836/5836 5838/5838
f 5837/5837 5838/5838 5839/5839
f 5838/5838 5836/5836 5840/5840
f 5840/5840 5836/5836 5841/5841
f 5840/5840 5841/5841 5842/5842
f 5842/5842 5841/5841 5843/5843
f 5843/5843 5841/5841 5844/5844
f 5843/5843 5844/5844 5845/5845
f 5845/5845 5844/5844 5846/5846
f 5845/5845 5846/5846 5847/5847
f 5847/5847 5846/5846 5848/5848
f 5847/5847 5848/5848 5849/5849
f 5849/5849 5848/5848 5850/5850
f 5849/5849 5850/5850 5851/5851
f 5851/5851 5850/5850 5852/5852
f 5851/5851 5852/5852 5839/5839
f 5839/5839 5852/5852 5837/5837
f 5844/5844 5841/5841 5853/5853
f 5853/5853 5841/5841 5854/5854
f 5853/5853 5854/5854 5855/5855
f 5855/5855 5854/5854 5856/5856
f 5855/5855 5856/5856 5857/5857
f 5857/5857 5856/5856 5858/5858
f 5858/5858 5856/5856 5859/5859
f 5857/5857 5860/5860 5855/5855
f 5855/5855 5860/5860 5861/5861
f 5846/5846 5862/5862 5848/5848
f 5848/5848 5862/5862 5863/5863
f 5863/5863 5862/5862 5864/5864
f 5863/5863 5864/5864 5865/5865
f 5865/5865 5864/5864 5866/5866
f 5865/5865 5866/5866 5867/5867
f 5868/5868 5869/5869 5864/5864
f 5864/5864 5869/5869 5866/5866
f 5867/5867 5870/5870 5865/5865
f 5852/5852 5850/5850 5871/5871
f 5871/5871 5850/5850 5872/5872
f 5871/5871 5872/5872 5873/5873
f 5873/5873 5872/5872 5874/5874
f 5873/5873 5874/5874 5875/5875
f 5875/5875 5874/5874 5876/5876
f 5876/5876 5874/5874 5877/5877
f 5875/5875 5878/5878 5873/5873
f 5873/5873 5878/5878 5879/5879
f 5880/5880 5881/5881 5882/5882
f 5882/5882 5881/5881 5883/5883
f 5884/5884 5885/5885 5886/5886
f 5886/5886 5885/5885 5887/5887
f 5886/5886 5887/5887 5888/5888
f 5888/5888 5887/5887 5889/5889
f 5888/5888 5889/5889 5890/5890
f 5890/5890 5889/5889 5891/5891
f 5890/5890 5891/5891 5892/5892
f 5892/5892 5891/5891 5893/5893
f 5892/5892 5893/5893 5894/5894
f 5894/5894 5893/5893 5895/5895
f 5894/5894 5895/5895 5896/5896
f 5896/5896 5895/5895 5897/5897
f 5896/5896 5897/5897 5898/5898
f 5898/5898 5897/5897 5899/5899
f 5898/5898 5899/5899 5880/5880
f 5880/5880 5899/5899 5881/5881
f 5900/5900 5901/5901 5902/5902
f 5902/5902 5901/5901 5903/5903
f 5904/5904 5905/5905 5906/5906
f 5906/5906 5905/5905 5907/5907
f 5908/5908 5909/5909 5910/5910
f 5910/5910 5909/5909 5911/5911
f 5912/5912 5913/5913 5914/5914
f 5914/5914 5913/5913 5915/5915
f 5916/5916 5917/5917 5918/5918
f 5918/5918 5917/5917 5919/5919
f 5920/5920 5921/5921 5922/5922
f 5922/5922 5921/5921 5923/5923
f 5924/5924 5925/5925 5926/5926
f 5926/5926 5925/5925 5927/5927
f 5928/5928 5929/5929 5930/5930
f 5930/5930 5929/5929 5931/5931
f 5932/5932 5933/5933 5934/5934
f 5934/5934 5933/5933 5935/5935
f 5936/5936 5937/5937 5938/5938
f 5938/5938 5937/5937 5939/5939
f 5940/5940 5941/5941 5942/5942
f 5942/5942 5941/5941 5943/5943
f 5944/5944 5945/5945 5946/5946
f 5946/5946 5945/5945 5947/5947
f 5948/5948 5949/5949 5950/5950
f 5950/5950 5949/5949 5951/5951
f 5952/5952 5953/5953 5954/5954
f 5954/5954 5953/5953 5955/5955
f 5956/5956 5957/5957 5958/5958
f 5958/5958 5957/5957 5959/5959
f 5960/5960 5961/5961 5962/5962
f 5962/5962 5961/5961 5963/5963
f 5964/5964 5965/5965 5966/5966
f 5966/5966 5965/5965 5967/5967
f 5968/5968 5969/5969 5970/5970
f 5970/5970 5969/5969 5971/5971
f 5972/5972 5973/5973 5974/5974
f 5974/5974 5973/5973 5975/5975
f 5976/5976 5977/5977 5978/5978
f 5978/5978 5977/5977 5979/5979
f 5980/5980 5981/5981 5982/5982
f 5982/5982 5981/5981 5983/5983
f 5984/5984 5985/5985 5986/5986
f 5986/5986 5985/5985 5987/5987
f 5988/5988 5989/5989 5990/5990
f 5990/5990 5989/5989 5991/5991
f 5992/5992 5993/5993 5994/5994
f 5994/5994 5993/5993 5995/5995
f 5996/5996 5997/5997 5998/5998
f 5998/5998 5997/5997 5999/5999
f 6000/6000 6001/6001 6002/6002
f 6002/6002 6001/6001 6003/6003
f 6004/6004 6005/6005 6006/6006
f 6006/6006 6005/6005 6007/6007
f 6008/6008 6009/6009 6010/6010
f 6010/6010 6009/6009 6011/6011
f 6012/6012 6013/6013 6014/6014
f 6014/6014 6013/6013 6015/6015
f 6016/6016 6017/6017 6018/6018
f 6018/6018 6017/6017 6019/6019
f 6020/6020 6021/6021 6022/6022
f 6022/6022 6021/6021 6023/6023
f 6024/6024 6025/6025 6026/6026
f 6026/6026 6025/6025 6027/6027
f 6028/6028 6029/6029 6030/6030
f 6030/6030 6029/6029 6031/6031
f 6032/6032 6033/6033 6034/6034
f 6034/6034 6033/6033 6035/6035
f 6036/6036 6037/6037 6038/6038
f 6038/6038 6037/6037 6039/6039
f 6040/6040 6041/6041 6042/6042
f 6042/6042 6041/6041 6043/6043
f 6044/6044 6045/6045 6046/6046
f 6046/6046 6045/6045 6047/6047
f 6048/6048 6049/6049 6050/6050
f 6050/6050 6049/6049 6051/6051
f 6052/6052 6053/6053 6054/6054
f 6054/6054 6053/6053 6055/6055
f 6056/6056 6057/6057 6058/6058
f 6058/6058 6057/6057 6059/6059
f 6060/6060 6061/6061 6062/6062
f 6062/6062 6061/6061 6063/6063
f 6064/6064 6065/6065 6066/6066
f 6066/6066 6065/6065 6067/6067
f 6068/6068 6069/6069 6070/6070
f 6070/6070 6069/6069 6071/6071
f 6071/6071 6069/6069 6072/6072
f 6071/6071 6072/6072 6073/6073
f 6073/6073 6072/6072 6074/6074
f 6072/6072 6069/6069 6075/6075
f 6075/6075 6069/6069 6076/6076
f 6075/6075 6076/6076 6077/6077
f 6077/6077 6076/6076 6078/6078
f 6077/6077 6078/6078 6079/6079
f 6079/6079 6078/6078 6080/6080
f 6080/6080 6078/6078 6081/6081
f 6080/6080 6081/6081 6082/6082
f 6082/6082 6081/6081 6083/6083
f 6082/6082 6083/6083 6084/6084
f 6084/6084 6083/6083 6085/6085
f 6084/6084 6085/6085 6086/6086
f 6086/6086 6085/6085 6087/6087
f 6086/6086 6087/6087 6088/6088
f 6088/6088 6087/6087 6089/6089
f 6088/6088 6089/6089 6090/6090
f 6090/6090 6089/6089 6091/6091
f 6090/6090 6091/6091 6092/6092
f 6092/6092 6091/6091 6077/6077
f 6092/6092 6077/6077 6093/6093
f 6093/6093 6077/6077 6079/6079
f 6081/6081 6094/6094 6083/6083
f 6083/6083 6094/6094 6095/6095
f 6095/6095 6094/6094 6096/6096
f 6095/6095 6096/6096 6097/6097
f 6097/6097 6096/6096 6098/6098
f 6097/6097 6098/6098 6099/6099
f 6100/6100 6101/6101 6096/6096
f 6096/6096 6101/6101 6098/6098
f 6099/6099 6102/6102 6097/6097
f 6087/6087 6085/6085 6103/6103
f 6103/6103 6085/6085 6104/6104
f 6103/6103 6104/6104 6105/6105
f 6105/6105 6104/6104 6106/6106
f 6105/6105 6106/6106 6107/6107
f 6107/6107 6106/6106 6108/6108
f 6108/6108 6106/6106 6109/6109
f 6107/6107 6110/6110 6105/6105
f 6105/6105 6110/6110 6111/6111
f 6089/6089 6112/6112 6091/6091
f 6091/6091 6112/6112 6113/6113
f 6113/6113 6112/6112 6114/6114
f 6113/6113 6114/6114 6115/6115
f 6115/6115 6114/6114 6116/6116
f 6115/6115 6116/6116 6117/6117
f 6118/6118 6119/6119 6114/6114
f 6114/6114 6119/6119 6116/6116
f 6117/6117 6120/6120 6115/6115
f 6121/6121 6122/6122 6123/6123
f 6123/6123 6122/6122 6124/6124
f 6123/6123 6124/6124 6125/6125
f 6125/6125 6124/6124 6126/6126
f 6125/6125 6126/6126 6127/6127
f 6123/6123 6125/6125 6128/6128
f 6128/6128 6125/6125 6129/6129
f 6128/6128 6129/6129 6130/6130
f 6130/6130 6129/6129 6131/6131
f 6130/6130 6131/6131 6132/6132
f 6132/6132 6131/6131 6133/6133
f 6133/6133 6131/6131 6134/6134
f 6133/6133 6134/6134 6135/6135
f 6135/6135 6134/6134 6136/6136
f 6135/6135 6136/6136 6137/6137
f 6137/6137 6136/6136 6138/6138
f 6137/6137 6138/6138 6139/6139
f 6139/6139 6138/6138 6140/6140
f 6140/6140 6138/6138 6141/6141
f 6140/6140 6141/6141 6142/6142
f 6142/6142 6141/6141 6143/6143
f 6142/6142 6143/6143 6144/6144
f 6144/6144 6143/6143 6145/6145
f 6144/6144 6145/6145 6146/6146
f 6146/6146 6145/6145 6130/6130
f 6146/6146 6130/6130 6132/6132
f 6134/6134 6147/6147 6136/6136
f 6136/6136 6147/6147 6148/6148
f 6148/6148 6147/6147 6149/6149
f 6148/6148 6149/6149 6150/6150
f 6150/6150 6149/6149 6151/6151
f 6150/6150 6151/6151 6152/6152
f 6153/6153 6154/6154 6149/6149
f 6149/6149 6154/6154 6151/6151
f 6152/6152 6155/6155 6150/6150
f 6141/6141 6138/6138 6156/6156
f 6156/6156 6138/6138 6157/6157
f 6156/6156 6157/6157 6158/6158
f 6158/6158 6157/6157 6159/6159
f 6158/6158 6159/6159 6160/6160
f 6160/6160 6159/6159 6161/6161
f 6161/6161 6159/6159 6162/6162
f 6160/6160 6163/6163 6158/6158
f 6158/6158 6163/6163 6164/6164
f 6143/6143 6165/6165 6145/6145
f 6145/6145 6165/6165 6166/6166
f 6166/6166 6165/6165 6167/6167
f 6166/6166 6167/6167 6168/6168
f 6168/6168 6167/6167 6169/6169
f 6168/6168 6169/6169 6170/6170
f 6171/6171 6172/6172 6167/6167
f 6167/6167 6172/6172 6169/6169
f 6170/6170 6173/6173 6168/6168
f 6174/6174 6175/6175 6176/6176
f 6176/6176 6175/6175 6177/6177
f 6178/6178 6179/6179 6180/6180
f 6180/6180 6179/6179 6181/6181
f 6180/6180 6181/6181 6182/6182
f 6182/6182 6181/6181 6183/6183
f 6182/6182 6183/6183 6184/6184
f 6184/6184 6183/6183 6185/6185
f 6184/6184 6185/6185 6186/6186
f 6186/6186 6185/6185 6187/6187
f 6186/6186 6187/6187 6188/6188
f 6188/6188 6187/6187 6189/6189
f 6188/6188 6189/6189 6190/6190
f 6190/6190 6189/6189 6191/6191
f 6190/6190 6191/6191 6192/6192
f 6192/6192 6191/6191 6193/6193
f 6192/6192 6193/6193 6174/6174
f 6174/6174 6193/6193 6175/6175
f 6194/6194 6195/6195 6196/6196
f 6196/6196 6195/6195 6197/6197
f 6198/6198 6199/6199 6200/6200
f 6200/6200 6199/6199 6201/6201
f 6202/6202 6203/6203 6204/6204
f 6204/6204 6203/6203 6205/6205
f 6206/6206 6207/6207 6208/6208
f 6208/6208 6207/6207 6209/6209
f 6210/6210 6211/6211 6212/6212
f 6212/6212 6211/6211 6213/6213
f 6214/6214 6215/6215 6216/6216
f 6216/6216 6215/6215 6217/6217
f 6218/6218 6219/6219 6220/6220
f 6220/6220 6219/6219 6221/6221
f 6222/6222 6223/6223 6224/6224
f 6224/6224 6223/6223 6225/6225
f 6226/6226 6227/6227 6228/6228
f 6228/6228 6227/6227 6229/6229
f 6230/6230 6231/6231 6232/6232
f 6232/6232 6231/6231 6233/6233
f 6234/6234 6235/6235 6236/6236
f 6236/6236 6235/6235 6237/6237
f 6238/6238 6239/6239 6240/6240
f 6240/6240 6239/6239 6241/6241
f 6242/6242 6243/6243 6244/6244
f 6244/6244 6243/6243 6245/6245
f 6246/6246 6247/6247 6248/6248
f 6248/6248 6247/6247 6249/6249
f 6250/6250 6251/6251 6252/6252
f 6252/6252 6251/6251 6253/6253
f 6254/6254 6255/6255 6256/6256
f 6256/6256 6255/6255 6257/6257
f 6258/6258 6259/6259 6260/6260
f 6260/6260 6259/6259 6261/6261
f 6262/6262 6263/6263 6264/6264
f 6264/6264 6263/6263 6265/6265
f 6266/6266 6267/6267 6268/6268
f 6268/6268 6267/6267 6269/6269
f 6270/6270 6271/6271 6272/6272
f 6272/6272 6271/6271 6273/6273
f 6274/6274 6275/6275 6276/6276
f 6276/6276 6275/6275 6277/6277
f 6278/6278 6279/6279 6280/6280
f 6280/6280 6279/6279 6281/6281
f 6282/6282 6283/6283 6284/6284
f 6284/6284 6283/6283 6285/6285
f 6286/6286 6287/6287 6288/6288
f 6288/6288 6287/6287 6289/6289
f 6290/6290 6291/6291 6292/6292
f 6292/6292 6291/6291 6293/6293
f 6294/6294 6295/6295 6296/6296
f 6296/6296 6295/6295 6297/6297
f 6298/6298 6299/6299 6300/6300
f 6300/6300 6299/6299 6301/6301
f 6302/6302 6303/6303 6304/6304
f 6304/6304 6303/6303 6305/6305
f 6306/6306 6307/6307 6308/6308
f 6308/6308 6307/6307 6309/6309
f 6310/6310 6311/6311 6312/6312
f 6312/6312 6311/6311 6313/6313
f 6314/6314 6315/6315 6316/6316
f 6316/6316 6315/6315 6317/6317
f 6318/6318 6319/6319 6320/6320
f 6320/6320 6319/6319 6321/6321
f 6322/6322 6323/6323 6324/6324
f 6324/6324 6323/6323 6325/6325
f 6326/6326 6327/6327 6328/6328
f 6328/6328 6327/6327 6329/6329
f 6330/6330 6331/6331 6332/6332
f 6332/6332 6331/6331 6333/6333
f 6334/6334 6335/6335 6336/6336
f 6336/6336 6335/6335 6337/6337
f 6338/6338 6339/6339 6340/6340
f 6340/6340 6339/6339 6341/6341
f 6342/6342 6343/6343 6344/6344
f 6344/6344 6343/6343 6345/6345
f 6346/6346 6347/6347 6348/6348
f 6348/6348 6347/6347 6349/6349
f 6350/6350 6351/6351 6352/6352
f 6352/6352 6351/6351 6353/6353
f 6354/6354 6355/6355 6356/6356
f 6356/6356 6355/6355 6357/6357
f 6358/6358 6359/6359 6360/6360
f 6360/6360 6359/6359 6361/6361
f 6362/6362 6363/6363 6364/6364
f 6364/6364 6363/6363 6365/6365
f 6365/6365 6363/6363 6366/6366
f 6365/6365 6366/6366 6367/6367
f 6367/6367 6366/6366 6368/6368
f 6363/6363 6369/6369 6366/6366
f 6366/6366 6369/6369 6370/6370
f 6370/6370 6369/6369 6371/6371
f 6370/6370 6371/6371 6372/6372
f 6372/6372 6371/6371 6373/6373
f 6372/6372 6373/6373 6374/6374
f 6373/6373 6371/6371 6375/6375
f 6375/6375 6371/6371 6376/6376
f 6375/6375 6376/6376 6377/6377
f 6377/6377 6376/6376 6378/6378
f 6377/6377 6378/6378 6379/6379
f 6379/6379 6378/6378 6380/6380
f 6379/6379 6380/6380 6381/6381
f 6381/6381 6380/6380 6382/6382
f 6381/6381 6382/6382 6383/6383
f 6383/6383 6382/6382 6384/6384
f 6383/6383 6384/6384 6385/6385
f 6385/6385 6384/6384 6386/6386
f 6386/6386 6384/6384 6387/6387
f 6386/6386 6387/6387 6374/6374
f 6374/6374 6387/6387 6372/6372
f 6378/6378 6376/6376 6388/6388
f 6388/6388 6376/6376 6389/6389
f 6388/6388 6389/6389 6390/6390
f 6390/6390 6389/6389 6391/6391
f 6390/6390 6391/6391 6392/6392
f 6392/6392 6391/6391 6393/6393
f 6393/6393 6391/6391 6394/6394
f 6392/6392 6395/6395 6390/6390
f 6390/6390 6395/6395 6396/6396
f 6380/6380 6397/6397 6382/6382
f 6382/6382 6397/6397 6398/6398
f 6398/6398 6397/6397 6399/6399
f 6398/6398 6399/6399 6400/6400
f 6400/6400 6399/6399 6401/6401
f 6400/6400 6401/6401 6402/6402
f 6403/6403 6404/6404 6399/6399
f 6399/6399 6404/6404 6401/6401
f 6402/6402 6405/6405 6400/6400
f 6387/6387 6384/6384 6406/6406
f 6406/6406 6384/6384 6407/6407
f 6406/6406 6407/6407 6408/6408
f 6408/6408 6407/6407 6409/6409
f 6408/6408 6409/6409 6410/6410
f 6410/6410 6409/6409 6411/6411
f 6411/6411 6409/6409 6412/6412
f 6410/6410 6413/6413 6408/6408
f 6408/6408 6413/6413 6414/6414
f 6415/6415 6416/6416 6417/6417
f 6417/6417 6416/6416 6418/6418
f 6417/6417 6418/6418 6419/6419
f 6419/6419 6418/6418 6420/6420
f 6419/6419 6420/6420 6421/6421
f 6417/6417 6419/6419 6422/6422
f 6422/6422 6419/6419 6423/6423
f 6422/6422 6423/6423 6424/6424
f 6424/6424 6423/6423 6425/6425
f 6424/6424 6425/6425 6426/6426
f 6426/6426 6425/6425 6427/6427
f 6427/6427 6425/6425 6428/6428
f 6427/6427 6428/6428 6429/6429
f 6429/6429 6428/6428 6430/6430
f 6429/6429 6430/6430 6431/6431
f 6431/6431 6430/6430 6432/6432
f 6431/6431 6432/6432 6433/6433
f 6433/6433 6432/6432 6434/6434
f 6434/6434 6432/6432 6435/6435
f 6434/6434 6435/6435 6436/6436
f 6436/6436 6435/6435 6437/6437
f 6436/6436 6437/6437 6438/6438
f 6438/6438 6437/6437 6439/6439
f 6438/6438 6439/6439 6440/6440
f 6440/6440 6439/6439 6424/6424
f 6440/6440 6424/6424 6426/6426
f 6428/6428 6441/6441 6430/6430
f 6430/6430 6441/6441 6442/6442
f 6442/6442 6441/6441 6443/6443
f 6442/6442 6443/6443 6444/6444
f 6444/6444 6443/6443 6445/6445
f 6444/6444 6445/6445 6446/6446
f 6447/6447 6448/6448 6443/6443
f 6443/6443 6448/6448 6445/6445
f 6446/6446 6449/6449 6444/6444
f 6435/6435 6432/6432 6450/6450
f 6450/6450 6432/6432 6451/6451
f 6450/6450 6451/6451 6452/6452
f 6452/6452 6451/6451 6453/6453
f 6452/6452 6453/6453 6454/6454
f 6454/6454 6453/6453 6455/6455
f 6455/6455 6453/6453 6456/6456
f 6454/6454 6457/6457 6452/6452
f 6452/6452 6457/6457 6458/6458
f 6437/6437 6459/6459 6439/6439
f 6439/6439 6459/6459 6460/6460
f 6460/6460 6459/6459 6461/6461
f 6460/6460 6461/6461 6462/6462
f 6462/6462 6461/6461 6463/6463
f 6462/6462 6463/6463 6464/6464
f 6465/6465 6466/6466 6461/6461
f 6461/6461 6466/6466 6463/6463
f 6464/6464 6467/6467 6462/6462
f 6468/6468 6469/6469 6470/6470
f 6470/6470 6469/6469 6471/6471
f 6472/6472 6473/6473 6474/6474
f 6474/6474 6473/6473 6475/6475
f 6474/6474 6475/6475 6476/6476
f 6476/6476 6475/6475 6477/6477
f 6476/6476 6477/6477 6478/6478
f 6478/6478 6477/6477 6479/6479
f 6478/6478 6479/6479 6480/6480
f 6480/6480 6479/6479 6481/6481
f 6480/6480 6481/6481 6482/6482
f 6482/6482 6481/6481 6483/6483
f 6482/6482 6483/6483 6484/6484
f 6484/6484 6483/6483 6485/6485
f 6484/6484 6485/6485 6486/6486
f 6486/6486 6485/6485 6487/6487
f 6486/6486 6487/6487 6468/6468
f 6468/6468 6487/6487 6469/6469
f 6488/6488 6489/6489 6490/6490
f 6490/6490 6489/6489 6491/6491
f 6492/6492 6493/6493 6494/6494
f 6494/6494 6493/6493 6495/6495
f 6496/6496 6497/6497 6498/6498
f 6498/6498 6497/6497 6499/6499
f 6500/6500 6501/6501 6502/6502
f 6502/6502 6501/6501 6503/6503
f 6504/6504 6505/6505 6506/6506
f 6506/6506 6505/6505 6507/6507
f 6508/6508 6509/6509 6510/6510
f 6510/6510 6509/6509 6511/6511
f 6512/6512 6513/6513 6514/6514
f 6514/6514 6513/6513 6515/6515
f 6516/6516 6517/6517 6518/6518
f 6518/6518 6517/6517 6519/6519
f 6520/6520 6521/6521 6522/6522
f 6522/6522 6521/6521 6523/6523
f 6524/6524 6525/6525 6526/6526
f 6526/6526 6525/6525 6527/6527
f 6528/6528 6529/6529 6530/6530
f 6530/6530 6529/6529 6531/6531
f 6532/6532 6533/6533 6534/6534
f 6534/6534 6533/6533 6535/6535
f 6536/6536 6537/6537 6538/6538
f 6538/6538 6537/6537 6539/6539
f 6540/6540 6541/6541 6542/6542
f 6542/6542 6541/6541 6543/6543
f 6544/6544 6545/6545 6546/6546
f 6546/6546 6545/6545 6547/6547
f 6548/6548 6549/6549 6550/6550
f 6550/6550 6549/6549 6551/6551
f 6552/6552 6553/6553 6554/6554
f 6554/6554 6553/6553 6555/6555
f 6556/6556 6557/6557 6558/6558
f 6558/6558 6557/6557 6559/6559
f 6560/6560 6561/6561 6562/6562
f 6562/6562 6561/6561 6563/6563
f 6564/6564 6565/6565 6566/6566
f 6566/6566 6565/6565 6567/6567
f 6568/6568 6569/6569 6570/6570
f 6570/6570 6569/6569 6571/6571
f 6572/6572 6573/6573 6574/6574
f 6574/6574 6573/6573 6575/6575
f 6576/6576 6577/6577 6578/6578
f 6578/6578 6577/6577 6579/6579
f 6580/6580 6581/6581 6582/6582
f 6582/6582 6581/6581 6583/6583
f 6584/6584 6585/6585 6586/6586
f 6586/6586 6585/6585 6587/6587
f 6588/6588 6589/6589 6590/6590
f 6590/6590 6589/6589 6591/6591
f 6592/6592 6593/6593 6594/6594
f 6594/6594 6593/6593 6595/6595
f 6596/6596 6597/6597 6598/6598
f 6598/6598 6597/6597 6599/6599
f 6600/6600 6601/6601 6602/6602
f 6602/6602 6601/6601 6603/6603
f 6604/6604 6605/6605 6606/6606
f 6606/6606 6605/6605 6607/6607
f 6608/6608 6609/6609 6610/6610
f 6610/6610 6609/6609 6611/6611
f 6612/6612 6613/6613 6614/6614
f 6614/6614 6613/6613 6615/6615
f 6616/6616 6617/6617 6618/6618
f 6618/6618 6617/6617 6619/6619
f 6620/6620 6621/6621 6622/6622
f 6622/6622 6621/6621 6623/6623
f 6624/6624 6625/6625 6626/6626
f 6626/6626 6625/6625 6627/6627
f 6628/6628 6629/6629 6630/6630
f 6630/6630 6629/6629 6631/6631
f 6632/6632 6633/6633 6634/6634
f 6634/6634 6633/6633 6635/6635
f 6636/6636 6637/6637 6638/6638
f 6638/6638 6637/6637 6639/6639
f 6640/6640 6641/6641 6642/6642
f 6642/6642 6641/6641 6643/6643
f 6644/6644 6645/6645 6646/6646
f 6646/6646 6645/6645 6647/6647
f 6648/6648 6649/6649 6650/6650
f 6650/6650 6649/6649 6651/6651
f 6652/6652 6653/6653 6654/6654
f 6654/6654 6653/6653 6655/6655
f 6656/6656 6657/6657 6658/6658
f 6658/6658 6657/6657 6659/6659
f 6659/6659 6657/6657 6660/6660
f 6659/6659 6660/6660 6661/6661
f 6661/6661 6660/6660 6662/6662
f 6657/6657 6663/6663 6660/6660
f 6660/6660 6663/6663 6664/6664
f 6664/6664 6663/6663 6665/6665
f 6664/6664 6665/6665 6666/6666
f 6666/6666 6665/6665 6667/6667
f 6666/6666 6667/6667 6668/6668
f 6667/6667 6665/6665 6669/6669
f 6669/6669 6665/6665 6670/6670
f 6669/6669 6670/6670 6671/6671
f 6671/6671 6670/6670 6672/6672
f 6671/6671 6672/6672 6673/6673
f 6673/6673 6672/6672 6674/6674
f 6673/6673 6674/6674 6675/6675
f 6675/6675 6674/6674 6676/6676
f 6675/6675 6676/6676 6677/6677
f 6677/6677 6676/6676 6678/6678
f 6677/6677 6678/6678 6679/6679
f 6679/6679 6678/6678 6680/6680
f 6680/6680 6678/6678 6681/6681
f 6680/6680 6681/6681 6668/6668
f 6668/6668 6681/6681 6666/6666
f 6672/6672 6670/6670 6682/6682
f 6682/6682 6670/6670 6683/6683
f 6682/6682 6683/6683 6684/6684
f 6684/6684 6683/6683 6685/6685
f 6684/6684 6685/6685 6686/6686
f 6686/6686 6685/6685 6687/6687
f 6687/6687 6685/6685 6688/6688
f 6686/6686 6689/6689 6684/6684
f 6684/6684 6689/6689 6690/6690
f 6674/6674 6691/6691 6676/6676
f 6676/6676 6691/6691 6692/6692
f 6692/6692 6691/6691 6693/6693
f 6692/6692 6693/6693 6694/6694
f 6694/6694 6693/6693 6695/6695
f 6694/6694 6695/6695 6696/6696
f 6697/6697 6698/6698 6693/6693
f 6693/6693 6698/6698 6695/6695
f 6696/6696 6699/6699 6694/6694
f 6681/6681 6678/6678 6700/6700
f 6700/6700 6678/6678 6701/6701
f 6700/6700 6701/6701 6702/6702
f 6702/6702 6701/6701 6703/6703
f 6702/6702 6703/6703 6704/6704
f 6704/6704 6703/6703 6705/6705
f 6705/6705 6703/6703 6706/6706
f 6704/6704 6707/6707 6702/6702
f 6702/6702 6707/6707 6708/6708
f 6709/6709 6710/6710 6711/6711
f 6711/6711 6710/6710 6712/6712
f 6711/6711 6712/6712 6713/6713
f 6713/6713 6712/6712 6714/6714
f 6709/6709 6715/6715 6710/6710
f 6710/6710 6716/6716 6712/6712
f 6712/6712 6716/6716 6717/6717
f 6717/6717 6716/6716 6718/6718
f 6717/6717 6718/6718 6719/6719
f 6719/6719 6718/6718 6720/6720
f 6719/6719 6720/6720 6721/6721
f 6720/6720 6718/6718 6722/6722
f 6722/6722 6718/6718 6723/6723
f 6722/6722 6723/6723 6724/6724
f 6724/6724 6723/6723 6725/6725
f 6725/6725 6723/6723 6726/6726
f 6725/6725 6726/6726 6727/6727
f 6727/6727 6726/6726 6728/6728
f 6727/6727 6728/6728 6729/6729
f 6729/6729 6728/6728 6730/6730
f 6729/6729 6730/6730 6731/6731
f 6731/6731 6730/6730 6732/6732
f 6731/6731 6732/6732 6733/6733
f 6733/6733 6732/6732 6734/6734
f 6733/6733 6734/6734 6721/6721
f 6721/6721 6734/6734 6719/6719
f 6726/6726 6723/6723 6735/6735
f 6735/6735 6723/6723 6736/6736
f 6735/6735 6736/6736 6737/6737
f 6737/6737 6736/6736 6738/6738
f 6737/6737 6738/6738 6739/6739
f 6739/6739 6738/6738 6740/6740
f 6740/6740 6738/6738 6741/6741
f 6739/6739 6742/6742 6737/6737
f 6737/6737 6742/6742 6743/6743
f 6728/6728 6744/6744 6730/6730
f 6730/6730 6744/6744 6745/6745
f 6745/6745 6744/6744 6746/6746
f 6745/6745 6746/6746 6747/6747
f 6747/6747 6746/6746 6748/6748
f 6747/6747 6748/6748 6749/6749
f 6750/6750 6751/6751 6746/6746
f 6746/6746 6751/6751 6748/6748
f 6749/6749 6752/6752 6747/6747
f 6734/6734 6732/6732 6753/6753
f 6753/6753 6732/6732 6754/6754
f 6753/6753 6754/6754 6755/6755
f 6755/6755 6754/6754 6756/6756
f 6755/6755 6756/6756 6757/6757
f 6757/6757 6756/6756 6758/6758
f 6758/6758 6756/6756 6759/6759
f 6757/6757 6760/6760 6755/6755
f 6755/6755 6760/6760 6761/6761
f 6762/6762 6763/6763 6764/6764
f 6764/6764 6763/6763 6765/6765
f 6766/6766 6767/6767 6768/6768
f 6768/6768 6767/6767 6769/6769
f 6768/6768 6769/6769 6770/6770
f 6770/6770 6769/6769 6771/6771
f 6770/6770 6771/6771 6772/6772
f 6772/6772 6771/6771 6773/6773
f 6772/6772 6773/6773 6774/6774
f 6774/6774 6773/6773 6775/6775
f 6774/6774 6775/6775 6776/6776
f 6776/6776 6775/6775 6777/6777
f 6776/6776 6777/6777 6778/6778
f 6778/6778 6777/6777 6779/6779
f 6778/6778 6779/6779 6780/6780
f 6780/6780 6779/6779 6781/6781
f 6780/6780 6781/6781 6762/6762
f 6762/6762 6781/6781 6763/6763
f 6782/6782 6783/6783 6784/6784
f 6784/6784 6783/6783 6785/6785
f 6786/6786 6787/6787 6788/6788
f 6788/6788 6787/6787 6789/6789
f 6790/6790 6791/6791 6792/6792
f 6792/6792 6791/6791 6793/6793
f 6794/6794 6795/6795 6796/6796
f 6796/6796 6795/6795 6797/6797
f 6798/6798 6799/6799 6800/6800
f 6800/6800 6799/6799 6801/6801
f 6802/6802 6803/6803 6804/6804
f 6804/6804 6803/6803 6805/6805
f 6806/6806 6807/6807 6808/6808
f 6808/6808 6807/6807 6809/6809
f 6810/6810 6811/6811 6812/6812
f 6812/6812 6811/6811 6813/6813
f 6814/6814 6815/6815 6816/6816
f 6816/6816 6815/6815 6817/6817
f 6818/6818 6819/6819 6820/6820
f 6820/6820 6819/6819 6821/6821
f 6822/6822 6823/6823 6824/6824
f 6824/6824 6823/6823 6825/6825
f 6826/6826 6827/6827 6828/6828
f 6828/6828 6827/6827 6829/6829
f 6830/6830 6831/6831 6832/6832
f 6832/6832 6831/6831 6833/6833
f 6834/6834 6835/6835 6836/6836
f 6836/6836 6835/6835 6837/6837
f 6838/6838 6839/6839 6840/6840
f 6840/6840 6839/6839 6841/6841
f 6842/6842 6843/6843 6844/6844
f 6844/6844 6843/6843 6845/6845
f 6846/6846 6847/6847 6848/6848
f 6848/6848 6847/6847 6849/6849
f 6850/6850 6851/6851 6852/6852
f 6852/6852 6851/6851 6853/6853
f 6854/6854 6855/6855 6856/6856
f 6856/6856 6855/6855 6857/6857
f 6858/6858 6859/6859 6860/6860
f 6860/6860 6859/6859 6861/6861
f 6862/6862 6863/6863 6864/6864
f 6864/6864 6863/6863 6865/6865
f 6866/6866 6867/6867 6868/6868
f 6868/6868 6867/6867 6869/6869
f 6870/6870 6871/6871 6872/6872
f 6872/6872 6871/6871 6873/6873
f 6874/6874 6875/6875 6876/6876
f 6876/6876 6875/6875 6877/6877
f 6878/6878 6879/6879 6880/6880
f 6880/6880 6879/6879 6881/6881
f 6882/6882 6883/6883 6884/6884
f 6884/6884 6883/6883 6885/6885
f 6886/6886 6887/6887 6888/6888
f 6888/6888 6887/6887 6889/6889
f 6890/6890 6891/6891 6892/6892
f 6892/6892 6891/6891 6893/6893
f 6894/6894 6895/6895 6896/6896
f 6896/6896 6895/6895 6897/6897
f 6898/6898 6899/6899 6900/6900
f 6900/6900 6899/6899 6901/6901
f 6902/6902 6903/6903 6904/6904
f 6904/6904 6903/6903 6905/6905
f 6906/6906 6907/6907 6908/6908
f 6908/6908 6907/6907 6909/6909
f 6910/6910 6911/6911 6912/6912
f 6912/6912 6911/6911 6913/6913
f 6914/6914 6915/6915 6916/6916
f 6916/6916 6915/6915 6917/6917
f 6918/6918 6919/6919 6920/6920
f 6920/6920 6919/6919 6921/6921
f 6922/6922 6923/6923 6924/6924
f 6924/6924 6923/6923 6925/6925
f 6926/6926 6927/6927 6928/6928
f 6928/6928 6927/6927 6929/6929
f 6930/6930 6931/6931 6932/6932
f 6932/6932 6931/6931 6933/6933
f 6934/6934 6935/6935 6936/6936
f 6936/6936 6935/6935 6937/6937
f 6938/6938 6939/6939 6940/6940
f 6940/6940 6939/6939 6941/6941
f 6942/6942 6943/6943 6944/6944
f 6944/6944 6943/6943 6945/6945
f 6946/6946 6947/6947 6948/6948
f 6948/6948 6947/6947 6949/6949
f 6950/6950 6951/6951 6952/6952
f 6952/6952 6951/6951 6953/6953
f 6952/6952 6953/6953 6954/6954
f 6954/6954 6953/6953 6955/6955
f 6954/6954 6955/6955 6956/6956
f 6952/6952 6954/6954 6957/6957
f 6957/6957 6954/6954 6958/6958
f 6957/6957 6958/6958 6959/6959
f 6959/6959 6958/6958 6960/6960
f 6959/6959 6960/6960 6961/6961
f 6961/6961 6960/6960 6962/6962
f 6962/6962 6960/6960 6963/6963
f 6962/6962 6963/6963 6964/6964
f 6964/6964 6963/6963 6965/6965
f 6964/6964 6965/6965 6966/6966
f 6966/6966 6965/6965 6967/6967
f 6966/6966 6967/6967 6968/6968
f 6968/6968 6967/6967 6969/6969
f 6968/6968 6969/6969 6970/6970
f 6970/6970 6969/6969 6971/6971
f 6970/6970 6971/6971 6972/6972
f 6972/6972 6971/6971 6973/6973
f 6972/6972 6973/6973 6974/6974
f 6974/6974 6973/6973 6959/6959
f 6974/6974 6959/6959 6975/6975
f 6975/6975 6959/6959 6961/6961
f 6963/6963 6976/6976 6965/6965
f 6965/6965 6976/6976 6977/6977
f 6977/6977 6976/6976 6978/6978
f 6977/6977 6978/6978 6979/6979
f 6979/6979 6978/6978 6980/6980
f 6979/6979 6980/6980 6981/6981
f 6982/6982 6983/6983 6978/6978
f 6978/6978 6983/6983 6980/6980
f 6981/6981 6984/6984 6979/6979
f 6969/6969 6967/6967 6985/6985
f 6985/6985 6967/6967 6986/6986
f 6985/6985 6986/6986 6987/6987
f 6987/6987 6986/6986 6988/6988
f 6987/6987 6988/6988 6989/6989
f 6989/6989 6988/6988 6990/6990
f 6990/6990 6988/6988 6991/6991
f 6989/6989 6992/6992 6987/6987
f 6987/6987 6992/6992 6993/6993
f 6971/6971 6994/6994 6973/6973
f 6973/6973 6994/6994 6995/6995
f 6995/6995 6994/6994 6996/6996
f 6995/6995 6996/6996 6997/6997
f 6997/6997 6996/6996 6998/6998
f 6997/6997 6998/6998 6999/6999
f 7000/7000 7001/7001 6996/6996
f 6996/6996 7001/7001 6998/6998
f 6999/6999 7002/7002 6997/6997

o RoX_Simple_GK_kurz-mesh_11
usemtl material_short_frame_9
v -3.86971396 -1.07305898 2.74316583
v -3.79551993 -1.07305898 2.74316583
v -3.86971396 -1.05253500 2.67999994
v -3.79551993 -1.05253500 2.67999994
v -3.86971396 -1.07305898 2.61683405
v -3.79551993 -1.07305898 2.61683405
v -3.86971396 -1.12679098 2.57779505
v -3.79551993 -1.12679098 2.57779505
v -3.86971396 -1.19320798 2.57779505
v -3.79551993 -1.19320798 2.57779505
v -3.86971396 -1.24694097 2.61683405
v -3.79551993 -1.24694097 2.61683405
v -3.86971396 -1.26746495 2.67999994
v -3.79551993 -1.26746495 2.67999994
v -3.86971396 -1.26746495 2.67999994
v -3.79551993 -1.26746495 2.67999994
v -3.86971396 -1.24694097 2.74316583
v -3.79551993 -1.24694097 2.74316583
v -3.86971396 -1.19320798 2.78220483
v -3.79551993 -1.19320798 2.78220483
v -3.86971396 -1.12679098 2.78220483
v -3.79551993 -1.12679098 2.78220483
v -3.89751883 -1.08106000 2.66931085
v -3.89751883 -1.08033994 2.67999994
v -3.86971396 -1.05253500 2.67999994
v -3.89751883 -1.08747098 2.71294305
v -3.86971396 -1.07305898 2.74316583
v -3.89751883 -1.10758695 2.73998804
v -3.86971396 -1.12679098 2.78220483
v -3.89751883 -1.13708700 2.75629388
v -3.89751883 -1.17068898 2.75894006
v -3.86971396 -1.19320798 2.78220483
v -3.89751883 -1.20237699 2.74745294
v -3.86971396 -1.24694097 2.74316583
v -3.89751883 -1.22647794 2.72389001
v -3.89751883 -1.23867795 2.69246881
v -3.86971396 -1.26746495 2.67999994
v -3.86971396 -1.26746495 2.67999994
v -3.89751883 -1.23867795 2.69246881
v -3.89751883 -1.23679196 2.65881586
v -3.86971396 -1.24694097 2.61683405
v -3.89751883 -1.20826101 2.61662287
v -3.86971396 -1.19320798 2.57779505
v -3.89751883 -1.15999997 2.60033991
v -3.86971396 -1.12679098 2.57779505
v -3.89751883 -1.11173894 2.61662287
v -3.86971396 -1.07305898 2.61683405
v -3.89751883 -1.08320798 2.65881586
v -3.70899986 -1.03356000 2.75299982
v -3.69999992 -1.03356000 2.75299982
v -3.70899986 -1.01399999 2.67999994
v -3.69999992 -1.01399999 2.67999994
v -3.70899986 -1.03356000 2.60700006
v -3.69999992 -1.03356000 2.60700006
v -3.70899986 -1.08699995 2.55355997
v -3.69999992 -1.08699995 2.55355997
v -3.70899986 -1.15999997 2.53399988
v -3.69999992 -1.15999997 2.53399988
v -3.70899986 -1.23300000 2.55355997
v -3.69999992 -1.23300000 2.55355997
v -3.70899986 -1.28643994 2.60700006
v -3.69999992 -1.28643994 2.60700006
v -3.70899986 -1.30600003 2.67999994
v -3.69999992 -1.30600003 2.67999994
v -3.70899986 -1.30600003 2.67999994
v -3.69999992 -1.30600003 2.67999994
v -3.70899986 -1.28643994 2.75299982
v -3.69999992 -1.28643994 2.75299982
v -3.70899986 -1.23300000 2.80644006
v -3.69999992 -1.23300000 2.80644006
v -3.70899986 -1.15999997 2.82600000
v -3.69999992 -1.15999997 2.82600000
v -3.70899986 -1.08699995 2.80644006
v -3.69999992 -1.08699995 2.80644006
v -3.76543998 -1.03096197 2.75450006
v -3.70899986 -1.03096197 2.75450006
v -3.76543998 -1.01099996 2.67999994
v -3.70899986 -1.01099996 2.67999994
v -3.76543998 -1.03096197 2.60549982
v -3.70899986 -1.03096197 2.60549982
v -3.76543998 -1.08550001 2.55096201
v -3.70899986 -1.08550001 2.55096201
v -3.76543998 -1.15999997 2.53100000
v -3.70899986 -1.15999997 2.53100000
v -3.76543998 -1.23449994 2.55096201
v -3.70899986 -1.23449994 2.55096201
v -3.76543998 -1.28903790 2.60549982
v -3.70899986 -1.28903790 2.60549982
v -3.76543998 -1.30899991 2.67999994
v -3.70899986 -1.30899991 2.67999994
v -3.76543998 -1.30899991 2.67999994
v -3.70899986 -1.30899991 2.67999994
v -3.76543998 -1.28903790 2.75450006
v -3.70899986 -1.28903790 2.75450006
v -3.76543998 -1.23449994 2.80903802
v -3.70899986 -1.23449994 2.80903802
v -3.76543998 -1.15999997 2.82899988
v -3.70899986 -1.15999997 2.82899988
v -3.76543998 -1.08550001 2.80903802
v -3.70899986 -1.08550001 2.80903802
v -3.70899986 1.28643994 2.75299982
v -3.69999992 1.28643994 2.75299982
v -3.70899986 1.30600003 2.67999994
v -3.69999992 1.30600003 2.67999994
v -3.70899986 1.28643994 2.60700006
v -3.69999992 1.28643994 2.60700006
v -3.70899986 1.23300000 2.55355997
v -3.69999992 1.23300000 2.55355997
v -3.70899986 1.15999997 2.53399988
v -3.69999992 1.15999997 2.53399988
v -3.70899986 1.08699995 2.55355997
v -3.69999992 1.08699995 2.55355997
v -3.70899986 1.03356000 2.60700006
v -3.69999992 1.03356000 2.60700006
v -3.70899986 1.01399999 2.67999994
v -3.69999992 1.01399999 2.67999994
v -3.70899986 1.01399999 2.67999994
v -3.69999992 1.01399999 2.67999994
v -3.70899986 1.03356000 2.75299982
v -3.69999992 1.03356000 2.75299982
v -3.70899986 1.08699995 2.80644006
v -3.69999992 1.08699995 2.80644006
v -3.70899986 1.15999997 2.82600000
v -3.69999992 1.15999997 2.82600000
v -3.70899986 1.23300000 2.80644006
v -3.69999992 1.23300000 2.80644006
v -3.76543998 1.28903790 2.75450006
v -3.70899986 1.28903790 2.75450006
v -3.76543998 1.30899991 2.67999994
v -3.70899986 1.30899991 2.67999994
v -3.76543998 1.28903790 2.60549982
v -3.70899986 1.28903790 2.60549982
v -3.76543998 1.23449994 2.55096201
v -3.70899986 1.23449994 2.55096201
v -3.76543998 1.15999997 2.53100000
v -3.70899986 1.15999997 2.53100000
v -3.76543998 1.08550001 2.55096201
v -3.70899986 1.08550001 2.55096201
v -3.76543998 1.03096197 2.60549982
v -3.70899986 1.03096197 2.60549982
v -3.76543998 1.01099996 2.67999994
v -3.70899986 1.01099996 2.67999994
v -3.76543998 1.01099996 2.67999994
v -3.70899986 1.01099996 2.67999994
v -3.76543998 1.03096197 2.75450006
v -3.70899986 1.03096197 2.75450006
v -3.76543998 1.08550001 2.80903802
v -3.70899986 1.08550001 2.80903802
v -3.76543998 1.15999997 2.82899988
v -3.70899986 1.15999997 2.82899988
v -3.76543998 1.23449994 2.80903802
v -3.70899986 1.23449994 2.80903802
v -3.79752006 1.24694196 2.61683283
v -3.79752006 1.05253400 2.67999994
v -3.79752006 1.26746594 2.67999994
v -3.79752006 1.07305799 2.74316705
v -3.79752006 1.24694196 2.74316705
v -3.79752006 1.12679098 2.78220605
v -3.79752006 1.19320897 2.78220605
v -3.79752006 1.07305799 2.61683283
v -3.79752006 1.19320897 2.57779383
v -3.79752006 1.12679098 2.57779383
vt -0.37097001 -0.67522299
vt 0.37097001 -0.67522299
vt -0.37097001 0.00000000
vt 0.37097001 0.00000000
vt -0.37097001 0.67522299
vt 0.37097001 0.67522299
vt -0.37097001 1.35044503
vt 0.37097001 1.35044503
vt -0.37097001 2.02566791
vt 0.37097001 2.02566791
vt -0.37097001 2.70089006
vt 0.37097001 2.70089006
vt -0.37097001 3.37611294
vt 0.37097001 3.37611294
vt -0.37097001 -3.37611294
vt 0.37097001 -3.37611294
vt -0.37097001 -2.70089006
vt 0.37097001 -2.70089006
vt -0.37097001 -2.02566791
vt 0.37097001 -2.02566791
vt -0.37097001 -1.35044503
vt 0.37097001 -1.35044503
vt -0.19661100 0.12591989
vt -0.19661100 0.00000000
vt 0.19661100 0.00000000
vt -0.19661100 -0.39889899
vt 0.19661100 -0.58787102
vt -0.19661100 -0.79779798
vt 0.19661100 -1.17574096
vt -0.19661100 -1.19669700
vt -0.19661100 -1.59559596
vt 0.19661100 -1.76361203
vt -0.19661100 -1.99449503
vt 0.19661100 -2.35148191
vt -0.19661100 -2.39339399
vt -0.19661100 -2.79229403
vt 0.19661100 -2.93935299
vt 0.19661100 2.93935299
vt -0.19661100 3.08641195
vt -0.19661100 2.68751311
vt 0.19661100 2.35148191
vt -0.19661100 2.07859492
vt 0.19661100 1.76361203
vt -0.19661100 1.46967602
vt 0.19661100 1.17574096
vt -0.19661100 0.86075801
vt 0.19661100 0.58787102
vt -0.19661100 0.25184000
vt -0.04499995 -0.76445401
vt 0.04499995 -0.76445401
vt -0.04499995 0.00000000
vt 0.04499995 0.00000000
vt -0.04499995 0.76445401
vt 0.04499995 0.76445401
vt -0.04499995 1.52890801
vt 0.04499995 1.52890801
vt -0.04499995 2.29336309
vt 0.04499995 2.29336309
vt -0.04499995 3.05781698
vt 0.04499995 3.05781698
vt -0.04499995 3.82227111
vt 0.04499995 3.82227111
vt -0.04499995 4.58672619
vt 0.04499995 4.58672619
vt -0.04499995 -4.58672619
vt 0.04499995 -4.58672619
vt -0.04499995 -3.82227111
vt 0.04499995 -3.82227111
vt -0.04499995 -3.05781698
vt 0.04499995 -3.05781698
vt -0.04499995 -2.29336309
vt 0.04499995 -2.29336309
vt -0.04499995 -1.52890801
vt 0.04499995 -1.52890801
vt -0.28220001 -0.78016198
vt 0.28220001 -0.78016198
vt -0.28220001 0.00000000
vt 0.28220001 0.00000000
vt -0.28220001 0.78016198
vt 0.28220001 0.78016198
vt -0.28220001 1.56032395
vt 0.28220001 1.56032395
vt -0.28220001 2.34048700
vt 0.28220001 2.34048700
vt -0.28220001 3.12064910
vt 0.28220001 3.12064910
vt -0.28220001 3.90081096
vt 0.28220001 3.90081096
vt -0.28220001 4.68097305
vt 0.28220001 4.68097305
vt -0.28220001 -4.68097305
vt 0.28220001 -4.68097305
vt -0.28220001 -3.90081096
vt 0.28220001 -3.90081096
vt -0.28220001 -3.12064910
vt 0.28220001 -3.12064910
vt -0.28220001 -2.34048700
vt 0.28220001 -2.34048700
vt -0.28220001 -1.56032395
vt 0.28220001 -1.56032395
vt -0.04499995 -0.76445401
vt 0.04499995 -0.76445401
vt -0.04499995 0.00000000
vt 0.04499995 0.00000000
vt -0.04499995 0.76445401
vt 0.04499995 0.76445401
vt -0.04499995 1.52890801
vt 0.04499995 1.52890801
vt -0.04499995 2.29336309
vt 0.04499995 2.29336309
vt -0.04499995 3.05781698
vt 0.04499995 3.05781698
vt -0.04499995 3.82227111
vt 0.04499995 3.82227111
vt -0.04499995 4.58672619
vt 0.04499995 4.58672619
vt -0.04499995 -4.58672619
vt 0.04499995 -4.58672619
vt -0.04499995 -3.82227111
vt 0.04499995 -3.82227111
vt -0.04499995 -3.05781698
vt 0.04499995 -3.05781698
vt -0.04499995 -2.29336309
vt 0.04499995 -2.29336309
vt -0.04499995 -1.52890801
vt 0.04499995 -1.52890801
vt -0.28220001 -0.78016198
vt 0.28220001 -0.78016198
vt -0.28220001 0.00000000
vt 0.28220001 0.00000000
vt -0.28220001 0.78016198
vt 0.28220001 0.78016198
vt -0.28220001 1.56032395
vt 0.28220001 1.56032395
vt -0.28220001 2.34048700
vt 0.28220001 2.34048700
vt -0.28220001 3.12064910
vt 0.28220001 3.12064910
vt -0.28220001 3.90081096
vt 0.28220001 3.90081096
vt -0.28220001 4.68097305
vt 0.28220001 4.68097305
vt -0.28220001 -4.68097305
vt 0.28220001 -4.68097305
vt -0.28220001 -3.90081096
vt 0.28220001 -3.90081096
vt -0.28220001 -3.12064910
vt 0.28220001 -3.12064910
vt -0.28220001 -2.34048700
vt 0.28220001 -2.34048700
vt -0.28220001 -1.56032395
vt 0.28220001 -1.56032395
vt -0.63166898 0.86941803
vt 0.00000000 -1.07465994
vt 0.00000000 1.07465994
vt 0.63166898 -0.86941803
vt 0.63166898 0.86941803
vt 1.02206194 -0.33208799
vt 1.02206194 0.33208799
vt -0.63166898 -0.86941803
vt -1.02206194 0.33208799
vt -1.02206194 -0.33208799
f 7003/7003 7004/7004 7005/7005
f 7005/7005 7004/7004 7006/7006
f 7005/7005 7006/7006 7007/7007
f 7007/7007 7006/7006 7008/7008
f 7007/7007 7008/7008 7009/7009
f 7009/7009 7008/7008 7010/7010
f 7009/7009 7010/7010 7011/7011
f 7011/7011 7010/7010 7012/7012
f 7011/7011 7012/7012 7013/7013
f 7013/7013 7012/7012 7014/7014
f 7013/7013 7014/7014 7015/7015
f 7015/7015 7014/7014 7016/7016
f 7017/7017 7018/7018 7019/7019
f 7019/7019 7018/7018 7020/7020
f 7019/7019 7020/7020 7021/7021
f 7021/7021 7020/7020 7022/7022
f 7021/7021 7022/7022 7023/7023
f 7023/7023 7022/7022 7024/7024
f 7023/7023 7024/7024 7003/7003
f 7003/7003 7024/7024 7004/7004
f 7025/7025 7026/7026 7027/7027
f 7027/7027 7026/7026 7028/7028
f 7027/7027 7028/7028 7029/7029
f 7029/7029 7028/7028 7030/7030
f 7029/7029 7030/7030 7031/7031
f 7031/7031 7030/7030 7032/7032
f 7031/7031 7032/7032 7033/7033
f 7031/7031 7033/7033 7034/7034
f 7034/7034 7033/7033 7035/7035
f 7034/7034 7035/7035 7036/7036
f 7036/7036 7035/7035 7037/7037
f 7036/7036 7037/7037 7038/7038
f 7036/7036 7038/7038 7039/7039
f 7040/7040 7041/7041 7042/7042
f 7040/7040 7042/7042 7043/7043
f 7043/7043 7042/7042 7044/7044
f 7043/7043 7044/7044 7045/7045
f 7045/7045 7044/7044 7046/7046
f 7045/7045 7046/7046 7047/7047
f 7047/7047 7046/7046 7048/7048
f 7047/7047 7048/7048 7049/7049
f 7049/7049 7048/7048 7050/7050
f 7049/7049 7050/7050 7027/7027
f 7027/7027 7050/7050 7025/7025
f 7051/7051 7052/7052 7053/7053
f 7053/7053 7052/7052 7054/7054
f 7053/7053 7054/7054 7055/7055
f 7055/7055 7054/7054 7056/7056
f 7055/7055 7056/7056 7057/7057
f 7057/7057 7056/7056 7058/7058
f 7057/7057 7058/7058 7059/7059
f 7059/7059 7058/7058 7060/7060
f 7059/7059 7060/7060 7061/7061
f 7061/7061 7060/7060 7062/7062
f 7061/7061 7062/7062 7063/7063
f 7063/7063 7062/7062 7064/7064
f 7063/7063 7064/7064 7065/7065
f 7065/7065 7064/7064 7066/7066
f 7067/7067 7068/7068 7069/7069
f 7069/7069 7068/7068 7070/7070
f 7069/7069 7070/7070 7071/7071
f 7071/7071 7070/7070 7072/7072
f 7071/7071 7072/7072 7073/7073
f 7073/7073 7072/7072 7074/7074
f 7073/7073 7074/7074 7075/7075
f 7075/7075 7074/7074 7076/7076
f 7075/7075 7076/7076 7051/7051
f 7051/7051 7076/7076 7052/7052
f 7077/7077 7078/7078 7079/7079
f 7079/7079 7078/7078 7080/7080
f 7079/7079 7080/7080 7081/7081
f 7081/7081 7080/7080 7082/7082
f 7081/7081 7082/7082 7083/7083
f 7083/7083 7082/7082 7084/7084
f 7083/7083 7084/7084 7085/7085
f 7085/7085 7084/7084 7086/7086
f 7085/7085 7086/7086 7087/7087
f 7087/7087 7086/7086 7088/7088
f 7087/7087 7088/7088 7089/7089
f 7089/7089 7088/7088 7090/7090
f 7089/7089 7090/7090 7091/7091
f 7091/7091 7090/7090 7092/7092
f 7093/7093 7094/7094 7095/7095
f 7095/7095 7094/7094 7096/7096
f 7095/7095 7096/7096 7097/7097
f 7097/7097 7096/7096 7098/7098
f 7097/7097 7098/7098 7099/7099
f 7099/7099 7098/7098 7100/7100
f 7099/7099 7100/7100 7101/7101
f 7101/7101 7100/7100 7102/7102
f 7101/7101 7102/7102 7077/7077
f 7077/7077 7102/7102 7078/7078
f 7103/7103 7104/7104 7105/7105
f 7105/7105 7104/7104 7106/7106
f 7105/7105 7106/7106 7107/7107
f 7107/7107 7106/7106 7108/7108
f 7107/7107 7108/7108 7109/7109
f 7109/7109 7108/7108 7110/7110
f 7109/7109 7110/7110 7111/7111
f 7111/7111 7110/7110 7112/7112
f 7111/7111 7112/7112 7113/7113
f 7113/7113 7112/7112 7114/7114
f 7113/7113 7114/7114 7115/7115
f 7115/7115 7114/7114 7116/7116
f 7115/7115 7116/7116 7117/7117
f 7117/7117 7116/7116 7118/7118
f 7119/7119 7120/7120 7121/7121
f 7121/7121 7120/7120 7122/7122
f 7121/7121 7122/7122 7123/7123
f 7123/7123 7122/7122 7124/7124
f 7123/7123 7124/7124 7125/7125
f 7125/7125 7124/7124 7126/7126
f 7125/7125 7126/7126 7127/7127
f 7127/7127 7126/7126 7128/7128
f 7127/7127 7128/7128 7103/7103
f 7103/7103 7128/7128 7104/7104
f 7129/7129 7130/7130 7131/7131
f 7131/7131 7130/7130 7132/7132
f 7131/7131 7132/7132 7133/7133
f 7133/7133 7132/7132 7134/7134
f 7133/7133 7134/7134 7135/7135
f 7135/7135 7134/7134 7136/7136
f 7135/7135 7136/7136 7137/7137
f 7137/7137 7136/7136 7138/7138
f 7137/7137 7138/7138 7139/7139
f 7139/7139 7138/7138 7140/7140
f 7139/7139 7140/7140 7141/7141
f 7141/7141 7140/7140 7142/7142
f 7141/7141 7142/7142 7143/7143
f 7143/7143 7142/7142 7144/7144
f 7145/7145 7146/7146 7147/7147
f 7147/7147 7146/7146 7148/7148
f 7147/7147 7148/7148 7149/7149
f 7149/7149 7148/7148 7150/7150
f 7149/7149 7150/7150 7151/7151
f 7151/7151 7150/7150 7152/7152
f 7151/7151 7152/7152 7153/7153
f 7153/7153 7152/7152 7154/7154
f 7153/7153 7154/7154 7129/7129
f 7129/7129 7154/7154 7130/7130
f 7155/7155 7156/7156 7157/7157
f 7157/7157 7156/7156 7158/7158
f 7157/7157 7158/7158 7159/7159
f 7159/7159 7158/7158 7160/7160
f 7159/7159 7160/7160 7161/7161
f 7156/7156 7155/7155 7162/7162
f 7162/7162 7155/7155 7163/7163
f 7162/7162 7163/7163 7164/7164

o RoX_Simple_GK_kurz-mesh_12
usemtl material_short_frame_0
v 1.99999996 -3.37999992 1.54999997
v 1.99999996 -3.37999992 0.31999999
v 2.09999995 -3.37999992 1.54999997
v 2.09999995 -3.37999992 0.31999999
v 2.10267894 -3.37999992 0.30999999
v 1.99732097 -3.37999992 0.30999999
v 2.10999995 -3.37999992 0.30267949
v 1.98999996 -3.37999992 0.30267949
v 2.11999995 -3.37999992 0.29999999
v 1.97999996 -3.37999992 0.29999999
v 2.09999995 -3.19999993 1.72999996
v 1.99999996 -3.19999993 1.72999996
v 2.09999995 -3.26888298 1.71629803
v 1.99999996 -3.26888298 1.71629803
v 2.09999995 -3.32727898 1.67727902
v 1.99999996 -3.32727898 1.67727902
v 2.09999995 -3.36629784 1.61888302
v 1.99999996 -3.36629784 1.61888302
v 2.09999995 -3.37999992 1.54999997
v 1.99999996 -3.37999992 1.54999997
v 1.99999996 -2.87999994 1.72999996
v 1.99999996 -3.19999993 1.72999996
v 2.09999995 -2.87999994 1.72999996
v 2.09999995 -3.19999993 1.72999996
v 2.09999995 -2.77999994 1.82999996
v 1.99999996 -2.77999994 1.82999996
v 2.09999995 -2.79339807 1.77999996
v 1.99999996 -2.79339807 1.77999996
v 2.09999995 -2.82999994 1.74339703
v 1.99999996 -2.82999994 1.74339703
v 1.99999996 -2.87999994 1.72999996
v 1.99999996 -2.77999994 2.08999995
v 1.99999996 -2.77999994 1.82999996
v 2.09999995 -2.77999994 2.08999995
v 2.09999995 -2.77999994 1.82999996
v 2.09999995 -3.19999993 3.27999993
v 1.99999996 -3.19999993 3.27999993
v 2.09999995 -3.26888298 3.26629784
v 1.99999996 -3.26888298 3.26629784
v 2.09999995 -3.32727898 3.22727898
v 1.99999996 -3.32727898 3.22727898
v 2.09999995 -3.36629784 3.16888299
v 1.99999996 -3.36629784 3.16888299
v 2.09999995 -3.37999992 3.09999993
v 1.99999996 -3.37999992 3.09999993
v 1.99999996 -3.37999992 3.09999993
v 1.99999996 -3.37999992 2.06999995
v 2.09999995 -3.37999992 3.09999993
v 2.09999995 -3.37999992 2.06999995
v 2.10267894 -3.37999992 2.05999995
v 1.99732097 -3.37999992 2.05999995
v 2.10999995 -3.37999992 2.05267894
v 1.98999996 -3.37999992 2.05267894
v 2.11999995 -3.37999992 2.04999995
v 1.97999996 -3.37999992 2.04999995
v 3.49999992 1.79999996 3.27999993
v 3.49999992 1.69999996 3.27999993
v 3.56888298 1.79999996 3.26629784
v 3.56888298 1.69999996 3.26629784
v 3.62727897 1.79999996 3.22727898
v 3.62727897 1.69999996 3.22727898
v 3.66629783 1.79999996 3.16888299
v 3.66629783 1.69999996 3.16888299
v 3.67999992 1.79999996 3.09999993
v 3.67999992 1.69999996 3.09999993
v 3.67999992 1.69999996 3.09999993
v 3.67999992 1.69999996 2.06999995
v 3.67999992 1.79999996 3.09999993
v 3.67999992 1.79999996 2.06999995
v 3.67999992 1.69732098 2.05999995
v 3.67999992 1.80267895 2.05999995
v 3.67999992 1.68999996 2.05267894
v 3.67999992 1.80999996 2.05267894
v 3.67999992 1.67999996 2.04999995
v 3.67999992 1.81999996 2.04999995
v 3.27999993 1.69999996 2.08999995
v 3.27999993 1.69999996 1.82999996
v 3.27999993 1.79999996 2.08999995
v 3.27999993 1.79999996 1.82999996
v 3.27999993 1.79999996 1.82999996
v 3.27999993 1.69999996 1.82999996
v 3.29339806 1.79999996 1.77999996
v 3.29339806 1.69999996 1.77999996
v 3.32999993 1.79999996 1.74339703
v 3.32999993 1.69999996 1.74339703
v 3.37999992 1.79999996 1.72999996
v 3.37999992 1.69999996 1.72999996
v 3.37999992 1.69999996 1.72999996
v 3.49999992 1.69999996 1.72999996
v 3.37999992 1.79999996 1.72999996
v 3.49999992 1.79999996 1.72999996
v 3.49999992 1.79999996 1.72999996
v 3.49999992 1.69999996 1.72999996
v 3.56888298 1.79999996 1.71629803
v 3.56888298 1.69999996 1.71629803
v 3.62727897 1.79999996 1.67727902
v 3.62727897 1.69999996 1.67727902
v 3.66629783 1.79999996 1.61888302
v 3.66629783 1.69999996 1.61888302
v 3.67999992 1.79999996 1.54999997
v 3.67999992 1.69999996 1.54999997
v 3.67999992 1.69999996 1.54999997
v 3.67999992 1.69999996 0.31999999
v 3.67999992 1.79999996 1.54999997
v 3.67999992 1.79999996 0.31999999
v 3.67999992 1.69732098 0.30999999
v 3.67999992 1.80267895 0.30999999
v 3.67999992 1.68999996 0.30267949
v 3.67999992 1.80999996 0.30267949
v 3.67999992 1.67999996 0.29999999
v 3.67999992 1.81999996 0.29999999
v -1.97999996 3.37999992 2.04999995
v -2.11999995 3.37999992 2.04999995
v -1.98999996 3.37999992 2.05267894
v -2.10999995 3.37999992 2.05267894
v -1.99732097 3.37999992 2.05999995
v -2.10267894 3.37999992 2.05999995
v -1.99999996 3.37999992 2.06999995
v -2.09999995 3.37999992 2.06999995
v -2.09999995 3.37999992 3.09999993
v -1.99999996 3.37999992 3.09999993
v -2.09999995 3.19999993 3.27999993
v -1.99999996 3.19999993 3.27999993
v -2.09999995 3.26888298 3.26629784
v -1.99999996 3.26888298 3.26629784
v -2.09999995 3.32727898 3.22727898
v -1.99999996 3.32727898 3.22727898
v -2.09999995 3.36629784 3.16888299
v -1.99999996 3.36629784 3.16888299
v -2.09999995 3.37999992 3.09999993
v -1.99999996 3.37999992 3.09999993
v -1.99999996 2.87999994 1.72999996
v -1.99999996 3.19999993 1.72999996
v -2.09999995 2.87999994 1.72999996
v -2.09999995 3.19999993 1.72999996
v -2.09999995 3.19999993 1.72999996
v -1.99999996 3.19999993 1.72999996
v -2.09999995 3.26888298 1.71629803
v -1.99999996 3.26888298 1.71629803
v -2.09999995 3.32727898 1.67727902
v -1.99999996 3.32727898 1.67727902
v -2.09999995 3.36629784 1.61888302
v -1.99999996 3.36629784 1.61888302
v -2.09999995 3.37999992 1.54999997
v -1.99999996 3.37999992 1.54999997
v -1.97999996 3.37999992 0.29999999
v -2.11999995 3.37999992 0.29999999
v -1.98999996 3.37999992 0.30267949
v -2.10999995 3.37999992 0.30267949
v -1.99732097 3.37999992 0.30999999
v -2.10267894 3.37999992 0.30999999
v -1.99999996 3.37999992 0.31999999
v -2.09999995 3.37999992 0.31999999
v -2.09999995 3.37999992 1.54999997
v -1.99999996 3.37999992 1.54999997
v -1.99999996 2.77999994 2.08999995
v -1.99999996 2.77999994 1.82999996
v -2.09999995 2.77999994 2.08999995
v -2.09999995 2.77999994 1.82999996
v -2.09999995 2.77999994 1.82999996
v -1.99999996 2.77999994 1.82999996
v -2.09999995 2.79339807 1.77999996
v -1.99999996 2.79339807 1.77999996
v -2.09999995 2.82999994 1.74339703
v -1.99999996 2.82999994 1.74339703
v -2.09999995 2.87999994 1.72999996
v -1.99999996 2.87999994 1.72999996
v -3.67999992 -1.67999996 2.04999995
v -3.67999992 -1.81999996 2.04999995
v -3.67999992 -1.68999996 2.05267894
v -3.67999992 -1.80999996 2.05267894
v -3.67999992 -1.69732098 2.05999995
v -3.67999992 -1.80267895 2.05999995
v -3.67999992 -1.69999996 2.06999995
v -3.67999992 -1.79999996 2.06999995
v -3.67999992 -1.79999996 3.09999993
v -3.67999992 -1.69999996 3.09999993
v -3.67999992 -1.69999996 3.09999993
v -3.67999992 -1.79999996 3.09999993
v -3.66629783 -1.69999996 3.16888299
v -3.66629783 -1.79999996 3.16888299
v -3.62727897 -1.69999996 3.22727898
v -3.62727897 -1.79999996 3.22727898
v -3.56888298 -1.69999996 3.26629784
v -3.56888298 -1.79999996 3.26629784
v -3.49999992 -1.69999996 3.27999993
v -3.49999992 -1.79999996 3.27999993
v -3.49999992 -1.79999996 1.72999996
v -3.37999992 -1.79999996 1.72999996
v -3.49999992 -1.69999996 1.72999996
v -3.37999992 -1.69999996 1.72999996
v -3.37999992 -1.69999996 1.72999996
v -3.37999992 -1.79999996 1.72999996
v -3.32999993 -1.69999996 1.74339703
v -3.32999993 -1.79999996 1.74339703
v -3.29339806 -1.69999996 1.77999996
v -3.29339806 -1.79999996 1.77999996
v -3.27999993 -1.69999996 1.82999996
v -3.27999993 -1.79999996 1.82999996
v -3.27999993 -1.79999996 1.82999996
v -3.27999993 -1.79999996 2.08999995
v -3.27999993 -1.69999996 1.82999996
v -3.27999993 -1.69999996 2.08999995
v -3.67999992 -1.67999996 0.29999999
v -3.67999992 -1.81999996 0.29999999
v -3.67999992 -1.68999996 0.30267949
v -3.67999992 -1.80999996 0.30267949
v -3.67999992 -1.69732098 0.30999999
v -3.67999992 -1.80267895 0.30999999
v -3.67999992 -1.69999996 0.31999999
v -3.67999992 -1.79999996 0.31999999
v -3.67999992 -1.79999996 1.54999997
v -3.67999992 -1.69999996 1.54999997
v -3.67999992 -1.69999996 1.54999997
v -3.67999992 -1.79999996 1.54999997
v -3.66629783 -1.69999996 1.61888302
v -3.66629783 -1.79999996 1.61888302
v -3.62727897 -1.69999996 1.67727902
v -3.62727897 -1.79999996 1.67727902
v -3.56888298 -1.69999996 1.71629803
v -3.56888298 -1.79999996 1.71629803
v -3.49999992 -1.69999996 1.72999996
v -3.49999992 -1.79999996 1.72999996
vt 0.00000000 1.00000000
vt -12.30000019 1.00000000
vt 0.00000000 0.00000000
vt -12.30000019 0.00000000
vt -12.39999962 -0.02679497
vt -12.39999962 1.02679503
vt -12.47319984 -0.10000000
vt -12.47319984 1.10000002
vt -12.50000000 -0.20000000
vt -12.50000000 1.20000005
vt 0.00000000 -5.65486717
vt -1.00000000 -5.65486717
vt 0.00000000 -6.36172485
vt -1.00000000 -6.36172485
vt 0.00000000 -7.06858301
vt -1.00000000 -7.06858301
vt 0.00000000 -7.77544117
vt -1.00000000 -7.77544117
vt 0.00000000 -8.48229980
vt -1.00000000 -8.48229980
vt 0.00000000 1.00000000
vt -3.20000005 1.00000000
vt 0.00000000 0.00000000
vt -3.20000005 0.00000000
vt 0.00000000 -1.57079601
vt 1.00000000 -1.57079601
vt 0.00000000 -1.04719806
vt 1.00000000 -1.04719806
vt 0.00000000 -0.52359903
vt 1.00000000 -0.52359903
vt 1.00000000 0.00000000
vt 0.00000000 1.00000000
vt -2.59999990 1.00000000
vt 0.00000000 0.00000000
vt -2.59999990 0.00000000
vt 0.00000000 -5.65486717
vt -1.00000000 -5.65486717
vt 0.00000000 -6.36172485
vt -1.00000000 -6.36172485
vt 0.00000000 -7.06858301
vt -1.00000000 -7.06858301
vt 0.00000000 -7.77544117
vt -1.00000000 -7.77544117
vt 0.00000000 -8.48229980
vt -1.00000000 -8.48229980
vt 0.00000000 1.00000000
vt -10.30000019 1.00000000
vt 0.00000000 0.00000000
vt -10.30000019 0.00000000
vt -10.39999962 -0.02679497
vt -10.39999962 1.02679503
vt -10.47319984 -0.10000000
vt -10.47319984 1.10000002
vt -10.50000000 -0.20000000
vt -10.50000000 1.20000005
vt -0.50000000 -5.65486717
vt 0.50000000 -5.65486717
vt -0.50000000 -4.94800806
vt 0.50000000 -4.94800806
vt -0.50000000 -4.24114990
vt 0.50000000 -4.24114990
vt -0.50000000 -3.53429198
vt 0.50000000 -3.53429198
vt -0.50000000 -2.82743311
vt 0.50000000 -2.82743311
vt -10.50000000 -0.50000000
vt -0.20000000 -0.50000000
vt -10.50000000 0.50000000
vt -0.20000000 0.50000000
vt -0.10000000 -0.52679503
vt -0.10000000 0.52679503
vt -0.02679497 -0.60000002
vt -0.02679497 0.60000002
vt 0.00000000 -0.69999999
vt 0.00000000 0.69999999
vt -2.59999990 -0.50000000
vt 0.00000000 -0.50000000
vt -2.59999990 0.50000000
vt 0.00000000 0.50000000
vt 0.50000000 1.57079601
vt -0.50000000 1.57079601
vt 0.50000000 1.04719806
vt -0.50000000 1.04719806
vt 0.50000000 0.52359903
vt -0.50000000 0.52359903
vt 0.50000000 0.00000000
vt -0.50000000 0.00000000
vt -1.20000005 -0.50000000
vt 0.00000000 -0.50000000
vt -1.20000005 0.50000000
vt 0.00000000 0.50000000
vt -0.50000000 -5.65486717
vt 0.50000000 -5.65486717
vt -0.50000000 -4.94800806
vt 0.50000000 -4.94800806
vt -0.50000000 -4.24114990
vt 0.50000000 -4.24114990
vt -0.50000000 -3.53429198
vt 0.50000000 -3.53429198
vt -0.50000000 -2.82743311
vt 0.50000000 -2.82743311
vt -12.50000000 -0.50000000
vt -0.20000000 -0.50000000
vt -12.50000000 0.50000000
vt -0.20000000 0.50000000
vt -0.10000000 -0.52679503
vt -0.10000000 0.52679503
vt -0.02679497 -0.60000002
vt -0.02679497 0.60000002
vt 0.00000000 -0.69999999
vt 0.00000000 0.69999999
vt -10.50000000 1.20000005
vt -10.50000000 -0.20000000
vt -10.47319984 1.10000002
vt -10.47319984 -0.10000000
vt -10.39999962 1.02679503
vt -10.39999962 -0.02679497
vt -10.30000019 1.00000000
vt -10.30000019 0.00000000
vt 0.00000000 0.00000000
vt 0.00000000 1.00000000
vt 0.00000000 -2.82743311
vt -1.00000000 -2.82743311
vt 0.00000000 -3.53429198
vt -1.00000000 -3.53429198
vt 0.00000000 -4.24114990
vt -1.00000000 -4.24114990
vt 0.00000000 -4.94800806
vt -1.00000000 -4.94800806
vt 0.00000000 -5.65486717
vt -1.00000000 -5.65486717
vt 0.00000000 1.00000000
vt -3.20000005 1.00000000
vt 0.00000000 0.00000000
vt -3.20000005 0.00000000
vt 0.00000000 -2.82743311
vt -1.00000000 -2.82743311
vt 0.00000000 -3.53429198
vt -1.00000000 -3.53429198
vt 0.00000000 -4.24114990
vt -1.00000000 -4.24114990
vt 0.00000000 -4.94800806
vt -1.00000000 -4.94800806
vt 0.00000000 -5.65486717
vt -1.00000000 -5.65486717
vt -12.50000000 1.20000005
vt -12.50000000 -0.20000000
vt -12.47319984 1.10000002
vt -12.47319984 -0.10000000
vt -12.39999962 1.02679503
vt -12.39999962 -0.02679497
vt -12.30000019 1.00000000
vt -12.30000019 0.00000000
vt 0.00000000 0.00000000
vt 0.00000000 1.00000000
vt 0.00000000 1.00000000
vt -2.59999990 1.00000000
vt 0.00000000 0.00000000
vt -2.59999990 0.00000000
vt 0.00000000 0.00000000
vt 1.00000000 0.00000000
vt 0.00000000 0.52359903
vt 1.00000000 0.52359903
vt 0.00000000 1.04719806
vt 1.00000000 1.04719806
vt 0.00000000 1.57079601
vt 1.00000000 1.57079601
vt -10.50000000 0.69999999
vt -10.50000000 -0.69999999
vt -10.47319984 0.60000002
vt -10.47319984 -0.60000002
vt -10.39999962 0.52679503
vt -10.39999962 -0.52679503
vt -10.30000019 0.50000000
vt -10.30000019 -0.50000000
vt 0.00000000 -0.50000000
vt 0.00000000 0.50000000
vt -0.50000000 -5.65486717
vt 0.50000000 -5.65486717
vt -0.50000000 -4.94800806
vt 0.50000000 -4.94800806
vt -0.50000000 -4.24114990
vt 0.50000000 -4.24114990
vt -0.50000000 -3.53429198
vt 0.50000000 -3.53429198
vt -0.50000000 -2.82743311
vt 0.50000000 -2.82743311
vt -1.20000005 -0.50000000
vt 0.00000000 -0.50000000
vt -1.20000005 0.50000000
vt 0.00000000 0.50000000
vt 0.50000000 1.57079601
vt -0.50000000 1.57079601
vt 0.50000000 1.04719806
vt -0.50000000 1.04719806
vt 0.50000000 0.52359903
vt -0.50000000 0.52359903
vt 0.50000000 0.00000000
vt -0.50000000 0.00000000
vt -2.59999990 -0.50000000
vt 0.00000000 -0.50000000
vt -2.59999990 0.50000000
vt 0.00000000 0.50000000
vt -12.50000000 0.69999999
vt -12.50000000 -0.69999999
vt -12.47319984 0.60000002
vt -12.47319984 -0.60000002
vt -12.39999962 0.52679503
vt -12.39999962 -0.52679503
vt -12.30000019 0.50000000
vt -12.30000019 -0.50000000
vt 0.00000000 -0.50000000
vt 0.00000000 0.50000000
vt -0.50000000 -5.65486717
vt 0.50000000 -5.65486717
vt -0.50000000 -4.94800806
vt 0.50000000 -4.94800806
vt -0.50000000 -4.24114990
vt 0.50000000 -4.24114990
vt -0.50000000 -3.53429198
vt 0.50000000 -3.53429198
vt -0.50000000 -2.82743311
vt 0.50000000 -2.82743311
f 7165/7165 7166/7166 7167/7167
f 7167/7167 7166/7166 7168/7168
f 7168/7168 7166/7166 7169/7169
f 7169/7169 7166/7166 7170/7170
f 7169/7169 7170/7170 7171/7171
f 7171/7171 7170/7170 7172/7172
f 7171/7171 7172/7172 7173/7173
f 7173/7173 7172/7172 7174/7174
f 7175/7175 7176/7176 7177/7177
f 7177/7177 7176/7176 7178/7178
f 7177/7177 7178/7178 7179/7179
f 7179/7179 7178/7178 7180/7180
f 7179/7179 7180/7180 7181/7181
f 7181/7181 7180/7180 7182/7182
f 7181/7181 7182/7182 7183/7183
f 7183/7183 7182/7182 7184/7184
f 7185/7185 7186/7186 7187/7187
f 7187/7187 7186/7186 7188/7188
f 7189/7189 7190/7190 7191/7191
f 7191/7191 7190/7190 7192/7192
f 7191/7191 7192/7192 7193/7193
f 7193/7193 7192/7192 7194/7194
f 7193/7193 7194/7194 7187/7187
f 7187/7187 7194/7194 7195/7195
f 7196/7196 7197/7197 7198/7198
f 7198/7198 7197/7197 7199/7199
f 7200/7200 7201/7201 7202/7202
f 7202/7202 7201/7201 7203/7203
f 7202/7202 7203/7203 7204/7204
f 7204/7204 7203/7203 7205/7205
f 7204/7204 7205/7205 7206/7206
f 7206/7206 7205/7205 7207/7207
f 7206/7206 7207/7207 7208/7208
f 7208/7208 7207/7207 7209/7209
f 7210/7210 7211/7211 7212/7212
f 7212/7212 7211/7211 7213/7213
f 7213/7213 7211/7211 7214/7214
f 7214/7214 7211/7211 7215/7215
f 7214/7214 7215/7215 7216/7216
f 7216/7216 7215/7215 7217/7217
f 7216/7216 7217/7217 7218/7218
f 7218/7218 7217/7217 7219/7219
f 7220/7220 7221/7221 7222/7222
f 7222/7222 7221/7221 7223/7223
f 7222/7222 7223/7223 7224/7224
f 7224/7224 7223/7223 7225/7225
f 7224/7224 7225/7225 7226/7226
f 7226/7226 7225/7225 7227/7227
f 7226/7226 7227/7227 7228/7228
f 7228/7228 7227/7227 7229/7229
f 7230/7230 7231/7231 7232/7232
f 7232/7232 7231/7231 7233/7233
f 7233/7233 7231/7231 7234/7234
f 7233/7233 7234/7234 7235/7235
f 7235/7235 7234/7234 7236/7236
f 7235/7235 7236/7236 7237/7237
f 7237/7237 7236/7236 7238/7238
f 7237/7237 7238/7238 7239/7239
f 7240/7240 7241/7241 7242/7242
f 7242/7242 7241/7241 7243/7243
f 7244/7244 7245/7245 7246/7246
f 7246/7246 7245/7245 7247/7247
f 7246/7246 7247/7247 7248/7248
f 7248/7248 7247/7247 7249/7249
f 7248/7248 7249/7249 7250/7250
f 7250/7250 7249/7249 7251/7251
f 7252/7252 7253/7253 7254/7254
f 7254/7254 7253/7253 7255/7255
f 7256/7256 7257/7257 7258/7258
f 7258/7258 7257/7257 7259/7259
f 7258/7258 7259/7259 7260/7260
f 7260/7260 7259/7259 7261/7261
f 7260/7260 7261/7261 7262/7262
f 7262/7262 7261/7261 7263/7263
f 7262/7262 7263/7263 7264/7264
f 7264/7264 7263/7263 7265/7265
f 7266/7266 7267/7267 7268/7268
f 7268/7268 7267/7267 7269/7269
f 7269/7269 7267/7267 7270/7270
f 7269/7269 7270/7270 7271/7271
f 7271/7271 7270/7270 7272/7272
f 7271/7271 7272/7272 7273/7273
f 7273/7273 7272/7272 7274/7274
f 7273/7273 7274/7274 7275/7275
f 7276/7276 7277/7277 7278/7278
f 7278/7278 7277/7277 7279/7279
f 7278/7278 7279/7279 7280/7280
f 7280/7280 7279/7279 7281/7281
f 7280/7280 7281/7281 7282/7282
f 7282/7282 7281/7281 7283/7283
f 7282/7282 7283/7283 7284/7284
f 7284/7284 7285/7285 7282/7282
f 7286/7286 7287/7287 7288/7288
f 7288/7288 7287/7287 7289/7289
f 7288/7288 7289/7289 7290/7290
f 7290/7290 7289/7289 7291/7291
f 7290/7290 7291/7291 7292/7292
f 7292/7292 7291/7291 7293/7293
f 7292/7292 7293/7293 7294/7294
f 7294/7294 7293/7293 7295/7295
f 7296/7296 7297/7297 7298/7298
f 7298/7298 7297/7297 7299/7299
f 7300/7300 7301/7301 7302/7302
f 7302/7302 7301/7301 7303/7303
f 7302/7302 7303/7303 7304/7304
f 7304/7304 7303/7303 7305/7305
f 7304/7304 7305/7305 7306/7306
f 7306/7306 7305/7305 7307/7307
f 7306/7306 7307/7307 7308/7308
f 7308/7308 7307/7307 7309/7309
f 7310/7310 7311/7311 7312/7312
f 7312/7312 7311/7311 7313/7313
f 7312/7312 7313/7313 7314/7314
f 7314/7314 7313/7313 7315/7315
f 7314/7314 7315/7315 7316/7316
f 7316/7316 7315/7315 7317/7317
f 7316/7316 7317/7317 7318/7318
f 7318/7318 7319/7319 7316/7316
f 7320/7320 7321/7321 7322/7322
f 7322/7322 7321/7321 7323/7323
f 7324/7324 7325/7325 7326/7326
f 7326/7326 7325/7325 7327/7327
f 7326/7326 7327/7327 7328/7328
f 7328/7328 7327/7327 7329/7329
f 7328/7328 7329/7329 7330/7330
f 7330/7330 7329/7329 7331/7331
f 7332/7332 7333/7333 7334/7334
f 7334/7334 7333/7333 7335/7335
f 7334/7334 7335/7335 7336/7336
f 7336/7336 7335/7335 7337/7337
f 7336/7336 7337/7337 7338/7338
f 7338/7338 7337/7337 7339/7339
f 7338/7338 7339/7339 7340/7340
f 7340/7340 7341/7341 7338/7338
f 7342/7342 7343/7343 7344/7344
f 7344/7344 7343/7343 7345/7345
f 7344/7344 7345/7345 7346/7346
f 7346/7346 7345/7345 7347/7347
f 7346/7346 7347/7347 7348/7348
f 7348/7348 7347/7347 7349/7349
f 7348/7348 7349/7349 7350/7350
f 7350/7350 7349/7349 7351/7351
f 7352/7352 7353/7353 7354/7354
f 7354/7354 7353/7353 7355/7355
f 7356/7356 7357/7357 7358/7358
f 7358/7358 7357/7357 7359/7359
f 7358/7358 7359/7359 7360/7360
f 7360/7360 7359/7359 7361/7361
f 7360/7360 7361/7361 7362/7362
f 7362/7362 7361/7361 7363/7363
f 7364/7364 7365/7365 7366/7366
f 7366/7366 7365/7365 7367/7367
f 7368/7368 7369/7369 7370/7370
f 7370/7370 7369/7369 7371/7371
f 7370/7370 7371/7371 7372/7372
f 7372/7372 7371/7371 7373/7373
f 7372/7372 7373/7373 7374/7374
f 7374/7374 7373/7373 7375/7375
f 7374/7374 7375/7375 7376/7376
f 7376/7376 7377/7377 7374/7374
f 7378/7378 7379/7379 7380/7380
f 7380/7380 7379/7379 7381/7381
f 7380/7380 7381/7381 7382/7382
f 7382/7382 7381/7381 7383/7383
f 7382/7382 7383/7383 7384/7384
f 7384/7384 7383/7383 7385/7385
f 7384/7384 7385/7385 7386/7386
f 7386/7386 7385/7385 7387/7387

o RoX_Simple_GK_kurz-mesh_13
usemtl material_short_frame_10
v 2.09999995 -3.37999992 0.31999999
v 2.09999995 -3.39999992 0.31999999
v 2.09999995 -3.37999992 1.54999997
v 2.09999995 -3.39999992 1.54999997
v 2.09999995 -3.38477593 1.62653698
v 2.09999995 -3.36629784 1.61888302
v 2.09999995 -3.34142204 1.69142101
v 2.09999995 -3.32727898 1.67727902
v 2.09999995 -3.27653679 1.73477596
v 2.09999995 -3.26888298 1.71629803
v 2.09999995 -3.19999993 1.74999996
v 2.09999995 -3.19999993 1.72999996
v 2.09999995 -2.87999994 1.72999996
v 2.09999995 -2.87999994 1.74999996
v 2.09999995 -2.83999994 1.76071789
v 2.09999995 -2.82999994 1.74339703
v 2.09999995 -2.81071802 1.78999996
v 2.09999995 -2.79339807 1.77999996
v 2.09999995 -2.79999994 1.82999996
v 2.09999995 -2.77999994 1.82999996
v 2.09999995 -2.79999994 2.08999995
v 2.09999995 -2.77999994 2.08999995
vt -7.05000019 -2.70000005
vt -7.05000019 -2.90000010
vt 5.25000000 -2.70000005
vt 5.25000000 -2.90000010
vt 6.01536703 -2.74775910
vt 5.93882990 -2.56298304
vt 6.66421413 -2.31421399
vt 6.52279186 -2.17279196
vt 7.09775877 -1.66536701
vt 6.91298294 -1.58882999
vt 7.25000000 -0.89999998
vt 7.05000019 -0.89999998
vt 7.05000019 2.29999995
vt 7.25000000 2.29999995
vt 7.35718012 2.70000005
vt 7.18397522 2.79999995
vt 7.65000010 2.99282002
vt 7.55000019 3.16602492
vt 8.05000114 3.09999990
vt 8.05000114 3.29999995
vt 10.64999962 3.09999990
vt 10.64999962 3.29999995
f 7388/7388 7389/7389 7390/7390
f 7390/7390 7389/7389 7391/7391
f 7390/7390 7391/7391 7392/7392
f 7390/7390 7392/7392 7393/7393
f 7393/7393 7392/7392 7394/7394
f 7393/7393 7394/7394 7395/7395
f 7395/7395 7394/7394 7396/7396
f 7395/7395 7396/7396 7397/7397
f 7397/7397 7396/7396 7398/7398
f 7397/7397 7398/7398 7399/7399
f 7399/7399 7398/7398 7400/7400
f 7400/7400 7398/7398 7401/7401
f 7400/7400 7401/7401 7402/7402
f 7400/7400 7402/7402 7403/7403
f 7403/7403 7402/7402 7404/7404
f 7403/7403 7404/7404 7405/7405
f 7405/7405 7404/7404 7406/7406
f 7405/7405 7406/7406 7407/7407
f 7407/7407 7406/7406 7408/7408
f 7407/7407 7408/7408 7409/7409

