mtllib material.mtl
usemtl material_short_frame_0
v -3.69999992 2.54399698 2.72631006
v -3.69999992 2.54245401 2.71151300
v -3.70249992 2.54399698 2.72631006
v -3.70249992 2.54245401 2.71151300
v -3.69999992 2.54193888 2.68750208
v -3.70249992 2.54193888 2.68750208
v -3.69999992 2.54245401 2.66348993
v -3.70249992 2.54245401 2.66348993
v -3.69999992 2.54399698 2.64869287
v -3.70249992 2.54399698 2.64869287
v -3.69999992 2.55299601 2.73910181
v -3.69999992 2.54727991 2.73460504
v -3.70249992 2.55299601 2.73910181
v -3.70249992 2.54727991 2.73460504
v -3.69999992 2.54399698 2.72631006
v -3.70249992 2.54399698 2.72631006
v -3.69999992 2.60665796 2.73910181
v -3.69999992 2.59654993 2.74105402
v -3.70249992 2.60665796 2.73910181
v -3.70249992 2.59654993 2.74105402
v -3.69999992 2.57988001 2.74170496
v -3.70249992 2.57988001 2.74170496
v -3.69999992 2.56318689 2.74105402
v -3.70249992 2.56318689 2.74105402
v -3.69999992 2.55299601 2.73910181
v -3.70249992 2.55299601 2.73910181
v -3.69999992 2.61554499 2.72631006
v -3.69999992 2.61229486 2.73460382
v -3.70249992 2.61554499 2.72631006
v -3.70249992 2.61229486 2.73460382
v -3.69999992 2.60665796 2.73910181
v -3.70249992 2.60665796 2.73910181
v -3.69999992 2.61554499 2.64869287
v -3.69999992 2.61709192 2.66348993
v -3.70249992 2.61554499 2.64869287
v -3.70249992 2.61709192 2.66348993
v -3.69999992 2.61760706 2.68750208
v -3.70249992 2.61760706 2.68750208
v -3.69999992 2.61709192 2.71151300
v -3.70249992 2.61709192 2.71151300
v -3.69999992 2.61554499 2.72631006
v -3.70249992 2.61554499 2.72631006
v -3.69999992 2.55299601 2.63590082
v -3.69999992 2.56318689 2.63394892
v -3.70249992 2.55299601 2.63590082
v -3.70249992 2.57988001 2.63329798
v -3.69999992 2.57988001 2.63329798
v -3.69999992 2.60665796 2.63590082
v -3.70249992 2.60665796 2.63590082
v -3.69999992 2.61229486 2.64039881
v -3.70249992 2.61229486 2.64039881
v -3.69999992 2.61554499 2.64869287
v -3.70249992 2.61554499 2.64869287
v -3.69999992 2.54399698 2.64869287
v -3.69999992 2.54727900 2.64039881
v -3.70249992 2.54399698 2.64869287
v -3.70249992 2.54727900 2.64039881
v -3.69999992 2.55299601 2.63590082
v -3.70249992 2.55299601 2.63590082
v -3.69999992 2.63863581 2.73671808
v -3.69999992 2.64123987 2.71704095
v -3.70249992 2.63863581 2.73671808
v -3.70249992 2.64123987 2.71704095
v -3.69999992 2.64210596 2.68750208
v -3.70249992 2.64210596 2.68750208
v -3.69999992 2.64123987 2.65796106
v -3.70249992 2.64123987 2.65796106
v -3.69999992 2.63863581 2.63828607
v -3.70249992 2.63863581 2.63828607
v -3.69999992 2.52090693 2.73661188
v -3.69999992 2.52670801 2.74929285
v -3.70249992 2.52090693 2.73661188
v -3.70249992 2.52670801 2.74929285
v -3.69999992 2.53716898 2.75764001
v -3.70249992 2.53716898 2.75764001
v -3.70249992 2.53716898 2.75764001
v -3.69999992 2.53716898 2.75764001
v -3.69999992 2.57988001 2.76381891
v -3.70249992 2.57988001 2.76381891
v -3.69999992 2.62248499 2.75764001
v -3.70249992 2.62248499 2.75764001
v -3.69999992 2.63286585 2.74932001
v -3.70249992 2.63286585 2.74932001
v -3.69999992 2.63863581 2.73671808
v -3.70249992 2.63863581 2.73671808
v -3.69999992 2.52090693 2.63839502
v -3.69999992 2.51830500 2.65809503
v -3.70249992 2.52090693 2.63839502
v -3.70249992 2.51830500 2.65809503
v -3.69999992 2.51743692 2.68750208
v -3.70249992 2.51743692 2.68750208
v -3.69999992 2.51830500 2.71690698
v -3.70249992 2.51830500 2.71690698
v -3.69999992 2.52090693 2.73661188
v -3.70249992 2.52090693 2.73661188
v -3.69999992 2.62248499 2.61736292
v -3.69999992 2.60549189 2.61272882
v -3.70249992 2.62248499 2.61736292
v -3.70249992 2.57988001 2.61118402
v -3.69999992 2.57988001 2.61118402
v -3.69999992 2.53716898 2.61736292
v -3.70249992 2.53716898 2.61736292
v -3.69999992 2.52670801 2.62571009
v -3.70249992 2.52670801 2.62571009
v -3.69999992 2.52090693 2.63839502
v -3.70249992 2.52090693 2.63839502
v -3.69999992 2.63863581 2.63828607
v -3.69999992 2.63286585 2.62568292
v -3.70249992 2.63863581 2.63828607
v -3.70249992 2.63286585 2.62568292
v -3.69999992 2.62248499 2.61736292
v -3.70249992 2.62248499 2.61736292
v -3.70249992 2.64123987 2.65796106
v -3.70249992 2.63863581 2.63828607
v -3.70249992 2.61554499 2.64869287
v -3.70249992 2.63286585 2.62568292
v -3.70249992 2.61229486 2.64039881
v -3.70249992 2.62248499 2.61736292
v -3.70249992 2.60665796 2.63590082
v -3.70249992 2.57988001 2.61118402
v -3.70249992 2.57988001 2.63329798
v -3.70249992 2.55299601 2.63590082
v -3.70249992 2.53716898 2.61736292
v -3.70249992 2.54727900 2.64039881
v -3.70249992 2.52670801 2.62571009
v -3.70249992 2.54399698 2.64869287
v -3.70249992 2.52090693 2.63839502
v -3.70249992 2.51830500 2.65809503
v -3.70249992 2.54245401 2.66348993
v -3.70249992 2.51743692 2.68750208
v -3.70249992 2.54193888 2.68750208
v -3.70249992 2.54245401 2.71151300
v -3.70249992 2.51830500 2.71690698
v -3.70249992 2.54399698 2.72631006
v -3.70249992 2.52090693 2.73661188
v -3.70249992 2.52670801 2.74929285
v -3.70249992 2.54727991 2.73460504
v -3.70249992 2.53716898 2.75764001
v -3.70249992 2.55299601 2.73910181
v -3.70249992 2.56318689 2.74105402
v -3.70249992 2.57988001 2.76381891
v -3.70249992 2.57988001 2.74170496
v -3.70249992 2.59654993 2.74105402
v -3.70249992 2.62248499 2.75764001
v -3.70249992 2.60665796 2.73910181
v -3.70249992 2.61229486 2.73460382
v -3.70249992 2.63286585 2.74932001
v -3.70249992 2.61554499 2.72631006
v -3.70249992 2.63863581 2.73671808
v -3.70249992 2.64123987 2.71704095
v -3.70249992 2.61709192 2.71151300
v -3.70249992 2.64210596 2.68750208
v -3.70249992 2.61760706 2.68750208
v -3.70249992 2.61709192 2.66348993
v -3.69999992 1.81822399 2.61300684
v -3.69999992 1.81822399 2.76216394
v -3.70249992 1.81822399 2.61300684
v -3.70249992 1.81822399 2.76216394
v -3.69999992 1.84272197 2.61300684
v -3.69999992 1.81822399 2.61300684
v -3.70249992 1.84272197 2.61300684
v -3.70249992 1.81822399 2.61300684
v -3.69999992 1.84272197 2.76216394
v -3.69999992 1.84272197 2.61300684
v -3.70249992 1.84272197 2.76216394
v -3.70249992 1.84272197 2.61300684
v -3.69999992 1.81822399 2.76216394
v -3.69999992 1.84272197 2.76216394
v -3.70249992 1.81822399 2.76216394
v -3.70249992 1.84272197 2.76216394
v -3.70249992 1.81822399 2.76216394
v -3.70249992 1.84272197 2.76216394
v -3.70249992 1.81822399 2.61300684
v -3.70249992 1.84272197 2.61300684
v -3.69999992 1.71169094 2.57849207
v -3.69999992 1.71169094 2.79650781
v -3.70249992 1.71169094 2.57849207
v -3.70249992 1.71169094 2.79650781
v -3.69999992 1.50777798 2.57849207
v -3.69999992 1.71169094 2.57849207
v -3.70249992 1.50777798 2.57849207
v -3.70249992 1.71169094 2.57849207
v -3.69999992 1.50777798 2.79650781
v -3.69999992 1.50777798 2.57849207
v -3.70249992 1.50777798 2.79650781
v -3.70249992 1.50777798 2.57849207
v -3.69999992 1.71169094 2.79650781
v -3.69999992 1.50777798 2.79650781
v -3.70249992 1.71169094 2.79650781
v -3.70249992 1.50777798 2.79650781
v -3.69999992 1.73580990 2.82062799
v -3.69999992 1.73580990 2.55437189
v -3.70249992 1.73580990 2.82062799
v -3.70249992 1.73580990 2.55437189
v -3.69999992 1.48365902 2.82062799
v -3.69999992 1.73580990 2.82062799
v -3.70249992 1.48365902 2.82062799
v -3.70249992 1.73580990 2.82062799
v -3.69999992 1.48365902 2.55437189
v -3.69999992 1.48365902 2.82062799
v -3.70249992 1.48365902 2.55437189
v -3.70249992 1.48365902 2.82062799
v -3.69999992 1.73580990 2.55437189
v -3.69999992 1.48365902 2.55437189
v -3.70249992 1.73580990 2.55437189
v -3.70249992 1.48365902 2.55437189
v -3.70249992 1.48365902 2.55437189
v -3.70249992 1.50777798 2.57849207
v -3.70249992 1.73580990 2.55437189
v -3.70249992 1.71169094 2.57849207
v -3.70249992 1.71169094 2.79650781
v -3.70249992 1.50777798 2.79650781
v -3.70249992 1.48365902 2.82062799
v -3.70249992 1.73580990 2.82062799
v -3.69999992 2.04025096 2.76216394
v -3.69999992 2.04025096 2.73939905
v -3.70249992 2.04025096 2.76216394
v -3.70249992 2.04025096 2.73939905
v -3.69999992 1.92512996 2.76216394
v -3.69999992 2.04025096 2.76216394
v -3.70249992 1.92512996 2.76216394
v -3.70249992 2.04025096 2.76216394
v -3.69999992 1.92512996 2.73939905
v -3.69999992 1.92512996 2.76216394
v -3.70249992 1.92512996 2.73939905
v -3.70249992 1.92512996 2.76216394
v -3.69999992 1.97044399 2.73939905
v -3.69999992 1.92512996 2.73939905
v -3.70249992 1.97044399 2.73939905
v -3.70249992 1.92512996 2.73939905
v -3.69999992 1.97044399 2.61300684
v -3.69999992 1.97044399 2.73939905
v -3.70249992 1.97044399 2.61300684
v -3.70249992 1.97044399 2.73939905
v -3.69999992 1.99494090 2.61300684
v -3.69999992 1.97044399 2.61300684
v -3.70249992 1.99494090 2.61300684
v -3.70249992 1.97044399 2.61300684
v -3.69999992 1.99494090 2.73939905
v -3.69999992 1.99494090 2.61300684
v -3.70249992 1.99494090 2.73939905
v -3.70249992 1.99494090 2.61300684
v -3.69999992 2.04025096 2.73939905
v -3.69999992 1.99494090 2.73939905
v -3.70249992 2.04025096 2.73939905
v -3.70249992 1.99494090 2.73939905
v -3.70249992 2.04025096 2.73939905
v -3.70249992 1.99494090 2.73939905
v -3.70249992 2.04025096 2.76216394
v -3.70249992 1.97044399 2.73939905
v -3.70249992 1.92512996 2.76216394
v -3.70249992 1.92512996 2.73939905
v -3.70249992 1.99494090 2.61300684
v -3.70249992 1.97044399 2.61300684
v -3.69999992 2.71627588 2.74005304
v -3.69999992 2.71627588 2.76217004
v -3.70249992 2.71627588 2.74005304
v -3.70249992 2.71627588 2.76217004
v -3.69999992 2.79129297 2.74005304
v -3.69999992 2.71627588 2.74005304
v -3.70249992 2.79129297 2.74005304
v -3.70249992 2.71627588 2.74005304
v -3.69999992 2.79129297 2.69929102
v -3.69999992 2.79129297 2.74005304
v -3.70249992 2.79129297 2.69929102
v -3.70249992 2.79129297 2.74005304
v -3.69999992 2.72646509 2.69929102
v -3.69999992 2.79129297 2.69929102
v -3.70249992 2.72646509 2.69929102
v -3.70249992 2.79129297 2.69929102
v -3.69999992 2.72646509 2.67717706
v -3.69999992 2.72646509 2.69929102
v -3.70249992 2.72646509 2.67717706
v -3.70249992 2.72646509 2.69929102
v -3.69999992 2.79129297 2.67717706
v -3.69999992 2.72646509 2.67717706
v -3.70249992 2.79129297 2.67717706
v -3.70249992 2.72646509 2.67717706
v -3.69999992 2.79129297 2.63511591
v -3.69999992 2.79129297 2.67717706
v -3.70249992 2.79129297 2.63511591
v -3.70249992 2.79129297 2.67717706
v -3.69999992 2.71627588 2.63511591
v -3.69999992 2.79129297 2.63511591
v -3.70249992 2.71627588 2.63511591
v -3.70249992 2.79129297 2.63511591
v -3.69999992 2.71627588 2.61300196
v -3.69999992 2.71627588 2.63511591
v -3.70249992 2.71627588 2.61300196
v -3.70249992 2.71627588 2.63511591
v -3.69999992 2.81579187 2.61300196
v -3.69999992 2.71627588 2.61300196
v -3.70249992 2.81579187 2.61300196
v -3.70249992 2.71627588 2.61300196
v -3.69999992 2.81579187 2.76217004
v -3.69999992 2.81579187 2.61300196
v -3.70249992 2.81579187 2.76217004
v -3.70249992 2.81579187 2.61300196
v -3.69999992 2.71627588 2.76217004
v -3.69999992 2.81579187 2.76217004
v -3.70249992 2.71627588 2.76217004
v -3.70249992 2.81579187 2.76217004
v -3.70249992 2.71627588 2.74005304
v -3.70249992 2.71627588 2.76217004
v -3.70249992 2.79129297 2.74005304
v -3.70249992 2.81579187 2.76217004
v -3.70249992 2.79129297 2.69929102
v -3.70249992 2.79129297 2.67717706
v -3.70249992 2.72646509 2.69929102
v -3.70249992 2.72646509 2.67717706
v -3.70249992 2.81579187 2.61300196
v -3.70249992 2.79129297 2.63511591
v -3.70249992 2.71627588 2.61300196
v -3.70249992 2.71627588 2.63511591
v -3.69999992 2.37235300 2.69950891
v -3.69999992 2.41051493 2.69950891
v -3.70249992 2.37235300 2.69950891
v -3.70249992 2.41051493 2.69950891
v -3.69999992 2.35338587 2.70416986
v -3.69999992 2.37235300 2.69950891
v -3.70249992 2.35338587 2.70416986
v -3.70249992 2.37235300 2.69950891
v -3.69999992 2.34969798 2.73224786
v -3.69999992 2.34815501 2.72693384
v -3.70249992 2.34969798 2.73224786
v -3.70249992 2.34815501 2.72693384
v -3.69999992 2.34764002 2.71967279
v -3.70249992 2.34764002 2.71967279
v -3.69999992 2.34907694 2.71037683
v -3.70249992 2.34907694 2.71037683
v -3.69999992 2.35338587 2.70416986
v -3.70249992 2.35338587 2.70416986
v -3.69999992 2.35696192 2.73831995
v -3.69999992 2.35254496 2.73593408
v -3.70249992 2.35696192 2.73831995
v -3.70249992 2.35254496 2.73593408
v -3.69999992 2.34969798 2.73224786
v -3.70249992 2.34969798 2.73224786
v -3.69999992 2.37235300 2.74005304
v -3.69999992 2.35696192 2.73831995
v -3.70249992 2.37235300 2.74005304
v -3.70249992 2.35696192 2.73831995
v -3.69999992 2.41051493 2.74005304
v -3.69999992 2.37235300 2.74005304
v -3.70249992 2.41051493 2.74005304
v -3.70249992 2.37235300 2.74005304
v -3.69999992 2.41051493 2.69950891
v -3.69999992 2.41051493 2.74005304
v -3.70249992 2.41051493 2.69950891
v -3.70249992 2.41051493 2.74005304
v -3.69999992 2.37148890 2.63489801
v -3.69999992 2.41051493 2.63489801
v -3.70249992 2.37148890 2.63489801
v -3.70249992 2.41051493 2.63489801
v -3.69999992 2.35609400 2.63685083
v -3.69999992 2.37148890 2.63489801
v -3.70249992 2.35609400 2.63685083
v -3.70249992 2.37148890 2.63489801
v -3.70249992 2.34839793 2.64335596
v -3.69999992 2.34839793 2.64335596
v -3.70249992 2.35145991 2.63945307
v -3.69999992 2.35145991 2.63945307
v -3.70249992 2.35609400 2.63685083
v -3.69999992 2.35609400 2.63685083
v -3.69999992 2.35165095 2.67273401
v -3.69999992 2.34750391 2.66625391
v -3.70249992 2.35165095 2.67273401
v -3.70249992 2.34750391 2.66625391
v -3.69999992 2.34612193 2.65614801
v -3.70249992 2.34612193 2.65614801
v -3.69999992 2.34669093 2.64882898
v -3.70249992 2.34669093 2.64882898
v -3.69999992 2.34839793 2.64335596
v -3.70249992 2.34839793 2.64335596
v -3.69999992 2.37148890 2.67739496
v -3.69999992 2.35937602 2.67622888
v -3.70249992 2.37148890 2.67739496
v -3.70249992 2.35937602 2.67622888
v -3.69999992 2.35165095 2.67273401
v -3.70249992 2.35165095 2.67273401
v -3.69999992 2.41051493 2.67739496
v -3.69999992 2.37148890 2.67739496
v -3.70249992 2.41051493 2.67739496
v -3.70249992 2.37148890 2.67739496
v -3.69999992 2.41051493 2.63489801
v -3.69999992 2.41051493 2.67739496
v -3.70249992 2.41051493 2.63489801
v -3.70249992 2.41051493 2.67739496
v -3.69999992 2.32768992 2.67696192
v -3.69999992 2.33598597 2.68422296
v -3.70249992 2.32768992 2.67696192
v -3.70249992 2.33598597 2.68422296
v -3.69999992 2.34872187 2.68866907
v -3.70249992 2.34872187 2.68866907
v -3.69999992 2.33105387 2.62329981
v -3.69999992 2.32397898 2.63573908
v -3.70249992 2.33105387 2.62329981
v -3.70249992 2.32397898 2.63573908
v -3.69999992 2.32161997 2.65245996
v -3.70249992 2.32161997 2.65245996
v -3.69999992 2.32313899 2.66649896
v -3.70249992 2.32313899 2.66649896
v -3.69999992 2.32768992 2.67696192
v -3.70249992 2.32768992 2.67696192
v -3.69999992 2.36411601 2.61300196
v -3.69999992 2.34403498 2.61557581
v -3.70249992 2.36411601 2.61300196
v -3.70249992 2.34403498 2.61557581
v -3.69999992 2.33105387 2.62329981
v -3.70249992 2.33105387 2.62329981
v -3.69999992 2.43501398 2.61300196
v -3.69999992 2.36411601 2.61300196
v -3.70249992 2.43501398 2.61300196
v -3.70249992 2.36411601 2.61300196
v -3.69999992 2.43501398 2.76217004
v -3.69999992 2.43501398 2.61300196
v -3.70249992 2.43501398 2.76217004
v -3.70249992 2.43501398 2.61300196
v -3.69999992 2.36410899 2.76217004
v -3.69999992 2.43501398 2.76217004
v -3.70249992 2.36410899 2.76217004
v -3.70249992 2.43501398 2.76217004
v -3.69999992 2.33278895 2.75273584
v -3.69999992 2.34544199 2.75981103
v -3.70249992 2.33278895 2.75273584
v -3.70249992 2.34544199 2.75981103
v -3.69999992 2.36410899 2.76217004
v -3.70249992 2.36410899 2.76217004
v -3.69999992 2.32931895 2.70091699
v -3.69999992 2.32468302 2.71113580
v -3.70249992 2.32931895 2.70091699
v -3.70249992 2.32468302 2.71113580
v -3.69999992 2.32313792 2.72466089
v -3.70249992 2.32313792 2.72466089
v -3.69999992 2.32555201 2.74100092
v -3.70249992 2.32555201 2.74100092
v -3.69999992 2.33278895 2.75273584
v -3.70249992 2.33278895 2.75273584
v -3.69999992 2.34872187 2.68953699
v -3.69999992 2.33725688 2.69378992
v -3.70249992 2.34872187 2.68953699
v -3.70249992 2.33725688 2.69378992
v -3.69999992 2.32931895 2.70091699
v -3.70249992 2.32931895 2.70091699
v -3.69999992 2.34872187 2.68866907
v -3.69999992 2.34872187 2.68953699
v -3.70249992 2.34872187 2.68866907
v -3.70249992 2.34872187 2.68953699
v -3.70249992 2.34872187 2.68953699
v -3.70249992 2.35937602 2.67622888
v -3.70249992 2.34872187 2.68866907
v -3.70249992 2.35165095 2.67273401
v -3.70249992 2.33598597 2.68422296
v -3.70249992 2.34750391 2.66625391
v -3.70249992 2.32768992 2.67696192
v -3.70249992 2.32313899 2.66649896
v -3.70249992 2.34612193 2.65614801
v -3.70249992 2.32161997 2.65245996
v -3.70249992 2.34669093 2.64882898
v -3.70249992 2.32397898 2.63573908
v -3.70249992 2.34839793 2.64335596
v -3.70249992 2.33105387 2.62329981
v -3.70249992 2.34403498 2.61557581
v -3.70249992 2.35145991 2.63945307
v -3.70249992 2.35609400 2.63685083
v -3.70249992 2.33725688 2.69378992
v -3.70249992 2.35338587 2.70416986
v -3.70249992 2.37235300 2.69950891
v -3.70249992 2.37148890 2.67739496
v -3.70249992 2.41051493 2.67739496
v -3.70249992 2.41051493 2.69950891
v -3.70249992 2.43501398 2.76217004
v -3.70249992 2.41051493 2.74005304
v -3.70249992 2.36410899 2.76217004
v -3.70249992 2.37235300 2.74005304
v -3.70249992 2.35696192 2.73831995
v -3.70249992 2.34907694 2.71037683
v -3.70249992 2.32931895 2.70091699
v -3.70249992 2.34764002 2.71967279
v -3.70249992 2.32468302 2.71113580
v -3.70249992 2.32313792 2.72466089
v -3.70249992 2.34815501 2.72693384
v -3.70249992 2.32555201 2.74100092
v -3.70249992 2.34969798 2.73224786
v -3.70249992 2.33278895 2.75273584
v -3.70249992 2.34544199 2.75981103
v -3.70249992 2.35254496 2.73593408
v -3.70249992 2.43501398 2.61300196
v -3.70249992 2.41051493 2.63489801
v -3.70249992 2.36411601 2.61300196
v -3.70249992 2.37148890 2.63489801
v -3.69999992 1.65045590 2.61282190
v -3.69999992 1.61116390 2.66709100
v -3.70249992 1.65045590 2.61282190
v -3.70249992 1.61116390 2.66709100
v -3.69999992 1.67824093 2.61282190
v -3.69999992 1.65045590 2.61282190
v -3.70249992 1.67824093 2.61282190
v -3.70249992 1.65045590 2.61282190
v -3.69999992 1.62462292 2.68771295
v -3.69999992 1.67824093 2.61282190
v -3.70249992 1.62462292 2.68771295
v -3.70249992 1.67824093 2.61282190
v -3.69999992 1.67737301 2.76217096
v -3.69999992 1.62462292 2.68771295
v -3.70249992 1.67737301 2.76217096
v -3.70249992 1.62462292 2.68771295
v -3.69999992 1.64871899 2.76217096
v -3.69999992 1.67737301 2.76217096
v -3.70249992 1.64871899 2.76217096
v -3.70249992 1.67737301 2.76217096
v -3.69999992 1.54148495 2.61282190
v -3.69999992 1.64871899 2.76217096
v -3.70249992 1.54148495 2.61282190
v -3.70249992 1.64871899 2.76217096
v -3.69999992 1.57013897 2.61282190
v -3.69999992 1.54148495 2.61282190
v -3.70249992 1.57013897 2.61282190
v -3.70249992 1.54148495 2.61282190
v -3.69999992 1.60942700 2.66709100
v -3.69999992 1.57013897 2.61282190
v -3.70249992 1.60942700 2.66709100
v -3.70249992 1.57013897 2.61282190
v -3.69999992 1.61116390 2.66709100
v -3.69999992 1.60942700 2.66709100
v -3.70249992 1.61116390 2.66709100
v -3.70249992 1.60942700 2.66709100
v -3.70249992 1.65045590 2.61282190
v -3.70249992 1.61116390 2.66709100
v -3.70249992 1.62462292 2.68771295
v -3.70249992 1.60942700 2.66709100
v -3.70249992 1.64871899 2.76217096
v -3.70249992 1.54148495 2.61282190
v -3.70249992 1.57013897 2.61282190
v -3.70249992 1.67737301 2.76217096
v -3.70249992 1.67824093 2.61282190
v -3.69999992 1.60661892 2.76217401
v -3.69999992 1.57454190 2.71736993
v -3.70249992 1.60661892 2.76217401
v -3.70249992 1.57454190 2.71736993
v -3.69999992 1.54212399 2.76217401
v -3.69999992 1.60661892 2.76217401
v -3.70249992 1.54212399 2.76217401
v -3.70249992 1.60661892 2.76217401
v -3.69999992 1.57454190 2.71736993
v -3.69999992 1.54212399 2.76217401
v -3.70249992 1.57454190 2.71736993
v -3.70249992 1.54212399 2.76217401
v -3.69999992 2.14095790 2.72647180
v -3.69999992 2.13941295 2.71165796
v -3.70249992 2.14095790 2.72647180
v -3.70249992 2.13941295 2.71165796
v -3.69999992 2.13889689 2.68761682
v -3.70249992 2.13889689 2.68761682
v -3.69999992 2.13941295 2.66357599
v -3.70249992 2.13941295 2.66357599
v -3.69999992 2.14095790 2.64876093
v -3.70249992 2.14095790 2.64876093
v -3.69999992 2.14996699 2.73928003
v -3.69999992 2.14424388 2.73477686
v -3.70249992 2.14996699 2.73928003
v -3.70249992 2.14424388 2.73477686
v -3.69999992 2.14095790 2.72647180
v -3.70249992 2.14095790 2.72647180
v -3.69999992 2.20369395 2.73928003
v -3.69999992 2.19357402 2.74123407
v -3.70249992 2.20369395 2.73928003
v -3.70249992 2.19357402 2.74123407
v -3.69999992 2.17688395 2.74188501
v -3.70249992 2.17688395 2.74188501
v -3.69999992 2.16017100 2.74123407
v -3.70249992 2.16017100 2.74123407
v -3.69999992 2.14996699 2.73928003
v -3.70249992 2.14996699 2.73928003
v -3.69999992 2.21259196 2.72647180
v -3.69999992 2.20933802 2.73477594
v -3.70249992 2.21259196 2.72647180
v -3.70249992 2.20933802 2.73477594
v -3.69999992 2.20369395 2.73928003
v -3.70249992 2.20369395 2.73928003
v -3.69999992 2.21259196 2.64876093
v -3.69999992 2.21414088 2.66357599
v -3.70249992 2.21259196 2.64876093
v -3.70249992 2.21414088 2.66357599
v -3.69999992 2.21465602 2.68761682
v -3.70249992 2.21465602 2.68761682
v -3.69999992 2.21414088 2.71165796
v -3.70249992 2.21414088 2.71165796
v -3.69999992 2.21259196 2.72647180
v -3.70249992 2.21259196 2.72647180
v -3.69999992 2.14996699 2.63595301
v -3.69999992 2.16017100 2.63399896
v -3.70249992 2.14996699 2.63595301
v -3.70249992 2.17688395 2.63334802
v -3.69999992 2.17688395 2.63334802
v -3.69999992 2.20369395 2.63595301
v -3.70249992 2.20369395 2.63595301
v -3.69999992 2.20933802 2.64045679
v -3.70249992 2.20933802 2.64045679
v -3.69999992 2.21259196 2.64876093
v -3.70249992 2.21259196 2.64876093
v -3.69999992 2.14095790 2.64876093
v -3.69999992 2.14424388 2.64045679
v -3.70249992 2.14095790 2.64876093
v -3.70249992 2.14424388 2.64045679
v -3.69999992 2.14996699 2.63595301
v -3.70249992 2.14996699 2.63595301
v -3.69999992 2.23571101 2.73689203
v -3.69999992 2.23831797 2.71719202
v -3.70249992 2.23571101 2.73689203
v -3.70249992 2.23831797 2.71719202
v -3.69999992 2.23918498 2.68761682
v -3.70249992 2.23918498 2.68761682
v -3.69999992 2.23831797 2.65803980
v -3.70249992 2.23831797 2.65803980
v -3.69999992 2.23571101 2.63834101
v -3.70249992 2.23571101 2.63834101
v -3.69999992 2.11783900 2.73678583
v -3.69999992 2.12364696 2.74948297
v -3.70249992 2.11783900 2.73678583
v -3.70249992 2.12364696 2.74948297
v -3.69999992 2.13412089 2.75784082
v -3.69999992 2.13412089 2.75784082
v -3.70249992 2.13412089 2.75784082
v -3.70249992 2.13412089 2.75784082
v -3.69999992 2.17688395 2.76402704
v -3.70249992 2.17688395 2.76402704
v -3.69999992 2.21954097 2.75784082
v -3.70249992 2.21954097 2.75784082
v -3.69999992 2.22993388 2.74950891
v -3.70249992 2.22993388 2.74950891
v -3.69999992 2.23571101 2.73689203
v -3.70249992 2.23571101 2.73689203
v -3.69999992 2.11783900 2.63844995
v -3.69999992 2.11523402 2.65817407
v -3.70249992 2.11783900 2.63844995
v -3.70249992 2.11523402 2.65817407
v -3.69999992 2.11436488 2.68761682
v -3.70249992 2.11436488 2.68761682
v -3.69999992 2.11523402 2.71705682
v -3.70249992 2.11523402 2.71705682
v -3.69999992 2.11783900 2.73678583
v -3.70249992 2.11783900 2.73678583
v -3.69999992 2.21954097 2.61739282
v -3.69999992 2.20252696 2.61275293
v -3.70249992 2.21954097 2.61739282
v -3.70249992 2.17688395 2.61120600
v -3.69999992 2.17688395 2.61120600
v -3.69999992 2.13412089 2.61739282
v -3.70249992 2.13412089 2.61739282
v -3.69999992 2.12364696 2.62575006
v -3.70249992 2.12364696 2.62575006
v -3.69999992 2.11783900 2.63844995
v -3.70249992 2.11783900 2.63844995
v -3.69999992 2.23571101 2.63834101
v -3.69999992 2.22993388 2.62572199
v -3.70249992 2.23571101 2.63834101
v -3.70249992 2.22993388 2.62572199
v -3.69999992 2.21954097 2.61739282
v -3.70249992 2.21954097 2.61739282
v -3.70249992 2.23831797 2.65803980
v -3.70249992 2.23571101 2.63834101
v -3.70249992 2.21259196 2.64876093
v -3.70249992 2.22993388 2.62572199
v -3.70249992 2.20933802 2.64045679
v -3.70249992 2.21954097 2.61739282
v -3.70249992 2.20369395 2.63595301
v -3.70249992 2.17688395 2.61120600
v -3.70249992 2.17688395 2.63334802
v -3.70249992 2.14996699 2.63595301
v -3.70249992 2.13412089 2.61739282
v -3.70249992 2.14424388 2.64045679
v -3.70249992 2.12364696 2.62575006
v -3.70249992 2.14095790 2.64876093
v -3.70249992 2.11783900 2.63844995
v -3.70249992 2.11523402 2.65817407
v -3.70249992 2.13941295 2.66357599
v -3.70249992 2.11436488 2.68761682
v -3.70249992 2.13889689 2.68761682
v -3.70249992 2.13941295 2.71165796
v -3.70249992 2.11523402 2.71705682
v -3.70249992 2.14095790 2.72647180
v -3.70249992 2.11783900 2.73678583
v -3.70249992 2.12364696 2.74948297
v -3.70249992 2.14424388 2.73477686
v -3.70249992 2.13412089 2.75784082
v -3.70249992 2.14996699 2.73928003
v -3.70249992 2.16017100 2.74123407
v -3.70249992 2.17688395 2.76402704
v -3.70249992 2.17688395 2.74188501
v -3.70249992 2.19357402 2.74123407
v -3.70249992 2.21954097 2.75784082
v -3.70249992 2.20369395 2.73928003
v -3.70249992 2.20933802 2.73477594
v -3.70249992 2.22993388 2.74950891
v -3.70249992 2.21259196 2.72647180
v -3.70249992 2.23571101 2.73689203
v -3.70249992 2.23831797 2.71719202
v -3.70249992 2.21414088 2.71165796
v -3.70249992 2.23918498 2.68761682
v -3.70249992 2.21465602 2.68761682
v -3.70249992 2.21414088 2.66357599
v -3.69999992 3.01634087 2.76217004
v -3.69999992 3.01634087 2.61300196
v -3.70249992 3.01634087 2.76217004
v -3.70249992 3.01634087 2.61300196
v -3.69999992 2.99097497 2.76217004
v -3.69999992 3.01634087 2.76217004
v -3.70249992 2.99097497 2.76217004
v -3.70249992 3.01634087 2.76217004
v -3.69999992 2.92246179 2.66135004
v -3.69999992 2.99097497 2.76217004
v -3.70249992 2.92246179 2.66135004
v -3.70249992 2.99097497 2.76217004
v -3.69999992 2.92159204 2.66135004
v -3.69999992 2.92246179 2.66135004
v -3.70249992 2.92159204 2.66135004
v -3.70249992 2.92246179 2.66135004
v -3.69999992 2.92159204 2.76217004
v -3.69999992 2.92159204 2.66135004
v -3.70249992 2.92159204 2.76217004
v -3.70249992 2.92159204 2.66135004
v -3.69999992 2.89817804 2.76217004
v -3.69999992 2.92159204 2.76217004
v -3.70249992 2.89817804 2.76217004
v -3.70249992 2.92159204 2.76217004
v -3.69999992 2.89817804 2.61300196
v -3.69999992 2.89817804 2.76217004
v -3.70249992 2.89817804 2.61300196
v -3.70249992 2.89817804 2.76217004
v -3.69999992 2.92159204 2.61300196
v -3.69999992 2.89817804 2.61300196
v -3.70249992 2.92159204 2.61300196
v -3.70249992 2.89817804 2.61300196
v -3.69999992 2.99205682 2.71750604
v -3.69999992 2.92159204 2.61300196
v -3.70249992 2.99205682 2.71750604
v -3.70249992 2.92159204 2.61300196
v -3.69999992 2.99292504 2.71750604
v -3.69999992 2.99205682 2.71750604
v -3.70249992 2.99292504 2.71750604
v -3.70249992 2.99205682 2.71750604
v -3.69999992 2.99292382 2.61300196
v -3.69999992 2.99292504 2.71750604
v -3.70249992 2.99292382 2.61300196
v -3.70249992 2.99292504 2.71750604
v -3.69999992 3.01634087 2.61300196
v -3.69999992 2.99292382 2.61300196
v -3.70249992 3.01634087 2.61300196
v -3.70249992 2.99292382 2.61300196
v -3.70249992 2.99292382 2.61300196
v -3.70249992 2.99292504 2.71750604
v -3.70249992 3.01634087 2.61300196
v -3.70249992 3.01634087 2.76217004
v -3.70249992 2.99097497 2.76217004
v -3.70249992 2.99205682 2.71750604
v -3.70249992 2.92246179 2.66135004
v -3.70249992 2.92159204 2.61300196
v -3.70249992 2.92159204 2.66135004
v -3.70249992 2.89817804 2.61300196
v -3.70249992 2.89817804 2.76217004
v -3.70249992 2.92159204 2.76217004
v 1.62839291 3.39999992 2.94632806
v 1.50182492 3.39999992 2.76871484
v 1.62839291 3.40249992 2.94632806
v 1.50182492 3.40249992 2.76871484
v 1.37249295 3.39999992 2.94632806
v 1.62839291 3.39999992 2.94632806
v 1.37249295 3.40249992 2.94632806
v 1.62839291 3.40249992 2.94632806
v 1.50182492 3.39999992 2.76871484
v 1.37249295 3.39999992 2.94632806
v 1.50182492 3.40249992 2.76871484
v 1.37249295 3.40249992 2.94632806
v 1.90958889 3.39999992 2.94632806
v 1.70045101 3.39999992 2.65101404
v 1.90958889 3.40249992 2.94632806
v 1.70045101 3.40249992 2.65101404
v 1.79572094 3.39999992 2.94632806
v 1.90958889 3.39999992 2.94632806
v 1.79572094 3.40249992 2.94632806
v 1.90958889 3.40249992 2.94632806
v 1.36999997 3.39999992 2.35326502
v 1.79572094 3.39999992 2.94632806
v 1.36999997 3.40249992 2.35326502
v 1.79572094 3.40249992 2.94632806
v 1.48365902 3.39999992 2.35326502
v 1.36999997 3.39999992 2.35326502
v 1.48365902 3.40249992 2.35326502
v 1.36999997 3.40249992 2.35326502
v 1.63971691 3.39999992 2.56880091
v 1.48365902 3.39999992 2.35326502
v 1.63971691 3.40249992 2.56880091
v 1.48365902 3.40249992 2.35326502
v 1.64702999 3.39999992 2.56880091
v 1.63971691 3.39999992 2.56880091
v 1.64702999 3.40249992 2.56880091
v 1.63971691 3.40249992 2.56880091
v 1.80300701 3.39999992 2.35326502
v 1.64702999 3.39999992 2.56880091
v 1.80300701 3.40249992 2.35326502
v 1.64702999 3.40249992 2.56880091
v 1.91319301 3.39999992 2.35326502
v 1.80300701 3.39999992 2.35326502
v 1.91319301 3.40249992 2.35326502
v 1.80300701 3.40249992 2.35326502
v 1.70045101 3.39999992 2.65101404
v 1.91319301 3.39999992 2.35326502
v 1.70045101 3.40249992 2.65101404
v 1.91319301 3.40249992 2.35326502
v 2.93288293 3.39999992 2.85966180
v 2.88750482 3.39999992 2.85966180
v 2.93288293 3.40249992 2.85966180
v 2.88750482 3.40249992 2.85966180
v 2.85610284 3.39999992 2.85966180
v 2.85610284 3.40249992 2.85966180
v 2.82169702 3.39999992 2.85966089
v 2.82169702 3.40249992 2.85966089
v 2.80127283 3.39999992 2.85963891
v 2.80127283 3.40249992 2.85963891
v 2.78653894 3.39999992 2.85937982
v 2.78653894 3.40249992 2.85937982
v 2.76676507 3.39999992 2.85898279
v 2.76676507 3.40249992 2.85898279
v 2.73224390 3.39999992 2.85518182
v 2.73224390 3.40249992 2.85518182
v 2.70621088 3.39999992 2.84666803
v 2.70621088 3.40249992 2.84666803
v 2.69511499 3.39999992 2.83855798
v 2.69511499 3.40249992 2.83855798
v 2.68678308 3.39999992 2.82569208
v 2.68678308 3.40249992 2.82569208
v 2.67883600 3.39999992 2.76531702
v 2.67883600 3.40249992 2.76531702
v 2.68018488 3.39999992 2.72918787
v 2.68018488 3.40249992 2.72918787
v 2.68535486 3.39999992 2.70540704
v 2.68535486 3.40249992 2.70540704
v 2.69733881 3.39999992 2.68637201
v 2.69733881 3.40249992 2.68637201
v 2.72114008 3.39999992 2.67359979
v 2.72114008 3.40249992 2.67359979
v 2.75260583 3.39999992 2.66715784
v 2.75260583 3.40249992 2.66715784
v 2.76562402 3.39999992 2.66597986
v 2.76562402 3.40249992 2.66597986
v 2.78152704 3.39999992 2.66553095
v 2.78152704 3.40249992 2.66553095
v 2.79692590 3.39999992 2.66537988
v 2.79692590 3.40249992 2.66537988
v 2.82376397 3.39999992 2.66516992
v 2.82376397 3.40249992 2.66516992
v 2.86709100 3.39999992 2.66487085
v 2.86709100 3.40249992 2.66487085
v 2.93288293 3.39999992 2.66444391
v 2.93288293 3.40249992 2.66444391
v 2.93288293 3.39999992 2.66444391
v 2.93288293 3.39999992 2.85966180
v 2.93288293 3.40249992 2.66444391
v 2.93288293 3.40249992 2.85966180
v 2.66951502 3.39999992 2.59118891
v 2.63935480 3.39999992 2.60388086
v 2.66951502 3.40249992 2.59118891
v 2.63935480 3.40249992 2.60388086
v 2.61725305 3.39999992 2.62172907
v 2.61725305 3.40249992 2.62172907
v 2.59267908 3.39999992 2.68269708
v 2.59267908 3.40249992 2.68269708
v 2.58699579 3.39999992 2.71584680
v 2.58699579 3.40249992 2.71584680
v 2.58453608 3.39999992 2.74178491
v 2.58453608 3.40249992 2.74178491
v 2.58468988 3.39999992 2.81783899
v 2.58468988 3.40249992 2.81783899
v 2.60564203 3.39999992 2.89077081
v 2.60564203 3.40249992 2.89077081
v 2.63470697 3.39999992 2.91968988
v 2.63470697 3.40249992 2.91968988
v 2.65758997 3.39999992 2.93132196
v 2.65758997 3.40249992 2.93132196
v 2.74168481 3.39999992 2.94675286
v 2.74168481 3.40249992 2.94675286
v 2.57209284 3.39999992 2.35482600
v 2.66951502 3.39999992 2.59118891
v 2.57209284 3.40249992 2.35482600
v 2.66951502 3.40249992 2.59118891
v 2.67537103 3.39999992 2.35482600
v 2.57209284 3.39999992 2.35482600
v 2.67537103 3.40249992 2.35482600
v 2.57209284 3.40249992 2.35482600
v 2.76368097 3.39999992 2.57890497
v 2.67537103 3.39999992 2.35482600
v 2.76368097 3.40249992 2.57890497
v 2.67537103 3.40249992 2.35482600
v 2.93286798 3.39999992 2.57890497
v 2.76368097 3.39999992 2.57890497
v 2.93286798 3.40249992 2.57890497
v 2.76368097 3.40249992 2.57890497
v 2.93286798 3.39999992 2.35482600
v 2.93286798 3.39999992 2.57890497
v 2.93286798 3.40249992 2.35482600
v 2.93286798 3.40249992 2.57890497
v 3.02999993 3.39999992 2.35482600
v 2.93286798 3.39999992 2.35482600
v 3.02999993 3.40249992 2.35482600
v 2.93286798 3.40249992 2.35482600
v 3.02999993 3.39999992 2.94708795
v 3.02999993 3.39999992 2.35482600
v 3.02999993 3.40249992 2.94708795
v 3.02999993 3.40249992 2.35482600
v 2.74168481 3.39999992 2.94675286
v 3.02999993 3.39999992 2.94708795
v 2.74168481 3.40249992 2.94675286
v 3.02999993 3.40249992 2.94708795
v 2.22245997 3.39999992 2.86594293
v 2.14341090 3.39999992 2.86096490
v 2.22245997 3.40249992 2.86594293
v 2.14341090 3.40249992 2.86096490
v 2.10814998 3.39999992 2.84696588
v 2.10814998 3.40249992 2.84696588
v 2.09697993 3.39999992 2.83224206
v 2.09697993 3.40249992 2.83224206
v 2.08988902 3.39999992 2.81553705
v 2.08988902 3.40249992 2.81553705
v 2.08347392 3.39999992 2.78589685
v 2.08347392 3.40249992 2.78589685
v 2.07730098 3.39999992 2.71722803
v 2.07730098 3.40249992 2.71722803
v 2.07679195 3.39999992 2.63672388
v 2.07679195 3.40249992 2.63672388
v 2.08154201 3.39999992 2.54266489
v 2.08154201 3.40249992 2.54266489
v 2.09960902 3.39999992 2.46898997
v 2.09960902 3.40249992 2.46898997
v 2.11670100 3.39999992 2.45037195
v 2.11670100 3.40249992 2.45037195
v 2.14351191 3.39999992 2.44144892
v 2.14351191 3.40249992 2.44144892
v 2.22499797 3.39999992 2.43560496
v 2.22499797 3.40249992 2.43560496
v 2.32421595 3.39999992 2.44304590
v 2.32421595 3.40249992 2.44304590
v 2.35139201 3.39999992 2.46021891
v 2.35139201 3.40249992 2.46021891
v 2.36574000 3.39999992 2.49510691
v 2.36574000 3.40249992 2.49510691
v 2.37142695 3.39999992 2.54390589
v 2.37142695 3.40249992 2.54390589
v 2.37376994 3.39999992 2.60491907
v 2.37376994 3.40249992 2.60491907
v 2.37360697 3.39999992 2.70452600
v 2.37360697 3.40249992 2.70452600
v 2.36380000 3.39999992 2.81409204
v 2.36380000 3.40249992 2.81409204
v 2.34374796 3.39999992 2.84860681
v 2.34374796 3.40249992 2.84860681
v 2.30356898 3.39999992 2.86210901
v 2.30356898 3.40249992 2.86210901
v 2.22245997 3.39999992 2.86594293
v 2.22245997 3.40249992 2.86594293
v 2.21989100 3.39999992 2.34796397
v 2.16614802 3.39999992 2.35002802
v 2.21989100 3.40249992 2.34796397
v 2.16614802 3.40249992 2.35002802
v 2.12584788 3.39999992 2.35426692
v 2.12584788 3.40249992 2.35426692
v 2.05485789 3.39999992 2.37409998
v 2.05485789 3.40249992 2.37409998
v 2.01591899 3.39999992 2.40646891
v 2.01591899 3.40249992 2.40646891
v 1.99466502 3.39999992 2.45178492
v 1.99466502 3.40249992 2.45178492
v 1.98777797 3.39999992 2.49204996
v 1.98777797 3.40249992 2.49204996
v 1.98258495 3.39999992 2.54608500
v 1.98258495 3.40249992 2.54608500
v 1.98039501 3.39999992 2.59685297
v 1.98039501 3.40249992 2.59685297
v 1.97970699 3.39999992 2.63511194
v 1.97970699 3.40249992 2.63511194
v 1.98234294 3.39999992 2.75917779
v 1.98234294 3.40249992 2.75917779
v 1.98675990 3.39999992 2.80790491
v 1.98675990 3.40249992 2.80790491
v 1.99118892 3.39999992 2.83595697
v 1.99118892 3.40249992 2.83595697
v 2.01976695 3.39999992 2.90055383
v 2.01976695 3.40249992 2.90055383
v 2.01976695 3.39999992 2.90055383
v 2.05442302 3.39999992 2.92750604
v 2.01976695 3.40249992 2.90055383
v 2.05442302 3.40249992 2.92750604
v 2.08365199 3.39999992 2.93875878
v 2.08365199 3.40249992 2.93875878
v 2.12590800 3.39999992 2.94757287
v 2.12590800 3.40249992 2.94757287
v 2.21230494 3.39999992 2.95387902
v 2.21230494 3.40249992 2.95387902
v 2.24367289 3.39999992 2.95379388
v 2.24367289 3.40249992 2.95379388
v 2.29603999 3.39999992 2.95125299
v 2.29603999 3.40249992 2.95125299
v 2.39190195 3.39999992 2.93097497
v 2.39190195 3.40249992 2.93097497
v 2.42762690 3.39999992 2.90697290
v 2.42762690 3.40249992 2.90697290
v 2.44809595 3.39999992 2.87952203
v 2.44809595 3.40249992 2.87952203
v 2.45427790 3.39999992 2.86568292
v 2.45427790 3.40249992 2.86568292
v 2.46081400 3.39999992 2.84187280
v 2.46081400 3.40249992 2.84187280
v 2.47187998 3.39999992 2.74195581
v 2.47187998 3.40249992 2.74195581
v 2.47328196 3.39999992 2.61992487
v 2.47328196 3.40249992 2.61992487
v 2.47141794 3.39999992 2.55673197
v 2.47141794 3.40249992 2.55673197
v 2.46761088 3.39999992 2.50561991
v 2.46761088 3.40249992 2.50561991
v 2.46256495 3.39999992 2.46721689
v 2.46256495 3.40249992 2.46721689
v 2.45595194 3.39999992 2.44095896
v 2.45595194 3.40249992 2.44095896
v 2.42818400 3.39999992 2.39566599
v 2.42818400 3.40249992 2.39566599
v 2.37163096 3.39999992 2.36352900
v 2.37163096 3.40249992 2.36352900
v 2.32225092 3.39999992 2.35367701
v 2.32225092 3.40249992 2.35367701
v 2.30548396 3.39999992 2.35175288
v 2.30548396 3.40249992 2.35175288
v 2.28152400 3.39999992 2.35033900
v 2.28152400 3.40249992 2.35033900
v 2.25728099 3.39999992 2.34927195
v 2.25728099 3.40249992 2.34927195
v 2.21989100 3.39999992 2.34796397
v 2.21989100 3.40249992 2.34796397
v -1.62839291 -3.39999992 2.94632806
v -1.50182492 -3.39999992 2.76871484
v -1.62839291 -3.40249992 2.94632806
v -1.50182492 -3.40249992 2.76871484
v -1.37249295 -3.39999992 2.94632806
v -1.62839291 -3.39999992 2.94632806
v -1.37249295 -3.40249992 2.94632806
v -1.62839291 -3.40249992 2.94632806
v -1.50182492 -3.39999992 2.76871484
v -1.37249295 -3.39999992 2.94632806
v -1.50182492 -3.40249992 2.76871484
v -1.37249295 -3.40249992 2.94632806
v -1.90958889 -3.39999992 2.94632806
v -1.70045101 -3.39999992 2.65101404
v -1.90958889 -3.40249992 2.94632806
v -1.70045101 -3.40249992 2.65101404
v -1.79572094 -3.39999992 2.94632806
v -1.90958889 -3.39999992 2.94632806
v -1.79572094 -3.40249992 2.94632806
v -1.90958889 -3.40249992 2.94632806
v -1.36999997 -3.39999992 2.35326502
v -1.79572094 -3.39999992 2.94632806
v -1.36999997 -3.40249992 2.35326502
v -1.79572094 -3.40249992 2.94632806
v -1.48365902 -3.39999992 2.35326502
v -1.36999997 -3.39999992 2.35326502
v -1.48365902 -3.40249992 2.35326502
v -1.36999997 -3.40249992 2.35326502
v -1.63971691 -3.39999992 2.56880091
v -1.48365902 -3.39999992 2.35326502
v -1.63971691 -3.40249992 2.56880091
v -1.48365902 -3.40249992 2.35326502
v -1.64702999 -3.39999992 2.56880091
v -1.63971691 -3.39999992 2.56880091
v -1.64702999 -3.40249992 2.56880091
v -1.63971691 -3.40249992 2.56880091
v -1.80300701 -3.39999992 2.35326502
v -1.64702999 -3.39999992 2.56880091
v -1.80300701 -3.40249992 2.35326502
v -1.64702999 -3.40249992 2.56880091
v -1.91319301 -3.39999992 2.35326502
v -1.80300701 -3.39999992 2.35326502
v -1.91319301 -3.40249992 2.35326502
v -1.80300701 -3.40249992 2.35326502
v -1.70045101 -3.39999992 2.65101404
v -1.91319301 -3.39999992 2.35326502
v -1.70045101 -3.40249992 2.65101404
v -1.91319301 -3.40249992 2.35326502
v -2.93288293 -3.39999992 2.85966180
v -2.88750482 -3.39999992 2.85966180
v -2.93288293 -3.40249992 2.85966180
v -2.88750482 -3.40249992 2.85966180
v -2.85610284 -3.39999992 2.85966180
v -2.85610284 -3.40249992 2.85966180
v -2.82169702 -3.39999992 2.85966089
v -2.82169702 -3.40249992 2.85966089
v -2.80127283 -3.39999992 2.85963891
v -2.80127283 -3.40249992 2.85963891
v -2.78653894 -3.39999992 2.85937982
v -2.78653894 -3.40249992 2.85937982
v -2.76676507 -3.39999992 2.85898279
v -2.76676507 -3.40249992 2.85898279
v -2.73224390 -3.39999992 2.85518182
v -2.73224390 -3.40249992 2.85518182
v -2.70621088 -3.39999992 2.84666803
v -2.70621088 -3.40249992 2.84666803
v -2.69511499 -3.39999992 2.83855798
v -2.69511499 -3.40249992 2.83855798
v -2.68678308 -3.39999992 2.82569208
v -2.68678308 -3.40249992 2.82569208
v -2.67883600 -3.39999992 2.76531702
v -2.67883600 -3.40249992 2.76531702
v -2.68018488 -3.39999992 2.72918787
v -2.68018488 -3.40249992 2.72918787
v -2.68535486 -3.39999992 2.70540704
v -2.68535486 -3.40249992 2.70540704
v -2.69733881 -3.39999992 2.68637201
v -2.69733881 -3.40249992 2.68637201
v -2.72114008 -3.39999992 2.67359979
v -2.72114008 -3.40249992 2.67359979
v -2.75260583 -3.39999992 2.66715784
v -2.75260583 -3.40249992 2.66715784
v -2.76562402 -3.39999992 2.66597986
v -2.76562402 -3.40249992 2.66597986
v -2.78152704 -3.39999992 2.66553095
v -2.78152704 -3.40249992 2.66553095
v -2.79692590 -3.39999992 2.66537988
v -2.79692590 -3.40249992 2.66537988
v -2.82376397 -3.39999992 2.66516992
v -2.82376397 -3.40249992 2.66516992
v -2.86709100 -3.39999992 2.66487085
v -2.86709100 -3.40249992 2.66487085
v -2.93288293 -3.39999992 2.66444391
v -2.93288293 -3.40249992 2.66444391
v -2.93288293 -3.39999992 2.66444391
v -2.93288293 -3.39999992 2.85966180
v -2.93288293 -3.40249992 2.66444391
v -2.93288293 -3.40249992 2.85966180
v -2.66951502 -3.39999992 2.59118891
v -2.63935480 -3.39999992 2.60388086
v -2.66951502 -3.40249992 2.59118891
v -2.63935480 -3.40249992 2.60388086
v -2.61725305 -3.39999992 2.62172907
v -2.61725305 -3.40249992 2.62172907
v -2.59267908 -3.39999992 2.68269708
v -2.59267908 -3.40249992 2.68269708
v -2.58699579 -3.39999992 2.71584680
v -2.58699579 -3.40249992 2.71584680
v -2.58453608 -3.39999992 2.74178491
v -2.58453608 -3.40249992 2.74178491
v -2.58468988 -3.39999992 2.81783899
v -2.58468988 -3.40249992 2.81783899
v -2.60564203 -3.39999992 2.89077081
v -2.60564203 -3.40249992 2.89077081
v -2.63470697 -3.39999992 2.91968988
v -2.63470697 -3.40249992 2.91968988
v -2.65758997 -3.39999992 2.93132196
v -2.65758997 -3.40249992 2.93132196
v -2.74168481 -3.39999992 2.94675286
v -2.74168481 -3.40249992 2.94675286
v -2.57209284 -3.39999992 2.35482600
v -2.66951502 -3.39999992 2.59118891
v -2.57209284 -3.40249992 2.35482600
v -2.66951502 -3.40249992 2.59118891
v -2.67537103 -3.39999992 2.35482600
v -2.57209284 -3.39999992 2.35482600
v -2.67537103 -3.40249992 2.35482600
v -2.57209284 -3.40249992 2.35482600
v -2.76368097 -3.39999992 2.57890497
v -2.67537103 -3.39999992 2.35482600
v -2.76368097 -3.40249992 2.57890497
v -2.67537103 -3.40249992 2.35482600
v -2.93286798 -3.39999992 2.57890497
v -2.76368097 -3.39999992 2.57890497
v -2.93286798 -3.40249992 2.57890497
v -2.76368097 -3.40249992 2.57890497
v -2.93286798 -3.39999992 2.35482600
v -2.93286798 -3.39999992 2.57890497
v -2.93286798 -3.40249992 2.35482600
v -2.93286798 -3.40249992 2.57890497
v -3.02999993 -3.39999992 2.35482600
v -2.93286798 -3.39999992 2.35482600
v -3.02999993 -3.40249992 2.35482600
v -2.93286798 -3.40249992 2.35482600
v -3.02999993 -3.39999992 2.94708795
v -3.02999993 -3.39999992 2.35482600
v -3.02999993 -3.40249992 2.94708795
v -3.02999993 -3.40249992 2.35482600
v -2.74168481 -3.39999992 2.94675286
v -3.02999993 -3.39999992 2.94708795
v -2.74168481 -3.40249992 2.94675286
v -3.02999993 -3.40249992 2.94708795
v -2.22245997 -3.39999992 2.86594293
v -2.14341090 -3.39999992 2.86096490
v -2.22245997 -3.40249992 2.86594293
v -2.14341090 -3.40249992 2.86096490
v -2.10814998 -3.39999992 2.84696588
v -2.10814998 -3.40249992 2.84696588
v -2.09697993 -3.39999992 2.83224206
v -2.09697993 -3.40249992 2.83224206
v -2.08988902 -3.39999992 2.81553705
v -2.08988902 -3.40249992 2.81553705
v -2.08347392 -3.39999992 2.78589685
v -2.08347392 -3.40249992 2.78589685
v -2.07730098 -3.39999992 2.71722803
v -2.07730098 -3.40249992 2.71722803
v -2.07679195 -3.39999992 2.63672388
v -2.07679195 -3.40249992 2.63672388
v -2.08154201 -3.39999992 2.54266489
v -2.08154201 -3.40249992 2.54266489
v -2.09960902 -3.39999992 2.46898997
v -2.09960902 -3.40249992 2.46898997
v -2.11670100 -3.39999992 2.45037195
v -2.11670100 -3.40249992 2.45037195
v -2.14351191 -3.39999992 2.44144892
v -2.14351191 -3.40249992 2.44144892
v -2.22499797 -3.39999992 2.43560496
v -2.22499797 -3.40249992 2.43560496
v -2.32421595 -3.39999992 2.44304590
v -2.32421595 -3.40249992 2.44304590
v -2.35139201 -3.39999992 2.46021891
v -2.35139201 -3.40249992 2.46021891
v -2.36574000 -3.39999992 2.49510691
v -2.36574000 -3.40249992 2.49510691
v -2.37142695 -3.39999992 2.54390589
v -2.37142695 -3.40249992 2.54390589
v -2.37376994 -3.39999992 2.60491907
v -2.37376994 -3.40249992 2.60491907
v -2.37360697 -3.39999992 2.70452600
v -2.37360697 -3.40249992 2.70452600
v -2.36380000 -3.39999992 2.81409204
v -2.36380000 -3.40249992 2.81409204
v -2.34374796 -3.39999992 2.84860681
v -2.34374796 -3.40249992 2.84860681
v -2.30356898 -3.39999992 2.86210901
v -2.30356898 -3.40249992 2.86210901
v -2.22245997 -3.39999992 2.86594293
v -2.22245997 -3.40249992 2.86594293
v -2.21989100 -3.39999992 2.34796397
v -2.16614802 -3.39999992 2.35002802
v -2.21989100 -3.40249992 2.34796397
v -2.16614802 -3.40249992 2.35002802
v -2.12584788 -3.39999992 2.35426692
v -2.12584788 -3.40249992 2.35426692
v -2.05485789 -3.39999992 2.37409998
v -2.05485789 -3.40249992 2.37409998
v -2.01591899 -3.39999992 2.40646891
v -2.01591899 -3.40249992 2.40646891
v -1.99466502 -3.39999992 2.45178492
v -1.99466502 -3.40249992 2.45178492
v -1.98777797 -3.39999992 2.49204996
v -1.98777797 -3.40249992 2.49204996
v -1.98258495 -3.39999992 2.54608500
v -1.98258495 -3.40249992 2.54608500
v -1.98039501 -3.39999992 2.59685297
v -1.98039501 -3.40249992 2.59685297
v -1.97970699 -3.39999992 2.63511194
v -1.97970699 -3.40249992 2.63511194
v -1.98234294 -3.39999992 2.75917779
v -1.98234294 -3.40249992 2.75917779
v -1.98675990 -3.39999992 2.80790491
v -1.98675990 -3.40249992 2.80790491
v -1.99118892 -3.39999992 2.83595697
v -1.99118892 -3.40249992 2.83595697
v -2.01976695 -3.39999992 2.90055383
v -2.01976695 -3.40249992 2.90055383
v -2.01976695 -3.39999992 2.90055383
v -2.05442302 -3.39999992 2.92750604
v -2.01976695 -3.40249992 2.90055383
v -2.05442302 -3.40249992 2.92750604
v -2.08365199 -3.39999992 2.93875878
v -2.08365199 -3.40249992 2.93875878
v -2.12590800 -3.39999992 2.94757287
v -2.12590800 -3.40249992 2.94757287
v -2.21230494 -3.39999992 2.95387902
v -2.21230494 -3.40249992 2.95387902
v -2.24367289 -3.39999992 2.95379388
v -2.24367289 -3.40249992 2.95379388
v -2.29603999 -3.39999992 2.95125299
v -2.29603999 -3.40249992 2.95125299
v -2.39190195 -3.39999992 2.93097497
v -2.39190195 -3.40249992 2.93097497
v -2.42762690 -3.39999992 2.90697290
v -2.42762690 -3.40249992 2.90697290
v -2.44809595 -3.39999992 2.87952203
v -2.44809595 -3.40249992 2.87952203
v -2.45427790 -3.39999992 2.86568292
v -2.45427790 -3.40249992 2.86568292
v -2.46081400 -3.39999992 2.84187280
v -2.46081400 -3.40249992 2.84187280
v -2.47187998 -3.39999992 2.74195581
v -2.47187998 -3.40249992 2.74195581
v -2.47328196 -3.39999992 2.61992487
v -2.47328196 -3.40249992 2.61992487
v -2.47141794 -3.39999992 2.55673197
v -2.47141794 -3.40249992 2.55673197
v -2.46761088 -3.39999992 2.50561991
v -2.46761088 -3.40249992 2.50561991
v -2.46256495 -3.39999992 2.46721689
v -2.46256495 -3.40249992 2.46721689
v -2.45595194 -3.39999992 2.44095896
v -2.45595194 -3.40249992 2.44095896
v -2.42818400 -3.39999992 2.39566599
v -2.42818400 -3.40249992 2.39566599
v -2.37163096 -3.39999992 2.36352900
v -2.37163096 -3.40249992 2.36352900
v -2.32225092 -3.39999992 2.35367701
v -2.32225092 -3.40249992 2.35367701
v -2.30548396 -3.39999992 2.35175288
v -2.30548396 -3.40249992 2.35175288
v -2.28152400 -3.39999992 2.35033900
v -2.28152400 -3.40249992 2.35033900
v -2.25728099 -3.39999992 2.34927195
v -2.25728099 -3.40249992 2.34927195
v -2.21989100 -3.39999992 2.34796397
v -2.21989100 -3.40249992 2.34796397
v -3.69999992 0.13757950 0.67321509
v -3.69999992 0.00475731 0.85641508
v -3.70099998 0.13757950 0.67321509
v -3.70099998 0.00475731 0.85641508
v -3.69999992 0.23100000 0.67321509
v -3.69999992 0.13757950 0.67321509
v -3.70099998 0.23100000 0.67321509
v -3.70099998 0.13757950 0.67321509
v -3.69999992 0.05030297 0.92599996
v -3.69999992 0.23100000 0.67321509
v -3.70099998 0.05030297 0.92599996
v -3.70099998 0.23100000 0.67321509
v -3.69999992 0.22800249 1.17678495
v -3.69999992 0.05030297 0.92599996
v -3.70099998 0.22800249 1.17678495
v -3.70099998 0.05030297 0.92599996
v -3.69999992 0.13089579 1.17678495
v -3.69999992 0.22800249 1.17678495
v -3.70099998 0.13089579 1.17678495
v -3.70099998 0.22800249 1.17678495
v -3.69999992 -0.23100000 0.67321509
v -3.69999992 0.13089579 1.17678495
v -3.70099998 -0.23100000 0.67321509
v -3.70099998 0.13089579 1.17678495
v -3.69999992 -0.13287860 0.67321509
v -3.69999992 -0.23100000 0.67321509
v -3.70099998 -0.13287860 0.67321509
v -3.70099998 -0.23100000 0.67321509
v -3.69999992 -0.00122000 0.85641508
v -3.69999992 -0.13287860 0.67321509
v -3.70099998 -0.00122000 0.85641508
v -3.70099998 -0.13287860 0.67321509
v -3.69999992 0.00475731 0.85641508
v -3.69999992 -0.00122000 0.85641508
v -3.70099998 0.00475731 0.85641508
v -3.70099998 -0.00122000 0.85641508
v -3.70099998 0.13757950 0.67321509
v -3.70099998 0.00475731 0.85641508
v -3.70099998 0.05030297 0.92599996
v -3.70099998 -0.00122000 0.85641508
v -3.70099998 0.13089579 1.17678495
v -3.70099998 -0.23100000 0.67321509
v -3.70099998 -0.13287860 0.67321509
v -3.70099998 0.22800249 1.17678495
v -3.70099998 0.23100000 0.67321509
v -3.69999992 -0.22751480 1.17678495
v -3.69999992 -0.01083812 1.17678495
v -3.70099998 -0.22751480 1.17678495
v -3.70099998 -0.01083812 1.17678495
v -3.69999992 -0.11869980 1.02669798
v -3.69999992 -0.22751480 1.17678495
v -3.70099998 -0.11869980 1.02669798
v -3.70099998 -0.22751480 1.17678495
v -3.69999992 -0.01083812 1.17678495
v -3.69999992 -0.11869980 1.02669798
v -3.70099998 -0.01083812 1.17678495
v -3.70099998 -0.11869980 1.02669798
v -3.69999992 -0.34400001 1.29278501
v -3.69999992 -0.34400001 0.55721499
v -3.70099998 -0.34400001 1.29278501
v -3.70099998 -0.34400001 0.55721499
v -3.69999992 0.34400001 1.29278501
v -3.69999992 -0.34400001 1.29278501
v -3.70099998 0.34400001 1.29278501
v -3.70099998 -0.34400001 1.29278501
v -3.69999992 0.34400001 0.55721499
v -3.69999992 0.34400001 1.29278501
v -3.70099998 0.34400001 0.55721499
v -3.70099998 0.34400001 1.29278501
v -3.69999992 -0.34400001 0.55721499
v -3.69999992 0.34400001 0.55721499
v -3.70099998 -0.34400001 0.55721499
v -3.70099998 0.34400001 0.55721499
v -3.69999992 0.42499999 0.47621497
v -3.69999992 -0.42499999 0.47621497
v -3.70099998 0.42499999 0.47621497
v -3.70099998 -0.42499999 0.47621497
v -3.69999992 0.42499999 1.37378491
v -3.69999992 0.42499999 0.47621497
v -3.70099998 0.42499999 1.37378491
v -3.70099998 0.42499999 0.47621497
v -3.69999992 -0.42499999 1.37378491
v -3.69999992 0.42499999 1.37378491
v -3.70099998 -0.42499999 1.37378491
v -3.70099998 0.42499999 1.37378491
v -3.69999992 -0.42499999 0.47621497
v -3.69999992 -0.42499999 1.37378491
v -3.70099998 -0.42499999 0.47621497
v -3.70099998 -0.42499999 1.37378491
v -3.70099998 0.42499999 0.47621497
v -3.70099998 -0.42499999 0.47621497
v -3.70099998 -0.34400001 0.55721499
v -3.70099998 -0.42499999 1.37378491
v -3.70099998 -0.34400001 1.29278501
v -3.70099998 0.42499999 1.37378491
v -3.70099998 0.34400001 1.29278501
v -3.70099998 0.34400001 0.55721499
v 3.69999992 -0.13757950 0.67321509
v 3.69999992 -0.00475731 0.85641508
v 3.70099998 -0.13757950 0.67321509
v 3.70099998 -0.00475731 0.85641508
v 3.69999992 -0.23100000 0.67321509
v 3.69999992 -0.13757950 0.67321509
v 3.70099998 -0.23100000 0.67321509
v 3.70099998 -0.13757950 0.67321509
v 3.69999992 -0.05030297 0.92599996
v 3.69999992 -0.23100000 0.67321509
v 3.70099998 -0.05030297 0.92599996
v 3.70099998 -0.23100000 0.67321509
v 3.69999992 -0.22800249 1.17678495
v 3.69999992 -0.05030297 0.92599996
v 3.70099998 -0.22800249 1.17678495
v 3.70099998 -0.05030297 0.92599996
v 3.69999992 -0.13089579 1.17678495
v 3.69999992 -0.22800249 1.17678495
v 3.70099998 -0.13089579 1.17678495
v 3.70099998 -0.22800249 1.17678495
v 3.69999992 0.23100000 0.67321509
v 3.69999992 -0.13089579 1.17678495
v 3.70099998 0.23100000 0.67321509
v 3.70099998 -0.13089579 1.17678495
v 3.69999992 0.13287860 0.67321509
v 3.69999992 0.23100000 0.67321509
v 3.70099998 0.13287860 0.67321509
v 3.70099998 0.23100000 0.67321509
v 3.69999992 0.00122000 0.85641508
v 3.69999992 0.13287860 0.67321509
v 3.70099998 0.00122000 0.85641508
v 3.70099998 0.13287860 0.67321509
v 3.69999992 -0.00475731 0.85641508
v 3.69999992 0.00122000 0.85641508
v 3.70099998 -0.00475731 0.85641508
v 3.70099998 0.00122000 0.85641508
v 3.70099998 -0.13757950 0.67321509
v 3.70099998 -0.00475731 0.85641508
v 3.70099998 -0.05030297 0.92599996
v 3.70099998 0.00122000 0.85641508
v 3.70099998 -0.13089579 1.17678495
v 3.70099998 0.23100000 0.67321509
v 3.70099998 0.13287860 0.67321509
v 3.70099998 -0.22800249 1.17678495
v 3.70099998 -0.23100000 0.67321509
v 3.69999992 0.22751480 1.17678495
v 3.69999992 0.01083812 1.17678495
v 3.70099998 0.22751480 1.17678495
v 3.70099998 0.01083812 1.17678495
v 3.69999992 0.11869980 1.02669798
v 3.69999992 0.22751480 1.17678495
v 3.70099998 0.11869980 1.02669798
v 3.70099998 0.22751480 1.17678495
v 3.69999992 0.01083812 1.17678495
v 3.69999992 0.11869980 1.02669798
v 3.70099998 0.01083812 1.17678495
v 3.70099998 0.11869980 1.02669798
v 3.69999992 0.34400001 1.29278501
v 3.69999992 0.34400001 0.55721499
v 3.70099998 0.34400001 1.29278501
v 3.70099998 0.34400001 0.55721499
v 3.69999992 -0.34400001 1.29278501
v 3.69999992 0.34400001 1.29278501
v 3.70099998 -0.34400001 1.29278501
v 3.70099998 0.34400001 1.29278501
v 3.69999992 -0.34400001 0.55721499
v 3.69999992 -0.34400001 1.29278501
v 3.70099998 -0.34400001 0.55721499
v 3.70099998 -0.34400001 1.29278501
v 3.69999992 0.34400001 0.55721499
v 3.69999992 -0.34400001 0.55721499
v 3.70099998 0.34400001 0.55721499
v 3.70099998 -0.34400001 0.55721499
v 3.69999992 -0.42499999 0.47621497
v 3.69999992 0.42499999 0.47621497
v 3.70099998 -0.42499999 0.47621497
v 3.70099998 0.42499999 0.47621497
v 3.69999992 -0.42499999 1.37378491
v 3.69999992 -0.42499999 0.47621497
v 3.70099998 -0.42499999 1.37378491
v 3.70099998 -0.42499999 0.47621497
v 3.69999992 0.42499999 1.37378491
v 3.69999992 -0.42499999 1.37378491
v 3.70099998 0.42499999 1.37378491
v 3.70099998 -0.42499999 1.37378491
v 3.69999992 0.42499999 0.47621497
v 3.69999992 0.42499999 1.37378491
v 3.70099998 0.42499999 0.47621497
v 3.70099998 0.42499999 1.37378491
v 3.70099998 -0.42499999 0.47621497
v 3.70099998 0.42499999 0.47621497
v 3.70099998 0.34400001 0.55721499
v 3.70099998 0.42499999 1.37378491
v 3.70099998 0.34400001 1.29278501
v 3.70099998 -0.42499999 1.37378491
v 3.70099998 -0.34400001 1.29278501
v 3.70099998 -0.34400001 0.55721499
v 3.69999992 2.26777888 2.58299982
v 3.70499992 2.28600001 2.51499994
v 3.69999992 2.28600001 2.51499994
v 3.70499992 2.26777888 2.44699991
v 3.69999992 2.26777888 2.44699991
v 3.70499992 2.21799998 2.39722102
v 3.69999992 2.21799998 2.39722102
v 3.70499992 2.14999995 2.37899989
v 3.69999992 2.14999995 2.37899989
v 3.70499992 2.08199992 2.39722102
v 3.69999992 2.08199992 2.39722102
v 3.70499992 2.03221996 2.44699991
v 3.69999992 2.03221996 2.44699991
v 3.69999992 2.01399989 2.51499994
v 3.70499992 2.01399989 2.51499994
v 3.69999992 2.01399989 2.51499994
v 3.70499992 2.01399989 2.51499994
v 3.69999992 2.03221996 2.58299982
v 3.70499992 2.03221996 2.58299982
v 3.70499992 2.08199992 2.63278009
v 3.70499992 2.26777888 2.58299982
v 3.69999992 2.21799998 2.63278009
v 3.70499992 2.21799998 2.63278009
v 3.69999992 2.14999995 2.65100000
v 3.70499992 2.14999995 2.65100000
v 3.69999992 2.08199992 2.63278009
v 3.70499992 2.26777888 2.58299982
v 3.70499992 2.27124293 2.58499994
v 3.70499992 2.28600001 2.51499994
v 3.70499992 2.28999995 2.51499994
v 3.70499992 2.27124293 2.44499995
v 3.70499992 2.21999995 2.63624384
v 3.70499992 2.21799998 2.63278009
v 3.70499992 2.14999995 2.65499994
v 3.70499992 2.14999995 2.65100000
v 3.70499992 2.07999995 2.63624384
v 3.70499992 2.08199992 2.63278009
v 3.70499992 2.03221996 2.58299982
v 3.70499992 2.02875697 2.58499994
v 3.70499992 2.01399989 2.51499994
v 3.70499992 2.00999996 2.51499994
v 3.70499992 2.02875697 2.44499995
v 3.70499992 2.03221996 2.44699991
v 3.70499992 2.07999995 2.39375590
v 3.70499992 2.08199992 2.39722102
v 3.70499992 2.14999995 2.37499995
v 3.70499992 2.14999995 2.37899989
v 3.70499992 2.21799998 2.39722102
v 3.70499992 2.21999995 2.39375590
v 3.70499992 2.26777888 2.44699991
v 3.78399985 2.23009288 2.57319086
v 3.78399985 2.22923487 2.57256800
v 3.78399985 2.24899989 2.51499994
v 3.78399985 2.24794001 2.51499994
v 3.78399985 2.22923487 2.45743189
v 3.78399985 2.18026500 2.60814600
v 3.78399985 2.18059291 2.60915399
v 3.78399985 2.11940700 2.60915399
v 3.78399985 2.11973491 2.60814600
v 3.78399985 2.06990703 2.57319086
v 3.78399985 2.07076503 2.57256800
v 3.78399985 2.05100002 2.51499994
v 3.78399985 2.05205989 2.51499994
v 3.78399985 2.07076503 2.45743189
v 3.78399985 2.06990703 2.45680887
v 3.78399985 2.11973491 2.42185297
v 3.78399985 2.11940700 2.42084498
v 3.78399985 2.18026500 2.42185297
v 3.78399985 2.18059291 2.42084498
v 3.78399985 2.23009288 2.45680887
v 3.81599998 2.22923487 2.57256800
v 3.81599998 2.24421992 2.57555201
v 3.81599998 2.24794001 2.51499994
v 3.81599998 2.26199992 2.51499994
v 3.81599998 2.24421992 2.45444788
v 3.81599998 2.19652598 2.61687891
v 3.81599998 2.18026500 2.60814600
v 3.81599998 2.13406093 2.62585993
v 3.81599998 2.11973491 2.60814600
v 3.81599998 2.07665599 2.59964380
v 3.81599998 2.07076503 2.57256800
v 3.81599998 2.04253688 2.54655390
v 3.81599998 2.05205989 2.51499994
v 3.81599998 2.04253688 2.48344599
v 3.81599998 2.07076503 2.45743189
v 3.81599998 2.07665599 2.43035593
v 3.81599998 2.11973491 2.42185297
v 3.81599998 2.13406093 2.40413996
v 3.81599998 2.18026500 2.42185297
v 3.81599998 2.19652598 2.41312098
v 3.81599998 2.22923487 2.45743189
v -3.79099998 -2.06990703 2.57319086
v -3.79099998 -2.07076594 2.57256708
v -3.79099998 -2.05100002 2.51499994
v -3.79099998 -2.05206203 2.51499994
v -3.79099998 -2.07076594 2.45743296
v -3.79099998 -2.11973491 2.60814508
v -3.79099998 -2.11940700 2.60915399
v -3.79099998 -2.18059291 2.60915399
v -3.79099998 -2.18026500 2.60814508
v -3.79099998 -2.23009288 2.57319086
v -3.79099998 -2.22923396 2.57256708
v -3.79099998 -2.24899989 2.51499994
v -3.79099998 -2.24793788 2.51499994
v -3.79099998 -2.22923396 2.45743296
v -3.79099998 -2.23009288 2.45680887
v -3.79099998 -2.18026500 2.42185496
v -3.79099998 -2.18059291 2.42084498
v -3.79099998 -2.11973491 2.42185496
v -3.79099998 -2.11940700 2.42084498
v -3.79099998 -2.06990703 2.45680887
v -3.75899985 -2.07076594 2.45743296
v -3.75899985 -2.05206203 2.51499994
v -3.75899985 -2.05100002 2.51499994
v -3.75899985 -2.07076594 2.57256708
v -3.75899985 -2.06990703 2.57319086
v -3.75899985 -2.11973491 2.60814508
v -3.75899985 -2.11940700 2.60915399
v -3.75899985 -2.18059291 2.60915399
v -3.75899985 -2.18026500 2.60814508
v -3.75899985 -2.23009288 2.57319086
v -3.75899985 -2.22923396 2.57256708
v -3.75899985 -2.24899989 2.51499994
v -3.75899985 -2.24793788 2.51499994
v -3.75899985 -2.22923396 2.45743296
v -3.75899985 -2.23009288 2.45680887
v -3.75899985 -2.18026500 2.42185496
v -3.75899985 -2.18059291 2.42084498
v -3.75899985 -2.11973491 2.42185496
v -3.75899985 -2.11940700 2.42084498
v -3.75899985 -2.06990703 2.45680887
v -3.70399986 -2.02875697 2.44499995
v -3.70399986 -2.00999996 2.51499994
v -3.70399986 -2.01399989 2.51499994
v -3.70399986 -2.02875697 2.58499994
v -3.70399986 -2.03221996 2.58299982
v -3.70399986 -2.07999995 2.63624384
v -3.70399986 -2.08199992 2.63278009
v -3.70399986 -2.14999995 2.65499994
v -3.70399986 -2.14999995 2.65100000
v -3.70399986 -2.21799998 2.63278009
v -3.70399986 -2.21999995 2.63624384
v -3.70399986 -2.26777888 2.58299982
v -3.70399986 -2.27124293 2.58499994
v -3.70399986 -2.28600001 2.51499994
v -3.70399986 -2.28999995 2.51499994
v -3.70399986 -2.27124293 2.44499995
v -3.70399986 -2.26777888 2.44699991
v -3.70399986 -2.21999995 2.39375590
v -3.70399986 -2.21799998 2.39722102
v -3.70399986 -2.14999995 2.37899989
v -3.70399986 -2.14999995 2.37499995
v -3.70399986 -2.08199992 2.39722102
v -3.70399986 -2.07999995 2.39375590
v -3.70399986 -2.03221996 2.44699991
v -3.70399986 -2.03221996 2.58299982
v -3.69999992 -2.01399989 2.51499994
v -3.70399986 -2.01399989 2.51499994
v -3.69999992 -2.03221996 2.44699991
v -3.70399986 -2.03221996 2.44699991
v -3.69999992 -2.08199992 2.39722102
v -3.70399986 -2.08199992 2.39722102
v -3.69999992 -2.14999995 2.37899989
v -3.70399986 -2.14999995 2.37899989
v -3.69999992 -2.21799998 2.39722102
v -3.70399986 -2.21799998 2.39722102
v -3.69999992 -2.26777888 2.44699991
v -3.70399986 -2.26777888 2.44699991
v -3.70399986 -2.28600001 2.51499994
v -3.69999992 -2.28600001 2.51499994
v -3.70399986 -2.28600001 2.51499994
v -3.69999992 -2.28600001 2.51499994
v -3.70399986 -2.26777888 2.58299982
v -3.69999992 -2.26777888 2.58299982
v -3.69999992 -2.21799998 2.63278009
v -3.69999992 -2.03221996 2.58299982
v -3.70399986 -2.08199992 2.63278009
v -3.69999992 -2.08199992 2.63278009
v -3.70399986 -2.14999995 2.65100000
v -3.69999992 -2.14999995 2.65100000
v -3.70399986 -2.21799998 2.63278009
v -3.70899986 -1.03096197 2.60549982
v -3.70899986 -1.01099996 2.67999994
v -3.70899986 -1.01399999 2.67999994
v -3.70899986 -1.03096197 2.75450006
v -3.70899986 -1.03356000 2.75299982
v -3.70899986 -1.08550001 2.80903802
v -3.70899986 -1.08699995 2.80644006
v -3.70899986 -1.15999997 2.82899988
v -3.70899986 -1.15999997 2.82600000
v -3.70899986 -1.23300000 2.80644006
v -3.70899986 -1.23449994 2.80903802
v -3.70899986 -1.28643994 2.75299982
v -3.70899986 -1.28903790 2.75450006
v -3.70899986 -1.30600003 2.67999994
v -3.70899986 -1.30899991 2.67999994
v -3.70899986 -1.28903790 2.60549982
v -3.70899986 -1.28643994 2.60700006
v -3.70899986 -1.23449994 2.55096201
v -3.70899986 -1.23300000 2.55355997
v -3.70899986 -1.15999997 2.53399988
v -3.70899986 -1.15999997 2.53100000
v -3.70899986 -1.08699995 2.55355997
v -3.70899986 -1.08550001 2.55096201
v -3.70899986 -1.03356000 2.60700006
v -3.70899986 1.28903790 2.60549982
v -3.70899986 1.30899991 2.67999994
v -3.70899986 1.30600003 2.67999994
v -3.70899986 1.28903790 2.75450006
v -3.70899986 1.28643994 2.75299982
v -3.70899986 1.23449994 2.80903802
v -3.70899986 1.23300000 2.80644006
v -3.70899986 1.15999997 2.82899988
v -3.70899986 1.15999997 2.82600000
v -3.70899986 1.08699995 2.80644006
v -3.70899986 1.08550001 2.80903802
v -3.70899986 1.03356000 2.75299982
v -3.70899986 1.03096197 2.75450006
v -3.70899986 1.01399999 2.67999994
v -3.70899986 1.01099996 2.67999994
v -3.70899986 1.03096197 2.60549982
v -3.70899986 1.03356000 2.60700006
v -3.70899986 1.08550001 2.55096201
v -3.70899986 1.08699995 2.55355997
v -3.70899986 1.15999997 2.53399988
v -3.70899986 1.15999997 2.53100000
v -3.70899986 1.23300000 2.55355997
v -3.70899986 1.23449994 2.55096201
v -3.70899986 1.28643994 2.60700006
v 1.91319301 3.40249992 2.35326502
v 1.80300701 3.40249992 2.35326502
v 1.70045101 3.40249992 2.65101404
v 1.64702999 3.40249992 2.56880091
v 1.63971691 3.40249992 2.56880091
v 1.48365902 3.40249992 2.35326502
v 1.36999997 3.40249992 2.35326502
v 1.79572094 3.40249992 2.94632806
v 1.90958889 3.40249992 2.94632806
v 3.02999993 3.40249992 2.94708795
v 2.88750482 3.40249992 2.85966180
v 2.74168481 3.40249992 2.94675286
v 2.85610284 3.40249992 2.85966180
v 2.82169702 3.40249992 2.85966089
v 3.02999993 3.40249992 2.35482600
v 2.93288293 3.40249992 2.66444391
v 2.93288293 3.40249992 2.85966180
v 2.93286798 3.40249992 2.35482600
v 2.93286798 3.40249992 2.57890497
v 2.86709100 3.40249992 2.66487085
v 2.76368097 3.40249992 2.57890497
v 2.82376397 3.40249992 2.66516992
v 2.79692590 3.40249992 2.66537988
v 2.78152704 3.40249992 2.66553095
v 2.76562402 3.40249992 2.66597986
v 2.75260583 3.40249992 2.66715784
v 2.72114008 3.40249992 2.67359979
v 2.66951502 3.40249992 2.59118891
v 2.69733881 3.40249992 2.68637201
v 2.63935480 3.40249992 2.60388086
v 2.68535486 3.40249992 2.70540704
v 2.61725305 3.40249992 2.62172907
v 2.59267908 3.40249992 2.68269708
v 2.67537103 3.40249992 2.35482600
v 2.57209284 3.40249992 2.35482600
v 2.68018488 3.40249992 2.72918787
v 2.58699579 3.40249992 2.71584680
v 2.58453608 3.40249992 2.74178491
v 2.67883600 3.40249992 2.76531702
v 2.58468988 3.40249992 2.81783899
v 2.68678308 3.40249992 2.82569208
v 2.60564203 3.40249992 2.89077081
v 2.63470697 3.40249992 2.91968988
v 2.69511499 3.40249992 2.83855798
v 2.65758997 3.40249992 2.93132196
v 2.70621088 3.40249992 2.84666803
v 2.73224390 3.40249992 2.85518182
v 2.76676507 3.40249992 2.85898279
v 2.78653894 3.40249992 2.85937982
v 2.80127283 3.40249992 2.85963891
v 2.05442302 3.40249992 2.92750604
v 2.09697993 3.40249992 2.83224206
v 2.01976695 3.40249992 2.90055383
v 2.08988902 3.40249992 2.81553705
v 1.99118892 3.40249992 2.83595697
v 2.08347392 3.40249992 2.78589685
v 1.98675990 3.40249992 2.80790491
v 1.98234294 3.40249992 2.75917779
v 2.07730098 3.40249992 2.71722803
v 1.97970699 3.40249992 2.63511194
v 2.07679195 3.40249992 2.63672388
v 1.98039501 3.40249992 2.59685297
v 2.08154201 3.40249992 2.54266489
v 1.98258495 3.40249992 2.54608500
v 1.98777797 3.40249992 2.49204996
v 2.09960902 3.40249992 2.46898997
v 1.99466502 3.40249992 2.45178492
v 2.01591899 3.40249992 2.40646891
v 2.05485789 3.40249992 2.37409998
v 2.11670100 3.40249992 2.45037195
v 2.12584788 3.40249992 2.35426692
v 2.14351191 3.40249992 2.44144892
v 2.16614802 3.40249992 2.35002802
v 2.22499797 3.40249992 2.43560496
v 2.21989100 3.40249992 2.34796397
v 2.25728099 3.40249992 2.34927195
v 2.28152400 3.40249992 2.35033900
v 2.32421595 3.40249992 2.44304590
v 2.30548396 3.40249992 2.35175288
v 2.32225092 3.40249992 2.35367701
v 2.37163096 3.40249992 2.36352900
v 2.35139201 3.40249992 2.46021891
v 2.42818400 3.40249992 2.39566599
v 2.36574000 3.40249992 2.49510691
v 2.45595194 3.40249992 2.44095896
v 2.46256495 3.40249992 2.46721689
v 2.46761088 3.40249992 2.50561991
v 2.37142695 3.40249992 2.54390589
v 2.47141794 3.40249992 2.55673197
v 2.37376994 3.40249992 2.60491907
v 2.47328196 3.40249992 2.61992487
v 2.37360697 3.40249992 2.70452600
v 2.47187998 3.40249992 2.74195581
v 2.36380000 3.40249992 2.81409204
v 2.46081400 3.40249992 2.84187280
v 2.45427790 3.40249992 2.86568292
v 2.44809595 3.40249992 2.87952203
v 2.42762690 3.40249992 2.90697290
v 2.34374796 3.40249992 2.84860681
v 2.39190195 3.40249992 2.93097497
v 2.29603999 3.40249992 2.95125299
v 2.30356898 3.40249992 2.86210901
v 2.24367289 3.40249992 2.95379388
v 2.22245997 3.40249992 2.86594293
v 2.21230494 3.40249992 2.95387902
v 2.14341090 3.40249992 2.86096490
v 2.12590800 3.40249992 2.94757287
v 2.10814998 3.40249992 2.84696588
v 2.08365199 3.40249992 2.93875878
v -1.91319301 -3.40249992 2.35326502
v -1.80300701 -3.40249992 2.35326502
v -1.70045101 -3.40249992 2.65101404
v -1.64702999 -3.40249992 2.56880091
v -1.63971691 -3.40249992 2.56880091
v -1.48365902 -3.40249992 2.35326502
v -1.36999997 -3.40249992 2.35326502
v -1.79572094 -3.40249992 2.94632806
v -1.90958889 -3.40249992 2.94632806
v -3.02999993 -3.40249992 2.94708795
v -2.88750482 -3.40249992 2.85966180
v -2.74168481 -3.40249992 2.94675286
v -2.85610284 -3.40249992 2.85966180
v -2.82169702 -3.40249992 2.85966089
v -3.02999993 -3.40249992 2.35482600
v -2.93288293 -3.40249992 2.66444391
v -2.93288293 -3.40249992 2.85966180
v -2.93286798 -3.40249992 2.35482600
v -2.93286798 -3.40249992 2.57890497
v -2.86709100 -3.40249992 2.66487085
v -2.76368097 -3.40249992 2.57890497
v -2.82376397 -3.40249992 2.66516992
v -2.79692590 -3.40249992 2.66537988
v -2.78152704 -3.40249992 2.66553095
v -2.76562402 -3.40249992 2.66597986
v -2.75260583 -3.40249992 2.66715784
v -2.72114008 -3.40249992 2.67359979
v -2.66951502 -3.40249992 2.59118891
v -2.69733881 -3.40249992 2.68637201
v -2.63935480 -3.40249992 2.60388086
v -2.68535486 -3.40249992 2.70540704
v -2.61725305 -3.40249992 2.62172907
v -2.59267908 -3.40249992 2.68269708
v -2.67537103 -3.40249992 2.35482600
v -2.57209284 -3.40249992 2.35482600
v -2.68018488 -3.40249992 2.72918787
v -2.58699579 -3.40249992 2.71584680
v -2.58453608 -3.40249992 2.74178491
v -2.67883600 -3.40249992 2.76531702
v -2.58468988 -3.40249992 2.81783899
v -2.68678308 -3.40249992 2.82569208
v -2.60564203 -3.40249992 2.89077081
v -2.63470697 -3.40249992 2.91968988
v -2.69511499 -3.40249992 2.83855798
v -2.65758997 -3.40249992 2.93132196
v -2.70621088 -3.40249992 2.84666803
v -2.73224390 -3.40249992 2.85518182
v -2.76676507 -3.40249992 2.85898279
v -2.78653894 -3.40249992 2.85937982
v -2.80127283 -3.40249992 2.85963891
v -2.05442302 -3.40249992 2.92750604
v -2.09697993 -3.40249992 2.83224206
v -2.01976695 -3.40249992 2.90055383
v -2.08988902 -3.40249992 2.81553705
v -1.99118892 -3.40249992 2.83595697
v -2.08347392 -3.40249992 2.78589685
v -1.98675990 -3.40249992 2.80790491
v -1.98234294 -3.40249992 2.75917779
v -2.07730098 -3.40249992 2.71722803
v -1.97970699 -3.40249992 2.63511194
v -2.07679195 -3.40249992 2.63672388
v -1.98039501 -3.40249992 2.59685297
v -2.08154201 -3.40249992 2.54266489
v -1.98258495 -3.40249992 2.54608500
v -1.98777797 -3.40249992 2.49204996
v -2.09960902 -3.40249992 2.46898997
v -1.99466502 -3.40249992 2.45178492
v -2.01591899 -3.40249992 2.40646891
v -2.05485789 -3.40249992 2.37409998
v -2.11670100 -3.40249992 2.45037195
v -2.12584788 -3.40249992 2.35426692
v -2.14351191 -3.40249992 2.44144892
v -2.16614802 -3.40249992 2.35002802
v -2.22499797 -3.40249992 2.43560496
v -2.21989100 -3.40249992 2.34796397
v -2.25728099 -3.40249992 2.34927195
v -2.28152400 -3.40249992 2.35033900
v -2.32421595 -3.40249992 2.44304590
v -2.30548396 -3.40249992 2.35175288
v -2.32225092 -3.40249992 2.35367701
v -2.37163096 -3.40249992 2.36352900
v -2.35139201 -3.40249992 2.46021891
v -2.42818400 -3.40249992 2.39566599
v -2.36574000 -3.40249992 2.49510691
v -2.45595194 -3.40249992 2.44095896
v -2.46256495 -3.40249992 2.46721689
v -2.46761088 -3.40249992 2.50561991
v -2.37142695 -3.40249992 2.54390589
v -2.47141794 -3.40249992 2.55673197
v -2.37376994 -3.40249992 2.60491907
v -2.47328196 -3.40249992 2.61992487
v -2.37360697 -3.40249992 2.70452600
v -2.47187998 -3.40249992 2.74195581
v -2.36380000 -3.40249992 2.81409204
v -2.46081400 -3.40249992 2.84187280
v -2.45427790 -3.40249992 2.86568292
v -2.44809595 -3.40249992 2.87952203
v -2.42762690 -3.40249992 2.90697290
v -2.34374796 -3.40249992 2.84860681
v -2.39190195 -3.40249992 2.93097497
v -2.29603999 -3.40249992 2.95125299
v -2.30356898 -3.40249992 2.86210901
v -2.24367289 -3.40249992 2.95379388
v -2.22245997 -3.40249992 2.86594293
v -2.21230494 -3.40249992 2.95387902
v -2.14341090 -3.40249992 2.86096490
v -2.12590800 -3.40249992 2.94757287
v -2.10814998 -3.40249992 2.84696588
v -2.08365199 -3.40249992 2.93875878
v 1.99999996 -3.37999992 1.54999997
v 1.99999996 -3.37999992 0.31999999
v 2.09999995 -3.37999992 1.54999997
v 2.09999995 -3.37999992 0.31999999
v 2.10267894 -3.37999992 0.30999999
v 1.99732097 -3.37999992 0.30999999
v 2.10999995 -3.37999992 0.30267949
v 1.98999996 -3.37999992 0.30267949
v 2.11999995 -3.37999992 0.29999999
v 1.97999996 -3.37999992 0.29999999
v 2.09999995 -3.19999993 1.72999996
v 1.99999996 -3.19999993 1.72999996
v 2.09999995 -3.26888298 1.71629803
v 1.99999996 -3.26888298 1.71629803
v 2.09999995 -3.32727898 1.67727902
v 1.99999996 -3.32727898 1.67727902
v 2.09999995 -3.36629784 1.61888302
v 1.99999996 -3.36629784 1.61888302
v 2.09999995 -3.37999992 1.54999997
v 1.99999996 -3.37999992 1.54999997
v 1.99999996 -2.87999994 1.72999996
v 1.99999996 -3.19999993 1.72999996
v 2.09999995 -2.87999994 1.72999996
v 2.09999995 -3.19999993 1.72999996
v 2.09999995 -2.77999994 1.82999996
v 1.99999996 -2.77999994 1.82999996
v 2.09999995 -2.79339807 1.77999996
v 1.99999996 -2.79339807 1.77999996
v 2.09999995 -2.82999994 1.74339703
v 1.99999996 -2.82999994 1.74339703
v 1.99999996 -2.87999994 1.72999996
v 1.99999996 -2.77999994 2.08999995
v 1.99999996 -2.77999994 1.82999996
v 2.09999995 -2.77999994 2.08999995
v 2.09999995 -2.77999994 1.82999996
v 2.09999995 -3.19999993 3.27999993
v 1.99999996 -3.19999993 3.27999993
v 2.09999995 -3.26888298 3.26629784
v 1.99999996 -3.26888298 3.26629784
v 2.09999995 -3.32727898 3.22727898
v 1.99999996 -3.32727898 3.22727898
v 2.09999995 -3.36629784 3.16888299
v 1.99999996 -3.36629784 3.16888299
v 2.09999995 -3.37999992 3.09999993
v 1.99999996 -3.37999992 3.09999993
v 1.99999996 -3.37999992 3.09999993
v 1.99999996 -3.37999992 2.06999995
v 2.09999995 -3.37999992 3.09999993
v 2.09999995 -3.37999992 2.06999995
v 2.10267894 -3.37999992 2.05999995
v 1.99732097 -3.37999992 2.05999995
v 2.10999995 -3.37999992 2.05267894
v 1.98999996 -3.37999992 2.05267894
v 2.11999995 -3.37999992 2.04999995
v 1.97999996 -3.37999992 2.04999995
v 3.49999992 1.79999996 3.27999993
v 3.49999992 1.69999996 3.27999993
v 3.56888298 1.79999996 3.26629784
v 3.56888298 1.69999996 3.26629784
v 3.62727897 1.79999996 3.22727898
v 3.62727897 1.69999996 3.22727898
v 3.66629783 1.79999996 3.16888299
v 3.66629783 1.69999996 3.16888299
v 3.67999992 1.79999996 3.09999993
v 3.67999992 1.69999996 3.09999993
v 3.67999992 1.69999996 3.09999993
v 3.67999992 1.69999996 2.06999995
v 3.67999992 1.79999996 3.09999993
v 3.67999992 1.79999996 2.06999995
v 3.67999992 1.69732098 2.05999995
v 3.67999992 1.80267895 2.05999995
v 3.67999992 1.68999996 2.05267894
v 3.67999992 1.80999996 2.05267894
v 3.67999992 1.67999996 2.04999995
v 3.67999992 1.81999996 2.04999995
v 3.27999993 1.69999996 2.08999995
v 3.27999993 1.69999996 1.82999996
v 3.27999993 1.79999996 2.08999995
v 3.27999993 1.79999996 1.82999996
v 3.27999993 1.79999996 1.82999996
v 3.27999993 1.69999996 1.82999996
v 3.29339806 1.79999996 1.77999996
v 3.29339806 1.69999996 1.77999996
v 3.32999993 1.79999996 1.74339703
v 3.32999993 1.69999996 1.74339703
v 3.37999992 1.79999996 1.72999996
v 3.37999992 1.69999996 1.72999996
v 3.37999992 1.69999996 1.72999996
v 3.49999992 1.69999996 1.72999996
v 3.37999992 1.79999996 1.72999996
v 3.49999992 1.79999996 1.72999996
v 3.49999992 1.79999996 1.72999996
v 3.49999992 1.69999996 1.72999996
v 3.56888298 1.79999996 1.71629803
v 3.56888298 1.69999996 1.71629803
v 3.62727897 1.79999996 1.67727902
v 3.62727897 1.69999996 1.67727902
v 3.66629783 1.79999996 1.61888302
v 3.66629783 1.69999996 1.61888302
v 3.67999992 1.79999996 1.54999997
v 3.67999992 1.69999996 1.54999997
v 3.67999992 1.69999996 1.54999997
v 3.67999992 1.69999996 0.31999999
v 3.67999992 1.79999996 1.54999997
v 3.67999992 1.79999996 0.31999999
v 3.67999992 1.69732098 0.30999999
v 3.67999992 1.80267895 0.30999999
v 3.67999992 1.68999996 0.30267949
v 3.67999992 1.80999996 0.30267949
v 3.67999992 1.67999996 0.29999999
v 3.67999992 1.81999996 0.29999999
v -1.97999996 3.37999992 2.04999995
v -2.11999995 3.37999992 2.04999995
v -1.98999996 3.37999992 2.05267894
v -2.10999995 3.37999992 2.05267894
v -1.99732097 3.37999992 2.05999995
v -2.10267894 3.37999992 2.05999995
v -1.99999996 3.37999992 2.06999995
v -2.09999995 3.37999992 2.06999995
v -2.09999995 3.37999992 3.09999993
v -1.99999996 3.37999992 3.09999993
v -2.09999995 3.19999993 3.27999993
v -1.99999996 3.19999993 3.27999993
v -2.09999995 3.26888298 3.26629784
v -1.99999996 3.26888298 3.26629784
v -2.09999995 3.32727898 3.22727898
v -1.99999996 3.32727898 3.22727898
v -2.09999995 3.36629784 3.16888299
v -1.99999996 3.36629784 3.16888299
v -2.09999995 3.37999992 3.09999993
v -1.99999996 3.37999992 3.09999993
v -1.99999996 2.87999994 1.72999996
v -1.99999996 3.19999993 1.72999996
v -2.09999995 2.87999994 1.72999996
v -2.09999995 3.19999993 1.72999996
v -2.09999995 3.19999993 1.72999996
v -1.99999996 3.19999993 1.72999996
v -2.09999995 3.26888298 1.71629803
v -1.99999996 3.26888298 1.71629803
v -2.09999995 3.32727898 1.67727902
v -1.99999996 3.32727898 1.67727902
v -2.09999995 3.36629784 1.61888302
v -1.99999996 3.36629784 1.61888302
v -2.09999995 3.37999992 1.54999997
v -1.99999996 3.37999992 1.54999997
v -1.97999996 3.37999992 0.29999999
v -2.11999995 3.37999992 0.29999999
v -1.98999996 3.37999992 0.30267949
v -2.10999995 3.37999992 0.30267949
v -1.99732097 3.37999992 0.30999999
v -2.10267894 3.37999992 0.30999999
v -1.99999996 3.37999992 0.31999999
v -2.09999995 3.37999992 0.31999999
v -2.09999995 3.37999992 1.54999997
v -1.99999996 3.37999992 1.54999997
v -1.99999996 2.77999994 2.08999995
v -1.99999996 2.77999994 1.82999996
v -2.09999995 2.77999994 2.08999995
v -2.09999995 2.77999994 1.82999996
v -2.09999995 2.77999994 1.82999996
v -1.99999996 2.77999994 1.82999996
v -2.09999995 2.79339807 1.77999996
v -1.99999996 2.79339807 1.77999996
v -2.09999995 2.82999994 1.74339703
v -1.99999996 2.82999994 1.74339703
v -2.09999995 2.87999994 1.72999996
v -1.99999996 2.87999994 1.72999996
v -3.67999992 -1.67999996 2.04999995
v -3.67999992 -1.81999996 2.04999995
v -3.67999992 -1.68999996 2.05267894
v -3.67999992 -1.80999996 2.05267894
v -3.67999992 -1.69732098 2.05999995
v -3.67999992 -1.80267895 2.05999995
v -3.67999992 -1.69999996 2.06999995
v -3.67999992 -1.79999996 2.06999995
v -3.67999992 -1.79999996 3.09999993
v -3.67999992 -1.69999996 3.09999993
v -3.67999992 -1.69999996 3.09999993
v -3.67999992 -1.79999996 3.09999993
v -3.66629783 -1.69999996 3.16888299
v -3.66629783 -1.79999996 3.16888299
v -3.62727897 -1.69999996 3.22727898
v -3.62727897 -1.79999996 3.22727898
v -3.56888298 -1.69999996 3.26629784
v -3.56888298 -1.79999996 3.26629784
v -3.49999992 -1.69999996 3.27999993
v -3.49999992 -1.79999996 3.27999993
v -3.49999992 -1.79999996 1.72999996
v -3.37999992 -1.79999996 1.72999996
v -3.49999992 -1.69999996 1.72999996
v -3.37999992 -1.69999996 1.72999996
v -3.37999992 -1.69999996 1.72999996
v -3.37999992 -1.79999996 1.72999996
v -3.32999993 -1.69999996 1.74339703
v -3.32999993 -1.79999996 1.74339703
v -3.29339806 -1.69999996 1.77999996
v -3.29339806 -1.79999996 1.77999996
v -3.27999993 -1.69999996 1.82999996
v -3.27999993 -1.79999996 1.82999996
v -3.27999993 -1.79999996 1.82999996
v -3.27999993 -1.79999996 2.08999995
v -3.27999993 -1.69999996 1.82999996
v -3.27999993 -1.69999996 2.08999995
v -3.67999992 -1.67999996 0.29999999
v -3.67999992 -1.81999996 0.29999999
v -3.67999992 -1.68999996 0.30267949
v -3.67999992 -1.80999996 0.30267949
v -3.67999992 -1.69732098 0.30999999
v -3.67999992 -1.80267895 0.30999999
v -3.67999992 -1.69999996 0.31999999
v -3.67999992 -1.79999996 0.31999999
v -3.67999992 -1.79999996 1.54999997
v -3.67999992 -1.69999996 1.54999997
v -3.67999992 -1.69999996 1.54999997
v -3.67999992 -1.79999996 1.54999997
v -3.66629783 -1.69999996 1.61888302
v -3.66629783 -1.79999996 1.61888302
v -3.62727897 -1.69999996 1.67727902
v -3.62727897 -1.79999996 1.67727902
v -3.56888298 -1.69999996 1.71629803
v -3.56888298 -1.79999996 1.71629803
v -3.49999992 -1.69999996 1.72999996
v -3.49999992 -1.79999996 1.72999996
vt -1.71713996 0.00000000
vt -1.43095005 0.00000000
vt -1.71713996 0.02499997
vt -1.43095005 0.02499997
vt -1.14476001 0.00000000
vt -1.14476001 0.02499997
vt -0.85856998 0.00000000
vt -0.85856998 0.02499997
vt -0.57238001 0.00000000
vt -0.57238001 0.02499997
vt 0.00000000 -9.55616665
vt 0.00000000 -9.63437653
vt 0.02499997 -9.55616665
vt 0.02499997 -9.63437653
vt 0.00000000 -9.71258640
vt 0.02499997 -9.71258640
vt -2.39415097 0.00000000
vt -2.19463897 0.00000000
vt -2.39415097 0.02499997
vt -2.19463897 0.02499997
vt -1.99512601 0.00000000
vt -1.99512601 0.02499997
vt -1.79561305 0.00000000
vt -1.79561305 0.02499997
vt -1.59610105 0.00000000
vt -1.59610105 0.02499997
vt 0.00000000 -6.52979898
vt 0.00000000 -6.60769701
vt 0.02499997 -6.52979898
vt 0.02499997 -6.60769701
vt 0.00000000 -6.68559408
vt 0.02499997 -6.68559408
vt -5.15142107 0.00000000
vt -4.86523104 0.00000000
vt -5.15142107 0.02499997
vt -4.86523104 0.02499997
vt -4.57904100 0.00000000
vt -4.57904100 0.02499997
vt -4.29285097 0.00000000
vt -4.29285097 0.02499997
vt -4.00666094 0.00000000
vt -4.00666094 0.02499997
vt -3.22842789 0.00000000
vt -3.09390998 0.00000000
vt -3.22842789 0.02499997
vt -2.95939207 0.02499997
vt -2.95939207 0.00000000
vt -2.69035602 0.00000000
vt -2.69035602 0.02499997
vt -2.55583906 0.00000000
vt -2.55583906 0.02499997
vt -2.42132092 0.00000000
vt -2.42132092 0.02499997
vt -0.15638299 0.00000000
vt -0.07819098 0.00000000
vt -0.15638299 0.02499997
vt -0.07819098 0.02499997
vt 0.00000000 0.00000000
vt 0.00000000 0.02499997
vt -2.06835008 0.00000000
vt -1.72362494 0.00000000
vt -2.06835008 0.02499997
vt -1.72362494 0.02499997
vt -1.37890005 0.00000000
vt -1.37890005 0.02499997
vt -1.03417504 0.00000000
vt -1.03417504 0.02499997
vt -0.68945003 0.00000000
vt -0.68945003 0.02499997
vt -4.18822098 0.00000000
vt -3.88906193 0.00000000
vt -4.18822098 0.02499997
vt -3.88906193 0.02499997
vt -3.58990407 0.00000000
vt -3.58990407 0.02499997
vt -3.58990407 0.02499997
vt -3.58990407 0.00000000
vt -2.99158597 0.00000000
vt -2.99158597 0.02499997
vt -2.39326906 0.00000000
vt -2.39326906 0.02499997
vt -2.09411001 0.00000000
vt -2.09411001 0.02499997
vt -1.79495203 0.00000000
vt -1.79495203 0.02499997
vt -6.16693687 0.00000000
vt -5.82432890 0.00000000
vt -6.16693687 0.02499997
vt -5.82432890 0.02499997
vt -5.48172188 0.00000000
vt -5.48172188 0.02499997
vt -5.13911390 0.00000000
vt -5.13911390 0.02499997
vt -4.79650688 0.00000000
vt -4.79650688 0.02499997
vt -5.17881823 0.00000000
vt -4.96303415 0.00000000
vt -5.17881823 0.02499997
vt -4.74725008 0.02499997
vt -4.74725008 0.00000000
vt -4.31568098 0.00000000
vt -4.31568098 0.02499997
vt -4.09989691 0.00000000
vt -4.09989691 0.02499997
vt -3.88411307 0.00000000
vt -3.88411307 0.02499997
vt -0.26430601 0.00000000
vt -0.13215300 0.00000000
vt -0.26430601 0.02499997
vt -0.13215300 0.02499997
vt 0.00000000 0.00000000
vt 0.00000000 0.02499997
vt -0.29540601 0.61468202
vt -0.49215800 0.58864200
vt -0.38808599 0.35773799
vt -0.61818898 0.53094900
vt -0.47102499 0.32523501
vt -0.70138901 0.42713800
vt -0.51600701 0.26886901
vt -0.76317400 0.00108796
vt -0.54203200 0.00108796
vt -0.51600701 -0.26775199
vt -0.70138901 -0.42602101
vt -0.47102499 -0.32491899
vt -0.61792099 -0.53063297
vt -0.38808599 -0.35773799
vt -0.49106899 -0.58864200
vt -0.29406801 -0.61466002
vt -0.24011600 -0.37316900
vt 0.00000000 -0.62334299
vt 0.00000000 -0.37832299
vt 0.24011600 -0.37316900
vt 0.29404899 -0.61466002
vt 0.38808599 -0.35773799
vt 0.49109900 -0.58864200
vt 0.61791301 -0.53063297
vt 0.47103500 -0.32491201
vt 0.70138901 -0.42602101
vt 0.51600701 -0.26775199
vt 0.53552598 -0.16584100
vt 0.76317400 0.00108796
vt 0.54203200 0.00108796
vt 0.53552598 0.16778600
vt 0.70138901 0.42713901
vt 0.51600701 0.26886901
vt 0.47102499 0.32523501
vt 0.61817801 0.53094900
vt 0.38808599 0.35773799
vt 0.49215800 0.58864200
vt 0.29539400 0.61468202
vt 0.24011600 0.37320599
vt 0.00000000 0.62334299
vt 0.00000000 0.37835199
vt -0.24011600 0.37320599
vt 0.00000000 0.00000000
vt 1.49157405 0.00000000
vt 0.00000000 0.02499997
vt 1.49157405 0.02499997
vt 0.00000000 0.00000000
vt 0.24497400 0.00000000
vt 0.00000000 0.02499997
vt 0.24497400 0.02499997
vt 0.00000000 0.00000000
vt 1.49157405 0.00000000
vt 0.00000000 0.02499997
vt 1.49157405 0.02499997
vt 0.00000000 0.00000000
vt 0.24497400 0.00000000
vt 0.00000000 0.02499997
vt 0.24497400 0.02499997
vt 0.74578702 -0.12248700
vt 0.74578702 0.12248700
vt -0.74578702 -0.12248700
vt -0.74578702 0.12248700
vt 0.00000000 0.00000000
vt 2.18016195 0.00000000
vt 0.00000000 0.02499997
vt 2.18016195 0.02499997
vt 0.00000000 0.00000000
vt 2.03912401 0.00000000
vt 0.00000000 0.02499997
vt 2.03912401 0.02499997
vt 0.00000000 0.00000000
vt 2.18016195 0.00000000
vt 0.00000000 0.02499997
vt 2.18016195 0.02499997
vt 0.00000000 0.00000000
vt 2.03912401 0.00000000
vt 0.00000000 0.02499997
vt 2.03912401 0.02499997
vt 0.00000000 0.00000000
vt 2.66255307 0.00000000
vt 0.00000000 0.02499997
vt 2.66255307 0.02499997
vt 0.00000000 0.00000000
vt 2.52151489 0.00000000
vt 0.00000000 0.02499997
vt 2.52151489 0.02499997
vt 0.00000000 0.00000000
vt 2.66255903 0.00000000
vt 0.00000000 0.02499997
vt 2.66255903 0.02499997
vt 0.00000000 0.00000000
vt 2.52151489 0.00000000
vt 0.00000000 0.02499997
vt 2.52151489 0.02499997
vt -1.33127904 -1.26075804
vt -1.09008396 -1.01956201
vt -1.33127904 1.26075697
vt -1.09008396 1.01956201
vt 1.09007800 1.01956201
vt 1.09007800 -1.01956201
vt 1.33127904 -1.26075697
vt 1.33127296 1.26075804
vt 0.00000000 0.00000000
vt 0.22765400 0.00000000
vt 0.00000000 0.02499997
vt 0.22765400 0.02499997
vt 0.00000000 0.00000000
vt 1.15120900 0.00000000
vt 0.00000000 0.02499997
vt 1.15120900 0.02499997
vt 0.00000000 0.00000000
vt 0.22765400 0.00000000
vt 0.00000000 0.02499997
vt 0.22765400 0.02499997
vt 0.00000000 0.00000000
vt 0.45313299 0.00000000
vt 0.00000000 0.02499997
vt 0.45313299 0.02499997
vt 0.00000000 0.00000000
vt 1.26391995 0.00000000
vt 0.00000000 0.02499997
vt 1.26391995 0.02499997
vt 0.00000000 0.00000000
vt 0.24497400 0.00000000
vt 0.00000000 0.02499997
vt 0.24497400 0.02499997
vt 0.00000000 0.00000000
vt 1.26391995 0.00000000
vt 0.00000000 0.02499997
vt 1.26391995 0.02499997
vt 0.00000000 0.00000000
vt 0.45310301 0.00000000
vt 0.00000000 0.02499997
vt 0.45310301 0.02499997
vt 0.51813298 0.57560498
vt 0.51813298 0.12250200
vt 0.74578702 0.57560498
vt 0.51813298 -0.12247200
vt 0.74578702 -0.57560498
vt 0.51813298 -0.57560498
vt -0.74578702 0.12250200
vt -0.74578702 -0.12247200
vt 0.00000000 0.00000000
vt 0.22117101 0.00000000
vt 0.00000000 0.02499997
vt 0.22117101 0.02499997
vt 0.00000000 0.00000000
vt 0.75017601 0.00000000
vt 0.00000000 0.02499997
vt 0.75017601 0.02499997
vt 0.00000000 0.00000000
vt 0.40761200 0.00000000
vt 0.00000000 0.02499997
vt 0.40761200 0.02499997
vt 0.00000000 0.00000000
vt 0.64828002 0.00000000
vt 0.00000000 0.02499997
vt 0.64828002 0.02499997
vt 0.00000000 0.00000000
vt 0.22114190 0.00000000
vt 0.00000000 0.02499997
vt 0.22114190 0.02499997
vt 0.00000000 0.00000000
vt 0.64828002 0.00000000
vt 0.00000000 0.02499997
vt 0.64828002 0.02499997
vt 0.00000000 0.00000000
vt 0.42061001 0.00000000
vt 0.00000000 0.02499997
vt 0.42061001 0.02499997
vt 0.00000000 0.00000000
vt 0.75017601 0.00000000
vt 0.00000000 0.02499997
vt 0.75017601 0.02499997
vt 0.00000000 0.00000000
vt 0.22114190 0.00000000
vt 0.00000000 0.02499997
vt 0.22114190 0.02499997
vt 0.00000000 0.00000000
vt 0.99516600 0.00000000
vt 0.00000000 0.02499997
vt 0.99516600 0.02499997
vt 0.00000000 0.00000000
vt 1.49167597 0.00000000
vt 0.00000000 0.02499997
vt 1.49167597 0.02499997
vt 0.00000000 0.00000000
vt 0.99516600 0.00000000
vt 0.00000000 0.02499997
vt 0.99516600 0.02499997
vt 0.52466702 -0.49758300
vt 0.74583799 -0.49758300
vt 0.52466702 0.25259301
vt 0.74583799 0.49758300
vt 0.11705490 0.25259200
vt -0.10408600 0.25259200
vt 0.11705490 -0.39568701
vt -0.10408600 -0.39568800
vt -0.74583799 0.49758300
vt -0.52469701 0.25259200
vt -0.74583799 -0.49758300
vt -0.52469599 -0.49758300
vt 0.00000000 0.00000000
vt 0.38161600 0.00000000
vt 0.00000000 0.02499997
vt 0.38161600 0.02499997
vt 0.00000000 17.37808990
vt 0.00000000 17.18276024
vt 0.02499997 17.37808990
vt 0.02499997 17.18276024
vt -0.32941899 0.00000000
vt -0.24706391 0.00000000
vt -0.32941899 0.02499997
vt -0.24706391 0.02499997
vt -0.16470900 0.00000000
vt -0.16470900 0.02499997
vt -0.08235496 0.00000000
vt -0.08235496 0.02499997
vt 0.00000000 0.00000000
vt 0.00000000 0.02499997
vt -0.28394601 0.00000000
vt -0.23662201 0.00000000
vt -0.28394601 0.02499997
vt -0.23662201 0.02499997
vt -0.18929701 0.00000000
vt -0.18929701 0.02499997
vt 0.00000000 -5.23815107
vt 0.00000000 -5.39308882
vt 0.02499997 -5.23815107
vt 0.02499997 -5.39308882
vt 0.00000000 0.00000000
vt 0.38161600 0.00000000
vt 0.00000000 0.02499997
vt 0.38161600 0.02499997
vt 0.00000000 0.00000000
vt 0.40543601 0.00000000
vt 0.00000000 0.02499997
vt 0.40543601 0.02499997
vt 0.00000000 0.00000000
vt 0.39026201 0.00000000
vt 0.00000000 0.02499997
vt 0.39026201 0.02499997
vt 0.00000000 17.31568909
vt 0.00000000 17.16049957
vt 0.02499997 17.31568909
vt 0.02499997 17.16049957
vt 0.02499997 -9.13679314
vt 0.00000000 -9.13679314
vt 0.02499997 -9.18717861
vt 0.00000000 -9.18717861
vt 0.02499997 -9.23756504
vt 0.00000000 -9.23756504
vt -0.71512198 0.00000000
vt -0.59593499 0.00000000
vt -0.71512198 0.02499997
vt -0.59593499 0.02499997
vt -0.47674799 0.00000000
vt -0.47674799 0.02499997
vt -0.35756099 0.00000000
vt -0.35756099 0.02499997
vt -0.23837391 0.00000000
vt -0.23837391 0.02499997
vt 0.00000000 -9.97099209
vt 0.00000000 -10.07289982
vt 0.02499997 -9.97099209
vt 0.02499997 -10.07289982
vt 0.00000000 -10.17481041
vt 0.02499997 -10.17481041
vt 0.00000000 0.00000000
vt 0.39026201 0.00000000
vt 0.00000000 0.02499997
vt 0.39026201 0.02499997
vt 0.00000000 0.00000000
vt 0.42496201 0.00000000
vt 0.00000000 0.02499997
vt 0.42496201 0.02499997
vt -1.68481195 0.00000000
vt -1.56446803 0.00000000
vt -1.68481195 0.02499997
vt -1.56446803 0.02499997
vt -1.44412506 0.00000000
vt -1.44412506 0.02499997
vt -3.39511108 0.00000000
vt -3.20649290 0.00000000
vt -3.39511108 0.02499997
vt -3.20649290 0.02499997
vt -3.01787591 0.00000000
vt -3.01787591 0.02499997
vt -2.82925892 0.00000000
vt -2.82925892 0.02499997
vt -2.64064193 0.00000000
vt -2.64064193 0.02499997
vt -3.46296692 0.00000000
vt -3.28981805 0.00000000
vt -3.46296692 0.02499997
vt -3.28981805 0.02499997
vt -3.11666989 0.00000000
vt -3.11666989 0.02499997
vt 0.00000000 0.00000000
vt 0.70897597 0.00000000
vt 0.00000000 0.02499997
vt 0.70897597 0.02499997
vt 0.00000000 0.00000000
vt 1.49167597 0.00000000
vt 0.00000000 0.02499997
vt 1.49167597 0.02499997
vt 0.00000000 0.00000000
vt 0.70905298 0.00000000
vt 0.00000000 0.02499997
vt 0.70905298 0.02499997
vt -0.65430498 0.00000000
vt -0.49075800 0.00000000
vt -0.65430498 0.02499997
vt -0.49075800 0.02499997
vt -0.32721099 0.00000000
vt -0.32721099 0.02499997
vt -1.21427906 0.00000000
vt -1.06249404 0.00000000
vt -1.21427906 0.02499997
vt -1.06249404 0.02499997
vt -0.91070902 0.00000000
vt -0.91070902 0.02499997
vt -0.75892401 0.00000000
vt -0.75892401 0.02499997
vt -0.60713899 0.00000000
vt -0.60713899 0.02499997
vt 0.00000000 11.69608021
vt 0.00000000 11.80856991
vt -0.02499997 11.69608021
vt -0.02499997 11.80856991
vt 0.00000000 11.92105961
vt -0.02499997 11.92105961
vt 0.00000000 0.00000000
vt 0.00867498 0.00000000
vt 0.00000000 0.02499997
vt 0.00867498 0.02499997
vt 0.01951199 -0.29595301
vt -0.11356600 -0.18941100
vt 0.01083695 -0.29595301
vt -0.14852101 -0.26666400
vt -0.03362697 -0.42331201
vt -0.21331900 -0.30813500
vt -0.10623300 -0.50627297
vt -0.21086700 -0.55178398
vt -0.31437701 -0.32194901
vt -0.35125300 -0.56696898
vt -0.38756701 -0.31625900
vt -0.51846999 -0.54337800
vt -0.44229800 -0.29918799
vt -0.64285398 -0.47263101
vt -0.72009599 -0.34281701
vt -0.48132700 -0.26857501
vt -0.50734597 -0.22223000
vt 0.06204700 -0.41060001
vt 0.16584100 -0.24931400
vt 0.11923100 -0.05963796
vt -0.10191000 -0.06828296
vt -0.10191000 0.32197899
vt 0.11923100 0.32197899
vt 0.74583799 0.56696898
vt 0.52466702 0.32197899
vt 0.74583799 -0.14208400
vt 0.52466702 -0.05963796
vt 0.50734597 -0.21355399
vt 0.22790900 -0.29240200
vt 0.13331690 -0.48998100
vt 0.32087600 -0.30677500
vt 0.23550300 -0.53633797
vt 0.37075001 -0.55179501
vt 0.39348599 -0.30162099
vt 0.53415102 -0.52765602
vt 0.44662100 -0.28619000
vt 0.65149999 -0.45528099
vt 0.72224897 -0.32875499
vt 0.48347899 -0.25772399
vt -0.74583799 0.56696898
vt -0.52687299 0.32197800
vt -0.74583799 -0.14200690
vt -0.52687299 -0.06828296
vt 0.00000000 0.00000000
vt 0.66999501 0.00000000
vt 0.00000000 0.02499997
vt 0.66999501 0.02499997
vt 0.00000000 0.00000000
vt 0.27785200 0.00000000
vt 0.00000000 0.02499997
vt 0.27785200 0.02499997
vt 0.00000000 0.00000000
vt 0.92106098 0.00000000
vt 0.00000000 0.02499997
vt 0.92106098 0.02499997
vt 0.00000000 0.00000000
vt 0.91249698 0.00000000
vt 0.00000000 0.02499997
vt 0.91249698 0.02499997
vt 0.00000000 0.00000000
vt 0.28653699 0.00000000
vt 0.00000000 0.02499997
vt 0.28653699 0.02499997
vt 0.00000000 0.00000000
vt 1.83858800 0.00000000
vt 0.00000000 0.02499997
vt 1.83858800 0.02499997
vt 0.00000000 0.00000000
vt 0.28653699 0.00000000
vt 0.00000000 0.02499997
vt 0.28653699 0.02499997
vt 0.00000000 0.00000000
vt 0.66997802 0.00000000
vt 0.00000000 0.02499997
vt 0.66997802 0.02499997
vt 0.00000000 0.00000000
vt 0.01737099 0.00000000
vt 0.00000000 0.02499997
vt 0.01737099 0.02499997
vt -0.74674302 0.40592799
vt -0.20405300 0.01301395
vt 0.00216395 0.14759700
vt -0.20405300 -0.00435698
vt 0.74674302 0.38855699
vt -0.74674302 -0.68378001
vt -0.74674302 -0.39724201
vt 0.74674302 0.67509401
vt -0.74674302 0.68378001
vt 0.00000000 0.00000000
vt 0.55103397 0.00000000
vt 0.00000000 0.02499997
vt 0.55103397 0.02499997
vt 0.00000000 0.00000000
vt 0.64495802 0.00000000
vt 0.00000000 0.02499997
vt 0.64495802 0.02499997
vt 0.00000000 0.00000000
vt 0.55302399 0.00000000
vt 0.00000000 0.02499997
vt 0.55302399 0.02499997
vt -1.71922398 0.00000000
vt -1.43268704 0.00000000
vt -1.71922398 0.02499997
vt -1.43268704 0.02499997
vt -1.14614999 0.00000000
vt -1.14614999 0.02499997
vt -0.85961199 0.00000000
vt -0.85961199 0.02499997
vt -0.57307500 0.00000000
vt -0.57307500 0.02499997
vt 0.00000000 -9.56776428
vt 0.00000000 -9.64606762
vt 0.02499997 -9.56776428
vt 0.02499997 -9.64606762
vt 0.00000000 -9.72437191
vt 0.02499997 -9.72437191
vt -2.39705706 0.00000000
vt -2.19730210 0.00000000
vt -2.39705706 0.02499997
vt -2.19730210 0.02499997
vt -1.99754703 0.00000000
vt -1.99754703 0.02499997
vt -1.79779196 0.00000000
vt -1.79779196 0.02499997
vt -1.59803796 0.00000000
vt -1.59803796 0.02499997
vt 0.00000000 -6.53772211
vt 0.00000000 -6.61571503
vt 0.02499997 -6.53772211
vt 0.02499997 -6.61571503
vt 0.00000000 -6.69370699
vt 0.02499997 -6.69370699
vt -5.15767288 0.00000000
vt -4.87113523 0.00000000
vt -5.15767288 0.02499997
vt -4.87113523 0.02499997
vt -4.58459806 0.00000000
vt -4.58459806 0.02499997
vt -4.29806089 0.00000000
vt -4.29806089 0.02499997
vt -4.01152277 0.00000000
vt -4.01152277 0.02499997
vt -3.23234606 0.00000000
vt -3.09766412 0.00000000
vt -3.23234606 0.02499997
vt -2.96298289 0.02499997
vt -2.96298289 0.00000000
vt -2.69362092 0.00000000
vt -2.69362092 0.02499997
vt -2.55893993 0.00000000
vt -2.55893993 0.02499997
vt -2.42425895 0.00000000
vt -2.42425895 0.02499997
vt -0.15657289 0.00000000
vt -0.07828599 0.00000000
vt -0.15657289 0.02499997
vt -0.07828599 0.02499997
vt 0.00000000 0.00000000
vt 0.00000000 0.02499997
vt -2.07085896 0.00000000
vt -1.72571599 0.00000000
vt -2.07085896 0.02499997
vt -1.72571599 0.02499997
vt -1.38057303 0.00000000
vt -1.38057303 0.02499997
vt -1.03542995 0.00000000
vt -1.03542995 0.02499997
vt -0.69028699 0.00000000
vt -0.69028699 0.02499997
vt -4.19330311 0.00000000
vt -3.89378095 0.00000000
vt -4.19330311 0.02499997
vt -3.89378095 0.02499997
vt -3.59425998 0.00000000
vt -3.59425998 0.00000000
vt -3.59425998 0.02499997
vt -3.59425998 0.02499997
vt -2.99521708 0.00000000
vt -2.99521708 0.02499997
vt -2.39617300 0.00000000
vt -2.39617300 0.02499997
vt -2.09665203 0.00000000
vt -2.09665203 0.02499997
vt -1.79712999 0.00000000
vt -1.79712999 0.02499997
vt -6.17442083 0.00000000
vt -5.83139801 0.00000000
vt -6.17442083 0.02499997
vt -5.83139801 0.02499997
vt -5.48837423 0.00000000
vt -5.48837423 0.02499997
vt -5.14535093 0.00000000
vt -5.14535093 0.02499997
vt -4.80232811 0.00000000
vt -4.80232811 0.02499997
vt -5.18510199 0.00000000
vt -4.96905708 0.00000000
vt -5.18510199 0.02499997
vt -4.75300980 0.02499997
vt -4.75300980 0.00000000
vt -4.32091904 0.00000000
vt -4.32091904 0.02499997
vt -4.10487318 0.00000000
vt -4.10487318 0.02499997
vt -3.88882709 0.00000000
vt -3.88882709 0.02499997
vt -0.26462701 0.00000000
vt -0.13231300 0.00000000
vt -0.26462701 0.02499997
vt -0.13231300 0.02499997
vt 0.00000000 0.00000000
vt 0.00000000 0.02499997
vt -0.29576400 0.61542797
vt -0.49275500 0.58935702
vt -0.38855699 0.35817200
vt -0.61893898 0.53159302
vt -0.47159600 0.32563001
vt -0.70223999 0.42765701
vt -0.51663297 0.26919499
vt -0.76410002 0.00108898
vt -0.54268998 0.00108898
vt -0.51663297 -0.26807699
vt -0.70223999 -0.42653799
vt -0.47159600 -0.32531399
vt -0.61867100 -0.53127700
vt -0.38855699 -0.35817200
vt -0.49166501 -0.58935702
vt -0.29442400 -0.61540598
vt -0.24040800 -0.37362200
vt 0.00000000 -0.62409902
vt 0.00000000 -0.37878200
vt 0.24040800 -0.37362200
vt 0.29440600 -0.61540598
vt 0.38855699 -0.35817200
vt 0.49169499 -0.58935702
vt 0.61866301 -0.53127700
vt 0.47160599 -0.32530701
vt 0.70223999 -0.42653799
vt 0.51663297 -0.26807699
vt 0.53617603 -0.16604300
vt 0.76410002 0.00108999
vt 0.54268998 0.00108999
vt 0.53617603 0.16799000
vt 0.70223999 0.42765701
vt 0.51663297 0.26919600
vt 0.47159699 0.32563001
vt 0.61892802 0.53159398
vt 0.38855699 0.35817200
vt 0.49275500 0.58935702
vt 0.29575300 0.61542797
vt 0.24040800 0.37365901
vt 0.00000000 0.62409902
vt 0.00000000 0.37881100
vt -0.24040800 0.37365901
vt 0.00000000 0.00000000
vt 1.49167597 0.00000000
vt 0.00000000 0.02499997
vt 1.49167597 0.02499997
vt 0.00000000 0.00000000
vt 0.25366601 0.00000000
vt 0.00000000 0.02499997
vt 0.25366601 0.02499997
vt 0.00000000 0.00000000
vt 1.21895599 0.00000000
vt 0.00000000 0.02499997
vt 1.21895599 0.02499997
vt 0.00000000 0.00000000
vt 0.00870496 0.00000000
vt 0.00000000 0.02499997
vt 0.00870496 0.02499997
vt 0.00000000 0.00000000
vt 1.00819397 0.00000000
vt 0.00000000 0.02499997
vt 1.00819397 0.02499997
vt 0.00000000 0.00000000
vt 0.23413900 0.00000000
vt 0.00000000 0.02499997
vt 0.23413900 0.02499997
vt 0.00000000 0.00000000
vt 1.49167597 0.00000000
vt 0.00000000 0.02499997
vt 1.49167597 0.02499997
vt 0.00000000 0.00000000
vt 0.23413900 0.00000000
vt 0.00000000 0.02499997
vt 0.23413900 0.02499997
vt 0.00000000 0.00000000
vt 1.26041496 0.00000000
vt 0.00000000 0.02499997
vt 1.26041496 0.02499997
vt 0.00000000 0.00000000
vt 0.00867498 0.00000000
vt 0.00000000 0.02499997
vt 0.00867498 0.02499997
vt 0.00000000 0.00000000
vt 1.04504097 0.00000000
vt 0.00000000 0.02499997
vt 1.04504097 0.02499997
vt 0.00000000 0.00000000
vt 0.23416901 0.00000000
vt 0.00000000 0.02499997
vt 0.23416901 0.02499997
vt -0.74583799 0.35664901
vt 0.29920301 0.35664999
vt -0.74583799 0.59081799
vt 0.74583799 0.59081900
vt 0.74583799 0.33715299
vt 0.29920301 0.34797400
vt -0.26235601 -0.34797400
vt -0.74583799 -0.35667899
vt -0.26235601 -0.35667899
vt -0.74583799 -0.59081900
vt 0.74583799 -0.59081799
vt 0.74583799 -0.35667899
vt 0.00000000 0.00000000
vt 2.18095589 0.00000000
vt 0.00000000 0.02499997
vt 2.18095589 0.02499997
vt 0.00000000 0.00000000
vt 2.55900311 0.00000000
vt 0.00000000 0.02499997
vt 2.55900311 0.02499997
vt 0.00000000 0.00000000
vt 2.19711089 0.00000000
vt 0.00000000 0.02499997
vt 2.19711089 0.02499997
vt 0.00000000 0.00000000
vt 3.61868405 0.00000000
vt 0.00000000 0.02499997
vt 3.61868405 0.02499997
vt 0.00000000 0.00000000
vt 1.13867998 0.00000000
vt 0.00000000 0.02499997
vt 1.13867998 0.02499997
vt 0.00000000 0.00000000
vt 7.30041599 0.00000000
vt 0.00000000 0.02499997
vt 7.30041599 0.02499997
vt 0.00000000 0.00000000
vt 1.13658798 0.00000000
vt 0.00000000 0.02499997
vt 1.13658798 0.02499997
vt 0.00000000 0.00000000
vt 2.66100597 0.00000000
vt 0.00000000 0.02499997
vt 2.66100597 0.02499997
vt 0.00000000 0.00000000
vt 0.07312399 0.00000000
vt 0.00000000 0.02499997
vt 0.07312399 0.02499997
vt 0.00000000 0.00000000
vt 2.66053510 0.00000000
vt 0.00000000 0.02499997
vt 2.66053510 0.02499997
vt 0.00000000 0.00000000
vt 1.10185504 0.00000000
vt 0.00000000 0.02499997
vt 1.10185504 0.02499997
vt 0.00000000 0.00000000
vt 3.65940809 0.00000000
vt 0.00000000 0.02499997
vt 3.65940809 0.02499997
vt 0.10374000 0.00000000
vt 0.11670800 0.00000000
vt 0.10374000 0.02499997
vt 0.11670800 0.02499997
vt 0.12967500 0.00000000
vt 0.12967500 0.02499997
vt 0.15561000 0.00000000
vt 0.15561000 0.02499997
vt 0.20748000 0.00000000
vt 0.20748000 0.02499997
vt 0.31121999 0.00000000
vt 0.31121999 0.02499997
vt 0.51870102 0.00000000
vt 0.51870102 0.02499997
vt 0.93366098 0.00000000
vt 0.93366098 0.02499997
vt 1.34862196 0.00000000
vt 1.34862196 0.02499997
vt 1.55610204 0.00000000
vt 1.55610204 0.02499997
vt 1.76358199 0.00000000
vt 1.76358199 0.02499997
vt 2.17854309 0.00000000
vt 2.17854309 0.02499997
vt 2.38602304 0.00000000
vt 2.38602304 0.02499997
vt 2.59350300 0.00000000
vt 2.59350300 0.02499997
vt 2.80098391 0.00000000
vt 2.80098391 0.02499997
vt 3.00846410 0.00000000
vt 3.00846410 0.02499997
vt 3.21594405 0.00000000
vt 3.21594405 0.02499997
vt 3.31968403 0.00000000
vt 3.31968403 0.02499997
vt 3.37155390 0.00000000
vt 3.37155390 0.02499997
vt 3.38452196 0.00000000
vt 3.38452196 0.02499997
vt 3.39748907 0.00000000
vt 3.39748907 0.02499997
vt 3.41045690 0.00000000
vt 3.41045690 0.02499997
vt 3.42342401 0.00000000
vt 3.42342401 0.02499997
vt 0.00000000 0.00000000
vt 1.95218205 0.00000000
vt 0.00000000 0.02499997
vt 1.95218205 0.02499997
vt 0.00000000 0.00000000
vt 0.39983001 0.00000000
vt 0.00000000 0.02499997
vt 0.39983001 0.02499997
vt 0.79966098 0.00000000
vt 0.79966098 0.02499997
vt 1.59932101 0.00000000
vt 1.59932101 0.02499997
vt 1.99915195 0.00000000
vt 1.99915195 0.02499997
vt 2.39898205 0.00000000
vt 2.39898205 0.02499997
vt 3.19864202 0.00000000
vt 3.19864202 0.02499997
vt 3.99830294 0.00000000
vt 3.99830294 0.02499997
vt 4.39813280 0.00000000
vt 4.39813280 0.02499997
vt 4.79796410 0.00000000
vt 4.79796410 0.02499997
vt 6.39728498 0.00000000
vt 6.39728498 0.02499997
vt 0.00000000 0.00000000
vt 2.55652499 0.00000000
vt 0.00000000 0.02499997
vt 2.55652499 0.02499997
vt 0.00000000 0.00000000
vt 1.03278100 0.00000000
vt 0.00000000 0.02499997
vt 1.03278100 0.02499997
vt 0.00000000 0.00000000
vt 2.40852499 0.00000000
vt 0.00000000 0.02499997
vt 2.40852499 0.02499997
vt 0.00000000 0.00000000
vt 1.69186199 0.00000000
vt 0.00000000 0.02499997
vt 1.69186199 0.02499997
vt 0.00000000 0.00000000
vt 2.24078488 0.00000000
vt 0.00000000 0.02499997
vt 2.24078488 0.02499997
vt 0.00000000 0.00000000
vt 0.97132403 0.00000000
vt 0.00000000 0.02499997
vt 0.97132403 0.02499997
vt 0.00000000 0.00000000
vt 5.92261314 0.00000000
vt 0.00000000 0.02499997
vt 5.92261314 0.02499997
vt 0.00000000 0.00000000
vt 2.88315201 0.00000000
vt 0.00000000 0.02499997
vt 2.88315201 0.02499997
vt 0.00000000 0.00000000
vt 0.66843498 0.00000000
vt 0.00000000 0.02499997
vt 0.66843498 0.02499997
vt 1.00265205 0.00000000
vt 1.00265205 0.02499997
vt 1.33686900 0.00000000
vt 1.33686900 0.02499997
vt 1.67108703 0.00000000
vt 1.67108703 0.02499997
vt 2.00530410 0.00000000
vt 2.00530410 0.02499997
vt 2.67373896 0.00000000
vt 2.67373896 0.02499997
vt 3.34217405 0.00000000
vt 3.34217405 0.02499997
vt 4.01060915 0.00000000
vt 4.01060915 0.02499997
vt 4.67904282 0.00000000
vt 4.67904282 0.02499997
vt 5.01325989 0.00000000
vt 5.01325989 0.02499997
vt 5.34747791 0.00000000
vt 5.34747791 0.02499997
vt 6.01591301 0.00000000
vt 6.01591301 0.02499997
vt 6.68434715 0.00000000
vt 6.68434715 0.02499997
vt 7.01856518 0.00000000
vt 7.01856518 0.02499997
vt 7.35278177 0.00000000
vt 7.35278177 0.02499997
vt 7.68699884 0.00000000
vt 7.68699884 0.02499997
vt 8.02121830 0.00000000
vt 8.02121830 0.02499997
vt 8.68965054 0.00000000
vt 8.68965054 0.02499997
vt 9.35808659 0.00000000
vt 9.35808659 0.02499997
vt 9.69230366 0.00000000
vt 9.69230366 0.02499997
vt 10.02651978 0.00000000
vt 10.02651978 0.02499997
vt 10.69495964 0.00000000
vt 10.69495964 0.02499997
vt 0.18831500 0.00000000
vt 0.70618302 0.00000000
vt 0.18831500 0.02499997
vt 0.70618302 0.02499997
vt 1.22405005 0.00000000
vt 1.22405005 0.02499997
vt 2.25978494 0.00000000
vt 2.25978494 0.02499997
vt 3.29552007 0.00000000
vt 3.29552007 0.02499997
vt 4.33125496 0.00000000
vt 4.33125496 0.02499997
vt 4.59018898 0.00000000
vt 4.59018898 0.02499997
vt 4.84912300 0.00000000
vt 4.84912300 0.02499997
vt 5.10805607 0.00000000
vt 5.10805607 0.02499997
vt 5.36699009 0.00000000
vt 5.36699009 0.02499997
vt 6.40272522 0.00000000
vt 6.40272522 0.02499997
vt 6.92059183 0.00000000
vt 6.92059183 0.02499997
vt 7.43845987 0.00000000
vt 7.43845987 0.02499997
vt 8.47419453 0.00000000
vt 8.47419453 0.02499997
vt 0.07884097 0.00000000
vt 0.34985799 0.00000000
vt 0.07884097 0.02499997
vt 0.34985799 0.02499997
vt 0.48536700 0.00000000
vt 0.48536700 0.02499997
vt 0.62087500 0.00000000
vt 0.62087500 0.02499997
vt 0.89189202 0.00000000
vt 0.89189202 0.02499997
vt 1.02740097 0.00000000
vt 1.02740097 0.02499997
vt 1.16290903 0.00000000
vt 1.16290903 0.02499997
vt 1.70494294 0.00000000
vt 1.70494294 0.02499997
vt 1.97596002 0.00000000
vt 1.97596002 0.02499997
vt 2.24697709 0.00000000
vt 2.24697709 0.02499997
vt 2.38248610 0.00000000
vt 2.38248610 0.02499997
vt 2.51799393 0.00000000
vt 2.51799393 0.02499997
vt 2.78901100 0.00000000
vt 2.78901100 0.02499997
vt 3.06002808 0.00000000
vt 3.06002808 0.02499997
vt 3.19553709 0.00000000
vt 3.19553709 0.02499997
vt 3.33104491 0.00000000
vt 3.33104491 0.02499997
vt 3.46655393 0.00000000
vt 3.46655393 0.02499997
vt 3.60206199 0.00000000
vt 3.60206199 0.02499997
vt 3.87307906 0.00000000
vt 3.87307906 0.02499997
vt 4.14409590 0.00000000
vt 4.14409590 0.02499997
vt 4.27960396 0.00000000
vt 4.27960396 0.02499997
vt 4.34735918 0.00000000
vt 4.34735918 0.02499997
vt 4.38123608 0.00000000
vt 4.38123608 0.02499997
vt 4.39817476 0.00000000
vt 4.39817476 0.02499997
vt 4.41511297 0.00000000
vt 4.41511297 0.02499997
vt 0.00000000 0.00000000
vt 2.18095589 0.00000000
vt 0.00000000 0.02499997
vt 2.18095589 0.02499997
vt 0.00000000 0.00000000
vt 2.55900311 0.00000000
vt 0.00000000 0.02499997
vt 2.55900311 0.02499997
vt 0.00000000 0.00000000
vt 2.19711089 0.00000000
vt 0.00000000 0.02499997
vt 2.19711089 0.02499997
vt 0.00000000 0.00000000
vt 3.61868405 0.00000000
vt 0.00000000 0.02499997
vt 3.61868405 0.02499997
vt 0.00000000 0.00000000
vt 1.13867998 0.00000000
vt 0.00000000 0.02499997
vt 1.13867998 0.02499997
vt 0.00000000 0.00000000
vt 7.30041599 0.00000000
vt 0.00000000 0.02499997
vt 7.30041599 0.02499997
vt 0.00000000 0.00000000
vt 1.13658798 0.00000000
vt 0.00000000 0.02499997
vt 1.13658798 0.02499997
vt 0.00000000 0.00000000
vt 2.66100597 0.00000000
vt 0.00000000 0.02499997
vt 2.66100597 0.02499997
vt 0.00000000 0.00000000
vt 0.07312399 0.00000000
vt 0.00000000 0.02499997
vt 0.07312399 0.02499997
vt 0.00000000 0.00000000
vt 2.66053510 0.00000000
vt 0.00000000 0.02499997
vt 2.66053510 0.02499997
vt 0.00000000 0.00000000
vt 1.10185504 0.00000000
vt 0.00000000 0.02499997
vt 1.10185504 0.02499997
vt 0.00000000 0.00000000
vt 3.65940809 0.00000000
vt 0.00000000 0.02499997
vt 3.65940809 0.02499997
vt 0.10374000 0.00000000
vt 0.11670800 0.00000000
vt 0.10374000 0.02499997
vt 0.11670800 0.02499997
vt 0.12967500 0.00000000
vt 0.12967500 0.02499997
vt 0.15561000 0.00000000
vt 0.15561000 0.02499997
vt 0.20748000 0.00000000
vt 0.20748000 0.02499997
vt 0.31121999 0.00000000
vt 0.31121999 0.02499997
vt 0.51870102 0.00000000
vt 0.51870102 0.02499997
vt 0.93366098 0.00000000
vt 0.93366098 0.02499997
vt 1.34862196 0.00000000
vt 1.34862196 0.02499997
vt 1.55610204 0.00000000
vt 1.55610204 0.02499997
vt 1.76358199 0.00000000
vt 1.76358199 0.02499997
vt 2.17854309 0.00000000
vt 2.17854309 0.02499997
vt 2.38602304 0.00000000
vt 2.38602304 0.02499997
vt 2.59350300 0.00000000
vt 2.59350300 0.02499997
vt 2.80098391 0.00000000
vt 2.80098391 0.02499997
vt 3.00846410 0.00000000
vt 3.00846410 0.02499997
vt 3.21594405 0.00000000
vt 3.21594405 0.02499997
vt 3.31968403 0.00000000
vt 3.31968403 0.02499997
vt 3.37155390 0.00000000
vt 3.37155390 0.02499997
vt 3.38452196 0.00000000
vt 3.38452196 0.02499997
vt 3.39748907 0.00000000
vt 3.39748907 0.02499997
vt 3.41045690 0.00000000
vt 3.41045690 0.02499997
vt 3.42342401 0.00000000
vt 3.42342401 0.02499997
vt 0.00000000 0.00000000
vt 1.95218205 0.00000000
vt 0.00000000 0.02499997
vt 1.95218205 0.02499997
vt 0.00000000 0.00000000
vt 0.39983001 0.00000000
vt 0.00000000 0.02499997
vt 0.39983001 0.02499997
vt 0.79966098 0.00000000
vt 0.79966098 0.02499997
vt 1.59932101 0.00000000
vt 1.59932101 0.02499997
vt 1.99915195 0.00000000
vt 1.99915195 0.02499997
vt 2.39898205 0.00000000
vt 2.39898205 0.02499997
vt 3.19864202 0.00000000
vt 3.19864202 0.02499997
vt 3.99830294 0.00000000
vt 3.99830294 0.02499997
vt 4.39813280 0.00000000
vt 4.39813280 0.02499997
vt 4.79796410 0.00000000
vt 4.79796410 0.02499997
vt 6.39728498 0.00000000
vt 6.39728498 0.02499997
vt 0.00000000 0.00000000
vt 2.55652499 0.00000000
vt 0.00000000 0.02499997
vt 2.55652499 0.02499997
vt 0.00000000 0.00000000
vt 1.03278100 0.00000000
vt 0.00000000 0.02499997
vt 1.03278100 0.02499997
vt 0.00000000 0.00000000
vt 2.40852499 0.00000000
vt 0.00000000 0.02499997
vt 2.40852499 0.02499997
vt 0.00000000 0.00000000
vt 1.69186199 0.00000000
vt 0.00000000 0.02499997
vt 1.69186199 0.02499997
vt 0.00000000 0.00000000
vt 2.24078488 0.00000000
vt 0.00000000 0.02499997
vt 2.24078488 0.02499997
vt 0.00000000 0.00000000
vt 0.97132403 0.00000000
vt 0.00000000 0.02499997
vt 0.97132403 0.02499997
vt 0.00000000 0.00000000
vt 5.92261314 0.00000000
vt 0.00000000 0.02499997
vt 5.92261314 0.02499997
vt 0.00000000 0.00000000
vt 2.88315201 0.00000000
vt 0.00000000 0.02499997
vt 2.88315201 0.02499997
vt 0.00000000 0.00000000
vt 0.66843498 0.00000000
vt 0.00000000 0.02499997
vt 0.66843498 0.02499997
vt 1.00265205 0.00000000
vt 1.00265205 0.02499997
vt 1.33686900 0.00000000
vt 1.33686900 0.02499997
vt 1.67108703 0.00000000
vt 1.67108703 0.02499997
vt 2.00530410 0.00000000
vt 2.00530410 0.02499997
vt 2.67373896 0.00000000
vt 2.67373896 0.02499997
vt 3.34217405 0.00000000
vt 3.34217405 0.02499997
vt 4.01060915 0.00000000
vt 4.01060915 0.02499997
vt 4.67904282 0.00000000
vt 4.67904282 0.02499997
vt 5.01325989 0.00000000
vt 5.01325989 0.02499997
vt 5.34747791 0.00000000
vt 5.34747791 0.02499997
vt 6.01591301 0.00000000
vt 6.01591301 0.02499997
vt 6.68434715 0.00000000
vt 6.68434715 0.02499997
vt 7.01856518 0.00000000
vt 7.01856518 0.02499997
vt 7.35278177 0.00000000
vt 7.35278177 0.02499997
vt 7.68699884 0.00000000
vt 7.68699884 0.02499997
vt 8.02121830 0.00000000
vt 8.02121830 0.02499997
vt 8.68965054 0.00000000
vt 8.68965054 0.02499997
vt 9.35808659 0.00000000
vt 9.35808659 0.02499997
vt 9.69230366 0.00000000
vt 9.69230366 0.02499997
vt 10.02651978 0.00000000
vt 10.02651978 0.02499997
vt 10.69495964 0.00000000
vt 10.69495964 0.02499997
vt 0.18831500 0.00000000
vt 0.70618302 0.00000000
vt 0.18831500 0.02499997
vt 0.70618302 0.02499997
vt 1.22405005 0.00000000
vt 1.22405005 0.02499997
vt 2.25978494 0.00000000
vt 2.25978494 0.02499997
vt 3.29552007 0.00000000
vt 3.29552007 0.02499997
vt 4.33125496 0.00000000
vt 4.33125496 0.02499997
vt 4.59018898 0.00000000
vt 4.59018898 0.02499997
vt 4.84912300 0.00000000
vt 4.84912300 0.02499997
vt 5.10805607 0.00000000
vt 5.10805607 0.02499997
vt 5.36699009 0.00000000
vt 5.36699009 0.02499997
vt 6.40272522 0.00000000
vt 6.40272522 0.02499997
vt 6.92059183 0.00000000
vt 6.92059183 0.02499997
vt 7.43845987 0.00000000
vt 7.43845987 0.02499997
vt 8.47419453 0.00000000
vt 8.47419453 0.02499997
vt 0.07884097 0.00000000
vt 0.34985799 0.00000000
vt 0.07884097 0.02499997
vt 0.34985799 0.02499997
vt 0.48536700 0.00000000
vt 0.48536700 0.02499997
vt 0.62087500 0.00000000
vt 0.62087500 0.02499997
vt 0.89189202 0.00000000
vt 0.89189202 0.02499997
vt 1.02740097 0.00000000
vt 1.02740097 0.02499997
vt 1.16290903 0.00000000
vt 1.16290903 0.02499997
vt 1.70494294 0.00000000
vt 1.70494294 0.02499997
vt 1.97596002 0.00000000
vt 1.97596002 0.02499997
vt 2.24697709 0.00000000
vt 2.24697709 0.02499997
vt 2.38248610 0.00000000
vt 2.38248610 0.02499997
vt 2.51799393 0.00000000
vt 2.51799393 0.02499997
vt 2.78901100 0.00000000
vt 2.78901100 0.02499997
vt 3.06002808 0.00000000
vt 3.06002808 0.02499997
vt 3.19553709 0.00000000
vt 3.19553709 0.02499997
vt 3.33104491 0.00000000
vt 3.33104491 0.02499997
vt 3.46655393 0.00000000
vt 3.46655393 0.02499997
vt 3.60206199 0.00000000
vt 3.60206199 0.02499997
vt 3.87307906 0.00000000
vt 3.87307906 0.02499997
vt 4.14409590 0.00000000
vt 4.14409590 0.02499997
vt 4.27960396 0.00000000
vt 4.27960396 0.02499997
vt 4.34735918 0.00000000
vt 4.34735918 0.02499997
vt 4.38123608 0.00000000
vt 4.38123608 0.02499997
vt 4.39817476 0.00000000
vt 4.39817476 0.02499997
vt 4.41511297 0.00000000
vt 4.41511297 0.02499997
vt 0.00000000 0.00000000
vt 2.26283002 0.00000000
vt 0.00000000 0.00999999
vt 2.26283002 0.00999999
vt 0.00000000 0.00000000
vt 0.93420500 0.00000000
vt 0.00000000 0.00999999
vt 0.93420500 0.00999999
vt 0.00000000 0.00000000
vt 3.10727596 0.00000000
vt 0.00000000 0.00999999
vt 3.10727596 0.00999999
vt 0.00000000 0.00000000
vt 3.07360101 0.00000000
vt 0.00000000 0.00999999
vt 3.07360101 0.00999999
vt 0.00000000 0.00000000
vt 0.97106701 0.00000000
vt 0.00000000 0.00999999
vt 0.97106701 0.00999999
vt 0.00000000 0.00000000
vt 6.20122004 0.00000000
vt 0.00000000 0.00999999
vt 6.20122004 0.00999999
vt 0.00000000 0.00000000
vt 0.98121399 0.00000000
vt 0.00000000 0.00999999
vt 0.98121399 0.00999999
vt 0.00000000 0.00000000
vt 2.25601912 0.00000000
vt 0.00000000 0.00999999
vt 2.25601912 0.00999999
vt 0.00000000 0.00000000
vt 0.05977296 0.00000000
vt 0.00000000 0.00999999
vt 0.05977296 0.00999999
vt 2.51784992 -1.37579501
vt 0.68585002 -0.04757297
vt -0.00999999 -0.50303000
vt 0.68585002 0.01219999
vt -2.51784992 -1.30895805
vt 2.51784992 2.30999994
vt 2.51784992 1.32878602
vt -2.51784992 -2.28002501
vt 2.51784992 -2.30999994
vt 0.00000000 0.00000000
vt 2.16676593 0.00000000
vt 0.00000000 0.00999999
vt 2.16676593 0.00999999
vt 0.00000000 0.00000000
vt 1.85382998 0.00000000
vt 0.00000000 0.00999999
vt 1.85382998 0.00999999
vt 0.00000000 0.00000000
vt 1.84825003 0.00000000
vt 0.00000000 0.00999999
vt 1.84825003 0.00999999
vt 0.00000000 0.00000000
vt 7.35570002 0.00000000
vt 0.00000000 0.00999999
vt 7.35570002 0.00999999
vt 0.00000000 0.00000000
vt 6.88000011 0.00000000
vt 0.00000000 0.00999999
vt 6.88000011 0.00999999
vt 0.00000000 0.00000000
vt 7.35570002 0.00000000
vt 0.00000000 0.00999999
vt 7.35570002 0.00999999
vt 0.00000000 0.00000000
vt 6.88000011 0.00000000
vt 0.00000000 0.00999999
vt 6.88000011 0.00999999
vt 0.00000000 0.00000000
vt 8.50000000 0.00000000
vt 0.00000000 0.00999999
vt 8.50000000 0.00999999
vt 0.00000000 0.00000000
vt 8.97570133 0.00000000
vt 0.00000000 0.00999999
vt 8.97570133 0.00999999
vt 0.00000000 0.00000000
vt 8.50000000 0.00000000
vt 0.00000000 0.00999999
vt 8.50000000 0.00999999
vt 0.00000000 0.00000000
vt 8.97570133 0.00000000
vt 0.00000000 0.00999999
vt 8.97570133 0.00999999
vt 4.48785019 -4.25000000
vt 4.48785019 4.25000000
vt 3.67785001 3.44000006
vt -4.48785019 4.25000000
vt -3.67785001 3.44000006
vt -4.48785019 -4.25000000
vt -3.67785001 -3.44000006
vt 3.67785001 -3.44000006
vt 0.00000000 0.00000000
vt 2.26283002 0.00000000
vt 0.00000000 0.00999999
vt 2.26283002 0.00999999
vt 0.00000000 0.00000000
vt 0.93420500 0.00000000
vt 0.00000000 0.00999999
vt 0.93420500 0.00999999
vt 0.00000000 0.00000000
vt 3.10727596 0.00000000
vt 0.00000000 0.00999999
vt 3.10727596 0.00999999
vt 0.00000000 0.00000000
vt 3.07360101 0.00000000
vt 0.00000000 0.00999999
vt 3.07360101 0.00999999
vt 0.00000000 0.00000000
vt 0.97106701 0.00000000
vt 0.00000000 0.00999999
vt 0.97106701 0.00999999
vt 0.00000000 0.00000000
vt 6.20122004 0.00000000
vt 0.00000000 0.00999999
vt 6.20122004 0.00999999
vt 0.00000000 0.00000000
vt 0.98121399 0.00000000
vt 0.00000000 0.00999999
vt 0.98121399 0.00999999
vt 0.00000000 0.00000000
vt 2.25601912 0.00000000
vt 0.00000000 0.00999999
vt 2.25601912 0.00999999
vt 0.00000000 0.00000000
vt 0.05977296 0.00000000
vt 0.00000000 0.00999999
vt 0.05977296 0.00999999
vt 2.51784992 -1.37579501
vt 0.68585002 -0.04757297
vt -0.00999999 -0.50303000
vt 0.68585002 0.01219999
vt -2.51784992 -1.30895805
vt 2.51784992 2.30999994
vt 2.51784992 1.32878602
vt -2.51784992 -2.28002501
vt 2.51784992 -2.30999994
vt 0.00000000 0.00000000
vt 2.16676593 0.00000000
vt 0.00000000 0.00999999
vt 2.16676593 0.00999999
vt 0.00000000 0.00000000
vt 1.85382998 0.00000000
vt 0.00000000 0.00999999
vt 1.85382998 0.00999999
vt 0.00000000 0.00000000
vt 1.84825003 0.00000000
vt 0.00000000 0.00999999
vt 1.84825003 0.00999999
vt 0.00000000 0.00000000
vt 7.35570002 0.00000000
vt 0.00000000 0.00999999
vt 7.35570002 0.00999999
vt 0.00000000 0.00000000
vt 6.88000011 0.00000000
vt 0.00000000 0.00999999
vt 6.88000011 0.00999999
vt 0.00000000 0.00000000
vt 7.35570002 0.00000000
vt 0.00000000 0.00999999
vt 7.35570002 0.00999999
vt 0.00000000 0.00000000
vt 6.88000011 0.00000000
vt 0.00000000 0.00999999
vt 6.88000011 0.00999999
vt 0.00000000 0.00000000
vt 8.50000000 0.00000000
vt 0.00000000 0.00999999
vt 8.50000000 0.00999999
vt 0.00000000 0.00000000
vt 8.97570133 0.00000000
vt 0.00000000 0.00999999
vt 8.97570133 0.00999999
vt 0.00000000 0.00000000
vt 8.50000000 0.00000000
vt 0.00000000 0.00999999
vt 8.50000000 0.00999999
vt 0.00000000 0.00000000
vt 8.97570133 0.00000000
vt 0.00000000 0.00999999
vt 8.97570133 0.00999999
vt 4.48785019 -4.25000000
vt 4.48785019 4.25000000
vt 3.67785001 3.44000006
vt -4.48785019 4.25000000
vt -3.67785001 3.44000006
vt -4.48785019 -4.25000000
vt -3.67785001 -3.44000006
vt 3.67785001 -3.44000006
vt 0.02499997 0.71209401
vt -0.02499997 0.00000000
vt 0.02499997 0.00000000
vt -0.02499997 -0.71209401
vt 0.02499997 -0.71209401
vt -0.02499997 -1.42418897
vt 0.02499997 -1.42418897
vt -0.02499997 -2.13628292
vt 0.02499997 -2.13628292
vt -0.02499997 -2.84837699
vt 0.02499997 -2.84837699
vt -0.02499997 -3.56047201
vt 0.02499997 -3.56047201
vt 0.02499997 -4.27256584
vt -0.02499997 -4.27256584
vt 0.02499997 4.27256584
vt -0.02499997 4.27256584
vt 0.02499997 3.56047201
vt -0.02499997 3.56047201
vt -0.02499997 2.84837699
vt -0.02499997 0.71209401
vt 0.02499997 1.42418897
vt -0.02499997 1.42418897
vt 0.02499997 2.13628292
vt -0.02499997 2.13628292
vt 0.02499997 2.84837699
vt 0.68000001 -0.22220500
vt 0.69999999 -0.18756400
vt 0.00000000 -0.03999996
vt 0.00000000 0.00000000
vt -0.69999999 -0.18756400
vt 1.21243596 -0.69999999
vt 1.17779505 -0.72000003
vt 1.39999998 -1.39999998
vt 1.36000001 -1.39999998
vt 1.21243596 -2.09999990
vt 1.17779505 -2.07999992
vt 0.68000001 -2.57779503
vt 0.69999999 -2.61243606
vt 0.00000000 -2.75999999
vt 0.00000000 -2.79999995
vt -0.69999999 -2.61243606
vt -0.68000001 -2.57779503
vt -1.21243596 -2.09999990
vt -1.17779505 -2.07999992
vt -1.39999998 -1.39999998
vt -1.36000001 -1.39999998
vt -1.17779505 -0.72000003
vt -1.21243596 -0.69999999
vt -0.68000001 -0.22220500
vt -0.58190697 -0.17847291
vt -0.57567698 -0.18704900
vt 0.00000000 0.01059997
vt 0.00000000 0.00000000
vt 0.57567698 -0.18704900
vt -0.93146503 -0.67674899
vt -0.94154602 -0.67347300
vt -0.94154602 -1.28532696
vt -0.93146503 -1.28205097
vt -0.58190697 -1.78032696
vt -0.57567698 -1.77175105
vt 0.00000000 -1.96940005
vt 0.00000000 -1.95879996
vt 0.57567698 -1.77175105
vt 0.58190697 -1.78032696
vt 0.93146503 -1.28205097
vt 0.94154602 -1.28532696
vt 0.93146503 -0.67674899
vt 0.94154602 -0.67347300
vt 0.58190697 -0.17847291
vt 0.57567698 -0.32764900
vt 0.60551798 -0.17779601
vt 0.00000000 -0.14060000
vt 0.00000000 0.00000000
vt -0.60551798 -0.17779601
vt 1.01878798 -0.65473503
vt 0.93146503 -0.81734902
vt 1.10860002 -1.27939296
vt 0.93146503 -1.42265105
vt 0.84644002 -1.85344398
vt 0.57567698 -1.91235101
vt 0.31553999 -2.19463205
vt 0.00000000 -2.09940004
vt -0.31553999 -2.19463205
vt -0.57567698 -1.91235101
vt -0.84644002 -1.85344398
vt -0.93146503 -1.42265105
vt -1.10860002 -1.27939296
vt -0.93146503 -0.81734902
vt -1.01878798 -0.65473503
vt -0.57567698 -0.32764900
vt -0.58190697 -0.17845491
vt -0.57566601 -0.18704499
vt 0.00000000 0.01061797
vt 0.00000000 0.00000000
vt 0.57566601 -0.18704499
vt -0.93144798 -0.67673600
vt -0.94154602 -0.67345500
vt -0.94154602 -1.28530896
vt -0.93144798 -1.28202796
vt -0.58190697 -1.78030896
vt -0.57566601 -1.77171898
vt 0.00000000 -1.96938205
vt 0.00000000 -1.95876396
vt 0.57566601 -1.77171898
vt 0.58190697 -1.78030896
vt 0.93144798 -1.28202796
vt 0.94154602 -1.28530896
vt 0.93144798 -0.67673600
vt 0.94154602 -0.67345500
vt 0.58190697 -0.17845491
vt -0.57566601 -0.19766299
vt 0.00000000 -0.01061797
vt 0.00000000 0.00000000
vt 0.57566601 -0.19766299
vt 0.58190697 -0.18907300
vt 0.93144798 -0.68735403
vt 0.94154602 -0.68407297
vt 0.94154602 -1.29592705
vt 0.93144798 -1.29264605
vt 0.58190697 -1.79092705
vt 0.57566601 -1.78233695
vt 0.00000000 -1.98000002
vt 0.00000000 -1.96938205
vt -0.57566601 -1.78233695
vt -0.58190697 -1.79092705
vt -0.93144798 -1.29264605
vt -0.94154602 -1.29592705
vt -0.93144798 -0.68735403
vt -0.94154602 -0.68407297
vt -0.58190697 -0.18907300
vt 0.69999999 -0.14756390
vt 0.00000000 0.03999996
vt 0.00000000 0.00000000
vt -0.69999999 -0.14756390
vt -0.68000001 -0.18220501
vt -1.21243596 -0.66000003
vt -1.17779505 -0.68000001
vt -1.39999998 -1.36000001
vt -1.36000001 -1.36000001
vt -1.17779505 -2.03999996
vt -1.21243596 -2.05999994
vt -0.68000001 -2.53779507
vt -0.69999999 -2.57243609
vt 0.00000000 -2.72000003
vt 0.00000000 -2.75999999
vt 0.69999999 -2.57243609
vt 0.68000001 -2.53779507
vt 1.21243596 -2.05999994
vt 1.17779505 -2.03999996
vt 1.36000001 -1.36000001
vt 1.39999998 -1.36000001
vt 1.17779505 -0.68000001
vt 1.21243596 -0.66000003
vt 0.68000001 -0.18220501
vt 0.01999998 0.71209401
vt -0.01999998 0.00000000
vt 0.01999998 0.00000000
vt -0.01999998 -0.71209401
vt 0.01999998 -0.71209401
vt -0.01999998 -1.42418897
vt 0.01999998 -1.42418897
vt -0.01999998 -2.13628292
vt 0.01999998 -2.13628292
vt -0.01999998 -2.84837699
vt 0.01999998 -2.84837699
vt -0.01999998 -3.56047201
vt 0.01999998 -3.56047201
vt 0.01999998 -4.27256584
vt -0.01999998 -4.27256584
vt 0.01999998 4.27256584
vt -0.01999998 4.27256584
vt 0.01999998 3.56047201
vt -0.01999998 3.56047201
vt -0.01999998 2.84837699
vt -0.01999998 0.71209401
vt 0.01999998 1.42418897
vt -0.01999998 1.42418897
vt 0.01999998 2.13628292
vt -0.01999998 2.13628292
vt 0.01999998 2.84837699
vt 0.74500000 -0.19962201
vt 0.00000000 0.00000000
vt 0.00000000 -0.02999997
vt -0.74500000 -0.19962201
vt -0.73000002 -0.22560300
vt -1.29037797 -0.74500000
vt -1.26439703 -0.75999999
vt -1.49000001 -1.49000001
vt -1.46000004 -1.49000001
vt -1.26439703 -2.22000003
vt -1.29037797 -2.23499990
vt -0.73000002 -2.75439692
vt -0.74500000 -2.78037810
vt 0.00000000 -2.95000005
vt 0.00000000 -2.98000002
vt 0.74500000 -2.78037810
vt 0.73000002 -2.75439692
vt 1.29037797 -2.23499990
vt 1.26439703 -2.22000003
vt 1.46000004 -1.49000001
vt 1.49000001 -1.49000001
vt 1.26439703 -0.75999999
vt 1.29037797 -0.74500000
vt 0.73000002 -0.22560300
vt 0.74500000 -0.19962201
vt 0.00000000 0.00000000
vt 0.00000000 -0.02999997
vt -0.74500000 -0.19962201
vt -0.73000002 -0.22560300
vt -1.29037797 -0.74500000
vt -1.26439703 -0.75999999
vt -1.49000001 -1.49000001
vt -1.46000004 -1.49000001
vt -1.26439703 -2.22000003
vt -1.29037797 -2.23499990
vt -0.73000002 -2.75439692
vt -0.74500000 -2.78037810
vt 0.00000000 -2.95000005
vt 0.00000000 -2.98000002
vt 0.74500000 -2.78037810
vt 0.73000002 -2.75439692
vt 1.29037797 -2.23499990
vt 1.26439703 -2.22000003
vt 1.46000004 -1.49000001
vt 1.49000001 -1.49000001
vt 1.26439703 -0.75999999
vt 1.29037797 -0.74500000
vt 0.73000002 -0.22560300
vt 2.96531010 -2.71596408
vt 2.96531010 -1.61410999
vt -0.01216995 -0.58855200
vt 0.80995899 -0.05432999
vt 0.80995899 0.01879400
vt 2.96531010 1.57937598
vt 2.96531010 2.71596408
vt -2.96531010 -1.54124498
vt -2.96531010 -2.67992401
vt -2.96130610 -2.28953695
vt -2.08705306 -0.86458999
vt -2.95795703 0.59361398
vt -2.08705211 -0.55056202
vt -2.08703804 -0.20650400
vt 2.96130610 -2.28953695
vt -0.13487101 -1.31836605
vt -2.08705306 -1.31836605
vt 2.96130610 -1.31821299
vt 0.72052199 -1.31821299
vt -0.13914099 -0.66044098
vt 0.72052199 0.37364900
vt -0.14213200 -0.22717100
vt -0.14422700 0.04120397
vt -0.14574400 0.19519790
vt -0.15023100 0.35422599
vt -0.16201600 0.48440400
vt -0.22642700 0.79906601
vt 0.59768200 1.31531799
vt -0.35414901 1.03707004
vt 0.47075701 1.61691201
vt -0.54450297 1.15691102
vt 0.29227901 1.83793902
vt -0.31740299 2.08367205
vt 2.96130610 1.25675595
vt 2.96130610 2.28953695
vt -0.78231102 1.20861697
vt -0.64889902 2.14050794
vt -0.90828103 2.16510606
vt -1.14359796 1.22209895
vt -1.66882098 2.16356397
vt -1.74734700 1.14263105
vt -2.39814091 1.95404303
vt -2.68732691 1.66340005
vt -1.87600994 1.05930996
vt -2.80365205 1.43456399
vt -1.95711303 0.94835502
vt -2.04225612 0.68802899
vt -2.08025694 0.34281400
vt -2.08423400 0.14507000
vt -2.08681798 -0.00226897
vt -2.76492405 1.72047901
vt -1.81228495 1.29490900
vt -2.49540091 2.06704092
vt -1.64522898 1.36582100
vt -1.84943604 2.35281992
vt -1.34883797 1.42997396
vt -1.56891501 2.39711499
vt -1.08164096 2.44128299
vt -0.66213900 1.49170196
vt 0.15901200 2.46764302
vt 0.14289901 1.49679005
vt 0.54161102 2.46075892
vt 1.08348799 1.44929504
vt 1.04928803 2.43885803
vt 1.58963895 2.38692689
vt 1.82023597 1.26862395
vt 1.99228501 2.31806111
vt 2.44544411 2.10551906
vt 2.76913595 1.71612895
vt 2.00641394 1.09770405
vt 2.96746492 1.00623405
vt 2.09564209 0.82958698
vt 3.00984812 0.60322702
vt 2.15408492 0.01472598
vt 3.03049493 0.06580001
vt 3.01741409 -0.30809799
vt 3.00674701 -0.55052799
vt 2.07967401 -0.97745103
vt 2.99260402 -0.79013002
vt 2.97336292 -0.95779699
vt 2.87484193 -1.45160103
vt 1.90794897 -1.24921298
vt 2.55347300 -2.01712608
vt 1.55906904 -1.39268994
vt 2.10054493 -2.29480505
vt 1.83796799 -2.36093807
vt 1.45393300 -2.41139603
vt 1.07107401 -1.44956303
vt 0.94281101 -2.44947195
vt 0.46094301 -1.47298706
vt 0.31088701 -2.46810508
vt -0.53512102 -1.47135699
vt -0.90942401 -2.45409489
vt -1.63078201 -1.37329304
vt -1.90859604 -2.34342909
vt -2.14669394 -2.27807307
vt -2.28507805 -2.21624589
vt -2.55959392 -2.01155996
vt -1.97593200 -1.17277205
vt -2.79961395 -1.65431094
vt -3.00239801 -0.69568902
vt -2.11096001 -0.77098000
vt -3.02780604 -0.17201699
vt -2.14929199 0.04010599
vt -3.02865195 0.14165691
vt -2.09951711 0.83059800
vt -2.96559501 1.00563300
vt -1.95952499 1.18320704
vt -2.87745094 1.42818904
vt 2.96531010 -2.71596408
vt 2.96531010 -1.61410999
vt -0.01216995 -0.58855200
vt 0.80995899 -0.05432999
vt 0.80995899 0.01879400
vt 2.96531010 1.57937598
vt 2.96531010 2.71596408
vt -2.96531010 -1.54124498
vt -2.96531010 -2.67992401
vt -2.96130610 -2.28953695
vt -2.08705306 -0.86458999
vt -2.95795703 0.59361398
vt -2.08705211 -0.55056202
vt -2.08703804 -0.20650400
vt 2.96130610 -2.28953695
vt -0.13487101 -1.31836605
vt -2.08705306 -1.31836605
vt 2.96130610 -1.31821299
vt 0.72052199 -1.31821299
vt -0.13914099 -0.66044098
vt 0.72052199 0.37364900
vt -0.14213200 -0.22717100
vt -0.14422700 0.04120397
vt -0.14574400 0.19519790
vt -0.15023100 0.35422599
vt -0.16201600 0.48440400
vt -0.22642700 0.79906601
vt 0.59768200 1.31531799
vt -0.35414901 1.03707004
vt 0.47075701 1.61691201
vt -0.54450297 1.15691102
vt 0.29227901 1.83793902
vt -0.31740299 2.08367205
vt 2.96130610 1.25675595
vt 2.96130610 2.28953695
vt -0.78231102 1.20861697
vt -0.64889902 2.14050794
vt -0.90828103 2.16510606
vt -1.14359796 1.22209895
vt -1.66882098 2.16356397
vt -1.74734700 1.14263105
vt -2.39814091 1.95404303
vt -2.68732691 1.66340005
vt -1.87600994 1.05930996
vt -2.80365205 1.43456399
vt -1.95711303 0.94835502
vt -2.04225612 0.68802899
vt -2.08025694 0.34281400
vt -2.08423400 0.14507000
vt -2.08681798 -0.00226897
vt -2.76492405 1.72047901
vt -1.81228495 1.29490900
vt -2.49540091 2.06704092
vt -1.64522898 1.36582100
vt -1.84943604 2.35281992
vt -1.34883797 1.42997396
vt -1.56891501 2.39711499
vt -1.08164096 2.44128299
vt -0.66213900 1.49170196
vt 0.15901200 2.46764302
vt 0.14289901 1.49679005
vt 0.54161102 2.46075892
vt 1.08348799 1.44929504
vt 1.04928803 2.43885803
vt 1.58963895 2.38692689
vt 1.82023597 1.26862395
vt 1.99228501 2.31806111
vt 2.44544411 2.10551906
vt 2.76913595 1.71612895
vt 2.00641394 1.09770405
vt 2.96746492 1.00623405
vt 2.09564209 0.82958698
vt 3.00984812 0.60322702
vt 2.15408492 0.01472598
vt 3.03049493 0.06580001
vt 3.01741409 -0.30809799
vt 3.00674701 -0.55052799
vt 2.07967401 -0.97745103
vt 2.99260402 -0.79013002
vt 2.97336292 -0.95779699
vt 2.87484193 -1.45160103
vt 1.90794897 -1.24921298
vt 2.55347300 -2.01712608
vt 1.55906904 -1.39268994
vt 2.10054493 -2.29480505
vt 1.83796799 -2.36093807
vt 1.45393300 -2.41139603
vt 1.07107401 -1.44956303
vt 0.94281101 -2.44947195
vt 0.46094301 -1.47298706
vt 0.31088701 -2.46810508
vt -0.53512102 -1.47135699
vt -0.90942401 -2.45409489
vt -1.63078201 -1.37329304
vt -1.90859604 -2.34342909
vt -2.14669394 -2.27807307
vt -2.28507805 -2.21624589
vt -2.55959392 -2.01155996
vt -1.97593200 -1.17277205
vt -2.79961395 -1.65431094
vt -3.00239801 -0.69568902
vt -2.11096001 -0.77098000
vt -3.02780604 -0.17201699
vt -2.14929199 0.04010599
vt -3.02865195 0.14165691
vt -2.09951711 0.83059800
vt -2.96559501 1.00563300
vt -1.95952499 1.18320704
vt -2.87745094 1.42818904
vt 0.00000000 1.00000000
vt -12.30000019 1.00000000
vt 0.00000000 0.00000000
vt -12.30000019 0.00000000
vt -12.39999962 -0.02679497
vt -12.39999962 1.02679503
vt -12.47319984 -0.10000000
vt -12.47319984 1.10000002
vt -12.50000000 -0.20000000
vt -12.50000000 1.20000005
vt 0.00000000 -5.65486717
vt -1.00000000 -5.65486717
vt 0.00000000 -6.36172485
vt -1.00000000 -6.36172485
vt 0.00000000 -7.06858301
vt -1.00000000 -7.06858301
vt 0.00000000 -7.77544117
vt -1.00000000 -7.77544117
vt 0.00000000 -8.48229980
vt -1.00000000 -8.48229980
vt 0.00000000 1.00000000
vt -3.20000005 1.00000000
vt 0.00000000 0.00000000
vt -3.20000005 0.00000000
vt 0.00000000 -1.57079601
vt 1.00000000 -1.57079601
vt 0.00000000 -1.04719806
vt 1.00000000 -1.04719806
vt 0.00000000 -0.52359903
vt 1.00000000 -0.52359903
vt 1.00000000 0.00000000
vt 0.00000000 1.00000000
vt -2.59999990 1.00000000
vt 0.00000000 0.00000000
vt -2.59999990 0.00000000
vt 0.00000000 -5.65486717
vt -1.00000000 -5.65486717
vt 0.00000000 -6.36172485
vt -1.00000000 -6.36172485
vt 0.00000000 -7.06858301
vt -1.00000000 -7.06858301
vt 0.00000000 -7.77544117
vt -1.00000000 -7.77544117
vt 0.00000000 -8.48229980
vt -1.00000000 -8.48229980
vt 0.00000000 1.00000000
vt -10.30000019 1.00000000
vt 0.00000000 0.00000000
vt -10.30000019 0.00000000
vt -10.39999962 -0.02679497
vt -10.39999962 1.02679503
vt -10.47319984 -0.10000000
vt -10.47319984 1.10000002
vt -10.50000000 -0.20000000
vt -10.50000000 1.20000005
vt -0.50000000 -5.65486717
vt 0.50000000 -5.65486717
vt -0.50000000 -4.94800806
vt 0.50000000 -4.94800806
vt -0.50000000 -4.24114990
vt 0.50000000 -4.24114990
vt -0.50000000 -3.53429198
vt 0.50000000 -3.53429198
vt -0.50000000 -2.82743311
vt 0.50000000 -2.82743311
vt -10.50000000 -0.50000000
vt -0.20000000 -0.50000000
vt -10.50000000 0.50000000
vt -0.20000000 0.50000000
vt -0.10000000 -0.52679503
vt -0.10000000 0.52679503
vt -0.02679497 -0.60000002
vt -0.02679497 0.60000002
vt 0.00000000 -0.69999999
vt 0.00000000 0.69999999
vt -2.59999990 -0.50000000
vt 0.00000000 -0.50000000
vt -2.59999990 0.50000000
vt 0.00000000 0.50000000
vt 0.50000000 1.57079601
vt -0.50000000 1.57079601
vt 0.50000000 1.04719806
vt -0.50000000 1.04719806
vt 0.50000000 0.52359903
vt -0.50000000 0.52359903
vt 0.50000000 0.00000000
vt -0.50000000 0.00000000
vt -1.20000005 -0.50000000
vt 0.00000000 -0.50000000
vt -1.20000005 0.50000000
vt 0.00000000 0.50000000
vt -0.50000000 -5.65486717
vt 0.50000000 -5.65486717
vt -0.50000000 -4.94800806
vt 0.50000000 -4.94800806
vt -0.50000000 -4.24114990
vt 0.50000000 -4.24114990
vt -0.50000000 -3.53429198
vt 0.50000000 -3.53429198
vt -0.50000000 -2.82743311
vt 0.50000000 -2.82743311
vt -12.50000000 -0.50000000
vt -0.20000000 -0.50000000
vt -12.50000000 0.50000000
vt -0.20000000 0.50000000
vt -0.10000000 -0.52679503
vt -0.10000000 0.52679503
vt -0.02679497 -0.60000002
vt -0.02679497 0.60000002
vt 0.00000000 -0.69999999
vt 0.00000000 0.69999999
vt -10.50000000 1.20000005
vt -10.50000000 -0.20000000
vt -10.47319984 1.10000002
vt -10.47319984 -0.10000000
vt -10.39999962 1.02679503
vt -10.39999962 -0.02679497
vt -10.30000019 1.00000000
vt -10.30000019 0.00000000
vt 0.00000000 0.00000000
vt 0.00000000 1.00000000
vt 0.00000000 -2.82743311
vt -1.00000000 -2.82743311
vt 0.00000000 -3.53429198
vt -1.00000000 -3.53429198
vt 0.00000000 -4.24114990
vt -1.00000000 -4.24114990
vt 0.00000000 -4.94800806
vt -1.00000000 -4.94800806
vt 0.00000000 -5.65486717
vt -1.00000000 -5.65486717
vt 0.00000000 1.00000000
vt -3.20000005 1.00000000
vt 0.00000000 0.00000000
vt -3.20000005 0.00000000
vt 0.00000000 -2.82743311
vt -1.00000000 -2.82743311
vt 0.00000000 -3.53429198
vt -1.00000000 -3.53429198
vt 0.00000000 -4.24114990
vt -1.00000000 -4.24114990
vt 0.00000000 -4.94800806
vt -1.00000000 -4.94800806
vt 0.00000000 -5.65486717
vt -1.00000000 -5.65486717
vt -12.50000000 1.20000005
vt -12.50000000 -0.20000000
vt -12.47319984 1.10000002
vt -12.47319984 -0.10000000
vt -12.39999962 1.02679503
vt -12.39999962 -0.02679497
vt -12.30000019 1.00000000
vt -12.30000019 0.00000000
vt 0.00000000 0.00000000
vt 0.00000000 1.00000000
vt 0.00000000 1.00000000
vt -2.59999990 1.00000000
vt 0.00000000 0.00000000
vt -2.59999990 0.00000000
vt 0.00000000 0.00000000
vt 1.00000000 0.00000000
vt 0.00000000 0.52359903
vt 1.00000000 0.52359903
vt 0.00000000 1.04719806
vt 1.00000000 1.04719806
vt 0.00000000 1.57079601
vt 1.00000000 1.57079601
vt -10.50000000 0.69999999
vt -10.50000000 -0.69999999
vt -10.47319984 0.60000002
vt -10.47319984 -0.60000002
vt -10.39999962 0.52679503
vt -10.39999962 -0.52679503
vt -10.30000019 0.50000000
vt -10.30000019 -0.50000000
vt 0.00000000 -0.50000000
vt 0.00000000 0.50000000
vt -0.50000000 -5.65486717
vt 0.50000000 -5.65486717
vt -0.50000000 -4.94800806
vt 0.50000000 -4.94800806
vt -0.50000000 -4.24114990
vt 0.50000000 -4.24114990
vt -0.50000000 -3.53429198
vt 0.50000000 -3.53429198
vt -0.50000000 -2.82743311
vt 0.50000000 -2.82743311
vt -1.20000005 -0.50000000
vt 0.00000000 -0.50000000
vt -1.20000005 0.50000000
vt 0.00000000 0.50000000
vt 0.50000000 1.57079601
vt -0.50000000 1.57079601
vt 0.50000000 1.04719806
vt -0.50000000 1.04719806
vt 0.50000000 0.52359903
vt -0.50000000 0.52359903
vt 0.50000000 0.00000000
vt -0.50000000 0.00000000
vt -2.59999990 -0.50000000
vt 0.00000000 -0.50000000
vt -2.59999990 0.50000000
vt 0.00000000 0.50000000
vt -12.50000000 0.69999999
vt -12.50000000 -0.69999999
vt -12.47319984 0.60000002
vt -12.47319984 -0.60000002
vt -12.39999962 0.52679503
vt -12.39999962 -0.52679503
vt -12.30000019 0.50000000
vt -12.30000019 -0.50000000
vt 0.00000000 -0.50000000
vt 0.00000000 0.50000000
vt -0.50000000 -5.65486717
vt 0.50000000 -5.65486717
vt -0.50000000 -4.94800806
vt 0.50000000 -4.94800806
vt -0.50000000 -4.24114990
vt 0.50000000 -4.24114990
vt -0.50000000 -3.53429198
vt 0.50000000 -3.53429198
vt -0.50000000 -2.82743311
vt 0.50000000 -2.82743311
f 1/1 2/2 3/3
f 3/3 2/2 4/4
f 4/4 2/2 5/5
f 4/4 5/5 6/6
f 6/6 5/5 7/7
f 6/6 7/7 8/8
f 8/8 7/7 9/9
f 8/8 9/9 10/10
f 11/11 12/12 13/13
f 13/13 12/12 14/14
f 14/14 12/12 15/15
f 14/14 15/15 16/16
f 17/17 18/18 19/19
f 19/19 18/18 20/20
f 20/20 18/18 21/21
f 20/20 21/21 22/22
f 22/22 21/21 23/23
f 22/22 23/23 24/24
f 24/24 23/23 25/25
f 24/24 25/25 26/26
f 27/27 28/28 29/29
f 29/29 28/28 30/30
f 30/30 28/28 31/31
f 30/30 31/31 32/32
f 33/33 34/34 35/35
f 35/35 34/34 36/36
f 36/36 34/34 37/37
f 36/36 37/37 38/38
f 38/38 37/37 39/39
f 38/38 39/39 40/40
f 40/40 39/39 41/41
f 40/40 41/41 42/42
f 43/43 44/44 45/45
f 45/45 44/44 46/46
f 46/46 44/44 47/47
f 46/46 47/47 48/48
f 46/46 48/48 49/49
f 49/49 48/48 50/50
f 49/49 50/50 51/51
f 51/51 50/50 52/52
f 51/51 52/52 53/53
f 54/54 55/55 56/56
f 56/56 55/55 57/57
f 57/57 55/55 58/58
f 57/57 58/58 59/59
f 60/60 61/61 62/62
f 62/62 61/61 63/63
f 63/63 61/61 64/64
f 63/63 64/64 65/65
f 65/65 64/64 66/66
f 65/65 66/66 67/67
f 67/67 66/66 68/68
f 67/67 68/68 69/69
f 70/70 71/71 72/72
f 72/72 71/71 73/73
f 73/73 71/71 74/74
f 73/73 74/74 75/75
f 76/76 77/77 78/78
f 75/75 78/78 79/79
f 79/79 78/78 80/80
f 79/79 80/80 81/81
f 81/81 80/80 82/82
f 81/81 82/82 83/83
f 83/83 82/82 84/84
f 83/83 84/84 85/85
f 86/86 87/87 88/88
f 88/88 87/87 89/89
f 89/89 87/87 90/90
f 89/89 90/90 91/91
f 91/91 90/90 92/92
f 91/91 92/92 93/93
f 93/93 92/92 94/94
f 93/93 94/94 95/95
f 96/96 97/97 98/98
f 98/98 97/97 99/99
f 99/99 97/97 100/100
f 99/99 100/100 101/101
f 99/99 101/101 102/102
f 102/102 101/101 103/103
f 102/102 103/103 104/104
f 104/104 103/103 105/105
f 104/104 105/105 106/106
f 107/107 108/108 109/109
f 109/109 108/108 110/110
f 110/110 108/108 111/111
f 110/110 111/111 112/112
f 113/113 114/114 115/115
f 115/115 114/114 116/116
f 115/115 116/116 117/117
f 117/117 116/116 118/118
f 117/117 118/118 119/119
f 119/119 118/118 120/120
f 119/119 120/120 121/121
f 121/121 120/120 122/122
f 122/122 120/120 123/123
f 122/122 123/123 124/124
f 124/124 123/123 125/125
f 124/124 125/125 126/126
f 126/126 125/125 127/127
f 126/126 127/127 128/128
f 126/126 128/128 129/129
f 129/129 128/128 130/130
f 129/129 130/130 131/131
f 131/131 130/130 132/132
f 132/132 130/130 133/133
f 132/132 133/133 134/134
f 134/134 133/133 135/135
f 134/134 135/135 136/136
f 134/134 136/136 137/137
f 137/137 136/136 138/138
f 137/137 138/138 139/139
f 139/139 138/138 140/140
f 140/140 138/138 141/141
f 140/140 141/141 142/142
f 142/142 141/141 143/143
f 143/143 141/141 144/144
f 143/143 144/144 145/145
f 145/145 144/144 146/146
f 146/146 144/144 147/147
f 146/146 147/147 148/148
f 148/148 147/147 149/149
f 148/148 149/149 150/150
f 148/148 150/150 151/151
f 151/151 150/150 152/152
f 151/151 152/152 153/153
f 153/153 152/152 154/154
f 154/154 152/152 113/113
f 154/154 113/113 115/115
f 155/155 156/156 157/157
f 157/157 156/156 158/158
f 159/159 160/160 161/161
f 161/161 160/160 162/162
f 163/163 164/164 165/165
f 165/165 164/164 166/166
f 167/167 168/168 169/169
f 169/169 168/168 170/170
f 171/171 172/172 173/173
f 173/173 172/172 174/174
f 175/175 176/176 177/177
f 177/177 176/176 178/178
f 179/179 180/180 181/181
f 181/181 180/180 182/182
f 183/183 184/184 185/185
f 185/185 184/184 186/186
f 187/187 188/188 189/189
f 189/189 188/188 190/190
f 191/191 192/192 193/193
f 193/193 192/192 194/194
f 195/195 196/196 197/197
f 197/197 196/196 198/198
f 199/199 200/200 201/201
f 201/201 200/200 202/202
f 203/203 204/204 205/205
f 205/205 204/204 206/206
f 207/207 208/208 209/209
f 209/209 208/208 210/210
f 209/209 210/210 211/211
f 208/208 207/207 212/212
f 212/212 207/207 213/213
f 212/212 213/213 211/211
f 211/211 213/213 214/214
f 211/211 214/214 209/209
f 215/215 216/216 217/217
f 217/217 216/216 218/218
f 219/219 220/220 221/221
f 221/221 220/220 222/222
f 223/223 224/224 225/225
f 225/225 224/224 226/226
f 227/227 228/228 229/229
f 229/229 228/228 230/230
f 231/231 232/232 233/233
f 233/233 232/232 234/234
f 235/235 236/236 237/237
f 237/237 236/236 238/238
f 239/239 240/240 241/241
f 241/241 240/240 242/242
f 243/243 244/244 245/245
f 245/245 244/244 246/246
f 247/247 248/248 249/249
f 249/249 248/248 250/250
f 249/249 250/250 251/251
f 251/251 250/250 252/252
f 253/253 254/254 248/248
f 248/248 254/254 250/250
f 255/255 256/256 257/257
f 257/257 256/256 258/258
f 259/259 260/260 261/261
f 261/261 260/260 262/262
f 263/263 264/264 265/265
f 265/265 264/264 266/266
f 267/267 268/268 269/269
f 269/269 268/268 270/270
f 271/271 272/272 273/273
f 273/273 272/272 274/274
f 275/275 276/276 277/277
f 277/277 276/276 278/278
f 279/279 280/280 281/281
f 281/281 280/280 282/282
f 283/283 284/284 285/285
f 285/285 284/284 286/286
f 287/287 288/288 289/289
f 289/289 288/288 290/290
f 291/291 292/292 293/293
f 293/293 292/292 294/294
f 295/295 296/296 297/297
f 297/297 296/296 298/298
f 299/299 300/300 301/301
f 301/301 300/300 302/302
f 303/303 304/304 305/305
f 305/305 304/304 306/306
f 305/305 306/306 307/307
f 307/307 306/306 308/308
f 307/307 308/308 309/309
f 309/309 308/308 310/310
f 306/306 311/311 308/308
f 308/308 311/311 312/312
f 312/312 311/311 313/313
f 312/312 313/313 314/314
f 315/315 316/316 317/317
f 317/317 316/316 318/318
f 319/319 320/320 321/321
f 321/321 320/320 322/322
f 323/323 324/324 325/325
f 325/325 324/324 326/326
f 326/326 324/324 327/327
f 326/326 327/327 328/328
f 328/328 327/327 329/329
f 328/328 329/329 330/330
f 330/330 329/329 331/331
f 330/330 331/331 332/332
f 333/333 334/334 335/335
f 335/335 334/334 336/336
f 336/336 334/334 337/337
f 336/336 337/337 338/338
f 339/339 340/340 341/341
f 341/341 340/340 342/342
f 343/343 344/344 345/345
f 345/345 344/344 346/346
f 347/347 348/348 349/349
f 349/349 348/348 350/350
f 351/351 352/352 353/353
f 353/353 352/352 354/354
f 355/355 356/356 357/357
f 357/357 356/356 358/358
f 359/359 360/360 361/361
f 361/361 360/360 362/362
f 361/361 362/362 363/363
f 363/363 362/362 364/364
f 365/365 366/366 367/367
f 367/367 366/366 368/368
f 368/368 366/366 369/369
f 368/368 369/369 370/370
f 370/370 369/369 371/371
f 370/370 371/371 372/372
f 372/372 371/371 373/373
f 372/372 373/373 374/374
f 375/375 376/376 377/377
f 377/377 376/376 378/378
f 378/378 376/376 379/379
f 378/378 379/379 380/380
f 381/381 382/382 383/383
f 383/383 382/382 384/384
f 385/385 386/386 387/387
f 387/387 386/386 388/388
f 389/389 390/390 391/391
f 391/391 390/390 392/392
f 392/392 390/390 393/393
f 392/392 393/393 394/394
f 395/395 396/396 397/397
f 397/397 396/396 398/398
f 398/398 396/396 399/399
f 398/398 399/399 400/400
f 400/400 399/399 401/401
f 400/400 401/401 402/402
f 402/402 401/401 403/403
f 402/402 403/403 404/404
f 405/405 406/406 407/407
f 407/407 406/406 408/408
f 408/408 406/406 409/409
f 408/408 409/409 410/410
f 411/411 412/412 413/413
f 413/413 412/412 414/414
f 415/415 416/416 417/417
f 417/417 416/416 418/418
f 419/419 420/420 421/421
f 421/421 420/420 422/422
f 423/423 424/424 425/425
f 425/425 424/424 426/426
f 426/426 424/424 427/427
f 426/426 427/427 428/428
f 429/429 430/430 431/431
f 431/431 430/430 432/432
f 432/432 430/430 433/433
f 432/432 433/433 434/434
f 434/434 433/433 435/435
f 434/434 435/435 436/436
f 436/436 435/435 437/437
f 436/436 437/437 438/438
f 439/439 440/440 441/441
f 441/441 440/440 442/442
f 442/442 440/440 443/443
f 442/442 443/443 444/444
f 445/445 446/446 447/447
f 447/447 446/446 448/448
f 449/449 450/450 451/451
f 451/451 450/450 452/452
f 451/451 452/452 453/453
f 453/453 452/452 454/454
f 453/453 454/454 455/455
f 455/455 454/454 456/456
f 456/456 454/454 457/457
f 456/456 457/457 458/458
f 458/458 457/457 459/459
f 458/458 459/459 460/460
f 460/460 459/459 461/461
f 460/460 461/461 462/462
f 462/462 461/461 463/463
f 463/463 461/461 464/464
f 463/463 464/464 465/465
f 466/466 467/467 449/449
f 449/449 467/467 468/468
f 449/449 468/468 450/450
f 450/450 468/468 469/469
f 469/469 468/468 470/470
f 470/470 468/468 471/471
f 470/470 471/471 472/472
f 472/472 471/471 473/473
f 472/472 473/473 474/474
f 474/474 473/473 475/475
f 474/474 475/475 476/476
f 467/467 466/466 477/477
f 477/477 466/466 478/478
f 477/477 478/478 479/479
f 479/479 478/478 480/480
f 479/479 480/480 481/481
f 479/479 481/481 482/482
f 482/482 481/481 483/483
f 482/482 483/483 484/484
f 484/484 483/483 485/485
f 484/484 485/485 486/486
f 474/474 476/476 486/486
f 486/486 476/476 487/487
f 486/486 487/487 484/484
f 472/472 488/488 470/470
f 470/470 488/488 489/489
f 489/489 488/488 490/490
f 489/489 490/490 491/491
f 491/491 490/490 465/465
f 465/465 490/490 463/463
f 492/492 493/493 494/494
f 494/494 493/493 495/495
f 496/496 497/497 498/498
f 498/498 497/497 499/499
f 500/500 501/501 502/502
f 502/502 501/501 503/503
f 504/504 505/505 506/506
f 506/506 505/505 507/507
f 508/508 509/509 510/510
f 510/510 509/509 511/511
f 512/512 513/513 514/514
f 514/514 513/513 515/515
f 516/516 517/517 518/518
f 518/518 517/517 519/519
f 520/520 521/521 522/522
f 522/522 521/521 523/523
f 524/524 525/525 526/526
f 526/526 525/525 527/527
f 528/528 529/529 530/530
f 530/530 529/529 531/531
f 530/530 531/531 532/532
f 532/532 531/531 533/533
f 533/533 531/531 534/534
f 532/532 535/535 530/530
f 530/530 536/536 528/528
f 537/537 538/538 539/539
f 539/539 538/538 540/540
f 541/541 542/542 543/543
f 543/543 542/542 544/544
f 545/545 546/546 547/547
f 547/547 546/546 548/548
f 549/549 550/550 551/551
f 551/551 550/550 552/552
f 552/552 550/550 553/553
f 552/552 553/553 554/554
f 554/554 553/553 555/555
f 554/554 555/555 556/556
f 556/556 555/555 557/557
f 556/556 557/557 558/558
f 559/559 560/560 561/561
f 561/561 560/560 562/562
f 562/562 560/560 563/563
f 562/562 563/563 564/564
f 565/565 566/566 567/567
f 567/567 566/566 568/568
f 568/568 566/566 569/569
f 568/568 569/569 570/570
f 570/570 569/569 571/571
f 570/570 571/571 572/572
f 572/572 571/571 573/573
f 572/572 573/573 574/574
f 575/575 576/576 577/577
f 577/577 576/576 578/578
f 578/578 576/576 579/579
f 578/578 579/579 580/580
f 581/581 582/582 583/583
f 583/583 582/582 584/584
f 584/584 582/582 585/585
f 584/584 585/585 586/586
f 586/586 585/585 587/587
f 586/586 587/587 588/588
f 588/588 587/587 589/589
f 588/588 589/589 590/590
f 591/591 592/592 593/593
f 593/593 592/592 594/594
f 594/594 592/592 595/595
f 594/594 595/595 596/596
f 594/594 596/596 597/597
f 597/597 596/596 598/598
f 597/597 598/598 599/599
f 599/599 598/598 600/600
f 599/599 600/600 601/601
f 602/602 603/603 604/604
f 604/604 603/603 605/605
f 605/605 603/603 606/606
f 605/605 606/606 607/607
f 608/608 609/609 610/610
f 610/610 609/609 611/611
f 611/611 609/609 612/612
f 611/611 612/612 613/613
f 613/613 612/612 614/614
f 613/613 614/614 615/615
f 615/615 614/614 616/616
f 615/615 616/616 617/617
f 618/618 619/619 620/620
f 620/620 619/619 621/621
f 621/621 619/619 622/622
f 621/621 623/623 624/624
f 625/625 622/622 626/626
f 624/624 626/626 627/627
f 627/627 626/626 628/628
f 627/627 628/628 629/629
f 629/629 628/628 630/630
f 629/629 630/630 631/631
f 631/631 630/630 632/632
f 631/631 632/632 633/633
f 634/634 635/635 636/636
f 636/636 635/635 637/637
f 637/637 635/635 638/638
f 637/637 638/638 639/639
f 639/639 638/638 640/640
f 639/639 640/640 641/641
f 641/641 640/640 642/642
f 641/641 642/642 643/643
f 644/644 645/645 646/646
f 646/646 645/645 647/647
f 647/647 645/645 648/648
f 647/647 648/648 649/649
f 647/647 649/649 650/650
f 650/650 649/649 651/651
f 650/650 651/651 652/652
f 652/652 651/651 653/653
f 652/652 653/653 654/654
f 655/655 656/656 657/657
f 657/657 656/656 658/658
f 658/658 656/656 659/659
f 658/658 659/659 660/660
f 661/661 662/662 663/663
f 663/663 662/662 664/664
f 663/663 664/664 665/665
f 665/665 664/664 666/666
f 665/665 666/666 667/667
f 667/667 666/666 668/668
f 667/667 668/668 669/669
f 669/669 668/668 670/670
f 670/670 668/668 671/671
f 670/670 671/671 672/672
f 672/672 671/671 673/673
f 672/672 673/673 674/674
f 674/674 673/673 675/675
f 674/674 675/675 676/676
f 674/674 676/676 677/677
f 677/677 676/676 678/678
f 677/677 678/678 679/679
f 679/679 678/678 680/680
f 680/680 678/678 681/681
f 680/680 681/681 682/682
f 682/682 681/681 683/683
f 682/682 683/683 684/684
f 682/682 684/684 685/685
f 685/685 684/684 686/686
f 685/685 686/686 687/687
f 687/687 686/686 688/688
f 688/688 686/686 689/689
f 688/688 689/689 690/690
f 690/690 689/689 691/691
f 691/691 689/689 692/692
f 691/691 692/692 693/693
f 693/693 692/692 694/694
f 694/694 692/692 695/695
f 694/694 695/695 696/696
f 696/696 695/695 697/697
f 696/696 697/697 698/698
f 696/696 698/698 699/699
f 699/699 698/698 700/700
f 699/699 700/700 701/701
f 701/701 700/700 702/702
f 702/702 700/700 661/661
f 702/702 661/661 663/663
f 703/703 704/704 705/705
f 705/705 704/704 706/706
f 707/707 708/708 709/709
f 709/709 708/708 710/710
f 711/711 712/712 713/713
f 713/713 712/712 714/714
f 715/715 716/716 717/717
f 717/717 716/716 718/718
f 719/719 720/720 721/721
f 721/721 720/720 722/722
f 723/723 724/724 725/725
f 725/725 724/724 726/726
f 727/727 728/728 729/729
f 729/729 728/728 730/730
f 731/731 732/732 733/733
f 733/733 732/732 734/734
f 735/735 736/736 737/737
f 737/737 736/736 738/738
f 739/739 740/740 741/741
f 741/741 740/740 742/742
f 743/743 744/744 745/745
f 745/745 744/744 746/746
f 747/747 748/748 749/749
f 749/749 748/748 750/750
f 751/751 752/752 753/753
f 753/753 752/752 754/754
f 754/754 752/752 755/755
f 755/755 752/752 756/756
f 755/755 756/756 757/757
f 757/757 756/756 758/758
f 757/757 758/758 759/759
f 759/759 758/758 760/760
f 759/759 760/760 761/761
f 761/761 762/762 759/759
f 763/763 764/764 765/765
f 765/765 764/764 766/766
f 767/767 768/768 769/769
f 769/769 768/768 770/770
f 771/771 772/772 773/773
f 773/773 772/772 774/774
f 775/775 776/776 777/777
f 777/777 776/776 778/778
f 779/779 780/780 781/781
f 781/781 780/780 782/782
f 783/783 784/784 785/785
f 785/785 784/784 786/786
f 787/787 788/788 789/789
f 789/789 788/788 790/790
f 791/791 792/792 793/793
f 793/793 792/792 794/794
f 795/795 796/796 797/797
f 797/797 796/796 798/798
f 799/799 800/800 801/801
f 801/801 800/800 802/802
f 803/803 804/804 805/805
f 805/805 804/804 806/806
f 807/807 808/808 809/809
f 809/809 808/808 810/810
f 811/811 812/812 813/813
f 813/813 812/812 814/814
f 814/814 812/812 815/815
f 814/814 815/815 816/816
f 816/816 815/815 817/817
f 816/816 817/817 818/818
f 818/818 817/817 819/819
f 818/818 819/819 820/820
f 820/820 819/819 821/821
f 820/820 821/821 822/822
f 822/822 821/821 823/823
f 822/822 823/823 824/824
f 824/824 823/823 825/825
f 824/824 825/825 826/826
f 826/826 825/825 827/827
f 826/826 827/827 828/828
f 828/828 827/827 829/829
f 828/828 829/829 830/830
f 830/830 829/829 831/831
f 830/830 831/831 832/832
f 832/832 831/831 833/833
f 832/832 833/833 834/834
f 834/834 833/833 835/835
f 834/834 835/835 836/836
f 836/836 835/835 837/837
f 836/836 837/837 838/838
f 838/838 837/837 839/839
f 838/838 839/839 840/840
f 840/840 839/839 841/841
f 840/840 841/841 842/842
f 842/842 841/841 843/843
f 842/842 843/843 844/844
f 844/844 843/843 845/845
f 844/844 845/845 846/846
f 846/846 845/845 847/847
f 846/846 847/847 848/848
f 848/848 847/847 849/849
f 848/848 849/849 850/850
f 850/850 849/849 851/851
f 850/850 851/851 852/852
f 852/852 851/851 853/853
f 852/852 853/853 854/854
f 854/854 853/853 855/855
f 854/854 855/855 856/856
f 857/857 858/858 859/859
f 859/859 858/858 860/860
f 861/861 862/862 863/863
f 863/863 862/862 864/864
f 864/864 862/862 865/865
f 864/864 865/865 866/866
f 866/866 865/865 867/867
f 866/866 867/867 868/868
f 868/868 867/867 869/869
f 868/868 869/869 870/870
f 870/870 869/869 871/871
f 870/870 871/871 872/872
f 872/872 871/871 873/873
f 872/872 873/873 874/874
f 874/874 873/873 875/875
f 874/874 875/875 876/876
f 876/876 875/875 877/877
f 876/876 877/877 878/878
f 878/878 877/877 879/879
f 878/878 879/879 880/880
f 880/880 879/879 881/881
f 880/880 881/881 882/882
f 883/883 884/884 885/885
f 885/885 884/884 886/886
f 887/887 888/888 889/889
f 889/889 888/888 890/890
f 891/891 892/892 893/893
f 893/893 892/892 894/894
f 895/895 896/896 897/897
f 897/897 896/896 898/898
f 899/899 900/900 901/901
f 901/901 900/900 902/902
f 903/903 904/904 905/905
f 905/905 904/904 906/906
f 907/907 908/908 909/909
f 909/909 908/908 910/910
f 911/911 912/912 913/913
f 913/913 912/912 914/914
f 915/915 916/916 917/917
f 917/917 916/916 918/918
f 918/918 916/916 919/919
f 918/918 919/919 920/920
f 920/920 919/919 921/921
f 920/920 921/921 922/922
f 922/922 921/921 923/923
f 922/922 923/923 924/924
f 924/924 923/923 925/925
f 924/924 925/925 926/926
f 926/926 925/925 927/927
f 926/926 927/927 928/928
f 928/928 927/927 929/929
f 928/928 929/929 930/930
f 930/930 929/929 931/931
f 930/930 931/931 932/932
f 932/932 931/931 933/933
f 932/932 933/933 934/934
f 934/934 933/933 935/935
f 934/934 935/935 936/936
f 936/936 935/935 937/937
f 936/936 937/937 938/938
f 938/938 937/937 939/939
f 938/938 939/939 940/940
f 940/940 939/939 941/941
f 940/940 941/941 942/942
f 942/942 941/941 943/943
f 942/942 943/943 944/944
f 944/944 943/943 945/945
f 944/944 945/945 946/946
f 946/946 945/945 947/947
f 946/946 947/947 948/948
f 948/948 947/947 949/949
f 948/948 949/949 950/950
f 950/950 949/949 951/951
f 950/950 951/951 952/952
f 952/952 951/951 953/953
f 952/952 953/953 954/954
f 954/954 953/953 955/955
f 954/954 955/955 956/956
f 956/956 955/955 957/957
f 956/956 957/957 958/958
f 958/958 957/957 959/959
f 958/958 959/959 960/960
f 961/961 962/962 963/963
f 963/963 962/962 964/964
f 964/964 962/962 965/965
f 964/964 965/965 966/966
f 966/966 965/965 967/967
f 966/966 967/967 968/968
f 968/968 967/967 969/969
f 968/968 969/969 970/970
f 970/970 969/969 971/971
f 970/970 971/971 972/972
f 972/972 971/971 973/973
f 972/972 973/973 974/974
f 974/974 973/973 975/975
f 974/974 975/975 976/976
f 976/976 975/975 977/977
f 976/976 977/977 978/978
f 978/978 977/977 979/979
f 978/978 979/979 980/980
f 980/980 979/979 981/981
f 980/980 981/981 982/982
f 982/982 981/981 983/983
f 982/982 983/983 984/984
f 984/984 983/983 985/985
f 984/984 985/985 986/986
f 986/986 985/985 987/987
f 986/986 987/987 988/988
f 989/989 990/990 991/991
f 991/991 990/990 992/992
f 992/992 990/990 993/993
f 992/992 993/993 994/994
f 994/994 993/993 995/995
f 994/994 995/995 996/996
f 996/996 995/995 997/997
f 996/996 997/997 998/998
f 998/998 997/997 999/999
f 998/998 999/999 1000/1000
f 1000/1000 999/999 1001/1001
f 1000/1000 1001/1001 1002/1002
f 1002/1002 1001/1001 1003/1003
f 1002/1002 1003/1003 1004/1004
f 1004/1004 1003/1003 1005/1005
f 1004/1004 1005/1005 1006/1006
f 1006/1006 1005/1005 1007/1007
f 1006/1006 1007/1007 1008/1008
f 1008/1008 1007/1007 1009/1009
f 1008/1008 1009/1009 1010/1010
f 1010/1010 1009/1009 1011/1011
f 1010/1010 1011/1011 1012/1012
f 1012/1012 1011/1011 1013/1013
f 1012/1012 1013/1013 1014/1014
f 1014/1014 1013/1013 1015/1015
f 1014/1014 1015/1015 1016/1016
f 1016/1016 1015/1015 1017/1017
f 1016/1016 1017/1017 1018/1018
f 1018/1018 1017/1017 1019/1019
f 1018/1018 1019/1019 1020/1020
f 1020/1020 1019/1019 1021/1021
f 1020/1020 1021/1021 1022/1022
f 1022/1022 1021/1021 1023/1023
f 1022/1022 1023/1023 1024/1024
f 1024/1024 1023/1023 1025/1025
f 1024/1024 1025/1025 1026/1026
f 1026/1026 1025/1025 1027/1027
f 1026/1026 1027/1027 1028/1028
f 1028/1028 1027/1027 1029/1029
f 1028/1028 1029/1029 1030/1030
f 1030/1030 1029/1029 1031/1031
f 1030/1030 1031/1031 1032/1032
f 1032/1032 1031/1031 1033/1033
f 1032/1032 1033/1033 1034/1034
f 1034/1034 1033/1033 1035/1035
f 1034/1034 1035/1035 1036/1036
f 1036/1036 1035/1035 1037/1037
f 1036/1036 1037/1037 1038/1038
f 1039/1039 1040/1040 1041/1041
f 1041/1041 1040/1040 1042/1042
f 1043/1043 1044/1044 1045/1045
f 1045/1045 1044/1044 1046/1046
f 1047/1047 1048/1048 1049/1049
f 1049/1049 1048/1048 1050/1050
f 1051/1051 1052/1052 1053/1053
f 1053/1053 1052/1052 1054/1054
f 1055/1055 1056/1056 1057/1057
f 1057/1057 1056/1056 1058/1058
f 1059/1059 1060/1060 1061/1061
f 1061/1061 1060/1060 1062/1062
f 1063/1063 1064/1064 1065/1065
f 1065/1065 1064/1064 1066/1066
f 1067/1067 1068/1068 1069/1069
f 1069/1069 1068/1068 1070/1070
f 1071/1071 1072/1072 1073/1073
f 1073/1073 1072/1072 1074/1074
f 1075/1075 1076/1076 1077/1077
f 1077/1077 1076/1076 1078/1078
f 1079/1079 1080/1080 1081/1081
f 1081/1081 1080/1080 1082/1082
f 1083/1083 1084/1084 1085/1085
f 1085/1085 1084/1084 1086/1086
f 1087/1087 1088/1088 1089/1089
f 1089/1089 1088/1088 1090/1090
f 1090/1090 1088/1088 1091/1091
f 1090/1090 1091/1091 1092/1092
f 1092/1092 1091/1091 1093/1093
f 1092/1092 1093/1093 1094/1094
f 1094/1094 1093/1093 1095/1095
f 1094/1094 1095/1095 1096/1096
f 1096/1096 1095/1095 1097/1097
f 1096/1096 1097/1097 1098/1098
f 1098/1098 1097/1097 1099/1099
f 1098/1098 1099/1099 1100/1100
f 1100/1100 1099/1099 1101/1101
f 1100/1100 1101/1101 1102/1102
f 1102/1102 1101/1101 1103/1103
f 1102/1102 1103/1103 1104/1104
f 1104/1104 1103/1103 1105/1105
f 1104/1104 1105/1105 1106/1106
f 1106/1106 1105/1105 1107/1107
f 1106/1106 1107/1107 1108/1108
f 1108/1108 1107/1107 1109/1109
f 1108/1108 1109/1109 1110/1110
f 1110/1110 1109/1109 1111/1111
f 1110/1110 1111/1111 1112/1112
f 1112/1112 1111/1111 1113/1113
f 1112/1112 1113/1113 1114/1114
f 1114/1114 1113/1113 1115/1115
f 1114/1114 1115/1115 1116/1116
f 1116/1116 1115/1115 1117/1117
f 1116/1116 1117/1117 1118/1118
f 1118/1118 1117/1117 1119/1119
f 1118/1118 1119/1119 1120/1120
f 1120/1120 1119/1119 1121/1121
f 1120/1120 1121/1121 1122/1122
f 1122/1122 1121/1121 1123/1123
f 1122/1122 1123/1123 1124/1124
f 1124/1124 1123/1123 1125/1125
f 1124/1124 1125/1125 1126/1126
f 1126/1126 1125/1125 1127/1127
f 1126/1126 1127/1127 1128/1128
f 1128/1128 1127/1127 1129/1129
f 1128/1128 1129/1129 1130/1130
f 1130/1130 1129/1129 1131/1131
f 1130/1130 1131/1131 1132/1132
f 1133/1133 1134/1134 1135/1135
f 1135/1135 1134/1134 1136/1136
f 1137/1137 1138/1138 1139/1139
f 1139/1139 1138/1138 1140/1140
f 1140/1140 1138/1138 1141/1141
f 1140/1140 1141/1141 1142/1142
f 1142/1142 1141/1141 1143/1143
f 1142/1142 1143/1143 1144/1144
f 1144/1144 1143/1143 1145/1145
f 1144/1144 1145/1145 1146/1146
f 1146/1146 1145/1145 1147/1147
f 1146/1146 1147/1147 1148/1148
f 1148/1148 1147/1147 1149/1149
f 1148/1148 1149/1149 1150/1150
f 1150/1150 1149/1149 1151/1151
f 1150/1150 1151/1151 1152/1152
f 1152/1152 1151/1151 1153/1153
f 1152/1152 1153/1153 1154/1154
f 1154/1154 1153/1153 1155/1155
f 1154/1154 1155/1155 1156/1156
f 1156/1156 1155/1155 1157/1157
f 1156/1156 1157/1157 1158/1158
f 1159/1159 1160/1160 1161/1161
f 1161/1161 1160/1160 1162/1162
f 1163/1163 1164/1164 1165/1165
f 1165/1165 1164/1164 1166/1166
f 1167/1167 1168/1168 1169/1169
f 1169/1169 1168/1168 1170/1170
f 1171/1171 1172/1172 1173/1173
f 1173/1173 1172/1172 1174/1174
f 1175/1175 1176/1176 1177/1177
f 1177/1177 1176/1176 1178/1178
f 1179/1179 1180/1180 1181/1181
f 1181/1181 1180/1180 1182/1182
f 1183/1183 1184/1184 1185/1185
f 1185/1185 1184/1184 1186/1186
f 1187/1187 1188/1188 1189/1189
f 1189/1189 1188/1188 1190/1190
f 1191/1191 1192/1192 1193/1193
f 1193/1193 1192/1192 1194/1194
f 1194/1194 1192/1192 1195/1195
f 1194/1194 1195/1195 1196/1196
f 1196/1196 1195/1195 1197/1197
f 1196/1196 1197/1197 1198/1198
f 1198/1198 1197/1197 1199/1199
f 1198/1198 1199/1199 1200/1200
f 1200/1200 1199/1199 1201/1201
f 1200/1200 1201/1201 1202/1202
f 1202/1202 1201/1201 1203/1203
f 1202/1202 1203/1203 1204/1204
f 1204/1204 1203/1203 1205/1205
f 1204/1204 1205/1205 1206/1206
f 1206/1206 1205/1205 1207/1207
f 1206/1206 1207/1207 1208/1208
f 1208/1208 1207/1207 1209/1209
f 1208/1208 1209/1209 1210/1210
f 1210/1210 1209/1209 1211/1211
f 1210/1210 1211/1211 1212/1212
f 1212/1212 1211/1211 1213/1213
f 1212/1212 1213/1213 1214/1214
f 1214/1214 1213/1213 1215/1215
f 1214/1214 1215/1215 1216/1216
f 1216/1216 1215/1215 1217/1217
f 1216/1216 1217/1217 1218/1218
f 1218/1218 1217/1217 1219/1219
f 1218/1218 1219/1219 1220/1220
f 1220/1220 1219/1219 1221/1221
f 1220/1220 1221/1221 1222/1222
f 1222/1222 1221/1221 1223/1223
f 1222/1222 1223/1223 1224/1224
f 1224/1224 1223/1223 1225/1225
f 1224/1224 1225/1225 1226/1226
f 1226/1226 1225/1225 1227/1227
f 1226/1226 1227/1227 1228/1228
f 1228/1228 1227/1227 1229/1229
f 1228/1228 1229/1229 1230/1230
f 1230/1230 1229/1229 1231/1231
f 1230/1230 1231/1231 1232/1232
f 1232/1232 1231/1231 1233/1233
f 1232/1232 1233/1233 1234/1234
f 1234/1234 1233/1233 1235/1235
f 1234/1234 1235/1235 1236/1236
f 1237/1237 1238/1238 1239/1239
f 1239/1239 1238/1238 1240/1240
f 1240/1240 1238/1238 1241/1241
f 1240/1240 1241/1241 1242/1242
f 1242/1242 1241/1241 1243/1243
f 1242/1242 1243/1243 1244/1244
f 1244/1244 1243/1243 1245/1245
f 1244/1244 1245/1245 1246/1246
f 1246/1246 1245/1245 1247/1247
f 1246/1246 1247/1247 1248/1248
f 1248/1248 1247/1247 1249/1249
f 1248/1248 1249/1249 1250/1250
f 1250/1250 1249/1249 1251/1251
f 1250/1250 1251/1251 1252/1252
f 1252/1252 1251/1251 1253/1253
f 1252/1252 1253/1253 1254/1254
f 1254/1254 1253/1253 1255/1255
f 1254/1254 1255/1255 1256/1256
f 1256/1256 1255/1255 1257/1257
f 1256/1256 1257/1257 1258/1258
f 1258/1258 1257/1257 1259/1259
f 1258/1258 1259/1259 1260/1260
f 1260/1260 1259/1259 1261/1261
f 1260/1260 1261/1261 1262/1262
f 1262/1262 1261/1261 1263/1263
f 1262/1262 1263/1263 1264/1264
f 1265/1265 1266/1266 1267/1267
f 1267/1267 1266/1266 1268/1268
f 1268/1268 1266/1266 1269/1269
f 1268/1268 1269/1269 1270/1270
f 1270/1270 1269/1269 1271/1271
f 1270/1270 1271/1271 1272/1272
f 1272/1272 1271/1271 1273/1273
f 1272/1272 1273/1273 1274/1274
f 1274/1274 1273/1273 1275/1275
f 1274/1274 1275/1275 1276/1276
f 1276/1276 1275/1275 1277/1277
f 1276/1276 1277/1277 1278/1278
f 1278/1278 1277/1277 1279/1279
f 1278/1278 1279/1279 1280/1280
f 1280/1280 1279/1279 1281/1281
f 1280/1280 1281/1281 1282/1282
f 1282/1282 1281/1281 1283/1283
f 1282/1282 1283/1283 1284/1284
f 1284/1284 1283/1283 1285/1285
f 1284/1284 1285/1285 1286/1286
f 1286/1286 1285/1285 1287/1287
f 1286/1286 1287/1287 1288/1288
f 1288/1288 1287/1287 1289/1289
f 1288/1288 1289/1289 1290/1290
f 1290/1290 1289/1289 1291/1291
f 1290/1290 1291/1291 1292/1292
f 1292/1292 1291/1291 1293/1293
f 1292/1292 1293/1293 1294/1294
f 1294/1294 1293/1293 1295/1295
f 1294/1294 1295/1295 1296/1296
f 1296/1296 1295/1295 1297/1297
f 1296/1296 1297/1297 1298/1298
f 1298/1298 1297/1297 1299/1299
f 1298/1298 1299/1299 1300/1300
f 1300/1300 1299/1299 1301/1301
f 1300/1300 1301/1301 1302/1302
f 1302/1302 1301/1301 1303/1303
f 1302/1302 1303/1303 1304/1304
f 1304/1304 1303/1303 1305/1305
f 1304/1304 1305/1305 1306/1306
f 1306/1306 1305/1305 1307/1307
f 1306/1306 1307/1307 1308/1308
f 1308/1308 1307/1307 1309/1309
f 1308/1308 1309/1309 1310/1310
f 1310/1310 1309/1309 1311/1311
f 1310/1310 1311/1311 1312/1312
f 1312/1312 1311/1311 1313/1313
f 1312/1312 1313/1313 1314/1314
f 1315/1315 1316/1316 1317/1317
f 1317/1317 1316/1316 1318/1318
f 1319/1319 1320/1320 1321/1321
f 1321/1321 1320/1320 1322/1322
f 1323/1323 1324/1324 1325/1325
f 1325/1325 1324/1324 1326/1326
f 1327/1327 1328/1328 1329/1329
f 1329/1329 1328/1328 1330/1330
f 1331/1331 1332/1332 1333/1333
f 1333/1333 1332/1332 1334/1334
f 1335/1335 1336/1336 1337/1337
f 1337/1337 1336/1336 1338/1338
f 1339/1339 1340/1340 1341/1341
f 1341/1341 1340/1340 1342/1342
f 1343/1343 1344/1344 1345/1345
f 1345/1345 1344/1344 1346/1346
f 1347/1347 1348/1348 1349/1349
f 1349/1349 1348/1348 1350/1350
f 1351/1351 1352/1352 1353/1353
f 1353/1353 1352/1352 1354/1354
f 1353/1353 1354/1354 1355/1355
f 1355/1355 1354/1354 1356/1356
f 1356/1356 1354/1354 1357/1357
f 1355/1355 1358/1358 1353/1353
f 1353/1353 1359/1359 1351/1351
f 1360/1360 1361/1361 1362/1362
f 1362/1362 1361/1361 1363/1363
f 1364/1364 1365/1365 1366/1366
f 1366/1366 1365/1365 1367/1367
f 1368/1368 1369/1369 1370/1370
f 1370/1370 1369/1369 1371/1371
f 1372/1372 1373/1373 1374/1374
f 1374/1374 1373/1373 1375/1375
f 1376/1376 1377/1377 1378/1378
f 1378/1378 1377/1377 1379/1379
f 1380/1380 1381/1381 1382/1382
f 1382/1382 1381/1381 1383/1383
f 1384/1384 1385/1385 1386/1386
f 1386/1386 1385/1385 1387/1387
f 1388/1388 1389/1389 1390/1390
f 1390/1390 1389/1389 1391/1391
f 1392/1392 1393/1393 1394/1394
f 1394/1394 1393/1393 1395/1395
f 1396/1396 1397/1397 1398/1398
f 1398/1398 1397/1397 1399/1399
f 1400/1400 1401/1401 1402/1402
f 1402/1402 1401/1401 1403/1403
f 1404/1404 1405/1405 1406/1406
f 1406/1406 1405/1405 1407/1407
f 1406/1406 1407/1407 1408/1408
f 1408/1408 1407/1407 1409/1409
f 1408/1408 1409/1409 1410/1410
f 1410/1410 1409/1409 1404/1404
f 1410/1410 1404/1404 1411/1411
f 1411/1411 1404/1404 1406/1406
f 1412/1412 1413/1413 1414/1414
f 1414/1414 1413/1413 1415/1415
f 1416/1416 1417/1417 1418/1418
f 1418/1418 1417/1417 1419/1419
f 1420/1420 1421/1421 1422/1422
f 1422/1422 1421/1421 1423/1423
f 1424/1424 1425/1425 1426/1426
f 1426/1426 1425/1425 1427/1427
f 1428/1428 1429/1429 1430/1430
f 1430/1430 1429/1429 1431/1431
f 1432/1432 1433/1433 1434/1434
f 1434/1434 1433/1433 1435/1435
f 1436/1436 1437/1437 1438/1438
f 1438/1438 1437/1437 1439/1439
f 1440/1440 1441/1441 1442/1442
f 1442/1442 1441/1441 1443/1443
f 1444/1444 1445/1445 1446/1446
f 1446/1446 1445/1445 1447/1447
f 1448/1448 1449/1449 1450/1450
f 1450/1450 1449/1449 1451/1451
f 1450/1450 1451/1451 1452/1452
f 1452/1452 1451/1451 1453/1453
f 1453/1453 1451/1451 1454/1454
f 1452/1452 1455/1455 1450/1450
f 1450/1450 1456/1456 1448/1448
f 1457/1457 1458/1458 1459/1459
f 1459/1459 1458/1458 1460/1460
f 1461/1461 1462/1462 1463/1463
f 1463/1463 1462/1462 1464/1464
f 1465/1465 1466/1466 1467/1467
f 1467/1467 1466/1466 1468/1468
f 1469/1469 1470/1470 1471/1471
f 1471/1471 1470/1470 1472/1472
f 1473/1473 1474/1474 1475/1475
f 1475/1475 1474/1474 1476/1476
f 1477/1477 1478/1478 1479/1479
f 1479/1479 1478/1478 1480/1480
f 1481/1481 1482/1482 1483/1483
f 1483/1483 1482/1482 1484/1484
f 1485/1485 1486/1486 1487/1487
f 1487/1487 1486/1486 1488/1488
f 1489/1489 1490/1490 1491/1491
f 1491/1491 1490/1490 1492/1492
f 1493/1493 1494/1494 1495/1495
f 1495/1495 1494/1494 1496/1496
f 1497/1497 1498/1498 1499/1499
f 1499/1499 1498/1498 1500/1500
f 1501/1501 1502/1502 1503/1503
f 1503/1503 1502/1502 1504/1504
f 1503/1503 1504/1504 1505/1505
f 1505/1505 1504/1504 1506/1506
f 1505/1505 1506/1506 1507/1507
f 1507/1507 1506/1506 1501/1501
f 1507/1507 1501/1501 1508/1508
f 1508/1508 1501/1501 1503/1503
f 1509/1509 1510/1510 1511/1511
f 1511/1511 1510/1510 1512/1512
f 1511/1511 1512/1512 1513/1513
f 1513/1513 1512/1512 1514/1514
f 1513/1513 1514/1514 1515/1515
f 1515/1515 1514/1514 1516/1516
f 1515/1515 1516/1516 1517/1517
f 1517/1517 1516/1516 1518/1518
f 1517/1517 1518/1518 1519/1519
f 1519/1519 1518/1518 1520/1520
f 1519/1519 1520/1520 1521/1521
f 1521/1521 1520/1520 1522/1522
f 1522/1522 1520/1520 1523/1523
f 1524/1524 1525/1525 1526/1526
f 1526/1526 1525/1525 1527/1527
f 1526/1526 1527/1527 1528/1528
f 1510/1510 1509/1509 1529/1529
f 1529/1529 1509/1509 1530/1530
f 1529/1529 1530/1530 1531/1531
f 1531/1531 1530/1530 1532/1532
f 1531/1531 1532/1532 1533/1533
f 1533/1533 1532/1532 1534/1534
f 1533/1533 1534/1534 1528/1528
f 1528/1528 1534/1534 1526/1526
f 1535/1535 1536/1536 1537/1537
f 1537/1537 1536/1536 1538/1538
f 1537/1537 1538/1538 1539/1539
f 1536/1536 1535/1535 1540/1540
f 1540/1540 1535/1535 1541/1541
f 1540/1540 1541/1541 1542/1542
f 1542/1542 1541/1541 1543/1543
f 1542/1542 1543/1543 1544/1544
f 1544/1544 1543/1543 1545/1545
f 1544/1544 1545/1545 1546/1546
f 1544/1544 1546/1546 1547/1547
f 1547/1547 1546/1546 1548/1548
f 1547/1547 1548/1548 1549/1549
f 1549/1549 1548/1548 1550/1550
f 1550/1550 1548/1548 1551/1551
f 1550/1550 1551/1551 1552/1552
f 1552/1552 1551/1551 1553/1553
f 1552/1552 1553/1553 1554/1554
f 1554/1554 1553/1553 1555/1555
f 1554/1554 1555/1555 1556/1556
f 1554/1554 1556/1556 1557/1557
f 1557/1557 1556/1556 1558/1558
f 1557/1557 1558/1558 1539/1539
f 1539/1539 1558/1558 1537/1537
f 1559/1559 1560/1560 1561/1561
f 1561/1561 1560/1560 1562/1562
f 1561/1561 1562/1562 1563/1563
f 1560/1560 1559/1559 1564/1564
f 1564/1564 1559/1559 1565/1565
f 1564/1564 1565/1565 1566/1566
f 1564/1564 1566/1566 1567/1567
f 1567/1567 1566/1566 1568/1568
f 1567/1567 1568/1568 1569/1569
f 1569/1569 1568/1568 1570/1570
f 1569/1569 1570/1570 1571/1571
f 1571/1571 1570/1570 1572/1572
f 1572/1572 1570/1570 1573/1573
f 1572/1572 1573/1573 1574/1574
f 1574/1574 1573/1573 1575/1575
f 1574/1574 1575/1575 1576/1576
f 1576/1576 1575/1575 1577/1577
f 1576/1576 1577/1577 1578/1578
f 1576/1576 1578/1578 1563/1563
f 1563/1563 1578/1578 1561/1561
f 1579/1579 1580/1580 1581/1581
f 1581/1581 1580/1580 1582/1582
f 1581/1581 1582/1582 1583/1583
f 1580/1580 1579/1579 1584/1584
f 1584/1584 1579/1579 1585/1585
f 1584/1584 1585/1585 1586/1586
f 1586/1586 1585/1585 1587/1587
f 1586/1586 1587/1587 1588/1588
f 1588/1588 1587/1587 1589/1589
f 1588/1588 1589/1589 1590/1590
f 1590/1590 1589/1589 1591/1591
f 1590/1590 1591/1591 1592/1592
f 1592/1592 1591/1591 1593/1593
f 1592/1592 1593/1593 1594/1594
f 1594/1594 1593/1593 1595/1595
f 1594/1594 1595/1595 1596/1596
f 1596/1596 1595/1595 1597/1597
f 1596/1596 1597/1597 1598/1598
f 1598/1598 1597/1597 1599/1599
f 1598/1598 1599/1599 1583/1583
f 1583/1583 1599/1599 1581/1581
f 1600/1600 1601/1601 1602/1602
f 1602/1602 1601/1601 1603/1603
f 1602/1602 1603/1603 1604/1604
f 1601/1601 1600/1600 1605/1605
f 1605/1605 1600/1600 1606/1606
f 1605/1605 1606/1606 1607/1607
f 1605/1605 1607/1607 1608/1608
f 1608/1608 1607/1607 1609/1609
f 1608/1608 1609/1609 1610/1610
f 1610/1610 1609/1609 1611/1611
f 1610/1610 1611/1611 1612/1612
f 1612/1612 1611/1611 1613/1613
f 1613/1613 1611/1611 1614/1614
f 1613/1613 1614/1614 1615/1615
f 1615/1615 1614/1614 1616/1616
f 1615/1615 1616/1616 1617/1617
f 1617/1617 1616/1616 1618/1618
f 1617/1617 1618/1618 1619/1619
f 1617/1617 1619/1619 1604/1604
f 1604/1604 1619/1619 1602/1602
f 1620/1620 1621/1621 1622/1622
f 1622/1622 1621/1621 1623/1623
f 1622/1622 1623/1623 1624/1624
f 1624/1624 1623/1623 1625/1625
f 1624/1624 1625/1625 1626/1626
f 1626/1626 1625/1625 1627/1627
f 1627/1627 1625/1625 1628/1628
f 1627/1627 1628/1628 1629/1629
f 1629/1629 1628/1628 1630/1630
f 1629/1629 1630/1630 1631/1631
f 1631/1631 1630/1630 1632/1632
f 1631/1631 1632/1632 1633/1633
f 1631/1631 1633/1633 1634/1634
f 1634/1634 1633/1633 1635/1635
f 1634/1634 1635/1635 1636/1636
f 1636/1636 1635/1635 1637/1637
f 1636/1636 1637/1637 1638/1638
f 1638/1638 1637/1637 1639/1639
f 1639/1639 1637/1637 1620/1620
f 1639/1639 1620/1620 1622/1622
f 1640/1640 1641/1641 1642/1642
f 1642/1642 1641/1641 1643/1643
f 1642/1642 1643/1643 1644/1644
f 1644/1644 1643/1643 1645/1645
f 1644/1644 1645/1645 1646/1646
f 1646/1646 1645/1645 1647/1647
f 1646/1646 1647/1647 1648/1648
f 1648/1648 1647/1647 1649/1649
f 1649/1649 1647/1647 1650/1650
f 1649/1649 1650/1650 1651/1651
f 1651/1651 1650/1650 1652/1652
f 1651/1651 1652/1652 1653/1653
f 1653/1653 1652/1652 1654/1654
f 1653/1653 1654/1654 1655/1655
f 1653/1653 1655/1655 1656/1656
f 1656/1656 1655/1655 1657/1657
f 1656/1656 1657/1657 1658/1658
f 1658/1658 1657/1657 1659/1659
f 1659/1659 1657/1657 1660/1660
f 1659/1659 1660/1660 1661/1661
f 1661/1661 1660/1660 1662/1662
f 1661/1661 1662/1662 1663/1663
f 1663/1663 1662/1662 1640/1640
f 1663/1663 1640/1640 1642/1642
f 1664/1664 1665/1665 1666/1666
f 1666/1666 1665/1665 1667/1667
f 1666/1666 1667/1667 1668/1668
f 1668/1668 1667/1667 1669/1669
f 1668/1668 1669/1669 1670/1670
f 1670/1670 1669/1669 1671/1671
f 1670/1670 1671/1671 1672/1672
f 1672/1672 1671/1671 1673/1673
f 1672/1672 1673/1673 1674/1674
f 1674/1674 1673/1673 1675/1675
f 1674/1674 1675/1675 1676/1676
f 1676/1676 1675/1675 1677/1677
f 1677/1677 1675/1675 1678/1678
f 1679/1679 1680/1680 1681/1681
f 1681/1681 1680/1680 1682/1682
f 1681/1681 1682/1682 1683/1683
f 1665/1665 1664/1664 1684/1684
f 1684/1684 1664/1664 1685/1685
f 1684/1684 1685/1685 1686/1686
f 1686/1686 1685/1685 1687/1687
f 1686/1686 1687/1687 1688/1688
f 1688/1688 1687/1687 1689/1689
f 1688/1688 1689/1689 1683/1683
f 1683/1683 1689/1689 1681/1681
f 1690/1690 1691/1691 1692/1692
f 1692/1692 1691/1691 1693/1693
f 1692/1692 1693/1693 1694/1694
f 1694/1694 1693/1693 1695/1695
f 1694/1694 1695/1695 1696/1696
f 1696/1696 1695/1695 1697/1697
f 1696/1696 1697/1697 1698/1698
f 1698/1698 1697/1697 1699/1699
f 1699/1699 1697/1697 1700/1700
f 1699/1699 1700/1700 1701/1701
f 1701/1701 1700/1700 1702/1702
f 1701/1701 1702/1702 1703/1703
f 1703/1703 1702/1702 1704/1704
f 1703/1703 1704/1704 1705/1705
f 1703/1703 1705/1705 1706/1706
f 1706/1706 1705/1705 1707/1707
f 1706/1706 1707/1707 1708/1708
f 1708/1708 1707/1707 1709/1709
f 1709/1709 1707/1707 1710/1710
f 1709/1709 1710/1710 1711/1711
f 1711/1711 1710/1710 1712/1712
f 1711/1711 1712/1712 1713/1713
f 1713/1713 1712/1712 1690/1690
f 1713/1713 1690/1690 1692/1692
f 1714/1714 1715/1715 1716/1716
f 1716/1716 1715/1715 1717/1717
f 1716/1716 1717/1717 1718/1718
f 1718/1718 1717/1717 1719/1719
f 1718/1718 1719/1719 1720/1720
f 1720/1720 1719/1719 1721/1721
f 1720/1720 1721/1721 1722/1722
f 1722/1722 1721/1721 1723/1723
f 1723/1723 1721/1721 1724/1724
f 1723/1723 1724/1724 1725/1725
f 1725/1725 1724/1724 1726/1726
f 1725/1725 1726/1726 1727/1727
f 1727/1727 1726/1726 1728/1728
f 1727/1727 1728/1728 1729/1729
f 1727/1727 1729/1729 1730/1730
f 1730/1730 1729/1729 1731/1731
f 1730/1730 1731/1731 1732/1732
f 1732/1732 1731/1731 1733/1733
f 1733/1733 1731/1731 1734/1734
f 1733/1733 1734/1734 1735/1735
f 1735/1735 1734/1734 1736/1736
f 1735/1735 1736/1736 1737/1737
f 1737/1737 1736/1736 1714/1714
f 1737/1737 1714/1714 1716/1716
f 1738/1738 1739/1739 1740/1740
f 1740/1740 1739/1739 1741/1741
f 1740/1740 1741/1741 1742/1742
f 1743/1743 1744/1744 1742/1742
f 1742/1742 1744/1744 1745/1745
f 1742/1742 1745/1745 1740/1740
f 1740/1740 1745/1745 1746/1746
f 1747/1747 1748/1748 1749/1749
f 1749/1749 1748/1748 1750/1750
f 1749/1749 1750/1750 1751/1751
f 1752/1752 1753/1753 1747/1747
f 1747/1747 1753/1753 1754/1754
f 1747/1747 1754/1754 1748/1748
f 1755/1755 1756/1756 1752/1752
f 1752/1752 1756/1756 1753/1753
f 1753/1753 1756/1756 1757/1757
f 1757/1757 1756/1756 1758/1758
f 1757/1757 1758/1758 1759/1759
f 1759/1759 1758/1758 1760/1760
f 1760/1760 1758/1758 1761/1761
f 1761/1761 1758/1758 1762/1762
f 1762/1762 1758/1758 1763/1763
f 1763/1763 1758/1758 1764/1764
f 1764/1764 1758/1758 1765/1765
f 1764/1764 1765/1765 1766/1766
f 1766/1766 1765/1765 1767/1767
f 1766/1766 1767/1767 1768/1768
f 1768/1768 1767/1767 1769/1769
f 1768/1768 1769/1769 1770/1770
f 1758/1758 1771/1771 1765/1765
f 1765/1765 1771/1771 1772/1772
f 1768/1768 1770/1770 1773/1773
f 1773/1773 1770/1770 1774/1774
f 1773/1773 1774/1774 1775/1775
f 1773/1773 1775/1775 1776/1776
f 1776/1776 1775/1775 1777/1777
f 1776/1776 1777/1777 1778/1778
f 1778/1778 1777/1777 1779/1779
f 1778/1778 1779/1779 1780/1780
f 1778/1778 1780/1780 1781/1781
f 1781/1781 1780/1780 1782/1782
f 1781/1781 1782/1782 1783/1783
f 1783/1783 1782/1782 1749/1749
f 1783/1783 1749/1749 1784/1784
f 1784/1784 1749/1749 1785/1785
f 1785/1785 1749/1749 1786/1786
f 1786/1786 1749/1749 1787/1787
f 1787/1787 1749/1749 1751/1751
f 1788/1788 1789/1789 1790/1790
f 1790/1790 1789/1789 1791/1791
f 1790/1790 1791/1791 1792/1792
f 1792/1792 1791/1791 1793/1793
f 1792/1792 1793/1793 1794/1794
f 1794/1794 1793/1793 1795/1795
f 1795/1795 1793/1793 1796/1796
f 1795/1795 1796/1796 1797/1797
f 1797/1797 1796/1796 1798/1798
f 1797/1797 1798/1798 1799/1799
f 1799/1799 1798/1798 1800/1800
f 1799/1799 1800/1800 1801/1801
f 1801/1801 1800/1800 1802/1802
f 1802/1802 1800/1800 1803/1803
f 1802/1802 1803/1803 1804/1804
f 1804/1804 1803/1803 1805/1805
f 1805/1805 1803/1803 1806/1806
f 1806/1806 1803/1803 1807/1807
f 1806/1806 1807/1807 1808/1808
f 1808/1808 1807/1807 1809/1809
f 1808/1808 1809/1809 1810/1810
f 1810/1810 1809/1809 1811/1811
f 1810/1810 1811/1811 1812/1812
f 1812/1812 1811/1811 1813/1813
f 1813/1813 1811/1811 1814/1814
f 1814/1814 1811/1811 1815/1815
f 1814/1814 1815/1815 1816/1816
f 1816/1816 1815/1815 1817/1817
f 1817/1817 1815/1815 1818/1818
f 1818/1818 1815/1815 1819/1819
f 1818/1818 1819/1819 1820/1820
f 1820/1820 1819/1819 1821/1821
f 1820/1820 1821/1821 1822/1822
f 1822/1822 1821/1821 1823/1823
f 1823/1823 1821/1821 1824/1824
f 1824/1824 1821/1821 1825/1825
f 1824/1824 1825/1825 1826/1826
f 1826/1826 1825/1825 1827/1827
f 1826/1826 1827/1827 1828/1828
f 1828/1828 1827/1827 1829/1829
f 1828/1828 1829/1829 1830/1830
f 1830/1830 1829/1829 1831/1831
f 1830/1830 1831/1831 1832/1832
f 1832/1832 1831/1831 1833/1833
f 1833/1833 1831/1831 1834/1834
f 1834/1834 1831/1831 1835/1835
f 1835/1835 1831/1831 1836/1836
f 1835/1835 1836/1836 1837/1837
f 1837/1837 1836/1836 1838/1838
f 1838/1838 1836/1836 1839/1839
f 1838/1838 1839/1839 1840/1840
f 1840/1840 1839/1839 1841/1841
f 1840/1840 1841/1841 1842/1842
f 1842/1842 1841/1841 1843/1843
f 1842/1842 1843/1843 1844/1844
f 1844/1844 1843/1843 1845/1845
f 1844/1844 1845/1845 1846/1846
f 1846/1846 1845/1845 1788/1788
f 1788/1788 1845/1845 1789/1789
f 1847/1847 1848/1848 1849/1849
f 1849/1849 1848/1848 1850/1850
f 1849/1849 1850/1850 1851/1851
f 1852/1852 1853/1853 1851/1851
f 1851/1851 1853/1853 1854/1854
f 1851/1851 1854/1854 1849/1849
f 1849/1849 1854/1854 1855/1855
f 1856/1856 1857/1857 1858/1858
f 1858/1858 1857/1857 1859/1859
f 1858/1858 1859/1859 1860/1860
f 1861/1861 1862/1862 1856/1856
f 1856/1856 1862/1862 1863/1863
f 1856/1856 1863/1863 1857/1857
f 1864/1864 1865/1865 1861/1861
f 1861/1861 1865/1865 1862/1862
f 1862/1862 1865/1865 1866/1866
f 1866/1866 1865/1865 1867/1867
f 1866/1866 1867/1867 1868/1868
f 1868/1868 1867/1867 1869/1869
f 1869/1869 1867/1867 1870/1870
f 1870/1870 1867/1867 1871/1871
f 1871/1871 1867/1867 1872/1872
f 1872/1872 1867/1867 1873/1873
f 1873/1873 1867/1867 1874/1874
f 1873/1873 1874/1874 1875/1875
f 1875/1875 1874/1874 1876/1876
f 1875/1875 1876/1876 1877/1877
f 1877/1877 1876/1876 1878/1878
f 1877/1877 1878/1878 1879/1879
f 1867/1867 1880/1880 1874/1874
f 1874/1874 1880/1880 1881/1881
f 1877/1877 1879/1879 1882/1882
f 1882/1882 1879/1879 1883/1883
f 1882/1882 1883/1883 1884/1884
f 1882/1882 1884/1884 1885/1885
f 1885/1885 1884/1884 1886/1886
f 1885/1885 1886/1886 1887/1887
f 1887/1887 1886/1886 1888/1888
f 1887/1887 1888/1888 1889/1889
f 1887/1887 1889/1889 1890/1890
f 1890/1890 1889/1889 1891/1891
f 1890/1890 1891/1891 1892/1892
f 1892/1892 1891/1891 1858/1858
f 1892/1892 1858/1858 1893/1893
f 1893/1893 1858/1858 1894/1894
f 1894/1894 1858/1858 1895/1895
f 1895/1895 1858/1858 1896/1896
f 1896/1896 1858/1858 1860/1860
f 1897/1897 1898/1898 1899/1899
f 1899/1899 1898/1898 1900/1900
f 1899/1899 1900/1900 1901/1901
f 1901/1901 1900/1900 1902/1902
f 1901/1901 1902/1902 1903/1903
f 1903/1903 1902/1902 1904/1904
f 1904/1904 1902/1902 1905/1905
f 1904/1904 1905/1905 1906/1906
f 1906/1906 1905/1905 1907/1907
f 1906/1906 1907/1907 1908/1908
f 1908/1908 1907/1907 1909/1909
f 1908/1908 1909/1909 1910/1910
f 1910/1910 1909/1909 1911/1911
f 1911/1911 1909/1909 1912/1912
f 1911/1911 1912/1912 1913/1913
f 1913/1913 1912/1912 1914/1914
f 1914/1914 1912/1912 1915/1915
f 1915/1915 1912/1912 1916/1916
f 1915/1915 1916/1916 1917/1917
f 1917/1917 1916/1916 1918/1918
f 1917/1917 1918/1918 1919/1919
f 1919/1919 1918/1918 1920/1920
f 1919/1919 1920/1920 1921/1921
f 1921/1921 1920/1920 1922/1922
f 1922/1922 1920/1920 1923/1923
f 1923/1923 1920/1920 1924/1924
f 1923/1923 1924/1924 1925/1925
f 1925/1925 1924/1924 1926/1926
f 1926/1926 1924/1924 1927/1927
f 1927/1927 1924/1924 1928/1928
f 1927/1927 1928/1928 1929/1929
f 1929/1929 1928/1928 1930/1930
f 1929/1929 1930/1930 1931/1931
f 1931/1931 1930/1930 1932/1932
f 1932/1932 1930/1930 1933/1933
f 1933/1933 1930/1930 1934/1934
f 1933/1933 1934/1934 1935/1935
f 1935/1935 1934/1934 1936/1936
f 1935/1935 1936/1936 1937/1937
f 1937/1937 1936/1936 1938/1938
f 1937/1937 1938/1938 1939/1939
f 1939/1939 1938/1938 1940/1940
f 1939/1939 1940/1940 1941/1941
f 1941/1941 1940/1940 1942/1942
f 1942/1942 1940/1940 1943/1943
f 1943/1943 1940/1940 1944/1944
f 1944/1944 1940/1940 1945/1945
f 1944/1944 1945/1945 1946/1946
f 1946/1946 1945/1945 1947/1947
f 1947/1947 1945/1945 1948/1948
f 1947/1947 1948/1948 1949/1949
f 1949/1949 1948/1948 1950/1950
f 1949/1949 1950/1950 1951/1951
f 1951/1951 1950/1950 1952/1952
f 1951/1951 1952/1952 1953/1953
f 1953/1953 1952/1952 1954/1954
f 1953/1953 1954/1954 1955/1955
f 1955/1955 1954/1954 1897/1897
f 1897/1897 1954/1954 1898/1898
f 1956/1956 1957/1957 1958/1958
f 1958/1958 1957/1957 1959/1959
f 1959/1959 1957/1957 1960/1960
f 1960/1960 1957/1957 1961/1961
f 1960/1960 1961/1961 1962/1962
f 1962/1962 1961/1961 1963/1963
f 1962/1962 1963/1963 1964/1964
f 1964/1964 1963/1963 1965/1965
f 1966/1966 1967/1967 1968/1968
f 1968/1968 1967/1967 1969/1969
f 1968/1968 1969/1969 1970/1970
f 1970/1970 1969/1969 1971/1971
f 1970/1970 1971/1971 1972/1972
f 1972/1972 1971/1971 1973/1973
f 1972/1972 1973/1973 1974/1974
f 1974/1974 1973/1973 1975/1975
f 1976/1976 1977/1977 1978/1978
f 1978/1978 1977/1977 1979/1979
f 1980/1980 1981/1981 1982/1982
f 1982/1982 1981/1981 1983/1983
f 1982/1982 1983/1983 1984/1984
f 1984/1984 1983/1983 1985/1985
f 1984/1984 1985/1985 1978/1978
f 1978/1978 1985/1985 1986/1986
f 1987/1987 1988/1988 1989/1989
f 1989/1989 1988/1988 1990/1990
f 1991/1991 1992/1992 1993/1993
f 1993/1993 1992/1992 1994/1994
f 1993/1993 1994/1994 1995/1995
f 1995/1995 1994/1994 1996/1996
f 1995/1995 1996/1996 1997/1997
f 1997/1997 1996/1996 1998/1998
f 1997/1997 1998/1998 1999/1999
f 1999/1999 1998/1998 2000/2000
f 2001/2001 2002/2002 2003/2003
f 2003/2003 2002/2002 2004/2004
f 2004/2004 2002/2002 2005/2005
f 2005/2005 2002/2002 2006/2006
f 2005/2005 2006/2006 2007/2007
f 2007/2007 2006/2006 2008/2008
f 2007/2007 2008/2008 2009/2009
f 2009/2009 2008/2008 2010/2010
f 2011/2011 2012/2012 2013/2013
f 2013/2013 2012/2012 2014/2014
f 2013/2013 2014/2014 2015/2015
f 2015/2015 2014/2014 2016/2016
f 2015/2015 2016/2016 2017/2017
f 2017/2017 2016/2016 2018/2018
f 2017/2017 2018/2018 2019/2019
f 2019/2019 2018/2018 2020/2020
f 2021/2021 2022/2022 2023/2023
f 2023/2023 2022/2022 2024/2024
f 2024/2024 2022/2022 2025/2025
f 2024/2024 2025/2025 2026/2026
f 2026/2026 2025/2025 2027/2027
f 2026/2026 2027/2027 2028/2028
f 2028/2028 2027/2027 2029/2029
f 2028/2028 2029/2029 2030/2030
f 2031/2031 2032/2032 2033/2033
f 2033/2033 2032/2032 2034/2034
f 2035/2035 2036/2036 2037/2037
f 2037/2037 2036/2036 2038/2038
f 2037/2037 2038/2038 2039/2039
f 2039/2039 2038/2038 2040/2040
f 2039/2039 2040/2040 2041/2041
f 2041/2041 2040/2040 2042/2042
f 2043/2043 2044/2044 2045/2045
f 2045/2045 2044/2044 2046/2046
f 2047/2047 2048/2048 2049/2049
f 2049/2049 2048/2048 2050/2050
f 2049/2049 2050/2050 2051/2051
f 2051/2051 2050/2050 2052/2052
f 2051/2051 2052/2052 2053/2053
f 2053/2053 2052/2052 2054/2054
f 2053/2053 2054/2054 2055/2055
f 2055/2055 2054/2054 2056/2056
f 2057/2057 2058/2058 2059/2059
f 2059/2059 2058/2058 2060/2060
f 2060/2060 2058/2058 2061/2061
f 2060/2060 2061/2061 2062/2062
f 2062/2062 2061/2061 2063/2063
f 2062/2062 2063/2063 2064/2064
f 2064/2064 2063/2063 2065/2065
f 2064/2064 2065/2065 2066/2066
f 2067/2067 2068/2068 2069/2069
f 2069/2069 2068/2068 2070/2070
f 2069/2069 2070/2070 2071/2071
f 2071/2071 2070/2070 2072/2072
f 2071/2071 2072/2072 2073/2073
f 2073/2073 2072/2072 2074/2074
f 2073/2073 2074/2074 2075/2075
f 2075/2075 2076/2076 2073/2073
f 2077/2077 2078/2078 2079/2079
f 2079/2079 2078/2078 2080/2080
f 2079/2079 2080/2080 2081/2081
f 2081/2081 2080/2080 2082/2082
f 2081/2081 2082/2082 2083/2083
f 2083/2083 2082/2082 2084/2084
f 2083/2083 2084/2084 2085/2085
f 2085/2085 2084/2084 2086/2086
f 2087/2087 2088/2088 2089/2089
f 2089/2089 2088/2088 2090/2090
f 2091/2091 2092/2092 2093/2093
f 2093/2093 2092/2092 2094/2094
f 2093/2093 2094/2094 2095/2095
f 2095/2095 2094/2094 2096/2096
f 2095/2095 2096/2096 2097/2097
f 2097/2097 2096/2096 2098/2098
f 2097/2097 2098/2098 2099/2099
f 2099/2099 2098/2098 2100/2100
f 2101/2101 2102/2102 2103/2103
f 2103/2103 2102/2102 2104/2104
f 2103/2103 2104/2104 2105/2105
f 2105/2105 2104/2104 2106/2106
f 2105/2105 2106/2106 2107/2107
f 2107/2107 2106/2106 2108/2108
f 2107/2107 2108/2108 2109/2109
f 2109/2109 2110/2110 2107/2107
f 2111/2111 2112/2112 2113/2113
f 2113/2113 2112/2112 2114/2114
f 2115/2115 2116/2116 2117/2117
f 2117/2117 2116/2116 2118/2118
f 2117/2117 2118/2118 2119/2119
f 2119/2119 2118/2118 2120/2120
f 2119/2119 2120/2120 2121/2121
f 2121/2121 2120/2120 2122/2122
f 2123/2123 2124/2124 2125/2125
f 2125/2125 2124/2124 2126/2126
f 2125/2125 2126/2126 2127/2127
f 2127/2127 2126/2126 2128/2128
f 2127/2127 2128/2128 2129/2129
f 2129/2129 2128/2128 2130/2130
f 2129/2129 2130/2130 2131/2131
f 2131/2131 2132/2132 2129/2129
f 2133/2133 2134/2134 2135/2135
f 2135/2135 2134/2134 2136/2136
f 2135/2135 2136/2136 2137/2137
f 2137/2137 2136/2136 2138/2138
f 2137/2137 2138/2138 2139/2139
f 2139/2139 2138/2138 2140/2140
f 2139/2139 2140/2140 2141/2141
f 2141/2141 2140/2140 2142/2142
f 2143/2143 2144/2144 2145/2145
f 2145/2145 2144/2144 2146/2146
f 2147/2147 2148/2148 2149/2149
f 2149/2149 2148/2148 2150/2150
f 2149/2149 2150/2150 2151/2151
f 2151/2151 2150/2150 2152/2152
f 2151/2151 2152/2152 2153/2153
f 2153/2153 2152/2152 2154/2154
f 2155/2155 2156/2156 2157/2157
f 2157/2157 2156/2156 2158/2158
f 2159/2159 2160/2160 2161/2161
f 2161/2161 2160/2160 2162/2162
f 2161/2161 2162/2162 2163/2163
f 2163/2163 2162/2162 2164/2164
f 2163/2163 2164/2164 2165/2165
f 2165/2165 2164/2164 2166/2166
f 2165/2165 2166/2166 2167/2167
f 2167/2167 2168/2168 2165/2165
f 2169/2169 2170/2170 2171/2171
f 2171/2171 2170/2170 2172/2172
f 2171/2171 2172/2172 2173/2173
f 2173/2173 2172/2172 2174/2174
f 2173/2173 2174/2174 2175/2175
f 2175/2175 2174/2174 2176/2176
f 2175/2175 2176/2176 2177/2177
f 2177/2177 2176/2176 2178/2178

