mtllib material.mtl
usemtl material_short_frame_8
v -3.76743980 -1.03659101 2.75124994
v -3.76543998 -1.03659101 2.75124994
v -3.76743980 -1.01749998 2.67999994
v -3.76543998 -1.01749998 2.67999994
v -3.76743980 -1.03659101 2.60874994
v -3.76543998 -1.03659101 2.60874994
v -3.76743980 -1.08874998 2.55659098
v -3.76543998 -1.08874998 2.55659098
v -3.76743980 -1.15999997 2.53749994
v -3.76543998 -1.15999997 2.53749994
v -3.76743980 -1.23124997 2.55659098
v -3.76543998 -1.23124997 2.55659098
v -3.76743980 -1.28340894 2.60874994
v -3.76543998 -1.28340894 2.60874994
v -3.76743980 -1.30249997 2.67999994
v -3.76543998 -1.30249997 2.67999994
v -3.76743980 -1.30249997 2.67999994
v -3.76543998 -1.30249997 2.67999994
v -3.76743980 -1.28340894 2.75124994
v -3.76543998 -1.28340894 2.75124994
v -3.76743980 -1.23124997 2.80340906
v -3.76543998 -1.23124997 2.80340906
v -3.76743980 -1.15999997 2.82249994
v -3.76543998 -1.15999997 2.82249994
v -3.76743980 -1.08874998 2.80340906
v -3.76543998 -1.08874998 2.80340906
v -3.79551993 -1.06374395 2.74185999
v -3.76743980 -1.03659101 2.75124994
v -3.79551993 -1.04557996 2.67999994
v -3.76743980 -1.01749998 2.67999994
v -3.76743980 -1.03659101 2.60874994
v -3.76743980 -1.08874998 2.80340906
v -3.79551993 -1.11246801 2.78407983
v -3.76743980 -1.15999997 2.82249994
v -3.79551993 -1.17628400 2.79325494
v -3.76743980 -1.23124997 2.80340906
v -3.79551993 -1.23492894 2.76647302
v -3.76743980 -1.28340894 2.75124994
v -3.79551993 -1.26978498 2.71223596
v -3.76743980 -1.30249997 2.67999994
v -3.76743980 -1.30249997 2.67999994
v -3.79551993 -1.26978498 2.71223596
v -3.79551993 -1.26978498 2.64776392
v -3.76743980 -1.28340894 2.60874994
v -3.79551993 -1.23492894 2.59352686
v -3.76743980 -1.23124997 2.55659098
v -3.79551993 -1.17628400 2.56674494
v -3.76743980 -1.15999997 2.53749994
v -3.79551993 -1.11246801 2.57592005
v -3.76743980 -1.08874998 2.55659098
v -3.79551993 -1.06374395 2.61813990
v -3.79551993 -1.07305898 2.74316583
v -3.79551993 -1.06374395 2.74185999
v -3.79551993 -1.05253500 2.67999994
v -3.79551993 -1.04557996 2.67999994
v -3.79551993 -1.06374395 2.61813990
v -3.79551993 -1.11246801 2.78407983
v -3.79551993 -1.12679098 2.78220483
v -3.79551993 -1.17628400 2.79325494
v -3.79551993 -1.19320798 2.78220483
v -3.79551993 -1.23492894 2.76647302
v -3.79551993 -1.24694097 2.74316583
v -3.79551993 -1.26978498 2.71223596
v -3.79551993 -1.26746495 2.67999994
v -3.79551993 -1.26978498 2.64776392
v -3.79551993 -1.24694097 2.61683405
v -3.79551993 -1.23492894 2.59352686
v -3.79551993 -1.19320798 2.57779505
v -3.79551993 -1.17628400 2.56674494
v -3.79551993 -1.12679098 2.57779505
v -3.79551993 -1.11246801 2.57592005
v -3.79551993 -1.07305898 2.61683405
v -3.89751883 -1.23249997 2.65999994
v -3.89751883 -1.23679196 2.65881586
v -3.89751883 -1.23249997 2.67999994
v -3.89751883 -1.23867795 2.69246881
v -3.89751883 -1.22647794 2.72389001
v -3.89751883 -1.08749998 2.65999994
v -3.89751883 -1.11173894 2.61662287
v -3.89751883 -1.15999997 2.60033991
v -3.89751883 -1.20826101 2.61662287
v -3.89751883 -1.08749998 2.67999994
v -3.89751883 -1.08106000 2.66931085
v -3.89751883 -1.08320798 2.65881586
v -3.89751883 -1.08747098 2.71294305
v -3.89751883 -1.08033994 2.67999994
v -3.89751883 -1.20237699 2.74745294
v -3.89751883 -1.17068898 2.75894006
v -3.89751883 -1.13708700 2.75629388
v -3.89751883 -1.10758695 2.73998804
v -3.76543998 -1.03659101 2.75124994
v -3.76543998 -1.03096197 2.75450006
v -3.76543998 -1.01749998 2.67999994
v -3.76543998 -1.01099996 2.67999994
v -3.76543998 -1.03096197 2.60549982
v -3.76543998 -1.08550001 2.80903802
v -3.76543998 -1.08874998 2.80340906
v -3.76543998 -1.15999997 2.82899988
v -3.76543998 -1.15999997 2.82249994
v -3.76543998 -1.23449994 2.80903802
v -3.76543998 -1.23124997 2.80340906
v -3.76543998 -1.28340894 2.75124994
v -3.76543998 -1.28903790 2.75450006
v -3.76543998 -1.30249997 2.67999994
v -3.76543998 -1.30899991 2.67999994
v -3.76543998 -1.28903790 2.60549982
v -3.76543998 -1.28340894 2.60874994
v -3.76543998 -1.23449994 2.55096201
v -3.76543998 -1.23124997 2.55659098
v -3.76543998 -1.15999997 2.53100000
v -3.76543998 -1.15999997 2.53749994
v -3.76543998 -1.08874998 2.55659098
v -3.76543998 -1.08550001 2.55096201
v -3.76543998 -1.03659101 2.60874994
v -3.76543998 1.28340894 2.75124994
v -3.76543998 1.28903790 2.75450006
v -3.76543998 1.30249997 2.67999994
v -3.76543998 1.30899991 2.67999994
v -3.76543998 1.28903790 2.60549982
v -3.76543998 1.23449994 2.80903802
v -3.76543998 1.23124997 2.80340906
v -3.76543998 1.15999997 2.82899988
v -3.76543998 1.15999997 2.82249994
v -3.76543998 1.08550001 2.80903802
v -3.76543998 1.08874998 2.80340906
v -3.76543998 1.03659101 2.75124994
v -3.76543998 1.03096197 2.75450006
v -3.76543998 1.01749998 2.67999994
v -3.76543998 1.01099996 2.67999994
v -3.76543998 1.03096197 2.60549982
v -3.76543998 1.03659101 2.60874994
v -3.76543998 1.08550001 2.55096201
v -3.76543998 1.08874998 2.55659098
v -3.76543998 1.15999997 2.53100000
v -3.76543998 1.15999997 2.53749994
v -3.76543998 1.23124997 2.55659098
v -3.76543998 1.23449994 2.55096201
v -3.76543998 1.28340894 2.60874994
v -3.76743980 1.28340894 2.75124994
v -3.76543998 1.28340894 2.75124994
v -3.76743980 1.30249997 2.67999994
v -3.76543998 1.30249997 2.67999994
v -3.76743980 1.28340894 2.60874994
v -3.76543998 1.28340894 2.60874994
v -3.76743980 1.23124997 2.55659098
v -3.76543998 1.23124997 2.55659098
v -3.76743980 1.15999997 2.53749994
v -3.76543998 1.15999997 2.53749994
v -3.76743980 1.08874998 2.55659098
v -3.76543998 1.08874998 2.55659098
v -3.76743980 1.03659101 2.60874994
v -3.76543998 1.03659101 2.60874994
v -3.76743980 1.01749998 2.67999994
v -3.76543998 1.01749998 2.67999994
v -3.76743980 1.01749998 2.67999994
v -3.76543998 1.01749998 2.67999994
v -3.76743980 1.03659101 2.75124994
v -3.76543998 1.03659101 2.75124994
v -3.76743980 1.08874998 2.80340906
v -3.76543998 1.08874998 2.80340906
v -3.76743980 1.15999997 2.82249994
v -3.76543998 1.15999997 2.82249994
v -3.76743980 1.23124997 2.80340906
v -3.76543998 1.23124997 2.80340906
v -3.79551993 1.25625600 2.74185999
v -3.76743980 1.28340894 2.75124994
v -3.79551993 1.27441998 2.67999994
v -3.76743980 1.30249997 2.67999994
v -3.76743980 1.28340894 2.60874994
v -3.76743980 1.23124997 2.80340906
v -3.79551993 1.20753194 2.78407983
v -3.76743980 1.15999997 2.82249994
v -3.79551993 1.14371595 2.79325494
v -3.76743980 1.08874998 2.80340906
v -3.79551993 1.08507101 2.76647302
v -3.76743980 1.03659101 2.75124994
v -3.79551993 1.05021497 2.71223596
v -3.76743980 1.01749998 2.67999994
v -3.76743980 1.01749998 2.67999994
v -3.79551993 1.05021497 2.71223596
v -3.79551993 1.05021497 2.64776392
v -3.76743980 1.03659101 2.60874994
v -3.79551993 1.08507101 2.59352686
v -3.76743980 1.08874998 2.55659098
v -3.79551993 1.14371595 2.56674494
v -3.76743980 1.15999997 2.53749994
v -3.79551993 1.20753194 2.57592005
v -3.76743980 1.23124997 2.55659098
v -3.79551993 1.25625600 2.61813990
v -3.79551993 1.24856000 2.74434198
v -3.79551993 1.25625600 2.74185999
v -3.79551993 1.26946599 2.67999994
v -3.79551993 1.27441998 2.67999994
v -3.79551993 1.25625600 2.61813990
v -3.79551993 1.20753194 2.78407983
v -3.79551993 1.19382695 2.78410791
v -3.79551993 1.14371595 2.79325494
v -3.79551993 1.12617299 2.78410791
v -3.79551993 1.08507101 2.76647302
v -3.79551993 1.07143995 2.74434198
v -3.79551993 1.05021497 2.71223596
v -3.79551993 1.05053396 2.67999994
v -3.79551993 1.05021497 2.64776392
v -3.79551993 1.07143995 2.61565698
v -3.79551993 1.08507101 2.59352686
v -3.79551993 1.12617299 2.57589197
v -3.79551993 1.14371595 2.56674494
v -3.79551993 1.19382695 2.57589197
v -3.79551993 1.20753194 2.57592005
v -3.79551993 1.24856000 2.61565698
v -3.79752006 1.24694196 2.74316705
v -3.79551993 1.26946599 2.67999994
v -3.79752006 1.26746594 2.67999994
v -3.79551993 1.24856000 2.61565698
v -3.79752006 1.24694196 2.61683283
v -3.79551993 1.19382695 2.57589197
v -3.79752006 1.19320897 2.57779383
v -3.79551993 1.12617299 2.57589197
v -3.79752006 1.12679098 2.57779383
v -3.79551993 1.07143995 2.61565698
v -3.79752006 1.07305799 2.61683283
v -3.79551993 1.05053396 2.67999994
v -3.79752006 1.05253400 2.67999994
v -3.79752006 1.05253400 2.67999994
v -3.79551993 1.05053396 2.67999994
v -3.79551993 1.07143995 2.74434198
v -3.79752006 1.07305799 2.74316705
v -3.79551993 1.12617299 2.78410791
v -3.79752006 1.12679098 2.78220605
v -3.79551993 1.19382695 2.78410791
v -3.79752006 1.19320897 2.78220605
v -3.79551993 1.24856000 2.74434198
v 1.52999997 -3.13999993 3.34999993
v 1.52999997 -3.13999993 3.32999993
v 1.57249996 -3.13999993 3.34999993
v 1.63999996 -3.13999993 3.32999993
v 1.61999996 -3.13999993 3.39749992
v 1.63999996 -3.13999993 3.43999992
v 1.61999996 -3.13999993 3.43999992
v 1.58664196 -3.13999993 3.39749992
v 1.57249996 -3.13999993 3.38335777
v 1.54999997 -3.13999993 3.43414207
v 1.53585797 -3.13999993 3.41999992
v 1.50699994 -3.13999993 3.45055504
v 1.48409604 -3.13999993 3.44651695
v 1.52195004 -3.13999993 3.46837089
v 1.54999997 -3.13999993 3.52585777
v 1.52195004 -3.13999993 3.49162895
v 1.50699994 -3.13999993 3.50944481
v 1.53585797 -3.13999993 3.53999992
v 1.48409604 -3.13999993 3.51348381
v 1.44414197 -3.13999993 3.53999992
v 1.46395398 -3.13999993 3.50185478
v 1.42999997 -3.13999993 3.52585777
v 1.45600003 -3.13999993 3.47999992
v 1.42999997 -3.13999993 3.43414207
v 1.46395398 -3.13999993 3.45814506
v 1.44414197 -3.13999993 3.41999992
v 1.57249996 -3.13999993 3.57664207
v 1.58664196 -3.13999993 3.56249992
v 1.57249996 -3.13999993 3.60999992
v 1.61999996 -3.13999993 3.56249992
v 1.63999996 -3.13999993 3.62999992
v 1.63999996 -3.13999993 3.51999992
v 1.61999996 -3.13999993 3.51999992
v 1.52999997 -3.13999993 3.62999992
v 1.52999997 -3.13999993 3.60999992
v 1.40749997 -3.13999993 3.57664207
v 1.39335797 -3.13999993 3.56249992
v 1.40749997 -3.13999993 3.60999992
v 1.35999997 -3.13999993 3.56249992
v 1.33999997 -3.13999993 3.62999992
v 1.33999997 -3.13999993 3.51999992
v 1.44999997 -3.13999993 3.60999992
v 1.44999997 -3.13999993 3.62999992
v 1.35999997 -3.13999993 3.51999992
v 1.40749997 -3.13999993 3.38335777
v 1.39335797 -3.13999993 3.39749992
v 1.40749997 -3.13999993 3.34999993
v 1.35999997 -3.13999993 3.39749992
v 1.33999997 -3.13999993 3.32999993
v 1.33999997 -3.13999993 3.43999992
v 1.35999997 -3.13999993 3.43999992
v 1.44999997 -3.13999993 3.32999993
v 1.44999997 -3.13999993 3.34999993
v 1.46395398 -3.13999993 3.45814506
v 1.46395398 3.13999993 3.45814506
v 1.45600003 -3.13999993 3.47999992
v 1.45600003 3.13999993 3.47999992
v 1.45600003 -3.13999993 3.47999992
v 1.45600003 3.13999993 3.47999992
v 1.46395398 -3.13999993 3.50185478
v 1.46395398 3.13999993 3.50185478
v 1.48409604 -3.13999993 3.51348381
v 1.48409604 3.13999993 3.51348381
v 1.50699994 -3.13999993 3.50944481
v 1.50699994 3.13999993 3.50944481
v 1.52195004 -3.13999993 3.49162895
v 1.52195004 3.13999993 3.49162895
v 1.52195004 -3.13999993 3.46837089
v 1.52195004 3.13999993 3.46837089
v 1.50699994 -3.13999993 3.45055504
v 1.50699994 3.13999993 3.45055504
v 1.48409604 -3.13999993 3.44651695
v 1.48409604 3.13999993 3.44651695
v 1.52999997 3.13999993 3.34999993
v 1.52999997 3.13999993 3.32999993
v 1.52999997 -3.13999993 3.34999993
v 1.52999997 -3.13999993 3.32999993
v 1.63999996 3.13999993 3.32999993
v 1.63999996 3.13999993 3.43999992
v 1.63999996 -3.13999993 3.32999993
v 1.63999996 -3.13999993 3.43999992
v 1.63999996 3.13999993 3.43999992
v 1.61999996 3.13999993 3.43999992
v 1.63999996 -3.13999993 3.43999992
v 1.61999996 -3.13999993 3.43999992
v 1.61999996 3.13999993 3.43999992
v 1.61999996 3.13999993 3.39749992
v 1.61999996 -3.13999993 3.43999992
v 1.61999996 -3.13999993 3.39749992
v 1.61999996 3.13999993 3.39749992
v 1.58664196 3.13999993 3.39749992
v 1.61999996 -3.13999993 3.39749992
v 1.58664196 -3.13999993 3.39749992
v 1.58664196 3.13999993 3.39749992
v 1.54999997 3.13999993 3.43414207
v 1.58664196 -3.13999993 3.39749992
v 1.54999997 -3.13999993 3.43414207
v 1.54999997 3.13999993 3.43414207
v 1.54999997 3.13999993 3.52585777
v 1.54999997 -3.13999993 3.43414207
v 1.54999997 -3.13999993 3.52585777
v 1.54999997 3.13999993 3.52585777
v 1.58664196 3.13999993 3.56249992
v 1.54999997 -3.13999993 3.52585777
v 1.58664196 -3.13999993 3.56249992
v 1.58664196 3.13999993 3.56249992
v 1.61999996 3.13999993 3.56249992
v 1.58664196 -3.13999993 3.56249992
v 1.61999996 -3.13999993 3.56249992
v 1.61999996 3.13999993 3.56249992
v 1.61999996 3.13999993 3.51999992
v 1.61999996 -3.13999993 3.56249992
v 1.61999996 -3.13999993 3.51999992
v 1.61999996 3.13999993 3.51999992
v 1.63999996 3.13999993 3.51999992
v 1.61999996 -3.13999993 3.51999992
v 1.63999996 -3.13999993 3.51999992
v 1.63999996 3.13999993 3.51999992
v 1.63999996 3.13999993 3.62999992
v 1.63999996 -3.13999993 3.51999992
v 1.63999996 -3.13999993 3.62999992
v 1.63999996 3.13999993 3.62999992
v 1.52999997 3.13999993 3.62999992
v 1.63999996 -3.13999993 3.62999992
v 1.52999997 -3.13999993 3.62999992
v 1.52999997 3.13999993 3.62999992
v 1.52999997 3.13999993 3.60999992
v 1.52999997 -3.13999993 3.62999992
v 1.52999997 -3.13999993 3.60999992
v 1.52999997 3.13999993 3.60999992
v 1.57249996 3.13999993 3.60999992
v 1.52999997 -3.13999993 3.60999992
v 1.57249996 -3.13999993 3.60999992
v 1.57249996 3.13999993 3.60999992
v 1.57249996 3.13999993 3.57664207
v 1.57249996 -3.13999993 3.60999992
v 1.57249996 -3.13999993 3.57664207
v 1.57249996 3.13999993 3.57664207
v 1.53585797 3.13999993 3.53999992
v 1.57249996 -3.13999993 3.57664207
v 1.53585797 -3.13999993 3.53999992
v 1.53585797 3.13999993 3.53999992
v 1.44414197 3.13999993 3.53999992
v 1.53585797 -3.13999993 3.53999992
v 1.44414197 -3.13999993 3.53999992
v 1.44414197 3.13999993 3.53999992
v 1.40749997 3.13999993 3.57664207
v 1.44414197 -3.13999993 3.53999992
v 1.40749997 -3.13999993 3.57664207
v 1.40749997 3.13999993 3.57664207
v 1.40749997 3.13999993 3.60999992
v 1.40749997 -3.13999993 3.57664207
v 1.40749997 -3.13999993 3.60999992
v 1.40749997 3.13999993 3.60999992
v 1.44999997 3.13999993 3.60999992
v 1.40749997 -3.13999993 3.60999992
v 1.44999997 -3.13999993 3.60999992
v 1.44999997 3.13999993 3.60999992
v 1.44999997 3.13999993 3.62999992
v 1.44999997 -3.13999993 3.60999992
v 1.44999997 -3.13999993 3.62999992
v 1.44999997 3.13999993 3.62999992
v 1.33999997 3.13999993 3.62999992
v 1.44999997 -3.13999993 3.62999992
v 1.33999997 -3.13999993 3.62999992
v 1.33999997 3.13999993 3.62999992
v 1.33999997 3.13999993 3.51999992
v 1.33999997 -3.13999993 3.62999992
v 1.33999997 -3.13999993 3.51999992
v 1.33999997 3.13999993 3.51999992
v 1.35999997 3.13999993 3.51999992
v 1.33999997 -3.13999993 3.51999992
v 1.35999997 -3.13999993 3.51999992
v 1.35999997 3.13999993 3.51999992
v 1.35999997 3.13999993 3.56249992
v 1.35999997 -3.13999993 3.51999992
v 1.35999997 -3.13999993 3.56249992
v 1.35999997 3.13999993 3.56249992
v 1.39335797 3.13999993 3.56249992
v 1.35999997 -3.13999993 3.56249992
v 1.39335797 -3.13999993 3.56249992
v 1.39335797 3.13999993 3.56249992
v 1.42999997 3.13999993 3.52585777
v 1.39335797 -3.13999993 3.56249992
v 1.42999997 -3.13999993 3.52585777
v 1.42999997 3.13999993 3.52585777
v 1.42999997 3.13999993 3.43414207
v 1.42999997 -3.13999993 3.52585777
v 1.42999997 -3.13999993 3.43414207
v 1.42999997 3.13999993 3.43414207
v 1.39335797 3.13999993 3.39749992
v 1.42999997 -3.13999993 3.43414207
v 1.39335797 -3.13999993 3.39749992
v 1.39335797 3.13999993 3.39749992
v 1.35999997 3.13999993 3.39749992
v 1.39335797 -3.13999993 3.39749992
v 1.35999997 -3.13999993 3.39749992
v 1.35999997 3.13999993 3.39749992
v 1.35999997 3.13999993 3.43999992
v 1.35999997 -3.13999993 3.39749992
v 1.35999997 -3.13999993 3.43999992
v 1.35999997 3.13999993 3.43999992
v 1.33999997 3.13999993 3.43999992
v 1.35999997 -3.13999993 3.43999992
v 1.33999997 -3.13999993 3.43999992
v 1.33999997 3.13999993 3.43999992
v 1.33999997 3.13999993 3.32999993
v 1.33999997 -3.13999993 3.43999992
v 1.33999997 -3.13999993 3.32999993
v 1.44999997 3.13999993 3.32999993
v 1.44999997 3.13999993 3.34999993
v 1.44999997 -3.13999993 3.32999993
v 1.44999997 -3.13999993 3.34999993
v 1.44999997 3.13999993 3.34999993
v 1.40749997 3.13999993 3.34999993
v 1.44999997 -3.13999993 3.34999993
v 1.40749997 -3.13999993 3.34999993
v 1.40749997 3.13999993 3.34999993
v 1.40749997 3.13999993 3.38335777
v 1.40749997 -3.13999993 3.34999993
v 1.40749997 -3.13999993 3.38335777
v 1.40749997 3.13999993 3.38335777
v 1.44414197 3.13999993 3.41999992
v 1.40749997 -3.13999993 3.38335777
v 1.44414197 -3.13999993 3.41999992
v 1.44414197 3.13999993 3.41999992
v 1.53585797 3.13999993 3.41999992
v 1.44414197 -3.13999993 3.41999992
v 1.53585797 -3.13999993 3.41999992
v 1.53585797 3.13999993 3.41999992
v 1.57249996 3.13999993 3.38335777
v 1.53585797 -3.13999993 3.41999992
v 1.57249996 -3.13999993 3.38335777
v 1.57249996 3.13999993 3.38335777
v 1.57249996 3.13999993 3.34999993
v 1.57249996 -3.13999993 3.38335777
v 1.57249996 -3.13999993 3.34999993
v 1.57249996 3.13999993 3.34999993
v 1.52999997 3.13999993 3.34999993
v 1.57249996 -3.13999993 3.34999993
v 1.52999997 -3.13999993 3.34999993
v 1.52999997 3.13999993 3.34999993
v 1.57249996 3.13999993 3.34999993
v 1.52999997 3.13999993 3.32999993
v 1.63999996 3.13999993 3.32999993
v 1.61999996 3.13999993 3.39749992
v 1.63999996 3.13999993 3.43999992
v 1.61999996 3.13999993 3.43999992
v 1.58664196 3.13999993 3.39749992
v 1.57249996 3.13999993 3.38335777
v 1.54999997 3.13999993 3.43414207
v 1.53585797 3.13999993 3.41999992
v 1.50699994 3.13999993 3.45055504
v 1.48409604 3.13999993 3.44651695
v 1.44414197 3.13999993 3.41999992
v 1.46395398 3.13999993 3.45814506
v 1.42999997 3.13999993 3.43414207
v 1.45600003 3.13999993 3.47999992
v 1.42999997 3.13999993 3.52585777
v 1.46395398 3.13999993 3.50185478
v 1.44414197 3.13999993 3.53999992
v 1.48409604 3.13999993 3.51348381
v 1.53585797 3.13999993 3.53999992
v 1.50699994 3.13999993 3.50944481
v 1.54999997 3.13999993 3.52585777
v 1.52195004 3.13999993 3.49162895
v 1.52195004 3.13999993 3.46837089
v 1.40749997 3.13999993 3.38335777
v 1.39335797 3.13999993 3.39749992
v 1.40749997 3.13999993 3.34999993
v 1.35999997 3.13999993 3.39749992
v 1.33999997 3.13999993 3.32999993
v 1.33999997 3.13999993 3.43999992
v 1.44999997 3.13999993 3.34999993
v 1.44999997 3.13999993 3.32999993
v 1.35999997 3.13999993 3.43999992
v 1.40749997 3.13999993 3.57664207
v 1.39335797 3.13999993 3.56249992
v 1.40749997 3.13999993 3.60999992
v 1.35999997 3.13999993 3.56249992
v 1.33999997 3.13999993 3.62999992
v 1.33999997 3.13999993 3.51999992
v 1.35999997 3.13999993 3.51999992
v 1.44999997 3.13999993 3.62999992
v 1.44999997 3.13999993 3.60999992
v 1.57249996 3.13999993 3.57664207
v 1.58664196 3.13999993 3.56249992
v 1.57249996 3.13999993 3.60999992
v 1.61999996 3.13999993 3.56249992
v 1.63999996 3.13999993 3.62999992
v 1.63999996 3.13999993 3.51999992
v 1.52999997 3.13999993 3.60999992
v 1.52999997 3.13999993 3.62999992
v 1.61999996 3.13999993 3.51999992
v -1.61999996 -3.13999993 3.43999992
v -1.63999996 -3.13999993 3.43999992
v -1.61999996 -3.13999993 3.39749992
v -1.63999996 -3.13999993 3.32999993
v -1.57249996 -3.13999993 3.34999993
v -1.52999997 -3.13999993 3.32999993
v -1.52999997 -3.13999993 3.34999993
v -1.58664196 -3.13999993 3.39749992
v -1.57249996 -3.13999993 3.38335777
v -1.54999997 -3.13999993 3.43414207
v -1.53585797 -3.13999993 3.41999992
v -1.51604504 -3.13999993 3.45814506
v -1.49590390 -3.13999993 3.44651695
v -1.44414197 -3.13999993 3.41999992
v -1.47300000 -3.13999993 3.45055504
v -1.42999997 -3.13999993 3.43414207
v -1.45804989 -3.13999993 3.46837089
v -1.42999997 -3.13999993 3.52585777
v -1.45804989 -3.13999993 3.49162895
v -1.47300000 -3.13999993 3.50944481
v -1.44414197 -3.13999993 3.53999992
v -1.49590390 -3.13999993 3.51348381
v -1.53585797 -3.13999993 3.53999992
v -1.51604504 -3.13999993 3.50185478
v -1.54999997 -3.13999993 3.52585777
v -1.52399990 -3.13999993 3.47999992
v -1.40749997 -3.13999993 3.38335777
v -1.39335797 -3.13999993 3.39749992
v -1.40749997 -3.13999993 3.34999993
v -1.35999997 -3.13999993 3.39749992
v -1.33999997 -3.13999993 3.32999993
v -1.33999997 -3.13999993 3.43999992
v -1.44999997 -3.13999993 3.34999993
v -1.44999997 -3.13999993 3.32999993
v -1.35999997 -3.13999993 3.43999992
v -1.40749997 -3.13999993 3.57664207
v -1.39335797 -3.13999993 3.56249992
v -1.40749997 -3.13999993 3.60999992
v -1.35999997 -3.13999993 3.56249992
v -1.33999997 -3.13999993 3.62999992
v -1.33999997 -3.13999993 3.51999992
v -1.35999997 -3.13999993 3.51999992
v -1.44999997 -3.13999993 3.62999992
v -1.44999997 -3.13999993 3.60999992
v -1.57249996 -3.13999993 3.57664207
v -1.58664196 -3.13999993 3.56249992
v -1.57249996 -3.13999993 3.60999992
v -1.61999996 -3.13999993 3.56249992
v -1.63999996 -3.13999993 3.62999992
v -1.63999996 -3.13999993 3.51999992
v -1.52999997 -3.13999993 3.60999992
v -1.52999997 -3.13999993 3.62999992
v -1.61999996 -3.13999993 3.51999992
v -1.51604504 -3.13999993 3.45814506
v -1.51604504 3.13999993 3.45814506
v -1.52399990 -3.13999993 3.47999992
v -1.52399990 3.13999993 3.47999992
v -1.52399990 -3.13999993 3.47999992
v -1.52399990 3.13999993 3.47999992
v -1.51604504 -3.13999993 3.50185478
v -1.51604504 3.13999993 3.50185478
v -1.49590390 -3.13999993 3.51348381
v -1.49590390 3.13999993 3.51348381
v -1.47300000 -3.13999993 3.50944481
v -1.47300000 3.13999993 3.50944481
v -1.45804989 -3.13999993 3.49162895
v -1.45804989 3.13999993 3.49162895
v -1.45804989 -3.13999993 3.46837089
v -1.45804989 3.13999993 3.46837089
v -1.47300000 -3.13999993 3.45055504
v -1.47300000 3.13999993 3.45055504
v -1.49590390 -3.13999993 3.44651695
v -1.49590390 3.13999993 3.44651695
v -1.61999996 3.13999993 3.43999992
v -1.63999996 3.13999993 3.43999992
v -1.61999996 -3.13999993 3.43999992
v -1.63999996 -3.13999993 3.43999992
v -1.63999996 3.13999993 3.43999992
v -1.63999996 3.13999993 3.32999993
v -1.63999996 -3.13999993 3.43999992
v -1.63999996 -3.13999993 3.32999993
v -1.52999997 3.13999993 3.32999993
v -1.52999997 3.13999993 3.34999993
v -1.52999997 -3.13999993 3.32999993
v -1.52999997 -3.13999993 3.34999993
v -1.52999997 3.13999993 3.34999993
v -1.57249996 3.13999993 3.34999993
v -1.52999997 -3.13999993 3.34999993
v -1.57249996 -3.13999993 3.34999993
v -1.57249996 3.13999993 3.34999993
v -1.57249996 3.13999993 3.38335777
v -1.57249996 -3.13999993 3.34999993
v -1.57249996 -3.13999993 3.38335777
v -1.57249996 3.13999993 3.38335777
v -1.53585797 3.13999993 3.41999992
v -1.57249996 -3.13999993 3.38335777
v -1.53585797 -3.13999993 3.41999992
v -1.53585797 3.13999993 3.41999992
v -1.44414197 3.13999993 3.41999992
v -1.53585797 -3.13999993 3.41999992
v -1.44414197 -3.13999993 3.41999992
v -1.44414197 3.13999993 3.41999992
v -1.40749997 3.13999993 3.38335777
v -1.44414197 -3.13999993 3.41999992
v -1.40749997 -3.13999993 3.38335777
v -1.40749997 3.13999993 3.38335777
v -1.40749997 3.13999993 3.34999993
v -1.40749997 -3.13999993 3.38335777
v -1.40749997 -3.13999993 3.34999993
v -1.40749997 3.13999993 3.34999993
v -1.44999997 3.13999993 3.34999993
v -1.40749997 -3.13999993 3.34999993
v -1.44999997 -3.13999993 3.34999993
v -1.44999997 3.13999993 3.34999993
v -1.44999997 3.13999993 3.32999993
v -1.44999997 -3.13999993 3.34999993
v -1.44999997 -3.13999993 3.32999993
v -1.33999997 3.13999993 3.32999993
v -1.33999997 3.13999993 3.43999992
v -1.33999997 -3.13999993 3.32999993
v -1.33999997 -3.13999993 3.43999992
v -1.33999997 3.13999993 3.43999992
v -1.35999997 3.13999993 3.43999992
v -1.33999997 -3.13999993 3.43999992
v -1.35999997 -3.13999993 3.43999992
v -1.35999997 3.13999993 3.43999992
v -1.35999997 3.13999993 3.39749992
v -1.35999997 -3.13999993 3.43999992
v -1.35999997 -3.13999993 3.39749992
v -1.35999997 3.13999993 3.39749992
v -1.39335797 3.13999993 3.39749992
v -1.35999997 -3.13999993 3.39749992
v -1.39335797 -3.13999993 3.39749992
v -1.39335797 3.13999993 3.39749992
v -1.42999997 3.13999993 3.43414207
v -1.39335797 -3.13999993 3.39749992
v -1.42999997 -3.13999993 3.43414207
v -1.42999997 3.13999993 3.43414207
v -1.42999997 3.13999993 3.52585777
v -1.42999997 -3.13999993 3.43414207
v -1.42999997 -3.13999993 3.52585777
v -1.42999997 3.13999993 3.52585777
v -1.39335797 3.13999993 3.56249992
v -1.42999997 -3.13999993 3.52585777
v -1.39335797 -3.13999993 3.56249992
v -1.39335797 3.13999993 3.56249992
v -1.35999997 3.13999993 3.56249992
v -1.39335797 -3.13999993 3.56249992
v -1.35999997 -3.13999993 3.56249992
v -1.35999997 3.13999993 3.56249992
v -1.35999997 3.13999993 3.51999992
v -1.35999997 -3.13999993 3.56249992
v -1.35999997 -3.13999993 3.51999992
v -1.35999997 3.13999993 3.51999992
v -1.33999997 3.13999993 3.51999992
v -1.35999997 -3.13999993 3.51999992
v -1.33999997 -3.13999993 3.51999992
v -1.33999997 3.13999993 3.51999992
v -1.33999997 3.13999993 3.62999992
v -1.33999997 -3.13999993 3.51999992
v -1.33999997 -3.13999993 3.62999992
v -1.33999997 3.13999993 3.62999992
v -1.44999997 3.13999993 3.62999992
v -1.33999997 -3.13999993 3.62999992
v -1.44999997 -3.13999993 3.62999992
v -1.44999997 3.13999993 3.62999992
v -1.44999997 3.13999993 3.60999992
v -1.44999997 -3.13999993 3.62999992
v -1.44999997 -3.13999993 3.60999992
v -1.44999997 3.13999993 3.60999992
v -1.40749997 3.13999993 3.60999992
v -1.44999997 -3.13999993 3.60999992
v -1.40749997 -3.13999993 3.60999992
v -1.40749997 3.13999993 3.60999992
v -1.40749997 3.13999993 3.57664207
v -1.40749997 -3.13999993 3.60999992
v -1.40749997 -3.13999993 3.57664207
v -1.40749997 3.13999993 3.57664207
v -1.44414197 3.13999993 3.53999992
v -1.40749997 -3.13999993 3.57664207
v -1.44414197 -3.13999993 3.53999992
v -1.44414197 3.13999993 3.53999992
v -1.53585797 3.13999993 3.53999992
v -1.44414197 -3.13999993 3.53999992
v -1.53585797 -3.13999993 3.53999992
v -1.53585797 3.13999993 3.53999992
v -1.57249996 3.13999993 3.57664207
v -1.53585797 -3.13999993 3.53999992
v -1.57249996 -3.13999993 3.57664207
v -1.57249996 3.13999993 3.57664207
v -1.57249996 3.13999993 3.60999992
v -1.57249996 -3.13999993 3.57664207
v -1.57249996 -3.13999993 3.60999992
v -1.57249996 3.13999993 3.60999992
v -1.52999997 3.13999993 3.60999992
v -1.57249996 -3.13999993 3.60999992
v -1.52999997 -3.13999993 3.60999992
v -1.52999997 3.13999993 3.60999992
v -1.52999997 3.13999993 3.62999992
v -1.52999997 -3.13999993 3.60999992
v -1.52999997 -3.13999993 3.62999992
v -1.52999997 3.13999993 3.62999992
v -1.63999996 3.13999993 3.62999992
v -1.52999997 -3.13999993 3.62999992
v -1.63999996 -3.13999993 3.62999992
v -1.63999996 3.13999993 3.62999992
v -1.63999996 3.13999993 3.51999992
v -1.63999996 -3.13999993 3.62999992
v -1.63999996 -3.13999993 3.51999992
v -1.63999996 3.13999993 3.51999992
v -1.61999996 3.13999993 3.51999992
v -1.63999996 -3.13999993 3.51999992
v -1.61999996 -3.13999993 3.51999992
v -1.61999996 3.13999993 3.51999992
v -1.61999996 3.13999993 3.56249992
v -1.61999996 -3.13999993 3.51999992
v -1.61999996 -3.13999993 3.56249992
v -1.61999996 3.13999993 3.56249992
v -1.58664196 3.13999993 3.56249992
v -1.61999996 -3.13999993 3.56249992
v -1.58664196 -3.13999993 3.56249992
v -1.58664196 3.13999993 3.56249992
v -1.54999997 3.13999993 3.52585777
v -1.58664196 -3.13999993 3.56249992
v -1.54999997 -3.13999993 3.52585777
v -1.54999997 3.13999993 3.52585777
v -1.54999997 3.13999993 3.43414207
v -1.54999997 -3.13999993 3.52585777
v -1.54999997 -3.13999993 3.43414207
v -1.54999997 3.13999993 3.43414207
v -1.58664196 3.13999993 3.39749992
v -1.54999997 -3.13999993 3.43414207
v -1.58664196 -3.13999993 3.39749992
v -1.58664196 3.13999993 3.39749992
v -1.61999996 3.13999993 3.39749992
v -1.58664196 -3.13999993 3.39749992
v -1.61999996 -3.13999993 3.39749992
v -1.61999996 3.13999993 3.39749992
v -1.61999996 3.13999993 3.43999992
v -1.61999996 -3.13999993 3.39749992
v -1.61999996 -3.13999993 3.43999992
v -1.61999996 3.13999993 3.43999992
v -1.61999996 3.13999993 3.39749992
v -1.63999996 3.13999993 3.43999992
v -1.63999996 3.13999993 3.32999993
v -1.57249996 3.13999993 3.34999993
v -1.52999997 3.13999993 3.32999993
v -1.52999997 3.13999993 3.34999993
v -1.58664196 3.13999993 3.39749992
v -1.57249996 3.13999993 3.38335777
v -1.54999997 3.13999993 3.43414207
v -1.53585797 3.13999993 3.41999992
v -1.51604504 3.13999993 3.45814506
v -1.49590390 3.13999993 3.44651695
v -1.52399990 3.13999993 3.47999992
v -1.54999997 3.13999993 3.52585777
v -1.51604504 3.13999993 3.50185478
v -1.53585797 3.13999993 3.53999992
v -1.49590390 3.13999993 3.51348381
v -1.44414197 3.13999993 3.53999992
v -1.47300000 3.13999993 3.50944481
v -1.42999997 3.13999993 3.52585777
v -1.45804989 3.13999993 3.49162895
v -1.42999997 3.13999993 3.43414207
v -1.45804989 3.13999993 3.46837089
v -1.47300000 3.13999993 3.45055504
v -1.44414197 3.13999993 3.41999992
v -1.57249996 3.13999993 3.57664207
v -1.58664196 3.13999993 3.56249992
v -1.57249996 3.13999993 3.60999992
v -1.61999996 3.13999993 3.56249992
v -1.63999996 3.13999993 3.62999992
v -1.63999996 3.13999993 3.51999992
v -1.61999996 3.13999993 3.51999992
v -1.52999997 3.13999993 3.62999992
v -1.52999997 3.13999993 3.60999992
v -1.40749997 3.13999993 3.57664207
v -1.39335797 3.13999993 3.56249992
v -1.40749997 3.13999993 3.60999992
v -1.35999997 3.13999993 3.56249992
v -1.33999997 3.13999993 3.62999992
v -1.33999997 3.13999993 3.51999992
v -1.44999997 3.13999993 3.60999992
v -1.44999997 3.13999993 3.62999992
v -1.35999997 3.13999993 3.51999992
v -1.40749997 3.13999993 3.38335777
v -1.39335797 3.13999993 3.39749992
v -1.40749997 3.13999993 3.34999993
v -1.35999997 3.13999993 3.39749992
v -1.33999997 3.13999993 3.32999993
v -1.33999997 3.13999993 3.43999992
v -1.35999997 3.13999993 3.43999992
v -1.44999997 3.13999993 3.32999993
v -1.44999997 3.13999993 3.34999993
v 3.01999993 -3.13999993 3.43999992
v 2.99999993 -3.13999993 3.43999992
v 3.01999993 -3.13999993 3.39749992
v 2.99999993 -3.13999993 3.32999993
v 3.06749993 -3.13999993 3.34999993
v 3.10999993 -3.13999993 3.32999993
v 3.10999993 -3.13999993 3.34999993
v 3.05335778 -3.13999993 3.39749992
v 3.06749993 -3.13999993 3.38335777
v 3.08999993 -3.13999993 3.43414207
v 3.10414208 -3.13999993 3.41999992
v 3.12395501 -3.13999993 3.45814506
v 3.14409600 -3.13999993 3.44651695
v 3.19585778 -3.13999993 3.41999992
v 3.16700005 -3.13999993 3.45055504
v 3.20999993 -3.13999993 3.43414207
v 3.18195000 -3.13999993 3.46837089
v 3.20999993 -3.13999993 3.52585777
v 3.18195000 -3.13999993 3.49162895
v 3.16700005 -3.13999993 3.50944481
v 3.19585778 -3.13999993 3.53999992
v 3.14409600 -3.13999993 3.51348381
v 3.10414208 -3.13999993 3.53999992
v 3.12395501 -3.13999993 3.50185478
v 3.08999993 -3.13999993 3.52585777
v 3.11599999 -3.13999993 3.47999992
v 3.23249993 -3.13999993 3.38335777
v 3.24664208 -3.13999993 3.39749992
v 3.23249993 -3.13999993 3.34999993
v 3.27999993 -3.13999993 3.39749992
v 3.29999993 -3.13999993 3.32999993
v 3.29999993 -3.13999993 3.43999992
v 3.18999993 -3.13999993 3.34999993
v 3.18999993 -3.13999993 3.32999993
v 3.27999993 -3.13999993 3.43999992
v 3.23249993 -3.13999993 3.57664207
v 3.24664208 -3.13999993 3.56249992
v 3.23249993 -3.13999993 3.60999992
v 3.27999993 -3.13999993 3.56249992
v 3.29999993 -3.13999993 3.62999992
v 3.29999993 -3.13999993 3.51999992
v 3.27999993 -3.13999993 3.51999992
v 3.18999993 -3.13999993 3.62999992
v 3.18999993 -3.13999993 3.60999992
v 3.06749993 -3.13999993 3.57664207
v 3.05335778 -3.13999993 3.56249992
v 3.06749993 -3.13999993 3.60999992
v 3.01999993 -3.13999993 3.56249992
v 2.99999993 -3.13999993 3.62999992
v 2.99999993 -3.13999993 3.51999992
v 3.10999993 -3.13999993 3.60999992
v 3.10999993 -3.13999993 3.62999992
v 3.01999993 -3.13999993 3.51999992
v 3.12395501 -3.13999993 3.45814506
v 3.12395501 3.13999993 3.45814506
v 3.11599999 -3.13999993 3.47999992
v 3.11599999 3.13999993 3.47999992
v 3.11599999 -3.13999993 3.47999992
v 3.11599999 3.13999993 3.47999992
v 3.12395501 -3.13999993 3.50185478
v 3.12395501 3.13999993 3.50185478
v 3.14409600 -3.13999993 3.51348381
v 3.14409600 3.13999993 3.51348381
v 3.16700005 -3.13999993 3.50944481
v 3.16700005 3.13999993 3.50944481
v 3.18195000 -3.13999993 3.49162895
v 3.18195000 3.13999993 3.49162895
v 3.18195000 -3.13999993 3.46837089
v 3.18195000 3.13999993 3.46837089
v 3.16700005 -3.13999993 3.45055504
v 3.16700005 3.13999993 3.45055504
v 3.14409600 -3.13999993 3.44651695
v 3.14409600 3.13999993 3.44651695
v 3.01999993 3.13999993 3.43999992
v 2.99999993 3.13999993 3.43999992
v 3.01999993 -3.13999993 3.43999992
v 2.99999993 -3.13999993 3.43999992
v 2.99999993 3.13999993 3.43999992
v 2.99999993 3.13999993 3.32999993
v 2.99999993 -3.13999993 3.43999992
v 2.99999993 -3.13999993 3.32999993
v 3.10999993 3.13999993 3.32999993
v 3.10999993 3.13999993 3.34999993
v 3.10999993 -3.13999993 3.32999993
v 3.10999993 -3.13999993 3.34999993
v 3.10999993 3.13999993 3.34999993
v 3.06749993 3.13999993 3.34999993
v 3.10999993 -3.13999993 3.34999993
v 3.06749993 -3.13999993 3.34999993
v 3.06749993 3.13999993 3.34999993
v 3.06749993 3.13999993 3.38335777
v 3.06749993 -3.13999993 3.34999993
v 3.06749993 -3.13999993 3.38335777
v 3.06749993 3.13999993 3.38335777
v 3.10414208 3.13999993 3.41999992
v 3.06749993 -3.13999993 3.38335777
v 3.10414208 -3.13999993 3.41999992
v 3.10414208 3.13999993 3.41999992
v 3.19585778 3.13999993 3.41999992
v 3.10414208 -3.13999993 3.41999992
v 3.19585778 -3.13999993 3.41999992
v 3.19585778 3.13999993 3.41999992
v 3.23249993 3.13999993 3.38335777
v 3.19585778 -3.13999993 3.41999992
v 3.23249993 -3.13999993 3.38335777
v 3.23249993 3.13999993 3.38335777
v 3.23249993 3.13999993 3.34999993
v 3.23249993 -3.13999993 3.38335777
v 3.23249993 -3.13999993 3.34999993
v 3.23249993 3.13999993 3.34999993
v 3.18999993 3.13999993 3.34999993
v 3.23249993 -3.13999993 3.34999993
v 3.18999993 -3.13999993 3.34999993
v 3.18999993 3.13999993 3.34999993
v 3.18999993 3.13999993 3.32999993
v 3.18999993 -3.13999993 3.34999993
v 3.18999993 -3.13999993 3.32999993
v 3.29999993 3.13999993 3.32999993
v 3.29999993 3.13999993 3.43999992
v 3.29999993 -3.13999993 3.32999993
v 3.29999993 -3.13999993 3.43999992
v 3.29999993 3.13999993 3.43999992
v 3.27999993 3.13999993 3.43999992
v 3.29999993 -3.13999993 3.43999992
v 3.27999993 -3.13999993 3.43999992
v 3.27999993 3.13999993 3.43999992
v 3.27999993 3.13999993 3.39749992
v 3.27999993 -3.13999993 3.43999992
v 3.27999993 -3.13999993 3.39749992
v 3.27999993 3.13999993 3.39749992
v 3.24664208 3.13999993 3.39749992
v 3.27999993 -3.13999993 3.39749992
v 3.24664208 -3.13999993 3.39749992
v 3.24664208 3.13999993 3.39749992
v 3.20999993 3.13999993 3.43414207
v 3.24664208 -3.13999993 3.39749992
v 3.20999993 -3.13999993 3.43414207
v 3.20999993 3.13999993 3.43414207
v 3.20999993 3.13999993 3.52585777
v 3.20999993 -3.13999993 3.43414207
v 3.20999993 -3.13999993 3.52585777
v 3.20999993 3.13999993 3.52585777
v 3.24664208 3.13999993 3.56249992
v 3.20999993 -3.13999993 3.52585777
v 3.24664208 -3.13999993 3.56249992
v 3.24664208 3.13999993 3.56249992
v 3.27999993 3.13999993 3.56249992
v 3.24664208 -3.13999993 3.56249992
v 3.27999993 -3.13999993 3.56249992
v 3.27999993 3.13999993 3.56249992
v 3.27999993 3.13999993 3.51999992
v 3.27999993 -3.13999993 3.56249992
v 3.27999993 -3.13999993 3.51999992
v 3.27999993 3.13999993 3.51999992
v 3.29999993 3.13999993 3.51999992
v 3.27999993 -3.13999993 3.51999992
v 3.29999993 -3.13999993 3.51999992
v 3.29999993 3.13999993 3.51999992
v 3.29999993 3.13999993 3.62999992
v 3.29999993 -3.13999993 3.51999992
v 3.29999993 -3.13999993 3.62999992
v 3.29999993 3.13999993 3.62999992
v 3.18999993 3.13999993 3.62999992
v 3.29999993 -3.13999993 3.62999992
v 3.18999993 -3.13999993 3.62999992
v 3.18999993 3.13999993 3.62999992
v 3.18999993 3.13999993 3.60999992
v 3.18999993 -3.13999993 3.62999992
v 3.18999993 -3.13999993 3.60999992
v 3.18999993 3.13999993 3.60999992
v 3.23249993 3.13999993 3.60999992
v 3.18999993 -3.13999993 3.60999992
v 3.23249993 -3.13999993 3.60999992
v 3.23249993 3.13999993 3.60999992
v 3.23249993 3.13999993 3.57664207
v 3.23249993 -3.13999993 3.60999992
v 3.23249993 -3.13999993 3.57664207
v 3.23249993 3.13999993 3.57664207
v 3.19585778 3.13999993 3.53999992
v 3.23249993 -3.13999993 3.57664207
v 3.19585778 -3.13999993 3.53999992
v 3.19585778 3.13999993 3.53999992
v 3.10414208 3.13999993 3.53999992
v 3.19585778 -3.13999993 3.53999992
v 3.10414208 -3.13999993 3.53999992
v 3.10414208 3.13999993 3.53999992
v 3.06749993 3.13999993 3.57664207
v 3.10414208 -3.13999993 3.53999992
v 3.06749993 -3.13999993 3.57664207
v 3.06749993 3.13999993 3.57664207
v 3.06749993 3.13999993 3.60999992
v 3.06749993 -3.13999993 3.57664207
v 3.06749993 -3.13999993 3.60999992
v 3.06749993 3.13999993 3.60999992
v 3.10999993 3.13999993 3.60999992
v 3.06749993 -3.13999993 3.60999992
v 3.10999993 -3.13999993 3.60999992
v 3.10999993 3.13999993 3.60999992
v 3.10999993 3.13999993 3.62999992
v 3.10999993 -3.13999993 3.60999992
v 3.10999993 -3.13999993 3.62999992
v 3.10999993 3.13999993 3.62999992
v 2.99999993 3.13999993 3.62999992
v 3.10999993 -3.13999993 3.62999992
v 2.99999993 -3.13999993 3.62999992
v 2.99999993 3.13999993 3.62999992
v 2.99999993 3.13999993 3.51999992
v 2.99999993 -3.13999993 3.62999992
v 2.99999993 -3.13999993 3.51999992
v 2.99999993 3.13999993 3.51999992
v 3.01999993 3.13999993 3.51999992
v 2.99999993 -3.13999993 3.51999992
v 3.01999993 -3.13999993 3.51999992
v 3.01999993 3.13999993 3.51999992
v 3.01999993 3.13999993 3.56249992
v 3.01999993 -3.13999993 3.51999992
v 3.01999993 -3.13999993 3.56249992
v 3.01999993 3.13999993 3.56249992
v 3.05335778 3.13999993 3.56249992
v 3.01999993 -3.13999993 3.56249992
v 3.05335778 -3.13999993 3.56249992
v 3.05335778 3.13999993 3.56249992
v 3.08999993 3.13999993 3.52585777
v 3.05335778 -3.13999993 3.56249992
v 3.08999993 -3.13999993 3.52585777
v 3.08999993 3.13999993 3.52585777
v 3.08999993 3.13999993 3.43414207
v 3.08999993 -3.13999993 3.52585777
v 3.08999993 -3.13999993 3.43414207
v 3.08999993 3.13999993 3.43414207
v 3.05335778 3.13999993 3.39749992
v 3.08999993 -3.13999993 3.43414207
v 3.05335778 -3.13999993 3.39749992
v 3.05335778 3.13999993 3.39749992
v 3.01999993 3.13999993 3.39749992
v 3.05335778 -3.13999993 3.39749992
v 3.01999993 -3.13999993 3.39749992
v 3.01999993 3.13999993 3.39749992
v 3.01999993 3.13999993 3.43999992
v 3.01999993 -3.13999993 3.39749992
v 3.01999993 -3.13999993 3.43999992
v 3.01999993 3.13999993 3.43999992
v 3.01999993 3.13999993 3.39749992
v 2.99999993 3.13999993 3.43999992
v 2.99999993 3.13999993 3.32999993
v 3.06749993 3.13999993 3.34999993
v 3.10999993 3.13999993 3.32999993
v 3.10999993 3.13999993 3.34999993
v 3.05335778 3.13999993 3.39749992
v 3.06749993 3.13999993 3.38335777
v 3.08999993 3.13999993 3.43414207
v 3.10414208 3.13999993 3.41999992
v 3.12395501 3.13999993 3.45814506
v 3.14409600 3.13999993 3.44651695
v 3.11599999 3.13999993 3.47999992
v 3.08999993 3.13999993 3.52585777
v 3.12395501 3.13999993 3.50185478
v 3.10414208 3.13999993 3.53999992
v 3.14409600 3.13999993 3.51348381
v 3.19585778 3.13999993 3.53999992
v 3.16700005 3.13999993 3.50944481
v 3.20999993 3.13999993 3.52585777
v 3.18195000 3.13999993 3.49162895
v 3.20999993 3.13999993 3.43414207
v 3.18195000 3.13999993 3.46837089
v 3.16700005 3.13999993 3.45055504
v 3.19585778 3.13999993 3.41999992
v 3.06749993 3.13999993 3.57664207
v 3.05335778 3.13999993 3.56249992
v 3.06749993 3.13999993 3.60999992
v 3.01999993 3.13999993 3.56249992
v 2.99999993 3.13999993 3.62999992
v 2.99999993 3.13999993 3.51999992
v 3.01999993 3.13999993 3.51999992
v 3.10999993 3.13999993 3.62999992
v 3.10999993 3.13999993 3.60999992
v 3.23249993 3.13999993 3.57664207
v 3.24664208 3.13999993 3.56249992
v 3.23249993 3.13999993 3.60999992
v 3.27999993 3.13999993 3.56249992
v 3.29999993 3.13999993 3.62999992
v 3.29999993 3.13999993 3.51999992
v 3.18999993 3.13999993 3.60999992
v 3.18999993 3.13999993 3.62999992
v 3.27999993 3.13999993 3.51999992
v 3.23249993 3.13999993 3.38335777
v 3.24664208 3.13999993 3.39749992
v 3.23249993 3.13999993 3.34999993
v 3.27999993 3.13999993 3.39749992
v 3.29999993 3.13999993 3.32999993
v 3.29999993 3.13999993 3.43999992
v 3.27999993 3.13999993 3.43999992
v 3.18999993 3.13999993 3.32999993
v 3.18999993 3.13999993 3.34999993
v -2.99999993 -3.13999993 3.43999992
v -3.01999993 -3.13999993 3.39749992
v -2.99999993 -3.13999993 3.32999993
v -3.06749993 -3.13999993 3.34999993
v -3.10999993 -3.13999993 3.32999993
v -3.10999993 -3.13999993 3.34999993
v -3.01999993 -3.13999993 3.43999992
v -3.05335778 -3.13999993 3.39749992
v -3.06749993 -3.13999993 3.38335777
v -3.08999993 -3.13999993 3.43414207
v -3.10414208 -3.13999993 3.41999992
v -3.13299981 -3.13999993 3.45055504
v -3.15590386 -3.13999993 3.44651695
v -3.11804986 -3.13999993 3.46837089
v -3.08999993 -3.13999993 3.52585777
v -3.11804986 -3.13999993 3.49162895
v -3.13299981 -3.13999993 3.50944481
v -3.10414208 -3.13999993 3.53999992
v -3.15590386 -3.13999993 3.51348381
v -3.19585778 -3.13999993 3.53999992
v -3.17604607 -3.13999993 3.50185478
v -3.20999993 -3.13999993 3.52585777
v -3.18399987 -3.13999993 3.47999992
v -3.20999993 -3.13999993 3.43414207
v -3.17604607 -3.13999993 3.45814506
v -3.19585778 -3.13999993 3.41999992
v -3.06749993 -3.13999993 3.57664207
v -3.05335778 -3.13999993 3.56249992
v -3.06749993 -3.13999993 3.60999992
v -3.01999993 -3.13999993 3.56249992
v -2.99999993 -3.13999993 3.62999992
v -2.99999993 -3.13999993 3.51999992
v -3.01999993 -3.13999993 3.51999992
v -3.10999993 -3.13999993 3.62999992
v -3.10999993 -3.13999993 3.60999992
v -3.23249993 -3.13999993 3.57664207
v -3.24664208 -3.13999993 3.56249992
v -3.23249993 -3.13999993 3.60999992
v -3.27999993 -3.13999993 3.56249992
v -3.29999993 -3.13999993 3.62999992
v -3.29999993 -3.13999993 3.51999992
v -3.18999993 -3.13999993 3.60999992
v -3.18999993 -3.13999993 3.62999992
v -3.27999993 -3.13999993 3.51999992
v -3.23249993 -3.13999993 3.38335777
v -3.24664208 -3.13999993 3.39749992
v -3.23249993 -3.13999993 3.34999993
v -3.27999993 -3.13999993 3.39749992
v -3.29999993 -3.13999993 3.32999993
v -3.29999993 -3.13999993 3.43999992
v -3.27999993 -3.13999993 3.43999992
v -3.18999993 -3.13999993 3.32999993
v -3.18999993 -3.13999993 3.34999993
v -3.17604607 -3.13999993 3.45814506
v -3.17604607 3.13999993 3.45814506
v -3.18399987 -3.13999993 3.47999992
v -3.18399987 3.13999993 3.47999992
v -3.18399987 -3.13999993 3.47999992
v -3.18399987 3.13999993 3.47999992
v -3.17604607 -3.13999993 3.50185478
v -3.17604607 3.13999993 3.50185478
v -3.15590386 -3.13999993 3.51348381
v -3.15590386 3.13999993 3.51348381
v -3.13299981 -3.13999993 3.50944481
v -3.13299981 3.13999993 3.50944481
v -3.11804986 -3.13999993 3.49162895
v -3.11804986 3.13999993 3.49162895
v -3.11804986 -3.13999993 3.46837089
v -3.11804986 3.13999993 3.46837089
v -3.13299981 -3.13999993 3.45055504
v -3.13299981 3.13999993 3.45055504
v -3.15590386 -3.13999993 3.44651695
v -3.15590386 3.13999993 3.44651695
v -2.99999993 3.13999993 3.43999992
v -3.01999993 3.13999993 3.43999992
v -2.99999993 -3.13999993 3.43999992
v -3.01999993 -3.13999993 3.43999992
v -3.01999993 3.13999993 3.43999992
v -3.01999993 3.13999993 3.39749992
v -3.01999993 -3.13999993 3.43999992
v -3.01999993 -3.13999993 3.39749992
v -3.01999993 3.13999993 3.39749992
v -3.05335778 3.13999993 3.39749992
v -3.01999993 -3.13999993 3.39749992
v -3.05335778 -3.13999993 3.39749992
v -3.05335778 3.13999993 3.39749992
v -3.08999993 3.13999993 3.43414207
v -3.05335778 -3.13999993 3.39749992
v -3.08999993 -3.13999993 3.43414207
v -3.08999993 3.13999993 3.43414207
v -3.08999993 3.13999993 3.52585777
v -3.08999993 -3.13999993 3.43414207
v -3.08999993 -3.13999993 3.52585777
v -3.08999993 3.13999993 3.52585777
v -3.05335778 3.13999993 3.56249992
v -3.08999993 -3.13999993 3.52585777
v -3.05335778 -3.13999993 3.56249992
v -3.05335778 3.13999993 3.56249992
v -3.01999993 3.13999993 3.56249992
v -3.05335778 -3.13999993 3.56249992
v -3.01999993 -3.13999993 3.56249992
v -3.01999993 3.13999993 3.56249992
v -3.01999993 3.13999993 3.51999992
v -3.01999993 -3.13999993 3.56249992
v -3.01999993 -3.13999993 3.51999992
v -3.01999993 3.13999993 3.51999992
v -2.99999993 3.13999993 3.51999992
v -3.01999993 -3.13999993 3.51999992
v -2.99999993 -3.13999993 3.51999992
v -2.99999993 3.13999993 3.51999992
v -2.99999993 3.13999993 3.62999992
v -2.99999993 -3.13999993 3.51999992
v -2.99999993 -3.13999993 3.62999992
v -2.99999993 3.13999993 3.62999992
v -3.10999993 3.13999993 3.62999992
v -2.99999993 -3.13999993 3.62999992
v -3.10999993 -3.13999993 3.62999992
v -3.10999993 3.13999993 3.62999992
v -3.10999993 3.13999993 3.60999992
v -3.10999993 -3.13999993 3.62999992
v -3.10999993 -3.13999993 3.60999992
v -3.10999993 3.13999993 3.60999992
v -3.06749993 3.13999993 3.60999992
v -3.10999993 -3.13999993 3.60999992
v -3.06749993 -3.13999993 3.60999992
v -3.06749993 3.13999993 3.60999992
v -3.06749993 3.13999993 3.57664207
v -3.06749993 -3.13999993 3.60999992
v -3.06749993 -3.13999993 3.57664207
v -3.06749993 3.13999993 3.57664207
v -3.10414208 3.13999993 3.53999992
v -3.06749993 -3.13999993 3.57664207
v -3.10414208 -3.13999993 3.53999992
v -3.10414208 3.13999993 3.53999992
v -3.19585778 3.13999993 3.53999992
v -3.10414208 -3.13999993 3.53999992
v -3.19585778 -3.13999993 3.53999992
v -3.19585778 3.13999993 3.53999992
v -3.23249993 3.13999993 3.57664207
v -3.19585778 -3.13999993 3.53999992
v -3.23249993 -3.13999993 3.57664207
v -3.23249993 3.13999993 3.57664207
v -3.23249993 3.13999993 3.60999992
v -3.23249993 -3.13999993 3.57664207
v -3.23249993 -3.13999993 3.60999992
v -3.23249993 3.13999993 3.60999992
v -3.18999993 3.13999993 3.60999992
v -3.23249993 -3.13999993 3.60999992
v -3.18999993 -3.13999993 3.60999992
v -3.18999993 3.13999993 3.60999992
v -3.18999993 3.13999993 3.62999992
v -3.18999993 -3.13999993 3.60999992
v -3.18999993 -3.13999993 3.62999992
v -3.18999993 3.13999993 3.62999992
v -3.29999993 3.13999993 3.62999992
v -3.18999993 -3.13999993 3.62999992
v -3.29999993 -3.13999993 3.62999992
v -3.29999993 3.13999993 3.62999992
v -3.29999993 3.13999993 3.51999992
v -3.29999993 -3.13999993 3.62999992
v -3.29999993 -3.13999993 3.51999992
v -3.29999993 3.13999993 3.51999992
v -3.27999993 3.13999993 3.51999992
v -3.29999993 -3.13999993 3.51999992
v -3.27999993 -3.13999993 3.51999992
v -3.27999993 3.13999993 3.51999992
v -3.27999993 3.13999993 3.56249992
v -3.27999993 -3.13999993 3.51999992
v -3.27999993 -3.13999993 3.56249992
v -3.27999993 3.13999993 3.56249992
v -3.24664208 3.13999993 3.56249992
v -3.27999993 -3.13999993 3.56249992
v -3.24664208 -3.13999993 3.56249992
v -3.24664208 3.13999993 3.56249992
v -3.20999993 3.13999993 3.52585777
v -3.24664208 -3.13999993 3.56249992
v -3.20999993 -3.13999993 3.52585777
v -3.20999993 3.13999993 3.52585777
v -3.20999993 3.13999993 3.43414207
v -3.20999993 -3.13999993 3.52585777
v -3.20999993 -3.13999993 3.43414207
v -3.20999993 3.13999993 3.43414207
v -3.24664208 3.13999993 3.39749992
v -3.20999993 -3.13999993 3.43414207
v -3.24664208 -3.13999993 3.39749992
v -3.24664208 3.13999993 3.39749992
v -3.27999993 3.13999993 3.39749992
v -3.24664208 -3.13999993 3.39749992
v -3.27999993 -3.13999993 3.39749992
v -3.27999993 3.13999993 3.39749992
v -3.27999993 3.13999993 3.43999992
v -3.27999993 -3.13999993 3.39749992
v -3.27999993 -3.13999993 3.43999992
v -3.27999993 3.13999993 3.43999992
v -3.29999993 3.13999993 3.43999992
v -3.27999993 -3.13999993 3.43999992
v -3.29999993 -3.13999993 3.43999992
v -3.29999993 3.13999993 3.43999992
v -3.29999993 3.13999993 3.32999993
v -3.29999993 -3.13999993 3.43999992
v -3.29999993 -3.13999993 3.32999993
v -3.18999993 3.13999993 3.32999993
v -3.18999993 3.13999993 3.34999993
v -3.18999993 -3.13999993 3.32999993
v -3.18999993 -3.13999993 3.34999993
v -3.18999993 3.13999993 3.34999993
v -3.23249993 3.13999993 3.34999993
v -3.18999993 -3.13999993 3.34999993
v -3.23249993 -3.13999993 3.34999993
v -3.23249993 3.13999993 3.34999993
v -3.23249993 3.13999993 3.38335777
v -3.23249993 -3.13999993 3.34999993
v -3.23249993 -3.13999993 3.38335777
v -3.23249993 3.13999993 3.38335777
v -3.19585778 3.13999993 3.41999992
v -3.23249993 -3.13999993 3.38335777
v -3.19585778 -3.13999993 3.41999992
v -3.19585778 3.13999993 3.41999992
v -3.10414208 3.13999993 3.41999992
v -3.19585778 -3.13999993 3.41999992
v -3.10414208 -3.13999993 3.41999992
v -3.10414208 3.13999993 3.41999992
v -3.06749993 3.13999993 3.38335777
v -3.10414208 -3.13999993 3.41999992
v -3.06749993 -3.13999993 3.38335777
v -3.06749993 3.13999993 3.38335777
v -3.06749993 3.13999993 3.34999993
v -3.06749993 -3.13999993 3.38335777
v -3.06749993 -3.13999993 3.34999993
v -3.06749993 3.13999993 3.34999993
v -3.10999993 3.13999993 3.34999993
v -3.06749993 -3.13999993 3.34999993
v -3.10999993 -3.13999993 3.34999993
v -3.10999993 3.13999993 3.34999993
v -3.10999993 3.13999993 3.32999993
v -3.10999993 -3.13999993 3.34999993
v -3.10999993 -3.13999993 3.32999993
v -2.99999993 3.13999993 3.32999993
v -2.99999993 3.13999993 3.43999992
v -2.99999993 -3.13999993 3.32999993
v -2.99999993 -3.13999993 3.43999992
v -3.01999993 3.13999993 3.43999992
v -2.99999993 3.13999993 3.43999992
v -3.01999993 3.13999993 3.39749992
v -2.99999993 3.13999993 3.32999993
v -3.06749993 3.13999993 3.34999993
v -3.10999993 3.13999993 3.32999993
v -3.10999993 3.13999993 3.34999993
v -3.05335778 3.13999993 3.39749992
v -3.06749993 3.13999993 3.38335777
v -3.08999993 3.13999993 3.43414207
v -3.10414208 3.13999993 3.41999992
v -3.13299981 3.13999993 3.45055504
v -3.15590386 3.13999993 3.44651695
v -3.19585778 3.13999993 3.41999992
v -3.17604607 3.13999993 3.45814506
v -3.20999993 3.13999993 3.43414207
v -3.18399987 3.13999993 3.47999992
v -3.20999993 3.13999993 3.52585777
v -3.17604607 3.13999993 3.50185478
v -3.19585778 3.13999993 3.53999992
v -3.15590386 3.13999993 3.51348381
v -3.10414208 3.13999993 3.53999992
v -3.13299981 3.13999993 3.50944481
v -3.08999993 3.13999993 3.52585777
v -3.11804986 3.13999993 3.49162895
v -3.11804986 3.13999993 3.46837089
v -3.23249993 3.13999993 3.38335777
v -3.24664208 3.13999993 3.39749992
v -3.23249993 3.13999993 3.34999993
v -3.27999993 3.13999993 3.39749992
v -3.29999993 3.13999993 3.32999993
v -3.29999993 3.13999993 3.43999992
v -3.18999993 3.13999993 3.34999993
v -3.18999993 3.13999993 3.32999993
v -3.27999993 3.13999993 3.43999992
v -3.23249993 3.13999993 3.57664207
v -3.24664208 3.13999993 3.56249992
v -3.23249993 3.13999993 3.60999992
v -3.27999993 3.13999993 3.56249992
v -3.29999993 3.13999993 3.62999992
v -3.29999993 3.13999993 3.51999992
v -3.27999993 3.13999993 3.51999992
v -3.18999993 3.13999993 3.62999992
v -3.18999993 3.13999993 3.60999992
v -3.06749993 3.13999993 3.57664207
v -3.05335778 3.13999993 3.56249992
v -3.06749993 3.13999993 3.60999992
v -3.01999993 3.13999993 3.56249992
v -2.99999993 3.13999993 3.62999992
v -2.99999993 3.13999993 3.51999992
v -3.10999993 3.13999993 3.60999992
v -3.10999993 3.13999993 3.62999992
v -3.01999993 3.13999993 3.51999992
vt -0.00999999 -0.74612802
vt 0.00999999 -0.74612802
vt -0.00999999 0.00000000
vt 0.00999999 0.00000000
vt -0.00999999 0.74612802
vt 0.00999999 0.74612802
vt -0.00999999 1.49225700
vt 0.00999999 1.49225700
vt -0.00999999 2.23838496
vt 0.00999999 2.23838496
vt -0.00999999 2.98451304
vt 0.00999999 2.98451304
vt -0.00999999 3.73064089
vt 0.00999999 3.73064089
vt -0.00999999 4.47676897
vt 0.00999999 4.47676897
vt -0.00999999 -4.47676897
vt 0.00999999 -4.47676897
vt -0.00999999 -3.73064089
vt 0.00999999 -3.73064089
vt -0.00999999 -2.98451304
vt 0.00999999 -2.98451304
vt -0.00999999 -2.23838496
vt 0.00999999 -2.23838496
vt -0.00999999 -1.49225700
vt 0.00999999 -1.49225700
vt -0.19855601 -0.73376203
vt 0.19855601 -0.67261499
vt -0.19855601 0.00000000
vt 0.19855601 0.00000000
vt 0.19855601 0.67261499
vt 0.19855601 -1.34522998
vt -0.19855601 -1.46752405
vt 0.19855601 -2.01784492
vt -0.19855601 -2.20128489
vt 0.19855601 -2.69045997
vt -0.19855601 -2.93504691
vt 0.19855601 -3.36307502
vt -0.19855601 -3.66880894
vt 0.19855601 -4.03568983
vt 0.19855601 4.03568983
vt -0.19855601 4.40257120
vt -0.19855601 3.66880894
vt 0.19855601 3.36307502
vt -0.19855601 2.93504691
vt 0.19855601 2.69045997
vt -0.19855601 2.20128489
vt 0.19855601 2.01784492
vt -0.19855601 1.46752405
vt 0.19855601 1.34522998
vt -0.19855601 0.73376203
vt 0.63166302 -0.20524000
vt 0.61860102 -0.11208800
vt 0.00000000 0.00000000
vt 0.00000000 0.06954997
vt -0.61860102 -0.11208800
vt 1.04080105 -0.59933197
vt 1.02205300 -0.74256498
vt 1.13255405 -1.23748696
vt 1.02205300 -1.40673494
vt 0.86472899 -1.82394195
vt 0.63166302 -1.94405997
vt 0.32235801 -2.17250204
vt 0.00000000 -2.14930010
vt -0.32235801 -2.17250204
vt -0.63166302 -1.94405997
vt -0.86472899 -1.82394195
vt -1.02205300 -1.40673494
vt -1.13255405 -1.23748696
vt -1.02205300 -0.74256498
vt -1.04080105 -0.59933197
vt -0.63166302 -0.20524000
vt -0.20000000 -0.72500002
vt -0.21183901 -0.76791698
vt 0.00000000 -0.72500002
vt 0.12469300 -0.78678000
vt 0.43889999 -0.66478401
vt -0.20000000 0.72500002
vt -0.63376802 0.48260799
vt -0.79659998 0.00000000
vt -0.63376802 -0.48260799
vt 0.00000000 0.72500002
vt -0.10688600 0.78939700
vt -0.21183901 0.76791698
vt 0.32943100 0.72529101
vt 0.00000000 0.79659998
vt 0.67453003 -0.42377001
vt 0.78939700 -0.10688600
vt 0.76293498 0.22913399
vt 0.59988201 0.52413100
vt 0.71249998 -0.19091401
vt 0.74500000 -0.13462199
vt 0.00000000 0.00000000
vt 0.00000000 0.06499999
vt -0.74500000 -0.13462199
vt 1.29037797 -0.68000001
vt 1.23408604 -0.71249998
vt 1.49000001 -1.42499995
vt 1.42499995 -1.42499995
vt 1.29037797 -2.17000008
vt 1.23408604 -2.13750005
vt 0.71249998 -2.65908599
vt 0.74500000 -2.71537805
vt 0.00000000 -2.84999990
vt 0.00000000 -2.91499996
vt -0.74500000 -2.71537805
vt -0.71249998 -2.65908599
vt -1.29037797 -2.17000008
vt -1.23408604 -2.13750005
vt -1.49000001 -1.42499995
vt -1.42499995 -1.42499995
vt -1.23408604 -0.71249998
vt -1.29037797 -0.68000001
vt -0.71249998 -0.19091401
vt 0.71249998 -0.19091401
vt 0.74500000 -0.13462199
vt 0.00000000 0.00000000
vt 0.00000000 0.06499999
vt -0.74500000 -0.13462199
vt 1.29037797 -0.68000001
vt 1.23408604 -0.71249998
vt 1.49000001 -1.42499995
vt 1.42499995 -1.42499995
vt 1.29037797 -2.17000008
vt 1.23408604 -2.13750005
vt 0.71249998 -2.65908599
vt 0.74500000 -2.71537805
vt 0.00000000 -2.84999990
vt 0.00000000 -2.91499996
vt -0.74500000 -2.71537805
vt -0.71249998 -2.65908599
vt -1.29037797 -2.17000008
vt -1.23408604 -2.13750005
vt -1.49000001 -1.42499995
vt -1.42499995 -1.42499995
vt -1.23408604 -0.71249998
vt -1.29037797 -0.68000001
vt -0.71249998 -0.19091401
vt -0.00999999 -0.74612802
vt 0.00999999 -0.74612802
vt -0.00999999 0.00000000
vt 0.00999999 0.00000000
vt -0.00999999 0.74612802
vt 0.00999999 0.74612802
vt -0.00999999 1.49225700
vt 0.00999999 1.49225700
vt -0.00999999 2.23838496
vt 0.00999999 2.23838496
vt -0.00999999 2.98451304
vt 0.00999999 2.98451304
vt -0.00999999 3.73064089
vt 0.00999999 3.73064089
vt -0.00999999 4.47676897
vt 0.00999999 4.47676897
vt -0.00999999 -4.47676897
vt 0.00999999 -4.47676897
vt -0.00999999 -3.73064089
vt 0.00999999 -3.73064089
vt -0.00999999 -2.98451304
vt 0.00999999 -2.98451304
vt -0.00999999 -2.23838496
vt 0.00999999 -2.23838496
vt -0.00999999 -1.49225700
vt 0.00999999 -1.49225700
vt -0.19855601 -0.73376203
vt 0.19855601 -0.67261499
vt -0.19855601 0.00000000
vt 0.19855601 0.00000000
vt 0.19855601 0.67261499
vt 0.19855601 -1.34522998
vt -0.19855601 -1.46752405
vt 0.19855601 -2.01784492
vt -0.19855601 -2.20128489
vt 0.19855601 -2.69045997
vt -0.19855601 -2.93504691
vt 0.19855601 -3.36307502
vt -0.19855601 -3.66880894
vt 0.19855601 -4.03568983
vt 0.19855601 4.03568983
vt -0.19855601 4.40257120
vt -0.19855601 3.66880894
vt 0.19855601 3.36307502
vt -0.19855601 2.93504691
vt 0.19855601 2.69045997
vt -0.19855601 2.20128489
vt 0.19855601 2.01784492
vt -0.19855601 1.46752405
vt 0.19855601 1.34522998
vt -0.19855601 0.73376203
vt 0.64342499 -0.20906100
vt 0.61860102 -0.13209800
vt 0.00000000 0.00000000
vt 0.00000000 0.04953998
vt -0.61860102 -0.13209800
vt 1.04080105 -0.61934203
vt 1.04108298 -0.75639099
vt 1.13255405 -1.25749695
vt 1.04108298 -1.43292904
vt 0.86472899 -1.84395194
vt 0.64342499 -1.98025799
vt 0.32235801 -2.19251204
vt 0.00000000 -2.18932009
vt -0.32235801 -2.19251204
vt -0.64342499 -1.98025799
vt -0.86472899 -1.84395194
vt -1.04108298 -1.43292904
vt -1.13255405 -1.25749695
vt -1.04108298 -0.75639099
vt -1.04080105 -0.61934203
vt -0.64342499 -0.20906100
vt -0.01414197 -0.68151200
vt 0.01414197 0.00000000
vt -0.01414197 0.00000000
vt 0.01414197 0.68151200
vt -0.01414197 0.68151200
vt 0.01414197 1.36302400
vt -0.01414197 1.36302400
vt 0.01414197 2.04453611
vt -0.01414197 2.04453611
vt 0.01414197 2.72604799
vt -0.01414197 2.72604799
vt 0.01414197 3.40756011
vt -0.01414197 3.40756011
vt -0.01414197 -3.40756011
vt 0.01414197 -3.40756011
vt 0.01414197 -2.72604799
vt -0.01414197 -2.72604799
vt 0.01414197 -2.04453611
vt -0.01414197 -2.04453611
vt 0.01414197 -1.36302400
vt -0.01414197 -1.36302400
vt 0.01414197 -0.68151200
vt 1.29999995 0.40000001
vt 1.50000000 0.40000001
vt 1.29999995 0.82499999
vt 1.50000000 1.50000000
vt 0.82499999 1.29999995
vt 0.40000001 1.50000000
vt 0.40000001 1.29999995
vt 0.82499999 0.96642101
vt 0.96642101 0.82499999
vt 0.45857900 0.60000002
vt 0.60000002 0.45857900
vt 0.29444900 0.17000000
vt 0.33483499 -0.05903995
vt 0.11628700 0.31949499
vt -0.45857900 0.60000002
vt -0.11628700 0.31949499
vt -0.29444900 0.17000000
vt -0.60000002 0.45857900
vt -0.33483499 -0.05903995
vt -0.60000002 -0.45857900
vt -0.21854790 -0.26045501
vt -0.45857900 -0.60000002
vt 0.00000000 -0.34000000
vt 0.45857900 -0.60000002
vt 0.21854790 -0.26045501
vt 0.60000002 -0.45857900
vt -0.96642101 0.82499999
vt -0.82499999 0.96642101
vt -1.29999995 0.82499999
vt -0.82499999 1.29999995
vt -1.50000000 1.50000000
vt -0.40000001 1.50000000
vt -0.40000001 1.29999995
vt -1.50000000 0.40000001
vt -1.29999995 0.40000001
vt -0.96642101 -0.82499999
vt -0.82499999 -0.96642101
vt -1.29999995 -0.82499999
vt -0.82499999 -1.29999995
vt -1.50000000 -1.50000000
vt -0.40000001 -1.50000000
vt -1.29999995 -0.40000001
vt -1.50000000 -0.40000001
vt -0.40000001 -1.29999995
vt 0.96642101 -0.82499999
vt 0.82499999 -0.96642101
vt 1.29999995 -0.82499999
vt 0.82499999 -1.29999995
vt 1.50000000 -1.50000000
vt 0.40000001 -1.50000000
vt 0.40000001 -1.29999995
vt 1.50000000 -0.40000001
vt 1.29999995 -0.40000001
vt -31.39999962 0.83077699
vt 31.39999962 0.83077699
vt -31.39999962 1.06814206
vt 31.39999962 1.06814206
vt -31.39999962 -1.06814206
vt 31.39999962 -1.06814206
vt -31.39999962 -0.83077699
vt 31.39999962 -0.83077699
vt -31.39999962 -0.59341198
vt 31.39999962 -0.59341198
vt -31.39999962 -0.35604700
vt 31.39999962 -0.35604700
vt -31.39999962 -0.11868200
vt 31.39999962 -0.11868200
vt -31.39999962 0.11868200
vt 31.39999962 0.11868200
vt -31.39999962 0.35604700
vt 31.39999962 0.35604700
vt -31.39999962 0.59341198
vt 31.39999962 0.59341198
vt 0.20000000 31.39999962
vt 0.00000000 31.39999962
vt 0.20000000 -31.39999962
vt 0.00000000 -31.39999962
vt 1.10000002 31.39999962
vt 0.00000000 31.39999962
vt 1.10000002 -31.39999962
vt 0.00000000 -31.39999962
vt 0.20000000 31.39999962
vt 0.00000000 31.39999962
vt 0.20000000 -31.39999962
vt 0.00000000 -31.39999962
vt 0.42500001 31.39999962
vt 0.00000000 31.39999962
vt 0.42500001 -31.39999962
vt 0.00000000 -31.39999962
vt 0.33357900 31.39999962
vt 0.00000000 31.39999962
vt 0.33357900 -31.39999962
vt 0.00000000 -31.39999962
vt 0.51819801 31.39999962
vt 0.00000000 31.39999962
vt 0.51819801 -31.39999962
vt 0.00000000 -31.39999962
vt 0.91715699 31.39999962
vt 0.00000000 31.39999962
vt 0.91715699 -31.39999962
vt 0.00000000 -31.39999962
vt 0.51819801 31.39999962
vt 0.00000000 31.39999962
vt 0.51819801 -31.39999962
vt 0.00000000 -31.39999962
vt 0.33357900 31.39999962
vt 0.00000000 31.39999962
vt 0.33357900 -31.39999962
vt 0.00000000 -31.39999962
vt 0.42500001 31.39999962
vt 0.00000000 31.39999962
vt 0.42500001 -31.39999962
vt 0.00000000 -31.39999962
vt 0.20000000 31.39999962
vt 0.00000000 31.39999962
vt 0.20000000 -31.39999962
vt 0.00000000 -31.39999962
vt 1.10000002 31.39999962
vt 0.00000000 31.39999962
vt 1.10000002 -31.39999962
vt 0.00000000 -31.39999962
vt 1.10000002 31.39999962
vt 0.00000000 31.39999962
vt 1.10000002 -31.39999962
vt 0.00000000 -31.39999962
vt 0.20000000 31.39999962
vt 0.00000000 31.39999962
vt 0.20000000 -31.39999962
vt 0.00000000 -31.39999962
vt 0.42500001 31.39999962
vt 0.00000000 31.39999962
vt 0.42500001 -31.39999962
vt 0.00000000 -31.39999962
vt 0.33357900 31.39999962
vt 0.00000000 31.39999962
vt 0.33357900 -31.39999962
vt 0.00000000 -31.39999962
vt 0.51819801 31.39999962
vt 0.00000000 31.39999962
vt 0.51819801 -31.39999962
vt 0.00000000 -31.39999962
vt 0.91715699 31.39999962
vt 0.00000000 31.39999962
vt 0.91715699 -31.39999962
vt 0.00000000 -31.39999962
vt 0.51819801 31.39999962
vt 0.00000000 31.39999962
vt 0.51819801 -31.39999962
vt 0.00000000 -31.39999962
vt 0.33357900 31.39999962
vt 0.00000000 31.39999962
vt 0.33357900 -31.39999962
vt 0.00000000 -31.39999962
vt 0.42500001 31.39999962
vt 0.00000000 31.39999962
vt 0.42500001 -31.39999962
vt 0.00000000 -31.39999962
vt 0.20000000 31.39999962
vt 0.00000000 31.39999962
vt 0.20000000 -31.39999962
vt 0.00000000 -31.39999962
vt 1.10000002 31.39999962
vt 0.00000000 31.39999962
vt 1.10000002 -31.39999962
vt 0.00000000 -31.39999962
vt 1.10000002 31.39999962
vt 0.00000000 31.39999962
vt 1.10000002 -31.39999962
vt 0.00000000 -31.39999962
vt 0.20000000 31.39999962
vt 0.00000000 31.39999962
vt 0.20000000 -31.39999962
vt 0.00000000 -31.39999962
vt 0.42500001 31.39999962
vt 0.00000000 31.39999962
vt 0.42500001 -31.39999962
vt 0.00000000 -31.39999962
vt 0.33357900 31.39999962
vt 0.00000000 31.39999962
vt 0.33357900 -31.39999962
vt 0.00000000 -31.39999962
vt 0.51819801 31.39999962
vt 0.00000000 31.39999962
vt 0.51819801 -31.39999962
vt 0.00000000 -31.39999962
vt 0.91715699 31.39999962
vt 0.00000000 31.39999962
vt 0.91715699 -31.39999962
vt 0.00000000 -31.39999962
vt 0.51819801 31.39999962
vt 0.00000000 31.39999962
vt 0.51819801 -31.39999962
vt 0.00000000 -31.39999962
vt 0.33357900 31.39999962
vt 0.00000000 31.39999962
vt 0.33357900 -31.39999962
vt 0.00000000 -31.39999962
vt 0.42500001 31.39999962
vt 0.00000000 31.39999962
vt 0.42500001 -31.39999962
vt 0.00000000 -31.39999962
vt 0.20000000 31.39999962
vt 0.00000000 31.39999962
vt 0.20000000 -31.39999962
vt 0.00000000 -31.39999962
vt 1.10000002 31.39999962
vt 0.00000000 31.39999962
vt 1.10000002 -31.39999962
vt 0.00000000 -31.39999962
vt 0.20000000 31.39999962
vt 0.00000000 31.39999962
vt 0.20000000 -31.39999962
vt 0.00000000 -31.39999962
vt 0.42500001 31.39999962
vt 0.00000000 31.39999962
vt 0.42500001 -31.39999962
vt 0.00000000 -31.39999962
vt 0.33357900 31.39999962
vt 0.00000000 31.39999962
vt 0.33357900 -31.39999962
vt 0.00000000 -31.39999962
vt 0.51819801 31.39999962
vt 0.00000000 31.39999962
vt 0.51819801 -31.39999962
vt 0.00000000 -31.39999962
vt 0.91715699 31.39999962
vt 0.00000000 31.39999962
vt 0.91715699 -31.39999962
vt 0.00000000 -31.39999962
vt 0.51819801 31.39999962
vt 0.00000000 31.39999962
vt 0.51819801 -31.39999962
vt 0.00000000 -31.39999962
vt 0.33357900 31.39999962
vt 0.00000000 31.39999962
vt 0.33357900 -31.39999962
vt 0.00000000 -31.39999962
vt 0.42500001 31.39999962
vt 0.00000000 31.39999962
vt 0.42500001 -31.39999962
vt 0.00000000 -31.39999962
vt -1.29999995 0.40000001
vt -1.29999995 0.82499999
vt -1.50000000 0.40000001
vt -1.50000000 1.50000000
vt -0.82499999 1.29999995
vt -0.40000001 1.50000000
vt -0.40000001 1.29999995
vt -0.82499999 0.96642101
vt -0.96642101 0.82499999
vt -0.45857900 0.60000002
vt -0.60000002 0.45857900
vt -0.29444900 0.17000000
vt -0.33483499 -0.05903995
vt -0.60000002 -0.45857900
vt -0.21854790 -0.26045501
vt -0.45857900 -0.60000002
vt 0.00000000 -0.34000000
vt 0.45857900 -0.60000002
vt 0.21854790 -0.26045501
vt 0.60000002 -0.45857900
vt 0.33483499 -0.05903995
vt 0.60000002 0.45857900
vt 0.29444900 0.17000000
vt 0.45857900 0.60000002
vt 0.11628700 0.31949499
vt -0.11628700 0.31949499
vt -0.96642101 -0.82499999
vt -0.82499999 -0.96642101
vt -1.29999995 -0.82499999
vt -0.82499999 -1.29999995
vt -1.50000000 -1.50000000
vt -0.40000001 -1.50000000
vt -1.29999995 -0.40000001
vt -1.50000000 -0.40000001
vt -0.40000001 -1.29999995
vt 0.96642101 -0.82499999
vt 0.82499999 -0.96642101
vt 1.29999995 -0.82499999
vt 0.82499999 -1.29999995
vt 1.50000000 -1.50000000
vt 0.40000001 -1.50000000
vt 0.40000001 -1.29999995
vt 1.50000000 -0.40000001
vt 1.29999995 -0.40000001
vt 0.96642101 0.82499999
vt 0.82499999 0.96642101
vt 1.29999995 0.82499999
vt 0.82499999 1.29999995
vt 1.50000000 1.50000000
vt 0.40000001 1.50000000
vt 1.29999995 0.40000001
vt 1.50000000 0.40000001
vt 0.40000001 1.29999995
vt 0.40000001 -1.29999995
vt 0.40000001 -1.50000000
vt 0.82499999 -1.29999995
vt 1.50000000 -1.50000000
vt 1.29999995 -0.82499999
vt 1.50000000 -0.40000001
vt 1.29999995 -0.40000001
vt 0.82499999 -0.96642101
vt 0.96642101 -0.82499999
vt 0.45857900 -0.60000002
vt 0.60000002 -0.45857900
vt 0.21854790 -0.26045501
vt 0.33483499 -0.05903995
vt 0.60000002 0.45857900
vt 0.29444900 0.17000000
vt 0.45857900 0.60000002
vt 0.11628700 0.31949499
vt -0.45857900 0.60000002
vt -0.11628700 0.31949499
vt -0.29444900 0.17000000
vt -0.60000002 0.45857900
vt -0.33483499 -0.05903995
vt -0.60000002 -0.45857900
vt -0.21854790 -0.26045501
vt -0.45857900 -0.60000002
vt 0.00000000 -0.34000000
vt 0.96642101 0.82499999
vt 0.82499999 0.96642101
vt 1.29999995 0.82499999
vt 0.82499999 1.29999995
vt 1.50000000 1.50000000
vt 0.40000001 1.50000000
vt 1.29999995 0.40000001
vt 1.50000000 0.40000001
vt 0.40000001 1.29999995
vt -0.96642101 0.82499999
vt -0.82499999 0.96642101
vt -1.29999995 0.82499999
vt -0.82499999 1.29999995
vt -1.50000000 1.50000000
vt -0.40000001 1.50000000
vt -0.40000001 1.29999995
vt -1.50000000 0.40000001
vt -1.29999995 0.40000001
vt -0.96642101 -0.82499999
vt -0.82499999 -0.96642101
vt -1.29999995 -0.82499999
vt -0.82499999 -1.29999995
vt -1.50000000 -1.50000000
vt -0.40000001 -1.50000000
vt -1.29999995 -0.40000001
vt -1.50000000 -0.40000001
vt -0.40000001 -1.29999995
vt -31.39999962 0.83077699
vt 31.39999962 0.83077699
vt -31.39999962 1.06814206
vt 31.39999962 1.06814206
vt -31.39999962 -1.06814206
vt 31.39999962 -1.06814206
vt -31.39999962 -0.83077699
vt 31.39999962 -0.83077699
vt -31.39999962 -0.59341198
vt 31.39999962 -0.59341198
vt -31.39999962 -0.35604700
vt 31.39999962 -0.35604700
vt -31.39999962 -0.11868200
vt 31.39999962 -0.11868200
vt -31.39999962 0.11868200
vt 31.39999962 0.11868200
vt -31.39999962 0.35604700
vt 31.39999962 0.35604700
vt -31.39999962 0.59341198
vt 31.39999962 0.59341198
vt 0.20000000 31.39999962
vt 0.00000000 31.39999962
vt 0.20000000 -31.39999962
vt 0.00000000 -31.39999962
vt 1.10000002 31.39999962
vt 0.00000000 31.39999962
vt 1.10000002 -31.39999962
vt 0.00000000 -31.39999962
vt 0.20000000 31.39999962
vt 0.00000000 31.39999962
vt 0.20000000 -31.39999962
vt 0.00000000 -31.39999962
vt 0.42500001 31.39999962
vt 0.00000000 31.39999962
vt 0.42500001 -31.39999962
vt 0.00000000 -31.39999962
vt 0.33357900 31.39999962
vt 0.00000000 31.39999962
vt 0.33357900 -31.39999962
vt 0.00000000 -31.39999962
vt 0.51819801 31.39999962
vt 0.00000000 31.39999962
vt 0.51819801 -31.39999962
vt 0.00000000 -31.39999962
vt 0.91715699 31.39999962
vt 0.00000000 31.39999962
vt 0.91715699 -31.39999962
vt 0.00000000 -31.39999962
vt 0.51819801 31.39999962
vt 0.00000000 31.39999962
vt 0.51819801 -31.39999962
vt 0.00000000 -31.39999962
vt 0.33357900 31.39999962
vt 0.00000000 31.39999962
vt 0.33357900 -31.39999962
vt 0.00000000 -31.39999962
vt 0.42500001 31.39999962
vt 0.00000000 31.39999962
vt 0.42500001 -31.39999962
vt 0.00000000 -31.39999962
vt 0.20000000 31.39999962
vt 0.00000000 31.39999962
vt 0.20000000 -31.39999962
vt 0.00000000 -31.39999962
vt 1.10000002 31.39999962
vt 0.00000000 31.39999962
vt 1.10000002 -31.39999962
vt 0.00000000 -31.39999962
vt 0.20000000 31.39999962
vt 0.00000000 31.39999962
vt 0.20000000 -31.39999962
vt 0.00000000 -31.39999962
vt 0.42500001 31.39999962
vt 0.00000000 31.39999962
vt 0.42500001 -31.39999962
vt 0.00000000 -31.39999962
vt 0.33357900 31.39999962
vt 0.00000000 31.39999962
vt 0.33357900 -31.39999962
vt 0.00000000 -31.39999962
vt 0.51819801 31.39999962
vt 0.00000000 31.39999962
vt 0.51819801 -31.39999962
vt 0.00000000 -31.39999962
vt 0.91715699 31.39999962
vt 0.00000000 31.39999962
vt 0.91715699 -31.39999962
vt 0.00000000 -31.39999962
vt 0.51819801 31.39999962
vt 0.00000000 31.39999962
vt 0.51819801 -31.39999962
vt 0.00000000 -31.39999962
vt 0.33357900 31.39999962
vt 0.00000000 31.39999962
vt 0.33357900 -31.39999962
vt 0.00000000 -31.39999962
vt 0.42500001 31.39999962
vt 0.00000000 31.39999962
vt 0.42500001 -31.39999962
vt 0.00000000 -31.39999962
vt 0.20000000 31.39999962
vt 0.00000000 31.39999962
vt 0.20000000 -31.39999962
vt 0.00000000 -31.39999962
vt 1.10000002 31.39999962
vt 0.00000000 31.39999962
vt 1.10000002 -31.39999962
vt 0.00000000 -31.39999962
vt 1.10000002 31.39999962
vt 0.00000000 31.39999962
vt 1.10000002 -31.39999962
vt 0.00000000 -31.39999962
vt 0.20000000 31.39999962
vt 0.00000000 31.39999962
vt 0.20000000 -31.39999962
vt 0.00000000 -31.39999962
vt 0.42500001 31.39999962
vt 0.00000000 31.39999962
vt 0.42500001 -31.39999962
vt 0.00000000 -31.39999962
vt 0.33357900 31.39999962
vt 0.00000000 31.39999962
vt 0.33357900 -31.39999962
vt 0.00000000 -31.39999962
vt 0.51819801 31.39999962
vt 0.00000000 31.39999962
vt 0.51819801 -31.39999962
vt 0.00000000 -31.39999962
vt 0.91715699 31.39999962
vt 0.00000000 31.39999962
vt 0.91715699 -31.39999962
vt 0.00000000 -31.39999962
vt 0.51819801 31.39999962
vt 0.00000000 31.39999962
vt 0.51819801 -31.39999962
vt 0.00000000 -31.39999962
vt 0.33357900 31.39999962
vt 0.00000000 31.39999962
vt 0.33357900 -31.39999962
vt 0.00000000 -31.39999962
vt 0.42500001 31.39999962
vt 0.00000000 31.39999962
vt 0.42500001 -31.39999962
vt 0.00000000 -31.39999962
vt 0.20000000 31.39999962
vt 0.00000000 31.39999962
vt 0.20000000 -31.39999962
vt 0.00000000 -31.39999962
vt 1.10000002 31.39999962
vt 0.00000000 31.39999962
vt 1.10000002 -31.39999962
vt 0.00000000 -31.39999962
vt 1.10000002 31.39999962
vt 0.00000000 31.39999962
vt 1.10000002 -31.39999962
vt 0.00000000 -31.39999962
vt 0.20000000 31.39999962
vt 0.00000000 31.39999962
vt 0.20000000 -31.39999962
vt 0.00000000 -31.39999962
vt 0.42500001 31.39999962
vt 0.00000000 31.39999962
vt 0.42500001 -31.39999962
vt 0.00000000 -31.39999962
vt 0.33357900 31.39999962
vt 0.00000000 31.39999962
vt 0.33357900 -31.39999962
vt 0.00000000 -31.39999962
vt 0.51819801 31.39999962
vt 0.00000000 31.39999962
vt 0.51819801 -31.39999962
vt 0.00000000 -31.39999962
vt 0.91715699 31.39999962
vt 0.00000000 31.39999962
vt 0.91715699 -31.39999962
vt 0.00000000 -31.39999962
vt 0.51819801 31.39999962
vt 0.00000000 31.39999962
vt 0.51819801 -31.39999962
vt 0.00000000 -31.39999962
vt 0.33357900 31.39999962
vt 0.00000000 31.39999962
vt 0.33357900 -31.39999962
vt 0.00000000 -31.39999962
vt 0.42500001 31.39999962
vt 0.00000000 31.39999962
vt 0.42500001 -31.39999962
vt 0.00000000 -31.39999962
vt -0.40000001 -1.29999995
vt -0.82499999 -1.29999995
vt -0.40000001 -1.50000000
vt -1.50000000 -1.50000000
vt -1.29999995 -0.82499999
vt -1.50000000 -0.40000001
vt -1.29999995 -0.40000001
vt -0.82499999 -0.96642101
vt -0.96642101 -0.82499999
vt -0.45857900 -0.60000002
vt -0.60000002 -0.45857900
vt -0.21854790 -0.26045501
vt -0.33483499 -0.05903995
vt 0.00000000 -0.34000000
vt 0.45857900 -0.60000002
vt 0.21854790 -0.26045501
vt 0.60000002 -0.45857900
vt 0.33483499 -0.05903995
vt 0.60000002 0.45857900
vt 0.29444900 0.17000000
vt 0.45857900 0.60000002
vt 0.11628700 0.31949499
vt -0.45857900 0.60000002
vt -0.11628700 0.31949499
vt -0.29444900 0.17000000
vt -0.60000002 0.45857900
vt 0.96642101 -0.82499999
vt 0.82499999 -0.96642101
vt 1.29999995 -0.82499999
vt 0.82499999 -1.29999995
vt 1.50000000 -1.50000000
vt 0.40000001 -1.50000000
vt 0.40000001 -1.29999995
vt 1.50000000 -0.40000001
vt 1.29999995 -0.40000001
vt 0.96642101 0.82499999
vt 0.82499999 0.96642101
vt 1.29999995 0.82499999
vt 0.82499999 1.29999995
vt 1.50000000 1.50000000
vt 0.40000001 1.50000000
vt 1.29999995 0.40000001
vt 1.50000000 0.40000001
vt 0.40000001 1.29999995
vt -0.96642101 0.82499999
vt -0.82499999 0.96642101
vt -1.29999995 0.82499999
vt -0.82499999 1.29999995
vt -1.50000000 1.50000000
vt -0.40000001 1.50000000
vt -0.40000001 1.29999995
vt -1.50000000 0.40000001
vt -1.29999995 0.40000001
vt 0.40000001 -1.29999995
vt 0.40000001 -1.50000000
vt 0.82499999 -1.29999995
vt 1.50000000 -1.50000000
vt 1.29999995 -0.82499999
vt 1.50000000 -0.40000001
vt 1.29999995 -0.40000001
vt 0.82499999 -0.96642101
vt 0.96642101 -0.82499999
vt 0.45857900 -0.60000002
vt 0.60000002 -0.45857900
vt 0.21854790 -0.26045501
vt 0.33483499 -0.05903995
vt 0.60000002 0.45857900
vt 0.29444900 0.17000000
vt 0.45857900 0.60000002
vt 0.11628700 0.31949499
vt -0.45857900 0.60000002
vt -0.11628700 0.31949499
vt -0.29444900 0.17000000
vt -0.60000002 0.45857900
vt -0.33483499 -0.05903995
vt -0.60000002 -0.45857900
vt -0.21854790 -0.26045501
vt -0.45857900 -0.60000002
vt 0.00000000 -0.34000000
vt 0.96642101 0.82499999
vt 0.82499999 0.96642101
vt 1.29999995 0.82499999
vt 0.82499999 1.29999995
vt 1.50000000 1.50000000
vt 0.40000001 1.50000000
vt 1.29999995 0.40000001
vt 1.50000000 0.40000001
vt 0.40000001 1.29999995
vt -0.96642101 0.82499999
vt -0.82499999 0.96642101
vt -1.29999995 0.82499999
vt -0.82499999 1.29999995
vt -1.50000000 1.50000000
vt -0.40000001 1.50000000
vt -0.40000001 1.29999995
vt -1.50000000 0.40000001
vt -1.29999995 0.40000001
vt -0.96642101 -0.82499999
vt -0.82499999 -0.96642101
vt -1.29999995 -0.82499999
vt -0.82499999 -1.29999995
vt -1.50000000 -1.50000000
vt -0.40000001 -1.50000000
vt -1.29999995 -0.40000001
vt -1.50000000 -0.40000001
vt -0.40000001 -1.29999995
vt -31.39999962 0.83077699
vt 31.39999962 0.83077699
vt -31.39999962 1.06814206
vt 31.39999962 1.06814206
vt -31.39999962 -1.06814206
vt 31.39999962 -1.06814206
vt -31.39999962 -0.83077699
vt 31.39999962 -0.83077699
vt -31.39999962 -0.59341198
vt 31.39999962 -0.59341198
vt -31.39999962 -0.35604700
vt 31.39999962 -0.35604700
vt -31.39999962 -0.11868200
vt 31.39999962 -0.11868200
vt -31.39999962 0.11868200
vt 31.39999962 0.11868200
vt -31.39999962 0.35604700
vt 31.39999962 0.35604700
vt -31.39999962 0.59341198
vt 31.39999962 0.59341198
vt 0.20000000 31.39999962
vt 0.00000000 31.39999962
vt 0.20000000 -31.39999962
vt 0.00000000 -31.39999962
vt 1.10000002 31.39999962
vt 0.00000000 31.39999962
vt 1.10000002 -31.39999962
vt 0.00000000 -31.39999962
vt 0.20000000 31.39999962
vt 0.00000000 31.39999962
vt 0.20000000 -31.39999962
vt 0.00000000 -31.39999962
vt 0.42500001 31.39999962
vt 0.00000000 31.39999962
vt 0.42500001 -31.39999962
vt 0.00000000 -31.39999962
vt 0.33357900 31.39999962
vt 0.00000000 31.39999962
vt 0.33357900 -31.39999962
vt 0.00000000 -31.39999962
vt 0.51819801 31.39999962
vt 0.00000000 31.39999962
vt 0.51819801 -31.39999962
vt 0.00000000 -31.39999962
vt 0.91715699 31.39999962
vt 0.00000000 31.39999962
vt 0.91715699 -31.39999962
vt 0.00000000 -31.39999962
vt 0.51819801 31.39999962
vt 0.00000000 31.39999962
vt 0.51819801 -31.39999962
vt 0.00000000 -31.39999962
vt 0.33357900 31.39999962
vt 0.00000000 31.39999962
vt 0.33357900 -31.39999962
vt 0.00000000 -31.39999962
vt 0.42500001 31.39999962
vt 0.00000000 31.39999962
vt 0.42500001 -31.39999962
vt 0.00000000 -31.39999962
vt 0.20000000 31.39999962
vt 0.00000000 31.39999962
vt 0.20000000 -31.39999962
vt 0.00000000 -31.39999962
vt 1.10000002 31.39999962
vt 0.00000000 31.39999962
vt 1.10000002 -31.39999962
vt 0.00000000 -31.39999962
vt 0.20000000 31.39999962
vt 0.00000000 31.39999962
vt 0.20000000 -31.39999962
vt 0.00000000 -31.39999962
vt 0.42500001 31.39999962
vt 0.00000000 31.39999962
vt 0.42500001 -31.39999962
vt 0.00000000 -31.39999962
vt 0.33357900 31.39999962
vt 0.00000000 31.39999962
vt 0.33357900 -31.39999962
vt 0.00000000 -31.39999962
vt 0.51819801 31.39999962
vt 0.00000000 31.39999962
vt 0.51819801 -31.39999962
vt 0.00000000 -31.39999962
vt 0.91715699 31.39999962
vt 0.00000000 31.39999962
vt 0.91715699 -31.39999962
vt 0.00000000 -31.39999962
vt 0.51819801 31.39999962
vt 0.00000000 31.39999962
vt 0.51819801 -31.39999962
vt 0.00000000 -31.39999962
vt 0.33357900 31.39999962
vt 0.00000000 31.39999962
vt 0.33357900 -31.39999962
vt 0.00000000 -31.39999962
vt 0.42500001 31.39999962
vt 0.00000000 31.39999962
vt 0.42500001 -31.39999962
vt 0.00000000 -31.39999962
vt 0.20000000 31.39999962
vt 0.00000000 31.39999962
vt 0.20000000 -31.39999962
vt 0.00000000 -31.39999962
vt 1.10000002 31.39999962
vt 0.00000000 31.39999962
vt 1.10000002 -31.39999962
vt 0.00000000 -31.39999962
vt 1.10000002 31.39999962
vt 0.00000000 31.39999962
vt 1.10000002 -31.39999962
vt 0.00000000 -31.39999962
vt 0.20000000 31.39999962
vt 0.00000000 31.39999962
vt 0.20000000 -31.39999962
vt 0.00000000 -31.39999962
vt 0.42500001 31.39999962
vt 0.00000000 31.39999962
vt 0.42500001 -31.39999962
vt 0.00000000 -31.39999962
vt 0.33357900 31.39999962
vt 0.00000000 31.39999962
vt 0.33357900 -31.39999962
vt 0.00000000 -31.39999962
vt 0.51819801 31.39999962
vt 0.00000000 31.39999962
vt 0.51819801 -31.39999962
vt 0.00000000 -31.39999962
vt 0.91715699 31.39999962
vt 0.00000000 31.39999962
vt 0.91715699 -31.39999962
vt 0.00000000 -31.39999962
vt 0.51819801 31.39999962
vt 0.00000000 31.39999962
vt 0.51819801 -31.39999962
vt 0.00000000 -31.39999962
vt 0.33357900 31.39999962
vt 0.00000000 31.39999962
vt 0.33357900 -31.39999962
vt 0.00000000 -31.39999962
vt 0.42500001 31.39999962
vt 0.00000000 31.39999962
vt 0.42500001 -31.39999962
vt 0.00000000 -31.39999962
vt 0.20000000 31.39999962
vt 0.00000000 31.39999962
vt 0.20000000 -31.39999962
vt 0.00000000 -31.39999962
vt 1.10000002 31.39999962
vt 0.00000000 31.39999962
vt 1.10000002 -31.39999962
vt 0.00000000 -31.39999962
vt 1.10000002 31.39999962
vt 0.00000000 31.39999962
vt 1.10000002 -31.39999962
vt 0.00000000 -31.39999962
vt 0.20000000 31.39999962
vt 0.00000000 31.39999962
vt 0.20000000 -31.39999962
vt 0.00000000 -31.39999962
vt 0.42500001 31.39999962
vt 0.00000000 31.39999962
vt 0.42500001 -31.39999962
vt 0.00000000 -31.39999962
vt 0.33357900 31.39999962
vt 0.00000000 31.39999962
vt 0.33357900 -31.39999962
vt 0.00000000 -31.39999962
vt 0.51819801 31.39999962
vt 0.00000000 31.39999962
vt 0.51819801 -31.39999962
vt 0.00000000 -31.39999962
vt 0.91715699 31.39999962
vt 0.00000000 31.39999962
vt 0.91715699 -31.39999962
vt 0.00000000 -31.39999962
vt 0.51819801 31.39999962
vt 0.00000000 31.39999962
vt 0.51819801 -31.39999962
vt 0.00000000 -31.39999962
vt 0.33357900 31.39999962
vt 0.00000000 31.39999962
vt 0.33357900 -31.39999962
vt 0.00000000 -31.39999962
vt 0.42500001 31.39999962
vt 0.00000000 31.39999962
vt 0.42500001 -31.39999962
vt 0.00000000 -31.39999962
vt -0.40000001 -1.29999995
vt -0.82499999 -1.29999995
vt -0.40000001 -1.50000000
vt -1.50000000 -1.50000000
vt -1.29999995 -0.82499999
vt -1.50000000 -0.40000001
vt -1.29999995 -0.40000001
vt -0.82499999 -0.96642101
vt -0.96642101 -0.82499999
vt -0.45857900 -0.60000002
vt -0.60000002 -0.45857900
vt -0.21854790 -0.26045501
vt -0.33483499 -0.05903995
vt 0.00000000 -0.34000000
vt 0.45857900 -0.60000002
vt 0.21854790 -0.26045501
vt 0.60000002 -0.45857900
vt 0.33483499 -0.05903995
vt 0.60000002 0.45857900
vt 0.29444900 0.17000000
vt 0.45857900 0.60000002
vt 0.11628700 0.31949499
vt -0.45857900 0.60000002
vt -0.11628700 0.31949499
vt -0.29444900 0.17000000
vt -0.60000002 0.45857900
vt 0.96642101 -0.82499999
vt 0.82499999 -0.96642101
vt 1.29999995 -0.82499999
vt 0.82499999 -1.29999995
vt 1.50000000 -1.50000000
vt 0.40000001 -1.50000000
vt 0.40000001 -1.29999995
vt 1.50000000 -0.40000001
vt 1.29999995 -0.40000001
vt 0.96642101 0.82499999
vt 0.82499999 0.96642101
vt 1.29999995 0.82499999
vt 0.82499999 1.29999995
vt 1.50000000 1.50000000
vt 0.40000001 1.50000000
vt 1.29999995 0.40000001
vt 1.50000000 0.40000001
vt 0.40000001 1.29999995
vt -0.96642101 0.82499999
vt -0.82499999 0.96642101
vt -1.29999995 0.82499999
vt -0.82499999 1.29999995
vt -1.50000000 1.50000000
vt -0.40000001 1.50000000
vt -0.40000001 1.29999995
vt -1.50000000 0.40000001
vt -1.29999995 0.40000001
vt 0.40000001 1.50000000
vt 0.82499999 1.29999995
vt 1.50000000 1.50000000
vt 1.29999995 0.82499999
vt 1.50000000 0.40000001
vt 1.29999995 0.40000001
vt 0.40000001 1.29999995
vt 0.82499999 0.96642101
vt 0.96642101 0.82499999
vt 0.45857900 0.60000002
vt 0.60000002 0.45857900
vt 0.29444900 0.17000000
vt 0.33483499 -0.05903995
vt 0.11628700 0.31949499
vt -0.45857900 0.60000002
vt -0.11628700 0.31949499
vt -0.29444900 0.17000000
vt -0.60000002 0.45857900
vt -0.33483499 -0.05903995
vt -0.60000002 -0.45857900
vt -0.21854790 -0.26045501
vt -0.45857900 -0.60000002
vt 0.00000000 -0.34000000
vt 0.45857900 -0.60000002
vt 0.21854790 -0.26045501
vt 0.60000002 -0.45857900
vt -0.96642101 0.82499999
vt -0.82499999 0.96642101
vt -1.29999995 0.82499999
vt -0.82499999 1.29999995
vt -1.50000000 1.50000000
vt -0.40000001 1.50000000
vt -0.40000001 1.29999995
vt -1.50000000 0.40000001
vt -1.29999995 0.40000001
vt -0.96642101 -0.82499999
vt -0.82499999 -0.96642101
vt -1.29999995 -0.82499999
vt -0.82499999 -1.29999995
vt -1.50000000 -1.50000000
vt -0.40000001 -1.50000000
vt -1.29999995 -0.40000001
vt -1.50000000 -0.40000001
vt -0.40000001 -1.29999995
vt 0.96642101 -0.82499999
vt 0.82499999 -0.96642101
vt 1.29999995 -0.82499999
vt 0.82499999 -1.29999995
vt 1.50000000 -1.50000000
vt 0.40000001 -1.50000000
vt 0.40000001 -1.29999995
vt 1.50000000 -0.40000001
vt 1.29999995 -0.40000001
vt -31.39999962 0.83077699
vt 31.39999962 0.83077699
vt -31.39999962 1.06814206
vt 31.39999962 1.06814206
vt -31.39999962 -1.06814206
vt 31.39999962 -1.06814206
vt -31.39999962 -0.83077699
vt 31.39999962 -0.83077699
vt -31.39999962 -0.59341198
vt 31.39999962 -0.59341198
vt -31.39999962 -0.35604700
vt 31.39999962 -0.35604700
vt -31.39999962 -0.11868200
vt 31.39999962 -0.11868200
vt -31.39999962 0.11868200
vt 31.39999962 0.11868200
vt -31.39999962 0.35604700
vt 31.39999962 0.35604700
vt -31.39999962 0.59341198
vt 31.39999962 0.59341198
vt 0.20000000 31.39999962
vt 0.00000000 31.39999962
vt 0.20000000 -31.39999962
vt 0.00000000 -31.39999962
vt 0.42500001 31.39999962
vt 0.00000000 31.39999962
vt 0.42500001 -31.39999962
vt 0.00000000 -31.39999962
vt 0.33357900 31.39999962
vt 0.00000000 31.39999962
vt 0.33357900 -31.39999962
vt 0.00000000 -31.39999962
vt 0.51819801 31.39999962
vt 0.00000000 31.39999962
vt 0.51819801 -31.39999962
vt 0.00000000 -31.39999962
vt 0.91715699 31.39999962
vt 0.00000000 31.39999962
vt 0.91715699 -31.39999962
vt 0.00000000 -31.39999962
vt 0.51819801 31.39999962
vt 0.00000000 31.39999962
vt 0.51819801 -31.39999962
vt 0.00000000 -31.39999962
vt 0.33357900 31.39999962
vt 0.00000000 31.39999962
vt 0.33357900 -31.39999962
vt 0.00000000 -31.39999962
vt 0.42500001 31.39999962
vt 0.00000000 31.39999962
vt 0.42500001 -31.39999962
vt 0.00000000 -31.39999962
vt 0.20000000 31.39999962
vt 0.00000000 31.39999962
vt 0.20000000 -31.39999962
vt 0.00000000 -31.39999962
vt 1.10000002 31.39999962
vt 0.00000000 31.39999962
vt 1.10000002 -31.39999962
vt 0.00000000 -31.39999962
vt 1.10000002 31.39999962
vt 0.00000000 31.39999962
vt 1.10000002 -31.39999962
vt 0.00000000 -31.39999962
vt 0.20000000 31.39999962
vt 0.00000000 31.39999962
vt 0.20000000 -31.39999962
vt 0.00000000 -31.39999962
vt 0.42500001 31.39999962
vt 0.00000000 31.39999962
vt 0.42500001 -31.39999962
vt 0.00000000 -31.39999962
vt 0.33357900 31.39999962
vt 0.00000000 31.39999962
vt 0.33357900 -31.39999962
vt 0.00000000 -31.39999962
vt 0.51819801 31.39999962
vt 0.00000000 31.39999962
vt 0.51819801 -31.39999962
vt 0.00000000 -31.39999962
vt 0.91715699 31.39999962
vt 0.00000000 31.39999962
vt 0.91715699 -31.39999962
vt 0.00000000 -31.39999962
vt 0.51819801 31.39999962
vt 0.00000000 31.39999962
vt 0.51819801 -31.39999962
vt 0.00000000 -31.39999962
vt 0.33357900 31.39999962
vt 0.00000000 31.39999962
vt 0.33357900 -31.39999962
vt 0.00000000 -31.39999962
vt 0.42500001 31.39999962
vt 0.00000000 31.39999962
vt 0.42500001 -31.39999962
vt 0.00000000 -31.39999962
vt 0.20000000 31.39999962
vt 0.00000000 31.39999962
vt 0.20000000 -31.39999962
vt 0.00000000 -31.39999962
vt 1.10000002 31.39999962
vt 0.00000000 31.39999962
vt 1.10000002 -31.39999962
vt 0.00000000 -31.39999962
vt 1.10000002 31.39999962
vt 0.00000000 31.39999962
vt 1.10000002 -31.39999962
vt 0.00000000 -31.39999962
vt 0.20000000 31.39999962
vt 0.00000000 31.39999962
vt 0.20000000 -31.39999962
vt 0.00000000 -31.39999962
vt 0.42500001 31.39999962
vt 0.00000000 31.39999962
vt 0.42500001 -31.39999962
vt 0.00000000 -31.39999962
vt 0.33357900 31.39999962
vt 0.00000000 31.39999962
vt 0.33357900 -31.39999962
vt 0.00000000 -31.39999962
vt 0.51819801 31.39999962
vt 0.00000000 31.39999962
vt 0.51819801 -31.39999962
vt 0.00000000 -31.39999962
vt 0.91715699 31.39999962
vt 0.00000000 31.39999962
vt 0.91715699 -31.39999962
vt 0.00000000 -31.39999962
vt 0.51819801 31.39999962
vt 0.00000000 31.39999962
vt 0.51819801 -31.39999962
vt 0.00000000 -31.39999962
vt 0.33357900 31.39999962
vt 0.00000000 31.39999962
vt 0.33357900 -31.39999962
vt 0.00000000 -31.39999962
vt 0.42500001 31.39999962
vt 0.00000000 31.39999962
vt 0.42500001 -31.39999962
vt 0.00000000 -31.39999962
vt 0.20000000 31.39999962
vt 0.00000000 31.39999962
vt 0.20000000 -31.39999962
vt 0.00000000 -31.39999962
vt 1.10000002 31.39999962
vt 0.00000000 31.39999962
vt 1.10000002 -31.39999962
vt 0.00000000 -31.39999962
vt 0.20000000 31.39999962
vt 0.00000000 31.39999962
vt 0.20000000 -31.39999962
vt 0.00000000 -31.39999962
vt 0.42500001 31.39999962
vt 0.00000000 31.39999962
vt 0.42500001 -31.39999962
vt 0.00000000 -31.39999962
vt 0.33357900 31.39999962
vt 0.00000000 31.39999962
vt 0.33357900 -31.39999962
vt 0.00000000 -31.39999962
vt 0.51819801 31.39999962
vt 0.00000000 31.39999962
vt 0.51819801 -31.39999962
vt 0.00000000 -31.39999962
vt 0.91715699 31.39999962
vt 0.00000000 31.39999962
vt 0.91715699 -31.39999962
vt 0.00000000 -31.39999962
vt 0.51819801 31.39999962
vt 0.00000000 31.39999962
vt 0.51819801 -31.39999962
vt 0.00000000 -31.39999962
vt 0.33357900 31.39999962
vt 0.00000000 31.39999962
vt 0.33357900 -31.39999962
vt 0.00000000 -31.39999962
vt 0.42500001 31.39999962
vt 0.00000000 31.39999962
vt 0.42500001 -31.39999962
vt 0.00000000 -31.39999962
vt 0.20000000 31.39999962
vt 0.00000000 31.39999962
vt 0.20000000 -31.39999962
vt 0.00000000 -31.39999962
vt 1.10000002 31.39999962
vt 0.00000000 31.39999962
vt 1.10000002 -31.39999962
vt 0.00000000 -31.39999962
vt -0.40000001 1.29999995
vt -0.40000001 1.50000000
vt -0.82499999 1.29999995
vt -1.50000000 1.50000000
vt -1.29999995 0.82499999
vt -1.50000000 0.40000001
vt -1.29999995 0.40000001
vt -0.82499999 0.96642101
vt -0.96642101 0.82499999
vt -0.45857900 0.60000002
vt -0.60000002 0.45857900
vt -0.29444900 0.17000000
vt -0.33483499 -0.05903995
vt -0.60000002 -0.45857900
vt -0.21854790 -0.26045501
vt -0.45857900 -0.60000002
vt 0.00000000 -0.34000000
vt 0.45857900 -0.60000002
vt 0.21854790 -0.26045501
vt 0.60000002 -0.45857900
vt 0.33483499 -0.05903995
vt 0.60000002 0.45857900
vt 0.29444900 0.17000000
vt 0.45857900 0.60000002
vt 0.11628700 0.31949499
vt -0.11628700 0.31949499
vt -0.96642101 -0.82499999
vt -0.82499999 -0.96642101
vt -1.29999995 -0.82499999
vt -0.82499999 -1.29999995
vt -1.50000000 -1.50000000
vt -0.40000001 -1.50000000
vt -1.29999995 -0.40000001
vt -1.50000000 -0.40000001
vt -0.40000001 -1.29999995
vt 0.96642101 -0.82499999
vt 0.82499999 -0.96642101
vt 1.29999995 -0.82499999
vt 0.82499999 -1.29999995
vt 1.50000000 -1.50000000
vt 0.40000001 -1.50000000
vt 0.40000001 -1.29999995
vt 1.50000000 -0.40000001
vt 1.29999995 -0.40000001
vt 0.96642101 0.82499999
vt 0.82499999 0.96642101
vt 1.29999995 0.82499999
vt 0.82499999 1.29999995
vt 1.50000000 1.50000000
vt 0.40000001 1.50000000
vt 1.29999995 0.40000001
vt 1.50000000 0.40000001
vt 0.40000001 1.29999995
f 1/1 2/2 3/3
f 3/3 2/2 4/4
f 3/3 4/4 5/5
f 5/5 4/4 6/6
f 5/5 6/6 7/7
f 7/7 6/6 8/8
f 7/7 8/8 9/9
f 9/9 8/8 10/10
f 9/9 10/10 11/11
f 11/11 10/10 12/12
f 11/11 12/12 13/13
f 13/13 12/12 14/14
f 13/13 14/14 15/15
f 15/15 14/14 16/16
f 17/17 18/18 19/19
f 19/19 18/18 20/20
f 19/19 20/20 21/21
f 21/21 20/20 22/22
f 21/21 22/22 23/23
f 23/23 22/22 24/24
f 23/23 24/24 25/25
f 25/25 24/24 26/26
f 25/25 26/26 1/1
f 1/1 26/26 2/2
f 27/27 28/28 29/29
f 29/29 28/28 30/30
f 29/29 30/30 31/31
f 28/28 27/27 32/32
f 32/32 27/27 33/33
f 32/32 33/33 34/34
f 34/34 33/33 35/35
f 34/34 35/35 36/36
f 36/36 35/35 37/37
f 36/36 37/37 38/38
f 38/38 37/37 39/39
f 38/38 39/39 40/40
f 41/41 42/42 43/43
f 41/41 43/43 44/44
f 44/44 43/43 45/45
f 44/44 45/45 46/46
f 46/46 45/45 47/47
f 46/46 47/47 48/48
f 48/48 47/47 49/49
f 48/48 49/49 50/50
f 50/50 49/49 51/51
f 50/50 51/51 31/31
f 31/31 51/51 29/29
f 52/52 53/53 54/54
f 54/54 53/53 55/55
f 54/54 55/55 56/56
f 53/53 52/52 57/57
f 57/57 52/52 58/58
f 57/57 58/58 59/59
f 59/59 58/58 60/60
f 59/59 60/60 61/61
f 61/61 60/60 62/62
f 61/61 62/62 63/63
f 63/63 62/62 64/64
f 63/63 64/64 65/65
f 65/65 64/64 66/66
f 65/65 66/66 67/67
f 67/67 66/66 68/68
f 67/67 68/68 69/69
f 69/69 68/68 70/70
f 69/69 70/70 71/71
f 71/71 70/70 72/72
f 71/71 72/72 56/56
f 56/56 72/72 54/54
f 73/73 74/74 75/75
f 75/75 74/74 76/76
f 75/75 76/76 77/77
f 78/78 79/79 73/73
f 73/73 79/79 80/80
f 73/73 80/80 81/81
f 82/82 83/83 78/78
f 78/78 83/83 84/84
f 78/78 84/84 79/79
f 75/75 85/85 82/82
f 82/82 85/85 86/86
f 82/82 86/86 83/83
f 81/81 74/74 73/73
f 77/77 87/87 75/75
f 75/75 87/87 88/88
f 75/75 88/88 89/89
f 89/89 90/90 75/75
f 75/75 90/90 85/85
f 91/91 92/92 93/93
f 93/93 92/92 94/94
f 93/93 94/94 95/95
f 92/92 91/91 96/96
f 96/96 91/91 97/97
f 96/96 97/97 98/98
f 98/98 97/97 99/99
f 98/98 99/99 100/100
f 100/100 99/99 101/101
f 100/100 101/101 102/102
f 100/100 102/102 103/103
f 103/103 102/102 104/104
f 103/103 104/104 105/105
f 105/105 104/104 106/106
f 106/106 104/104 107/107
f 106/106 107/107 108/108
f 108/108 107/107 109/109
f 108/108 109/109 110/110
f 110/110 109/109 111/111
f 110/110 111/111 112/112
f 110/110 112/112 113/113
f 113/113 112/112 114/114
f 113/113 114/114 95/95
f 95/95 114/114 93/93
f 115/115 116/116 117/117
f 117/117 116/116 118/118
f 117/117 118/118 119/119
f 116/116 115/115 120/120
f 120/120 115/115 121/121
f 120/120 121/121 122/122
f 122/122 121/121 123/123
f 122/122 123/123 124/124
f 124/124 123/123 125/125
f 124/124 125/125 126/126
f 124/124 126/126 127/127
f 127/127 126/126 128/128
f 127/127 128/128 129/129
f 129/129 128/128 130/130
f 130/130 128/128 131/131
f 130/130 131/131 132/132
f 132/132 131/131 133/133
f 132/132 133/133 134/134
f 134/134 133/133 135/135
f 134/134 135/135 136/136
f 134/134 136/136 137/137
f 137/137 136/136 138/138
f 137/137 138/138 119/119
f 119/119 138/138 117/117
f 139/139 140/140 141/141
f 141/141 140/140 142/142
f 141/141 142/142 143/143
f 143/143 142/142 144/144
f 143/143 144/144 145/145
f 145/145 144/144 146/146
f 145/145 146/146 147/147
f 147/147 146/146 148/148
f 147/147 148/148 149/149
f 149/149 148/148 150/150
f 149/149 150/150 151/151
f 151/151 150/150 152/152
f 151/151 152/152 153/153
f 153/153 152/152 154/154
f 155/155 156/156 157/157
f 157/157 156/156 158/158
f 157/157 158/158 159/159
f 159/159 158/158 160/160
f 159/159 160/160 161/161
f 161/161 160/160 162/162
f 161/161 162/162 163/163
f 163/163 162/162 164/164
f 163/163 164/164 139/139
f 139/139 164/164 140/140
f 165/165 166/166 167/167
f 167/167 166/166 168/168
f 167/167 168/168 169/169
f 166/166 165/165 170/170
f 170/170 165/165 171/171
f 170/170 171/171 172/172
f 172/172 171/171 173/173
f 172/172 173/173 174/174
f 174/174 173/173 175/175
f 174/174 175/175 176/176
f 176/176 175/175 177/177
f 176/176 177/177 178/178
f 179/179 180/180 181/181
f 179/179 181/181 182/182
f 182/182 181/181 183/183
f 182/182 183/183 184/184
f 184/184 183/183 185/185
f 184/184 185/185 186/186
f 186/186 185/185 187/187
f 186/186 187/187 188/188
f 188/188 187/187 189/189
f 188/188 189/189 169/169
f 169/169 189/189 167/167
f 190/190 191/191 192/192
f 192/192 191/191 193/193
f 192/192 193/193 194/194
f 191/191 190/190 195/195
f 195/195 190/190 196/196
f 195/195 196/196 197/197
f 197/197 196/196 198/198
f 197/197 198/198 199/199
f 199/199 198/198 200/200
f 199/199 200/200 201/201
f 201/201 200/200 202/202
f 201/201 202/202 203/203
f 203/203 202/202 204/204
f 203/203 204/204 205/205
f 205/205 204/204 206/206
f 205/205 206/206 207/207
f 207/207 206/206 208/208
f 207/207 208/208 209/209
f 209/209 208/208 210/210
f 209/209 210/210 194/194
f 194/194 210/210 192/192
f 211/211 212/212 213/213
f 213/213 212/212 214/214
f 213/213 214/214 215/215
f 215/215 214/214 216/216
f 215/215 216/216 217/217
f 217/217 216/216 218/218
f 217/217 218/218 219/219
f 219/219 218/218 220/220
f 219/219 220/220 221/221
f 221/221 220/220 222/222
f 221/221 222/222 223/223
f 224/224 225/225 226/226
f 224/224 226/226 227/227
f 227/227 226/226 228/228
f 227/227 228/228 229/229
f 229/229 228/228 230/230
f 229/229 230/230 231/231
f 231/231 230/230 232/232
f 231/231 232/232 211/211
f 211/211 232/232 212/212
f 233/233 234/234 235/235
f 235/235 234/234 236/236
f 235/235 236/236 237/237
f 237/237 236/236 238/238
f 237/237 238/238 239/239
f 237/237 240/240 235/235
f 235/235 240/240 241/241
f 241/241 240/240 242/242
f 241/241 242/242 243/243
f 243/243 242/242 244/244
f 243/243 244/244 245/245
f 244/244 242/242 246/246
f 246/246 242/242 247/247
f 246/246 247/247 248/248
f 248/248 247/247 249/249
f 249/249 247/247 250/250
f 249/249 250/250 251/251
f 251/251 250/250 252/252
f 251/251 252/252 253/253
f 253/253 252/252 254/254
f 253/253 254/254 255/255
f 255/255 254/254 256/256
f 255/255 256/256 257/257
f 257/257 256/256 258/258
f 257/257 258/258 245/245
f 245/245 258/258 243/243
f 250/250 247/247 259/259
f 259/259 247/247 260/260
f 259/259 260/260 261/261
f 261/261 260/260 262/262
f 261/261 262/262 263/263
f 263/263 262/262 264/264
f 264/264 262/262 265/265
f 263/263 266/266 261/261
f 261/261 266/266 267/267
f 252/252 268/268 254/254
f 254/254 268/268 269/269
f 269/269 268/268 270/270
f 269/269 270/270 271/271
f 271/271 270/270 272/272
f 271/271 272/272 273/273
f 274/274 275/275 270/270
f 270/270 275/275 272/272
f 273/273 276/276 271/271
f 258/258 256/256 277/277
f 277/277 256/256 278/278
f 277/277 278/278 279/279
f 279/279 278/278 280/280
f 279/279 280/280 281/281
f 281/281 280/280 282/282
f 282/282 280/280 283/283
f 281/281 284/284 279/279
f 279/279 284/284 285/285
f 286/286 287/287 288/288
f 288/288 287/287 289/289
f 290/290 291/291 292/292
f 292/292 291/291 293/293
f 292/292 293/293 294/294
f 294/294 293/293 295/295
f 294/294 295/295 296/296
f 296/296 295/295 297/297
f 296/296 297/297 298/298
f 298/298 297/297 299/299
f 298/298 299/299 300/300
f 300/300 299/299 301/301
f 300/300 301/301 302/302
f 302/302 301/301 303/303
f 302/302 303/303 304/304
f 304/304 303/303 305/305
f 304/304 305/305 286/286
f 286/286 305/305 287/287
f 306/306 307/307 308/308
f 308/308 307/307 309/309
f 310/310 311/311 312/312
f 312/312 311/311 313/313
f 314/314 315/315 316/316
f 316/316 315/315 317/317
f 318/318 319/319 320/320
f 320/320 319/319 321/321
f 322/322 323/323 324/324
f 324/324 323/323 325/325
f 326/326 327/327 328/328
f 328/328 327/327 329/329
f 330/330 331/331 332/332
f 332/332 331/331 333/333
f 334/334 335/335 336/336
f 336/336 335/335 337/337
f 338/338 339/339 340/340
f 340/340 339/339 341/341
f 342/342 343/343 344/344
f 344/344 343/343 345/345
f 346/346 347/347 348/348
f 348/348 347/347 349/349
f 350/350 351/351 352/352
f 352/352 351/351 353/353
f 354/354 355/355 356/356
f 356/356 355/355 357/357
f 358/358 359/359 360/360
f 360/360 359/359 361/361
f 362/362 363/363 364/364
f 364/364 363/363 365/365
f 366/366 367/367 368/368
f 368/368 367/367 369/369
f 370/370 371/371 372/372
f 372/372 371/371 373/373
f 374/374 375/375 376/376
f 376/376 375/375 377/377
f 378/378 379/379 380/380
f 380/380 379/379 381/381
f 382/382 383/383 384/384
f 384/384 383/383 385/385
f 386/386 387/387 388/388
f 388/388 387/387 389/389
f 390/390 391/391 392/392
f 392/392 391/391 393/393
f 394/394 395/395 396/396
f 396/396 395/395 397/397
f 398/398 399/399 400/400
f 400/400 399/399 401/401
f 402/402 403/403 404/404
f 404/404 403/403 405/405
f 406/406 407/407 408/408
f 408/408 407/407 409/409
f 410/410 411/411 412/412
f 412/412 411/411 413/413
f 414/414 415/415 416/416
f 416/416 415/415 417/417
f 418/418 419/419 420/420
f 420/420 419/419 421/421
f 422/422 423/423 424/424
f 424/424 423/423 425/425
f 426/426 427/427 428/428
f 428/428 427/427 429/429
f 430/430 431/431 432/432
f 432/432 431/431 433/433
f 434/434 435/435 436/436
f 436/436 435/435 437/437
f 438/438 439/439 440/440
f 440/440 439/439 441/441
f 442/442 443/443 444/444
f 444/444 443/443 445/445
f 446/446 447/447 448/448
f 448/448 447/447 449/449
f 450/450 451/451 452/452
f 452/452 451/451 453/453
f 454/454 455/455 456/456
f 456/456 455/455 457/457
f 458/458 459/459 460/460
f 460/460 459/459 461/461
f 462/462 463/463 464/464
f 464/464 463/463 465/465
f 466/466 467/467 468/468
f 468/468 467/467 469/469
f 470/470 471/471 472/472
f 472/472 471/471 473/473
f 474/474 475/475 476/476
f 476/476 475/475 477/477
f 477/477 475/475 478/478
f 477/477 478/478 479/479
f 479/479 478/478 480/480
f 478/478 475/475 481/481
f 481/481 475/475 482/482
f 481/481 482/482 483/483
f 483/483 482/482 484/484
f 483/483 484/484 485/485
f 485/485 484/484 486/486
f 486/486 484/484 487/487
f 486/486 487/487 488/488
f 488/488 487/487 489/489
f 488/488 489/489 490/490
f 490/490 489/489 491/491
f 490/490 491/491 492/492
f 492/492 491/491 493/493
f 492/492 493/493 494/494
f 494/494 493/493 495/495
f 494/494 495/495 496/496
f 496/496 495/495 497/497
f 496/496 497/497 498/498
f 498/498 497/497 483/483
f 498/498 483/483 499/499
f 499/499 483/483 485/485
f 487/487 500/500 489/489
f 489/489 500/500 501/501
f 501/501 500/500 502/502
f 501/501 502/502 503/503
f 503/503 502/502 504/504
f 503/503 504/504 505/505
f 506/506 507/507 502/502
f 502/502 507/507 504/504
f 505/505 508/508 503/503
f 493/493 491/491 509/509
f 509/509 491/491 510/510
f 509/509 510/510 511/511
f 511/511 510/510 512/512
f 511/511 512/512 513/513
f 513/513 512/512 514/514
f 514/514 512/512 515/515
f 513/513 516/516 511/511
f 511/511 516/516 517/517
f 495/495 518/518 497/497
f 497/497 518/518 519/519
f 519/519 518/518 520/520
f 519/519 520/520 521/521
f 521/521 520/520 522/522
f 521/521 522/522 523/523
f 524/524 525/525 520/520
f 520/520 525/525 522/522
f 523/523 526/526 521/521
f 527/527 528/528 529/529
f 529/529 528/528 530/530
f 529/529 530/530 531/531
f 531/531 530/530 532/532
f 531/531 532/532 533/533
f 529/529 531/531 534/534
f 534/534 531/531 535/535
f 534/534 535/535 536/536
f 536/536 535/535 537/537
f 536/536 537/537 538/538
f 538/538 537/537 539/539
f 539/539 537/537 540/540
f 539/539 540/540 541/541
f 541/541 540/540 542/542
f 541/541 542/542 543/543
f 543/543 542/542 544/544
f 543/543 544/544 545/545
f 545/545 544/544 546/546
f 546/546 544/544 547/547
f 546/546 547/547 548/548
f 548/548 547/547 549/549
f 548/548 549/549 550/550
f 550/550 549/549 551/551
f 550/550 551/551 552/552
f 552/552 551/551 536/536
f 552/552 536/536 538/538
f 540/540 553/553 542/542
f 542/542 553/553 554/554
f 554/554 553/553 555/555
f 554/554 555/555 556/556
f 556/556 555/555 557/557
f 556/556 557/557 558/558
f 559/559 560/560 555/555
f 555/555 560/560 557/557
f 558/558 561/561 556/556
f 547/547 544/544 562/562
f 562/562 544/544 563/563
f 562/562 563/563 564/564
f 564/564 563/563 565/565
f 564/564 565/565 566/566
f 566/566 565/565 567/567
f 567/567 565/565 568/568
f 566/566 569/569 564/564
f 564/564 569/569 570/570
f 549/549 571/571 551/551
f 551/551 571/571 572/572
f 572/572 571/571 573/573
f 572/572 573/573 574/574
f 574/574 573/573 575/575
f 574/574 575/575 576/576
f 577/577 578/578 573/573
f 573/573 578/578 575/575
f 576/576 579/579 574/574
f 580/580 581/581 582/582
f 582/582 581/581 583/583
f 584/584 585/585 586/586
f 586/586 585/585 587/587
f 586/586 587/587 588/588
f 588/588 587/587 589/589
f 588/588 589/589 590/590
f 590/590 589/589 591/591
f 590/590 591/591 592/592
f 592/592 591/591 593/593
f 592/592 593/593 594/594
f 594/594 593/593 595/595
f 594/594 595/595 596/596
f 596/596 595/595 597/597
f 596/596 597/597 598/598
f 598/598 597/597 599/599
f 598/598 599/599 580/580
f 580/580 599/599 581/581
f 600/600 601/601 602/602
f 602/602 601/601 603/603
f 604/604 605/605 606/606
f 606/606 605/605 607/607
f 608/608 609/609 610/610
f 610/610 609/609 611/611
f 612/612 613/613 614/614
f 614/614 613/613 615/615
f 616/616 617/617 618/618
f 618/618 617/617 619/619
f 620/620 621/621 622/622
f 622/622 621/621 623/623
f 624/624 625/625 626/626
f 626/626 625/625 627/627
f 628/628 629/629 630/630
f 630/630 629/629 631/631
f 632/632 633/633 634/634
f 634/634 633/633 635/635
f 636/636 637/637 638/638
f 638/638 637/637 639/639
f 640/640 641/641 642/642
f 642/642 641/641 643/643
f 644/644 645/645 646/646
f 646/646 645/645 647/647
f 648/648 649/649 650/650
f 650/650 649/649 651/651
f 652/652 653/653 654/654
f 654/654 653/653 655/655
f 656/656 657/657 658/658
f 658/658 657/657 659/659
f 660/660 661/661 662/662
f 662/662 661/661 663/663
f 664/664 665/665 666/666
f 666/666 665/665 667/667
f 668/668 669/669 670/670
f 670/670 669/669 671/671
f 672/672 673/673 674/674
f 674/674 673/673 675/675
f 676/676 677/677 678/678
f 678/678 677/677 679/679
f 680/680 681/681 682/682
f 682/682 681/681 683/683
f 684/684 685/685 686/686
f 686/686 685/685 687/687
f 688/688 689/689 690/690
f 690/690 689/689 691/691
f 692/692 693/693 694/694
f 694/694 693/693 695/695
f 696/696 697/697 698/698
f 698/698 697/697 699/699
f 700/700 701/701 702/702
f 702/702 701/701 703/703
f 704/704 705/705 706/706
f 706/706 705/705 707/707
f 708/708 709/709 710/710
f 710/710 709/709 711/711
f 712/712 713/713 714/714
f 714/714 713/713 715/715
f 716/716 717/717 718/718
f 718/718 717/717 719/719
f 720/720 721/721 722/722
f 722/722 721/721 723/723
f 724/724 725/725 726/726
f 726/726 725/725 727/727
f 728/728 729/729 730/730
f 730/730 729/729 731/731
f 732/732 733/733 734/734
f 734/734 733/733 735/735
f 736/736 737/737 738/738
f 738/738 737/737 739/739
f 740/740 741/741 742/742
f 742/742 741/741 743/743
f 744/744 745/745 746/746
f 746/746 745/745 747/747
f 748/748 749/749 750/750
f 750/750 749/749 751/751
f 752/752 753/753 754/754
f 754/754 753/753 755/755
f 756/756 757/757 758/758
f 758/758 757/757 759/759
f 760/760 761/761 762/762
f 762/762 761/761 763/763
f 764/764 765/765 766/766
f 766/766 765/765 767/767
f 768/768 769/769 770/770
f 770/770 769/769 771/771
f 771/771 769/769 772/772
f 771/771 772/772 773/773
f 773/773 772/772 774/774
f 769/769 775/775 772/772
f 772/772 775/775 776/776
f 776/776 775/775 777/777
f 776/776 777/777 778/778
f 778/778 777/777 779/779
f 778/778 779/779 780/780
f 779/779 777/777 781/781
f 781/781 777/777 782/782
f 781/781 782/782 783/783
f 783/783 782/782 784/784
f 783/783 784/784 785/785
f 785/785 784/784 786/786
f 785/785 786/786 787/787
f 787/787 786/786 788/788
f 787/787 788/788 789/789
f 789/789 788/788 790/790
f 789/789 790/790 791/791
f 791/791 790/790 792/792
f 792/792 790/790 793/793
f 792/792 793/793 780/780
f 780/780 793/793 778/778
f 784/784 782/782 794/794
f 794/794 782/782 795/795
f 794/794 795/795 796/796
f 796/796 795/795 797/797
f 796/796 797/797 798/798
f 798/798 797/797 799/799
f 799/799 797/797 800/800
f 798/798 801/801 796/796
f 796/796 801/801 802/802
f 786/786 803/803 788/788
f 788/788 803/803 804/804
f 804/804 803/803 805/805
f 804/804 805/805 806/806
f 806/806 805/805 807/807
f 806/806 807/807 808/808
f 809/809 810/810 805/805
f 805/805 810/810 807/807
f 808/808 811/811 806/806
f 793/793 790/790 812/812
f 812/812 790/790 813/813
f 812/812 813/813 814/814
f 814/814 813/813 815/815
f 814/814 815/815 816/816
f 816/816 815/815 817/817
f 817/817 815/815 818/818
f 816/816 819/819 814/814
f 814/814 819/819 820/820
f 821/821 822/822 823/823
f 823/823 822/822 824/824
f 823/823 824/824 825/825
f 825/825 824/824 826/826
f 825/825 826/826 827/827
f 823/823 825/825 828/828
f 828/828 825/825 829/829
f 828/828 829/829 830/830
f 830/830 829/829 831/831
f 830/830 831/831 832/832
f 832/832 831/831 833/833
f 833/833 831/831 834/834
f 833/833 834/834 835/835
f 835/835 834/834 836/836
f 835/835 836/836 837/837
f 837/837 836/836 838/838
f 837/837 838/838 839/839
f 839/839 838/838 840/840
f 840/840 838/838 841/841
f 840/840 841/841 842/842
f 842/842 841/841 843/843
f 842/842 843/843 844/844
f 844/844 843/843 845/845
f 844/844 845/845 846/846
f 846/846 845/845 830/830
f 846/846 830/830 832/832
f 834/834 847/847 836/836
f 836/836 847/847 848/848
f 848/848 847/847 849/849
f 848/848 849/849 850/850
f 850/850 849/849 851/851
f 850/850 851/851 852/852
f 853/853 854/854 849/849
f 849/849 854/854 851/851
f 852/852 855/855 850/850
f 841/841 838/838 856/856
f 856/856 838/838 857/857
f 856/856 857/857 858/858
f 858/858 857/857 859/859
f 858/858 859/859 860/860
f 860/860 859/859 861/861
f 861/861 859/859 862/862
f 860/860 863/863 858/858
f 858/858 863/863 864/864
f 843/843 865/865 845/845
f 845/845 865/865 866/866
f 866/866 865/865 867/867
f 866/866 867/867 868/868
f 868/868 867/867 869/869
f 868/868 869/869 870/870
f 871/871 872/872 867/867
f 867/867 872/872 869/869
f 870/870 873/873 868/868
f 874/874 875/875 876/876
f 876/876 875/875 877/877
f 878/878 879/879 880/880
f 880/880 879/879 881/881
f 880/880 881/881 882/882
f 882/882 881/881 883/883
f 882/882 883/883 884/884
f 884/884 883/883 885/885
f 884/884 885/885 886/886
f 886/886 885/885 887/887
f 886/886 887/887 888/888
f 888/888 887/887 889/889
f 888/888 889/889 890/890
f 890/890 889/889 891/891
f 890/890 891/891 892/892
f 892/892 891/891 893/893
f 892/892 893/893 874/874
f 874/874 893/893 875/875
f 894/894 895/895 896/896
f 896/896 895/895 897/897
f 898/898 899/899 900/900
f 900/900 899/899 901/901
f 902/902 903/903 904/904
f 904/904 903/903 905/905
f 906/906 907/907 908/908
f 908/908 907/907 909/909
f 910/910 911/911 912/912
f 912/912 911/911 913/913
f 914/914 915/915 916/916
f 916/916 915/915 917/917
f 918/918 919/919 920/920
f 920/920 919/919 921/921
f 922/922 923/923 924/924
f 924/924 923/923 925/925
f 926/926 927/927 928/928
f 928/928 927/927 929/929
f 930/930 931/931 932/932
f 932/932 931/931 933/933
f 934/934 935/935 936/936
f 936/936 935/935 937/937
f 938/938 939/939 940/940
f 940/940 939/939 941/941
f 942/942 943/943 944/944
f 944/944 943/943 945/945
f 946/946 947/947 948/948
f 948/948 947/947 949/949
f 950/950 951/951 952/952
f 952/952 951/951 953/953
f 954/954 955/955 956/956
f 956/956 955/955 957/957
f 958/958 959/959 960/960
f 960/960 959/959 961/961
f 962/962 963/963 964/964
f 964/964 963/963 965/965
f 966/966 967/967 968/968
f 968/968 967/967 969/969
f 970/970 971/971 972/972
f 972/972 971/971 973/973
f 974/974 975/975 976/976
f 976/976 975/975 977/977
f 978/978 979/979 980/980
f 980/980 979/979 981/981
f 982/982 983/983 984/984
f 984/984 983/983 985/985
f 986/986 987/987 988/988
f 988/988 987/987 989/989
f 990/990 991/991 992/992
f 992/992 991/991 993/993
f 994/994 995/995 996/996
f 996/996 995/995 997/997
f 998/998 999/999 1000/1000
f 1000/1000 999/999 1001/1001
f 1002/1002 1003/1003 1004/1004
f 1004/1004 1003/1003 1005/1005
f 1006/1006 1007/1007 1008/1008
f 1008/1008 1007/1007 1009/1009
f 1010/1010 1011/1011 1012/1012
f 1012/1012 1011/1011 1013/1013
f 1014/1014 1015/1015 1016/1016
f 1016/1016 1015/1015 1017/1017
f 1018/1018 1019/1019 1020/1020
f 1020/1020 1019/1019 1021/1021
f 1022/1022 1023/1023 1024/1024
f 1024/1024 1023/1023 1025/1025
f 1026/1026 1027/1027 1028/1028
f 1028/1028 1027/1027 1029/1029
f 1030/1030 1031/1031 1032/1032
f 1032/1032 1031/1031 1033/1033
f 1034/1034 1035/1035 1036/1036
f 1036/1036 1035/1035 1037/1037
f 1038/1038 1039/1039 1040/1040
f 1040/1040 1039/1039 1041/1041
f 1042/1042 1043/1043 1044/1044
f 1044/1044 1043/1043 1045/1045
f 1046/1046 1047/1047 1048/1048
f 1048/1048 1047/1047 1049/1049
f 1050/1050 1051/1051 1052/1052
f 1052/1052 1051/1051 1053/1053
f 1054/1054 1055/1055 1056/1056
f 1056/1056 1055/1055 1057/1057
f 1058/1058 1059/1059 1060/1060
f 1060/1060 1059/1059 1061/1061
f 1062/1062 1063/1063 1064/1064
f 1064/1064 1063/1063 1065/1065
f 1065/1065 1063/1063 1066/1066
f 1065/1065 1066/1066 1067/1067
f 1067/1067 1066/1066 1068/1068
f 1063/1063 1069/1069 1066/1066
f 1066/1066 1069/1069 1070/1070
f 1070/1070 1069/1069 1071/1071
f 1070/1070 1071/1071 1072/1072
f 1072/1072 1071/1071 1073/1073
f 1072/1072 1073/1073 1074/1074
f 1073/1073 1071/1071 1075/1075
f 1075/1075 1071/1071 1076/1076
f 1075/1075 1076/1076 1077/1077
f 1077/1077 1076/1076 1078/1078
f 1077/1077 1078/1078 1079/1079
f 1079/1079 1078/1078 1080/1080
f 1079/1079 1080/1080 1081/1081
f 1081/1081 1080/1080 1082/1082
f 1081/1081 1082/1082 1083/1083
f 1083/1083 1082/1082 1084/1084
f 1083/1083 1084/1084 1085/1085
f 1085/1085 1084/1084 1086/1086
f 1086/1086 1084/1084 1087/1087
f 1086/1086 1087/1087 1074/1074
f 1074/1074 1087/1087 1072/1072
f 1078/1078 1076/1076 1088/1088
f 1088/1088 1076/1076 1089/1089
f 1088/1088 1089/1089 1090/1090
f 1090/1090 1089/1089 1091/1091
f 1090/1090 1091/1091 1092/1092
f 1092/1092 1091/1091 1093/1093
f 1093/1093 1091/1091 1094/1094
f 1092/1092 1095/1095 1090/1090
f 1090/1090 1095/1095 1096/1096
f 1080/1080 1097/1097 1082/1082
f 1082/1082 1097/1097 1098/1098
f 1098/1098 1097/1097 1099/1099
f 1098/1098 1099/1099 1100/1100
f 1100/1100 1099/1099 1101/1101
f 1100/1100 1101/1101 1102/1102
f 1103/1103 1104/1104 1099/1099
f 1099/1099 1104/1104 1101/1101
f 1102/1102 1105/1105 1100/1100
f 1087/1087 1084/1084 1106/1106
f 1106/1106 1084/1084 1107/1107
f 1106/1106 1107/1107 1108/1108
f 1108/1108 1107/1107 1109/1109
f 1108/1108 1109/1109 1110/1110
f 1110/1110 1109/1109 1111/1111
f 1111/1111 1109/1109 1112/1112
f 1110/1110 1113/1113 1108/1108
f 1108/1108 1113/1113 1114/1114
f 1115/1115 1116/1116 1117/1117
f 1117/1117 1116/1116 1118/1118
f 1117/1117 1118/1118 1119/1119
f 1119/1119 1118/1118 1120/1120
f 1115/1115 1121/1121 1116/1116
f 1116/1116 1122/1122 1118/1118
f 1118/1118 1122/1122 1123/1123
f 1123/1123 1122/1122 1124/1124
f 1123/1123 1124/1124 1125/1125
f 1125/1125 1124/1124 1126/1126
f 1125/1125 1126/1126 1127/1127
f 1126/1126 1124/1124 1128/1128
f 1128/1128 1124/1124 1129/1129
f 1128/1128 1129/1129 1130/1130
f 1130/1130 1129/1129 1131/1131
f 1131/1131 1129/1129 1132/1132
f 1131/1131 1132/1132 1133/1133
f 1133/1133 1132/1132 1134/1134
f 1133/1133 1134/1134 1135/1135
f 1135/1135 1134/1134 1136/1136
f 1135/1135 1136/1136 1137/1137
f 1137/1137 1136/1136 1138/1138
f 1137/1137 1138/1138 1139/1139
f 1139/1139 1138/1138 1140/1140
f 1139/1139 1140/1140 1127/1127
f 1127/1127 1140/1140 1125/1125
f 1132/1132 1129/1129 1141/1141
f 1141/1141 1129/1129 1142/1142
f 1141/1141 1142/1142 1143/1143
f 1143/1143 1142/1142 1144/1144
f 1143/1143 1144/1144 1145/1145
f 1145/1145 1144/1144 1146/1146
f 1146/1146 1144/1144 1147/1147
f 1145/1145 1148/1148 1143/1143
f 1143/1143 1148/1148 1149/1149
f 1134/1134 1150/1150 1136/1136
f 1136/1136 1150/1150 1151/1151
f 1151/1151 1150/1150 1152/1152
f 1151/1151 1152/1152 1153/1153
f 1153/1153 1152/1152 1154/1154
f 1153/1153 1154/1154 1155/1155
f 1156/1156 1157/1157 1152/1152
f 1152/1152 1157/1157 1154/1154
f 1155/1155 1158/1158 1153/1153
f 1140/1140 1138/1138 1159/1159
f 1159/1159 1138/1138 1160/1160
f 1159/1159 1160/1160 1161/1161
f 1161/1161 1160/1160 1162/1162
f 1161/1161 1162/1162 1163/1163
f 1163/1163 1162/1162 1164/1164
f 1164/1164 1162/1162 1165/1165
f 1163/1163 1166/1166 1161/1161
f 1161/1161 1166/1166 1167/1167
f 1168/1168 1169/1169 1170/1170
f 1170/1170 1169/1169 1171/1171
f 1172/1172 1173/1173 1174/1174
f 1174/1174 1173/1173 1175/1175
f 1174/1174 1175/1175 1176/1176
f 1176/1176 1175/1175 1177/1177
f 1176/1176 1177/1177 1178/1178
f 1178/1178 1177/1177 1179/1179
f 1178/1178 1179/1179 1180/1180
f 1180/1180 1179/1179 1181/1181
f 1180/1180 1181/1181 1182/1182
f 1182/1182 1181/1181 1183/1183
f 1182/1182 1183/1183 1184/1184
f 1184/1184 1183/1183 1185/1185
f 1184/1184 1185/1185 1186/1186
f 1186/1186 1185/1185 1187/1187
f 1186/1186 1187/1187 1168/1168
f 1168/1168 1187/1187 1169/1169
f 1188/1188 1189/1189 1190/1190
f 1190/1190 1189/1189 1191/1191
f 1192/1192 1193/1193 1194/1194
f 1194/1194 1193/1193 1195/1195
f 1196/1196 1197/1197 1198/1198
f 1198/1198 1197/1197 1199/1199
f 1200/1200 1201/1201 1202/1202
f 1202/1202 1201/1201 1203/1203
f 1204/1204 1205/1205 1206/1206
f 1206/1206 1205/1205 1207/1207
f 1208/1208 1209/1209 1210/1210
f 1210/1210 1209/1209 1211/1211
f 1212/1212 1213/1213 1214/1214
f 1214/1214 1213/1213 1215/1215
f 1216/1216 1217/1217 1218/1218
f 1218/1218 1217/1217 1219/1219
f 1220/1220 1221/1221 1222/1222
f 1222/1222 1221/1221 1223/1223
f 1224/1224 1225/1225 1226/1226
f 1226/1226 1225/1225 1227/1227
f 1228/1228 1229/1229 1230/1230
f 1230/1230 1229/1229 1231/1231
f 1232/1232 1233/1233 1234/1234
f 1234/1234 1233/1233 1235/1235
f 1236/1236 1237/1237 1238/1238
f 1238/1238 1237/1237 1239/1239
f 1240/1240 1241/1241 1242/1242
f 1242/1242 1241/1241 1243/1243
f 1244/1244 1245/1245 1246/1246
f 1246/1246 1245/1245 1247/1247
f 1248/1248 1249/1249 1250/1250
f 1250/1250 1249/1249 1251/1251
f 1252/1252 1253/1253 1254/1254
f 1254/1254 1253/1253 1255/1255
f 1256/1256 1257/1257 1258/1258
f 1258/1258 1257/1257 1259/1259
f 1260/1260 1261/1261 1262/1262
f 1262/1262 1261/1261 1263/1263
f 1264/1264 1265/1265 1266/1266
f 1266/1266 1265/1265 1267/1267
f 1268/1268 1269/1269 1270/1270
f 1270/1270 1269/1269 1271/1271
f 1272/1272 1273/1273 1274/1274
f 1274/1274 1273/1273 1275/1275
f 1276/1276 1277/1277 1278/1278
f 1278/1278 1277/1277 1279/1279
f 1280/1280 1281/1281 1282/1282
f 1282/1282 1281/1281 1283/1283
f 1284/1284 1285/1285 1286/1286
f 1286/1286 1285/1285 1287/1287
f 1288/1288 1289/1289 1290/1290
f 1290/1290 1289/1289 1291/1291
f 1292/1292 1293/1293 1294/1294
f 1294/1294 1293/1293 1295/1295
f 1296/1296 1297/1297 1298/1298
f 1298/1298 1297/1297 1299/1299
f 1300/1300 1301/1301 1302/1302
f 1302/1302 1301/1301 1303/1303
f 1304/1304 1305/1305 1306/1306
f 1306/1306 1305/1305 1307/1307
f 1308/1308 1309/1309 1310/1310
f 1310/1310 1309/1309 1311/1311
f 1312/1312 1313/1313 1314/1314
f 1314/1314 1313/1313 1315/1315
f 1316/1316 1317/1317 1318/1318
f 1318/1318 1317/1317 1319/1319
f 1320/1320 1321/1321 1322/1322
f 1322/1322 1321/1321 1323/1323
f 1324/1324 1325/1325 1326/1326
f 1326/1326 1325/1325 1327/1327
f 1328/1328 1329/1329 1330/1330
f 1330/1330 1329/1329 1331/1331
f 1332/1332 1333/1333 1334/1334
f 1334/1334 1333/1333 1335/1335
f 1336/1336 1337/1337 1338/1338
f 1338/1338 1337/1337 1339/1339
f 1340/1340 1341/1341 1342/1342
f 1342/1342 1341/1341 1343/1343
f 1344/1344 1345/1345 1346/1346
f 1346/1346 1345/1345 1347/1347
f 1348/1348 1349/1349 1350/1350
f 1350/1350 1349/1349 1351/1351
f 1352/1352 1353/1353 1354/1354
f 1354/1354 1353/1353 1355/1355
f 1356/1356 1357/1357 1358/1358
f 1358/1358 1357/1357 1359/1359
f 1358/1358 1359/1359 1360/1360
f 1360/1360 1359/1359 1361/1361
f 1360/1360 1361/1361 1362/1362
f 1358/1358 1360/1360 1363/1363
f 1363/1363 1360/1360 1364/1364
f 1363/1363 1364/1364 1365/1365
f 1365/1365 1364/1364 1366/1366
f 1365/1365 1366/1366 1367/1367
f 1367/1367 1366/1366 1368/1368
f 1368/1368 1366/1366 1369/1369
f 1368/1368 1369/1369 1370/1370
f 1370/1370 1369/1369 1371/1371
f 1370/1370 1371/1371 1372/1372
f 1372/1372 1371/1371 1373/1373
f 1372/1372 1373/1373 1374/1374
f 1374/1374 1373/1373 1375/1375
f 1374/1374 1375/1375 1376/1376
f 1376/1376 1375/1375 1377/1377
f 1376/1376 1377/1377 1378/1378
f 1378/1378 1377/1377 1379/1379
f 1378/1378 1379/1379 1380/1380
f 1380/1380 1379/1379 1365/1365
f 1380/1380 1365/1365 1381/1381
f 1381/1381 1365/1365 1367/1367
f 1369/1369 1382/1382 1371/1371
f 1371/1371 1382/1382 1383/1383
f 1383/1383 1382/1382 1384/1384
f 1383/1383 1384/1384 1385/1385
f 1385/1385 1384/1384 1386/1386
f 1385/1385 1386/1386 1387/1387
f 1388/1388 1389/1389 1384/1384
f 1384/1384 1389/1389 1386/1386
f 1387/1387 1390/1390 1385/1385
f 1375/1375 1373/1373 1391/1391
f 1391/1391 1373/1373 1392/1392
f 1391/1391 1392/1392 1393/1393
f 1393/1393 1392/1392 1394/1394
f 1393/1393 1394/1394 1395/1395
f 1395/1395 1394/1394 1396/1396
f 1396/1396 1394/1394 1397/1397
f 1395/1395 1398/1398 1393/1393
f 1393/1393 1398/1398 1399/1399
f 1377/1377 1400/1400 1379/1379
f 1379/1379 1400/1400 1401/1401
f 1401/1401 1400/1400 1402/1402
f 1401/1401 1402/1402 1403/1403
f 1403/1403 1402/1402 1404/1404
f 1403/1403 1404/1404 1405/1405
f 1406/1406 1407/1407 1402/1402
f 1402/1402 1407/1407 1404/1404
f 1405/1405 1408/1408 1403/1403

