mtllib material.mtl
usemtl material_short_frame_2
v -3.69999992 -1.68999996 2.05267894
v -3.69999992 -1.69732098 2.05999995
v -3.69999992 -1.67999996 2.04999995
v -3.69999992 -1.69999996 2.06999995
v -3.69999992 -0.93999998 2.31499995
v -3.69999992 -0.96999998 2.32303797
v -3.69999992 -0.99196150 2.34499995
v -3.69999992 -0.99999998 2.37499995
v -3.69999992 -1.23300000 2.55355997
v -3.69999992 -1.15999997 2.53399988
v -3.69999992 -1.69999996 3.09999993
v -3.69999992 -1.30600003 2.67999994
v -3.69999992 -1.28643994 2.60700006
v -3.69999992 3.19999993 3.09999993
v -3.69999992 0.93999998 2.96499993
v -3.69999992 -0.93999998 2.96499993
v -3.69999992 -0.96999998 2.95696099
v -3.69999992 3.19999993 2.04999995
v -3.69999992 3.01634087 2.61300196
v -3.69999992 3.01634087 2.76217004
v -3.69999992 2.99097497 2.76217004
v -3.69999992 0.93999998 2.31499995
v -3.69999992 0.96999998 2.32303797
v -3.69999992 0.99196150 2.34499995
v -3.69999992 0.99999998 2.90499994
v -3.69999992 1.01399999 2.67999994
v -3.69999992 0.99999998 2.37499995
v -3.69999992 1.03356000 2.60700006
v -3.69999992 1.08699995 2.55355997
v -3.69999992 0.99196150 2.93499993
v -3.69999992 1.48365902 2.82062799
v -3.69999992 1.15999997 2.82600000
v -3.69999992 1.08699995 2.80644006
v -3.69999992 1.73580990 2.82062799
v -3.69999992 0.96999998 2.95696099
v -3.69999992 -0.99196150 2.93499993
v -3.69999992 -0.99999998 2.90499994
v -3.69999992 -1.15999997 2.82600000
v -3.69999992 -1.08699995 2.80644006
v -3.69999992 -1.03356000 2.75299982
v -3.69999992 -1.01399999 2.67999994
v -3.69999992 -1.03356000 2.60700006
v -3.69999992 -1.08699995 2.55355997
v -3.69999992 1.73580990 2.55437189
v -3.69999992 1.48365902 2.55437189
v -3.69999992 1.15999997 2.53399988
v -3.69999992 1.23300000 2.55355997
v -3.69999992 1.28643994 2.75299982
v -3.69999992 1.30600003 2.67999994
v -3.69999992 1.28643994 2.60700006
v -3.69999992 1.23300000 2.80644006
v -3.69999992 1.03356000 2.75299982
v -3.69999992 -1.23300000 2.80644006
v -3.69999992 -1.28643994 2.75299982
v -3.69999992 2.92159204 2.76217004
v -3.69999992 2.92246179 2.66135004
v -3.69999992 2.92159204 2.66135004
v -3.69999992 2.89817804 2.76217004
v -3.69999992 2.81579187 2.76217004
v -3.69999992 2.71627588 2.76217004
v -3.69999992 2.81579187 2.61300196
v -3.69999992 2.89817804 2.61300196
v -3.69999992 2.92159204 2.61300196
v -3.69999992 2.99292382 2.61300196
v -3.69999992 2.99205682 2.71750604
v -3.69999992 2.99292504 2.71750604
v -3.69999992 2.23831797 2.65803980
v -3.69999992 2.32161997 2.65245996
v -3.69999992 2.23571101 2.63834101
v -3.69999992 2.32397898 2.63573908
v -3.69999992 2.22993388 2.62572199
v -3.69999992 2.33105387 2.62329981
v -3.69999992 2.21954097 2.61739282
v -3.69999992 2.34403498 2.61557581
v -3.69999992 2.20252696 2.61275293
v -3.69999992 2.36411601 2.61300196
v -3.69999992 2.17688395 2.61120600
v -3.69999992 1.99494090 2.61300684
v -3.69999992 1.97044399 2.61300684
v -3.69999992 1.84272197 2.61300684
v -3.69999992 1.92512996 2.73939905
v -3.69999992 1.84272197 2.76216394
v -3.69999992 1.92512996 2.76216394
v -3.69999992 2.04025096 2.76216394
v -3.69999992 2.17688395 2.76402704
v -3.69999992 2.13412089 2.75784082
v -3.69999992 2.32313899 2.66649896
v -3.69999992 2.23918498 2.68761682
v -3.69999992 2.32768992 2.67696192
v -3.69999992 2.33598597 2.68422296
v -3.69999992 2.33725688 2.69378992
v -3.69999992 2.34872187 2.68866907
v -3.69999992 2.34872187 2.68953699
v -3.69999992 2.32931895 2.70091699
v -3.69999992 2.23831797 2.71719202
v -3.69999992 2.32468302 2.71113580
v -3.69999992 2.32313792 2.72466089
v -3.69999992 2.23571101 2.73689203
v -3.69999992 2.32555201 2.74100092
v -3.69999992 2.22993388 2.74950891
v -3.69999992 2.33278895 2.75273584
v -3.69999992 2.21954097 2.75784082
v -3.69999992 2.34544199 2.75981103
v -3.69999992 2.36410899 2.76217004
v -3.69999992 2.43501398 2.76217004
v -3.69999992 2.57988001 2.76381891
v -3.69999992 2.62248499 2.75764001
v -3.69999992 2.63286585 2.74932001
v -3.69999992 2.71627588 2.74005304
v -3.69999992 2.63863581 2.73671808
v -3.69999992 2.64123987 2.71704095
v -3.69999992 2.72646509 2.69929102
v -3.69999992 2.64210596 2.68750208
v -3.69999992 2.72646509 2.67717706
v -3.69999992 2.64123987 2.65796106
v -3.69999992 2.71627588 2.63511591
v -3.69999992 2.63863581 2.63828607
v -3.69999992 2.63286585 2.62568292
v -3.69999992 2.71627588 2.61300196
v -3.69999992 2.62248499 2.61736292
v -3.69999992 2.60549189 2.61272882
v -3.69999992 2.57988001 2.61118402
v -3.69999992 2.12364696 2.74948297
v -3.69999992 2.04025096 2.73939905
v -3.69999992 2.11783900 2.73678583
v -3.69999992 2.11523402 2.71705682
v -3.69999992 1.99494090 2.73939905
v -3.69999992 2.11436488 2.68761682
v -3.69999992 2.11523402 2.65817407
v -3.69999992 2.11783900 2.63844995
v -3.69999992 2.12364696 2.62575006
v -3.69999992 2.13412089 2.61739282
v -3.69999992 2.43501398 2.61300196
v -3.69999992 2.51743692 2.68750208
v -3.69999992 2.51830500 2.65809503
v -3.69999992 2.52090693 2.63839502
v -3.69999992 2.79129297 2.74005304
v -3.69999992 2.79129297 2.69929102
v -3.69999992 2.79129297 2.67717706
v -3.69999992 2.79129297 2.63511591
v -3.69999992 1.97044399 2.73939905
v -3.69999992 1.81822399 2.61300684
v -3.69999992 1.81822399 2.76216394
v -3.69999992 2.53716898 2.75764001
v -3.69999992 2.52670801 2.74929285
v -3.69999992 2.52090693 2.73661188
v -3.69999992 2.51830500 2.71690698
v -3.69999992 2.52670801 2.62571009
v -3.69999992 2.53716898 2.61736292
v -3.69999992 2.13941295 2.66357599
v -3.69999992 2.16017100 2.63399896
v -3.69999992 2.14095790 2.64876093
v -3.69999992 2.14996699 2.63595301
v -3.69999992 2.14424388 2.64045679
v -3.69999992 2.13889689 2.68761682
v -3.69999992 2.17688395 2.63334802
v -3.69999992 2.21465602 2.68761682
v -3.69999992 2.21414088 2.66357599
v -3.69999992 2.13941295 2.71165796
v -3.69999992 2.16017100 2.74123407
v -3.69999992 2.17688395 2.74188501
v -3.69999992 2.21414088 2.71165796
v -3.69999992 2.19357402 2.74123407
v -3.69999992 2.21259196 2.72647180
v -3.69999992 2.20369395 2.73928003
v -3.69999992 2.20933802 2.73477594
v -3.69999992 2.14095790 2.72647180
v -3.69999992 2.14996699 2.73928003
v -3.69999992 2.14424388 2.73477686
v -3.69999992 2.20369395 2.63595301
v -3.69999992 2.21259196 2.64876093
v -3.69999992 2.20933802 2.64045679
v -3.69999992 2.41051493 2.67739496
v -3.69999992 2.41051493 2.63489801
v -3.69999992 2.37148890 2.67739496
v -3.69999992 2.37148890 2.63489801
v -3.69999992 2.34612193 2.65614801
v -3.69999992 2.34669093 2.64882898
v -3.69999992 2.34839793 2.64335596
v -3.69999992 2.35609400 2.63685083
v -3.69999992 2.35145991 2.63945307
v -3.69999992 2.34750391 2.66625391
v -3.69999992 2.35937602 2.67622888
v -3.69999992 2.35165095 2.67273401
v -3.69999992 2.41051493 2.74005304
v -3.69999992 2.41051493 2.69950891
v -3.69999992 2.37235300 2.74005304
v -3.69999992 2.37235300 2.69950891
v -3.69999992 2.34764002 2.71967279
v -3.69999992 2.34907694 2.71037683
v -3.69999992 2.35338587 2.70416986
v -3.69999992 2.34815501 2.72693384
v -3.69999992 2.34969798 2.73224786
v -3.69999992 2.35696192 2.73831995
v -3.69999992 2.35254496 2.73593408
v -3.69999992 1.60661892 2.76217401
v -3.69999992 1.64871899 2.76217096
v -3.69999992 1.57454190 2.71736993
v -3.69999992 1.54148495 2.61282190
v -3.69999992 1.54212399 2.76217401
v -3.69999992 1.50777798 2.79650781
v -3.69999992 1.71169094 2.79650781
v -3.69999992 1.67737301 2.76217096
v -3.69999992 1.67824093 2.61282190
v -3.69999992 1.62462292 2.68771295
v -3.69999992 1.60942700 2.66709100
v -3.69999992 1.61116390 2.66709100
v -3.69999992 1.57013897 2.61282190
v -3.69999992 1.65045590 2.61282190
v -3.69999992 1.71169094 2.57849207
v -3.69999992 1.50777798 2.57849207
v 1.62839291 3.39999992 2.94632806
v 1.79572094 3.39999992 2.94632806
v 1.50182492 3.39999992 2.76871484
v 1.36999997 3.39999992 2.35326502
v -1.99999996 3.39999992 3.09999993
v -1.99999996 3.39999992 2.06999995
v -1.97999996 3.39999992 2.04999995
v -1.99732097 3.39999992 2.05999995
v -1.98999996 3.39999992 2.05267894
v 3.49999992 3.39999992 3.09999993
v 1.37249295 3.39999992 2.94632806
v 1.90958889 3.39999992 2.94632806
v 1.99118892 3.39999992 2.83595697
v 1.70045101 3.39999992 2.65101404
v 1.98675990 3.39999992 2.80790491
v 1.98234294 3.39999992 2.75917779
v 2.21230494 3.39999992 2.95387902
v 2.12590800 3.39999992 2.94757287
v 2.08365199 3.39999992 2.93875878
v 3.49999992 3.39999992 2.04999995
v 1.48365902 3.39999992 2.35326502
v 1.80300701 3.39999992 2.35326502
v 1.63971691 3.39999992 2.56880091
v 1.64702999 3.39999992 2.56880091
v 1.91319301 3.39999992 2.35326502
v 2.21989100 3.39999992 2.34796397
v 2.25728099 3.39999992 2.34927195
v 1.99466502 3.39999992 2.45178492
v 2.01591899 3.39999992 2.40646891
v 2.05485789 3.39999992 2.37409998
v 2.65758997 3.39999992 2.93132196
v 2.29603999 3.39999992 2.95125299
v 2.74168481 3.39999992 2.94675286
v 3.02999993 3.39999992 2.94708795
v 3.02999993 3.39999992 2.35482600
v 2.93286798 3.39999992 2.35482600
v 2.67537103 3.39999992 2.35482600
v 2.76368097 3.39999992 2.57890497
v 2.39190195 3.39999992 2.93097497
v 2.63470697 3.39999992 2.91968988
v 2.42762690 3.39999992 2.90697290
v 2.60564203 3.39999992 2.89077081
v 2.44809595 3.39999992 2.87952203
v 2.45427790 3.39999992 2.86568292
v 2.46081400 3.39999992 2.84187280
v 2.58468988 3.39999992 2.81783899
v 2.47187998 3.39999992 2.74195581
v 2.58453608 3.39999992 2.74178491
v 2.58699579 3.39999992 2.71584680
v 2.59267908 3.39999992 2.68269708
v 2.47328196 3.39999992 2.61992487
v 2.61725305 3.39999992 2.62172907
v 2.63935480 3.39999992 2.60388086
v 2.47141794 3.39999992 2.55673197
v 2.66951502 3.39999992 2.59118891
v 2.46761088 3.39999992 2.50561991
v 2.46256495 3.39999992 2.46721689
v 2.57209284 3.39999992 2.35482600
v 2.45595194 3.39999992 2.44095896
v 2.42818400 3.39999992 2.39566599
v 2.37163096 3.39999992 2.36352900
v 2.32225092 3.39999992 2.35367701
v 2.30548396 3.39999992 2.35175288
v 2.28152400 3.39999992 2.35033900
v 2.93286798 3.39999992 2.57890497
v 2.05442302 3.39999992 2.92750604
v 2.01976695 3.39999992 2.90055383
v 1.97970699 3.39999992 2.63511194
v 1.98039501 3.39999992 2.59685297
v 1.98258495 3.39999992 2.54608500
v 1.98777797 3.39999992 2.49204996
v 2.12584788 3.39999992 2.35426692
v 2.16614802 3.39999992 2.35002802
v 2.24367289 3.39999992 2.95379388
v 2.30356898 3.39999992 2.86210901
v 2.37360697 3.39999992 2.70452600
v 2.22245997 3.39999992 2.86594293
v 2.07679195 3.39999992 2.63672388
v 2.07730098 3.39999992 2.71722803
v 2.34374796 3.39999992 2.84860681
v 2.36380000 3.39999992 2.81409204
v 2.37376994 3.39999992 2.60491907
v 2.22499797 3.39999992 2.43560496
v 2.08154201 3.39999992 2.54266489
v 2.14351191 3.39999992 2.44144892
v 2.11670100 3.39999992 2.45037195
v 2.37142695 3.39999992 2.54390589
v 2.32421595 3.39999992 2.44304590
v 2.36574000 3.39999992 2.49510691
v 2.35139201 3.39999992 2.46021891
v 2.09960902 3.39999992 2.46898997
v 2.08347392 3.39999992 2.78589685
v 2.14341090 3.39999992 2.86096490
v 2.08988902 3.39999992 2.81553705
v 2.09697993 3.39999992 2.83224206
v 2.10814998 3.39999992 2.84696588
v -1.62839291 -3.39999992 2.94632806
v -1.79572094 -3.39999992 2.94632806
v -1.50182492 -3.39999992 2.76871484
v -1.36999997 -3.39999992 2.35326502
v 1.99999996 -3.39999992 3.09999993
v 1.99999996 -3.39999992 2.06999995
v 1.97999996 -3.39999992 2.04999995
v 1.99732097 -3.39999992 2.05999995
v 1.98999996 -3.39999992 2.05267894
v -3.49999992 -3.39999992 3.09999993
v -1.37249295 -3.39999992 2.94632806
v -1.90958889 -3.39999992 2.94632806
v -1.99118892 -3.39999992 2.83595697
v -1.70045101 -3.39999992 2.65101404
v -1.98675990 -3.39999992 2.80790491
v -1.98234294 -3.39999992 2.75917779
v -2.21230494 -3.39999992 2.95387902
v -2.12590800 -3.39999992 2.94757287
v -2.08365199 -3.39999992 2.93875878
v -3.49999992 -3.39999992 2.04999995
v -1.48365902 -3.39999992 2.35326502
v -1.80300701 -3.39999992 2.35326502
v -1.63971691 -3.39999992 2.56880091
v -1.64702999 -3.39999992 2.56880091
v -1.91319301 -3.39999992 2.35326502
v -2.21989100 -3.39999992 2.34796397
v -2.25728099 -3.39999992 2.34927195
v -1.99466502 -3.39999992 2.45178492
v -2.01591899 -3.39999992 2.40646891
v -2.05485789 -3.39999992 2.37409998
v -2.65758997 -3.39999992 2.93132196
v -2.29603999 -3.39999992 2.95125299
v -2.74168481 -3.39999992 2.94675286
v -3.02999993 -3.39999992 2.94708795
v -3.02999993 -3.39999992 2.35482600
v -2.93286798 -3.39999992 2.35482600
v -2.67537103 -3.39999992 2.35482600
v -2.76368097 -3.39999992 2.57890497
v -2.39190195 -3.39999992 2.93097497
v -2.63470697 -3.39999992 2.91968988
v -2.42762690 -3.39999992 2.90697290
v -2.60564203 -3.39999992 2.89077081
v -2.44809595 -3.39999992 2.87952203
v -2.45427790 -3.39999992 2.86568292
v -2.46081400 -3.39999992 2.84187280
v -2.58468988 -3.39999992 2.81783899
v -2.47187998 -3.39999992 2.74195581
v -2.58453608 -3.39999992 2.74178491
v -2.58699579 -3.39999992 2.71584680
v -2.59267908 -3.39999992 2.68269708
v -2.47328196 -3.39999992 2.61992487
v -2.61725305 -3.39999992 2.62172907
v -2.63935480 -3.39999992 2.60388086
v -2.47141794 -3.39999992 2.55673197
v -2.66951502 -3.39999992 2.59118891
v -2.46761088 -3.39999992 2.50561991
v -2.46256495 -3.39999992 2.46721689
v -2.57209284 -3.39999992 2.35482600
v -2.45595194 -3.39999992 2.44095896
v -2.42818400 -3.39999992 2.39566599
v -2.37163096 -3.39999992 2.36352900
v -2.32225092 -3.39999992 2.35367701
v -2.30548396 -3.39999992 2.35175288
v -2.28152400 -3.39999992 2.35033900
v -2.93286798 -3.39999992 2.57890497
v -2.05442302 -3.39999992 2.92750604
v -2.01976695 -3.39999992 2.90055383
v -1.97970699 -3.39999992 2.63511194
v -1.98039501 -3.39999992 2.59685297
v -1.98258495 -3.39999992 2.54608500
v -1.98777797 -3.39999992 2.49204996
v -2.12584788 -3.39999992 2.35426692
v -2.16614802 -3.39999992 2.35002802
v -2.24367289 -3.39999992 2.95379388
v -2.30356898 -3.39999992 2.86210901
v -2.37360697 -3.39999992 2.70452600
v -2.22245997 -3.39999992 2.86594293
v -2.07679195 -3.39999992 2.63672388
v -2.07730098 -3.39999992 2.71722803
v -2.34374796 -3.39999992 2.84860681
v -2.36380000 -3.39999992 2.81409204
v -2.37376994 -3.39999992 2.60491907
v -2.22499797 -3.39999992 2.43560496
v -2.08154201 -3.39999992 2.54266489
v -2.14351191 -3.39999992 2.44144892
v -2.11670100 -3.39999992 2.45037195
v -2.37142695 -3.39999992 2.54390589
v -2.32421595 -3.39999992 2.44304590
v -2.36574000 -3.39999992 2.49510691
v -2.35139201 -3.39999992 2.46021891
v -2.09960902 -3.39999992 2.46898997
v -2.08347392 -3.39999992 2.78589685
v -2.14341090 -3.39999992 2.86096490
v -2.08988902 -3.39999992 2.81553705
v -2.09697993 -3.39999992 2.83224206
v -2.10814998 -3.39999992 2.84696588
v -3.69999992 -1.68999996 0.30267949
v -3.69999992 -1.69732098 0.30999999
v -3.69999992 -1.67999996 0.29999999
v -3.69999992 -1.69999996 0.31999999
v -3.69999992 -0.42499999 0.47621497
v -3.69999992 -0.42499999 1.37378491
v -3.69999992 -1.69999996 1.54999997
v -3.69999992 0.42499999 1.37378491
v -3.69999992 3.19999993 1.54999997
v -3.69999992 3.19999993 0.29999999
v -3.69999992 0.42499999 0.47621497
v 3.69999992 1.68999996 0.30267949
v 3.69999992 1.69732098 0.30999999
v 3.69999992 1.67999996 0.29999999
v 3.69999992 1.69999996 0.31999999
v 3.69999992 0.42499999 0.47621497
v 3.69999992 0.42499999 1.37378491
v 3.69999992 1.69999996 1.54999997
v 3.69999992 -0.42499999 1.37378491
v 3.69999992 -3.19999993 1.54999997
v 3.69999992 -3.19999993 0.29999999
v 3.69999992 -0.42499999 0.47621497
v -3.90106101 -1.23218999 2.65999994
v -3.90337699 -1.23128095 2.65999994
v -3.89859183 -1.23249997 2.65999994
v -3.90539695 -1.22982801 2.65999994
v -3.89751883 -1.23249997 2.65999994
v -3.93259391 -1.20457395 2.65999994
v -3.93259391 -1.11542600 2.65999994
v -3.93593283 -1.11747899 2.65999994
v -3.93593283 -1.20252095 2.65999994
v -3.93980490 -1.11808996 2.65999994
v -3.93980490 -1.20190999 2.65999994
v -3.94361380 -1.11716596 2.65999994
v -3.94361380 -1.20283399 2.65999994
v -4.03251883 -1.15999997 2.65999994
v -4.03836783 -1.17607000 2.65999994
v -3.98800589 -1.22347394 2.65999994
v -4.03371298 -1.22810094 2.65999994
v -4.05317801 -1.18461995 2.65999994
v -4.07244376 -1.20339597 2.65999994
v -4.07001883 -1.18165097 2.65999994
v -4.08101096 -1.16855100 2.65999994
v -4.08751883 -1.15999997 2.65999994
v -4.08101096 -1.15144994 2.65999994
v -4.07244376 -1.11660398 2.65999994
v -4.07001883 -1.13834897 2.65999994
v -4.05317801 -1.13537999 2.65999994
v -4.03371298 -1.09189901 2.65999994
v -4.03836783 -1.14392995 2.65999994
v -3.98800589 -1.09652601 2.65999994
v -3.89751883 -1.08749998 2.65999994
v -3.90539695 -1.09017194 2.65999994
v -3.89859183 -1.08749998 2.65999994
v -3.90337699 -1.08871900 2.65999994
v -3.90106101 -1.08780996 2.65999994
v -4.03836783 -1.17607000 2.65999994
v -4.03969779 -1.17495298 2.66015192
v -4.03251883 -1.15999997 2.65999994
v -4.03425589 -1.15999997 2.66015192
v -4.03251883 -1.15999997 2.65999994
v -4.03425589 -1.15999997 2.66015192
v -4.03836783 -1.14392995 2.65999994
v -4.03969779 -1.14504697 2.66015192
v -4.05317801 -1.13537999 2.65999994
v -4.05347891 -1.13708997 2.66015192
v -4.07001883 -1.13834897 2.65999994
v -4.06915091 -1.13985296 2.66015192
v -4.08101096 -1.15144994 2.65999994
v -4.07937979 -1.15204297 2.66015192
v -4.08101096 -1.16855100 2.65999994
v -4.07937979 -1.16795697 2.66015192
v -4.07001883 -1.18165097 2.65999994
v -4.06915091 -1.18014699 2.66015192
v -4.05317801 -1.18461995 2.65999994
v -4.05347891 -1.18290998 2.66015192
v -4.03836783 -1.14392995 2.67999994
v -4.03969779 -1.14504697 2.67984796
v -4.03251883 -1.15999997 2.67999994
v -4.03425589 -1.15999997 2.67984796
v -4.03251883 -1.15999997 2.67999994
v -4.03425589 -1.15999997 2.67984796
v -4.03836783 -1.17607000 2.67999994
v -4.03969779 -1.17495298 2.67984796
v -4.05317801 -1.18461995 2.67999994
v -4.05347891 -1.18290998 2.67984796
v -4.07001883 -1.18165097 2.67999994
v -4.06915091 -1.18014699 2.67984796
v -4.08101096 -1.16855100 2.67999994
v -4.07937979 -1.16795697 2.67984796
v -4.08101096 -1.15144994 2.67999994
v -4.07937979 -1.15204297 2.67984796
v -4.07001883 -1.13834897 2.67999994
v -4.06915091 -1.13985296 2.67984796
v -4.05317801 -1.13537999 2.67999994
v -4.05347891 -1.13708997 2.67984796
v -4.04251883 -1.15999997 2.66999994
v -4.04017996 -1.15999997 2.67642786
v -4.04602896 -1.15035795 2.66999994
v -4.04423605 -1.14885396 2.67642786
v -4.04602896 -1.15035795 2.66999994
v -4.04423605 -1.14885396 2.67642786
v -4.05491385 -1.14522794 2.66999994
v -4.05491385 -1.14522794 2.66999994
v -4.05450797 -1.14292394 2.67642786
v -4.05450797 -1.14292394 2.67642786
v -4.06501883 -1.14700994 2.66999994
v -4.06501883 -1.14700994 2.66999994
v -4.06618887 -1.14498296 2.67642786
v -4.06618887 -1.14498296 2.67642786
v -4.07161398 -1.15486997 2.66999994
v -4.07161398 -1.15486997 2.66999994
v -4.07381278 -1.15406995 2.67642786
v -4.07381278 -1.15406995 2.67642786
v -4.07161398 -1.16512998 2.66999994
v -4.07161398 -1.16512998 2.66999994
v -4.07381278 -1.16593099 2.67642786
v -4.07381278 -1.16593099 2.67642786
v -4.06501883 -1.17299001 2.66999994
v -4.06501883 -1.17299001 2.66999994
v -4.06618887 -1.17501699 2.67642786
v -4.06618887 -1.17501699 2.67642786
v -4.05491385 -1.17477201 2.66999994
v -4.05491385 -1.17477201 2.66999994
v -4.05450797 -1.17707601 2.67642786
v -4.05450797 -1.17707601 2.67642786
v -4.04602896 -1.16964200 2.66999994
v -4.04602896 -1.16964200 2.66999994
v -4.04423605 -1.17114599 2.67642786
v -4.04251883 -1.15999997 2.66999994
v -4.04017996 -1.15999997 2.67642786
v -4.04251883 -1.15999997 2.66999994
v -4.04017996 -1.15999997 2.66357202
v -4.04602896 -1.16964200 2.66999994
v -4.04017996 -1.15999997 2.66357202
v -4.04423605 -1.17114599 2.66357202
v -4.05450797 -1.17707601 2.66357202
v -4.06618887 -1.17501699 2.66357202
v -4.07381278 -1.16593099 2.66357202
v -4.07381278 -1.15406995 2.66357202
v -4.06618887 -1.14498296 2.66357202
v -4.05450797 -1.14292394 2.66357202
v -4.04423605 -1.14885396 2.66357202
v -4.04423605 -1.17114599 2.66357202
v -4.04423605 -1.14885396 2.67642786
v -3.90337699 -1.23128095 2.67999994
v -3.89859183 -1.23249997 2.67999994
v -3.90539695 -1.22982801 2.67999994
v -3.89751883 -1.23249997 2.67999994
v -3.93259391 -1.20457395 2.67999994
v -3.93259391 -1.11542600 2.67999994
v -3.93593283 -1.11747899 2.67999994
v -3.90106101 -1.23218999 2.67999994
v -3.89751883 -1.08749998 2.67999994
v -3.90539695 -1.09017194 2.67999994
v -3.89859183 -1.08749998 2.67999994
v -3.90337699 -1.08871900 2.67999994
v -3.90106101 -1.08780996 2.67999994
v -3.93593283 -1.20252095 2.67999994
v -3.93980490 -1.11808996 2.67999994
v -3.93980490 -1.20190999 2.67999994
v -3.94361380 -1.11716596 2.67999994
v -3.94361380 -1.20283399 2.67999994
v -4.03251883 -1.15999997 2.67999994
v -4.03836783 -1.17607000 2.67999994
v -4.03836783 -1.14392995 2.67999994
v -3.98800589 -1.09652601 2.67999994
v -4.03371298 -1.09189901 2.67999994
v -4.05317801 -1.13537999 2.67999994
v -4.07244376 -1.11660398 2.67999994
v -4.07001883 -1.13834897 2.67999994
v -4.08101096 -1.15144994 2.67999994
v -4.08751883 -1.15999997 2.67999994
v -4.08101096 -1.16855100 2.67999994
v -4.07244376 -1.20339597 2.67999994
v -4.07001883 -1.18165097 2.67999994
v -4.05317801 -1.18461995 2.67999994
v -4.03371298 -1.22810094 2.67999994
v -3.98800589 -1.22347394 2.67999994
v -3.90539695 -1.22982801 2.67999994
v -3.90539695 -1.22982801 2.65999994
v -3.90337699 -1.23128095 2.67999994
v -3.90337699 -1.23128095 2.65999994
v -3.90106101 -1.23218999 2.67999994
v -3.90106101 -1.23218999 2.65999994
v -3.89859183 -1.23249997 2.67999994
v -3.89859183 -1.23249997 2.65999994
v -3.89859183 -1.23249997 2.65999994
v -3.89751883 -1.23249997 2.65999994
v -3.89859183 -1.23249997 2.67999994
v -3.89751883 -1.23249997 2.67999994
v -3.89859183 -1.08749998 2.67999994
v -3.89859183 -1.08749998 2.65999994
v -3.90106101 -1.08780996 2.67999994
v -3.90106101 -1.08780996 2.65999994
v -3.90337699 -1.08871900 2.67999994
v -3.90337699 -1.08871900 2.65999994
v -3.90539695 -1.09017194 2.67999994
v -3.90539695 -1.09017194 2.65999994
v -3.89859183 -1.08749998 2.67999994
v -3.89751883 -1.08749998 2.67999994
v -3.89859183 -1.08749998 2.65999994
v -3.89751883 -1.08749998 2.65999994
v -3.94361380 -1.11716596 2.65999994
v -3.94361380 -1.11716596 2.67999994
v -3.93980490 -1.11808996 2.65999994
v -3.93980490 -1.11808996 2.67999994
v -3.93593283 -1.11747899 2.67999994
v -3.93259391 -1.11542600 2.67999994
v -3.93259391 -1.11542600 2.65999994
v -3.93593283 -1.11747899 2.65999994
v -3.90539695 -1.09017194 2.65999994
v -3.93259391 -1.11542600 2.65999994
v -3.90539695 -1.09017194 2.67999994
v -3.93259391 -1.11542600 2.67999994
v -3.93259391 -1.20457395 2.65999994
v -3.93259391 -1.20457395 2.67999994
v -3.93593283 -1.20252095 2.65999994
v -3.93593283 -1.20252095 2.67999994
v -3.93980490 -1.20190999 2.67999994
v -3.94361380 -1.20283399 2.67999994
v -3.94361380 -1.20283399 2.65999994
v -3.93980490 -1.20190999 2.65999994
v -3.94361380 -1.20283399 2.67999994
v -3.98800589 -1.22347394 2.67999994
v -3.94361380 -1.20283399 2.65999994
v -3.98800589 -1.22347394 2.65999994
v -3.94361380 -1.11716596 2.65999994
v -3.98800589 -1.09652601 2.65999994
v -3.94361380 -1.11716596 2.67999994
v -3.98800589 -1.09652601 2.67999994
v -3.98800589 -1.22347394 2.65999994
v -3.98800589 -1.22347394 2.67999994
v -4.03371298 -1.22810094 2.65999994
v -4.03371298 -1.22810094 2.67999994
v -4.07244376 -1.20339597 2.65999994
v -4.07244376 -1.20339597 2.67999994
v -4.08751883 -1.15999997 2.65999994
v -4.08751883 -1.15999997 2.67999994
v -4.07244376 -1.11660398 2.65999994
v -4.07244376 -1.11660398 2.67999994
v -4.03371298 -1.09189901 2.65999994
v -4.03371298 -1.09189901 2.67999994
v -3.98800589 -1.09652601 2.65999994
v -3.98800589 -1.09652601 2.67999994
v -3.90539695 -1.22982801 2.67999994
v -3.93259391 -1.20457395 2.67999994
v -3.90539695 -1.22982801 2.65999994
v -3.93259391 -1.20457395 2.65999994
v -1.33499997 3.15999993 3.32999993
v -1.33499997 3.15999993 3.35999992
v -1.33365994 3.16499993 3.32999993
v -1.33365994 3.16499993 3.35999992
v -1.32999997 3.16865990 3.32999993
v -1.32999997 3.16865990 3.35999992
v -1.32499997 3.16999993 3.32999993
v -1.32499997 3.16999993 3.35999992
v 1.33499997 3.15999993 3.32999993
v -1.33499997 3.15999993 3.32999993
v 1.33365994 3.16499993 3.32999993
v -1.33365994 3.16499993 3.32999993
v 1.32999997 3.16865990 3.32999993
v -1.32999997 3.16865990 3.32999993
v 1.32499997 3.16999993 3.32999993
v -1.32499997 3.16999993 3.32999993
v -1.32499997 3.16999993 3.35999992
v 1.32499997 3.16999993 3.35999992
v -1.32499997 3.16999993 3.32999993
v 1.32499997 3.16999993 3.32999993
v 1.32499997 3.16999993 3.32999993
v 1.32499997 3.16999993 3.35999992
v 1.32999997 3.16865990 3.32999993
v 1.32999997 3.16865990 3.35999992
v 1.33365994 3.16499993 3.32999993
v 1.33365994 3.16499993 3.35999992
v 1.33499997 3.15999993 3.32999993
v 1.33499997 3.15999993 3.35999992
v 1.33499997 -3.15999993 3.32999993
v 1.33499997 -3.15999993 3.35999992
v 1.33365994 -3.16499993 3.32999993
v 1.33365994 -3.16499993 3.35999992
v 1.32999997 -3.16865990 3.32999993
v 1.32999997 -3.16865990 3.35999992
v 1.32499997 -3.16999993 3.32999993
v 1.32499997 -3.16999993 3.35999992
v -1.33499997 -3.15999993 3.32999993
v 1.33499997 -3.15999993 3.32999993
v -1.33365994 -3.16499993 3.32999993
v 1.33365994 -3.16499993 3.32999993
v -1.32999997 -3.16865990 3.32999993
v 1.32999997 -3.16865990 3.32999993
v -1.32499997 -3.16999993 3.32999993
v 1.32499997 -3.16999993 3.32999993
v 1.32499997 -3.16999993 3.35999992
v -1.32499997 -3.16999993 3.35999992
v 1.32499997 -3.16999993 3.32999993
v -1.32499997 -3.16999993 3.32999993
v -1.32499997 -3.16999993 3.32999993
v -1.32499997 -3.16999993 3.35999992
v -1.32999997 -3.16865990 3.32999993
v -1.32999997 -3.16865990 3.35999992
v -1.33365994 -3.16499993 3.32999993
v -1.33365994 -3.16499993 3.35999992
v -1.33499997 -3.15999993 3.32999993
v -1.33499997 -3.15999993 3.35999992
v 1.33499997 3.15999993 3.35999992
v 1.33499997 -3.15999993 3.35999992
v 1.33499997 3.15999993 3.32999993
v 1.33499997 -3.15999993 3.32999993
v -1.33499997 3.15999993 3.32999993
v -1.33499997 -3.15999993 3.32999993
v -1.33499997 3.15999993 3.35999992
v -1.33499997 -3.15999993 3.35999992
v -1.32999997 3.16865990 3.35999992
v -1.33499997 3.15999993 3.35999992
v -1.32499997 3.16999993 3.35999992
v -1.33499997 -3.15999993 3.35999992
v -1.32499997 -3.16999993 3.35999992
v -1.32999997 -3.16865990 3.35999992
v -1.33365994 -3.16499993 3.35999992
v -1.33365994 3.16499993 3.35999992
v 1.32499997 -3.16999993 3.35999992
v 1.32499997 3.16999993 3.35999992
v 1.33499997 -3.15999993 3.35999992
v 1.33499997 3.15999993 3.35999992
v 1.32999997 -3.16865990 3.35999992
v 1.33365994 -3.16499993 3.35999992
v 1.33365994 3.16499993 3.35999992
v 1.32999997 3.16865990 3.35999992
v -1.33999997 3.13999993 3.32999993
v -1.33999997 -3.13999993 3.32999993
v -1.33499997 -3.15999993 3.32999993
v -1.44999997 -3.13999993 3.32999993
v -1.52999997 -3.13999993 3.32999993
v -1.52999997 3.13999993 3.32999993
v -1.44999997 3.13999993 3.32999993
v -1.33499997 3.15999993 3.32999993
v -1.63999996 -3.13999993 3.32999993
v -2.99999993 -3.13999993 3.32999993
v -3.40999992 -3.15999993 3.32999993
v -3.10999993 -3.13999993 3.32999993
v -3.18999993 -3.13999993 3.32999993
v -3.18999993 3.13999993 3.32999993
v -3.10999993 3.13999993 3.32999993
v -3.40999992 3.15999993 3.32999993
v -2.99999993 3.13999993 3.32999993
v -1.63999996 3.13999993 3.32999993
v -3.29999993 -3.13999993 3.32999993
v -3.45999992 -3.10999993 3.32999993
v -3.43499992 -3.15330193 3.32999993
v -3.45330192 -3.13499993 3.32999993
v -3.45999992 3.10999993 3.32999993
v -3.29999993 3.13999993 3.32999993
v -3.43499992 3.15330193 3.32999993
v -3.45330192 3.13499993 3.32999993
v 1.52999997 -3.13999993 3.32999993
v 1.33499997 -3.15999993 3.32999993
v 1.63999996 -3.13999993 3.32999993
v 2.99999993 -3.13999993 3.32999993
v 1.63999996 3.13999993 3.32999993
v 2.99999993 3.13999993 3.32999993
v 1.33499997 3.15999993 3.32999993
v 3.40999992 3.15999993 3.32999993
v 3.10999993 3.13999993 3.32999993
v 3.18999993 3.13999993 3.32999993
v 3.18999993 -3.13999993 3.32999993
v 3.10999993 -3.13999993 3.32999993
v 3.40999992 -3.15999993 3.32999993
v 1.52999997 3.13999993 3.32999993
v 1.44999997 3.13999993 3.32999993
v 1.44999997 -3.13999993 3.32999993
v 1.33999997 -3.13999993 3.32999993
v 1.33999997 3.13999993 3.32999993
v 3.29999993 -3.13999993 3.32999993
v 3.45999992 -3.10999993 3.32999993
v 3.45999992 3.10999993 3.32999993
v 3.29999993 3.13999993 3.32999993
v 3.43499992 3.15330193 3.32999993
v 3.45330192 3.13499993 3.32999993
v 3.43499992 -3.15330193 3.32999993
v 3.45330192 -3.13499993 3.32999993
v 3.46999992 -3.10999993 3.31999993
v 3.46865990 -3.10999993 3.32499993
v 3.46196098 -3.13999993 3.31999993
v 3.46080192 -3.13933007 3.32499993
v 3.43999992 -3.16196190 3.31999993
v 3.43933006 -3.16080193 3.32499993
v 3.40999992 -3.16999993 3.31999993
v 3.40999992 -3.16865990 3.32499993
v 3.43749992 -3.15763085 3.32865990
v 3.40999992 -3.16499993 3.32865990
v 3.43499992 -3.15330193 3.32999993
v 3.40999992 -3.15999993 3.32999993
v 3.46499992 -3.10999993 3.32865990
v 3.45763084 -3.13749993 3.32865990
v 3.45999992 -3.10999993 3.32999993
v 3.45330192 -3.13499993 3.32999993
v -3.40999992 -3.15999993 3.32999993
v -3.40999992 -3.16499993 3.32865990
v -1.33499997 -3.15999993 3.32999993
v 3.40999992 -3.16499993 3.32865990
v 1.33499997 -3.15999993 3.32999993
v 3.40999992 -3.15999993 3.32999993
v 3.40999992 -3.16865990 3.32499993
v -3.40999992 -3.16865990 3.32499993
v 3.40999992 -3.16999993 3.31999993
v -3.40999992 -3.16999993 3.31999993
v -3.45999992 -3.10999993 3.32999993
v -3.46499992 -3.10999993 3.32865990
v -3.45330192 -3.13499993 3.32999993
v -3.45763084 -3.13749993 3.32865990
v -3.43499992 -3.15330193 3.32999993
v -3.43749992 -3.15763085 3.32865990
v -3.40999992 -3.15999993 3.32999993
v -3.40999992 -3.16499993 3.32865990
v -3.43933006 -3.16080193 3.32499993
v -3.40999992 -3.16865990 3.32499993
v -3.43999992 -3.16196190 3.31999993
v -3.40999992 -3.16999993 3.31999993
v -3.46865990 -3.10999993 3.32499993
v -3.46080192 -3.13933007 3.32499993
v -3.46999992 -3.10999993 3.31999993
v -3.46196098 -3.13999993 3.31999993
v -3.45999992 -3.10999993 3.32999993
v -3.45999992 3.10999993 3.32999993
v -3.46499992 -3.10999993 3.32865990
v -3.46499992 3.10999993 3.32865990
v -3.46865990 -3.10999993 3.32499993
v -3.46865990 3.10999993 3.32499993
v -3.46999992 -3.10999993 3.31999993
v -3.46999992 3.10999993 3.31999993
v -3.40999992 3.15999993 3.32999993
v -3.40999992 3.16499993 3.32865990
v -3.43499992 3.15330193 3.32999993
v -3.43749992 3.15763085 3.32865990
v -3.45330192 3.13499993 3.32999993
v -3.45763084 3.13749993 3.32865990
v -3.45999992 3.10999993 3.32999993
v -3.46499992 3.10999993 3.32865990
v -3.46080192 3.13933007 3.32499993
v -3.46865990 3.10999993 3.32499993
v -3.46196098 3.13999993 3.31999993
v -3.46999992 3.10999993 3.31999993
v -3.40999992 3.16865990 3.32499993
v -3.43933006 3.16080193 3.32499993
v -3.40999992 3.16999993 3.31999993
v -3.43999992 3.16196190 3.31999993
v 3.40999992 3.15999993 3.32999993
v 3.40999992 3.16499993 3.32865990
v 1.33499997 3.15999993 3.32999993
v -3.40999992 3.16499993 3.32865990
v -1.33499997 3.15999993 3.32999993
v -3.40999992 3.15999993 3.32999993
v -3.40999992 3.16865990 3.32499993
v 3.40999992 3.16865990 3.32499993
v -3.40999992 3.16999993 3.31999993
v 3.40999992 3.16999993 3.31999993
v 3.45999992 3.10999993 3.32999993
v 3.46499992 3.10999993 3.32865990
v 3.45330192 3.13499993 3.32999993
v 3.45763084 3.13749993 3.32865990
v 3.43499992 3.15330193 3.32999993
v 3.43749992 3.15763085 3.32865990
v 3.40999992 3.15999993 3.32999993
v 3.40999992 3.16499993 3.32865990
v 3.43933006 3.16080193 3.32499993
v 3.40999992 3.16865990 3.32499993
v 3.43999992 3.16196190 3.31999993
v 3.40999992 3.16999993 3.31999993
v 3.46865990 3.10999993 3.32499993
v 3.46080192 3.13933007 3.32499993
v 3.46999992 3.10999993 3.31999993
v 3.46196098 3.13999993 3.31999993
v 3.46999992 -3.10999993 3.31999993
v 3.46999992 3.10999993 3.31999993
v 3.46865990 -3.10999993 3.32499993
v 3.46865990 3.10999993 3.32499993
v 3.46499992 -3.10999993 3.32865990
v 3.46499992 3.10999993 3.32865990
v 3.45999992 -3.10999993 3.32999993
v 3.45999992 3.10999993 3.32999993
v -3.40999992 3.16999993 3.31999993
v 3.40999992 3.16999993 3.31999993
v -3.40999992 3.16999993 3.29999993
v 3.40999992 3.16999993 3.29999993
v 3.40999992 3.16999993 3.29999993
v 3.40999992 3.16999993 3.31999993
v 3.43999992 3.16196190 3.29999993
v 3.43999992 3.16196190 3.31999993
v 3.46196098 3.13999993 3.29999993
v 3.46196098 3.13999993 3.31999993
v 3.46999992 3.10999993 3.29999993
v 3.46999992 3.10999993 3.31999993
v 3.46999992 3.10999993 3.31999993
v 3.46999992 -3.10999993 3.31999993
v 3.46999992 3.10999993 3.29999993
v 3.46999992 -3.10999993 3.29999993
v 3.46999992 -3.10999993 3.29999993
v 3.46999992 -3.10999993 3.31999993
v 3.46196098 -3.13999993 3.29999993
v 3.46196098 -3.13999993 3.31999993
v 3.43999992 -3.16196190 3.29999993
v 3.43999992 -3.16196190 3.31999993
v 3.40999992 -3.16999993 3.29999993
v 3.40999992 -3.16999993 3.31999993
v -3.40999992 -3.16999993 3.29999993
v -3.40999992 -3.16999993 3.31999993
v -3.43999992 -3.16196190 3.29999993
v -3.43999992 -3.16196190 3.31999993
v -3.46196098 -3.13999993 3.29999993
v -3.46196098 -3.13999993 3.31999993
v -3.46999992 -3.10999993 3.29999993
v -3.46999992 -3.10999993 3.31999993
v 3.40999992 -3.16999993 3.31999993
v -3.40999992 -3.16999993 3.31999993
v 3.40999992 -3.16999993 3.29999993
v -3.40999992 -3.16999993 3.29999993
v -3.46999992 3.10999993 3.29999993
v -3.46999992 3.10999993 3.31999993
v -3.46196098 3.13999993 3.29999993
v -3.46196098 3.13999993 3.31999993
v -3.43999992 3.16196190 3.29999993
v -3.43999992 3.16196190 3.31999993
v -3.40999992 3.16999993 3.29999993
v -3.40999992 3.16999993 3.31999993
v -3.46999992 -3.10999993 3.31999993
v -3.46999992 3.10999993 3.31999993
v -3.46999992 -3.10999993 3.29999993
v -3.46999992 3.10999993 3.29999993
v -3.69999992 -0.93999998 2.96499993
v -3.72999992 -0.93999998 2.96499993
v -3.69999992 -0.96999998 2.95696099
v -3.72999992 -0.96999998 2.95696099
v -3.69999992 -0.99196150 2.93499993
v -3.72999992 -0.99196150 2.93499993
v -3.69999992 -0.99999998 2.90499994
v -3.72999992 -0.99999998 2.90499994
v -3.72999992 -0.99999998 2.90499994
v -3.72999992 -0.99999998 2.37499995
v -3.69999992 -0.99999998 2.90499994
v -3.69999992 -0.99999998 2.37499995
v -3.72999992 -0.85135618 2.72081689
v -3.72999992 0.84032949 2.70171899
v -3.72999992 -0.83650000 2.67999994
v -3.72999992 0.84032949 2.65828180
v -3.72999992 -0.85135618 2.63918299
v -3.72999992 0.86824995 2.62500696
v -3.72999992 -0.88897329 2.61746485
v -3.72999992 0.99999998 2.37499995
v -3.72999992 -0.99999998 2.37499995
v -3.72999992 -0.93999998 2.31499995
v -3.72999992 -0.99196150 2.34499995
v -3.72999992 -0.96999998 2.32303797
v -3.72999992 -0.88897329 2.74253503
v -3.72999992 -0.93999998 2.96499993
v -3.72999992 0.86824995 2.73499292
v -3.72999992 -0.99999998 2.90499994
v -3.72999992 -0.93175009 2.73499292
v -3.72999992 -0.95967046 2.70171899
v -3.72999992 -0.95967046 2.65828180
v -3.72999992 -0.93175009 2.62500696
v -3.72999992 0.94864378 2.72081689
v -3.72999992 0.99999998 2.90499994
v -3.72999992 0.96349996 2.67999994
v -3.72999992 0.94864378 2.63918299
v -3.72999992 0.91102667 2.61746485
v -3.72999992 0.91102667 2.74253503
v -3.72999992 0.93999998 2.96499993
v -3.72999992 -0.99196150 2.93499993
v -3.72999992 -0.96999998 2.95696099
v -3.72999992 0.96999998 2.95696099
v -3.72999992 0.99196150 2.93499993
v -3.72999992 0.93999998 2.31499995
v -3.72999992 0.99196150 2.34499995
v -3.72999992 0.96999998 2.32303797
v -3.69999992 -0.99999998 2.37499995
v -3.72999992 -0.99999998 2.37499995
v -3.69999992 -0.99196150 2.34499995
v -3.72999992 -0.99196150 2.34499995
v -3.69999992 -0.96999998 2.32303797
v -3.72999992 -0.96999998 2.32303797
v -3.69999992 -0.93999998 2.31499995
v -3.72999992 -0.93999998 2.31499995
v -3.72999992 -0.93999998 2.31499995
v -3.72999992 0.93999998 2.31499995
v -3.69999992 -0.93999998 2.31499995
v -3.69999992 0.93999998 2.31499995
v -3.69999992 0.93999998 2.31499995
v -3.72999992 0.93999998 2.31499995
v -3.69999992 0.96999998 2.32303797
v -3.72999992 0.96999998 2.32303797
v -3.69999992 0.99196150 2.34499995
v -3.72999992 0.99196150 2.34499995
v -3.69999992 0.99999998 2.37499995
v -3.72999992 0.99999998 2.37499995
v -3.72999992 0.99999998 2.37499995
v -3.72999992 0.99999998 2.90499994
v -3.69999992 0.99999998 2.37499995
v -3.69999992 0.99999998 2.90499994
v -3.69999992 0.99999998 2.90499994
v -3.72999992 0.99999998 2.90499994
v -3.69999992 0.99196150 2.93499993
v -3.72999992 0.99196150 2.93499993
v -3.69999992 0.96999998 2.95696099
v -3.72999992 0.96999998 2.95696099
v -3.69999992 0.93999998 2.96499993
v -3.72999992 0.93999998 2.96499993
v -3.69999992 -0.93999998 2.96499993
v -3.69999992 0.93999998 2.96499993
v -3.72999992 -0.93999998 2.96499993
v -3.72999992 0.93999998 2.96499993
v 3.67999992 1.81999996 0.29999999
v 3.69999992 1.81999996 0.29999999
v 3.67999992 1.80999996 0.30267949
v 3.69999992 1.80999996 0.30267949
v 3.67999992 1.80267895 0.30999999
v 3.69999992 1.80267895 0.30999999
v 3.67999992 1.79999996 0.31999999
v 3.69999992 1.79999996 0.31999999
v 3.69999992 1.80267895 0.30999999
v 3.69999992 1.81999996 0.29999999
v 3.69999992 1.79999996 0.31999999
v 3.69999992 3.19999993 0.29999999
v 3.69999992 3.19999993 1.54999997
v 3.69999992 1.80999996 0.30267949
v 3.69999992 1.79999996 1.54999997
v 3.50999992 3.24499993 0.29999999
v 3.67999992 1.67999996 0.29999999
v 3.50999992 -3.24499993 0.29999999
v 3.69999992 -3.19999993 0.29999999
v 3.68477592 -3.27653679 0.29999999
v -3.50999992 3.24499993 0.29999999
v -1.97999996 3.37999992 0.29999999
v 3.49999992 3.39999992 0.29999999
v 3.57653679 3.38477593 0.29999999
v -3.50999992 -3.24499993 0.29999999
v -3.67999992 -1.67999996 0.29999999
v -3.69999992 3.19999993 0.29999999
v -3.68477592 3.27653679 0.29999999
v 1.97999996 -3.37999992 0.29999999
v -3.49999992 -3.39999992 0.29999999
v -3.57653679 -3.38477593 0.29999999
v 3.69999992 1.81999996 0.29999999
v 3.67999992 1.81999996 0.29999999
v 3.69999992 3.19999993 0.29999999
v 3.68477592 3.27653679 0.29999999
v 3.64142204 3.34142204 0.29999999
v 3.69999992 1.67999996 0.29999999
v 3.64142204 -3.34142204 0.29999999
v 3.57653679 -3.38477593 0.29999999
v 3.49999992 -3.39999992 0.29999999
v 2.11999995 -3.39999992 0.29999999
v 2.11999995 -3.37999992 0.29999999
v 1.97999996 -3.39999992 0.29999999
v -3.64142204 -3.34142204 0.29999999
v -3.68477592 -3.27653679 0.29999999
v -3.69999992 -3.19999993 0.29999999
v -3.69999992 -1.81999996 0.29999999
v -3.67999992 -1.81999996 0.29999999
v -3.69999992 -1.67999996 0.29999999
v -3.64142204 3.34142204 0.29999999
v -3.57653679 3.38477593 0.29999999
v -3.49999992 3.39999992 0.29999999
v -2.11999995 3.39999992 0.29999999
v -2.11999995 3.37999992 0.29999999
v -1.97999996 3.39999992 0.29999999
v 3.67999992 1.69999996 0.31999999
v 3.69999992 1.69999996 0.31999999
v 3.67999992 1.69732098 0.30999999
v 3.69999992 1.69732098 0.30999999
v 3.67999992 1.68999996 0.30267949
v 3.69999992 1.68999996 0.30267949
v 3.67999992 1.67999996 0.29999999
v 3.69999992 1.67999996 0.29999999
v 3.69999992 1.69999996 0.31999999
v 3.67999992 1.69999996 0.31999999
v 3.69999992 1.69999996 1.54999997
v 3.67999992 1.69999996 1.54999997
v 3.68477592 1.69999996 1.62653698
v 3.66629783 1.69999996 1.61888302
v 3.64142204 1.69999996 1.69142101
v 3.62727897 1.69999996 1.67727902
v 3.57653679 1.69999996 1.73477596
v 3.56888298 1.69999996 1.71629803
v 3.49999992 1.69999996 1.74999996
v 3.49999992 1.69999996 1.72999996
v 3.37999992 1.69999996 1.74999996
v 3.37999992 1.69999996 1.72999996
v 3.33999993 1.69999996 1.76071789
v 3.32999993 1.69999996 1.74339703
v 3.31071800 1.69999996 1.78999996
v 3.29339806 1.69999996 1.77999996
v 3.29999993 1.69999996 1.82999996
v 3.27999993 1.69999996 1.82999996
v 3.27999993 1.69999996 2.08999995
v 3.29999993 1.69999996 2.08999995
v 3.67999992 1.69999996 2.06999995
v 3.69999992 1.69999996 2.06999995
v 3.67999992 1.69732098 2.05999995
v 3.69999992 1.69732098 2.05999995
v 3.67999992 1.68999996 2.05267894
v 3.69999992 1.68999996 2.05267894
v 3.67999992 1.67999996 2.04999995
v 3.69999992 1.67999996 2.04999995
v 3.69999992 1.69999996 2.06999995
v 3.67999992 1.69999996 2.06999995
v 3.69999992 1.69999996 3.09999993
v 3.67999992 1.69999996 3.09999993
v 3.68477592 1.69999996 3.17653679
v 3.66629783 1.69999996 3.16888299
v 3.64142204 1.69999996 3.24142205
v 3.62727897 1.69999996 3.22727898
v 3.57653679 1.69999996 3.28477593
v 3.56888298 1.69999996 3.26629784
v 3.49999992 1.69999996 3.29999993
v 3.49999992 1.69999996 3.27999993
v 3.67999992 1.81999996 2.04999995
v 3.69999992 1.81999996 2.04999995
v 3.67999992 1.80999996 2.05267894
v 3.69999992 1.80999996 2.05267894
v 3.67999992 1.80267895 2.05999995
v 3.69999992 1.80267895 2.05999995
v 3.67999992 1.79999996 2.06999995
v 3.69999992 1.79999996 2.06999995
v 3.69999992 2.26777888 2.44699991
v 3.69999992 3.19999993 2.04999995
v 3.69999992 2.28600001 2.51499994
v 3.69999992 3.19999993 3.09999993
v 3.69999992 2.26777888 2.58299982
v 3.69999992 2.21799998 2.63278009
v 3.69999992 1.79999996 3.09999993
v 3.69999992 2.14999995 2.65100000
v 3.69999992 2.08199992 2.63278009
v 3.69999992 2.03221996 2.58299982
v 3.69999992 2.01399989 2.51499994
v 3.69999992 1.79999996 2.06999995
v 3.69999992 2.03221996 2.44699991
v 3.69999992 2.08199992 2.39722102
v 3.69999992 2.14999995 2.37899989
v 3.69999992 1.81999996 2.04999995
v 3.69999992 2.21799998 2.39722102
v 3.69999992 1.80267895 2.05999995
v 3.69999992 1.80999996 2.05267894
v 3.69999992 1.67999996 2.04999995
v 3.69999992 -3.19999993 2.04999995
v 3.67999992 1.67999996 2.04999995
v 3.66999992 -3.19999993 2.04999995
v 3.66999992 3.19999993 2.04999995
v 3.65705985 -3.26505608 2.04999995
v 3.68477592 -3.27653679 2.04999995
v 3.62020805 -3.32020806 2.04999995
v 3.64142204 -3.34142204 2.04999995
v 3.56505607 -3.35705986 2.04999995
v 3.57653679 -3.38477593 2.04999995
v 3.49999992 -3.36999992 2.04999995
v 3.49999992 -3.39999992 2.04999995
v 2.11999995 -3.37999992 2.04999995
v 2.11999995 -3.39999992 2.04999995
v 1.97999996 -3.37999992 2.04999995
v -3.49999992 -3.36999992 2.04999995
v -3.49999992 -3.39999992 2.04999995
v -3.57653679 -3.38477593 2.04999995
v 1.97999996 -3.39999992 2.04999995
v -3.56505607 -3.35705986 2.04999995
v -3.64142204 -3.34142204 2.04999995
v -3.62020805 -3.32020806 2.04999995
v -3.68477592 -3.27653679 2.04999995
v -3.65705985 -3.26505608 2.04999995
v -3.69999992 -3.19999993 2.04999995
v -3.66999992 -3.19999993 2.04999995
v -3.67999992 -1.81999996 2.04999995
v -3.67999992 -1.67999996 2.04999995
v -3.69999992 -1.81999996 2.04999995
v -3.69999992 -1.67999996 2.04999995
v -3.69999992 3.19999993 2.04999995
v -3.66999992 3.19999993 2.04999995
v -3.65705985 3.26505608 2.04999995
v -3.68477592 3.27653679 2.04999995
v -3.62020805 3.32020806 2.04999995
v -3.64142204 3.34142204 2.04999995
v -3.56505607 3.35705986 2.04999995
v -3.57653679 3.38477593 2.04999995
v -3.49999992 3.36999992 2.04999995
v -3.49999992 3.39999992 2.04999995
v -2.11999995 3.37999992 2.04999995
v -2.11999995 3.39999992 2.04999995
v -1.97999996 3.37999992 2.04999995
v 3.49999992 3.36999992 2.04999995
v 3.49999992 3.39999992 2.04999995
v 3.57653679 3.38477593 2.04999995
v -1.97999996 3.39999992 2.04999995
v 3.56505607 3.35705986 2.04999995
v 3.64142204 3.34142204 2.04999995
v 3.62020805 3.32020806 2.04999995
v 3.68477592 3.27653679 2.04999995
v 3.65705985 3.26505608 2.04999995
v 3.69999992 3.19999993 2.04999995
v 3.67999992 1.81999996 2.04999995
v 3.69999992 1.81999996 2.04999995
v -1.99999996 3.37999992 2.06999995
v -1.99999996 3.39999992 2.06999995
v -1.99732097 3.37999992 2.05999995
v -1.99732097 3.39999992 2.05999995
v -1.98999996 3.37999992 2.05267894
v -1.98999996 3.39999992 2.05267894
v -1.97999996 3.37999992 2.04999995
v -1.97999996 3.39999992 2.04999995
v -1.99999996 3.39999992 2.06999995
v -1.99999996 3.37999992 2.06999995
v -1.99999996 3.39999992 3.09999993
v -1.99999996 3.37999992 3.09999993
v -1.99999996 3.38477593 3.17653679
v -1.99999996 3.36629784 3.16888299
v -1.99999996 3.34142204 3.24142205
v -1.99999996 3.32727898 3.22727898
v -1.99999996 3.27653679 3.28477593
v -1.99999996 3.26888298 3.26629784
v -1.99999996 3.19999993 3.29999993
v -1.99999996 3.19999993 3.27999993
v -2.11999995 3.37999992 2.04999995
v -2.11999995 3.39999992 2.04999995
v -2.10999995 3.37999992 2.05267894
v -2.10999995 3.39999992 2.05267894
v -2.10267894 3.37999992 2.05999995
v -2.10267894 3.39999992 2.05999995
v -2.09999995 3.37999992 2.06999995
v -2.09999995 3.39999992 2.06999995
v -2.10267894 3.39999992 2.05999995
v -2.11999995 3.39999992 2.04999995
v -2.09999995 3.39999992 2.06999995
v -3.49999992 3.39999992 2.04999995
v -3.49999992 3.39999992 3.09999993
v -2.10999995 3.39999992 2.05267894
v -2.09999995 3.39999992 3.09999993
v -2.11999995 3.37999992 0.29999999
v -2.11999995 3.39999992 0.29999999
v -2.10999995 3.37999992 0.30267949
v -2.10999995 3.39999992 0.30267949
v -2.10267894 3.37999992 0.30999999
v -2.10267894 3.39999992 0.30999999
v -2.09999995 3.37999992 0.31999999
v -2.09999995 3.39999992 0.31999999
v -2.10267894 3.39999992 0.30999999
v -2.11999995 3.39999992 0.29999999
v -2.09999995 3.39999992 0.31999999
v -3.49999992 3.39999992 0.29999999
v -3.49999992 3.39999992 1.54999997
v -2.10999995 3.39999992 0.30267949
v -2.09999995 3.39999992 1.54999997
v -1.99999996 3.37999992 0.31999999
v -1.99999996 3.39999992 0.31999999
v -1.99732097 3.37999992 0.30999999
v -1.99732097 3.39999992 0.30999999
v -1.98999996 3.37999992 0.30267949
v -1.98999996 3.39999992 0.30267949
v -1.97999996 3.37999992 0.29999999
v -1.97999996 3.39999992 0.29999999
v -1.99999996 3.39999992 0.31999999
v -1.99999996 3.37999992 0.31999999
v -1.99999996 3.39999992 1.54999997
v -1.99999996 3.37999992 1.54999997
v -1.99999996 3.38477593 1.62653698
v -1.99999996 3.36629784 1.61888302
v -1.99999996 3.34142204 1.69142101
v -1.99999996 3.32727898 1.67727902
v -1.99999996 3.27653679 1.73477596
v -1.99999996 3.26888298 1.71629803
v -1.99999996 3.19999993 1.74999996
v -1.99999996 3.19999993 1.72999996
v -1.99999996 2.87999994 1.74999996
v -1.99999996 2.87999994 1.72999996
v -1.99999996 2.83999994 1.76071789
v -1.99999996 2.82999994 1.74339703
v -1.99999996 2.81071802 1.78999996
v -1.99999996 2.79339807 1.77999996
v -1.99999996 2.79999994 1.82999996
v -1.99999996 2.77999994 1.82999996
v -1.99999996 2.77999994 2.08999995
v -1.99999996 2.79999994 2.08999995
v -3.67999992 -1.69999996 0.31999999
v -3.69999992 -1.69999996 0.31999999
v -3.67999992 -1.69732098 0.30999999
v -3.69999992 -1.69732098 0.30999999
v -3.67999992 -1.68999996 0.30267949
v -3.69999992 -1.68999996 0.30267949
v -3.67999992 -1.67999996 0.29999999
v -3.69999992 -1.67999996 0.29999999
v -3.67999992 -1.69999996 0.31999999
v -3.67999992 -1.69999996 1.54999997
v -3.69999992 -1.69999996 0.31999999
v -3.69999992 -1.69999996 1.54999997
v -3.68477592 -1.69999996 1.62653698
v -3.66629783 -1.69999996 1.61888302
v -3.64142204 -1.69999996 1.69142101
v -3.62727897 -1.69999996 1.67727902
v -3.57653679 -1.69999996 1.73477596
v -3.56888298 -1.69999996 1.71629803
v -3.49999992 -1.69999996 1.74999996
v -3.49999992 -1.69999996 1.72999996
v -3.37999992 -1.69999996 1.74999996
v -3.37999992 -1.69999996 1.72999996
v -3.33999993 -1.69999996 1.76071789
v -3.32999993 -1.69999996 1.74339703
v -3.31071800 -1.69999996 1.78999996
v -3.29339806 -1.69999996 1.77999996
v -3.29999993 -1.69999996 1.82999996
v -3.27999993 -1.69999996 1.82999996
v -3.29999993 -1.69999996 2.08999995
v -3.27999993 -1.69999996 2.08999995
v -3.67999992 -1.81999996 0.29999999
v -3.69999992 -1.81999996 0.29999999
v -3.67999992 -1.80999996 0.30267949
v -3.69999992 -1.80999996 0.30267949
v -3.67999992 -1.80267895 0.30999999
v -3.69999992 -1.80267895 0.30999999
v -3.67999992 -1.79999996 0.31999999
v -3.69999992 -1.79999996 0.31999999
v -3.69999992 -1.80267895 0.30999999
v -3.69999992 -1.81999996 0.29999999
v -3.69999992 -1.79999996 0.31999999
v -3.69999992 -3.19999993 0.29999999
v -3.69999992 -3.19999993 1.54999997
v -3.69999992 -1.80999996 0.30267949
v -3.69999992 -1.79999996 1.54999997
v -3.67999992 -1.81999996 2.04999995
v -3.69999992 -1.81999996 2.04999995
v -3.67999992 -1.80999996 2.05267894
v -3.69999992 -1.80999996 2.05267894
v -3.67999992 -1.80267895 2.05999995
v -3.69999992 -1.80267895 2.05999995
v -3.67999992 -1.79999996 2.06999995
v -3.69999992 -1.79999996 2.06999995
v -3.69999992 -2.03221996 2.58299982
v -3.69999992 -1.79999996 3.09999993
v -3.69999992 -2.01399989 2.51499994
v -3.69999992 -1.79999996 2.06999995
v -3.69999992 -2.03221996 2.44699991
v -3.69999992 -2.08199992 2.39722102
v -3.69999992 -2.14999995 2.37899989
v -3.69999992 -1.81999996 2.04999995
v -3.69999992 -2.21799998 2.39722102
v -3.69999992 -3.19999993 2.04999995
v -3.69999992 -2.26777888 2.44699991
v -3.69999992 -2.28600001 2.51499994
v -3.69999992 -3.19999993 3.09999993
v -3.69999992 -2.26777888 2.58299982
v -3.69999992 -2.21799998 2.63278009
v -3.69999992 -2.14999995 2.65100000
v -3.69999992 -2.08199992 2.63278009
v -3.69999992 -1.80267895 2.05999995
v -3.69999992 -1.80999996 2.05267894
v -3.67999992 -1.69999996 2.06999995
v -3.69999992 -1.69999996 2.06999995
v -3.67999992 -1.69732098 2.05999995
v -3.69999992 -1.69732098 2.05999995
v -3.67999992 -1.68999996 2.05267894
v -3.69999992 -1.68999996 2.05267894
v -3.67999992 -1.67999996 2.04999995
v -3.69999992 -1.67999996 2.04999995
v -3.67999992 -1.69999996 2.06999995
v -3.67999992 -1.69999996 3.09999993
v -3.69999992 -1.69999996 2.06999995
v -3.69999992 -1.69999996 3.09999993
v -3.68477592 -1.69999996 3.17653679
v -3.66629783 -1.69999996 3.16888299
v -3.64142204 -1.69999996 3.24142205
v -3.62727897 -1.69999996 3.22727898
v -3.57653679 -1.69999996 3.28477593
v -3.56888298 -1.69999996 3.26629784
v -3.49999992 -1.69999996 3.29999993
v -3.49999992 -1.69999996 3.27999993
v 2.11999995 -3.37999992 2.04999995
v 2.11999995 -3.39999992 2.04999995
v 2.10999995 -3.37999992 2.05267894
v 2.10999995 -3.39999992 2.05267894
v 2.10267894 -3.37999992 2.05999995
v 2.10267894 -3.39999992 2.05999995
v 2.09999995 -3.37999992 2.06999995
v 2.09999995 -3.39999992 2.06999995
v 1.99999996 -3.37999992 2.06999995
v 1.99999996 -3.39999992 2.06999995
v 1.99732097 -3.37999992 2.05999995
v 1.99732097 -3.39999992 2.05999995
v 1.98999996 -3.37999992 2.05267894
v 1.98999996 -3.39999992 2.05267894
v 1.97999996 -3.37999992 2.04999995
v 1.97999996 -3.39999992 2.04999995
v -2.93288293 -3.39999992 2.85966180
v -2.93288293 -3.39999992 2.66444391
v -2.88750482 -3.39999992 2.85966180
v -2.86709100 -3.39999992 2.66487085
v -2.85610284 -3.39999992 2.85966180
v -2.82376397 -3.39999992 2.66516992
v -2.82169702 -3.39999992 2.85966089
v -2.80127283 -3.39999992 2.85963891
v -2.79692590 -3.39999992 2.66537988
v -2.67883600 -3.39999992 2.76531702
v -2.78152704 -3.39999992 2.66553095
v -2.68018488 -3.39999992 2.72918787
v -2.76562402 -3.39999992 2.66597986
v -2.75260583 -3.39999992 2.66715784
v -2.68535486 -3.39999992 2.70540704
v -2.72114008 -3.39999992 2.67359979
v -2.69733881 -3.39999992 2.68637201
v -2.68678308 -3.39999992 2.82569208
v -2.73224390 -3.39999992 2.85518182
v -2.76676507 -3.39999992 2.85898279
v -2.78653894 -3.39999992 2.85937982
v -2.69511499 -3.39999992 2.83855798
v -2.70621088 -3.39999992 2.84666803
v 1.99999996 -3.37999992 2.06999995
v 1.99999996 -3.37999992 3.09999993
v 1.99999996 -3.39999992 2.06999995
v 1.99999996 -3.39999992 3.09999993
v 1.99999996 -3.38477593 3.17653679
v 1.99999996 -3.36629784 3.16888299
v 1.99999996 -3.34142204 3.24142205
v 1.99999996 -3.32727898 3.22727898
v 1.99999996 -3.27653679 3.28477593
v 1.99999996 -3.26888298 3.26629784
v 1.99999996 -3.19999993 3.29999993
v 1.99999996 -3.19999993 3.27999993
v 1.99999996 -3.37999992 0.31999999
v 1.99999996 -3.39999992 0.31999999
v 1.99732097 -3.37999992 0.30999999
v 1.99732097 -3.39999992 0.30999999
v 1.98999996 -3.37999992 0.30267949
v 1.98999996 -3.39999992 0.30267949
v 1.97999996 -3.37999992 0.29999999
v 1.97999996 -3.39999992 0.29999999
v 1.99999996 -3.37999992 0.31999999
v 1.99999996 -3.37999992 1.54999997
v 1.99999996 -3.39999992 0.31999999
v 1.99999996 -3.39999992 1.54999997
v 1.99999996 -3.38477593 1.62653698
v 1.99999996 -3.36629784 1.61888302
v 1.99999996 -3.34142204 1.69142101
v 1.99999996 -3.32727898 1.67727902
v 1.99999996 -3.27653679 1.73477596
v 1.99999996 -3.26888298 1.71629803
v 1.99999996 -3.19999993 1.74999996
v 1.99999996 -3.19999993 1.72999996
v 1.99999996 -2.87999994 1.74999996
v 1.99999996 -2.87999994 1.72999996
v 1.99999996 -2.83999994 1.76071789
v 1.99999996 -2.82999994 1.74339703
v 1.99999996 -2.81071802 1.78999996
v 1.99999996 -2.79339807 1.77999996
v 1.99999996 -2.79999994 1.82999996
v 1.99999996 -2.77999994 1.82999996
v 1.99999996 -2.79999994 2.08999995
v 1.99999996 -2.77999994 2.08999995
v 2.11999995 -3.37999992 0.29999999
v 2.11999995 -3.39999992 0.29999999
v 2.10999995 -3.37999992 0.30267949
v 2.10999995 -3.39999992 0.30267949
v 2.10267894 -3.37999992 0.30999999
v 2.10267894 -3.39999992 0.30999999
v 2.09999995 -3.37999992 0.31999999
v 2.09999995 -3.39999992 0.31999999
v 2.09999995 -3.37999992 2.06999995
v 2.09999995 -3.39999992 2.06999995
v 2.09999995 -3.37999992 3.09999993
v 2.09999995 -3.39999992 3.09999993
v 2.09999995 -3.38477593 3.17653679
v 2.09999995 -3.36629784 3.16888299
v 2.09999995 -3.34142204 3.24142205
v 2.09999995 -3.32727898 3.22727898
v 2.09999995 -3.27653679 3.28477593
v 2.09999995 -3.26888298 3.26629784
v 2.09999995 -3.19999993 3.29999993
v 2.09999995 -3.19999993 3.27999993
v 1.99999996 -3.19999993 3.29999993
v 1.99999996 -3.19999993 3.27999993
v 2.09999995 -3.19999993 3.29999993
v 2.09999995 -3.19999993 3.27999993
v 2.10267894 -3.39999992 0.30999999
v 2.11999995 -3.39999992 0.29999999
v 2.09999995 -3.39999992 0.31999999
v 3.49999992 -3.39999992 0.29999999
v 3.49999992 -3.39999992 1.54999997
v 2.10999995 -3.39999992 0.30267949
v 2.09999995 -3.39999992 1.54999997
v 1.98999996 -3.39999992 0.30267949
v 1.99732097 -3.39999992 0.30999999
v 1.97999996 -3.39999992 0.29999999
v 1.99999996 -3.39999992 0.31999999
v -3.49999992 -3.39999992 0.29999999
v -3.49999992 -3.39999992 1.54999997
v 1.99999996 -3.39999992 1.54999997
v 3.49999992 -3.19999993 1.74999996
v 2.09999995 -3.19999993 1.74999996
v 3.49999992 -3.27653679 1.73477596
v 2.09999995 -3.27653679 1.73477596
v 3.49999992 -3.34142204 1.69142101
v 2.09999995 -3.34142204 1.69142101
v 3.49999992 -3.38477593 1.62653698
v 2.09999995 -3.38477593 1.62653698
v 3.49999992 -3.39999992 1.54999997
v 2.09999995 -3.39999992 1.54999997
v -3.49999992 -3.39999992 1.54999997
v 1.99999996 -3.39999992 1.54999997
v -3.49999992 -3.38477593 1.62653698
v 1.99999996 -3.38477593 1.62653698
v -3.49999992 -3.34142204 1.69142101
v 1.99999996 -3.34142204 1.69142101
v -3.49999992 -3.27653679 1.73477596
v 1.99999996 -3.27653679 1.73477596
v -3.49999992 -3.19999993 1.74999996
v 1.99999996 -3.19999993 1.74999996
v 2.09999995 -2.87999994 1.74999996
v 2.09999995 -3.19999993 1.74999996
v 3.14999993 -2.87999994 1.74999996
v 3.49999992 -3.19999993 1.74999996
v 3.23801690 -2.86249200 1.74999996
v 3.31263481 -2.81263482 1.74999996
v 3.36249199 -2.73801691 1.74999996
v 3.37999992 -2.64999994 1.74999996
v 3.49999992 1.69999996 1.74999996
v 3.37999992 1.69999996 1.74999996
v 1.99999996 -2.87999994 1.74999996
v -2.34262095 -2.87999994 1.74999996
v 1.99999996 -3.19999993 1.74999996
v -3.49999992 -3.19999993 1.74999996
v -2.42725291 -2.86386285 1.74999996
v -2.50000895 -2.81771692 1.74999996
v -2.55067987 -2.74803705 1.74999996
v -2.57215692 -2.66459985 1.74999996
v -3.17681603 -2.28936000 1.74999996
v -2.59762079 -2.54494196 1.74999996
v -2.65648706 -2.43769892 1.74999996
v -2.74376001 -2.35196787 1.74999996
v -3.09384789 -2.28396891 1.74999996
v -2.85203607 -2.29502391 1.74999996
v -2.97212792 -2.27169795 1.74999996
v -3.25627892 -2.26490199 1.74999996
v -3.32185387 -2.21378901 1.74999996
v -3.36497307 -2.14270198 1.74999996
v -3.49999992 -1.79999996 1.74999996
v -3.37999992 -2.06092891 1.74999996
v -3.37999992 -1.79999996 1.74999996
v 3.14999993 -2.79999994 1.82999996
v 2.09999995 -2.79999994 1.82999996
v 3.14999993 -2.81071802 1.78999996
v 2.09999995 -2.81071802 1.78999996
v 3.14999993 -2.83999994 1.76071789
v 2.09999995 -2.83999994 1.76071789
v 3.14999993 -2.87999994 1.74999996
v 2.09999995 -2.87999994 1.74999996
v -2.34262095 -2.87999994 1.74999996
v 1.99999996 -2.87999994 1.74999996
v -2.34262095 -2.83999994 1.76071789
v 1.99999996 -2.83999994 1.76071789
v -2.34262095 -2.81071802 1.78999996
v 1.99999996 -2.81071802 1.78999996
v -2.34262095 -2.79999994 1.82999996
v 1.99999996 -2.79999994 1.82999996
v 2.09999995 -2.79999994 1.82999996
v 3.14999993 -2.79999994 1.82999996
v 2.09999995 -2.79999994 2.08999995
v 3.14999993 -2.79999994 2.08999995
v 1.99999996 -2.79999994 2.08999995
v -2.34262095 -2.79999994 2.08999995
v 1.99999996 -2.79999994 1.82999996
v -2.34262095 -2.79999994 1.82999996
v 2.10267894 -3.39999992 2.05999995
v 2.11999995 -3.39999992 2.04999995
v 2.09999995 -3.39999992 2.06999995
v 3.49999992 -3.39999992 2.04999995
v 3.49999992 -3.39999992 3.09999993
v 2.10999995 -3.39999992 2.05267894
v 2.09999995 -3.39999992 3.09999993
v 3.49999992 -3.19999993 3.29999993
v 2.09999995 -3.19999993 3.29999993
v 3.49999992 -3.27653679 3.28477593
v 2.09999995 -3.27653679 3.28477593
v 3.49999992 -3.34142204 3.24142205
v 2.09999995 -3.34142204 3.24142205
v 3.49999992 -3.38477593 3.17653679
v 2.09999995 -3.38477593 3.17653679
v 3.49999992 -3.39999992 3.09999993
v 2.09999995 -3.39999992 3.09999993
v -3.49999992 -3.39999992 3.09999993
v 1.99999996 -3.39999992 3.09999993
v -3.49999992 -3.38477593 3.17653679
v 1.99999996 -3.38477593 3.17653679
v -3.49999992 -3.34142204 3.24142205
v 1.99999996 -3.34142204 3.24142205
v -3.49999992 -3.27653679 3.28477593
v 1.99999996 -3.27653679 3.28477593
v -3.49999992 -3.19999993 3.29999993
v 1.99999996 -3.19999993 3.29999993
v 3.49999992 1.69999996 3.29999993
v 3.49999992 1.69999996 3.27999993
v 3.49999992 1.79999996 3.29999993
v 3.49999992 1.79999996 3.27999993
v 3.69999992 1.79999996 2.06999995
v 3.69999992 1.79999996 3.09999993
v 3.67999992 1.79999996 2.06999995
v 3.67999992 1.79999996 3.09999993
v 3.68477592 1.79999996 3.17653679
v 3.66629783 1.79999996 3.16888299
v 3.64142204 1.79999996 3.24142205
v 3.62727897 1.79999996 3.22727898
v 3.57653679 1.79999996 3.28477593
v 3.56888298 1.79999996 3.26629784
v 3.49999992 1.79999996 3.29999993
v 3.49999992 1.79999996 3.27999993
v 3.69999992 1.79999996 0.31999999
v 3.69999992 1.79999996 1.54999997
v 3.67999992 1.79999996 0.31999999
v 3.67999992 1.79999996 1.54999997
v 3.68477592 1.79999996 1.62653698
v 3.66629783 1.79999996 1.61888302
v 3.64142204 1.79999996 1.69142101
v 3.62727897 1.79999996 1.67727902
v 3.57653679 1.79999996 1.73477596
v 3.56888298 1.79999996 1.71629803
v 3.49999992 1.79999996 1.74999996
v 3.49999992 1.79999996 1.72999996
v 3.37999992 1.79999996 1.72999996
v 3.37999992 1.79999996 1.74999996
v 3.33999993 1.79999996 1.76071789
v 3.32999993 1.79999996 1.74339703
v 3.31071800 1.79999996 1.78999996
v 3.29339806 1.79999996 1.77999996
v 3.29999993 1.79999996 1.82999996
v 3.27999993 1.79999996 1.82999996
v 3.27999993 1.79999996 2.08999995
v 3.29999993 1.79999996 2.08999995
v 3.69999992 1.68999996 2.05267894
v 3.69999992 1.69732098 2.05999995
v 3.69999992 1.67999996 2.04999995
v 3.69999992 1.69999996 2.06999995
v 3.69999992 -3.19999993 2.04999995
v 3.69999992 -3.19999993 3.09999993
v 3.69999992 1.69999996 3.09999993
v 3.69999992 -3.19999993 3.09999993
v 3.69999992 1.69999996 3.09999993
v 3.68477592 -3.19999993 3.17653679
v 3.68477592 1.69999996 3.17653679
v 3.64142204 -3.19999993 3.24142205
v 3.64142204 1.69999996 3.24142205
v 3.57653679 -3.19999993 3.28477593
v 3.57653679 1.69999996 3.28477593
v 3.49999992 -3.19999993 3.29999993
v 3.49999992 1.69999996 3.29999993
v 3.29999993 1.69999996 2.08999995
v 3.29999993 -2.64999994 2.08999995
v 3.29999993 1.69999996 1.82999996
v 3.29999993 -2.64999994 1.82999996
v 3.29999993 1.79999996 1.82999996
v 3.29999993 2.06092891 1.82999996
v 3.29999993 1.79999996 2.08999995
v 3.29999993 2.06092891 2.08999995
v 3.69999992 0.00122000 0.85641508
v 3.69999992 -0.00475731 0.85641508
v 3.69999992 0.13287860 0.67321509
v 3.69999992 -0.13757950 0.67321509
v 3.69999992 -0.34400001 0.55721499
v 3.69999992 -0.23100000 0.67321509
v 3.69999992 -0.34400001 1.29278501
v 3.69999992 -0.22800249 1.17678495
v 3.69999992 -0.13089579 1.17678495
v 3.69999992 -0.05030297 0.92599996
v 3.69999992 0.23100000 0.67321509
v 3.69999992 0.11869980 1.02669798
v 3.69999992 0.01083812 1.17678495
v 3.69999992 0.34400001 1.29278501
v 3.69999992 0.22751480 1.17678495
v 3.69999992 0.34400001 0.55721499
v 3.37999992 -2.64999994 1.74999996
v 3.37999992 1.69999996 1.74999996
v 3.33999993 -2.64999994 1.76071789
v 3.33999993 1.69999996 1.76071789
v 3.31071800 -2.64999994 1.78999996
v 3.31071800 1.69999996 1.78999996
v 3.29999993 -2.64999994 1.82999996
v 3.29999993 1.69999996 1.82999996
v 3.29999993 2.06092891 1.82999996
v 3.29999993 1.79999996 1.82999996
v 3.31071800 2.06092891 1.78999996
v 3.31071800 1.79999996 1.78999996
v 3.33999993 2.06092891 1.76071789
v 3.33999993 1.79999996 1.76071789
v 3.37999992 2.06092891 1.74999996
v 3.37999992 1.79999996 1.74999996
v 3.69999992 -3.19999993 1.54999997
v 3.69999992 1.69999996 1.54999997
v 3.68477592 -3.19999993 1.62653698
v 3.68477592 1.69999996 1.62653698
v 3.64142204 -3.19999993 1.69142101
v 3.64142204 1.69999996 1.69142101
v 3.57653679 -3.19999993 1.73477596
v 3.57653679 1.69999996 1.73477596
v 3.49999992 -3.19999993 1.74999996
v 3.49999992 1.69999996 1.74999996
v -1.99999996 3.19999993 3.29999993
v -1.99999996 3.19999993 3.27999993
v -2.09999995 3.19999993 3.29999993
v -2.09999995 3.19999993 3.27999993
v -2.09999995 3.39999992 2.06999995
v -2.09999995 3.39999992 3.09999993
v -2.09999995 3.37999992 2.06999995
v -2.09999995 3.37999992 3.09999993
v -2.09999995 3.38477593 3.17653679
v -2.09999995 3.36629784 3.16888299
v -2.09999995 3.34142204 3.24142205
v -2.09999995 3.32727898 3.22727898
v -2.09999995 3.27653679 3.28477593
v -2.09999995 3.26888298 3.26629784
v -2.09999995 3.19999993 3.29999993
v -2.09999995 3.19999993 3.27999993
v -2.09999995 3.39999992 0.31999999
v -2.09999995 3.39999992 1.54999997
v -2.09999995 3.37999992 0.31999999
v -2.09999995 3.37999992 1.54999997
v -2.09999995 3.38477593 1.62653698
v -2.09999995 3.36629784 1.61888302
v -2.09999995 3.34142204 1.69142101
v -2.09999995 3.32727898 1.67727902
v -2.09999995 3.27653679 1.73477596
v -2.09999995 3.26888298 1.71629803
v -2.09999995 3.19999993 1.74999996
v -2.09999995 3.19999993 1.72999996
v -2.09999995 2.87999994 1.72999996
v -2.09999995 2.87999994 1.74999996
v -2.09999995 2.83999994 1.76071789
v -2.09999995 2.82999994 1.74339703
v -2.09999995 2.81071802 1.78999996
v -2.09999995 2.79339807 1.77999996
v -2.09999995 2.79999994 1.82999996
v -2.09999995 2.77999994 1.82999996
v -2.09999995 2.77999994 2.08999995
v -2.09999995 2.79999994 2.08999995
v -3.49999992 3.19999993 3.29999993
v -2.09999995 3.19999993 3.29999993
v -3.49999992 3.27653679 3.28477593
v -2.09999995 3.27653679 3.28477593
v -3.49999992 3.34142204 3.24142205
v -2.09999995 3.34142204 3.24142205
v -3.49999992 3.38477593 3.17653679
v -2.09999995 3.38477593 3.17653679
v -3.49999992 3.39999992 3.09999993
v -2.09999995 3.39999992 3.09999993
v -1.98999996 3.39999992 0.30267949
v -1.99732097 3.39999992 0.30999999
v -1.97999996 3.39999992 0.29999999
v -1.99999996 3.39999992 0.31999999
v 3.49999992 3.39999992 0.29999999
v 3.49999992 3.39999992 1.54999997
v -1.99999996 3.39999992 1.54999997
v -2.09999995 2.79999994 1.82999996
v -3.14999993 2.79999994 1.82999996
v -2.09999995 2.79999994 2.08999995
v -3.14999993 2.79999994 2.08999995
v -3.49999992 3.19999993 1.74999996
v -2.09999995 3.19999993 1.74999996
v -3.49999992 3.27653679 1.73477596
v -2.09999995 3.27653679 1.73477596
v -3.49999992 3.34142204 1.69142101
v -2.09999995 3.34142204 1.69142101
v -3.49999992 3.38477593 1.62653698
v -2.09999995 3.38477593 1.62653698
v -3.49999992 3.39999992 1.54999997
v -2.09999995 3.39999992 1.54999997
v 3.49999992 3.39999992 1.54999997
v -1.99999996 3.39999992 1.54999997
v 3.49999992 3.38477593 1.62653698
v -1.99999996 3.38477593 1.62653698
v 3.49999992 3.34142204 1.69142101
v -1.99999996 3.34142204 1.69142101
v 3.49999992 3.27653679 1.73477596
v -1.99999996 3.27653679 1.73477596
v 3.49999992 3.19999993 1.74999996
v -1.99999996 3.19999993 1.74999996
v -3.14999993 2.79999994 1.82999996
v -2.09999995 2.79999994 1.82999996
v -3.14999993 2.81071802 1.78999996
v -2.09999995 2.81071802 1.78999996
v -3.14999993 2.83999994 1.76071789
v -2.09999995 2.83999994 1.76071789
v -3.14999993 2.87999994 1.74999996
v -2.09999995 2.87999994 1.74999996
v -2.09999995 2.87999994 1.74999996
v -2.09999995 3.19999993 1.74999996
v -3.14999993 2.87999994 1.74999996
v -3.49999992 3.19999993 1.74999996
v -3.23801690 2.86249200 1.74999996
v -3.31263481 2.81263482 1.74999996
v -3.36249199 2.73801691 1.74999996
v -3.37999992 2.64999994 1.74999996
v -3.49999992 -1.69999996 1.74999996
v -3.37999992 -1.69999996 1.74999996
v -3.67999992 -1.79999996 2.06999995
v -3.69999992 -1.79999996 2.06999995
v -3.67999992 -1.79999996 3.09999993
v -3.69999992 -1.79999996 3.09999993
v -3.68477592 -1.79999996 3.17653679
v -3.66629783 -1.79999996 3.16888299
v -3.64142204 -1.79999996 3.24142205
v -3.62727897 -1.79999996 3.22727898
v -3.57653679 -1.79999996 3.28477593
v -3.56888298 -1.79999996 3.26629784
v -3.49999992 -1.79999996 3.29999993
v -3.49999992 -1.79999996 3.27999993
v -3.49999992 -1.79999996 3.27999993
v -3.49999992 -1.79999996 3.29999993
v -3.49999992 -1.69999996 3.27999993
v -3.49999992 -1.69999996 3.29999993
v -3.67999992 -1.79999996 0.31999999
v -3.69999992 -1.79999996 0.31999999
v -3.67999992 -1.79999996 1.54999997
v -3.69999992 -1.79999996 1.54999997
v -3.68477592 -1.79999996 1.62653698
v -3.66629783 -1.79999996 1.61888302
v -3.64142204 -1.79999996 1.69142101
v -3.62727897 -1.79999996 1.67727902
v -3.57653679 -1.79999996 1.73477596
v -3.56888298 -1.79999996 1.71629803
v -3.49999992 -1.79999996 1.74999996
v -3.49999992 -1.79999996 1.72999996
v -3.37999992 -1.79999996 1.72999996
v -3.37999992 -1.79999996 1.74999996
v -3.33999993 -1.79999996 1.76071789
v -3.32999993 -1.79999996 1.74339703
v -3.31071800 -1.79999996 1.78999996
v -3.29339806 -1.79999996 1.77999996
v -3.29999993 -1.79999996 1.82999996
v -3.27999993 -1.79999996 1.82999996
v -3.29999993 -1.79999996 2.08999995
v -3.27999993 -1.79999996 2.08999995
v -3.69999992 2.54245401 2.66348993
v -3.69999992 2.56318689 2.63394892
v -3.69999992 2.54399698 2.64869287
v -3.69999992 2.55299601 2.63590082
v -3.69999992 2.54727900 2.64039881
v -3.69999992 2.54193888 2.68750208
v -3.69999992 2.57988001 2.63329798
v -3.69999992 2.61760706 2.68750208
v -3.69999992 2.61709192 2.66348993
v -3.69999992 2.54245401 2.71151300
v -3.69999992 2.56318689 2.74105402
v -3.69999992 2.57988001 2.74170496
v -3.69999992 2.61709192 2.71151300
v -3.69999992 2.59654993 2.74105402
v -3.69999992 2.61554499 2.72631006
v -3.69999992 2.60665796 2.73910181
v -3.69999992 2.61229486 2.73460382
v -3.69999992 2.54399698 2.72631006
v -3.69999992 2.55299601 2.73910181
v -3.69999992 2.54727991 2.73460504
v -3.69999992 2.60665796 2.63590082
v -3.69999992 2.61554499 2.64869287
v -3.69999992 2.61229486 2.64039881
v -3.49999992 -3.19999993 3.29999993
v -3.49999992 -1.79999996 3.29999993
v -3.57653679 -3.19999993 3.28477593
v -3.57653679 -1.79999996 3.28477593
v -3.64142204 -3.19999993 3.24142205
v -3.64142204 -1.79999996 3.24142205
v -3.68477592 -3.19999993 3.17653679
v -3.68477592 -1.79999996 3.17653679
v -3.69999992 -3.19999993 3.09999993
v -3.69999992 -1.79999996 3.09999993
v -3.69999992 3.19999993 3.09999993
v -3.69999992 -1.69999996 3.09999993
v -3.68477592 3.19999993 3.17653679
v -3.68477592 -1.69999996 3.17653679
v -3.64142204 3.19999993 3.24142205
v -3.64142204 -1.69999996 3.24142205
v -3.57653679 3.19999993 3.28477593
v -3.57653679 -1.69999996 3.28477593
v -3.49999992 3.19999993 3.29999993
v -3.49999992 -1.69999996 3.29999993
v -3.69999992 -0.00122000 0.85641508
v -3.69999992 0.00475731 0.85641508
v -3.69999992 -0.13287860 0.67321509
v -3.69999992 0.13757950 0.67321509
v -3.69999992 0.34400001 0.55721499
v -3.69999992 0.23100000 0.67321509
v -3.69999992 0.34400001 1.29278501
v -3.69999992 0.22800249 1.17678495
v -3.69999992 0.13089579 1.17678495
v -3.69999992 0.05030297 0.92599996
v -3.69999992 -0.23100000 0.67321509
v -3.69999992 -0.11869980 1.02669798
v -3.69999992 -0.01083812 1.17678495
v -3.69999992 -0.34400001 1.29278501
v -3.69999992 -0.22751480 1.17678495
v -3.69999992 -0.34400001 0.55721499
v -3.49999992 -3.19999993 1.74999996
v -3.49999992 -1.79999996 1.74999996
v -3.57653679 -3.19999993 1.73477596
v -3.57653679 -1.79999996 1.73477596
v -3.64142204 -3.19999993 1.69142101
v -3.64142204 -1.79999996 1.69142101
v -3.68477592 -3.19999993 1.62653698
v -3.68477592 -1.79999996 1.62653698
v -3.69999992 -3.19999993 1.54999997
v -3.69999992 -1.79999996 1.54999997
v -3.69999992 3.19999993 1.54999997
v -3.69999992 -1.69999996 1.54999997
v -3.68477592 3.19999993 1.62653698
v -3.68477592 -1.69999996 1.62653698
v -3.64142204 3.19999993 1.69142101
v -3.64142204 -1.69999996 1.69142101
v -3.57653679 3.19999993 1.73477596
v -3.57653679 -1.69999996 1.73477596
v -3.49999992 3.19999993 1.74999996
v -3.49999992 -1.69999996 1.74999996
v 3.37999992 1.79999996 1.74999996
v 3.49999992 1.79999996 1.74999996
v 3.37999992 2.06092891 1.74999996
v 3.36497307 2.14270198 1.74999996
v 3.49999992 3.19999993 1.74999996
v 3.32185387 2.21378901 1.74999996
v 3.25627892 2.26490199 1.74999996
v 3.17681603 2.28936000 1.74999996
v 2.57215692 2.66459985 1.74999996
v 2.59762079 2.54494196 1.74999996
v -1.99999996 3.19999993 1.74999996
v 2.34262095 2.87999994 1.74999996
v 2.42725291 2.86386285 1.74999996
v 2.50000895 2.81771692 1.74999996
v -1.99999996 2.87999994 1.74999996
v 2.55067987 2.74803705 1.74999996
v 2.65648706 2.43769892 1.74999996
v 2.74376001 2.35196787 1.74999996
v 3.09384789 2.28396891 1.74999996
v 2.85203607 2.29502391 1.74999996
v 2.97212792 2.27169795 1.74999996
v -3.29999993 -1.79999996 1.82999996
v -3.29999993 -2.06092891 1.82999996
v -3.29999993 -1.79999996 2.08999995
v -3.29999993 -2.06092891 2.08999995
v -3.29999993 -2.06092891 1.82999996
v -3.29999993 -1.79999996 1.82999996
v -3.31071800 -2.06092891 1.78999996
v -3.31071800 -1.79999996 1.78999996
v -3.33999993 -2.06092891 1.76071789
v -3.33999993 -1.79999996 1.76071789
v -3.37999992 -2.06092891 1.74999996
v -3.37999992 -1.79999996 1.74999996
v -0.98999998 -2.28660288 1.11999997
v -0.93999998 -2.29999995 1.11999997
v -0.99740247 -2.33858195 1.13339696
v -0.93999998 -2.34999995 1.13339696
v -0.93999998 -2.38660288 1.16999997
v -1.01140997 -2.37239802 1.16999997
v -0.93999998 -2.39999995 1.21999997
v -1.01653700 -2.38477595 1.21999997
v -1.07194799 -2.33194788 1.16999997
v -1.08142095 -2.34142100 1.21999997
v -1.11239797 -2.27141001 1.16999997
v -1.12477598 -2.27653697 1.21999997
v -1.12660299 -2.19999995 1.16999997
v -1.13999997 -2.19999995 1.21999997
v -1.08999998 -2.19999995 1.13339696
v -1.07858198 -2.25740199 1.13339696
v -1.04606596 -2.30606593 1.13339696
v -1.03999998 -2.19999995 1.11999997
v -1.02660299 -2.24999995 1.11999997
v -1.13999997 -2.19999995 1.21999997
v -1.13999997 2.19999995 1.21999997
v -1.12660299 -2.19999995 1.16999997
v -1.12660299 2.19999995 1.16999997
v -1.08999998 -2.19999995 1.13339696
v -1.08999998 2.19999995 1.13339696
v -1.03999998 -2.19999995 1.11999997
v -1.03999998 2.19999995 1.11999997
v -0.93999998 2.39999995 1.21999997
v -0.93999998 2.38660288 1.16999997
v -1.01653700 2.38477595 1.21999997
v -1.01140997 2.37239802 1.16999997
v -1.08142095 2.34142100 1.21999997
v -1.07194799 2.33194788 1.16999997
v -1.12477598 2.27653697 1.21999997
v -1.11239797 2.27141001 1.16999997
v -1.13999997 2.19999995 1.21999997
v -1.12660299 2.19999995 1.16999997
v -1.07858198 2.25740199 1.13339696
v -1.08999998 2.19999995 1.13339696
v -1.03999998 2.19999995 1.11999997
v -1.02660299 2.24999995 1.11999997
v -1.04606596 2.30606593 1.13339696
v -0.98999998 2.28660288 1.11999997
v -0.99740247 2.33858195 1.13339696
v -0.93999998 2.29999995 1.11999997
v -0.93999998 2.34999995 1.13339696
v -0.93999998 2.39999995 1.21999997
v 0.93999998 2.39999995 1.21999997
v -0.93999998 2.38660288 1.16999997
v 0.93999998 2.38660288 1.16999997
v -0.93999998 2.34999995 1.13339696
v 0.93999998 2.34999995 1.13339696
v -0.93999998 2.29999995 1.11999997
v 0.93999998 2.29999995 1.11999997
v 1.13999997 2.19999995 1.21999997
v 1.12660299 2.19999995 1.16999997
v 1.12477598 2.27653697 1.21999997
v 1.11239797 2.27141001 1.16999997
v 1.08142095 2.34142100 1.21999997
v 1.07194799 2.33194788 1.16999997
v 1.01653700 2.38477595 1.21999997
v 1.01140997 2.37239802 1.16999997
v 0.93999998 2.39999995 1.21999997
v 0.93999998 2.38660288 1.16999997
v 0.99740247 2.33858195 1.13339696
v 0.93999998 2.34999995 1.13339696
v 0.93999998 2.29999995 1.11999997
v 0.98999998 2.28660288 1.11999997
v 1.04606596 2.30606593 1.13339696
v 1.02660299 2.24999995 1.11999997
v 1.07858198 2.25740199 1.13339696
v 1.03999998 2.19999995 1.11999997
v 1.08999998 2.19999995 1.13339696
v 1.13999997 2.19999995 1.21999997
v 1.13999997 -2.19999995 1.21999997
v 1.12660299 2.19999995 1.16999997
v 1.12660299 -2.19999995 1.16999997
v 1.08999998 2.19999995 1.13339696
v 1.08999998 -2.19999995 1.13339696
v 1.03999998 2.19999995 1.11999997
v 1.03999998 -2.19999995 1.11999997
v 0.93999998 -2.39999995 1.21999997
v 0.93999998 -2.38660288 1.16999997
v 1.01653700 -2.38477595 1.21999997
v 1.01140997 -2.37239802 1.16999997
v 1.08142095 -2.34142100 1.21999997
v 1.07194799 -2.33194788 1.16999997
v 1.12477598 -2.27653697 1.21999997
v 1.11239797 -2.27141001 1.16999997
v 1.13999997 -2.19999995 1.21999997
v 1.12660299 -2.19999995 1.16999997
v 1.07858198 -2.25740199 1.13339696
v 1.08999998 -2.19999995 1.13339696
v 1.03999998 -2.19999995 1.11999997
v 1.02660299 -2.24999995 1.11999997
v 1.04606596 -2.30606593 1.13339696
v 0.98999998 -2.28660288 1.11999997
v 0.99740247 -2.33858195 1.13339696
v 0.93999998 -2.29999995 1.11999997
v 0.93999998 -2.34999995 1.13339696
v 0.93999998 -2.39999995 1.21999997
v -0.93999998 -2.39999995 1.21999997
v 0.93999998 -2.38660288 1.16999997
v -0.93999998 -2.38660288 1.16999997
v 0.93999998 -2.34999995 1.13339696
v -0.93999998 -2.34999995 1.13339696
v 0.93999998 -2.29999995 1.11999997
v -0.93999998 -2.29999995 1.11999997
v 0.93999998 2.39999995 1.21999997
v -0.93999998 2.39999995 1.21999997
v 0.93999998 2.39999995 1.23999997
v -0.93999998 2.39999995 1.23999997
v -0.93999998 2.39999995 1.23999997
v -0.93999998 2.39999995 1.21999997
v -1.01653700 2.38477595 1.23999997
v -1.01653700 2.38477595 1.21999997
v -1.08142095 2.34142100 1.23999997
v -1.08142095 2.34142100 1.21999997
v -1.12477598 2.27653697 1.23999997
v -1.12477598 2.27653697 1.21999997
v -1.13999997 2.19999995 1.23999997
v -1.13999997 2.19999995 1.21999997
v -1.13999997 2.19999995 1.21999997
v -1.13999997 -2.19999995 1.21999997
v -1.13999997 2.19999995 1.23999997
v -1.13999997 -2.19999995 1.23999997
v -1.13999997 -2.19999995 1.23999997
v -1.13999997 -2.19999995 1.21999997
v -1.12477598 -2.27653697 1.23999997
v -1.12477598 -2.27653697 1.21999997
v -1.08142095 -2.34142100 1.23999997
v -1.08142095 -2.34142100 1.21999997
v -1.01653700 -2.38477595 1.23999997
v -1.01653700 -2.38477595 1.21999997
v -0.93999998 -2.39999995 1.23999997
v -0.93999998 -2.39999995 1.21999997
v -0.98999998 -2.28660288 1.11999997
v -1.03999998 -2.19999995 1.11999997
v -0.93999998 -2.29999995 1.11999997
v -0.93999998 2.29999995 1.11999997
v 0.93999998 2.29999995 1.11999997
v -1.02660299 -2.24999995 1.11999997
v -1.03999998 2.19999995 1.11999997
v -0.98999998 2.28660288 1.11999997
v -1.02660299 2.24999995 1.11999997
v 0.98999998 2.28660288 1.11999997
v 1.03999998 2.19999995 1.11999997
v 1.03999998 -2.19999995 1.11999997
v 0.93999998 -2.29999995 1.11999997
v 0.98999998 -2.28660288 1.11999997
v 1.02660299 -2.24999995 1.11999997
v 1.02660299 2.24999995 1.11999997
v 1.13999997 -2.19999995 1.21999997
v 1.13999997 2.19999995 1.21999997
v 1.13999997 -2.19999995 1.23999997
v 1.13999997 2.19999995 1.23999997
v 0.93999998 -2.39999995 1.23999997
v 0.93999998 -2.39999995 1.21999997
v 1.01653700 -2.38477595 1.23999997
v 1.01653700 -2.38477595 1.21999997
v 1.08142095 -2.34142100 1.23999997
v 1.08142095 -2.34142100 1.21999997
v 1.12477598 -2.27653697 1.23999997
v 1.12477598 -2.27653697 1.21999997
v 1.13999997 -2.19999995 1.23999997
v 1.13999997 -2.19999995 1.21999997
v -0.93999998 -2.39999995 1.21999997
v 0.93999998 -2.39999995 1.21999997
v -0.93999998 -2.39999995 1.23999997
v 0.93999998 -2.39999995 1.23999997
v 1.13999997 2.19999995 1.23999997
v 1.13999997 2.19999995 1.21999997
v 1.12477598 2.27653697 1.23999997
v 1.12477598 2.27653697 1.21999997
v 1.08142095 2.34142100 1.23999997
v 1.08142095 2.34142100 1.21999997
v 1.01653700 2.38477595 1.23999997
v 1.01653700 2.38477595 1.21999997
v 0.93999998 2.39999995 1.23999997
v 0.93999998 2.39999995 1.21999997
v 3.24999993 -2.64499994 1.23999997
v 3.24999993 -3.24499993 1.23999997
v 3.24999993 -2.64499994 1.63999996
v 3.24999993 -3.24499993 1.63999996
v -3.24999993 -3.24499993 1.23999997
v -3.24999993 -2.64499994 1.23999997
v -3.24999993 -3.24499993 1.63999996
v -3.24999993 -2.64499994 1.63999996
v -3.24999993 -2.64499994 1.23999997
v 3.24999993 -2.64499994 1.23999997
v -3.24999993 -2.64499994 1.63999996
v 3.24999993 -2.64499994 1.63999996
v -3.24999993 -2.64499994 1.63999996
v 3.24999993 -2.64499994 1.63999996
v -3.24999993 -3.24499993 1.63999996
v 3.24999993 -3.24499993 1.63999996
v 3.24999993 3.24499993 1.23999997
v 3.24999993 2.64499994 1.23999997
v 3.24999993 3.24499993 1.63999996
v 3.24999993 2.64499994 1.63999996
v 3.24999993 2.64499994 1.23999997
v -3.24999993 2.64499994 1.23999997
v 3.24999993 2.64499994 1.63999996
v -3.24999993 2.64499994 1.63999996
v -3.24999993 2.64499994 1.23999997
v -3.24999993 3.24499993 1.23999997
v -3.24999993 2.64499994 1.63999996
v -3.24999993 3.24499993 1.63999996
v -3.24999993 3.24499993 1.63999996
v 3.24999993 3.24499993 1.63999996
v -3.24999993 2.64499994 1.63999996
v 3.24999993 2.64499994 1.63999996
v 3.50999992 3.24499993 0.29999999
v 3.50999992 -3.24499993 0.29999999
v 3.50999992 3.24499993 1.23999997
v 3.50999992 -3.24499993 1.23999997
v 3.50999992 -3.24499993 1.23999997
v 3.50999992 -3.24499993 0.29999999
v 3.24999993 -3.24499993 1.23999997
v -3.50999992 -3.24499993 0.29999999
v -3.24999993 -3.24499993 1.23999997
v -3.50999992 -3.24499993 1.23999997
v -3.24999993 -3.24499993 1.63999996
v 3.24999993 -3.24499993 1.63999996
v -3.50999992 -3.24499993 0.29999999
v -3.50999992 3.24499993 0.29999999
v -3.50999992 -3.24499993 1.23999997
v -3.50999992 3.24499993 1.23999997
v -3.50999992 3.24499993 1.23999997
v -3.50999992 3.24499993 0.29999999
v -3.24999993 3.24499993 1.23999997
v 3.50999992 3.24499993 0.29999999
v 3.24999993 3.24499993 1.23999997
v 3.50999992 3.24499993 1.23999997
v 3.24999993 3.24499993 1.63999996
v -3.24999993 3.24499993 1.63999996
v -1.13999997 2.19999995 1.23999997
v -1.13999997 -2.19999995 1.23999997
v -3.24999993 -2.64499994 1.23999997
v -1.12477598 -2.27653697 1.23999997
v -1.08142095 -2.34142100 1.23999997
v -1.01653700 -2.38477595 1.23999997
v -0.93999998 -2.39999995 1.23999997
v 0.93999998 -2.39999995 1.23999997
v 3.24999993 -2.64499994 1.23999997
v 1.01653700 -2.38477595 1.23999997
v 1.08142095 -2.34142100 1.23999997
v 1.12477598 -2.27653697 1.23999997
v 1.13999997 -2.19999995 1.23999997
v 1.13999997 2.19999995 1.23999997
v 3.24999993 2.64499994 1.23999997
v 1.12477598 2.27653697 1.23999997
v 1.08142095 2.34142100 1.23999997
v 1.01653700 2.38477595 1.23999997
v 0.93999998 2.39999995 1.23999997
v -0.93999998 2.39999995 1.23999997
v -3.24999993 2.64499994 1.23999997
v -1.01653700 2.38477595 1.23999997
v -1.08142095 2.34142100 1.23999997
v -1.12477598 2.27653697 1.23999997
v -3.24999993 -3.24499993 1.23999997
v -3.50999992 -3.24499993 1.23999997
v -3.50999992 3.24499993 1.23999997
v -3.24999993 3.24499993 1.23999997
v 3.24999993 3.24499993 1.23999997
v 3.50999992 3.24499993 1.23999997
v 3.50999992 -3.24499993 1.23999997
v 3.24999993 -3.24499993 1.23999997
v -3.66999992 3.19999993 2.08999995
v -3.66999992 3.19999993 2.04999995
v -3.65705985 3.26505608 2.08999995
v -3.65705985 3.26505608 2.04999995
v -3.62020805 3.32020806 2.04999995
v -3.62020805 3.32020806 2.08999995
v -3.56505607 3.35705986 2.04999995
v -3.56505607 3.35705986 2.08999995
v -3.49999992 3.36999992 2.08999995
v -3.49999992 3.36999992 2.04999995
v -3.49999992 3.36999992 2.04999995
v 3.49999992 3.36999992 2.04999995
v -3.49999992 3.36999992 2.08999995
v 3.49999992 3.36999992 2.08999995
v 3.49999992 3.36999992 2.08999995
v 3.56505607 3.35705986 2.08999995
v 3.56505607 3.35705986 2.04999995
v 3.62020805 3.32020806 2.04999995
v 3.62020805 3.32020806 2.08999995
v 3.65705985 3.26505608 2.04999995
v 3.65705985 3.26505608 2.08999995
v 3.66999992 3.19999993 2.08999995
v 3.66999992 3.19999993 2.04999995
v 3.66999992 3.19999993 2.04999995
v 3.66999992 -3.19999993 2.04999995
v 3.66999992 3.19999993 2.08999995
v 3.66999992 -3.19999993 2.08999995
v 3.66999992 -3.19999993 2.08999995
v 3.65705985 -3.26505608 2.08999995
v 3.65705985 -3.26505608 2.04999995
v 3.62020805 -3.32020806 2.04999995
v 3.62020805 -3.32020806 2.08999995
v 3.56505607 -3.35705986 2.04999995
v 3.56505607 -3.35705986 2.08999995
v 3.49999992 -3.36999992 2.08999995
v 3.49999992 -3.36999992 2.04999995
v 3.49999992 -3.36999992 2.04999995
v -3.49999992 -3.36999992 2.04999995
v 3.49999992 -3.36999992 2.08999995
v -3.49999992 -3.36999992 2.08999995
v -3.49999992 -3.36999992 2.08999995
v -3.56505607 -3.35705986 2.08999995
v -3.56505607 -3.35705986 2.04999995
v -3.62020805 -3.32020806 2.04999995
v -3.62020805 -3.32020806 2.08999995
v -3.65705985 -3.26505608 2.04999995
v -3.65705985 -3.26505608 2.08999995
v -3.66999992 -3.19999993 2.08999995
v -3.66999992 -3.19999993 2.04999995
v -3.66999992 -3.19999993 2.04999995
v -3.66999992 -3.19999993 2.08999995
v -3.66999992 3.19999993 2.08999995
v -3.66999992 3.19999993 2.08999995
v -3.29999993 -1.69999996 2.08999995
v -3.66999992 -3.19999993 2.08999995
v -3.29999993 -1.79999996 2.08999995
v -3.29999993 -2.06092891 2.08999995
v -3.65705985 3.26505608 2.08999995
v -3.49999992 3.36999992 2.08999995
v -3.22499993 2.77990381 2.08999995
v -3.27990380 2.72499994 2.08999995
v -3.62020805 3.32020806 2.08999995
v -3.56505607 3.35705986 2.08999995
v 3.49999992 3.36999992 2.08999995
v -1.99999996 2.79999994 2.08999995
v -2.09999995 2.79999994 2.08999995
v -3.14999993 2.79999994 2.08999995
v 3.56505607 3.35705986 2.08999995
v 3.62020805 3.32020806 2.08999995
v 3.65705985 3.26505608 2.08999995
v 3.66999992 3.19999993 2.08999995
v 3.66999992 -3.19999993 2.08999995
v 3.29999993 1.69999996 2.08999995
v 3.29999993 1.79999996 2.08999995
v 3.29999993 2.06092891 2.08999995
v 3.65705985 -3.26505608 2.08999995
v 3.49999992 -3.36999992 2.08999995
v 3.22499993 -2.77990381 2.08999995
v 3.27990380 -2.72499994 2.08999995
v 3.62020805 -3.32020806 2.08999995
v 3.56505607 -3.35705986 2.08999995
v -3.49999992 -3.36999992 2.08999995
v 1.99999996 -2.79999994 2.08999995
v 2.09999995 -2.79999994 2.08999995
v 3.14999993 -2.79999994 2.08999995
v -3.56505607 -3.35705986 2.08999995
v -3.62020805 -3.32020806 2.08999995
v -3.65705985 -3.26505608 2.08999995
v 2.96847497 2.19178202 2.08999995
v 2.82550683 2.21955088 2.08999995
v 3.11337884 2.20639003 2.08999995
v 2.69660700 2.28734095 2.08999995
v 2.59271082 2.38940089 2.08999995
v 2.52263193 2.51707193 2.08999995
v 2.49231791 2.65952204 2.08999995
v 3.18093499 2.20770396 2.08999995
v 3.24221398 2.17923594 2.08999995
v 3.28478203 2.12676097 2.08999995
v 2.46923289 2.73043207 2.08999995
v 2.41485392 2.78146295 2.08999995
v 2.34262095 2.79999994 2.08999995
v -1.99999996 2.77999994 2.08999995
v -2.09999995 2.77999994 2.08999995
v -3.29999993 2.64999994 2.08999995
v -3.27999993 -1.69999996 2.08999995
v -3.27999993 -1.79999996 2.08999995
v -3.28478203 -2.12676097 2.08999995
v -3.24221398 -2.17923594 2.08999995
v -3.18093499 -2.20770396 2.08999995
v -2.49231791 -2.65952204 2.08999995
v -3.11337884 -2.20639003 2.08999995
v -2.52263193 -2.51707193 2.08999995
v -2.59271082 -2.38940089 2.08999995
v -2.69660700 -2.28734095 2.08999995
v -2.82550683 -2.21955088 2.08999995
v -2.96847497 -2.19178202 2.08999995
v -2.46923289 -2.73043207 2.08999995
v -2.41485392 -2.78146295 2.08999995
v -2.34262095 -2.79999994 2.08999995
v 1.99999996 -2.77999994 2.08999995
v 2.09999995 -2.77999994 2.08999995
v 3.29999993 -2.64999994 2.08999995
v 3.27999993 1.69999996 2.08999995
v 3.27999993 1.79999996 2.08999995
v -2.46923289 -2.73043207 1.82999996
v -2.49231791 -2.65952204 1.82999996
v -2.48800699 -2.71850580 1.78999996
v -2.50301493 -2.66020197 1.78999996
v -2.53223795 -2.66206079 1.76071789
v -2.51449595 -2.73098688 1.76071789
v -2.57215692 -2.66459985 1.74999996
v -2.55067987 -2.74803705 1.74999996
v -2.47263697 -2.78854883 1.76071789
v -2.50000895 -2.81771692 1.74999996
v -2.41253397 -2.82666986 1.76071789
v -2.42725291 -2.86386285 1.74999996
v -2.34262095 -2.83999994 1.76071789
v -2.34262095 -2.87999994 1.74999996
v -2.34262095 -2.81071802 1.78999996
v -2.40175898 -2.79944208 1.78999996
v -2.45259897 -2.76719598 1.78999996
v -2.34262095 -2.79999994 1.82999996
v -2.41485392 -2.78146295 1.82999996
v 3.36249199 -2.73801691 1.74999996
v 3.37999992 -2.64999994 1.74999996
v 3.33070091 -2.70871301 1.76071789
v 3.33999993 -2.64999994 1.76071789
v 3.31071800 -2.64999994 1.78999996
v 3.30285179 -2.69966486 1.78999996
v 3.29999993 -2.64999994 1.82999996
v 3.27990380 -2.72499994 1.82999996
v 3.28002404 -2.74446802 1.78999996
v 3.22499993 -2.77990381 1.82999996
v 3.24446801 -2.78002405 1.78999996
v 3.19966485 -2.80285181 1.78999996
v 3.20871300 -2.83070093 1.76071789
v 3.14999993 -2.83999994 1.76071789
v 3.14999993 -2.87999994 1.74999996
v 3.14999993 -2.79999994 1.82999996
v 3.14999993 -2.81071802 1.78999996
v 3.23801690 -2.86249200 1.74999996
v 3.26167900 -2.80371301 1.76071789
v 3.31263481 -2.81263482 1.74999996
v 3.30371300 -2.76167902 1.76071789
v 3.09384789 2.28396891 1.74999996
v 3.10361382 2.24517894 1.76071789
v 3.17681603 2.28936000 1.74999996
v 3.17215203 2.24963298 1.76071789
v 3.25627892 2.26490199 1.74999996
v 3.23779595 2.22942790 1.76071789
v 3.32185387 2.21378901 1.74999996
v 3.29196587 2.18720500 1.76071789
v 3.36497307 2.14270198 1.74999996
v 3.32758599 2.12848002 1.76071789
v 3.37999992 2.06092891 1.74999996
v 3.33999993 2.06092891 1.76071789
v 3.30021691 2.11806895 1.78999996
v 3.31071800 2.06092891 1.78999996
v 3.29999993 2.06092891 1.82999996
v 3.28478203 2.12676097 1.82999996
v 3.27008690 2.16774302 1.78999996
v 3.24221398 2.17923594 1.82999996
v 3.22426506 2.20345988 1.78999996
v 3.18093499 2.20770396 1.82999996
v 3.16873803 2.22055095 1.78999996
v 3.11337884 2.20639003 1.82999996
v 3.11076287 2.21678294 1.78999996
v 2.57215692 2.66459985 1.74999996
v 2.53223795 2.66206079 1.76071789
v 2.59762079 2.54494196 1.74999996
v 2.56012690 2.53100687 1.76071789
v 2.65648706 2.43769892 1.74999996
v 2.62459894 2.41354990 1.76071789
v 2.74376001 2.35196787 1.74999996
v 2.72018396 2.31965495 1.76071789
v 2.85203607 2.29502391 1.74999996
v 2.83877099 2.25728800 1.76071789
v 2.97212792 2.27169795 1.74999996
v 2.97030206 2.23173991 1.76071789
v 3.09384789 2.28396891 1.74999996
v 3.10361382 2.24517894 1.76071789
v 2.96896386 2.20248896 1.78999996
v 3.11076287 2.21678294 1.78999996
v 2.96847497 2.19178202 1.82999996
v 3.11337884 2.20639003 1.82999996
v 2.50301493 2.66020197 1.78999996
v 2.53267893 2.52080591 1.78999996
v 2.60125482 2.39587199 1.78999996
v 2.70292505 2.29600001 1.78999996
v 2.82906183 2.22966197 1.78999996
v 2.49231791 2.65952204 1.82999996
v 2.52263193 2.51707193 1.82999996
v 2.59271082 2.38940089 1.82999996
v 2.69660700 2.28734095 1.82999996
v 2.82550683 2.21955088 1.82999996
v 2.34262095 2.87999994 1.74999996
v 2.34262095 2.83999994 1.76071789
v 2.42725291 2.86386285 1.74999996
v 2.41253397 2.82666986 1.76071789
v 2.50000895 2.81771692 1.74999996
v 2.47263697 2.78854883 1.76071789
v 2.55067987 2.74803705 1.74999996
v 2.51449595 2.73098688 1.76071789
v 2.57215692 2.66459985 1.74999996
v 2.53223795 2.66206079 1.76071789
v 2.48800699 2.71850580 1.78999996
v 2.50301493 2.66020197 1.78999996
v 2.49231791 2.65952204 1.82999996
v 2.46923289 2.73043207 1.82999996
v 2.45259897 2.76719598 1.78999996
v 2.41485392 2.78146295 1.82999996
v 2.40175898 2.79944208 1.78999996
v 2.34262095 2.79999994 1.82999996
v 2.34262095 2.81071802 1.78999996
v 2.34262095 2.87999994 1.74999996
v -1.99999996 2.87999994 1.74999996
v 2.34262095 2.83999994 1.76071789
v -1.99999996 2.83999994 1.76071789
v 2.34262095 2.81071802 1.78999996
v -1.99999996 2.81071802 1.78999996
v 2.34262095 2.79999994 1.82999996
v -1.99999996 2.79999994 1.82999996
v -3.36249199 2.73801691 1.74999996
v -3.37999992 2.64999994 1.74999996
v -3.33070091 2.70871301 1.76071789
v -3.33999993 2.64999994 1.76071789
v -3.31071800 2.64999994 1.78999996
v -3.30285179 2.69966486 1.78999996
v -3.29999993 2.64999994 1.82999996
v -3.27990380 2.72499994 1.82999996
v -3.28002404 2.74446802 1.78999996
v -3.22499993 2.77990381 1.82999996
v -3.24446801 2.78002405 1.78999996
v -3.19966485 2.80285181 1.78999996
v -3.20871300 2.83070093 1.76071789
v -3.14999993 2.83999994 1.76071789
v -3.14999993 2.87999994 1.74999996
v -3.14999993 2.79999994 1.82999996
v -3.14999993 2.81071802 1.78999996
v -3.23801690 2.86249200 1.74999996
v -3.26167900 2.80371301 1.76071789
v -3.31263481 2.81263482 1.74999996
v -3.30371300 2.76167902 1.76071789
v -3.37999992 2.64999994 1.74999996
v -3.37999992 -1.69999996 1.74999996
v -3.33999993 2.64999994 1.76071789
v -3.33999993 -1.69999996 1.76071789
v -3.31071800 2.64999994 1.78999996
v -3.31071800 -1.69999996 1.78999996
v -3.29999993 2.64999994 1.82999996
v -3.29999993 -1.69999996 1.82999996
v -3.09384789 -2.28396891 1.74999996
v -3.10361382 -2.24517894 1.76071789
v -3.17681603 -2.28936000 1.74999996
v -3.17215203 -2.24963298 1.76071789
v -3.25627892 -2.26490199 1.74999996
v -3.23779595 -2.22942790 1.76071789
v -3.32185387 -2.21378901 1.74999996
v -3.29196587 -2.18720500 1.76071789
v -3.36497307 -2.14270198 1.74999996
v -3.32758599 -2.12848002 1.76071789
v -3.37999992 -2.06092891 1.74999996
v -3.33999993 -2.06092891 1.76071789
v -3.30021691 -2.11806895 1.78999996
v -3.31071800 -2.06092891 1.78999996
v -3.29999993 -2.06092891 1.82999996
v -3.28478203 -2.12676097 1.82999996
v -3.27008690 -2.16774302 1.78999996
v -3.24221398 -2.17923594 1.82999996
v -3.22426506 -2.20345988 1.78999996
v -3.18093499 -2.20770396 1.82999996
v -3.16873803 -2.22055095 1.78999996
v -3.11337884 -2.20639003 1.82999996
v -3.11076287 -2.21678294 1.78999996
v -2.57215692 -2.66459985 1.74999996
v -2.53223795 -2.66206079 1.76071789
v -2.59762079 -2.54494196 1.74999996
v -2.56012690 -2.53100687 1.76071789
v -2.65648706 -2.43769892 1.74999996
v -2.62459894 -2.41354990 1.76071789
v -2.74376001 -2.35196787 1.74999996
v -2.72018396 -2.31965495 1.76071789
v -2.85203607 -2.29502391 1.74999996
v -2.83877099 -2.25728800 1.76071789
v -2.97212792 -2.27169795 1.74999996
v -2.97030206 -2.23173991 1.76071789
v -3.09384789 -2.28396891 1.74999996
v -3.10361382 -2.24517894 1.76071789
v -2.96896386 -2.20248896 1.78999996
v -3.11076287 -2.21678294 1.78999996
v -2.96847497 -2.19178202 1.82999996
v -3.11337884 -2.20639003 1.82999996
v -2.50301493 -2.66020197 1.78999996
v -2.53267893 -2.52080591 1.78999996
v -2.60125482 -2.39587199 1.78999996
v -2.70292505 -2.29600001 1.78999996
v -2.82906183 -2.22966197 1.78999996
v -2.49231791 -2.65952204 1.82999996
v -2.52263193 -2.51707193 1.82999996
v -2.59271082 -2.38940089 1.82999996
v -2.69660700 -2.28734095 1.82999996
v -2.82550683 -2.21955088 1.82999996
v -1.99999996 2.79999994 2.08999995
v 2.34262095 2.79999994 2.08999995
v -1.99999996 2.79999994 1.82999996
v 2.34262095 2.79999994 1.82999996
v -3.14999993 2.79999994 2.08999995
v -3.14999993 2.79999994 1.82999996
v -3.22499993 2.77990381 2.08999995
v -3.22499993 2.77990381 1.82999996
v -3.27990380 2.72499994 2.08999995
v -3.27990380 2.72499994 1.82999996
v -3.29999993 2.64999994 2.08999995
v -3.29999993 2.64999994 1.82999996
v -3.29999993 -1.69999996 2.08999995
v -3.29999993 2.64999994 2.08999995
v -3.29999993 -1.69999996 1.82999996
v -3.29999993 2.64999994 1.82999996
v -3.29999993 -2.06092891 2.08999995
v -3.29999993 -2.06092891 1.82999996
v -3.28478203 -2.12676097 2.08999995
v -3.28478203 -2.12676097 1.82999996
v -3.24221398 -2.17923594 2.08999995
v -3.24221398 -2.17923594 1.82999996
v -3.18093499 -2.20770396 2.08999995
v -3.18093499 -2.20770396 1.82999996
v -3.11337884 -2.20639003 2.08999995
v -3.11337884 -2.20639003 1.82999996
v -3.11337884 -2.20639003 2.08999995
v -3.11337884 -2.20639003 1.82999996
v -2.96847497 -2.19178202 2.08999995
v -2.96847497 -2.19178202 1.82999996
v -2.82550683 -2.21955088 2.08999995
v -2.82550683 -2.21955088 1.82999996
v -2.69660700 -2.28734095 2.08999995
v -2.69660700 -2.28734095 1.82999996
v -2.59271082 -2.38940089 2.08999995
v -2.59271082 -2.38940089 1.82999996
v -2.52263193 -2.51707193 2.08999995
v -2.52263193 -2.51707193 1.82999996
v -2.49231791 -2.65952204 2.08999995
v -2.49231791 -2.65952204 1.82999996
v -2.49231791 -2.65952204 2.08999995
v -2.49231791 -2.65952204 1.82999996
v -2.46923289 -2.73043207 2.08999995
v -2.46923289 -2.73043207 1.82999996
v -2.41485392 -2.78146295 2.08999995
v -2.41485392 -2.78146295 1.82999996
v -2.34262095 -2.79999994 2.08999995
v -2.34262095 -2.79999994 1.82999996
v 2.49231791 2.65952204 2.08999995
v 2.49231791 2.65952204 1.82999996
v 2.46923289 2.73043207 2.08999995
v 2.46923289 2.73043207 1.82999996
v 2.41485392 2.78146295 2.08999995
v 2.41485392 2.78146295 1.82999996
v 2.34262095 2.79999994 2.08999995
v 2.34262095 2.79999994 1.82999996
v 3.14999993 -2.79999994 2.08999995
v 3.14999993 -2.79999994 1.82999996
v 3.22499993 -2.77990381 2.08999995
v 3.22499993 -2.77990381 1.82999996
v 3.27990380 -2.72499994 2.08999995
v 3.27990380 -2.72499994 1.82999996
v 3.29999993 -2.64999994 2.08999995
v 3.29999993 -2.64999994 1.82999996
v 3.29999993 2.06092891 2.08999995
v 3.29999993 2.06092891 1.82999996
v 3.28478203 2.12676097 2.08999995
v 3.28478203 2.12676097 1.82999996
v 3.24221398 2.17923594 2.08999995
v 3.24221398 2.17923594 1.82999996
v 3.18093499 2.20770396 2.08999995
v 3.18093499 2.20770396 1.82999996
v 3.11337884 2.20639003 2.08999995
v 3.11337884 2.20639003 1.82999996
v 3.11337884 2.20639003 2.08999995
v 3.11337884 2.20639003 1.82999996
v 2.96847497 2.19178202 2.08999995
v 2.96847497 2.19178202 1.82999996
v 2.82550683 2.21955088 2.08999995
v 2.82550683 2.21955088 1.82999996
v 2.69660700 2.28734095 2.08999995
v 2.69660700 2.28734095 1.82999996
v 2.59271082 2.38940089 2.08999995
v 2.59271082 2.38940089 1.82999996
v 2.52263193 2.51707193 2.08999995
v 2.52263193 2.51707193 1.82999996
v 2.49231791 2.65952204 2.08999995
v 2.49231791 2.65952204 1.82999996
v 3.49999992 3.19999993 1.74999996
v 3.49999992 1.79999996 1.74999996
v 3.57653679 3.19999993 1.73477596
v 3.57653679 1.79999996 1.73477596
v 3.64142204 3.19999993 1.69142101
v 3.64142204 1.79999996 1.69142101
v 3.68477592 3.19999993 1.62653698
v 3.68477592 1.79999996 1.62653698
v 3.69999992 3.19999993 1.54999997
v 3.69999992 1.79999996 1.54999997
v 3.57653679 -3.19999993 1.73477596
v 3.49999992 -3.19999993 1.74999996
v 3.56065696 -3.26566399 1.72891094
v 3.49999992 -3.27653679 1.73477596
v 3.52925987 -3.33043389 1.69876492
v 3.49999992 -3.34142204 1.69142101
v 3.49999992 -3.38477593 1.62653698
v 3.49999992 -3.39999992 1.54999997
v 3.55411979 -3.38477593 1.60411999
v 3.59999992 -3.34142204 1.64999996
v 3.63065696 -3.27653679 1.68065594
v 3.57653679 -3.38477593 1.54999997
v 3.64876487 -3.33043389 1.57925991
v 3.67891105 -3.26566399 1.61065594
v 3.68477592 -3.19999993 1.62653698
v 3.64142204 -3.19999993 1.69142101
v 3.64142204 -3.34142204 1.54999997
v 3.68477592 -3.27653679 1.54999997
v 3.69999992 -3.19999993 1.54999997
v -3.49999992 -3.27653679 1.73477596
v -3.49999992 -3.19999993 1.74999996
v -3.56065696 -3.26566399 1.72891094
v -3.57653679 -3.19999993 1.73477596
v -3.63065696 -3.27653679 1.68065594
v -3.64142204 -3.19999993 1.69142101
v -3.68477592 -3.19999993 1.62653698
v -3.67891105 -3.26566399 1.61065594
v -3.69999992 -3.19999993 1.54999997
v -3.68477592 -3.27653679 1.54999997
v -3.64876487 -3.33043389 1.57925991
v -3.64142204 -3.34142204 1.54999997
v -3.57653679 -3.38477593 1.54999997
v -3.49999992 -3.39999992 1.54999997
v -3.55411979 -3.38477593 1.60411999
v -3.59999992 -3.34142204 1.64999996
v -3.49999992 -3.38477593 1.62653698
v -3.52925987 -3.33043389 1.69876492
v -3.49999992 -3.34142204 1.69142101
v -3.57653679 3.19999993 1.73477596
v -3.49999992 3.19999993 1.74999996
v -3.56065696 3.26566399 1.72891094
v -3.49999992 3.27653679 1.73477596
v -3.52925987 3.33043389 1.69876492
v -3.49999992 3.34142204 1.69142101
v -3.49999992 3.38477593 1.62653698
v -3.49999992 3.39999992 1.54999997
v -3.55411979 3.38477593 1.60411999
v -3.59999992 3.34142204 1.64999996
v -3.63065696 3.27653679 1.68065594
v -3.57653679 3.38477593 1.54999997
v -3.64142204 3.34142204 1.54999997
v -3.64876487 3.33043389 1.57925991
v -3.67891105 3.26566399 1.61065594
v -3.68477592 3.27653679 1.54999997
v -3.69999992 3.19999993 1.54999997
v -3.68477592 3.19999993 1.62653698
v -3.64142204 3.19999993 1.69142101
v 3.49999992 3.27653679 1.73477596
v 3.49999992 3.19999993 1.74999996
v 3.56065696 3.26566399 1.72891094
v 3.57653679 3.19999993 1.73477596
v 3.63065696 3.27653679 1.68065594
v 3.64142204 3.19999993 1.69142101
v 3.68477592 3.19999993 1.62653698
v 3.67891105 3.26566399 1.61065594
v 3.69999992 3.19999993 1.54999997
v 3.68477592 3.27653679 1.54999997
v 3.64876487 3.33043389 1.57925991
v 3.64142204 3.34142204 1.54999997
v 3.57653679 3.38477593 1.54999997
v 3.49999992 3.39999992 1.54999997
v 3.55411979 3.38477593 1.60411999
v 3.59999992 3.34142204 1.64999996
v 3.49999992 3.38477593 1.62653698
v 3.49999992 3.34142204 1.69142101
v 3.52925987 3.33043389 1.69876492
v -3.49999992 -3.39999992 0.29999999
v -3.49999992 -3.39999992 1.54999997
v -3.57653679 -3.38477593 0.29999999
v -3.57653679 -3.38477593 1.54999997
v -3.64142204 -3.34142204 0.29999999
v -3.64142204 -3.34142204 1.54999997
v -3.68477592 -3.27653679 0.29999999
v -3.68477592 -3.27653679 1.54999997
v -3.69999992 -3.19999993 0.29999999
v -3.69999992 -3.19999993 1.54999997
v -3.69999992 3.19999993 0.29999999
v -3.69999992 3.19999993 1.54999997
v -3.68477592 3.27653679 0.29999999
v -3.68477592 3.27653679 1.54999997
v -3.64142204 3.34142204 0.29999999
v -3.64142204 3.34142204 1.54999997
v -3.57653679 3.38477593 0.29999999
v -3.57653679 3.38477593 1.54999997
v -3.49999992 3.39999992 0.29999999
v -3.49999992 3.39999992 1.54999997
v 3.49999992 3.39999992 3.09999993
v -1.99999996 3.39999992 3.09999993
v 3.49999992 3.38477593 3.17653679
v -1.99999996 3.38477593 3.17653679
v 3.49999992 3.34142204 3.24142205
v -1.99999996 3.34142204 3.24142205
v 3.49999992 3.27653679 3.28477593
v -1.99999996 3.27653679 3.28477593
v 3.49999992 3.19999993 3.29999993
v -1.99999996 3.19999993 3.29999993
v 3.49999992 3.19999993 3.29999993
v 3.49999992 1.79999996 3.29999993
v 3.57653679 3.19999993 3.28477593
v 3.57653679 1.79999996 3.28477593
v 3.64142204 3.19999993 3.24142205
v 3.64142204 1.79999996 3.24142205
v 3.68477592 3.19999993 3.17653679
v 3.68477592 1.79999996 3.17653679
v 3.69999992 3.19999993 3.09999993
v 3.69999992 1.79999996 3.09999993
v 3.49999992 3.27653679 3.28477593
v 3.49999992 3.19999993 3.29999993
v 3.56065696 3.26566399 3.27891106
v 3.57653679 3.19999993 3.28477593
v 3.63065696 3.27653679 3.23065697
v 3.64142204 3.19999993 3.24142205
v 3.68477592 3.19999993 3.17653679
v 3.67891105 3.26566399 3.16065697
v 3.69999992 3.19999993 3.09999993
v 3.68477592 3.27653679 3.09999993
v 3.64876487 3.33043389 3.12925988
v 3.64142204 3.34142204 3.09999993
v 3.57653679 3.38477593 3.09999993
v 3.49999992 3.39999992 3.09999993
v 3.55411979 3.38477593 3.15411980
v 3.59999992 3.34142204 3.19999993
v 3.49999992 3.38477593 3.17653679
v 3.49999992 3.34142204 3.24142205
v 3.52925987 3.33043389 3.24876488
v 3.57653679 -3.19999993 3.28477593
v 3.49999992 -3.19999993 3.29999993
v 3.56065696 -3.26566399 3.27891106
v 3.49999992 -3.27653679 3.28477593
v 3.52925987 -3.33043389 3.24876488
v 3.49999992 -3.34142204 3.24142205
v 3.49999992 -3.38477593 3.17653679
v 3.49999992 -3.39999992 3.09999993
v 3.55411979 -3.38477593 3.15411980
v 3.59999992 -3.34142204 3.19999993
v 3.63065696 -3.27653679 3.23065697
v 3.57653679 -3.38477593 3.09999993
v 3.64876487 -3.33043389 3.12925988
v 3.67891105 -3.26566399 3.16065697
v 3.68477592 -3.19999993 3.17653679
v 3.64142204 -3.19999993 3.24142205
v 3.64142204 -3.34142204 3.09999993
v 3.68477592 -3.27653679 3.09999993
v 3.69999992 -3.19999993 3.09999993
v -3.49999992 -3.27653679 3.28477593
v -3.49999992 -3.19999993 3.29999993
v -3.56065696 -3.26566399 3.27891106
v -3.57653679 -3.19999993 3.28477593
v -3.63065696 -3.27653679 3.23065697
v -3.64142204 -3.19999993 3.24142205
v -3.68477592 -3.19999993 3.17653679
v -3.67891105 -3.26566399 3.16065697
v -3.69999992 -3.19999993 3.09999993
v -3.68477592 -3.27653679 3.09999993
v -3.64876487 -3.33043389 3.12925988
v -3.64142204 -3.34142204 3.09999993
v -3.57653679 -3.38477593 3.09999993
v -3.49999992 -3.39999992 3.09999993
v -3.55411979 -3.38477593 3.15411980
v -3.59999992 -3.34142204 3.19999993
v -3.49999992 -3.38477593 3.17653679
v -3.52925987 -3.33043389 3.24876488
v -3.49999992 -3.34142204 3.24142205
v -3.57653679 3.19999993 3.28477593
v -3.49999992 3.19999993 3.29999993
v -3.56065696 3.26566399 3.27891106
v -3.49999992 3.27653679 3.28477593
v -3.52925987 3.33043389 3.24876488
v -3.49999992 3.34142204 3.24142205
v -3.49999992 3.38477593 3.17653679
v -3.49999992 3.39999992 3.09999993
v -3.55411979 3.38477593 3.15411980
v -3.59999992 3.34142204 3.19999993
v -3.63065696 3.27653679 3.23065697
v -3.57653679 3.38477593 3.09999993
v -3.64142204 3.34142204 3.09999993
v -3.64876487 3.33043389 3.12925988
v -3.67891105 3.26566399 3.16065697
v -3.68477592 3.27653679 3.09999993
v -3.69999992 3.19999993 3.09999993
v -3.68477592 3.19999993 3.17653679
v -3.64142204 3.19999993 3.24142205
v 3.69999992 -3.19999993 2.04999995
v 3.69999992 -3.19999993 3.09999993
v 3.68477592 -3.27653679 2.04999995
v 3.68477592 -3.27653679 3.09999993
v 3.64142204 -3.34142204 2.04999995
v 3.64142204 -3.34142204 3.09999993
v 3.57653679 -3.38477593 2.04999995
v 3.57653679 -3.38477593 3.09999993
v 3.49999992 -3.39999992 2.04999995
v 3.49999992 -3.39999992 3.09999993
v -3.49999992 -3.39999992 2.04999995
v -3.49999992 -3.39999992 3.09999993
v -3.57653679 -3.38477593 2.04999995
v -3.57653679 -3.38477593 3.09999993
v -3.64142204 -3.34142204 2.04999995
v -3.64142204 -3.34142204 3.09999993
v -3.68477592 -3.27653679 2.04999995
v -3.68477592 -3.27653679 3.09999993
v -3.69999992 -3.19999993 2.04999995
v -3.69999992 -3.19999993 3.09999993
v 3.46999992 -3.10999993 3.29999993
v 3.49999992 1.69999996 3.29999993
v 3.46999992 3.10999993 3.29999993
v 3.49999992 1.79999996 3.29999993
v 3.49999992 3.19999993 3.29999993
v 3.49999992 -3.19999993 3.29999993
v 3.46196098 -3.13999993 3.29999993
v 3.43999992 -3.16196190 3.29999993
v 3.40999992 -3.16999993 3.29999993
v 2.09999995 -3.19999993 3.29999993
v 1.99999996 -3.19999993 3.29999993
v -3.40999992 -3.16999993 3.29999993
v -3.49999992 -3.19999993 3.29999993
v -3.43999992 -3.16196190 3.29999993
v -3.46196098 -3.13999993 3.29999993
v -3.46999992 -3.10999993 3.29999993
v -3.49999992 -1.79999996 3.29999993
v -3.49999992 -1.69999996 3.29999993
v -3.46999992 3.10999993 3.29999993
v -3.49999992 3.19999993 3.29999993
v -3.46196098 3.13999993 3.29999993
v -3.43999992 3.16196190 3.29999993
v -3.40999992 3.16999993 3.29999993
v -2.09999995 3.19999993 3.29999993
v -1.99999996 3.19999993 3.29999993
v 3.40999992 3.16999993 3.29999993
v 3.43999992 3.16196190 3.29999993
v 3.46196098 3.13999993 3.29999993
v 3.49999992 3.39999992 0.29999999
v 3.49999992 3.39999992 1.54999997
v 3.57653679 3.38477593 0.29999999
v 3.57653679 3.38477593 1.54999997
v 3.64142204 3.34142204 0.29999999
v 3.64142204 3.34142204 1.54999997
v 3.68477592 3.27653679 0.29999999
v 3.68477592 3.27653679 1.54999997
v 3.69999992 3.19999993 0.29999999
v 3.69999992 3.19999993 1.54999997
v 3.69999992 -3.19999993 0.29999999
v 3.69999992 -3.19999993 1.54999997
v 3.68477592 -3.27653679 0.29999999
v 3.68477592 -3.27653679 1.54999997
v 3.64142204 -3.34142204 0.29999999
v 3.64142204 -3.34142204 1.54999997
v 3.57653679 -3.38477593 0.29999999
v 3.57653679 -3.38477593 1.54999997
v 3.49999992 -3.39999992 0.29999999
v 3.49999992 -3.39999992 1.54999997
v -3.69999992 3.19999993 2.04999995
v -3.69999992 3.19999993 3.09999993
v -3.68477592 3.27653679 2.04999995
v -3.68477592 3.27653679 3.09999993
v -3.64142204 3.34142204 2.04999995
v -3.64142204 3.34142204 3.09999993
v -3.57653679 3.38477593 2.04999995
v -3.57653679 3.38477593 3.09999993
v -3.49999992 3.39999992 2.04999995
v -3.49999992 3.39999992 3.09999993
v 3.49999992 3.39999992 2.04999995
v 3.49999992 3.39999992 3.09999993
v 3.57653679 3.38477593 2.04999995
v 3.57653679 3.38477593 3.09999993
v 3.64142204 3.34142204 2.04999995
v 3.64142204 3.34142204 3.09999993
v 3.68477592 3.27653679 2.04999995
v 3.68477592 3.27653679 3.09999993
v 3.69999992 3.19999993 2.04999995
v 3.69999992 3.19999993 3.09999993
v 2.93288293 3.39999992 2.85966180
v 2.93288293 3.39999992 2.66444391
v 2.88750482 3.39999992 2.85966180
v 2.86709100 3.39999992 2.66487085
v 2.85610284 3.39999992 2.85966180
v 2.82376397 3.39999992 2.66516992
v 2.82169702 3.39999992 2.85966089
v 2.80127283 3.39999992 2.85963891
v 2.79692590 3.39999992 2.66537988
v 2.67883600 3.39999992 2.76531702
v 2.78152704 3.39999992 2.66553095
v 2.68018488 3.39999992 2.72918787
v 2.76562402 3.39999992 2.66597986
v 2.75260583 3.39999992 2.66715784
v 2.68535486 3.39999992 2.70540704
v 2.72114008 3.39999992 2.67359979
v 2.69733881 3.39999992 2.68637201
v 2.68678308 3.39999992 2.82569208
v 2.73224390 3.39999992 2.85518182
v 2.76676507 3.39999992 2.85898279
v 2.78653894 3.39999992 2.85937982
v 2.69511499 3.39999992 2.83855798
v 2.70621088 3.39999992 2.84666803
vt 50.90000153 17.52680016
vt 50.97320175 17.60000038
vt 50.79999924 17.50000000
vt 51.00000000 17.70000076
vt 43.40000153 20.14999962
vt 43.70000076 20.23039055
vt 43.91962051 20.45000076
vt 44.00000000 20.75000000
vt 46.33000183 22.53560066
vt 45.59999847 22.34000015
vt 51.00000000 28.00000000
vt 47.06000137 23.79999924
vt 46.86439896 23.06999969
vt 2.00000000 28.00000000
vt 24.60000038 26.64999962
vt 43.40000153 26.64999962
vt 43.70000076 26.56962013
vt 2.00000000 17.50000000
vt 3.83658695 23.13002014
vt 3.83658695 24.62170029
vt 4.09025288 24.62170029
vt 24.60000038 20.14999962
vt 24.29999924 20.23039055
vt 24.08039093 20.45000076
vt 24.00000000 26.04999924
vt 23.86000061 23.79999924
vt 24.00000000 20.75000000
vt 23.66440010 23.06999969
vt 23.12999916 22.53560066
vt 24.08039093 26.35000038
vt 19.16341019 25.20627975
vt 22.39999962 25.26000023
vt 23.12999916 25.06439972
vt 16.64189911 25.20627022
vt 24.29999924 26.56962013
vt 43.91962051 26.35000038
vt 44.00000000 26.04999924
vt 45.59999847 25.26000023
vt 44.86999893 25.06439972
vt 44.33560181 24.53000069
vt 44.13999939 23.79999924
vt 44.33560181 23.06999969
vt 44.86999893 22.53560066
vt 16.64189911 22.54372025
vt 19.16341019 22.54372025
vt 22.39999962 22.34000015
vt 21.67000008 22.53560066
vt 21.13559914 24.53000069
vt 20.94000053 23.79999924
vt 21.13559914 23.06999969
vt 21.67000008 25.06439972
vt 23.66440010 24.53000069
vt 46.33000183 25.06439972
vt 46.86439896 24.53000069
vt 4.78408384 24.62170029
vt 4.77538013 23.61350060
vt 4.78408384 23.61350060
vt 5.01822376 24.62170029
vt 5.84207678 24.62170029
vt 6.83724403 24.62170029
vt 5.84207821 23.13002014
vt 5.01822376 23.13002014
vt 4.78408384 23.13002014
vt 4.07075596 23.13002014
vt 4.07943106 24.17506027
vt 4.07075596 24.17506027
vt 11.61682034 23.58040047
vt 10.78380013 23.52459908
vt 11.64288998 23.38340950
vt 10.76021004 23.35738945
vt 11.70065975 23.25723076
vt 10.68945980 23.23299980
vt 11.80459023 23.17392921
vt 10.55963993 23.15575981
vt 11.97472954 23.12752914
vt 10.35883045 23.13002014
vt 12.23116016 23.11207008
vt 14.05058956 23.13006973
vt 14.29555988 23.13006973
vt 15.57277966 23.13006973
vt 14.74870014 24.39398956
vt 15.57277966 24.62163925
vt 14.74870014 24.62163925
vt 13.59749031 24.62163925
vt 12.23116016 24.64027023
vt 12.65878963 24.57840919
vt 10.76861000 23.66498947
vt 11.60814953 23.87616920
vt 10.72309971 23.76962090
vt 10.64013958 23.84222984
vt 10.62742996 23.93790054
vt 10.51278019 23.88669014
vt 10.51278019 23.89537048
vt 10.70681000 24.00918007
vt 11.61682034 24.17192078
vt 10.75317001 24.11136055
vt 10.76861954 24.24661064
vt 11.64288998 24.36891937
vt 10.74448013 24.41000938
vt 11.70065975 24.49509048
vt 10.67210960 24.52736092
vt 11.80459023 24.57840919
vt 10.54557991 24.59811020
vt 10.35890961 24.62170029
vt 9.64985943 24.62170029
vt 8.20119762 24.63818932
vt 7.77514696 24.57641029
vt 7.67133713 24.49320030
vt 6.83724403 24.40052032
vt 7.61364412 24.36717033
vt 7.58760405 24.17041016
vt 6.73534822 23.99291039
vt 7.57894278 23.87501907
vt 6.73534822 23.77177048
vt 7.58760405 23.57961082
vt 6.83724403 23.35116005
vt 7.61364412 23.38286018
vt 7.67133713 23.25683022
vt 6.83724403 23.13002014
vt 7.77514791 23.17362976
vt 7.94507694 23.12729073
vt 8.20119762 23.11183929
vt 12.76352978 24.49482918
vt 13.59749031 24.39398956
vt 12.82161045 24.36786079
vt 12.84766006 24.17057037
vt 14.05058956 24.39398956
vt 12.85634995 23.87616920
vt 12.84766006 23.58173943
vt 12.82161045 23.38450050
vt 12.76352978 23.25749016
vt 12.65878963 23.17392921
vt 9.64985943 23.13002014
vt 8.82562923 23.87501907
vt 8.81694603 23.58094978
vt 8.79092884 23.38394928
vt 6.08706808 24.40052032
vt 6.08706808 23.99291039
vt 6.08706808 23.77177048
vt 6.08706808 23.35116005
vt 14.29557037 24.39398956
vt 15.81776047 23.13006973
vt 15.81776047 24.62163925
vt 8.62830734 24.57641029
vt 8.73291874 24.49292946
vt 8.79092789 24.36611938
vt 8.81694603 24.16906929
vt 8.73291874 23.25709915
vt 8.62830830 23.17362976
vt 12.60587025 23.63575935
vt 12.39828968 23.33999062
vt 12.59041977 23.48760986
vt 12.50032997 23.35952950
vt 12.55755997 23.40456963
vt 12.61102962 23.87616920
vt 12.23116016 23.33348083
vt 11.85344028 23.87616920
vt 11.85859013 23.63575935
vt 12.60587025 24.11656952
vt 12.39828968 24.41234016
vt 12.23116016 24.41884995
vt 11.85859013 24.11656952
vt 12.06425953 24.41234016
vt 11.87407970 24.26472092
vt 11.96306038 24.39279938
vt 11.90662003 24.34775925
vt 12.59041977 24.26472092
vt 12.50032997 24.39279938
vt 12.55755997 24.34777069
vt 11.96306038 23.35952950
vt 11.87407970 23.48760986
vt 11.90662003 23.40456963
vt 9.89484882 23.77395058
vt 9.89484978 23.34897995
vt 10.28511047 23.77395058
vt 10.28511047 23.34897995
vt 10.53878021 23.56147957
vt 10.53308964 23.48829079
vt 10.51601982 23.43355942
vt 10.43906021 23.36850929
vt 10.48540020 23.39452934
vt 10.52495956 23.66254044
vt 10.40624046 23.76228905
vt 10.48348999 23.72734070
vt 9.89484882 24.40052032
vt 9.89484882 23.99509048
vt 10.27647018 24.40052032
vt 10.27647018 23.99509048
vt 10.52359962 24.19672966
vt 10.50922966 24.10376930
vt 10.46613979 24.04170036
vt 10.51844978 24.26934052
vt 10.50302029 24.32247925
vt 10.43037987 24.38319969
vt 10.47455025 24.35934067
vt 17.93380928 24.62174034
vt 17.51280975 24.62170982
vt 18.25457954 24.17370033
vt 18.58514977 23.12821960
vt 18.57876015 24.62174034
vt 18.92222023 24.96508026
vt 16.88308907 24.96508026
vt 17.22628021 24.62170982
vt 17.21759033 23.12821960
vt 17.75377083 23.87713051
vt 17.90572929 23.67090988
vt 17.88835907 23.67090988
vt 18.29861069 23.12821960
vt 17.49543953 23.12821960
vt 16.88308907 22.78491974
vt 18.92222023 22.78491974
vt 20.71607018 26.46327019
vt 19.04278946 26.46327019
vt 21.98175049 24.68714905
vt 23.29999924 20.53265953
vt 57.00000000 28.00000000
vt 57.00000000 17.70000076
vt 56.79999924 17.50000000
vt 56.97320175 17.60000038
vt 56.90000153 17.52680016
vt 2.00000000 28.00000000
vt 23.27507019 26.46327019
vt 17.90410995 26.46327019
vt 17.08810997 25.35956955
vt 19.99548912 23.51013947
vt 17.13241005 25.07905006
vt 17.17657089 24.59177971
vt 14.87693977 26.53878975
vt 15.74092007 26.47573090
vt 16.16348076 26.38759041
vt 2.00000000 17.50000000
vt 22.16341019 20.53265953
vt 18.96993065 20.53265953
vt 20.60283089 22.68800926
vt 20.52971077 22.68800926
vt 17.86807060 20.53265953
vt 14.80109024 20.47963905
vt 14.42718983 20.49271965
vt 17.05335045 21.51785088
vt 16.84081078 21.06468964
vt 16.45141983 20.74099922
vt 10.42409992 26.31321907
vt 14.03960037 26.51252937
vt 9.58315086 26.46752930
vt 6.69999981 26.47088051
vt 6.69999981 20.54825974
vt 7.67132378 20.54825974
vt 10.24629021 20.54825974
vt 9.36318588 22.78904915
vt 13.08098030 26.30974960
vt 10.65293980 26.19689941
vt 12.72373009 26.06973076
vt 10.94357967 25.90770912
vt 12.51904011 25.79520988
vt 12.45722008 25.65682983
vt 12.39186001 25.41872978
vt 11.15310001 25.17839050
vt 12.28118992 24.41955948
vt 11.15464020 24.41785049
vt 11.13004017 24.15847015
vt 11.07320976 23.82696915
vt 12.26718044 23.19924927
vt 10.82748032 23.21729088
vt 10.60645008 23.03881073
vt 12.28582001 22.56731987
vt 10.30484962 22.91189003
vt 12.32388973 22.05620003
vt 12.37434959 21.67217064
vt 11.27906990 20.54825974
vt 12.44048023 21.40958977
vt 12.71815968 20.95665932
vt 13.28369045 20.63529015
vt 13.77748966 20.53676987
vt 13.94515991 20.51753044
vt 14.18476009 20.50338936
vt 7.67132378 22.78904915
vt 16.45577049 26.27506065
vt 16.80233002 26.00554085
vt 17.20293045 23.35112000
vt 17.19605064 22.96851921
vt 17.17415047 22.46084976
vt 17.12221909 21.92049980
vt 15.74151993 20.54266930
vt 15.33852005 20.50028992
vt 14.56326962 26.53793907
vt 13.96430969 25.62108994
vt 13.26393032 24.04525948
vt 14.77540016 25.65942955
vt 16.23208046 23.36724091
vt 16.22698975 24.17226982
vt 13.56252003 25.48607063
vt 13.36200047 25.14092064
vt 13.26229954 23.04919052
vt 14.75000954 21.35605049
vt 16.18457985 22.42664909
vt 15.56488037 21.41448975
vt 15.83298969 21.50371933
vt 13.28573036 22.43906021
vt 13.75784016 21.43045998
vt 13.34259987 21.95107079
vt 13.48608017 21.60219002
vt 16.00391006 21.68989944
vt 16.16526031 24.85897064
vt 15.56589031 25.60964966
vt 16.10111046 25.15537071
vt 16.03019905 25.32242012
vt 15.91849995 25.46965981
vt 20.71607018 26.46327019
vt 19.04278946 26.46327019
vt 21.98175049 24.68714905
vt 23.29999924 20.53265953
vt 57.00000000 28.00000000
vt 57.00000000 17.70000076
vt 56.79999924 17.50000000
vt 56.97320175 17.60000038
vt 56.90000153 17.52680016
vt 2.00000000 28.00000000
vt 23.27507019 26.46327019
vt 17.90410995 26.46327019
vt 17.08810997 25.35956955
vt 19.99548912 23.51013947
vt 17.13241005 25.07905006
vt 17.17657089 24.59177971
vt 14.87693977 26.53878975
vt 15.74092007 26.47573090
vt 16.16348076 26.38759041
vt 2.00000000 17.50000000
vt 22.16341019 20.53265953
vt 18.96993065 20.53265953
vt 20.60283089 22.68800926
vt 20.52971077 22.68800926
vt 17.86807060 20.53265953
vt 14.80109024 20.47963905
vt 14.42718983 20.49271965
vt 17.05335045 21.51785088
vt 16.84081078 21.06468964
vt 16.45141983 20.74099922
vt 10.42409992 26.31321907
vt 14.03960037 26.51252937
vt 9.58315086 26.46752930
vt 6.69999981 26.47088051
vt 6.69999981 20.54825974
vt 7.67132378 20.54825974
vt 10.24629021 20.54825974
vt 9.36318588 22.78904915
vt 13.08098030 26.30974960
vt 10.65293980 26.19689941
vt 12.72373009 26.06973076
vt 10.94357967 25.90770912
vt 12.51904011 25.79520988
vt 12.45722008 25.65682983
vt 12.39186001 25.41872978
vt 11.15310001 25.17839050
vt 12.28118992 24.41955948
vt 11.15464020 24.41785049
vt 11.13004017 24.15847015
vt 11.07320976 23.82696915
vt 12.26718044 23.19924927
vt 10.82748032 23.21729088
vt 10.60645008 23.03881073
vt 12.28582001 22.56731987
vt 10.30484962 22.91189003
vt 12.32388973 22.05620003
vt 12.37434959 21.67217064
vt 11.27906990 20.54825974
vt 12.44048023 21.40958977
vt 12.71815968 20.95665932
vt 13.28369045 20.63529015
vt 13.77748966 20.53676987
vt 13.94515991 20.51753044
vt 14.18476009 20.50338936
vt 7.67132378 22.78904915
vt 16.45577049 26.27506065
vt 16.80233002 26.00554085
vt 17.20293045 23.35112000
vt 17.19605064 22.96851921
vt 17.17415047 22.46084976
vt 17.12221909 21.92049980
vt 15.74151993 20.54266930
vt 15.33852005 20.50028992
vt 14.56326962 26.53793907
vt 13.96430969 25.62108994
vt 13.26393032 24.04525948
vt 14.77540016 25.65942955
vt 16.23208046 23.36724091
vt 16.22698975 24.17226982
vt 13.56252003 25.48607063
vt 13.36200047 25.14092064
vt 13.26229954 23.04919052
vt 14.75000954 21.35605049
vt 16.18457985 22.42664909
vt 15.56488037 21.41448975
vt 15.83298969 21.50371933
vt 13.28573036 22.43906021
vt 13.75784016 21.43045998
vt 13.34259987 21.95107079
vt 13.48608017 21.60219002
vt 16.00391006 21.68989944
vt 16.16526031 24.85897064
vt 15.56589031 25.60964966
vt 16.10111046 25.15537071
vt 16.03019905 25.32242012
vt 15.91849995 25.46965981
vt 50.90000153 0.02679497
vt 50.97320175 0.10000000
vt 50.79999924 0.00000000
vt 51.00000000 0.20000000
vt 38.25000000 1.76215005
vt 38.25000000 10.73785019
vt 51.00000000 12.50000000
vt 29.75000000 10.73785019
vt 2.00000000 12.50000000
vt 2.00000000 0.00000000
vt 29.75000000 1.76215005
vt 50.90000153 0.02679497
vt 50.97320175 0.10000000
vt 50.79999924 0.00000000
vt 51.00000000 0.20000000
vt 38.25000000 1.76215005
vt 38.25000000 10.73785019
vt 51.00000000 12.50000000
vt 29.75000000 10.73785019
vt 2.00000000 12.50000000
vt 2.00000000 0.00000000
vt 29.75000000 1.76215005
vt -0.91458100 -0.72190499
vt -0.89142102 -0.71280998
vt -0.93926901 -0.72500002
vt -0.87122399 -0.69827902
vt -0.94999999 -0.72500002
vt -0.59925598 -0.44573799
vt -0.59925598 0.44573799
vt -0.56586099 0.42521200
vt -0.56586099 -0.42521200
vt -0.52714300 0.41909999
vt -0.52714300 -0.41909999
vt -0.48905000 0.42833900
vt -0.48905000 -0.42833900
vt 0.40000001 0.00000000
vt 0.45848900 -0.16069700
vt -0.04512798 -0.63474399
vt 0.41193500 -0.68101197
vt 0.60658801 -0.24620201
vt 0.79925197 -0.43396199
vt 0.77499998 -0.21650600
vt 0.88492298 -0.08550500
vt 0.94999999 0.00000000
vt 0.88492298 0.08550500
vt 0.79925197 0.43396199
vt 0.77499998 0.21650600
vt 0.60658801 0.24620201
vt 0.41193500 0.68101197
vt 0.45848900 0.16069700
vt -0.04512798 0.63474399
vt -0.94999999 0.72500002
vt -0.87122399 0.69827902
vt -0.93926901 0.72500002
vt -0.89142102 0.71280998
vt -0.91458100 0.72190499
vt -0.15707991 -0.61086500
vt -0.17453299 -0.61086500
vt -0.15707991 -0.78539801
vt -0.17453299 -0.78539801
vt -0.15707991 0.78539801
vt -0.17453299 0.78539801
vt -0.15707991 0.61086500
vt -0.17453299 0.61086500
vt -0.15707991 0.43633199
vt -0.17453299 0.43633199
vt -0.15707991 0.26179901
vt -0.17453299 0.26179901
vt -0.15707991 0.08726596
vt -0.17453299 0.08726596
vt -0.15707991 -0.08726596
vt -0.17453299 -0.08726596
vt -0.15707991 -0.26179901
vt -0.17453299 -0.26179901
vt -0.15707991 -0.43633199
vt -0.17453299 -0.43633199
vt 0.15707991 0.61086500
vt 0.17453299 0.61086500
vt 0.15707991 0.78539801
vt 0.17453299 0.78539801
vt 0.15707991 -0.78539801
vt 0.17453299 -0.78539801
vt 0.15707991 -0.61086500
vt 0.17453299 -0.61086500
vt 0.15707991 -0.43633199
vt 0.17453299 -0.43633199
vt 0.15707991 -0.26179901
vt 0.17453299 -0.26179901
vt 0.15707991 -0.08726596
vt 0.17453299 -0.08726596
vt 0.15707991 0.08726596
vt 0.17453299 0.08726596
vt 0.15707991 0.26179901
vt 0.17453299 0.26179901
vt 0.15707991 0.43633199
vt 0.17453299 0.43633199
vt 0.31415901 0.78539801
vt 0.24434599 0.78539801
vt 0.31415901 0.61086500
vt 0.24434599 0.61086500
vt -0.31415901 0.61086500
vt -0.38397199 0.61086500
vt -0.31415901 0.43633199
vt 0.31415901 0.43633199
vt 0.24434599 0.43633199
vt -0.38397199 0.43633199
vt -0.31415901 0.26179901
vt 0.31415901 0.26179901
vt 0.24434599 0.26179901
vt -0.38397199 0.26179901
vt -0.31415901 0.08726596
vt 0.31415901 0.08726596
vt 0.24434599 0.08726596
vt -0.38397199 0.08726596
vt -0.31415901 -0.08726596
vt 0.31415901 -0.08726596
vt 0.24434599 -0.08726596
vt -0.38397199 -0.08726596
vt -0.31415901 -0.26179901
vt 0.31415901 -0.26179901
vt 0.24434599 -0.26179901
vt -0.38397199 -0.26179901
vt -0.31415901 -0.43633199
vt 0.31415901 -0.43633199
vt 0.24434599 -0.43633199
vt -0.38397199 -0.43633199
vt -0.31415901 -0.61086500
vt 0.31415901 -0.61086500
vt 0.24434599 -0.61086500
vt 0.31415901 -0.78539801
vt 0.24434599 -0.78539801
vt -0.31415901 0.78539801
vt -0.24434599 0.78539801
vt -0.31415901 0.95993102
vt -0.24434599 -0.78539801
vt -0.24434599 -0.61086500
vt -0.24434599 -0.43633199
vt -0.24434599 -0.26179901
vt -0.24434599 -0.08726596
vt -0.24434599 0.08726596
vt -0.24434599 0.26179901
vt -0.24434599 0.43633199
vt -0.24434599 0.61086500
vt -0.24434599 0.95993102
vt 0.24434599 -0.95993102
vt 0.89142102 -0.71280998
vt 0.93926901 -0.72500002
vt 0.87122399 -0.69827902
vt 0.94999999 -0.72500002
vt 0.59925598 -0.44573799
vt 0.59925598 0.44573799
vt 0.56586099 0.42521200
vt 0.91458100 -0.72190499
vt 0.94999999 0.72500002
vt 0.87122399 0.69827902
vt 0.93926901 0.72500002
vt 0.89142102 0.71280998
vt 0.91458100 0.72190499
vt 0.56586099 -0.42521200
vt 0.52714300 0.41909999
vt 0.52714300 -0.41909999
vt 0.48905000 0.42833900
vt 0.48905000 -0.42833900
vt -0.40000001 0.00000000
vt -0.45848900 -0.16069700
vt -0.45848900 0.16069700
vt 0.04512798 0.63474399
vt -0.41193500 0.68101197
vt -0.60658801 0.24620201
vt -0.79925197 0.43396199
vt -0.77499998 0.21650600
vt -0.88492298 0.08550500
vt -0.94999999 0.00000000
vt -0.88492298 -0.08550500
vt -0.79925197 -0.43396199
vt -0.77499998 -0.21650600
vt -0.60658801 -0.24620201
vt -0.41193500 -0.68101197
vt 0.04512798 -0.63474399
vt 0.00000000 0.03741896
vt -0.20000000 0.03741896
vt 0.00000000 0.01247298
vt -0.20000000 0.01247298
vt 0.00000000 -0.01247298
vt -0.20000000 -0.01247298
vt 0.00000000 -0.03741896
vt -0.20000000 -0.03741896
vt 0.01073098 0.20000000
vt 0.00000000 0.20000000
vt 0.01073098 0.00000000
vt 0.00000000 0.00000000
vt 0.00000000 0.03741896
vt -0.20000000 0.03741896
vt 0.00000000 0.01247298
vt -0.20000000 0.01247298
vt 0.00000000 -0.01247298
vt -0.20000000 -0.01247298
vt 0.00000000 -0.03741896
vt -0.20000000 -0.03741896
vt 0.03926897 0.00000000
vt 0.04999995 0.00000000
vt 0.03926897 0.20000000
vt 0.04999995 0.20000000
vt 0.20000000 0.05917996
vt 0.00000000 0.05917996
vt 0.20000000 0.01972699
vt 0.00000000 0.01972699
vt 0.00000000 -0.01972699
vt 0.00000000 -0.05917996
vt 0.20000000 -0.05917996
vt 0.20000000 -0.01972699
vt 0.43835500 0.20000000
vt 0.06721699 0.20000000
vt 0.43835500 0.00000000
vt 0.06721699 0.00000000
vt 0.20000000 0.05917996
vt 0.00000000 0.05917996
vt 0.20000000 0.01972699
vt 0.00000000 0.01972699
vt 0.00000000 -0.01972699
vt 0.00000000 -0.05917996
vt 0.20000000 -0.05917996
vt 0.20000000 -0.01972699
vt 0.06721699 0.00000000
vt 0.55677599 0.00000000
vt 0.06721699 0.20000000
vt 0.55677599 0.20000000
vt 0.48956001 0.20000000
vt 0.00000000 0.20000000
vt 0.48956001 0.00000000
vt 0.00000000 0.00000000
vt -0.20000000 1.58980405
vt 0.00000000 1.58980405
vt -0.20000000 2.05787492
vt 0.00000000 2.05787492
vt -0.20000000 2.52594590
vt 0.00000000 2.52594590
vt -0.20000000 2.99401689
vt 0.00000000 2.99401689
vt -0.20000000 3.46208811
vt 0.00000000 3.46208811
vt -0.20000000 3.93015909
vt 0.00000000 3.93015909
vt -0.20000000 4.39823008
vt 0.00000000 4.39823008
vt 0.03926897 0.00000000
vt 0.41040799 0.00000000
vt 0.03926897 0.20000000
vt 0.41040799 0.20000000
vt 0.00000000 0.07853996
vt -0.30000001 0.07853996
vt 0.00000000 0.02617996
vt -0.30000001 0.02617996
vt 0.00000000 -0.02617996
vt -0.30000001 -0.02617996
vt 0.00000000 -0.07853996
vt -0.30000001 -0.07853996
vt -13.35000038 31.60000038
vt 13.35000038 31.60000038
vt -13.33660030 31.64999962
vt 13.33660030 31.64999962
vt -13.30000019 31.68659973
vt 13.30000019 31.68659973
vt -13.25000000 31.70000076
vt 13.25000000 31.70000076
vt 26.60000038 0.30000001
vt 0.10000000 0.30000001
vt 26.60000038 0.00000000
vt 0.10000000 0.00000000
vt 0.00000000 0.07853996
vt -0.30000001 0.07853996
vt 0.00000000 0.02617996
vt -0.30000001 0.02617996
vt 0.00000000 -0.02617996
vt -0.30000001 -0.02617996
vt 0.00000000 -0.07853996
vt -0.30000001 -0.07853996
vt 0.00000000 0.07853996
vt -0.30000001 0.07853996
vt 0.00000000 0.02617996
vt -0.30000001 0.02617996
vt 0.00000000 -0.02617996
vt -0.30000001 -0.02617996
vt 0.00000000 -0.07853996
vt -0.30000001 -0.07853996
vt 13.35000038 -31.60000038
vt -13.35000038 -31.60000038
vt 13.33660030 -31.64999962
vt -13.33660030 -31.64999962
vt 13.30000019 -31.68659973
vt -13.30000019 -31.68659973
vt 13.25000000 -31.70000076
vt -13.25000000 -31.70000076
vt 26.60000038 0.30000001
vt 0.10000000 0.30000001
vt 26.60000038 0.00000000
vt 0.10000000 0.00000000
vt 0.00000000 0.07853996
vt -0.30000001 0.07853996
vt 0.00000000 0.02617996
vt -0.30000001 0.02617996
vt 0.00000000 -0.02617996
vt -0.30000001 -0.02617996
vt 0.00000000 -0.07853996
vt -0.30000001 -0.07853996
vt 63.29999924 0.30000001
vt 0.10000000 0.30000001
vt 63.29999924 0.00000000
vt 0.10000000 0.00000000
vt 0.10000000 0.00000000
vt 63.29999924 0.00000000
vt 0.10000000 0.30000001
vt 63.29999924 0.30000001
vt -13.30000019 31.68659973
vt -13.35000038 31.60000038
vt -13.25000000 31.70000076
vt -13.35000038 -31.60000038
vt -13.25000000 -31.70000076
vt -13.30000019 -31.68659973
vt -13.33660030 -31.64999962
vt -13.33660030 31.64999962
vt 13.25000000 -31.70000076
vt 13.25000000 31.70000076
vt 13.35000038 -31.60000038
vt 13.35000038 31.60000038
vt 13.30000019 -31.68659973
vt 13.33660030 -31.64999962
vt 13.33660030 31.64999962
vt 13.30000019 31.68659973
vt -13.39999962 31.39999962
vt -13.39999962 -31.39999962
vt -13.35000038 -31.60000038
vt -14.50000000 -31.39999962
vt -15.30000019 -31.39999962
vt -15.30000019 31.39999962
vt -14.50000000 31.39999962
vt -13.35000038 31.60000038
vt -16.39999962 -31.39999962
vt -30.00000000 -31.39999962
vt -34.09999847 -31.60000038
vt -31.10000038 -31.39999962
vt -31.89999962 -31.39999962
vt -31.89999962 31.39999962
vt -31.10000038 31.39999962
vt -34.09999847 31.60000038
vt -30.00000000 31.39999962
vt -16.39999962 31.39999962
vt -33.00000000 -31.39999962
vt -34.59999847 -31.10000038
vt -34.34999847 -31.53301048
vt -34.53300858 -31.35000038
vt -34.59999847 31.10000038
vt -33.00000000 31.39999962
vt -34.34999847 31.53301048
vt -34.53300858 31.35000038
vt 15.30000019 -31.39999962
vt 13.35000038 -31.60000038
vt 16.39999962 -31.39999962
vt 30.00000000 -31.39999962
vt 16.39999962 31.39999962
vt 30.00000000 31.39999962
vt 13.35000038 31.60000038
vt 34.09999847 31.60000038
vt 31.10000038 31.39999962
vt 31.89999962 31.39999962
vt 31.89999962 -31.39999962
vt 31.10000038 -31.39999962
vt 34.09999847 -31.60000038
vt 15.30000019 31.39999962
vt 14.50000000 31.39999962
vt 14.50000000 -31.39999962
vt 13.39999962 -31.39999962
vt 13.39999962 31.39999962
vt 33.00000000 -31.39999962
vt 34.59999847 -31.10000038
vt 34.59999847 31.10000038
vt 33.00000000 31.39999962
vt 34.34999847 31.53301048
vt 34.53300858 31.35000038
vt 34.34999847 -31.53301048
vt 34.53300858 -31.35000038
vt 0.00000000 -1.79294002
vt 0.05235999 -1.79294002
vt 0.00000000 -1.49411702
vt 0.05235999 -1.49411702
vt 0.00000000 -1.19529402
vt 0.05235999 -1.19529402
vt 0.00000000 -0.89647001
vt 0.05235999 -0.89647001
vt 0.10471990 -1.19529402
vt 0.10471990 -0.89647001
vt 0.15707991 -1.19529402
vt 0.15707991 -0.89647001
vt 0.10471990 -1.79294002
vt 0.10471990 -1.49411702
vt 0.15707991 -1.79294002
vt 0.15707991 -1.49411702
vt 16.75000000 -0.07853996
vt 16.75000000 -0.02617996
vt -4.00000000 -0.07853996
vt -51.45000076 -0.02617996
vt -30.70000076 -0.07853996
vt -51.45000076 -0.07853996
vt -51.45000076 0.02617996
vt 16.75000000 0.02617996
vt -51.45000076 0.07853996
vt 16.75000000 0.07853996
vt 0.15707991 0.00000000
vt 0.10471990 0.00000000
vt 0.15707991 -0.29882300
vt 0.10471990 -0.29882300
vt 0.15707991 -0.59764701
vt 0.10471990 -0.59764701
vt 0.15707991 -0.89647001
vt 0.10471990 -0.89647001
vt 0.05235999 -0.59764701
vt 0.05235999 -0.89647001
vt 0.00000000 -0.59764701
vt 0.00000000 -0.89647001
vt 0.05235999 0.00000000
vt 0.05235999 -0.29882300
vt 0.00000000 0.00000000
vt 0.00000000 -0.29882300
vt -46.95000076 -0.07853996
vt 15.25000000 -0.07853996
vt -46.95000076 -0.02617996
vt 15.25000000 -0.02617996
vt -46.95000076 0.02617996
vt 15.25000000 0.02617996
vt -46.95000076 0.07853996
vt 15.25000000 0.07853996
vt 0.15707991 0.89647001
vt 0.10471990 0.89647001
vt 0.15707991 0.59764701
vt 0.10471990 0.59764701
vt 0.15707991 0.29882300
vt 0.10471990 0.29882300
vt 0.15707991 0.00000000
vt 0.10471990 0.00000000
vt 0.05235999 0.29882300
vt 0.05235999 0.00000000
vt 0.00000000 0.29882300
vt 0.00000000 0.00000000
vt 0.05235999 0.89647001
vt 0.05235999 0.59764701
vt 0.00000000 0.89647001
vt 0.00000000 0.59764701
vt 16.75000000 -0.07853996
vt 16.75000000 -0.02617996
vt -4.00000000 -0.07853996
vt -51.45000076 -0.02617996
vt -30.70000076 -0.07853996
vt -51.45000076 -0.07853996
vt -51.45000076 0.02617996
vt 16.75000000 0.02617996
vt -51.45000076 0.07853996
vt 16.75000000 0.07853996
vt 0.15707991 -1.79294002
vt 0.10471990 -1.79294002
vt 0.15707991 -2.09176397
vt 0.10471990 -2.09176397
vt 0.15707991 -2.39058709
vt 0.10471990 -2.39058709
vt 0.15707991 -2.68941092
vt 0.10471990 -2.68941092
vt 0.05235999 -2.39058709
vt 0.05235999 -2.68941092
vt 0.00000000 -2.39058709
vt 0.00000000 -2.68941092
vt 0.05235999 -1.79294002
vt 0.05235999 -2.09176397
vt 0.00000000 -1.79294002
vt 0.00000000 -2.09176397
vt 15.25000000 0.07853996
vt -46.95000076 0.07853996
vt 15.25000000 0.02617996
vt -46.95000076 0.02617996
vt 15.25000000 -0.02617996
vt -46.95000076 -0.02617996
vt 15.25000000 -0.07853996
vt -46.95000076 -0.07853996
vt 68.80001068 0.20000000
vt 0.60000002 0.20000000
vt 68.80001068 0.00000000
vt 0.60000002 0.00000000
vt 0.00000000 0.47123900
vt -0.20000000 0.47123900
vt 0.00000000 0.15707991
vt -0.20000000 0.15707991
vt 0.00000000 -0.15707991
vt -0.20000000 -0.15707991
vt 0.00000000 -0.47123900
vt -0.20000000 -0.47123900
vt 62.79999924 0.20000000
vt 0.60000002 0.20000000
vt 62.79999924 0.00000000
vt 0.60000002 0.00000000
vt 0.00000000 0.47123900
vt -0.20000000 0.47123900
vt 0.00000000 0.15707991
vt -0.20000000 0.15707991
vt 0.00000000 -0.15707991
vt -0.20000000 -0.15707991
vt 0.00000000 -0.47123900
vt -0.20000000 -0.47123900
vt 0.00000000 0.47123900
vt -0.20000000 0.47123900
vt 0.00000000 0.15707991
vt -0.20000000 0.15707991
vt 0.00000000 -0.15707991
vt -0.20000000 -0.15707991
vt 0.00000000 -0.47123900
vt -0.20000000 -0.47123900
vt 68.80001068 0.20000000
vt 0.60000002 0.20000000
vt 68.80001068 0.00000000
vt 0.60000002 0.00000000
vt 0.00000000 0.47123900
vt -0.20000000 0.47123900
vt 0.00000000 0.15707991
vt -0.20000000 0.15707991
vt 0.00000000 -0.15707991
vt -0.20000000 -0.15707991
vt 0.00000000 -0.47123900
vt -0.20000000 -0.47123900
vt 62.79999924 0.20000000
vt 0.60000002 0.20000000
vt 62.79999924 0.00000000
vt 0.60000002 0.00000000
vt 0.00000000 0.47123900
vt -0.30000001 0.47123900
vt 0.00000000 0.15707991
vt -0.30000001 0.15707991
vt 0.00000000 -0.15707991
vt -0.30000001 -0.15707991
vt 0.00000000 -0.47123900
vt -0.30000001 -0.47123900
vt 5.90000010 0.30000001
vt 0.60000002 0.30000001
vt 5.90000010 0.00000000
vt 0.60000002 0.00000000
vt 0.80817002 -8.51356316
vt 0.61718303 8.40329742
vt 0.40000001 -8.36499977
vt 0.18281700 8.40329742
vt -0.00816995 -8.51356316
vt -0.14992601 8.68249989
vt -0.22535300 -8.88973427
vt -2.65000010 10.00000000
vt -2.65000010 -10.00000000
vt -3.25000000 -9.39999962
vt -2.95000005 -9.91961479
vt -3.16961503 -9.69999981
vt 1.02535295 -8.88973427
vt 3.25000000 -9.39999962
vt 0.94992602 8.68249989
vt 2.65000010 -10.00000000
vt 0.94992602 -9.31750107
vt 0.61718303 -9.59670353
vt 0.18281700 -9.59670353
vt -0.14992601 -9.31750107
vt 0.80817002 9.48643780
vt 2.65000010 10.00000000
vt 0.40000001 9.63500118
vt -0.00816995 9.48643780
vt -0.22535300 9.11026669
vt 1.02535295 9.11026669
vt 3.25000000 9.39999962
vt 2.95000005 -9.91961479
vt 3.16961503 -9.69999981
vt 3.16961503 9.69999981
vt 2.95000005 9.91961479
vt -3.25000000 9.39999962
vt -2.95000005 9.91961479
vt -3.16961503 9.69999981
vt 0.00000000 0.47123900
vt -0.30000001 0.47123900
vt 0.00000000 0.15707991
vt -0.30000001 0.15707991
vt 0.00000000 -0.15707991
vt -0.30000001 -0.15707991
vt 0.00000000 -0.47123900
vt -0.30000001 -0.47123900
vt 19.39999962 0.30000001
vt 0.60000002 0.30000001
vt 19.39999962 0.00000000
vt 0.60000002 0.00000000
vt 0.00000000 0.47123900
vt -0.30000001 0.47123900
vt 0.00000000 0.15707991
vt -0.30000001 0.15707991
vt 0.00000000 -0.15707991
vt -0.30000001 -0.15707991
vt 0.00000000 -0.47123900
vt -0.30000001 -0.47123900
vt 5.90000010 0.30000001
vt 0.60000002 0.30000001
vt 5.90000010 0.00000000
vt 0.60000002 0.00000000
vt 0.00000000 0.47123900
vt -0.30000001 0.47123900
vt 0.00000000 0.15707991
vt -0.30000001 0.15707991
vt 0.00000000 -0.15707991
vt -0.30000001 -0.15707991
vt 0.00000000 -0.47123900
vt -0.30000001 -0.47123900
vt 0.60000002 0.00000000
vt 19.39999962 0.00000000
vt 0.60000002 0.30000001
vt 19.39999962 0.30000001
vt 19.25000000 -0.15707991
vt 19.45000076 -0.15707991
vt 19.25000000 -0.05235999
vt 19.45000076 -0.05235999
vt 19.25000000 0.05235999
vt 19.45000076 0.05235999
vt 19.25000000 0.15707991
vt 19.45000076 0.15707991
vt 52.02679062 0.10000000
vt 52.20000076 0.00000000
vt 52.00000000 0.20000000
vt 66.00000000 0.00000000
vt 66.00000000 12.50000000
vt 52.09999847 0.02679497
vt 52.00000000 12.50000000
vt -35.09999847 32.45000076
vt -36.79999924 16.79999924
vt -35.09999847 -32.45000076
vt -37.00000000 -32.00000000
vt -36.84775925 -32.76536179
vt 35.09999847 32.45000076
vt 19.79999924 33.79999924
vt -35.00000000 34.00000000
vt -35.76536179 33.84775925
vt 35.09999847 -32.45000076
vt 36.79999924 -16.79999924
vt 37.00000000 32.00000000
vt 36.84775925 32.76536179
vt -19.79999924 -33.79999924
vt 35.00000000 -34.00000000
vt 35.76536179 -33.84775925
vt -37.00000000 18.20000076
vt -36.79999924 18.20000076
vt -37.00000000 32.00000000
vt -36.84775925 32.76536179
vt -36.41421127 33.41421127
vt -37.00000000 16.79999924
vt -36.41421127 -33.41421127
vt -35.76536179 -33.84775925
vt -35.00000000 -34.00000000
vt -21.20000076 -34.00000000
vt -21.20000076 -33.79999924
vt -19.79999924 -34.00000000
vt 36.41421127 -33.41421127
vt 36.84775925 -32.76536179
vt 37.00000000 -32.00000000
vt 37.00000000 -18.20000076
vt 36.79999924 -18.20000076
vt 37.00000000 -16.79999924
vt 36.41421127 33.41421127
vt 35.76536179 33.84775925
vt 35.00000000 34.00000000
vt 21.20000076 34.00000000
vt 21.20000076 33.79999924
vt 19.79999924 34.00000000
vt -19.25000000 0.15707991
vt -19.45000076 0.15707991
vt -19.25000000 0.05235999
vt -19.45000076 0.05235999
vt -19.25000000 -0.05235999
vt -19.45000076 -0.05235999
vt -19.25000000 -0.15707991
vt -19.45000076 -0.15707991
vt -7.05000019 1.89999998
vt -7.05000019 1.70000005
vt 5.25000000 1.89999998
vt 5.25000000 1.70000005
vt 6.01536703 1.74775898
vt 5.93882990 1.56298304
vt 6.66421413 1.31421399
vt 6.52279186 1.17279196
vt 7.09775877 0.66536701
vt 6.91298294 0.58882999
vt 7.25000000 -0.10000000
vt 7.05000019 -0.10000000
vt 7.25000000 -1.29999995
vt 7.05000019 -1.29999995
vt 7.35718012 -1.70000005
vt 7.18397522 -1.79999995
vt 7.65000010 -1.99282002
vt 7.55000019 -2.16602492
vt 8.05000114 -2.09999990
vt 8.05000114 -2.29999995
vt 10.64999962 -2.29999995
vt 10.64999962 -2.09999990
vt -18.79999924 0.15707991
vt -19.00000000 0.15707991
vt -18.79999924 0.05235999
vt -19.00000000 0.05235999
vt -18.79999924 -0.05235999
vt -19.00000000 -0.05235999
vt -18.79999924 -0.15707991
vt -19.00000000 -0.15707991
vt -6.05000019 1.00000000
vt -6.05000019 0.80000001
vt 4.25000000 1.00000000
vt 4.25000000 0.80000001
vt 5.01536703 0.84775901
vt 4.93882990 0.66298300
vt 5.66421413 0.41421399
vt 5.52279186 0.27279201
vt 6.09775877 -0.23463300
vt 5.91298294 -0.31117001
vt 6.25000000 -1.00000000
vt 6.05000019 -1.00000000
vt 18.79999924 -0.15707991
vt 19.00000000 -0.15707991
vt 18.79999924 -0.05235999
vt 19.00000000 -0.05235999
vt 18.79999924 0.05235999
vt 19.00000000 0.05235999
vt 18.79999924 0.15707991
vt 19.00000000 0.15707991
vt 56.67779160 21.46999931
vt 66.00000000 17.50000000
vt 56.86000061 22.14999962
vt 66.00000000 28.00000000
vt 56.67779160 22.82999992
vt 56.18000031 23.32780075
vt 52.00000000 28.00000000
vt 55.50000000 23.51000023
vt 54.81999969 23.32780075
vt 54.32220078 22.82999992
vt 54.13999939 22.14999962
vt 52.00000000 17.70000076
vt 54.32220078 21.46999931
vt 54.81999969 20.97220993
vt 55.50000000 20.79000092
vt 52.20000076 17.50000000
vt 56.18000031 20.97220993
vt 52.02679062 17.60000038
vt 52.09999847 17.52680016
vt -37.00000000 16.79999924
vt -37.00000000 -32.00000000
vt -36.79999924 16.79999924
vt -36.70000076 -32.00000000
vt -36.70000076 32.00000000
vt -36.57059097 -32.65055847
vt -36.84775925 -32.76536179
vt -36.20207977 -33.20207977
vt -36.41421127 -33.41421127
vt -35.65055847 -33.57059097
vt -35.76536179 -33.84775925
vt -35.00000000 -33.70000076
vt -35.00000000 -34.00000000
vt -21.20000076 -33.79999924
vt -21.20000076 -34.00000000
vt -19.79999924 -33.79999924
vt 35.00000000 -33.70000076
vt 35.00000000 -34.00000000
vt 35.76536179 -33.84775925
vt -19.79999924 -34.00000000
vt 35.65055847 -33.57059097
vt 36.41421127 -33.41421127
vt 36.20207977 -33.20207977
vt 36.84775925 -32.76536179
vt 36.57059097 -32.65055847
vt 37.00000000 -32.00000000
vt 36.70000076 -32.00000000
vt 36.79999924 -18.20000076
vt 36.79999924 -16.79999924
vt 37.00000000 -18.20000076
vt 37.00000000 -16.79999924
vt 37.00000000 32.00000000
vt 36.70000076 32.00000000
vt 36.57059097 32.65055847
vt 36.84775925 32.76536179
vt 36.20207977 33.20207977
vt 36.41421127 33.41421127
vt 35.65055847 33.57059097
vt 35.76536179 33.84775925
vt 35.00000000 33.70000076
vt 35.00000000 34.00000000
vt 21.20000076 33.79999924
vt 21.20000076 34.00000000
vt 19.79999924 33.79999924
vt -35.00000000 33.70000076
vt -35.00000000 34.00000000
vt -35.76536179 33.84775925
vt 19.79999924 34.00000000
vt -35.65055847 33.57059097
vt -36.41421127 33.41421127
vt -36.20207977 33.20207977
vt -36.84775925 32.76536179
vt -36.57059097 32.65055847
vt -37.00000000 32.00000000
vt -36.79999924 18.20000076
vt -37.00000000 18.20000076
vt -18.35000038 0.15707991
vt -18.54999924 0.15707991
vt -18.35000038 0.05235999
vt -18.54999924 0.05235999
vt -18.35000038 -0.05235999
vt -18.54999924 -0.05235999
vt -18.35000038 -0.15707991
vt -18.54999924 -0.15707991
vt 2.70000005 3.09999990
vt 2.70000005 2.90000010
vt 13.00000000 3.09999990
vt 13.00000000 2.90000010
vt 13.76537037 2.94775891
vt 13.68883038 2.76298308
vt 14.41421032 2.51421404
vt 14.27278996 2.37279201
vt 14.84776020 1.86536705
vt 14.66298008 1.78883004
vt 15.00000000 1.10000002
vt 14.80000019 1.10000002
vt 17.29999924 -0.15707991
vt 17.50000000 -0.15707991
vt 17.29999924 -0.05235999
vt 17.50000000 -0.05235999
vt 17.29999924 0.05235999
vt 17.50000000 0.05235999
vt 17.29999924 0.15707991
vt 17.50000000 0.15707991
vt 58.02679062 17.60000038
vt 58.20000076 17.50000000
vt 58.00000000 17.70000076
vt 72.00000000 17.50000000
vt 72.00000000 28.00000000
vt 58.09999847 17.52680016
vt 58.00000000 28.00000000
vt 18.35000038 -0.15707991
vt 18.54999924 -0.15707991
vt 18.35000038 -0.05235999
vt 18.54999924 -0.05235999
vt 18.35000038 0.05235999
vt 18.54999924 0.05235999
vt 18.35000038 0.15707991
vt 18.54999924 0.15707991
vt 58.02679062 0.10000000
vt 58.20000076 0.00000000
vt 58.00000000 0.20000000
vt 72.00000000 0.00000000
vt 72.00000000 12.50000000
vt 58.09999847 0.02679497
vt 58.00000000 12.50000000
vt -18.35000038 0.15707991
vt -18.54999924 0.15707991
vt -18.35000038 0.05235999
vt -18.54999924 0.05235999
vt -18.35000038 -0.05235999
vt -18.54999924 -0.05235999
vt -18.35000038 -0.15707991
vt -18.54999924 -0.15707991
vt -14.80000019 3.09999990
vt -14.80000019 2.90000010
vt -2.50000000 3.09999990
vt -2.50000000 2.90000010
vt -1.73463297 2.94775891
vt -1.81116998 2.76298308
vt -1.08578598 2.51421404
vt -1.22720802 2.37279201
vt -0.65224099 1.86536705
vt -0.83701700 1.78883004
vt -0.50000000 1.10000002
vt -0.69999999 1.10000002
vt -0.50000000 -2.09999990
vt -0.69999999 -2.09999990
vt -0.39282000 -2.50000000
vt -0.56602502 -2.59999990
vt -0.10000000 -2.79281998
vt -0.20000000 -2.96602511
vt 0.30000001 -2.90000010
vt 0.30000001 -3.09999990
vt 2.90000010 -3.09999990
vt 2.90000010 -2.90000010
vt -18.79999924 0.15707991
vt -19.00000000 0.15707991
vt -18.79999924 0.05235999
vt -19.00000000 0.05235999
vt -18.79999924 -0.05235999
vt -19.00000000 -0.05235999
vt -18.79999924 -0.15707991
vt -19.00000000 -0.15707991
vt 7.05000019 -0.80000001
vt -5.25000000 -0.80000001
vt 7.05000019 -1.00000000
vt -5.25000000 -1.00000000
vt -6.01536703 -0.84775901
vt -5.93882990 -0.66298300
vt -6.66421413 -0.41421399
vt -6.52279186 -0.27279201
vt -7.09775877 0.23463300
vt -6.91298294 0.31117001
vt -7.25000000 1.00000000
vt -7.05000019 1.00000000
vt -7.25000000 2.20000005
vt -7.05000019 2.20000005
vt -7.35718012 2.59999990
vt -7.18397522 2.70000005
vt -7.65000010 2.89281988
vt -7.55000019 3.06602502
vt -8.05000114 3.00000000
vt -8.05000114 3.20000005
vt -10.64999962 3.00000000
vt -10.64999962 3.20000005
vt 18.79999924 -0.15707991
vt 19.00000000 -0.15707991
vt 18.79999924 -0.05235999
vt 19.00000000 -0.05235999
vt 18.79999924 0.05235999
vt 19.00000000 0.05235999
vt 18.79999924 0.15707991
vt 19.00000000 0.15707991
vt 52.02679062 0.10000000
vt 52.20000076 0.00000000
vt 52.00000000 0.20000000
vt 66.00000000 0.00000000
vt 66.00000000 12.50000000
vt 52.09999847 0.02679497
vt 52.00000000 12.50000000
vt 18.79999924 -0.15707991
vt 19.00000000 -0.15707991
vt 18.79999924 -0.05235999
vt 19.00000000 -0.05235999
vt 18.79999924 0.05235999
vt 19.00000000 0.05235999
vt 18.79999924 0.15707991
vt 19.00000000 0.15707991
vt 54.32220078 22.82999992
vt 52.00000000 28.00000000
vt 54.13999939 22.14999962
vt 52.00000000 17.70000076
vt 54.32220078 21.46999931
vt 54.81999969 20.97220993
vt 55.50000000 20.79000092
vt 52.20000076 17.50000000
vt 56.18000031 20.97220993
vt 66.00000000 17.50000000
vt 56.67779160 21.46999931
vt 56.86000061 22.14999962
vt 66.00000000 28.00000000
vt 56.67779160 22.82999992
vt 56.18000031 23.32780075
vt 55.50000000 23.51000023
vt 54.81999969 23.32780075
vt 52.02679062 17.60000038
vt 52.09999847 17.52680016
vt -18.79999924 0.15707991
vt -19.00000000 0.15707991
vt -18.79999924 0.05235999
vt -19.00000000 0.05235999
vt -18.79999924 -0.05235999
vt -19.00000000 -0.05235999
vt -18.79999924 -0.15707991
vt -19.00000000 -0.15707991
vt 6.05000019 -0.80000001
vt -4.25000000 -0.80000001
vt 6.05000019 -1.00000000
vt -4.25000000 -1.00000000
vt -5.01536703 -0.84775901
vt -4.93882990 -0.66298300
vt -5.66421413 -0.41421399
vt -5.52279186 -0.27279201
vt -6.09775877 0.23463300
vt -5.91298294 0.31117001
vt -6.25000000 1.00000000
vt -6.05000019 1.00000000
vt 17.29999924 -0.15707991
vt 17.50000000 -0.15707991
vt 17.29999924 -0.05235999
vt 17.50000000 -0.05235999
vt 17.29999924 0.05235999
vt 17.50000000 0.05235999
vt 17.29999924 0.15707991
vt 17.50000000 0.15707991
vt -18.35000038 0.15707991
vt -18.54999924 0.15707991
vt -18.35000038 0.05235999
vt -18.54999924 0.05235999
vt -18.35000038 -0.05235999
vt -18.54999924 -0.05235999
vt -18.35000038 -0.15707991
vt -18.54999924 -0.15707991
vt 7.67117119 25.59662056
vt 7.67117119 23.64443970
vt 8.12494755 25.59662056
vt 8.32909584 23.64871025
vt 8.43897629 25.59662056
vt 8.76236725 23.65169907
vt 8.78303432 25.59660912
vt 8.98726940 25.59638977
vt 9.03074074 23.65379906
vt 10.21164036 24.65316963
vt 9.18473625 23.65530968
vt 10.19814968 24.29187965
vt 9.34376431 23.65979958
vt 9.47394085 23.67157936
vt 10.14645004 24.05406952
vt 9.78860378 23.73600006
vt 10.02661037 23.86371994
vt 10.13216972 25.25691986
vt 9.67756557 25.55182076
vt 9.33235168 25.58983040
vt 9.13460827 25.59379959
vt 10.04885006 25.38558006
vt 9.93789196 25.46668053
vt -2.70000005 -2.90000010
vt -13.00000000 -2.90000010
vt -2.70000005 -3.09999990
vt -13.00000000 -3.09999990
vt -13.76537037 -2.94775891
vt -13.68883038 -2.76298308
vt -14.41421032 -2.51421404
vt -14.27278996 -2.37279201
vt -14.84776020 -1.86536705
vt -14.66298008 -1.78883004
vt -15.00000000 -1.10000002
vt -14.80000019 -1.10000002
vt -18.35000038 0.15707991
vt -18.54999924 0.15707991
vt -18.35000038 0.05235999
vt -18.54999924 0.05235999
vt -18.35000038 -0.05235999
vt -18.54999924 -0.05235999
vt -18.35000038 -0.15707991
vt -18.54999924 -0.15707991
vt 14.80000019 -2.90000010
vt 2.50000000 -2.90000010
vt 14.80000019 -3.09999990
vt 2.50000000 -3.09999990
vt 1.73463297 -2.94775891
vt 1.81116998 -2.76298308
vt 1.08578598 -2.51421404
vt 1.22720802 -2.37279201
vt 0.65224099 -1.86536705
vt 0.83701700 -1.78883004
vt 0.50000000 -1.10000002
vt 0.69999999 -1.10000002
vt 0.50000000 2.09999990
vt 0.69999999 2.09999990
vt 0.39282000 2.50000000
vt 0.56602502 2.59999990
vt 0.10000000 2.79281998
vt 0.20000000 2.96602511
vt -0.30000001 2.90000010
vt -0.30000001 3.09999990
vt -2.90000010 2.90000010
vt -2.90000010 3.09999990
vt 18.25000000 -0.15707991
vt 18.45000076 -0.15707991
vt 18.25000000 -0.05235999
vt 18.45000076 -0.05235999
vt 18.25000000 0.05235999
vt 18.45000076 0.05235999
vt 18.25000000 0.15707991
vt 18.45000076 0.15707991
vt -6.05000019 -0.80000001
vt -6.05000019 -1.00000000
vt 4.25000000 -0.80000001
vt 4.25000000 -1.00000000
vt 5.01536703 -0.84775901
vt 4.93882990 -0.66298300
vt 5.66421413 -0.41421399
vt 5.52279186 -0.27279201
vt 6.09775877 0.23463300
vt 5.91298294 0.31117001
vt 6.25000000 1.00000000
vt 6.05000019 1.00000000
vt 0.00000000 1.00000000
vt -0.20000000 1.00000000
vt 0.00000000 0.00000000
vt -0.20000000 0.00000000
vt 58.02679062 0.10000000
vt 58.20000076 0.00000000
vt 58.00000000 0.20000000
vt 72.00000000 0.00000000
vt 72.00000000 12.50000000
vt 58.09999847 0.02679497
vt 58.00000000 12.50000000
vt 56.90000153 0.02679497
vt 56.97320175 0.10000000
vt 56.79999924 0.00000000
vt 57.00000000 0.20000000
vt 2.00000000 0.00000000
vt 2.00000000 12.50000000
vt 57.00000000 12.50000000
vt 53.50000000 1.57079601
vt 39.50000000 1.57079601
vt 53.50000000 0.78539801
vt 39.50000000 0.78539801
vt 53.50000000 0.00000000
vt 39.50000000 0.00000000
vt 53.50000000 -0.78539801
vt 39.50000000 -0.78539801
vt 53.50000000 -1.57079601
vt 39.50000000 -1.57079601
vt -16.50000000 -1.57079601
vt 38.50000000 -1.57079601
vt -16.50000000 -0.78539801
vt 38.50000000 -0.78539801
vt -16.50000000 0.00000000
vt 38.50000000 0.00000000
vt -16.50000000 0.78539801
vt 38.50000000 0.78539801
vt -16.50000000 1.57079601
vt 38.50000000 1.57079601
vt 21.00000000 -28.79999924
vt 21.00000000 -32.00000000
vt 31.50000000 -28.79999924
vt 35.00000000 -32.00000000
vt 32.38016891 -28.62491989
vt 33.12635040 -28.12635040
vt 33.62491989 -27.38017082
vt 33.79999924 -26.50000000
vt 35.00000000 17.00000000
vt 33.79999924 17.00000000
vt 20.00000000 -28.79999924
vt -23.42621040 -28.79999924
vt 20.00000000 -32.00000000
vt -35.00000000 -32.00000000
vt -24.27252960 -28.63862991
vt -25.00008965 -28.17716980
vt -25.50680923 -27.48036957
vt -25.72156906 -26.64599991
vt -31.76815033 -22.89360046
vt -25.97620964 -25.44942093
vt -26.56487083 -24.37698936
vt -27.43759918 -23.51968002
vt -30.93848038 -22.83968925
vt -28.52036095 -22.95023918
vt -29.72127914 -22.71697998
vt -32.56277847 -22.64901924
vt -33.21854019 -22.13788986
vt -33.64973068 -21.42701912
vt -35.00000000 -18.00000000
vt -33.79999924 -20.60928917
vt -33.79999924 -18.00000000
vt 15.00000000 0.62831903
vt 4.50000000 0.62831903
vt 15.00000000 0.20943990
vt 4.50000000 0.20943990
vt 15.00000000 -0.20943990
vt 4.50000000 -0.20943990
vt 15.00000000 -0.62831903
vt 4.50000000 -0.62831903
vt -39.92620850 -0.62831903
vt 3.50000000 -0.62831903
vt -39.92620850 -0.20943990
vt 3.50000000 -0.20943990
vt -39.92620850 0.20943990
vt 3.50000000 0.20943990
vt -39.92620850 0.62831903
vt 3.50000000 0.62831903
vt -12.00000000 -0.69999999
vt -1.50000000 -0.69999999
vt -12.00000000 1.89999998
vt -1.50000000 1.89999998
vt -13.00000000 1.89999998
vt -56.42620850 1.89999998
vt -13.00000000 -0.69999999
vt -56.42620850 -0.69999999
vt 58.02679062 17.60000038
vt 58.20000076 17.50000000
vt 58.00000000 17.70000076
vt 72.00000000 17.50000000
vt 72.00000000 28.00000000
vt 58.09999847 17.52680016
vt 58.00000000 28.00000000
vt 53.50000000 1.57079601
vt 39.50000000 1.57079601
vt 53.50000000 0.78539801
vt 39.50000000 0.78539801
vt 53.50000000 0.00000000
vt 39.50000000 0.00000000
vt 53.50000000 -0.78539801
vt 39.50000000 -0.78539801
vt 53.50000000 -1.57079601
vt 39.50000000 -1.57079601
vt -16.50000000 -1.57079601
vt 38.50000000 -1.57079601
vt -16.50000000 -0.78539801
vt 38.50000000 -0.78539801
vt -16.50000000 0.00000000
vt 38.50000000 0.00000000
vt -16.50000000 0.78539801
vt 38.50000000 0.78539801
vt -16.50000000 1.57079601
vt 38.50000000 1.57079601
vt -0.20000000 -0.50000000
vt 0.00000000 -0.50000000
vt -0.20000000 0.50000000
vt 0.00000000 0.50000000
vt 6.05000019 1.00000000
vt -4.25000000 1.00000000
vt 6.05000019 0.80000001
vt -4.25000000 0.80000001
vt -5.01536703 0.84775901
vt -4.93882990 0.66298300
vt -5.66421413 0.41421399
vt -5.52279186 0.27279201
vt -6.09775877 -0.23463300
vt -5.91298294 -0.31117001
vt -6.25000000 -1.00000000
vt -6.05000019 -1.00000000
vt 7.05000019 1.89999998
vt -5.25000000 1.89999998
vt 7.05000019 1.70000005
vt -5.25000000 1.70000005
vt -6.01536703 1.74775898
vt -5.93882990 1.56298304
vt -6.66421413 1.31421399
vt -6.52279186 1.17279196
vt -7.09775877 0.66536701
vt -6.91298294 0.58882999
vt -7.25000000 -0.10000000
vt -7.05000019 -0.10000000
vt -7.05000019 -1.29999995
vt -7.25000000 -1.29999995
vt -7.35718012 -1.70000005
vt -7.18397522 -1.79999995
vt -7.65000010 -1.99282002
vt -7.55000019 -2.16602492
vt -8.05000114 -2.09999990
vt -8.05000114 -2.29999995
vt -10.64999962 -2.29999995
vt -10.64999962 -2.09999990
vt 50.90000153 17.52680016
vt 50.97320175 17.60000038
vt 50.79999924 17.50000000
vt 51.00000000 17.70000076
vt 2.00000000 17.50000000
vt 2.00000000 28.00000000
vt 51.00000000 28.00000000
vt -15.00000000 -1.57079601
vt 34.00000000 -1.57079601
vt -15.00000000 -0.78539801
vt 34.00000000 -0.78539801
vt -15.00000000 0.00000000
vt 34.00000000 0.00000000
vt -15.00000000 0.78539801
vt 34.00000000 0.78539801
vt -15.00000000 1.57079601
vt 34.00000000 1.57079601
vt -5.97927523 1.89999998
vt -49.47927094 1.89999998
vt -5.97927523 -0.69999999
vt -49.47927094 -0.69999999
vt -4.97927523 -0.69999999
vt -2.36998701 -0.69999999
vt -4.97927523 1.89999998
vt -2.36998701 1.89999998
vt 34.01219940 5.56414986
vt 33.95243073 5.56414986
vt 35.32878113 3.73215008
vt 32.62421036 3.73215008
vt 30.55999947 2.57214999
vt 31.69000053 3.73215008
vt 30.55999947 9.92784977
vt 31.71998024 8.76784992
vt 32.69104004 8.76784992
vt 33.49697113 6.26000023
vt 36.31000137 3.73215008
vt 35.18700027 7.26697922
vt 34.10837936 8.76784992
vt 37.43999863 9.92784977
vt 36.27515030 8.76784992
vt 37.43999863 2.57214999
vt -37.98963165 -0.62831903
vt 5.51036310 -0.62831903
vt -37.98963165 -0.20943990
vt 5.51036310 -0.20943990
vt -37.98963165 0.20943990
vt 5.51036310 0.20943990
vt -37.98963165 0.62831903
vt 5.51036310 0.62831903
vt 9.11965084 0.62831903
vt 6.51036310 0.62831903
vt 9.11965084 0.20943990
vt 6.51036310 0.20943990
vt 9.11965084 -0.20943990
vt 6.51036310 -0.20943990
vt 9.11965084 -0.62831903
vt 6.51036310 -0.62831903
vt -15.00000000 -1.57079601
vt 34.00000000 -1.57079601
vt -15.00000000 -0.78539801
vt 34.00000000 -0.78539801
vt -15.00000000 0.00000000
vt 34.00000000 0.00000000
vt -15.00000000 0.78539801
vt 34.00000000 0.78539801
vt -15.00000000 1.57079601
vt 34.00000000 1.57079601
vt 0.00000000 1.00000000
vt -0.20000000 1.00000000
vt 0.00000000 0.00000000
vt -0.20000000 0.00000000
vt 6.05000019 1.00000000
vt -4.25000000 1.00000000
vt 6.05000019 0.80000001
vt -4.25000000 0.80000001
vt -5.01536703 0.84775901
vt -4.93882990 0.66298300
vt -5.66421413 0.41421399
vt -5.52279186 0.27279201
vt -6.09775877 -0.23463300
vt -5.91298294 -0.31117001
vt -6.25000000 -1.00000000
vt -6.05000019 -1.00000000
vt 8.75000000 3.09999990
vt -3.54999995 3.09999990
vt 8.75000000 2.90000010
vt -3.54999995 2.90000010
vt -4.31536722 2.94775891
vt -4.23883009 2.76298308
vt -4.96421289 2.51421404
vt -4.82279205 2.37279201
vt -5.39775896 1.86536705
vt -5.21298313 1.78883004
vt -5.55000019 1.10000002
vt -5.34999990 1.10000002
vt -5.34999990 -2.09999990
vt -5.55000019 -2.09999990
vt -5.65717983 -2.50000000
vt -5.48397398 -2.59999990
vt -5.94999981 -2.79281998
vt -5.84999990 -2.96602511
vt -6.34999990 -2.90000010
vt -6.34999990 -3.09999990
vt -8.94999981 -3.09999990
vt -8.94999981 -2.90000010
vt 53.50000000 1.57079601
vt 39.50000000 1.57079601
vt 53.50000000 0.78539801
vt 39.50000000 0.78539801
vt 53.50000000 0.00000000
vt 39.50000000 0.00000000
vt 53.50000000 -0.78539801
vt 39.50000000 -0.78539801
vt 53.50000000 -1.57079601
vt 39.50000000 -1.57079601
vt 56.90000153 0.02679497
vt 56.97320175 0.10000000
vt 56.79999924 0.00000000
vt 57.00000000 0.20000000
vt 2.00000000 0.00000000
vt 2.00000000 12.50000000
vt 57.00000000 12.50000000
vt -12.00000000 -0.69999999
vt -1.50000000 -0.69999999
vt -12.00000000 1.89999998
vt -1.50000000 1.89999998
vt 53.50000000 1.57079601
vt 39.50000000 1.57079601
vt 53.50000000 0.78539801
vt 39.50000000 0.78539801
vt 53.50000000 0.00000000
vt 39.50000000 0.00000000
vt 53.50000000 -0.78539801
vt 39.50000000 -0.78539801
vt 53.50000000 -1.57079601
vt 39.50000000 -1.57079601
vt -16.50000000 -1.57079601
vt 38.50000000 -1.57079601
vt -16.50000000 -0.78539801
vt 38.50000000 -0.78539801
vt -16.50000000 0.00000000
vt 38.50000000 0.00000000
vt -16.50000000 0.78539801
vt 38.50000000 0.78539801
vt -16.50000000 1.57079601
vt 38.50000000 1.57079601
vt 15.00000000 0.62831903
vt 4.50000000 0.62831903
vt 15.00000000 0.20943990
vt 4.50000000 0.20943990
vt 15.00000000 -0.20943990
vt 4.50000000 -0.20943990
vt 15.00000000 -0.62831903
vt 4.50000000 -0.62831903
vt -21.00000000 28.79999924
vt -21.00000000 32.00000000
vt -31.50000000 28.79999924
vt -35.00000000 32.00000000
vt -32.38016891 28.62491989
vt -33.12635040 28.12635040
vt -33.62491989 27.38017082
vt -33.79999924 26.50000000
vt -35.00000000 -17.00000000
vt -33.79999924 -17.00000000
vt -6.05000019 -0.80000001
vt -6.05000019 -1.00000000
vt 4.25000000 -0.80000001
vt 4.25000000 -1.00000000
vt 5.01536703 -0.84775901
vt 4.93882990 -0.66298300
vt 5.66421413 -0.41421399
vt 5.52279186 -0.27279201
vt 6.09775877 0.23463300
vt 5.91298294 0.31117001
vt 6.25000000 1.00000000
vt 6.05000019 1.00000000
vt -0.20000000 -0.50000000
vt 0.00000000 -0.50000000
vt -0.20000000 0.50000000
vt 0.00000000 0.50000000
vt -7.05000019 -0.80000001
vt -7.05000019 -1.00000000
vt 5.25000000 -0.80000001
vt 5.25000000 -1.00000000
vt 6.01536703 -0.84775901
vt 5.93882990 -0.66298300
vt 6.66421413 -0.41421399
vt 6.52279186 -0.27279201
vt 7.09775877 0.23463300
vt 6.91298294 0.31117001
vt 7.25000000 1.00000000
vt 7.05000019 1.00000000
vt 7.05000019 2.20000005
vt 7.25000000 2.20000005
vt 7.35718012 2.59999990
vt 7.18397522 2.70000005
vt 7.65000010 2.89281988
vt 7.55000019 3.06602502
vt 8.05000114 3.00000000
vt 8.05000114 3.20000005
vt 10.64999962 3.00000000
vt 10.64999962 3.20000005
vt 8.57545471 23.63489914
vt 8.36812782 23.33949089
vt 8.56002426 23.48693085
vt 8.47003841 23.35901070
vt 8.52720642 23.40398979
vt 8.58060932 23.87501907
vt 8.20119762 23.33297920
vt 7.82393408 23.87501907
vt 7.82908010 23.63489914
vt 8.57545471 24.11512947
vt 8.36812782 24.41053963
vt 8.20119762 24.41704941
vt 7.82908010 24.11512947
vt 8.03450108 24.41053963
vt 7.84454823 24.26309967
vt 7.93341684 24.39101982
vt 7.87705088 24.34604073
vt 8.56002426 24.26309967
vt 8.47003841 24.39101982
vt 8.52719879 24.34605026
vt 7.93341684 23.35901070
vt 7.84454918 23.48693085
vt 7.87705088 23.40398979
vt 49.00000000 1.57079601
vt 35.00000000 1.57079601
vt 49.00000000 0.78539801
vt 35.00000000 0.78539801
vt 49.00000000 0.00000000
vt 35.00000000 0.00000000
vt 49.00000000 -0.78539801
vt 35.00000000 -0.78539801
vt 49.00000000 -1.57079601
vt 35.00000000 -1.57079601
vt -15.00000000 -1.57079601
vt 34.00000000 -1.57079601
vt -15.00000000 -0.78539801
vt 34.00000000 -0.78539801
vt -15.00000000 0.00000000
vt 34.00000000 0.00000000
vt -15.00000000 0.78539801
vt 34.00000000 0.78539801
vt -15.00000000 1.57079601
vt 34.00000000 1.57079601
vt 34.01219940 5.56414986
vt 33.95243073 5.56414986
vt 35.32878113 3.73215008
vt 32.62421036 3.73215008
vt 30.55999947 2.57214999
vt 31.69000053 3.73215008
vt 30.55999947 9.92784977
vt 31.71998024 8.76784992
vt 32.69104004 8.76784992
vt 33.49697113 6.26000023
vt 36.31000137 3.73215008
vt 35.18700027 7.26697922
vt 34.10837936 8.76784992
vt 37.43999863 9.92784977
vt 36.27515030 8.76784992
vt 37.43999863 2.57214999
vt 49.00000000 1.57079601
vt 35.00000000 1.57079601
vt 49.00000000 0.78539801
vt 35.00000000 0.78539801
vt 49.00000000 0.00000000
vt 35.00000000 0.00000000
vt 49.00000000 -0.78539801
vt 35.00000000 -0.78539801
vt 49.00000000 -1.57079601
vt 35.00000000 -1.57079601
vt -15.00000000 -1.57079601
vt 34.00000000 -1.57079601
vt -15.00000000 -0.78539801
vt 34.00000000 -0.78539801
vt -15.00000000 0.00000000
vt 34.00000000 0.00000000
vt -15.00000000 0.78539801
vt 34.00000000 0.78539801
vt -15.00000000 1.57079601
vt 34.00000000 1.57079601
vt 33.79999924 18.00000000
vt 35.00000000 18.00000000
vt 33.79999924 20.60928917
vt 33.64973068 21.42701912
vt 35.00000000 32.00000000
vt 33.21854019 22.13788986
vt 32.56277847 22.64901924
vt 31.76815033 22.89360046
vt 25.72156906 26.64599991
vt 25.97620964 25.44942093
vt -20.00000000 32.00000000
vt 23.42621040 28.79999924
vt 24.27252960 28.63862991
vt 25.00008965 28.17716980
vt -20.00000000 28.79999924
vt 25.50680923 27.48036957
vt 26.56487083 24.37698936
vt 27.43759918 23.51968002
vt 30.93848038 22.83968925
vt 28.52036095 22.95023918
vt 29.72127914 22.71697998
vt -4.97927523 -0.69999999
vt -2.36998701 -0.69999999
vt -4.97927523 1.89999998
vt -2.36998701 1.89999998
vt 9.11965084 0.62831903
vt 6.51036310 0.62831903
vt 9.11965084 0.20943990
vt 6.51036310 0.20943990
vt 9.11965084 -0.20943990
vt 6.51036310 -0.20943990
vt 9.11965084 -0.62831903
vt 6.51036310 -0.62831903
vt -1.57079601 -1.78767800
vt -1.57079601 -2.68151689
vt -1.04719806 -2.01113796
vt -1.04719806 -2.68151689
vt -0.52359903 -2.68151689
vt -0.52359903 -2.01113796
vt 0.00000000 -2.68151689
vt 0.00000000 -2.01113796
vt -0.52359903 -1.34075904
vt 0.00000000 -1.34075904
vt -0.52359903 -0.67037898
vt 0.00000000 -0.67037898
vt -0.52359903 0.00000000
vt 0.00000000 0.00000000
vt -1.04719806 0.00000000
vt -1.04719806 -0.67037898
vt -1.04719806 -1.34075904
vt -1.57079601 0.00000000
vt -1.57079601 -0.89383900
vt 11.00000000 0.78539801
vt -33.00000000 0.78539801
vt 11.00000000 0.26179901
vt -33.00000000 0.26179901
vt 11.00000000 -0.26179901
vt -33.00000000 -0.26179901
vt 11.00000000 -0.78539801
vt -33.00000000 -0.78539801
vt 0.00000000 2.68151689
vt -0.52359903 2.68151689
vt 0.00000000 2.01113796
vt -0.52359903 2.01113796
vt 0.00000000 1.34075904
vt -0.52359903 1.34075904
vt 0.00000000 0.67037898
vt -0.52359903 0.67037898
vt 0.00000000 0.00000000
vt -0.52359903 0.00000000
vt -1.04719806 0.67037898
vt -1.04719806 0.00000000
vt -1.57079601 0.00000000
vt -1.57079601 0.89383900
vt -1.04719806 1.34075904
vt -1.57079601 1.78767800
vt -1.04719806 2.01113796
vt -1.57079601 2.68151689
vt -1.04719806 2.68151689
vt 4.69999981 0.78539801
vt -14.10000038 0.78539801
vt 4.69999981 0.26179901
vt -14.10000038 0.26179901
vt 4.69999981 -0.26179901
vt -14.10000038 -0.26179901
vt 4.69999981 -0.78539801
vt -14.10000038 -0.78539801
vt 0.00000000 -5.36303377
vt -0.52359903 -5.36303377
vt 0.00000000 -6.03341293
vt -0.52359903 -6.03341293
vt 0.00000000 -6.70379305
vt -0.52359903 -6.70379305
vt 0.00000000 -7.37417221
vt -0.52359903 -7.37417221
vt 0.00000000 -8.04455185
vt -0.52359903 -8.04455185
vt -1.04719806 -7.37417221
vt -1.04719806 -8.04455185
vt -1.57079601 -8.04455185
vt -1.57079601 -7.15071201
vt -1.04719806 -6.70379305
vt -1.57079601 -6.25687313
vt -1.04719806 -6.03341293
vt -1.57079601 -5.36303377
vt -1.04719806 -5.36303377
vt 11.00000000 0.78539801
vt -33.00000000 0.78539801
vt 11.00000000 0.26179901
vt -33.00000000 0.26179901
vt 11.00000000 -0.26179901
vt -33.00000000 -0.26179901
vt 11.00000000 -0.78539801
vt -33.00000000 -0.78539801
vt 0.00000000 -2.68151689
vt -0.52359903 -2.68151689
vt 0.00000000 -3.35189605
vt -0.52359903 -3.35189605
vt 0.00000000 -4.02227592
vt -0.52359903 -4.02227592
vt 0.00000000 -4.69265509
vt -0.52359903 -4.69265509
vt 0.00000000 -5.36303377
vt -0.52359903 -5.36303377
vt -1.04719806 -4.69265509
vt -1.04719806 -5.36303377
vt -1.57079601 -5.36303377
vt -1.57079601 -4.46919489
vt -1.04719806 -4.02227592
vt -1.57079601 -3.57535601
vt -1.04719806 -3.35189605
vt -1.57079601 -2.68151689
vt -1.04719806 -2.68151689
vt 4.69999981 0.78539801
vt -14.10000038 0.78539801
vt 4.69999981 0.26179901
vt -14.10000038 0.26179901
vt 4.69999981 -0.26179901
vt -14.10000038 -0.26179901
vt 4.69999981 -0.78539801
vt -14.10000038 -0.78539801
vt 18.79999924 4.19999981
vt 0.00000000 4.19999981
vt 18.79999924 4.00000000
vt 0.00000000 4.00000000
vt -4.00000000 3.14159298
vt -4.19999981 3.14159298
vt -4.00000000 2.35619402
vt -4.19999981 2.35619402
vt -4.00000000 1.57079601
vt -4.19999981 1.57079601
vt -4.00000000 0.78539801
vt -4.19999981 0.78539801
vt -4.00000000 0.00000000
vt -4.19999981 0.00000000
vt 44.00000000 4.19999981
vt 0.00000000 4.19999981
vt 44.00000000 4.00000000
vt 0.00000000 4.00000000
vt -4.00000000 3.14159298
vt -4.19999981 3.14159298
vt -4.00000000 2.35619402
vt -4.19999981 2.35619402
vt -4.00000000 1.57079601
vt -4.19999981 1.57079601
vt -4.00000000 0.78539801
vt -4.19999981 0.78539801
vt -4.00000000 0.00000000
vt -4.19999981 0.00000000
vt 9.89999962 -22.86602974
vt 10.39999962 -22.00000000
vt 9.39999962 -23.00000000
vt 9.39999962 23.00000000
vt -9.39999962 23.00000000
vt 10.26603031 -22.50000000
vt 10.39999962 22.00000000
vt 9.89999962 22.86602974
vt 10.26603031 22.50000000
vt -9.89999962 22.86602974
vt -10.39999962 22.00000000
vt -10.39999962 -22.00000000
vt -9.39999962 -23.00000000
vt -9.89999962 -22.86602974
vt -10.26603031 -22.50000000
vt -10.26603031 22.50000000
vt 44.00000000 4.19999981
vt 0.00000000 4.19999981
vt 44.00000000 4.00000000
vt 0.00000000 4.00000000
vt -4.00000000 3.14159298
vt -4.19999981 3.14159298
vt -4.00000000 2.35619402
vt -4.19999981 2.35619402
vt -4.00000000 1.57079601
vt -4.19999981 1.57079601
vt -4.00000000 0.78539801
vt -4.19999981 0.78539801
vt -4.00000000 0.00000000
vt -4.19999981 0.00000000
vt 18.79999924 4.19999981
vt 0.00000000 4.19999981
vt 18.79999924 4.00000000
vt 0.00000000 4.00000000
vt -4.00000000 3.14159298
vt -4.19999981 3.14159298
vt -4.00000000 2.35619402
vt -4.19999981 2.35619402
vt -4.00000000 1.57079601
vt -4.19999981 1.57079601
vt -4.00000000 0.78539801
vt -4.19999981 0.78539801
vt -4.00000000 0.00000000
vt -4.19999981 0.00000000
vt -6.00000000 0.00000000
vt 0.00000000 0.00000000
vt -6.00000000 4.00000000
vt 0.00000000 4.00000000
vt -6.00000000 0.00000000
vt 0.00000000 0.00000000
vt -6.00000000 4.00000000
vt 0.00000000 4.00000000
vt -65.00000000 0.00000000
vt 0.00000000 0.00000000
vt -65.00000000 4.00000000
vt 0.00000000 4.00000000
vt 32.50000000 3.00000000
vt -32.50000000 3.00000000
vt 32.50000000 -3.00000000
vt -32.50000000 -3.00000000
vt -6.00000000 0.00000000
vt 0.00000000 0.00000000
vt -6.00000000 4.00000000
vt 0.00000000 4.00000000
vt -65.00000000 0.00000000
vt 0.00000000 0.00000000
vt -65.00000000 4.00000000
vt 0.00000000 4.00000000
vt -6.00000000 0.00000000
vt 0.00000000 0.00000000
vt -6.00000000 4.00000000
vt 0.00000000 4.00000000
vt 32.50000000 3.00000000
vt -32.50000000 3.00000000
vt 32.50000000 -3.00000000
vt -32.50000000 -3.00000000
vt -64.90000153 0.00000000
vt 0.00000000 0.00000000
vt -64.90000153 9.39999962
vt 0.00000000 9.39999962
vt -70.19999695 9.39999962
vt -70.19999695 0.00000000
vt -67.59999847 9.39999962
vt 0.00000000 0.00000000
vt -2.59999990 9.39999962
vt 0.00000000 9.39999962
vt -2.59999990 13.39999962
vt -67.59999847 13.39999962
vt -64.90000153 0.00000000
vt 0.00000000 0.00000000
vt -64.90000153 9.39999962
vt 0.00000000 9.39999962
vt -70.19999695 9.39999962
vt -70.19999695 0.00000000
vt -67.59999847 9.39999962
vt 0.00000000 0.00000000
vt -2.59999990 9.39999962
vt 0.00000000 9.39999962
vt -2.59999990 13.39999962
vt -67.59999847 13.39999962
vt 11.39999962 22.00000000
vt 11.39999962 -22.00000000
vt 32.50000000 -26.45000076
vt 11.24775982 -22.76536942
vt 10.81420994 -23.41420937
vt 10.16536999 -23.84775925
vt 9.39999962 -24.00000000
vt -9.39999962 -24.00000000
vt -32.50000000 -26.45000076
vt -10.16536999 -23.84775925
vt -10.81420994 -23.41420937
vt -11.24775982 -22.76536942
vt -11.39999962 -22.00000000
vt -11.39999962 22.00000000
vt -32.50000000 26.45000076
vt -11.24775982 22.76536942
vt -10.81420994 23.41420937
vt -10.16536999 23.84775925
vt -9.39999962 24.00000000
vt 9.39999962 24.00000000
vt 32.50000000 26.45000076
vt 10.16536999 23.84775925
vt 10.81420994 23.41420937
vt 11.24775982 22.76536942
vt 32.50000000 -32.45000076
vt 35.09999847 -32.45000076
vt 35.09999847 32.45000076
vt 32.50000000 32.45000076
vt -32.50000000 32.45000076
vt -35.09999847 32.45000076
vt -35.09999847 -32.45000076
vt -32.50000000 -32.45000076
vt 0.40000001 0.00000000
vt 0.00000000 0.00000000
vt 0.40000001 -0.66758800
vt 0.00000000 -0.66758800
vt 0.00000000 -1.33517694
vt 0.40000001 -1.33517694
vt 0.00000000 -2.00276494
vt 0.40000001 -2.00276494
vt 0.40000001 -2.67035389
vt 0.00000000 -2.67035389
vt -70.00000000 0.00000000
vt 0.00000000 0.00000000
vt -70.00000000 0.40000001
vt 0.00000000 0.40000001
vt 0.40000001 0.00000000
vt 0.40000001 -0.66758800
vt 0.00000000 -0.66758800
vt 0.00000000 -1.33517694
vt 0.40000001 -1.33517694
vt 0.00000000 -2.00276494
vt 0.40000001 -2.00276494
vt 0.40000001 -2.67035389
vt 0.00000000 -2.67035389
vt -64.00000000 0.00000000
vt 0.00000000 0.00000000
vt -64.00000000 0.40000001
vt 0.00000000 0.40000001
vt 0.40000001 0.00000000
vt 0.40000001 -0.66758800
vt 0.00000000 -0.66758800
vt 0.00000000 -1.33517694
vt 0.40000001 -1.33517694
vt 0.00000000 -2.00276494
vt 0.40000001 -2.00276494
vt 0.40000001 -2.67035389
vt 0.00000000 -2.67035389
vt -70.00000000 0.00000000
vt 0.00000000 0.00000000
vt -70.00000000 0.40000001
vt 0.00000000 0.40000001
vt 0.40000001 0.00000000
vt 0.40000001 -0.66758800
vt 0.00000000 -0.66758800
vt 0.00000000 -1.33517694
vt 0.40000001 -1.33517694
vt 0.00000000 -2.00276494
vt 0.40000001 -2.00276494
vt 0.40000001 -2.67035389
vt 0.00000000 -2.67035389
vt -64.00000000 0.00000000
vt -64.00000000 0.40000001
vt 0.00000000 0.40000001
vt 36.70000076 32.00000000
vt 33.00000000 -17.00000000
vt 36.70000076 -32.00000000
vt 33.00000000 -18.00000000
vt 33.00000000 -20.60928917
vt 36.57059097 32.65055847
vt 35.00000000 33.70000076
vt 32.25000000 27.79903984
vt 32.79904175 27.25000000
vt 36.20207977 33.20207977
vt 35.65055847 33.57059097
vt -35.00000000 33.70000076
vt 20.00000000 28.00000000
vt 21.00000000 28.00000000
vt 31.50000000 28.00000000
vt -35.65055847 33.57059097
vt -36.20207977 33.20207977
vt -36.57059097 32.65055847
vt -36.70000076 32.00000000
vt -36.70000076 -32.00000000
vt -33.00000000 17.00000000
vt -33.00000000 18.00000000
vt -33.00000000 20.60928917
vt -36.57059097 -32.65055847
vt -35.00000000 -33.70000076
vt -32.25000000 -27.79903984
vt -32.79904175 -27.25000000
vt -36.20207977 -33.20207977
vt -35.65055847 -33.57059097
vt 35.00000000 -33.70000076
vt -20.00000000 -28.00000000
vt -21.00000000 -28.00000000
vt -31.50000000 -28.00000000
vt 35.65055847 -33.57059097
vt 36.20207977 -33.20207977
vt 36.57059097 -32.65055847
vt -29.68474960 21.91781998
vt -28.25506973 22.19551086
vt -31.13378906 22.06389999
vt -26.96607018 22.87340927
vt -25.92711067 23.89402008
vt -25.22632027 25.17071915
vt -24.92317963 26.59522057
vt -31.80934906 22.07703972
vt -32.42213821 21.79236031
vt -32.84782028 21.26762009
vt -24.69232941 27.30431938
vt -24.14854050 27.81463051
vt -23.42621040 28.00000000
vt 20.00000000 27.79999924
vt 21.00000000 27.79999924
vt 33.00000000 26.50000000
vt 32.79999924 -17.00000000
vt 32.79999924 -18.00000000
vt 32.84782028 -21.26762009
vt 32.42213821 -21.79236031
vt 31.80934906 -22.07703972
vt 24.92317963 -26.59522057
vt 31.13378906 -22.06389999
vt 25.22632027 -25.17071915
vt 25.92711067 -23.89402008
vt 26.96607018 -22.87340927
vt 28.25506973 -22.19551086
vt 29.68474960 -21.91781998
vt 24.69232941 -27.30431938
vt 24.14854050 -27.81463051
vt 23.42621040 -28.00000000
vt -20.00000000 -27.79999924
vt -21.00000000 -27.79999924
vt -33.00000000 -26.50000000
vt -32.79999924 17.00000000
vt -32.79999924 18.00000000
vt -2.51327395 -4.46698284
vt -2.51327395 -5.33834696
vt -2.09439492 -4.68482399
vt -2.09439492 -5.33834696
vt -1.67551601 -5.33834696
vt -1.67551601 -4.68482399
vt -1.25663698 -5.33834696
vt -1.25663698 -4.68482399
vt -1.67551601 -4.03130102
vt -1.25663698 -4.03130102
vt -1.67551601 -3.37777805
vt -1.25663698 -3.37777805
vt -1.67551601 -2.72425508
vt -1.25663698 -2.72425508
vt -2.09439492 -2.72425508
vt -2.09439492 -3.37777805
vt -2.09439492 -4.03130102
vt -2.51327395 -2.72425508
vt -2.51327395 -3.59561896
vt -1.25663698 -0.68106401
vt -1.25663698 0.00000000
vt -1.67551601 -0.54485101
vt -1.67551601 0.00000000
vt -2.09439492 0.00000000
vt -2.09439492 -0.54485101
vt -2.51327395 0.00000000
vt -2.51327395 -0.90808499
vt -2.09439492 -1.08970201
vt -2.51327395 -1.81616998
vt -2.09439492 -1.63455296
vt -2.09439492 -2.17940402
vt -1.67551601 -2.17940402
vt -1.67551601 -2.72425508
vt -1.25663698 -2.72425508
vt -2.51327395 -2.72425508
vt -2.09439492 -2.72425508
vt -1.25663698 -2.04319096
vt -1.67551601 -1.63455296
vt -1.25663698 -1.36212802
vt -1.67551601 -1.08970201
vt -1.25663698 3.15199089
vt -1.67551601 3.15199089
vt -1.25663698 2.52159309
vt -1.67551601 2.52159309
vt -1.25663698 1.89119506
vt -1.67551601 1.89119506
vt -1.25663698 1.26079595
vt -1.67551601 1.26079595
vt -1.25663698 0.63039798
vt -1.67551601 0.63039798
vt -1.25663698 0.00000000
vt -1.67551601 0.00000000
vt -2.09439492 0.63039798
vt -2.09439492 0.00000000
vt -2.51327395 0.00000000
vt -2.51327395 0.78799802
vt -2.09439492 1.26079595
vt -2.51327395 1.57599497
vt -2.09439492 1.89119506
vt -2.51327395 2.36399293
vt -2.09439492 2.52159309
vt -2.51327395 3.15199089
vt -2.09439492 3.15199089
vt 1.25663698 -0.30271500
vt 0.83775800 -0.30271500
vt 1.25663698 -1.69580996
vt 0.83775800 -1.69580996
vt 1.25663698 -3.08890605
vt 0.83775800 -3.08890605
vt 1.25663698 -4.48200083
vt 0.83775800 -4.48200083
vt 1.25663698 -5.87509680
vt 0.83775800 -5.87509680
vt 1.25663698 -7.26819181
vt 0.83775800 -7.26819181
vt 1.25663698 -8.66128922
vt 0.83775800 -8.66128922
vt 0.41887900 -7.26819181
vt 0.41887900 -8.66128922
vt 0.00000000 -7.26819181
vt 0.00000000 -8.66128922
vt 0.41887900 -0.30271500
vt 0.41887900 -1.69580996
vt 0.41887900 -3.08890605
vt 0.41887900 -4.48200083
vt 0.41887900 -5.87509680
vt 0.00000000 -0.30271500
vt 0.00000000 -1.69580996
vt 0.00000000 -3.08890605
vt 0.00000000 -4.48200083
vt 0.00000000 -5.87509680
vt -1.25663698 2.72425508
vt -1.67551601 2.72425508
vt -1.25663698 2.07073212
vt -1.67551601 2.07073212
vt -1.25663698 1.41720903
vt -1.67551601 1.41720903
vt -1.25663698 0.76368600
vt -1.67551601 0.76368600
vt -1.25663698 0.11016300
vt -1.67551601 0.11016300
vt -2.09439492 0.76368600
vt -2.09439492 0.11016300
vt -2.51327395 0.11016300
vt -2.51327395 0.98152697
vt -2.09439492 1.41720903
vt -2.51327395 1.85289097
vt -2.09439492 2.07073212
vt -2.51327395 2.72425508
vt -2.09439492 2.72425508
vt -39.92620850 -0.62831903
vt 3.50000000 -0.62831903
vt -39.92620850 -0.20943990
vt 3.50000000 -0.20943990
vt -39.92620850 0.20943990
vt 3.50000000 0.20943990
vt -39.92620850 0.62831903
vt 3.50000000 0.62831903
vt -1.25663698 -6.12957382
vt -1.25663698 -5.44851017
vt -1.67551601 -5.99336100
vt -1.67551601 -5.44851017
vt -2.09439492 -5.44851017
vt -2.09439492 -5.99336100
vt -2.51327395 -5.44851017
vt -2.51327395 -6.35659504
vt -2.09439492 -6.53821182
vt -2.51327395 -7.26467991
vt -2.09439492 -7.08306313
vt -2.09439492 -7.62791300
vt -1.67551601 -7.62791300
vt -1.67551601 -8.17276478
vt -1.25663698 -8.17276478
vt -2.51327395 -8.17276478
vt -2.09439492 -8.17276478
vt -1.25663698 -7.49170113
vt -1.67551601 -7.08306313
vt -1.25663698 -6.81063700
vt -1.67551601 -6.53821182
vt -37.98963165 -0.62831903
vt 5.51036310 -0.62831903
vt -37.98963165 -0.20943990
vt 5.51036310 -0.20943990
vt -37.98963165 0.20943990
vt 5.51036310 0.20943990
vt -37.98963165 0.62831903
vt 5.51036310 0.62831903
vt -1.25663698 -2.29651904
vt -1.67551601 -2.29651904
vt -1.25663698 -2.92691708
vt -1.67551601 -2.92691708
vt -1.25663698 -3.55731606
vt -1.67551601 -3.55731606
vt -1.25663698 -4.18771410
vt -1.67551601 -4.18771410
vt -1.25663698 -4.81811190
vt -1.67551601 -4.81811190
vt -1.25663698 -5.44851017
vt -1.67551601 -5.44851017
vt -2.09439492 -4.81811190
vt -2.09439492 -5.44851017
vt -2.51327395 -5.44851017
vt -2.51327395 -4.66051197
vt -2.09439492 -4.18771410
vt -2.51327395 -3.87251401
vt -2.09439492 -3.55731606
vt -2.51327395 -3.08451700
vt -2.09439492 -2.92691708
vt -2.51327395 -2.29651904
vt -2.09439492 -2.29651904
vt 1.25663698 14.66913033
vt 0.83775800 14.66913033
vt 1.25663698 13.27602959
vt 0.83775800 13.27602959
vt 1.25663698 11.88294029
vt 0.83775800 11.88294029
vt 1.25663698 10.48983955
vt 0.83775800 10.48983955
vt 1.25663698 9.09674454
vt 0.83775800 9.09674454
vt 1.25663698 7.70365000
vt 0.83775800 7.70365000
vt 1.25663698 6.31055498
vt 0.83775800 6.31055498
vt 0.41887900 7.70365000
vt 0.41887900 6.31055498
vt 0.00000000 7.70365000
vt 0.00000000 6.31055498
vt 0.41887900 14.66913033
vt 0.41887900 13.27602959
vt 0.41887900 11.88294029
vt 0.41887900 10.48983955
vt 0.41887900 9.09674454
vt 0.00000000 14.66913033
vt 0.00000000 13.27602959
vt 0.00000000 11.88294029
vt 0.00000000 10.48983955
vt 0.00000000 9.09674454
vt -13.00000000 1.89999998
vt -56.42620850 1.89999998
vt -13.00000000 -0.69999999
vt -56.42620850 -0.69999999
vt 1.89999998 1.17809701
vt -0.69999999 1.17809701
vt 1.89999998 0.39269900
vt -0.69999999 0.39269900
vt 1.89999998 -0.39269900
vt -0.69999999 -0.39269900
vt 1.89999998 -1.17809701
vt -0.69999999 -1.17809701
vt -5.97927523 1.89999998
vt -49.47927094 1.89999998
vt -5.97927523 -0.69999999
vt -49.47927094 -0.69999999
vt -1.89999998 -1.36307096
vt 0.69999999 -1.36307096
vt -1.89999998 -0.68153501
vt 0.69999999 -0.68153501
vt -1.89999998 0.00000000
vt 0.69999999 0.00000000
vt -1.89999998 0.68153501
vt 0.69999999 0.68153501
vt -1.89999998 1.36307096
vt 0.69999999 1.36307096
vt 1.89999998 10.18330002
vt -0.69999999 10.18330002
vt 1.89999998 8.72170830
vt -0.69999999 8.72170830
vt 1.89999998 7.26011801
vt -0.69999999 7.26011801
vt 1.89999998 5.79852819
vt -0.69999999 5.79852819
vt 1.89999998 4.33693790
vt -0.69999999 4.33693790
vt 1.89999998 2.87534809
vt -0.69999999 2.87534809
vt 1.89999998 1.41375804
vt -0.69999999 1.41375804
vt -1.89999998 -1.13045800
vt 0.69999999 -1.13045800
vt -1.89999998 -0.37681901
vt 0.69999999 -0.37681901
vt -1.89999998 0.37681901
vt 0.69999999 0.37681901
vt -1.89999998 1.13045800
vt 0.69999999 1.13045800
vt -1.89999998 -1.13045800
vt 0.69999999 -1.13045800
vt -1.89999998 -0.37681901
vt 0.69999999 -0.37681901
vt -1.89999998 0.37681901
vt 0.69999999 0.37681901
vt -1.89999998 1.13045800
vt 0.69999999 1.13045800
vt -1.89999998 -1.17809701
vt 0.69999999 -1.17809701
vt -1.89999998 -0.39269900
vt 0.69999999 -0.39269900
vt -1.89999998 0.39269900
vt 0.69999999 0.39269900
vt -1.89999998 1.17809701
vt 0.69999999 1.17809701
vt -1.89999998 -1.36307096
vt 0.69999999 -1.36307096
vt -1.89999998 -0.68153501
vt 0.69999999 -0.68153501
vt -1.89999998 0.00000000
vt 0.69999999 0.00000000
vt -1.89999998 0.68153501
vt 0.69999999 0.68153501
vt -1.89999998 1.36307096
vt 0.69999999 1.36307096
vt 1.89999998 10.18330002
vt -0.69999999 10.18330002
vt 1.89999998 8.72170830
vt -0.69999999 8.72170830
vt 1.89999998 7.26011801
vt -0.69999999 7.26011801
vt 1.89999998 5.79852819
vt -0.69999999 5.79852819
vt 1.89999998 4.33693790
vt -0.69999999 4.33693790
vt 1.89999998 2.87534809
vt -0.69999999 2.87534809
vt 1.89999998 1.41375804
vt -0.69999999 1.41375804
vt 49.00000000 1.57079601
vt 35.00000000 1.57079601
vt 49.00000000 0.78539801
vt 35.00000000 0.78539801
vt 49.00000000 0.00000000
vt 35.00000000 0.00000000
vt 49.00000000 -0.78539801
vt 35.00000000 -0.78539801
vt 49.00000000 -1.57079601
vt 35.00000000 -1.57079601
vt 1.12523496 0.92542797
vt 0.84106898 1.74663305
vt 0.44556099 0.87331599
vt 0.12951601 1.40689099
vt -0.33983701 0.87331599
vt -0.58568603 1.08310795
vt -1.28229296 0.67892301
vt -1.91063297 0.00000000
vt -1.12523496 0.00000000
vt -0.33983701 0.00000000
vt 0.44556099 0.00000000
vt -1.28229296 -0.67892301
vt -0.33983701 -0.87331599
vt 0.44556099 -0.87331599
vt 1.12523496 -0.92542797
vt 1.23095906 0.00000000
vt -0.58568603 -1.08310795
vt 0.12951601 -1.40689099
vt 0.84106898 -1.74663305
vt 0.12951601 -1.40689099
vt 0.84106898 -1.74663305
vt 0.44556099 -0.87331599
vt 1.12523496 -0.92542797
vt 0.44556099 0.00000000
vt 1.23095906 0.00000000
vt 1.12523496 0.92542797
vt 0.44556099 0.87331599
vt 0.84106898 1.74663305
vt 0.12951601 1.40689099
vt -0.33983701 0.87331599
vt -0.58568603 1.08310795
vt -1.28229296 0.67892301
vt -1.91063297 0.00000000
vt -1.12523496 0.00000000
vt -0.33983701 0.00000000
vt -1.28229296 -0.67892301
vt -0.33983701 -0.87331599
vt -0.58568603 -1.08310795
vt -1.12523496 -0.92542797
vt -0.84106898 -1.74663305
vt -0.44556099 -0.87331599
vt -0.12951601 -1.40689099
vt 0.33983701 -0.87331599
vt 0.58568603 -1.08310795
vt 1.28229296 -0.67892301
vt 1.91063297 0.00000000
vt 1.12523496 0.00000000
vt 0.33983701 0.00000000
vt -0.44556099 0.00000000
vt 1.28229296 0.67892301
vt 0.58568603 1.08310795
vt 0.33983701 0.87331599
vt -0.44556099 0.87331599
vt -0.12951601 1.40689099
vt -0.84106898 1.74663305
vt -1.12523496 0.92542797
vt -1.23095906 0.00000000
vt -0.12951601 1.40689099
vt -0.84106898 1.74663305
vt -0.44556099 0.87331599
vt -1.12523496 0.92542797
vt -0.44556099 0.00000000
vt -1.23095906 0.00000000
vt -1.12523496 -0.92542797
vt -0.44556099 -0.87331599
vt -0.84106898 -1.74663305
vt -0.12951601 -1.40689099
vt 0.33983701 -0.87331599
vt 0.58568603 -1.08310795
vt 1.28229296 -0.67892301
vt 1.91063297 0.00000000
vt 1.12523496 0.00000000
vt 0.33983701 0.00000000
vt 1.28229296 0.67892301
vt 0.58568603 1.08310795
vt 0.33983701 0.87331599
vt 0.00000000 1.57079601
vt -12.50000000 1.57079601
vt 0.00000000 0.78539801
vt -12.50000000 0.78539801
vt 0.00000000 0.00000000
vt -12.50000000 0.00000000
vt 0.00000000 -0.78539801
vt -12.50000000 -0.78539801
vt 0.00000000 -1.57079601
vt -12.50000000 -1.57079601
vt 0.00000000 1.57079601
vt -12.50000000 1.57079601
vt 0.00000000 0.78539801
vt -12.50000000 0.78539801
vt 0.00000000 0.00000000
vt -12.50000000 0.00000000
vt 0.00000000 -0.78539801
vt -12.50000000 -0.78539801
vt 0.00000000 -1.57079601
vt -12.50000000 -1.57079601
vt -16.50000000 -1.57079601
vt 38.50000000 -1.57079601
vt -16.50000000 -0.78539801
vt 38.50000000 -0.78539801
vt -16.50000000 0.00000000
vt 38.50000000 0.00000000
vt -16.50000000 0.78539801
vt 38.50000000 0.78539801
vt -16.50000000 1.57079601
vt 38.50000000 1.57079601
vt 49.00000000 1.57079601
vt 35.00000000 1.57079601
vt 49.00000000 0.78539801
vt 35.00000000 0.78539801
vt 49.00000000 0.00000000
vt 35.00000000 0.00000000
vt 49.00000000 -0.78539801
vt 35.00000000 -0.78539801
vt 49.00000000 -1.57079601
vt 35.00000000 -1.57079601
vt -0.12951601 1.40689099
vt -0.84106898 1.74663305
vt -0.44556099 0.87331599
vt -1.12523496 0.92542797
vt -0.44556099 0.00000000
vt -1.23095906 0.00000000
vt -1.12523496 -0.92542797
vt -0.44556099 -0.87331599
vt -0.84106898 -1.74663305
vt -0.12951601 -1.40689099
vt 0.33983701 -0.87331599
vt 0.58568603 -1.08310795
vt 1.28229296 -0.67892301
vt 1.91063297 0.00000000
vt 1.12523496 0.00000000
vt 0.33983701 0.00000000
vt 1.28229296 0.67892301
vt 0.58568603 1.08310795
vt 0.33983701 0.87331599
vt 1.12523496 0.92542797
vt 0.84106898 1.74663305
vt 0.44556099 0.87331599
vt 0.12951601 1.40689099
vt -0.33983701 0.87331599
vt -0.58568603 1.08310795
vt -1.28229296 0.67892301
vt -1.91063297 0.00000000
vt -1.12523496 0.00000000
vt -0.33983701 0.00000000
vt 0.44556099 0.00000000
vt -1.28229296 -0.67892301
vt -0.33983701 -0.87331599
vt 0.44556099 -0.87331599
vt 1.12523496 -0.92542797
vt 1.23095906 0.00000000
vt -0.58568603 -1.08310795
vt 0.12951601 -1.40689099
vt 0.84106898 -1.74663305
vt 0.12951601 -1.40689099
vt 0.84106898 -1.74663305
vt 0.44556099 -0.87331599
vt 1.12523496 -0.92542797
vt 0.44556099 0.00000000
vt 1.23095906 0.00000000
vt 1.12523496 0.92542797
vt 0.44556099 0.87331599
vt 0.84106898 1.74663305
vt 0.12951601 1.40689099
vt -0.33983701 0.87331599
vt -0.58568603 1.08310795
vt -1.28229296 0.67892301
vt -1.91063297 0.00000000
vt -1.12523496 0.00000000
vt -0.33983701 0.00000000
vt -1.28229296 -0.67892301
vt -0.33983701 -0.87331599
vt -0.58568603 -1.08310795
vt -1.12523496 -0.92542797
vt -0.84106898 -1.74663305
vt -0.44556099 -0.87331599
vt -0.12951601 -1.40689099
vt 0.33983701 -0.87331599
vt 0.58568603 -1.08310795
vt 1.28229296 -0.67892301
vt 1.91063297 0.00000000
vt 1.12523496 0.00000000
vt 0.33983701 0.00000000
vt -0.44556099 0.00000000
vt 1.28229296 0.67892301
vt 0.58568603 1.08310795
vt 0.33983701 0.87331599
vt -0.44556099 0.87331599
vt -0.12951601 1.40689099
vt -0.84106898 1.74663305
vt -1.12523496 0.92542797
vt -1.23095906 0.00000000
vt -17.50000000 1.57079601
vt -28.00000000 1.57079601
vt -17.50000000 0.78539801
vt -28.00000000 0.78539801
vt -17.50000000 0.00000000
vt -28.00000000 0.00000000
vt -17.50000000 -0.78539801
vt -28.00000000 -0.78539801
vt -17.50000000 -1.57079601
vt -28.00000000 -1.57079601
vt -17.50000000 1.57079601
vt -28.00000000 1.57079601
vt -17.50000000 0.78539801
vt -28.00000000 0.78539801
vt -17.50000000 0.00000000
vt -28.00000000 0.00000000
vt -17.50000000 -0.78539801
vt -28.00000000 -0.78539801
vt -17.50000000 -1.57079601
vt -28.00000000 -1.57079601
vt 34.70000076 -31.10000038
vt 35.00000000 17.00000000
vt 34.70000076 31.10000038
vt 35.00000000 18.00000000
vt 35.00000000 32.00000000
vt 35.00000000 -32.00000000
vt 34.61960983 -31.39999962
vt 34.40000153 -31.61961937
vt 34.09999847 -31.70000076
vt 21.00000000 -32.00000000
vt 20.00000000 -32.00000000
vt -34.09999847 -31.70000076
vt -35.00000000 -32.00000000
vt -34.40000153 -31.61961937
vt -34.61960983 -31.39999962
vt -34.70000076 -31.10000038
vt -35.00000000 -18.00000000
vt -35.00000000 -17.00000000
vt -34.70000076 31.10000038
vt -35.00000000 32.00000000
vt -34.61960983 31.39999962
vt -34.40000153 31.61961937
vt -34.09999847 31.70000076
vt -21.00000000 32.00000000
vt -20.00000000 32.00000000
vt 34.09999847 31.70000076
vt 34.40000153 31.61961937
vt 34.61960983 31.39999962
vt 0.00000000 1.57079601
vt -12.50000000 1.57079601
vt 0.00000000 0.78539801
vt -12.50000000 0.78539801
vt 0.00000000 0.00000000
vt -12.50000000 0.00000000
vt 0.00000000 -0.78539801
vt -12.50000000 -0.78539801
vt 0.00000000 -1.57079601
vt -12.50000000 -1.57079601
vt 0.00000000 1.57079601
vt -12.50000000 1.57079601
vt 0.00000000 0.78539801
vt -12.50000000 0.78539801
vt 0.00000000 0.00000000
vt -12.50000000 0.00000000
vt 0.00000000 -0.78539801
vt -12.50000000 -0.78539801
vt 0.00000000 -1.57079601
vt -12.50000000 -1.57079601
vt -17.50000000 1.57079601
vt -28.00000000 1.57079601
vt -17.50000000 0.78539801
vt -28.00000000 0.78539801
vt -17.50000000 0.00000000
vt -28.00000000 0.00000000
vt -17.50000000 -0.78539801
vt -28.00000000 -0.78539801
vt -17.50000000 -1.57079601
vt -28.00000000 -1.57079601
vt -17.50000000 1.57079601
vt -28.00000000 1.57079601
vt -17.50000000 0.78539801
vt -28.00000000 0.78539801
vt -17.50000000 0.00000000
vt -28.00000000 0.00000000
vt -17.50000000 -0.78539801
vt -28.00000000 -0.78539801
vt -17.50000000 -1.57079601
vt -28.00000000 -1.57079601
vt 7.67117119 25.59662056
vt 7.67117119 23.64443970
vt 8.12494755 25.59662056
vt 8.32909584 23.64871025
vt 8.43897629 25.59662056
vt 8.76236725 23.65169907
vt 8.78303432 25.59660912
vt 8.98726940 25.59638977
vt 9.03074074 23.65379906
vt 10.21164036 24.65316963
vt 9.18473625 23.65530968
vt 10.19814968 24.29187965
vt 9.34376431 23.65979958
vt 9.47394085 23.67157936
vt 10.14645004 24.05406952
vt 9.78860378 23.73600006
vt 10.02661037 23.86371994
vt 10.13216972 25.25691986
vt 9.67756557 25.55182076
vt 9.33235168 25.58983040
vt 9.13460827 25.59379959
vt 10.04885006 25.38558006
vt 9.93789196 25.46668053
f 1/1 2/2 3/3
f 3/3 2/2 4/4
f 3/3 4/4 5/5
f 5/5 4/4 6/6
f 6/6 4/4 7/7
f 7/7 4/4 8/8
f 8/8 4/4 9/9
f 8/8 9/9 10/10
f 11/11 12/12 4/4
f 4/4 12/12 13/13
f 4/4 13/13 9/9
f 14/14 15/15 11/11
f 11/11 15/15 16/16
f 11/11 16/16 17/17
f 18/18 19/19 14/14
f 14/14 19/19 20/20
f 14/14 20/20 21/21
f 3/3 22/22 18/18
f 18/18 22/22 23/23
f 18/18 23/23 24/24
f 25/25 26/26 27/27
f 27/27 26/26 28/28
f 27/27 28/28 29/29
f 30/30 31/31 25/25
f 25/25 31/31 32/32
f 25/25 32/32 33/33
f 31/31 30/30 34/34
f 34/34 30/30 35/35
f 34/34 35/35 14/14
f 14/14 35/35 15/15
f 17/17 36/36 11/11
f 11/11 36/36 37/37
f 11/11 37/37 38/38
f 38/38 37/37 39/39
f 39/39 37/37 40/40
f 40/40 37/37 41/41
f 41/41 37/37 8/8
f 41/41 8/8 42/42
f 42/42 8/8 43/43
f 43/43 8/8 10/10
f 5/5 22/22 3/3
f 18/18 24/24 44/44
f 44/44 24/24 27/27
f 44/44 27/27 45/45
f 45/45 27/27 46/46
f 45/45 46/46 47/47
f 48/48 31/31 49/49
f 49/49 31/31 45/45
f 49/49 45/45 50/50
f 50/50 45/45 47/47
f 48/48 51/51 31/31
f 31/31 51/51 32/32
f 33/33 52/52 25/25
f 25/25 52/52 26/26
f 29/29 46/46 27/27
f 38/38 53/53 11/11
f 11/11 53/53 54/54
f 11/11 54/54 12/12
f 14/14 21/21 55/55
f 55/55 21/21 56/56
f 55/55 56/56 57/57
f 55/55 58/58 14/14
f 14/14 58/58 59/59
f 14/14 59/59 60/60
f 59/59 58/58 61/61
f 61/61 58/58 62/62
f 61/61 62/62 18/18
f 18/18 62/62 63/63
f 18/18 63/63 64/64
f 64/64 63/63 65/65
f 64/64 65/65 66/66
f 64/64 19/19 18/18
f 67/67 68/68 69/69
f 69/69 68/68 70/70
f 69/69 70/70 71/71
f 71/71 70/70 72/72
f 71/71 72/72 73/73
f 73/73 72/72 74/74
f 73/73 74/74 75/75
f 75/75 74/74 76/76
f 75/75 76/76 77/77
f 77/77 76/76 44/44
f 77/77 44/44 78/78
f 78/78 44/44 79/79
f 79/79 44/44 80/80
f 79/79 80/80 81/81
f 81/81 80/80 82/82
f 81/81 82/82 83/83
f 83/83 82/82 34/34
f 83/83 34/34 84/84
f 84/84 34/34 85/85
f 84/84 85/85 86/86
f 68/68 67/67 87/87
f 87/87 67/67 88/88
f 87/87 88/88 89/89
f 89/89 88/88 90/90
f 90/90 88/88 91/91
f 90/90 91/91 92/92
f 92/92 91/91 93/93
f 91/91 88/88 94/94
f 94/94 88/88 95/95
f 94/94 95/95 96/96
f 96/96 95/95 97/97
f 97/97 95/95 98/98
f 97/97 98/98 99/99
f 99/99 98/98 100/100
f 99/99 100/100 101/101
f 101/101 100/100 102/102
f 101/101 102/102 103/103
f 103/103 102/102 85/85
f 103/103 85/85 104/104
f 104/104 85/85 34/34
f 104/104 34/34 105/105
f 105/105 34/34 14/14
f 105/105 14/14 106/106
f 106/106 14/14 60/60
f 106/106 60/60 107/107
f 107/107 60/60 108/108
f 108/108 60/60 109/109
f 108/108 109/109 110/110
f 110/110 109/109 111/111
f 111/111 109/109 112/112
f 111/111 112/112 113/113
f 113/113 112/112 114/114
f 113/113 114/114 115/115
f 115/115 114/114 116/116
f 115/115 116/116 117/117
f 117/117 116/116 118/118
f 118/118 116/116 119/119
f 118/118 119/119 120/120
f 120/120 119/119 121/121
f 121/121 119/119 122/122
f 122/122 119/119 18/18
f 122/122 18/18 44/44
f 86/86 123/123 84/84
f 84/84 123/123 124/124
f 124/124 123/123 125/125
f 124/124 125/125 126/126
f 124/124 126/126 127/127
f 127/127 126/126 128/128
f 127/127 128/128 78/78
f 78/78 128/128 129/129
f 78/78 129/129 130/130
f 130/130 131/131 78/78
f 78/78 131/131 132/132
f 78/78 132/132 77/77
f 76/76 133/133 44/44
f 44/44 133/133 122/122
f 105/105 134/134 133/133
f 133/133 134/134 135/135
f 133/133 135/135 136/136
f 109/109 137/137 112/112
f 112/112 137/137 138/138
f 139/139 140/140 114/114
f 114/114 140/140 116/116
f 119/119 61/61 18/18
f 81/81 141/141 79/79
f 80/80 44/44 142/142
f 142/142 44/44 34/34
f 142/142 34/34 143/143
f 143/143 34/34 82/82
f 106/106 144/144 105/105
f 105/105 144/144 145/145
f 105/105 145/145 146/146
f 146/146 147/147 105/105
f 105/105 147/147 134/134
f 136/136 148/148 133/133
f 133/133 148/148 149/149
f 133/133 149/149 122/122
f 150/150 151/151 152/152
f 152/152 151/151 153/153
f 152/152 153/153 154/154
f 150/150 155/155 151/151
f 151/151 155/155 156/156
f 156/156 155/155 157/157
f 156/156 157/157 158/158
f 159/159 160/160 155/155
f 155/155 160/160 161/161
f 155/155 161/161 157/157
f 157/157 161/161 162/162
f 162/162 161/161 163/163
f 162/162 163/163 164/164
f 164/164 163/163 165/165
f 164/164 165/165 166/166
f 159/159 167/167 160/160
f 160/160 167/167 168/168
f 168/168 167/167 169/169
f 156/156 158/158 170/170
f 170/170 158/158 171/171
f 170/170 171/171 172/172
f 173/173 174/174 175/175
f 175/175 174/174 176/176
f 175/175 176/176 177/177
f 177/177 176/176 178/178
f 178/178 176/176 179/179
f 179/179 176/176 180/180
f 179/179 180/180 181/181
f 177/177 182/182 175/175
f 175/175 182/182 183/183
f 183/183 182/182 184/184
f 185/185 186/186 187/187
f 187/187 186/186 188/188
f 187/187 188/188 189/189
f 189/189 188/188 190/190
f 190/190 188/188 191/191
f 189/189 192/192 187/187
f 187/187 192/192 193/193
f 187/187 193/193 194/194
f 194/194 193/193 195/195
f 196/196 197/197 198/198
f 198/198 197/197 199/199
f 198/198 199/199 200/200
f 200/200 199/199 201/201
f 200/200 201/201 196/196
f 196/196 201/201 202/202
f 196/196 202/202 197/197
f 197/197 202/202 203/203
f 203/203 202/202 204/204
f 203/203 204/204 205/205
f 206/206 207/207 208/208
f 208/208 207/207 209/209
f 208/208 209/209 210/210
f 210/210 209/209 204/204
f 210/210 204/204 202/202
f 201/201 199/199 211/211
f 211/211 199/199 208/208
f 211/211 208/208 210/210
f 212/212 213/213 214/214
f 214/214 213/213 215/215
f 214/214 215/215 216/216
f 216/216 215/215 217/217
f 217/217 215/215 218/218
f 217/217 218/218 219/219
f 219/219 218/218 220/220
f 213/213 212/212 221/221
f 221/221 212/212 222/222
f 221/221 222/222 216/216
f 216/216 222/222 214/214
f 223/223 224/224 225/225
f 225/225 224/224 226/226
f 225/225 226/226 227/227
f 213/213 228/228 223/223
f 223/223 228/228 229/229
f 223/223 229/229 230/230
f 218/218 215/215 231/231
f 231/231 215/215 232/232
f 231/231 232/232 233/233
f 233/233 232/232 234/234
f 233/233 234/234 235/235
f 233/233 236/236 231/231
f 231/231 236/236 237/237
f 231/231 237/237 238/238
f 225/225 239/239 236/236
f 236/236 239/239 240/240
f 236/236 240/240 241/241
f 242/242 243/243 244/244
f 244/244 243/243 221/221
f 244/244 221/221 245/245
f 245/245 221/221 246/246
f 246/246 221/221 231/231
f 246/246 231/231 247/247
f 247/247 231/231 248/248
f 247/247 248/248 249/249
f 243/243 242/242 250/250
f 250/250 242/242 251/251
f 250/250 251/251 252/252
f 252/252 251/251 253/253
f 252/252 253/253 254/254
f 254/254 253/253 255/255
f 255/255 253/253 256/256
f 256/256 253/253 257/257
f 256/256 257/257 258/258
f 258/258 257/257 259/259
f 258/258 259/259 260/260
f 260/260 261/261 258/258
f 258/258 261/261 262/262
f 262/262 261/261 263/263
f 262/262 263/263 264/264
f 262/262 264/264 265/265
f 265/265 264/264 266/266
f 265/265 266/266 267/267
f 267/267 266/266 268/268
f 268/268 266/266 269/269
f 268/268 269/269 270/270
f 270/270 269/269 271/271
f 271/271 269/269 272/272
f 272/272 269/269 273/273
f 273/273 269/269 274/274
f 274/274 269/269 275/275
f 275/275 269/269 238/238
f 238/238 269/269 231/231
f 269/269 248/248 231/231
f 249/249 276/276 247/247
f 277/277 278/278 223/223
f 223/223 278/278 224/224
f 227/227 279/279 225/225
f 225/225 279/279 280/280
f 225/225 280/280 281/281
f 281/281 282/282 225/225
f 225/225 282/282 239/239
f 241/241 283/283 236/236
f 236/236 283/283 284/284
f 236/236 284/284 237/237
f 243/243 285/285 221/221
f 221/221 285/285 228/228
f 221/221 228/228 213/213
f 230/230 277/277 223/223
f 286/286 287/287 288/288
f 288/288 287/287 289/289
f 288/288 289/289 290/290
f 291/291 292/292 286/286
f 286/286 292/292 287/287
f 287/287 293/293 289/289
f 289/289 293/293 294/294
f 289/289 294/294 295/295
f 295/295 294/294 296/296
f 295/295 296/296 297/297
f 293/293 298/298 294/294
f 294/294 298/298 299/299
f 299/299 298/298 300/300
f 299/299 300/300 301/301
f 297/297 302/302 295/295
f 290/290 303/303 288/288
f 288/288 303/303 304/304
f 304/304 303/303 305/305
f 304/304 305/305 306/306
f 306/306 307/307 304/304
f 308/308 309/309 310/310
f 310/310 309/309 311/311
f 310/310 311/311 312/312
f 312/312 311/311 313/313
f 313/313 311/311 314/314
f 313/313 314/314 315/315
f 315/315 314/314 316/316
f 309/309 308/308 317/317
f 317/317 308/308 318/318
f 317/317 318/318 312/312
f 312/312 318/318 310/310
f 319/319 320/320 321/321
f 321/321 320/320 322/322
f 321/321 322/322 323/323
f 309/309 324/324 319/319
f 319/319 324/324 325/325
f 319/319 325/325 326/326
f 314/314 311/311 327/327
f 327/327 311/311 328/328
f 327/327 328/328 329/329
f 329/329 328/328 330/330
f 329/329 330/330 331/331
f 329/329 332/332 327/327
f 327/327 332/332 333/333
f 327/327 333/333 334/334
f 321/321 335/335 332/332
f 332/332 335/335 336/336
f 332/332 336/336 337/337
f 338/338 339/339 340/340
f 340/340 339/339 317/317
f 340/340 317/317 341/341
f 341/341 317/317 342/342
f 342/342 317/317 327/327
f 342/342 327/327 343/343
f 343/343 327/327 344/344
f 343/343 344/344 345/345
f 339/339 338/338 346/346
f 346/346 338/338 347/347
f 346/346 347/347 348/348
f 348/348 347/347 349/349
f 348/348 349/349 350/350
f 350/350 349/349 351/351
f 351/351 349/349 352/352
f 352/352 349/349 353/353
f 352/352 353/353 354/354
f 354/354 353/353 355/355
f 354/354 355/355 356/356
f 356/356 357/357 354/354
f 354/354 357/357 358/358
f 358/358 357/357 359/359
f 358/358 359/359 360/360
f 358/358 360/360 361/361
f 361/361 360/360 362/362
f 361/361 362/362 363/363
f 363/363 362/362 364/364
f 364/364 362/362 365/365
f 364/364 365/365 366/366
f 366/366 365/365 367/367
f 367/367 365/365 368/368
f 368/368 365/365 369/369
f 369/369 365/365 370/370
f 370/370 365/365 371/371
f 371/371 365/365 334/334
f 334/334 365/365 327/327
f 365/365 344/344 327/327
f 345/345 372/372 343/343
f 373/373 374/374 319/319
f 319/319 374/374 320/320
f 323/323 375/375 321/321
f 321/321 375/375 376/376
f 321/321 376/376 377/377
f 377/377 378/378 321/321
f 321/321 378/378 335/335
f 337/337 379/379 332/332
f 332/332 379/379 380/380
f 332/332 380/380 333/333
f 339/339 381/381 317/317
f 317/317 381/381 324/324
f 317/317 324/324 309/309
f 326/326 373/373 319/319
f 382/382 383/383 384/384
f 384/384 383/383 385/385
f 384/384 385/385 386/386
f 387/387 388/388 382/382
f 382/382 388/388 383/383
f 383/383 389/389 385/385
f 385/385 389/389 390/390
f 385/385 390/390 391/391
f 391/391 390/390 392/392
f 391/391 392/392 393/393
f 389/389 394/394 390/390
f 390/390 394/394 395/395
f 395/395 394/394 396/396
f 395/395 396/396 397/397
f 393/393 398/398 391/391
f 386/386 399/399 384/384
f 384/384 399/399 400/400
f 400/400 399/399 401/401
f 400/400 401/401 402/402
f 402/402 403/403 400/400
f 404/404 405/405 406/406
f 406/406 405/405 407/407
f 406/406 407/407 408/408
f 408/408 407/407 409/409
f 409/409 407/407 410/410
f 409/409 410/410 411/411
f 411/411 410/410 412/412
f 411/411 412/412 413/413
f 411/411 413/413 414/414
f 414/414 413/413 406/406
f 414/414 406/406 408/408
f 415/415 416/416 417/417
f 417/417 416/416 418/418
f 417/417 418/418 419/419
f 419/419 418/418 420/420
f 420/420 418/418 421/421
f 420/420 421/421 422/422
f 422/422 421/421 423/423
f 422/422 423/423 424/424
f 422/422 424/424 425/425
f 425/425 424/424 417/417
f 425/425 417/417 419/419
f 426/426 427/427 428/428
f 428/428 427/427 429/429
f 428/428 429/429 430/430
f 430/430 429/429 431/431
f 430/430 431/431 432/432
f 432/432 431/431 433/433
f 433/433 431/431 434/434
f 433/433 434/434 435/435
f 435/435 434/434 436/436
f 435/435 436/436 437/437
f 437/437 436/436 438/438
f 437/437 438/438 439/439
f 439/439 438/438 440/440
f 440/440 438/438 441/441
f 440/440 441/441 442/442
f 440/440 442/442 443/443
f 443/443 442/442 444/444
f 443/443 444/444 445/445
f 445/445 444/444 446/446
f 446/446 444/444 447/447
f 446/446 447/447 448/448
f 448/448 447/447 449/449
f 448/448 449/449 450/450
f 450/450 449/449 451/451
f 451/451 449/449 452/452
f 451/451 452/452 453/453
f 453/453 452/452 454/454
f 453/453 454/454 437/437
f 430/430 432/432 455/455
f 455/455 432/432 456/456
f 455/455 456/456 457/457
f 457/457 456/456 458/458
f 457/457 458/458 459/459
f 439/439 453/453 437/437
f 460/460 461/461 462/462
f 462/462 461/461 463/463
f 464/464 465/465 466/466
f 466/466 465/465 467/467
f 466/466 467/467 468/468
f 468/468 467/467 469/469
f 468/468 469/469 470/470
f 470/470 469/469 471/471
f 470/470 471/471 472/472
f 472/472 471/471 473/473
f 472/472 473/473 474/474
f 474/474 473/473 475/475
f 474/474 475/475 476/476
f 476/476 475/475 477/477
f 476/476 477/477 478/478
f 478/478 477/477 479/479
f 478/478 479/479 460/460
f 460/460 479/479 461/461
f 480/480 481/481 482/482
f 482/482 481/481 483/483
f 484/484 485/485 486/486
f 486/486 485/485 487/487
f 486/486 487/487 488/488
f 488/488 487/487 489/489
f 488/488 489/489 490/490
f 490/490 489/489 491/491
f 490/490 491/491 492/492
f 492/492 491/491 493/493
f 492/492 493/493 494/494
f 494/494 493/493 495/495
f 494/494 495/495 496/496
f 496/496 495/495 497/497
f 496/496 497/497 498/498
f 498/498 497/497 499/499
f 498/498 499/499 480/480
f 480/480 499/499 481/481
f 500/500 501/501 502/502
f 502/502 501/501 503/503
f 504/504 505/505 506/506
f 507/507 503/503 508/508
f 506/506 509/509 510/510
f 511/511 508/508 512/512
f 510/510 513/513 514/514
f 515/515 512/512 516/516
f 514/514 517/517 518/518
f 519/519 516/516 520/520
f 518/518 521/521 522/522
f 523/523 520/520 524/524
f 522/522 525/525 526/526
f 527/527 524/524 528/528
f 526/526 529/529 530/530
f 531/531 528/528 532/532
f 531/531 532/532 533/533
f 533/533 532/532 534/534
f 535/535 536/536 537/537
f 530/530 538/538 539/539
f 530/530 539/539 526/526
f 526/526 539/539 540/540
f 526/526 540/540 522/522
f 522/522 540/540 541/541
f 522/522 541/541 518/518
f 518/518 541/541 542/542
f 518/518 542/542 514/514
f 514/514 542/542 543/543
f 514/514 543/543 510/510
f 510/510 543/543 544/544
f 510/510 544/544 506/506
f 506/506 544/544 545/545
f 506/506 545/545 504/504
f 504/504 545/545 546/546
f 504/504 546/546 535/535
f 535/535 546/546 536/536
f 465/465 536/536 467/467
f 467/467 536/536 546/546
f 467/467 546/546 469/469
f 469/469 546/546 545/545
f 469/469 545/545 471/471
f 471/471 545/545 544/544
f 471/471 544/544 473/473
f 473/473 544/544 543/543
f 473/473 543/543 475/475
f 475/475 543/543 542/542
f 475/475 542/542 477/477
f 477/477 542/542 541/541
f 477/477 541/541 479/479
f 479/479 541/541 540/540
f 479/479 540/540 461/461
f 461/461 540/540 539/539
f 461/461 539/539 463/463
f 465/465 547/547 536/536
f 485/485 534/534 487/487
f 487/487 534/534 532/532
f 487/487 532/532 489/489
f 489/489 532/532 528/528
f 489/489 528/528 491/491
f 491/491 528/528 524/524
f 491/491 524/524 493/493
f 493/493 524/524 520/520
f 493/493 520/520 495/495
f 495/495 520/520 516/516
f 495/495 516/516 497/497
f 497/497 516/516 512/512
f 497/497 512/512 499/499
f 499/499 512/512 508/508
f 499/499 508/508 481/481
f 481/481 508/508 503/503
f 481/481 503/503 483/483
f 485/485 548/548 534/534
f 549/549 550/550 551/551
f 551/551 550/550 552/552
f 551/551 552/552 553/553
f 553/553 552/552 554/554
f 553/553 554/554 555/555
f 549/549 556/556 550/550
f 552/552 557/557 554/554
f 554/554 557/557 558/558
f 558/558 557/557 559/559
f 558/558 559/559 560/560
f 560/560 559/559 561/561
f 553/553 555/555 562/562
f 562/562 555/555 563/563
f 562/562 563/563 564/564
f 564/564 563/563 565/565
f 564/564 565/565 566/566
f 566/566 565/565 567/567
f 566/566 567/567 568/568
f 567/567 565/565 569/569
f 569/569 565/565 570/570
f 569/569 570/570 571/571
f 569/569 571/571 572/572
f 572/572 571/571 573/573
f 572/572 573/573 574/574
f 574/574 573/573 575/575
f 575/575 573/573 576/576
f 575/575 576/576 577/577
f 577/577 576/576 578/578
f 577/577 578/578 579/579
f 579/579 578/578 580/580
f 580/580 578/578 581/581
f 580/580 581/581 568/568
f 568/568 581/581 582/582
f 568/568 582/582 566/566
f 583/583 584/584 585/585
f 585/585 584/584 586/586
f 585/585 586/586 587/587
f 587/587 586/586 588/588
f 587/587 588/588 589/589
f 589/589 588/588 590/590
f 591/591 592/592 593/593
f 593/593 592/592 594/594
f 595/595 596/596 597/597
f 597/597 596/596 598/598
f 597/597 598/598 599/599
f 599/599 598/598 600/600
f 599/599 600/600 601/601
f 601/601 600/600 602/602
f 603/603 604/604 605/605
f 605/605 604/604 606/606
f 607/607 608/608 609/609
f 609/609 608/608 610/610
f 609/609 610/610 611/611
f 612/612 613/613 611/611
f 611/611 613/613 614/614
f 611/611 614/614 609/609
f 615/615 616/616 617/617
f 617/617 616/616 618/618
f 619/619 620/620 621/621
f 621/621 620/620 622/622
f 621/621 622/622 623/623
f 624/624 625/625 623/623
f 623/623 625/625 626/626
f 623/623 626/626 621/621
f 627/627 628/628 629/629
f 629/629 628/628 630/630
f 631/631 632/632 633/633
f 633/633 632/632 634/634
f 635/635 636/636 637/637
f 637/637 636/636 638/638
f 637/637 638/638 639/639
f 639/639 638/638 640/640
f 639/639 640/640 641/641
f 641/641 640/640 642/642
f 641/641 642/642 643/643
f 643/643 642/642 644/644
f 643/643 644/644 645/645
f 645/645 644/644 646/646
f 645/645 646/646 647/647
f 647/647 646/646 648/648
f 649/649 650/650 651/651
f 651/651 650/650 652/652
f 653/653 654/654 655/655
f 655/655 654/654 656/656
f 655/655 656/656 657/657
f 657/657 656/656 658/658
f 657/657 658/658 659/659
f 659/659 658/658 660/660
f 661/661 662/662 663/663
f 663/663 662/662 664/664
f 663/663 664/664 665/665
f 665/665 664/664 666/666
f 665/665 666/666 667/667
f 667/667 666/666 668/668
f 669/669 670/670 671/671
f 671/671 670/670 672/672
f 673/673 674/674 675/675
f 675/675 674/674 676/676
f 675/675 676/676 677/677
f 677/677 676/676 678/678
f 677/677 678/678 679/679
f 679/679 678/678 680/680
f 681/681 682/682 683/683
f 683/683 682/682 684/684
f 683/683 684/684 685/685
f 685/685 684/684 686/686
f 685/685 686/686 687/687
f 687/687 686/686 688/688
f 689/689 690/690 691/691
f 691/691 690/690 692/692
f 691/691 692/692 693/693
f 693/693 692/692 694/694
f 693/693 694/694 695/695
f 695/695 694/694 696/696
f 697/697 698/698 699/699
f 699/699 698/698 700/700
f 701/701 702/702 703/703
f 703/703 702/702 704/704
f 703/703 704/704 705/705
f 705/705 704/704 706/706
f 705/705 706/706 707/707
f 707/707 706/706 708/708
f 709/709 710/710 711/711
f 711/711 710/710 712/712
f 713/713 714/714 715/715
f 715/715 714/714 716/716
f 717/717 718/718 719/719
f 719/719 718/718 720/720
f 719/719 720/720 721/721
f 721/721 720/720 722/722
f 722/722 720/720 723/723
f 717/717 724/724 718/718
f 721/721 725/725 719/719
f 719/719 725/725 726/726
f 726/726 725/725 727/727
f 726/726 727/727 728/728
f 725/725 729/729 727/727
f 727/727 729/729 730/730
f 731/731 732/732 728/728
f 728/728 732/732 726/726
f 733/733 734/734 735/735
f 735/735 734/734 736/736
f 735/735 736/736 737/737
f 737/737 736/736 738/738
f 738/738 736/736 739/739
f 738/738 739/739 740/740
f 740/740 739/739 733/733
f 740/740 733/733 735/735
f 737/737 741/741 735/735
f 735/735 741/741 742/742
f 735/735 742/742 743/743
f 743/743 742/742 744/744
f 743/743 744/744 745/745
f 745/745 744/744 746/746
f 746/746 744/744 747/747
f 746/746 747/747 748/748
f 748/748 747/747 749/749
f 748/748 749/749 740/740
f 740/740 749/749 750/750
f 740/740 750/750 738/738
f 742/742 741/741 749/749
f 749/749 741/741 750/750
f 745/745 751/751 743/743
f 743/743 751/751 752/752
f 743/743 752/752 753/753
f 753/753 752/752 754/754
f 752/752 751/751 755/755
f 755/755 751/751 756/756
f 755/755 756/756 748/748
f 748/748 756/756 746/746
f 748/748 757/757 755/755
f 755/755 757/757 758/758
f 759/759 760/760 761/761
f 761/761 760/760 762/762
f 761/761 762/762 763/763
f 763/763 762/762 764/764
f 763/763 764/764 765/765
f 765/765 764/764 766/766
f 766/766 764/764 767/767
f 766/766 767/767 768/768
f 768/768 767/767 769/769
f 769/769 767/767 770/770
f 769/769 770/770 771/771
f 771/771 770/770 762/762
f 771/771 762/762 760/760
f 772/772 773/773 759/759
f 759/759 773/773 774/774
f 759/759 774/774 760/760
f 760/760 774/774 775/775
f 760/760 775/775 776/776
f 773/773 772/772 765/765
f 765/765 772/772 763/763
f 760/760 776/776 765/765
f 765/765 776/776 773/773
f 769/769 771/771 777/777
f 777/777 771/771 778/778
f 777/777 778/778 779/779
f 768/768 780/780 766/766
f 766/766 780/780 779/779
f 766/766 779/779 781/781
f 781/781 779/779 782/782
f 780/780 777/777 779/779
f 771/771 783/783 778/778
f 778/778 783/783 784/784
f 785/785 786/786 787/787
f 787/787 786/786 788/788
f 787/787 788/788 789/789
f 789/789 788/788 790/790
f 789/789 790/790 791/791
f 791/791 790/790 792/792
f 792/792 790/790 793/793
f 792/792 793/793 794/794
f 794/794 793/793 795/795
f 794/794 795/795 796/796
f 786/786 797/797 788/788
f 788/788 797/797 798/798
f 788/788 798/798 790/790
f 790/790 798/798 793/793
f 797/797 799/799 798/798
f 798/798 799/799 800/800
f 798/798 800/800 793/793
f 793/793 800/800 795/795
f 801/801 802/802 803/803
f 803/803 802/802 804/804
f 803/803 804/804 805/805
f 805/805 804/804 806/806
f 804/804 802/802 807/807
f 807/807 802/802 808/808
f 807/807 808/808 809/809
f 809/809 808/808 810/810
f 811/811 812/812 813/813
f 813/813 812/812 814/814
f 813/813 814/814 815/815
f 815/815 814/814 816/816
f 815/815 816/816 817/817
f 817/817 816/816 818/818
f 818/818 816/816 819/819
f 818/818 819/819 820/820
f 820/820 819/819 821/821
f 820/820 821/821 822/822
f 812/812 823/823 814/814
f 814/814 823/823 824/824
f 814/814 824/824 816/816
f 816/816 824/824 819/819
f 823/823 825/825 824/824
f 824/824 825/825 826/826
f 824/824 826/826 819/819
f 819/819 826/826 821/821
f 827/827 828/828 829/829
f 829/829 828/828 830/830
f 829/829 830/830 831/831
f 831/831 830/830 832/832
f 831/831 832/832 833/833
f 833/833 832/832 834/834
f 835/835 836/836 837/837
f 837/837 836/836 838/838
f 837/837 838/838 839/839
f 839/839 838/838 840/840
f 839/839 840/840 841/841
f 841/841 840/840 842/842
f 842/842 840/840 843/843
f 842/842 843/843 844/844
f 844/844 843/843 845/845
f 844/844 845/845 846/846
f 836/836 847/847 838/838
f 838/838 847/847 848/848
f 838/838 848/848 840/840
f 840/840 848/848 843/843
f 847/847 849/849 848/848
f 848/848 849/849 850/850
f 848/848 850/850 843/843
f 843/843 850/850 845/845
f 851/851 852/852 853/853
f 853/853 852/852 854/854
f 853/853 854/854 855/855
f 855/855 854/854 856/856
f 854/854 852/852 857/857
f 857/857 852/852 858/858
f 857/857 858/858 859/859
f 859/859 858/858 860/860
f 861/861 862/862 863/863
f 863/863 862/862 864/864
f 863/863 864/864 865/865
f 865/865 864/864 866/866
f 865/865 866/866 867/867
f 867/867 866/866 868/868
f 868/868 866/866 869/869
f 868/868 869/869 870/870
f 870/870 869/869 871/871
f 870/870 871/871 872/872
f 862/862 873/873 864/864
f 864/864 873/873 874/874
f 864/864 874/874 866/866
f 866/866 874/874 869/869
f 873/873 875/875 874/874
f 874/874 875/875 876/876
f 874/874 876/876 869/869
f 869/869 876/876 871/871
f 877/877 878/878 879/879
f 879/879 878/878 880/880
f 879/879 880/880 881/881
f 881/881 880/880 882/882
f 881/881 882/882 883/883
f 883/883 882/882 884/884
f 885/885 886/886 887/887
f 887/887 886/886 888/888
f 889/889 890/890 891/891
f 891/891 890/890 892/892
f 891/891 892/892 893/893
f 893/893 892/892 894/894
f 893/893 894/894 895/895
f 895/895 894/894 896/896
f 897/897 898/898 899/899
f 899/899 898/898 900/900
f 901/901 902/902 903/903
f 903/903 902/902 904/904
f 903/903 904/904 905/905
f 905/905 904/904 906/906
f 905/905 906/906 907/907
f 907/907 906/906 908/908
f 909/909 910/910 911/911
f 911/911 910/910 912/912
f 911/911 912/912 913/913
f 913/913 912/912 914/914
f 913/913 914/914 915/915
f 915/915 914/914 916/916
f 917/917 918/918 919/919
f 919/919 918/918 920/920
f 921/921 922/922 923/923
f 923/923 922/922 924/924
f 923/923 924/924 925/925
f 925/925 924/924 926/926
f 925/925 926/926 927/927
f 927/927 926/926 928/928
f 929/929 930/930 931/931
f 931/931 930/930 932/932
f 933/933 934/934 935/935
f 935/935 934/934 936/936
f 935/935 936/936 937/937
f 937/937 936/936 938/938
f 937/937 938/938 939/939
f 939/939 938/938 940/940
f 941/941 942/942 943/943
f 943/943 942/942 944/944
f 945/945 946/946 947/947
f 947/947 946/946 948/948
f 947/947 948/948 949/949
f 949/949 948/948 950/950
f 949/949 950/950 951/951
f 951/951 950/950 952/952
f 951/951 952/952 953/953
f 953/953 952/952 954/954
f 953/953 954/954 955/955
f 955/955 954/954 956/956
f 957/957 958/958 945/945
f 945/945 958/958 959/959
f 945/945 959/959 946/946
f 958/958 957/957 960/960
f 960/960 957/957 961/961
f 960/960 961/961 962/962
f 962/962 963/963 960/960
f 960/960 963/963 953/953
f 953/953 963/963 964/964
f 953/953 964/964 951/951
f 965/965 966/966 967/967
f 967/967 966/966 952/952
f 967/967 952/952 968/968
f 968/968 952/952 969/969
f 969/969 952/952 950/950
f 965/965 970/970 966/966
f 966/966 970/970 959/959
f 966/966 959/959 971/971
f 971/971 959/959 958/958
f 960/960 972/972 958/958
f 958/958 972/972 973/973
f 974/974 975/975 971/971
f 971/971 975/975 966/966
f 954/954 952/952 976/976
f 976/976 952/952 977/977
f 976/976 977/977 978/978
f 979/979 980/980 981/981
f 981/981 980/980 982/982
f 981/981 982/982 983/983
f 983/983 982/982 984/984
f 983/983 984/984 985/985
f 985/985 984/984 986/986
f 987/987 988/988 989/989
f 989/989 988/988 990/990
f 991/991 992/992 993/993
f 993/993 992/992 994/994
f 993/993 994/994 995/995
f 995/995 994/994 996/996
f 995/995 996/996 997/997
f 997/997 996/996 998/998
f 999/999 1000/1000 1001/1001
f 1001/1001 1000/1000 1002/1002
f 1003/1003 1004/1004 1005/1005
f 1005/1005 1004/1004 1006/1006
f 1005/1005 1006/1006 1007/1007
f 1007/1007 1006/1006 1008/1008
f 1007/1007 1008/1008 1009/1009
f 1009/1009 1008/1008 1010/1010
f 1011/1011 1012/1012 1013/1013
f 1013/1013 1012/1012 1014/1014
f 1015/1015 1016/1016 1017/1017
f 1017/1017 1016/1016 1018/1018
f 1017/1017 1018/1018 1019/1019
f 1019/1019 1018/1018 1020/1020
f 1019/1019 1020/1020 1021/1021
f 1021/1021 1020/1020 1022/1022
f 1023/1023 1024/1024 1025/1025
f 1025/1025 1024/1024 1026/1026
f 1025/1025 1026/1026 1027/1027
f 1023/1023 1028/1028 1024/1024
f 1027/1027 1029/1029 1025/1025
f 1030/1030 1031/1031 1032/1032
f 1032/1032 1031/1031 1033/1033
f 1032/1032 1033/1033 1034/1034
f 1035/1035 1036/1036 1030/1030
f 1030/1030 1036/1036 1037/1037
f 1030/1030 1037/1037 1038/1038
f 1039/1039 1040/1040 1035/1035
f 1035/1035 1040/1040 1041/1041
f 1035/1035 1041/1041 1042/1042
f 1032/1032 1043/1043 1039/1039
f 1039/1039 1043/1043 1044/1044
f 1039/1039 1044/1044 1045/1045
f 1046/1046 1047/1047 1048/1048
f 1048/1048 1047/1047 1030/1030
f 1048/1048 1030/1030 1049/1049
f 1049/1049 1030/1030 1050/1050
f 1050/1050 1030/1030 1038/1038
f 1047/1047 1031/1031 1030/1030
f 1031/1031 1051/1051 1033/1033
f 1034/1034 1052/1052 1032/1032
f 1032/1032 1052/1052 1053/1053
f 1032/1032 1053/1053 1054/1054
f 1055/1055 1056/1056 1054/1054
f 1054/1054 1056/1056 1032/1032
f 1056/1056 1043/1043 1032/1032
f 1043/1043 1057/1057 1044/1044
f 1045/1045 1058/1058 1039/1039
f 1039/1039 1058/1058 1059/1059
f 1039/1039 1059/1059 1060/1060
f 1061/1061 1062/1062 1060/1060
f 1060/1060 1062/1062 1039/1039
f 1062/1062 1040/1040 1039/1039
f 1040/1040 1063/1063 1041/1041
f 1042/1042 1064/1064 1035/1035
f 1035/1035 1064/1064 1065/1065
f 1035/1035 1065/1065 1066/1066
f 1067/1067 1068/1068 1066/1066
f 1066/1066 1068/1068 1035/1035
f 1068/1068 1036/1036 1035/1035
f 1036/1036 1069/1069 1037/1037
f 1070/1070 1071/1071 1072/1072
f 1072/1072 1071/1071 1073/1073
f 1072/1072 1073/1073 1074/1074
f 1074/1074 1073/1073 1075/1075
f 1074/1074 1075/1075 1076/1076
f 1076/1076 1075/1075 1077/1077
f 1078/1078 1079/1079 1080/1080
f 1080/1080 1079/1079 1081/1081
f 1080/1080 1081/1081 1082/1082
f 1082/1082 1081/1081 1083/1083
f 1082/1082 1083/1083 1084/1084
f 1084/1084 1083/1083 1085/1085
f 1084/1084 1085/1085 1086/1086
f 1086/1086 1085/1085 1087/1087
f 1086/1086 1087/1087 1088/1088
f 1088/1088 1087/1087 1089/1089
f 1088/1088 1089/1089 1090/1090
f 1090/1090 1089/1089 1091/1091
f 1090/1090 1091/1091 1092/1092
f 1092/1092 1091/1091 1093/1093
f 1092/1092 1093/1093 1094/1094
f 1094/1094 1093/1093 1095/1095
f 1094/1094 1095/1095 1096/1096
f 1096/1096 1095/1095 1097/1097
f 1096/1096 1097/1097 1098/1098
f 1098/1098 1099/1099 1096/1096
f 1100/1100 1101/1101 1102/1102
f 1102/1102 1101/1101 1103/1103
f 1102/1102 1103/1103 1104/1104
f 1104/1104 1103/1103 1105/1105
f 1104/1104 1105/1105 1106/1106
f 1106/1106 1105/1105 1107/1107
f 1108/1108 1109/1109 1110/1110
f 1110/1110 1109/1109 1111/1111
f 1110/1110 1111/1111 1112/1112
f 1112/1112 1111/1111 1113/1113
f 1112/1112 1113/1113 1114/1114
f 1114/1114 1113/1113 1115/1115
f 1114/1114 1115/1115 1116/1116
f 1116/1116 1115/1115 1117/1117
f 1116/1116 1117/1117 1118/1118
f 1118/1118 1117/1117 1119/1119
f 1120/1120 1121/1121 1122/1122
f 1122/1122 1121/1121 1123/1123
f 1122/1122 1123/1123 1124/1124
f 1124/1124 1123/1123 1125/1125
f 1124/1124 1125/1125 1126/1126
f 1126/1126 1125/1125 1127/1127
f 1128/1128 1129/1129 1130/1130
f 1130/1130 1129/1129 1131/1131
f 1130/1130 1131/1131 1132/1132
f 1132/1132 1131/1131 1133/1133
f 1133/1133 1131/1131 1134/1134
f 1133/1133 1134/1134 1135/1135
f 1135/1135 1134/1134 1136/1136
f 1136/1136 1134/1134 1137/1137
f 1137/1137 1134/1134 1138/1138
f 1138/1138 1134/1134 1139/1139
f 1138/1138 1139/1139 1140/1140
f 1140/1140 1139/1139 1141/1141
f 1141/1141 1139/1139 1142/1142
f 1142/1142 1139/1139 1143/1143
f 1142/1142 1143/1143 1144/1144
f 1144/1144 1143/1143 1129/1129
f 1144/1144 1129/1129 1128/1128
f 1139/1139 1145/1145 1143/1143
f 1143/1143 1145/1145 1146/1146
f 1147/1147 1148/1148 1149/1149
f 1149/1149 1148/1148 1150/1150
f 1149/1149 1150/1150 1151/1151
f 1150/1150 1148/1148 1152/1152
f 1152/1152 1148/1148 1153/1153
f 1152/1152 1153/1153 1154/1154
f 1154/1154 1153/1153 1155/1155
f 1154/1154 1155/1155 1156/1156
f 1156/1156 1155/1155 1157/1157
f 1156/1156 1157/1157 1158/1158
f 1158/1158 1157/1157 1159/1159
f 1158/1158 1159/1159 1160/1160
f 1160/1160 1159/1159 1161/1161
f 1160/1160 1162/1162 1158/1158
f 1158/1158 1162/1162 1163/1163
f 1163/1163 1162/1162 1164/1164
f 1163/1163 1164/1164 1165/1165
f 1162/1162 1166/1166 1164/1164
f 1163/1163 1165/1165 1167/1167
f 1167/1167 1165/1165 1168/1168
f 1167/1167 1168/1168 1169/1169
f 1169/1169 1168/1168 1170/1170
f 1169/1169 1170/1170 1171/1171
f 1171/1171 1170/1170 1172/1172
f 1171/1171 1172/1172 1173/1173
f 1173/1173 1172/1172 1174/1174
f 1173/1173 1174/1174 1175/1175
f 1172/1172 1176/1176 1174/1174
f 1177/1177 1178/1178 1175/1175
f 1175/1175 1178/1178 1179/1179
f 1175/1175 1179/1179 1173/1173
f 1179/1179 1178/1178 1180/1180
f 1180/1180 1178/1178 1181/1181
f 1180/1180 1181/1181 1182/1182
f 1182/1182 1181/1181 1183/1183
f 1182/1182 1183/1183 1184/1184
f 1184/1184 1183/1183 1185/1185
f 1184/1184 1185/1185 1186/1186
f 1186/1186 1185/1185 1187/1187
f 1186/1186 1187/1187 1188/1188
f 1188/1188 1187/1187 1189/1189
f 1188/1188 1190/1190 1186/1186
f 1186/1186 1190/1190 1191/1191
f 1191/1191 1190/1190 1192/1192
f 1191/1191 1192/1192 1193/1193
f 1190/1190 1194/1194 1192/1192
f 1191/1191 1193/1193 1195/1195
f 1195/1195 1193/1193 1196/1196
f 1195/1195 1196/1196 1197/1197
f 1197/1197 1196/1196 1198/1198
f 1197/1197 1198/1198 1199/1199
f 1199/1199 1198/1198 1200/1200
f 1199/1199 1200/1200 1151/1151
f 1151/1151 1200/1200 1201/1201
f 1151/1151 1201/1201 1149/1149
f 1200/1200 1202/1202 1201/1201
f 1203/1203 1204/1204 1205/1205
f 1205/1205 1204/1204 1206/1206
f 1205/1205 1206/1206 1207/1207
f 1207/1207 1206/1206 1208/1208
f 1207/1207 1208/1208 1209/1209
f 1209/1209 1208/1208 1210/1210
f 1211/1211 1212/1212 1213/1213
f 1213/1213 1212/1212 1214/1214
f 1213/1213 1214/1214 1215/1215
f 1215/1215 1214/1214 1216/1216
f 1215/1215 1216/1216 1217/1217
f 1217/1217 1216/1216 1218/1218
f 1217/1217 1218/1218 1219/1219
f 1219/1219 1218/1218 1220/1220
f 1219/1219 1220/1220 1221/1221
f 1221/1221 1220/1220 1222/1222
f 1223/1223 1224/1224 1225/1225
f 1225/1225 1224/1224 1226/1226
f 1225/1225 1226/1226 1227/1227
f 1227/1227 1226/1226 1228/1228
f 1227/1227 1228/1228 1229/1229
f 1229/1229 1228/1228 1230/1230
f 1231/1231 1232/1232 1233/1233
f 1233/1233 1232/1232 1234/1234
f 1233/1233 1234/1234 1235/1235
f 1231/1231 1236/1236 1232/1232
f 1235/1235 1237/1237 1233/1233
f 1238/1238 1239/1239 1240/1240
f 1240/1240 1239/1239 1241/1241
f 1240/1240 1241/1241 1242/1242
f 1242/1242 1241/1241 1243/1243
f 1242/1242 1243/1243 1244/1244
f 1244/1244 1243/1243 1245/1245
f 1246/1246 1247/1247 1248/1248
f 1248/1248 1247/1247 1249/1249
f 1248/1248 1249/1249 1250/1250
f 1246/1246 1251/1251 1247/1247
f 1250/1250 1252/1252 1248/1248
f 1253/1253 1254/1254 1255/1255
f 1255/1255 1254/1254 1256/1256
f 1255/1255 1256/1256 1257/1257
f 1257/1257 1256/1256 1258/1258
f 1257/1257 1258/1258 1259/1259
f 1259/1259 1258/1258 1260/1260
f 1261/1261 1262/1262 1263/1263
f 1263/1263 1262/1262 1264/1264
f 1263/1263 1264/1264 1265/1265
f 1265/1265 1264/1264 1266/1266
f 1265/1265 1266/1266 1267/1267
f 1267/1267 1266/1266 1268/1268
f 1267/1267 1268/1268 1269/1269
f 1269/1269 1268/1268 1270/1270
f 1269/1269 1270/1270 1271/1271
f 1271/1271 1270/1270 1272/1272
f 1271/1271 1272/1272 1273/1273
f 1273/1273 1272/1272 1274/1274
f 1273/1273 1274/1274 1275/1275
f 1275/1275 1274/1274 1276/1276
f 1275/1275 1276/1276 1277/1277
f 1277/1277 1276/1276 1278/1278
f 1277/1277 1278/1278 1279/1279
f 1279/1279 1278/1278 1280/1280
f 1279/1279 1280/1280 1281/1281
f 1281/1281 1282/1282 1279/1279
f 1283/1283 1284/1284 1285/1285
f 1285/1285 1284/1284 1286/1286
f 1285/1285 1286/1286 1287/1287
f 1287/1287 1286/1286 1288/1288
f 1287/1287 1288/1288 1289/1289
f 1289/1289 1288/1288 1290/1290
f 1291/1291 1292/1292 1293/1293
f 1293/1293 1292/1292 1294/1294
f 1294/1294 1292/1292 1295/1295
f 1295/1295 1292/1292 1296/1296
f 1295/1295 1296/1296 1297/1297
f 1297/1297 1296/1296 1298/1298
f 1297/1297 1298/1298 1299/1299
f 1299/1299 1298/1298 1300/1300
f 1299/1299 1300/1300 1301/1301
f 1301/1301 1300/1300 1302/1302
f 1301/1301 1302/1302 1303/1303
f 1303/1303 1302/1302 1304/1304
f 1303/1303 1304/1304 1305/1305
f 1305/1305 1304/1304 1306/1306
f 1305/1305 1306/1306 1307/1307
f 1307/1307 1306/1306 1308/1308
f 1307/1307 1308/1308 1309/1309
f 1309/1309 1308/1308 1310/1310
f 1309/1309 1310/1310 1311/1311
f 1311/1311 1310/1310 1312/1312
f 1313/1313 1314/1314 1315/1315
f 1315/1315 1314/1314 1316/1316
f 1315/1315 1316/1316 1317/1317
f 1317/1317 1316/1316 1318/1318
f 1317/1317 1318/1318 1319/1319
f 1319/1319 1318/1318 1320/1320
f 1321/1321 1322/1322 1323/1323
f 1323/1323 1322/1322 1324/1324
f 1323/1323 1324/1324 1325/1325
f 1321/1321 1326/1326 1322/1322
f 1325/1325 1327/1327 1323/1323
f 1328/1328 1329/1329 1330/1330
f 1330/1330 1329/1329 1331/1331
f 1330/1330 1331/1331 1332/1332
f 1332/1332 1331/1331 1333/1333
f 1332/1332 1333/1333 1334/1334
f 1334/1334 1333/1333 1335/1335
f 1336/1336 1337/1337 1338/1338
f 1338/1338 1337/1337 1339/1339
f 1338/1338 1339/1339 1340/1340
f 1340/1340 1339/1339 1341/1341
f 1341/1341 1339/1339 1342/1342
f 1342/1342 1339/1339 1343/1343
f 1342/1342 1343/1343 1344/1344
f 1344/1344 1343/1343 1345/1345
f 1344/1344 1345/1345 1346/1346
f 1346/1346 1345/1345 1347/1347
f 1347/1347 1345/1345 1348/1348
f 1347/1347 1348/1348 1349/1349
f 1349/1349 1348/1348 1350/1350
f 1350/1350 1348/1348 1337/1337
f 1350/1350 1337/1337 1351/1351
f 1351/1351 1337/1337 1352/1352
f 1352/1352 1337/1337 1336/1336
f 1339/1339 1353/1353 1343/1343
f 1343/1343 1353/1353 1354/1354
f 1355/1355 1356/1356 1357/1357
f 1357/1357 1356/1356 1358/1358
f 1357/1357 1358/1358 1359/1359
f 1359/1359 1358/1358 1360/1360
f 1359/1359 1360/1360 1361/1361
f 1361/1361 1360/1360 1362/1362
f 1363/1363 1364/1364 1365/1365
f 1365/1365 1364/1364 1366/1366
f 1366/1366 1364/1364 1367/1367
f 1367/1367 1364/1364 1368/1368
f 1367/1367 1368/1368 1369/1369
f 1369/1369 1368/1368 1370/1370
f 1369/1369 1370/1370 1371/1371
f 1371/1371 1370/1370 1372/1372
f 1371/1371 1372/1372 1373/1373
f 1373/1373 1372/1372 1374/1374
f 1375/1375 1376/1376 1377/1377
f 1377/1377 1376/1376 1378/1378
f 1377/1377 1378/1378 1379/1379
f 1379/1379 1378/1378 1380/1380
f 1379/1379 1380/1380 1381/1381
f 1381/1381 1380/1380 1382/1382
f 1383/1383 1384/1384 1385/1385
f 1385/1385 1384/1384 1386/1386
f 1385/1385 1386/1386 1387/1387
f 1387/1387 1386/1386 1388/1388
f 1387/1387 1388/1388 1389/1389
f 1389/1389 1388/1388 1390/1390
f 1391/1391 1392/1392 1393/1393
f 1393/1393 1392/1392 1394/1394
f 1393/1393 1394/1394 1395/1395
f 1395/1395 1394/1394 1396/1396
f 1395/1395 1396/1396 1397/1397
f 1397/1397 1396/1396 1398/1398
f 1398/1398 1396/1396 1399/1399
f 1398/1398 1399/1399 1400/1400
f 1400/1400 1399/1399 1401/1401
f 1400/1400 1401/1401 1402/1402
f 1402/1402 1401/1401 1403/1403
f 1402/1402 1403/1403 1404/1404
f 1402/1402 1404/1404 1405/1405
f 1405/1405 1404/1404 1406/1406
f 1405/1405 1406/1406 1407/1407
f 1408/1408 1409/1409 1400/1400
f 1400/1400 1409/1409 1410/1410
f 1400/1400 1410/1410 1411/1411
f 1412/1412 1413/1413 1408/1408
f 1408/1408 1413/1413 1409/1409
f 1411/1411 1398/1398 1400/1400
f 1414/1414 1415/1415 1416/1416
f 1416/1416 1415/1415 1417/1417
f 1417/1417 1415/1415 1418/1418
f 1418/1418 1415/1415 1419/1419
f 1418/1418 1419/1419 1420/1420
f 1420/1420 1419/1419 1421/1421
f 1420/1420 1421/1421 1422/1422
f 1422/1422 1421/1421 1423/1423
f 1422/1422 1423/1423 1424/1424
f 1424/1424 1423/1423 1425/1425
f 1426/1426 1427/1427 1428/1428
f 1428/1428 1427/1427 1429/1429
f 1428/1428 1429/1429 1430/1430
f 1430/1430 1429/1429 1431/1431
f 1430/1430 1431/1431 1432/1432
f 1432/1432 1431/1431 1433/1433
f 1434/1434 1435/1435 1436/1436
f 1436/1436 1435/1435 1437/1437
f 1437/1437 1435/1435 1438/1438
f 1438/1438 1435/1435 1439/1439
f 1438/1438 1439/1439 1440/1440
f 1440/1440 1439/1439 1441/1441
f 1440/1440 1441/1441 1442/1442
f 1442/1442 1441/1441 1443/1443
f 1442/1442 1443/1443 1444/1444
f 1444/1444 1443/1443 1445/1445
f 1444/1444 1445/1445 1446/1446
f 1446/1446 1445/1445 1447/1447
f 1446/1446 1447/1447 1448/1448
f 1448/1448 1447/1447 1449/1449
f 1448/1448 1449/1449 1450/1450
f 1450/1450 1449/1449 1451/1451
f 1450/1450 1451/1451 1452/1452
f 1452/1452 1451/1451 1453/1453
f 1452/1452 1453/1453 1454/1454
f 1454/1454 1453/1453 1455/1455
f 1456/1456 1457/1457 1458/1458
f 1458/1458 1457/1457 1459/1459
f 1458/1458 1459/1459 1460/1460
f 1460/1460 1459/1459 1461/1461
f 1460/1460 1461/1461 1462/1462
f 1462/1462 1461/1461 1463/1463
f 1464/1464 1465/1465 1466/1466
f 1466/1466 1465/1465 1467/1467
f 1466/1466 1467/1467 1468/1468
f 1466/1466 1468/1468 1469/1469
f 1469/1469 1468/1468 1470/1470
f 1469/1469 1470/1470 1471/1471
f 1471/1471 1470/1470 1472/1472
f 1471/1471 1472/1472 1473/1473
f 1473/1473 1472/1472 1474/1474
f 1473/1473 1474/1474 1475/1475
f 1476/1476 1477/1477 1478/1478
f 1478/1478 1477/1477 1479/1479
f 1480/1480 1481/1481 1482/1482
f 1482/1482 1481/1481 1483/1483
f 1482/1482 1483/1483 1484/1484
f 1480/1480 1485/1485 1481/1481
f 1484/1484 1486/1486 1482/1482
f 1487/1487 1488/1488 1489/1489
f 1489/1489 1488/1488 1490/1490
f 1489/1489 1490/1490 1491/1491
f 1491/1491 1490/1490 1492/1492
f 1492/1492 1490/1490 1493/1493
f 1494/1494 1495/1495 1496/1496
f 1496/1496 1495/1495 1497/1497
f 1496/1496 1497/1497 1498/1498
f 1498/1498 1497/1497 1499/1499
f 1498/1498 1499/1499 1500/1500
f 1500/1500 1499/1499 1501/1501
f 1500/1500 1501/1501 1502/1502
f 1502/1502 1501/1501 1503/1503
f 1504/1504 1505/1505 1506/1506
f 1506/1506 1505/1505 1507/1507
f 1506/1506 1507/1507 1508/1508
f 1508/1508 1507/1507 1509/1509
f 1508/1508 1509/1509 1510/1510
f 1510/1510 1509/1509 1511/1511
f 1510/1510 1511/1511 1512/1512
f 1512/1512 1511/1511 1513/1513
f 1514/1514 1515/1515 1516/1516
f 1516/1516 1515/1515 1517/1517
f 1516/1516 1517/1517 1518/1518
f 1518/1518 1517/1517 1519/1519
f 1519/1519 1517/1517 1520/1520
f 1520/1520 1517/1517 1521/1521
f 1521/1521 1517/1517 1522/1522
f 1521/1521 1522/1522 1523/1523
f 1524/1524 1525/1525 1526/1526
f 1526/1526 1525/1525 1527/1527
f 1527/1527 1525/1525 1528/1528
f 1527/1527 1528/1528 1529/1529
f 1529/1529 1530/1530 1527/1527
f 1527/1527 1530/1530 1531/1531
f 1527/1527 1531/1531 1532/1532
f 1532/1532 1531/1531 1533/1533
f 1532/1532 1533/1533 1534/1534
f 1534/1534 1535/1535 1532/1532
f 1532/1532 1535/1535 1536/1536
f 1536/1536 1535/1535 1537/1537
f 1536/1536 1537/1537 1538/1538
f 1532/1532 1539/1539 1527/1527
f 1527/1527 1539/1539 1540/1540
f 1527/1527 1540/1540 1541/1541
f 1527/1527 1541/1541 1542/1542
f 1542/1542 1541/1541 1543/1543
f 1542/1542 1543/1543 1544/1544
f 1545/1545 1546/1546 1547/1547
f 1547/1547 1546/1546 1548/1548
f 1547/1547 1548/1548 1549/1549
f 1549/1549 1548/1548 1550/1550
f 1549/1549 1550/1550 1551/1551
f 1551/1551 1550/1550 1552/1552
f 1553/1553 1554/1554 1555/1555
f 1555/1555 1554/1554 1556/1556
f 1555/1555 1556/1556 1557/1557
f 1557/1557 1556/1556 1558/1558
f 1557/1557 1558/1558 1559/1559
f 1559/1559 1558/1558 1560/1560
f 1561/1561 1562/1562 1563/1563
f 1563/1563 1562/1562 1564/1564
f 1565/1565 1566/1566 1567/1567
f 1567/1567 1566/1566 1568/1568
f 1569/1569 1570/1570 1571/1571
f 1571/1571 1570/1570 1572/1572
f 1571/1571 1572/1572 1573/1573
f 1569/1569 1574/1574 1570/1570
f 1573/1573 1575/1575 1571/1571
f 1576/1576 1577/1577 1578/1578
f 1578/1578 1577/1577 1579/1579
f 1578/1578 1579/1579 1580/1580
f 1580/1580 1579/1579 1581/1581
f 1580/1580 1581/1581 1582/1582
f 1582/1582 1581/1581 1583/1583
f 1582/1582 1583/1583 1584/1584
f 1584/1584 1583/1583 1585/1585
f 1586/1586 1587/1587 1588/1588
f 1588/1588 1587/1587 1589/1589
f 1588/1588 1589/1589 1590/1590
f 1590/1590 1589/1589 1591/1591
f 1590/1590 1591/1591 1592/1592
f 1592/1592 1591/1591 1593/1593
f 1592/1592 1593/1593 1594/1594
f 1594/1594 1593/1593 1595/1595
f 1596/1596 1597/1597 1598/1598
f 1598/1598 1597/1597 1599/1599
f 1600/1600 1601/1601 1602/1602
f 1602/1602 1601/1601 1603/1603
f 1603/1603 1601/1601 1604/1604
f 1603/1603 1604/1604 1605/1605
f 1605/1605 1604/1604 1606/1606
f 1605/1605 1606/1606 1607/1607
f 1607/1607 1606/1606 1608/1608
f 1607/1607 1608/1608 1609/1609
f 1609/1609 1608/1608 1610/1610
f 1609/1609 1610/1610 1611/1611
f 1612/1612 1613/1613 1614/1614
f 1614/1614 1613/1613 1615/1615
f 1615/1615 1613/1613 1616/1616
f 1615/1615 1616/1616 1617/1617
f 1617/1617 1616/1616 1618/1618
f 1617/1617 1618/1618 1619/1619
f 1619/1619 1618/1618 1620/1620
f 1619/1619 1620/1620 1621/1621
f 1621/1621 1620/1620 1622/1622
f 1621/1621 1622/1622 1623/1623
f 1623/1623 1622/1622 1624/1624
f 1624/1624 1622/1622 1625/1625
f 1624/1624 1625/1625 1626/1626
f 1624/1624 1626/1626 1627/1627
f 1627/1627 1626/1626 1628/1628
f 1627/1627 1628/1628 1629/1629
f 1629/1629 1628/1628 1630/1630
f 1629/1629 1630/1630 1631/1631
f 1631/1631 1630/1630 1632/1632
f 1632/1632 1630/1630 1633/1633
f 1634/1634 1635/1635 1636/1636
f 1636/1636 1635/1635 1637/1637
f 1636/1636 1637/1637 1638/1638
f 1638/1638 1637/1637 1639/1639
f 1639/1639 1637/1637 1640/1640
f 1641/1641 1642/1642 1643/1643
f 1643/1643 1642/1642 1644/1644
f 1643/1643 1644/1644 1645/1645
f 1645/1645 1644/1644 1646/1646
f 1645/1645 1646/1646 1647/1647
f 1647/1647 1646/1646 1648/1648
f 1647/1647 1648/1648 1649/1649
f 1649/1649 1648/1648 1650/1650
f 1651/1651 1652/1652 1653/1653
f 1653/1653 1652/1652 1654/1654
f 1655/1655 1656/1656 1657/1657
f 1657/1657 1656/1656 1658/1658
f 1659/1659 1660/1660 1661/1661
f 1661/1661 1660/1660 1662/1662
f 1661/1661 1662/1662 1663/1663
f 1663/1663 1662/1662 1664/1664
f 1663/1663 1664/1664 1665/1665
f 1665/1665 1664/1664 1666/1666
f 1665/1665 1666/1666 1667/1667
f 1664/1664 1668/1668 1666/1666
f 1669/1669 1670/1670 1667/1667
f 1667/1667 1670/1670 1671/1671
f 1667/1667 1671/1671 1665/1665
f 1665/1665 1671/1671 1672/1672
f 1672/1672 1671/1671 1673/1673
f 1672/1672 1673/1673 1669/1669
f 1669/1669 1673/1673 1670/1670
f 1672/1672 1669/1669 1674/1674
f 1674/1674 1669/1669 1661/1661
f 1674/1674 1661/1661 1663/1663
f 1675/1675 1676/1676 1677/1677
f 1677/1677 1676/1676 1678/1678
f 1677/1677 1678/1678 1679/1679
f 1679/1679 1678/1678 1680/1680
f 1679/1679 1680/1680 1681/1681
f 1681/1681 1680/1680 1682/1682
f 1683/1683 1684/1684 1685/1685
f 1685/1685 1684/1684 1686/1686
f 1685/1685 1686/1686 1687/1687
f 1687/1687 1686/1686 1688/1688
f 1687/1687 1688/1688 1689/1689
f 1689/1689 1688/1688 1690/1690
f 1691/1691 1692/1692 1693/1693
f 1693/1693 1692/1692 1694/1694
f 1693/1693 1694/1694 1695/1695
f 1695/1695 1694/1694 1696/1696
f 1695/1695 1696/1696 1697/1697
f 1697/1697 1696/1696 1698/1698
f 1697/1697 1698/1698 1699/1699
f 1699/1699 1698/1698 1700/1700
f 1701/1701 1702/1702 1703/1703
f 1703/1703 1702/1702 1704/1704
f 1705/1705 1706/1706 1707/1707
f 1707/1707 1706/1706 1708/1708
f 1708/1708 1706/1706 1709/1709
f 1708/1708 1709/1709 1710/1710
f 1710/1710 1709/1709 1711/1711
f 1710/1710 1711/1711 1712/1712
f 1712/1712 1711/1711 1713/1713
f 1712/1712 1713/1713 1714/1714
f 1714/1714 1713/1713 1715/1715
f 1714/1714 1715/1715 1716/1716
f 1717/1717 1718/1718 1719/1719
f 1719/1719 1718/1718 1720/1720
f 1720/1720 1718/1718 1721/1721
f 1720/1720 1721/1721 1722/1722
f 1722/1722 1721/1721 1723/1723
f 1722/1722 1723/1723 1724/1724
f 1724/1724 1723/1723 1725/1725
f 1724/1724 1725/1725 1726/1726
f 1726/1726 1725/1725 1727/1727
f 1726/1726 1727/1727 1728/1728
f 1728/1728 1727/1727 1729/1729
f 1729/1729 1727/1727 1730/1730
f 1729/1729 1730/1730 1731/1731
f 1729/1729 1731/1731 1732/1732
f 1732/1732 1731/1731 1733/1733
f 1732/1732 1733/1733 1734/1734
f 1734/1734 1733/1733 1735/1735
f 1734/1734 1735/1735 1736/1736
f 1736/1736 1735/1735 1737/1737
f 1737/1737 1735/1735 1738/1738
f 1739/1739 1740/1740 1741/1741
f 1741/1741 1740/1740 1742/1742
f 1741/1741 1742/1742 1743/1743
f 1743/1743 1742/1742 1744/1744
f 1743/1743 1744/1744 1745/1745
f 1745/1745 1744/1744 1746/1746
f 1745/1745 1746/1746 1747/1747
f 1747/1747 1746/1746 1748/1748
f 1749/1749 1750/1750 1751/1751
f 1751/1751 1750/1750 1752/1752
f 1751/1751 1752/1752 1753/1753
f 1753/1753 1752/1752 1754/1754
f 1754/1754 1752/1752 1755/1755
f 1756/1756 1757/1757 1758/1758
f 1758/1758 1757/1757 1759/1759
f 1760/1760 1761/1761 1762/1762
f 1762/1762 1761/1761 1763/1763
f 1762/1762 1763/1763 1764/1764
f 1764/1764 1763/1763 1765/1765
f 1764/1764 1765/1765 1766/1766
f 1766/1766 1765/1765 1767/1767
f 1766/1766 1767/1767 1768/1768
f 1768/1768 1767/1767 1769/1769
f 1770/1770 1771/1771 1772/1772
f 1772/1772 1771/1771 1773/1773
f 1772/1772 1773/1773 1774/1774
f 1774/1774 1773/1773 1775/1775
f 1774/1774 1775/1775 1776/1776
f 1776/1776 1775/1775 1777/1777
f 1776/1776 1777/1777 1778/1778
f 1778/1778 1777/1777 1779/1779
f 1780/1780 1781/1781 1782/1782
f 1782/1782 1781/1781 1783/1783
f 1782/1782 1783/1783 1784/1784
f 1784/1784 1783/1783 1785/1785
f 1784/1784 1785/1785 1786/1786
f 1786/1786 1785/1785 1787/1787
f 1788/1788 1789/1789 1790/1790
f 1790/1790 1789/1789 1791/1791
f 1790/1790 1791/1791 1792/1792
f 1792/1792 1791/1791 1793/1793
f 1793/1793 1791/1791 1794/1794
f 1794/1794 1791/1791 1795/1795
f 1795/1795 1791/1791 1796/1796
f 1795/1795 1796/1796 1797/1797
f 1798/1798 1799/1799 1800/1800
f 1800/1800 1799/1799 1801/1801
f 1800/1800 1801/1801 1802/1802
f 1800/1800 1802/1802 1803/1803
f 1803/1803 1802/1802 1804/1804
f 1803/1803 1804/1804 1805/1805
f 1805/1805 1804/1804 1806/1806
f 1805/1805 1806/1806 1807/1807
f 1807/1807 1806/1806 1808/1808
f 1807/1807 1808/1808 1809/1809
f 1810/1810 1811/1811 1812/1812
f 1812/1812 1811/1811 1813/1813
f 1814/1814 1815/1815 1816/1816
f 1816/1816 1815/1815 1817/1817
f 1816/1816 1817/1817 1818/1818
f 1816/1816 1818/1818 1819/1819
f 1819/1819 1818/1818 1820/1820
f 1819/1819 1820/1820 1821/1821
f 1821/1821 1820/1820 1822/1822
f 1821/1821 1822/1822 1823/1823
f 1823/1823 1822/1822 1824/1824
f 1823/1823 1824/1824 1825/1825
f 1825/1825 1824/1824 1826/1826
f 1826/1826 1824/1824 1827/1827
f 1826/1826 1827/1827 1828/1828
f 1826/1826 1828/1828 1829/1829
f 1829/1829 1828/1828 1830/1830
f 1829/1829 1830/1830 1831/1831
f 1831/1831 1830/1830 1832/1832
f 1831/1831 1832/1832 1833/1833
f 1833/1833 1832/1832 1834/1834
f 1833/1833 1834/1834 1835/1835
f 1836/1836 1837/1837 1838/1838
f 1838/1838 1837/1837 1839/1839
f 1838/1838 1839/1839 1840/1840
f 1836/1836 1841/1841 1837/1837
f 1837/1837 1841/1841 1842/1842
f 1842/1842 1841/1841 1843/1843
f 1842/1842 1843/1843 1844/1844
f 1845/1845 1846/1846 1841/1841
f 1841/1841 1846/1846 1847/1847
f 1841/1841 1847/1847 1843/1843
f 1843/1843 1847/1847 1848/1848
f 1848/1848 1847/1847 1849/1849
f 1848/1848 1849/1849 1850/1850
f 1850/1850 1849/1849 1851/1851
f 1850/1850 1851/1851 1852/1852
f 1845/1845 1853/1853 1846/1846
f 1846/1846 1853/1853 1854/1854
f 1854/1854 1853/1853 1855/1855
f 1842/1842 1844/1844 1856/1856
f 1856/1856 1844/1844 1857/1857
f 1856/1856 1857/1857 1858/1858
f 1859/1859 1860/1860 1861/1861
f 1861/1861 1860/1860 1862/1862
f 1861/1861 1862/1862 1863/1863
f 1863/1863 1862/1862 1864/1864
f 1863/1863 1864/1864 1865/1865
f 1865/1865 1864/1864 1866/1866
f 1865/1865 1866/1866 1867/1867
f 1867/1867 1866/1866 1868/1868
f 1869/1869 1870/1870 1871/1871
f 1871/1871 1870/1870 1872/1872
f 1871/1871 1872/1872 1873/1873
f 1873/1873 1872/1872 1874/1874
f 1873/1873 1874/1874 1875/1875
f 1875/1875 1874/1874 1876/1876
f 1875/1875 1876/1876 1877/1877
f 1877/1877 1876/1876 1878/1878
f 1879/1879 1880/1880 1881/1881
f 1881/1881 1880/1880 1882/1882
f 1881/1881 1882/1882 1883/1883
f 1883/1883 1882/1882 1884/1884
f 1883/1883 1884/1884 1885/1885
f 1885/1885 1884/1884 1886/1886
f 1885/1885 1886/1886 1887/1887
f 1884/1884 1888/1888 1886/1886
f 1889/1889 1890/1890 1887/1887
f 1887/1887 1890/1890 1891/1891
f 1887/1887 1891/1891 1885/1885
f 1885/1885 1891/1891 1892/1892
f 1892/1892 1891/1891 1893/1893
f 1892/1892 1893/1893 1889/1889
f 1889/1889 1893/1893 1890/1890
f 1892/1892 1889/1889 1894/1894
f 1894/1894 1889/1889 1881/1881
f 1894/1894 1881/1881 1883/1883
f 1895/1895 1896/1896 1897/1897
f 1897/1897 1896/1896 1898/1898
f 1897/1897 1898/1898 1899/1899
f 1899/1899 1898/1898 1900/1900
f 1899/1899 1900/1900 1901/1901
f 1901/1901 1900/1900 1902/1902
f 1901/1901 1902/1902 1903/1903
f 1903/1903 1902/1902 1904/1904
f 1905/1905 1906/1906 1907/1907
f 1907/1907 1906/1906 1908/1908
f 1907/1907 1908/1908 1909/1909
f 1909/1909 1908/1908 1910/1910
f 1909/1909 1910/1910 1911/1911
f 1911/1911 1910/1910 1912/1912
f 1911/1911 1912/1912 1913/1913
f 1913/1913 1912/1912 1914/1914
f 1915/1915 1916/1916 1917/1917
f 1917/1917 1916/1916 1918/1918
f 1918/1918 1916/1916 1919/1919
f 1918/1918 1919/1919 1920/1920
f 1920/1920 1919/1919 1921/1921
f 1921/1921 1919/1919 1922/1922
f 1922/1922 1919/1919 1923/1923
f 1922/1922 1923/1923 1924/1924
f 1925/1925 1926/1926 1919/1919
f 1919/1919 1926/1926 1927/1927
f 1919/1919 1927/1927 1928/1928
f 1925/1925 1929/1929 1926/1926
f 1928/1928 1930/1930 1919/1919
f 1919/1919 1930/1930 1923/1923
f 1924/1924 1931/1931 1922/1922
f 1922/1922 1931/1931 1932/1932
f 1922/1922 1932/1932 1933/1933
f 1933/1933 1932/1932 1934/1934
f 1933/1933 1934/1934 1935/1935
f 1936/1936 1937/1937 1938/1938
f 1938/1938 1937/1937 1939/1939
f 1940/1940 1941/1941 1942/1942
f 1942/1942 1941/1941 1943/1943
f 1942/1942 1943/1943 1944/1944
f 1944/1944 1943/1943 1945/1945
f 1944/1944 1945/1945 1946/1946
f 1946/1946 1945/1945 1947/1947
f 1948/1948 1949/1949 1950/1950
f 1950/1950 1949/1949 1951/1951
f 1950/1950 1951/1951 1952/1952
f 1950/1950 1952/1952 1953/1953
f 1953/1953 1952/1952 1954/1954
f 1953/1953 1954/1954 1955/1955
f 1953/1953 1955/1955 1956/1956
f 1956/1956 1955/1955 1957/1957
f 1956/1956 1957/1957 1958/1958
f 1958/1958 1957/1957 1959/1959
f 1958/1958 1959/1959 1960/1960
f 1960/1960 1959/1959 1961/1961
f 1960/1960 1962/1962 1958/1958
f 1958/1958 1962/1962 1963/1963
f 1958/1958 1963/1963 1956/1956
f 1956/1956 1963/1963 1964/1964
f 1956/1956 1964/1964 1953/1953
f 1953/1953 1964/1964 1950/1950
f 1962/1962 1965/1965 1963/1963
f 1963/1963 1965/1965 1966/1966
f 1963/1963 1966/1966 1964/1964
f 1964/1964 1966/1966 1948/1948
f 1964/1964 1948/1948 1950/1950
f 1967/1967 1968/1968 1969/1969
f 1969/1969 1968/1968 1970/1970
f 1969/1969 1970/1970 1971/1971
f 1971/1971 1970/1970 1972/1972
f 1971/1971 1972/1972 1973/1973
f 1973/1973 1972/1972 1974/1974
f 1975/1975 1976/1976 1977/1977
f 1977/1977 1976/1976 1978/1978
f 1977/1977 1978/1978 1979/1979
f 1979/1979 1978/1978 1980/1980
f 1979/1979 1980/1980 1981/1981
f 1981/1981 1980/1980 1982/1982
f 1981/1981 1982/1982 1983/1983
f 1983/1983 1982/1982 1984/1984
f 1984/1984 1982/1982 1985/1985
f 1984/1984 1985/1985 1986/1986
f 1986/1986 1985/1985 1987/1987
f 1987/1987 1985/1985 1988/1988
f 1988/1988 1985/1985 1989/1989
f 1988/1988 1989/1989 1990/1990
f 1990/1990 1989/1989 1991/1991
f 1990/1990 1991/1991 1992/1992
f 1992/1992 1991/1991 1993/1993
f 1993/1993 1991/1991 1978/1978
f 1993/1993 1978/1978 1976/1976
f 1980/1980 1978/1978 1991/1991
f 1982/1982 1980/1980 1989/1989
f 1989/1989 1980/1980 1991/1991
f 1985/1985 1982/1982 1989/1989
f 1994/1994 1995/1995 1996/1996
f 1996/1996 1995/1995 1997/1997
f 1996/1996 1997/1997 1998/1998
f 1998/1998 1997/1997 1999/1999
f 1998/1998 1999/1999 2000/2000
f 2000/2000 1999/1999 2001/2001
f 2002/2002 2003/2003 2004/2004
f 2004/2004 2003/2003 2005/2005
f 2004/2004 2005/2005 2006/2006
f 2006/2006 2005/2005 2007/2007
f 2006/2006 2007/2007 2008/2008
f 2008/2008 2007/2007 2009/2009
f 2008/2008 2009/2009 2010/2010
f 2010/2010 2009/2009 2011/2011
f 2011/2011 2009/2009 2012/2012
f 2011/2011 2012/2012 2013/2013
f 2013/2013 2012/2012 2014/2014
f 2014/2014 2012/2012 2015/2015
f 2015/2015 2012/2012 2016/2016
f 2015/2015 2016/2016 2017/2017
f 2017/2017 2016/2016 2018/2018
f 2017/2017 2018/2018 2019/2019
f 2019/2019 2018/2018 2020/2020
f 2020/2020 2018/2018 2005/2005
f 2020/2020 2005/2005 2003/2003
f 2007/2007 2005/2005 2018/2018
f 2009/2009 2007/2007 2016/2016
f 2016/2016 2007/2007 2018/2018
f 2012/2012 2009/2009 2016/2016
f 2021/2021 2022/2022 2023/2023
f 2023/2023 2022/2022 2024/2024
f 2023/2023 2024/2024 2025/2025
f 2025/2025 2024/2024 2026/2026
f 2025/2025 2026/2026 2027/2027
f 2027/2027 2026/2026 2028/2028
f 2029/2029 2030/2030 2031/2031
f 2031/2031 2030/2030 2032/2032
f 2031/2031 2032/2032 2033/2033
f 2033/2033 2032/2032 2034/2034
f 2033/2033 2034/2034 2035/2035
f 2035/2035 2034/2034 2036/2036
f 2035/2035 2036/2036 2037/2037
f 2037/2037 2036/2036 2038/2038
f 2038/2038 2036/2036 2039/2039
f 2038/2038 2039/2039 2040/2040
f 2040/2040 2039/2039 2041/2041
f 2041/2041 2039/2039 2042/2042
f 2042/2042 2039/2039 2043/2043
f 2042/2042 2043/2043 2044/2044
f 2044/2044 2043/2043 2045/2045
f 2044/2044 2045/2045 2046/2046
f 2046/2046 2045/2045 2047/2047
f 2047/2047 2045/2045 2032/2032
f 2047/2047 2032/2032 2030/2030
f 2034/2034 2032/2032 2045/2045
f 2036/2036 2034/2034 2043/2043
f 2043/2043 2034/2034 2045/2045
f 2039/2039 2036/2036 2043/2043
f 2048/2048 2049/2049 2050/2050
f 2050/2050 2049/2049 2051/2051
f 2050/2050 2051/2051 2052/2052
f 2052/2052 2051/2051 2053/2053
f 2052/2052 2053/2053 2054/2054
f 2054/2054 2053/2053 2055/2055
f 2056/2056 2057/2057 2058/2058
f 2058/2058 2057/2057 2059/2059
f 2060/2060 2061/2061 2062/2062
f 2062/2062 2061/2061 2063/2063
f 2062/2062 2063/2063 2064/2064
f 2064/2064 2063/2063 2065/2065
f 2064/2064 2065/2065 2066/2066
f 2066/2066 2065/2065 2067/2067
f 2066/2066 2067/2067 2068/2068
f 2068/2068 2067/2067 2069/2069
f 2070/2070 2071/2071 2072/2072
f 2072/2072 2071/2071 2073/2073
f 2074/2074 2075/2075 2076/2076
f 2076/2076 2075/2075 2077/2077
f 2076/2076 2077/2077 2078/2078
f 2078/2078 2077/2077 2079/2079
f 2078/2078 2079/2079 2080/2080
f 2080/2080 2079/2079 2081/2081
f 2080/2080 2081/2081 2082/2082
f 2082/2082 2081/2081 2083/2083
f 2084/2084 2085/2085 2086/2086
f 2086/2086 2085/2085 2087/2087
f 2086/2086 2087/2087 2088/2088
f 2084/2084 2089/2089 2085/2085
f 2085/2085 2090/2090 2087/2087
f 2087/2087 2090/2090 2091/2091
f 2091/2091 2090/2090 2092/2092
f 2093/2093 2094/2094 2088/2088
f 2088/2088 2094/2094 2095/2095
f 2088/2088 2095/2095 2096/2096
f 2096/2096 2095/2095 2097/2097
f 2097/2097 2095/2095 2098/2098
f 2093/2093 2099/2099 2094/2094
f 2096/2096 2086/2086 2088/2088
f 2100/2100 2101/2101 2102/2102
f 2102/2102 2101/2101 2103/2103
f 2104/2104 2105/2105 2106/2106
f 2106/2106 2105/2105 2107/2107
f 2106/2106 2107/2107 2108/2108
f 2108/2108 2107/2107 2109/2109
f 2108/2108 2109/2109 2110/2110
f 2110/2110 2109/2109 2111/2111
f 2110/2110 2111/2111 2112/2112
f 2112/2112 2111/2111 2113/2113
f 2114/2114 2115/2115 2116/2116
f 2116/2116 2115/2115 2117/2117
f 2118/2118 2119/2119 2120/2120
f 2120/2120 2119/2119 2121/2121
f 2120/2120 2121/2121 2122/2122
f 2122/2122 2121/2121 2123/2123
f 2122/2122 2123/2123 2124/2124
f 2124/2124 2123/2123 2125/2125
f 2124/2124 2125/2125 2126/2126
f 2126/2126 2125/2125 2127/2127
f 2128/2128 2129/2129 2130/2130
f 2130/2130 2129/2129 2131/2131
f 2132/2132 2133/2133 2134/2134
f 2134/2134 2133/2133 2135/2135
f 2136/2136 2137/2137 2138/2138
f 2138/2138 2137/2137 2139/2139
f 2140/2140 2141/2141 2142/2142
f 2142/2142 2141/2141 2143/2143
f 2144/2144 2145/2145 2146/2146
f 2146/2146 2145/2145 2147/2147
f 2148/2148 2149/2149 2150/2150
f 2150/2150 2149/2149 2151/2151
f 2152/2152 2153/2153 2154/2154
f 2154/2154 2153/2153 2155/2155
f 2156/2156 2157/2157 2158/2158
f 2158/2158 2157/2157 2159/2159
f 2160/2160 2161/2161 2162/2162
f 2162/2162 2161/2161 2163/2163
f 2164/2164 2165/2165 2166/2166
f 2166/2166 2165/2165 2167/2167
f 2166/2166 2167/2167 2168/2168
f 2168/2168 2167/2167 2169/2169
f 2170/2170 2171/2171 2168/2168
f 2168/2168 2171/2171 2166/2166
f 2172/2172 2173/2173 2174/2174
f 2174/2174 2173/2173 2175/2175
f 2176/2176 2177/2177 2178/2178
f 2178/2178 2177/2177 2179/2179
f 2178/2178 2179/2179 2180/2180
f 2180/2180 2179/2179 2181/2181
f 2182/2182 2183/2183 2180/2180
f 2180/2180 2183/2183 2178/2178
f 2184/2184 2185/2185 2186/2186
f 2186/2186 2185/2185 2187/2187
f 2186/2186 2187/2187 2188/2188
f 2188/2188 2189/2189 2186/2186
f 2186/2186 2189/2189 2190/2190
f 2186/2186 2190/2190 2191/2191
f 2186/2186 2191/2191 2192/2192
f 2192/2192 2191/2191 2193/2193
f 2192/2192 2193/2193 2194/2194
f 2194/2194 2195/2195 2192/2192
f 2192/2192 2195/2195 2196/2196
f 2192/2192 2196/2196 2197/2197
f 2192/2192 2197/2197 2198/2198
f 2198/2198 2197/2197 2199/2199
f 2198/2198 2199/2199 2200/2200
f 2200/2200 2201/2201 2198/2198
f 2198/2198 2201/2201 2202/2202
f 2198/2198 2202/2202 2203/2203
f 2198/2198 2203/2203 2204/2204
f 2204/2204 2203/2203 2205/2205
f 2204/2204 2205/2205 2206/2206
f 2206/2206 2207/2207 2204/2204
f 2204/2204 2207/2207 2184/2184
f 2204/2204 2184/2184 2186/2186
f 2208/2208 2209/2209 2186/2186
f 2186/2186 2209/2209 2204/2204
f 2209/2209 2210/2210 2204/2204
f 2204/2204 2210/2210 2211/2211
f 2212/2212 2213/2213 2198/2198
f 2198/2198 2213/2213 2214/2214
f 2198/2198 2214/2214 2192/2192
f 2192/2192 2214/2214 2215/2215
f 2216/2216 2217/2217 2218/2218
f 2218/2218 2217/2217 2219/2219
f 2218/2218 2219/2219 2220/2220
f 2218/2218 2220/2220 2221/2221
f 2221/2221 2220/2220 2222/2222
f 2221/2221 2222/2222 2223/2223
f 2223/2223 2222/2222 2224/2224
f 2224/2224 2222/2222 2225/2225
f 2226/2226 2227/2227 2228/2228
f 2228/2228 2227/2227 2229/2229
f 2230/2230 2227/2227 2231/2231
f 2231/2231 2227/2227 2232/2232
f 2231/2231 2232/2232 2233/2233
f 2231/2231 2233/2233 2234/2234
f 2234/2234 2233/2233 2235/2235
f 2234/2234 2235/2235 2236/2236
f 2236/2236 2235/2235 2237/2237
f 2237/2237 2235/2235 2238/2238
f 2239/2239 2240/2240 2241/2241
f 2241/2241 2240/2240 2242/2242
f 2243/2243 2240/2240 2244/2244
f 2244/2244 2240/2240 2245/2245
f 2244/2244 2245/2245 2246/2246
f 2244/2244 2246/2246 2247/2247
f 2247/2247 2246/2246 2248/2248
f 2247/2247 2248/2248 2249/2249
f 2249/2249 2248/2248 2250/2250
f 2250/2250 2248/2248 2251/2251
f 2252/2252 2253/2253 2254/2254
f 2254/2254 2253/2253 2255/2255
f 2256/2256 2253/2253 2257/2257
f 2257/2257 2253/2253 2258/2258
f 2257/2257 2258/2258 2259/2259
f 2257/2257 2259/2259 2260/2260
f 2260/2260 2259/2259 2261/2261
f 2260/2260 2261/2261 2262/2262
f 2262/2262 2261/2261 2263/2263
f 2263/2263 2261/2261 2264/2264
f 2265/2265 2217/2217 2266/2266
f 2266/2266 2217/2217 2267/2267
f 2268/2268 2269/2269 2270/2270
f 2270/2270 2269/2269 2271/2271
f 2270/2270 2271/2271 2272/2272
f 2273/2273 2274/2274 2268/2268
f 2268/2268 2274/2274 2275/2275
f 2268/2268 2275/2275 2276/2276
f 2273/2273 2277/2277 2274/2274
f 2274/2274 2277/2277 2278/2278
f 2279/2279 2280/2280 2274/2274
f 2274/2274 2280/2280 2281/2281
f 2274/2274 2281/2281 2282/2282
f 2283/2283 2284/2284 2279/2279
f 2279/2279 2284/2284 2285/2285
f 2279/2279 2285/2285 2286/2286
f 2287/2287 2288/2288 2286/2286
f 2286/2286 2288/2288 2289/2289
f 2286/2286 2289/2289 2290/2290
f 2291/2291 2292/2292 2287/2287
f 2287/2287 2292/2292 2293/2293
f 2287/2287 2293/2293 2294/2294
f 2291/2291 2295/2295 2292/2292
f 2292/2292 2295/2295 2296/2296
f 2297/2297 2298/2298 2292/2292
f 2292/2292 2298/2298 2299/2299
f 2292/2292 2299/2299 2300/2300
f 2301/2301 2302/2302 2297/2297
f 2297/2297 2302/2302 2303/2303
f 2297/2297 2303/2303 2270/2270
f 2304/2304 2305/2305 2306/2306
f 2306/2306 2305/2305 2307/2307
f 2306/2306 2307/2307 2308/2308
f 2308/2308 2309/2309 2306/2306
f 2306/2306 2309/2309 2310/2310
f 2306/2306 2310/2310 2311/2311
f 2311/2311 2310/2310 2286/2286
f 2311/2311 2286/2286 2312/2312
f 2312/2312 2286/2286 2313/2313
f 2313/2313 2286/2286 2290/2290
f 2310/2310 2314/2314 2286/2286
f 2286/2286 2314/2314 2279/2279
f 2314/2314 2315/2315 2279/2279
f 2279/2279 2315/2315 2316/2316
f 2279/2279 2316/2316 2280/2280
f 2317/2317 2318/2318 2280/2280
f 2280/2280 2318/2318 2281/2281
f 2282/2282 2275/2275 2274/2274
f 2276/2276 2319/2319 2268/2268
f 2268/2268 2319/2319 2269/2269
f 2269/2269 2320/2320 2271/2271
f 2271/2271 2320/2320 2321/2321
f 2272/2272 2322/2322 2270/2270
f 2270/2270 2322/2322 2323/2323
f 2270/2270 2323/2323 2324/2324
f 2270/2270 2324/2324 2325/2325
f 2325/2325 2324/2324 2326/2326
f 2325/2325 2326/2326 2327/2327
f 2327/2327 2326/2326 2328/2328
f 2328/2328 2326/2326 2329/2329
f 2329/2329 2326/2326 2330/2330
f 2330/2330 2326/2326 2331/2331
f 2325/2325 2332/2332 2270/2270
f 2270/2270 2332/2332 2297/2297
f 2332/2332 2333/2333 2297/2297
f 2297/2297 2333/2333 2334/2334
f 2297/2297 2334/2334 2298/2298
f 2335/2335 2336/2336 2298/2298
f 2298/2298 2336/2336 2299/2299
f 2300/2300 2293/2293 2292/2292
f 2294/2294 2337/2337 2287/2287
f 2287/2287 2337/2337 2288/2288
f 2288/2288 2338/2338 2289/2289
f 2289/2289 2338/2338 2339/2339
f 2340/2340 2341/2341 2342/2342
f 2342/2342 2341/2341 2343/2343
f 2342/2342 2343/2343 2344/2344
f 2342/2342 2344/2344 2345/2345
f 2345/2345 2344/2344 2346/2346
f 2345/2345 2346/2346 2347/2347
f 2345/2345 2347/2347 2348/2348
f 2348/2348 2347/2347 2349/2349
f 2348/2348 2349/2349 2350/2350
f 2350/2350 2349/2349 2351/2351
f 2350/2350 2351/2351 2352/2352
f 2352/2352 2351/2351 2353/2353
f 2352/2352 2354/2354 2350/2350
f 2350/2350 2354/2354 2355/2355
f 2350/2350 2355/2355 2348/2348
f 2348/2348 2355/2355 2356/2356
f 2348/2348 2356/2356 2345/2345
f 2345/2345 2356/2356 2342/2342
f 2354/2354 2357/2357 2355/2355
f 2355/2355 2357/2357 2358/2358
f 2355/2355 2358/2358 2356/2356
f 2356/2356 2358/2358 2340/2340
f 2356/2356 2340/2340 2342/2342
f 2359/2359 2360/2360 2361/2361
f 2361/2361 2360/2360 2362/2362
f 2361/2361 2362/2362 2363/2363
f 2361/2361 2363/2363 2364/2364
f 2364/2364 2363/2363 2365/2365
f 2364/2364 2365/2365 2366/2366
f 2364/2364 2366/2366 2367/2367
f 2367/2367 2366/2366 2368/2368
f 2367/2367 2368/2368 2369/2369
f 2369/2369 2368/2368 2370/2370
f 2369/2369 2370/2370 2371/2371
f 2371/2371 2370/2370 2372/2372
f 2371/2371 2372/2372 2373/2373
f 2368/2368 2374/2374 2370/2370
f 2370/2370 2374/2374 2375/2375
f 2370/2370 2375/2375 2372/2372
f 2373/2373 2376/2376 2371/2371
f 2371/2371 2376/2376 2377/2377
f 2371/2371 2377/2377 2369/2369
f 2369/2369 2377/2377 2367/2367
f 2376/2376 2378/2378 2377/2377
f 2377/2377 2378/2378 2379/2379
f 2377/2377 2379/2379 2367/2367
f 2367/2367 2379/2379 2364/2364
f 2378/2378 2359/2359 2379/2379
f 2379/2379 2359/2359 2361/2361
f 2379/2379 2361/2361 2364/2364
f 2380/2380 2381/2381 2382/2382
f 2382/2382 2381/2381 2383/2383
f 2382/2382 2383/2383 2384/2384
f 2384/2384 2383/2383 2385/2385
f 2384/2384 2385/2385 2386/2386
f 2386/2386 2385/2385 2387/2387
f 2386/2386 2387/2387 2388/2388
f 2388/2388 2387/2387 2389/2389
f 2388/2388 2389/2389 2390/2390
f 2390/2390 2389/2389 2391/2391
f 2391/2391 2389/2389 2392/2392
f 2391/2391 2392/2392 2393/2393
f 2393/2393 2392/2392 2394/2394
f 2394/2394 2392/2392 2395/2395
f 2395/2395 2392/2392 2396/2396
f 2395/2395 2396/2396 2397/2397
f 2397/2397 2396/2396 2398/2398
f 2397/2397 2398/2398 2399/2399
f 2399/2399 2398/2398 2400/2400
f 2399/2399 2400/2400 2401/2401
f 2401/2401 2400/2400 2402/2402
f 2402/2402 2400/2400 2383/2383
f 2402/2402 2383/2383 2381/2381
f 2385/2385 2383/2383 2400/2400
f 2387/2387 2385/2385 2398/2398
f 2398/2398 2385/2385 2400/2400
f 2389/2389 2387/2387 2396/2396
f 2396/2396 2387/2387 2398/2398
f 2392/2392 2389/2389 2396/2396
f 2403/2403 2404/2404 2405/2405
f 2405/2405 2404/2404 2406/2406
f 2405/2405 2406/2406 2407/2407
f 2407/2407 2406/2406 2408/2408
f 2407/2407 2408/2408 2409/2409
f 2409/2409 2408/2408 2410/2410
f 2409/2409 2410/2410 2411/2411
f 2411/2411 2410/2410 2412/2412
f 2411/2411 2412/2412 2413/2413
f 2413/2413 2412/2412 2414/2414
f 2413/2413 2414/2414 2415/2415
f 2415/2415 2414/2414 2416/2416
f 2416/2416 2414/2414 2417/2417
f 2416/2416 2417/2417 2418/2418
f 2418/2418 2417/2417 2419/2419
f 2418/2418 2419/2419 2420/2420
f 2404/2404 2421/2421 2406/2406
f 2406/2406 2421/2421 2422/2422
f 2406/2406 2422/2422 2408/2408
f 2408/2408 2422/2422 2423/2423
f 2408/2408 2423/2423 2410/2410
f 2410/2410 2423/2423 2424/2424
f 2410/2410 2424/2424 2412/2412
f 2412/2412 2424/2424 2425/2425
f 2412/2412 2425/2425 2414/2414
f 2414/2414 2425/2425 2417/2417
f 2421/2421 2426/2426 2422/2422
f 2422/2422 2426/2426 2427/2427
f 2422/2422 2427/2427 2423/2423
f 2423/2423 2427/2427 2428/2428
f 2423/2423 2428/2428 2424/2424
f 2424/2424 2428/2428 2429/2429
f 2424/2424 2429/2429 2425/2425
f 2425/2425 2429/2429 2430/2430
f 2425/2425 2430/2430 2417/2417
f 2417/2417 2430/2430 2419/2419
f 2431/2431 2432/2432 2433/2433
f 2433/2433 2432/2432 2434/2434
f 2433/2433 2434/2434 2435/2435
f 2435/2435 2434/2434 2436/2436
f 2435/2435 2436/2436 2437/2437
f 2437/2437 2436/2436 2438/2438
f 2437/2437 2438/2438 2439/2439
f 2439/2439 2438/2438 2440/2440
f 2440/2440 2438/2438 2441/2441
f 2440/2440 2441/2441 2442/2442
f 2442/2442 2441/2441 2443/2443
f 2443/2443 2441/2441 2444/2444
f 2444/2444 2441/2441 2445/2445
f 2444/2444 2445/2445 2446/2446
f 2446/2446 2445/2445 2447/2447
f 2446/2446 2447/2447 2448/2448
f 2448/2448 2447/2447 2449/2449
f 2449/2449 2447/2447 2434/2434
f 2449/2449 2434/2434 2432/2432
f 2436/2436 2434/2434 2447/2447
f 2438/2438 2436/2436 2445/2445
f 2445/2445 2436/2436 2447/2447
f 2441/2441 2438/2438 2445/2445
f 2450/2450 2451/2451 2452/2452
f 2452/2452 2451/2451 2453/2453
f 2452/2452 2453/2453 2454/2454
f 2454/2454 2453/2453 2455/2455
f 2454/2454 2455/2455 2456/2456
f 2456/2456 2455/2455 2457/2457
f 2458/2458 2459/2459 2460/2460
f 2460/2460 2459/2459 2461/2461
f 2460/2460 2461/2461 2462/2462
f 2460/2460 2462/2462 2463/2463
f 2463/2463 2462/2462 2464/2464
f 2463/2463 2464/2464 2465/2465
f 2463/2463 2465/2465 2466/2466
f 2466/2466 2465/2465 2467/2467
f 2466/2466 2467/2467 2468/2468
f 2468/2468 2467/2467 2469/2469
f 2468/2468 2469/2469 2470/2470
f 2470/2470 2469/2469 2471/2471
f 2470/2470 2471/2471 2472/2472
f 2467/2467 2473/2473 2469/2469
f 2469/2469 2473/2473 2474/2474
f 2469/2469 2474/2474 2471/2471
f 2472/2472 2475/2475 2470/2470
f 2470/2470 2475/2475 2476/2476
f 2470/2470 2476/2476 2468/2468
f 2468/2468 2476/2476 2466/2466
f 2475/2475 2477/2477 2476/2476
f 2476/2476 2477/2477 2478/2478
f 2476/2476 2478/2478 2466/2466
f 2466/2466 2478/2478 2463/2463
f 2477/2477 2458/2458 2478/2478
f 2478/2478 2458/2458 2460/2460
f 2478/2478 2460/2460 2463/2463
f 2479/2479 2480/2480 2481/2481
f 2481/2481 2480/2480 2482/2482
f 2481/2481 2482/2482 2483/2483
f 2483/2483 2482/2482 2484/2484
f 2483/2483 2484/2484 2485/2485
f 2485/2485 2484/2484 2486/2486
f 2487/2487 2488/2488 2489/2489
f 2489/2489 2488/2488 2490/2490
f 2489/2489 2490/2490 2491/2491
f 2491/2491 2490/2490 2492/2492
f 2491/2491 2492/2492 2493/2493
f 2493/2493 2492/2492 2494/2494
f 2493/2493 2494/2494 2495/2495
f 2495/2495 2494/2494 2496/2496
f 2495/2495 2496/2496 2497/2497
f 2497/2497 2496/2496 2498/2498
f 2498/2498 2496/2496 2499/2499
f 2498/2498 2499/2499 2500/2500
f 2500/2500 2499/2499 2501/2501
f 2501/2501 2499/2499 2502/2502
f 2502/2502 2499/2499 2503/2503
f 2502/2502 2503/2503 2504/2504
f 2504/2504 2503/2503 2505/2505
f 2504/2504 2505/2505 2506/2506
f 2506/2506 2505/2505 2507/2507
f 2506/2506 2507/2507 2508/2508
f 2508/2508 2507/2507 2509/2509
f 2509/2509 2507/2507 2490/2490
f 2509/2509 2490/2490 2488/2488
f 2492/2492 2490/2490 2507/2507
f 2494/2494 2492/2492 2505/2505
f 2505/2505 2492/2492 2507/2507
f 2496/2496 2494/2494 2503/2503
f 2503/2503 2494/2494 2505/2505
f 2499/2499 2496/2496 2503/2503
f 2510/2510 2511/2511 2512/2512
f 2512/2512 2511/2511 2513/2513
f 2512/2512 2513/2513 2514/2514
f 2514/2514 2513/2513 2515/2515
f 2514/2514 2515/2515 2516/2516
f 2516/2516 2515/2515 2517/2517
f 2516/2516 2517/2517 2518/2518
f 2518/2518 2517/2517 2519/2519
f 2518/2518 2519/2519 2520/2520
f 2520/2520 2519/2519 2521/2521
f 2520/2520 2521/2521 2522/2522
f 2522/2522 2521/2521 2523/2523
f 2523/2523 2521/2521 2524/2524
f 2523/2523 2524/2524 2525/2525
f 2525/2525 2524/2524 2526/2526
f 2525/2525 2526/2526 2527/2527
f 2511/2511 2528/2528 2513/2513
f 2513/2513 2528/2528 2529/2529
f 2513/2513 2529/2529 2515/2515
f 2515/2515 2529/2529 2530/2530
f 2515/2515 2530/2530 2517/2517
f 2517/2517 2530/2530 2531/2531
f 2517/2517 2531/2531 2519/2519
f 2519/2519 2531/2531 2532/2532
f 2519/2519 2532/2532 2521/2521
f 2521/2521 2532/2532 2524/2524
f 2528/2528 2533/2533 2529/2529
f 2529/2529 2533/2533 2534/2534
f 2529/2529 2534/2534 2530/2530
f 2530/2530 2534/2534 2535/2535
f 2530/2530 2535/2535 2531/2531
f 2531/2531 2535/2535 2536/2536
f 2531/2531 2536/2536 2532/2532
f 2532/2532 2536/2536 2537/2537
f 2532/2532 2537/2537 2524/2524
f 2524/2524 2537/2537 2526/2526
f 2538/2538 2539/2539 2540/2540
f 2540/2540 2539/2539 2541/2541
f 2542/2542 2543/2543 2544/2544
f 2544/2544 2543/2543 2545/2545
f 2544/2544 2545/2545 2546/2546
f 2546/2546 2545/2545 2547/2547
f 2546/2546 2547/2547 2548/2548
f 2548/2548 2547/2547 2549/2549
f 2550/2550 2551/2551 2552/2552
f 2552/2552 2551/2551 2553/2553
f 2554/2554 2555/2555 2556/2556
f 2556/2556 2555/2555 2557/2557
f 2556/2556 2557/2557 2558/2558
f 2558/2558 2557/2557 2559/2559
f 2558/2558 2559/2559 2560/2560
f 2560/2560 2559/2559 2561/2561
f 2560/2560 2561/2561 2562/2562
f 2562/2562 2561/2561 2563/2563
f 2564/2564 2565/2565 2566/2566
f 2566/2566 2565/2565 2567/2567
f 2566/2566 2567/2567 2568/2568
f 2568/2568 2567/2567 2569/2569
f 2568/2568 2569/2569 2570/2570
f 2570/2570 2569/2569 2571/2571
f 2570/2570 2571/2571 2572/2572
f 2572/2572 2571/2571 2573/2573
f 2572/2572 2573/2573 2574/2574
f 2574/2574 2573/2573 2575/2575
f 2574/2574 2575/2575 2576/2576
f 2576/2576 2575/2575 2577/2577
f 2578/2578 2579/2579 2580/2580
f 2580/2580 2579/2579 2581/2581
f 2580/2580 2581/2581 2582/2582
f 2582/2582 2581/2581 2583/2583
f 2582/2582 2583/2583 2584/2584
f 2584/2584 2583/2583 2585/2585
f 2586/2586 2587/2587 2588/2588
f 2588/2588 2587/2587 2589/2589
f 2588/2588 2589/2589 2590/2590
f 2590/2590 2589/2589 2591/2591
f 2590/2590 2591/2591 2592/2592
f 2592/2592 2591/2591 2593/2593
f 2594/2594 2595/2595 2596/2596
f 2596/2596 2595/2595 2597/2597
f 2596/2596 2597/2597 2598/2598
f 2598/2598 2597/2597 2599/2599
f 2598/2598 2599/2599 2600/2600
f 2600/2600 2599/2599 2601/2601
f 2602/2602 2603/2603 2604/2604
f 2604/2604 2603/2603 2605/2605
f 2604/2604 2605/2605 2606/2606
f 2606/2606 2605/2605 2607/2607
f 2606/2606 2607/2607 2608/2608
f 2608/2608 2607/2607 2609/2609
f 2608/2608 2609/2609 2610/2610
f 2610/2610 2609/2609 2611/2611
f 2612/2612 2613/2613 2614/2614
f 2614/2614 2613/2613 2615/2615
f 2614/2614 2615/2615 2616/2616
f 2616/2616 2615/2615 2617/2617
f 2616/2616 2617/2617 2618/2618
f 2618/2618 2617/2617 2619/2619
f 2618/2618 2619/2619 2620/2620
f 2620/2620 2619/2619 2621/2621
f 2620/2620 2621/2621 2622/2622
f 2622/2622 2621/2621 2623/2623
f 2622/2622 2623/2623 2624/2624
f 2624/2624 2623/2623 2625/2625
f 2626/2626 2627/2627 2628/2628
f 2628/2628 2627/2627 2629/2629
f 2628/2628 2629/2629 2630/2630
f 2630/2630 2629/2629 2631/2631
f 2630/2630 2631/2631 2632/2632
f 2632/2632 2631/2631 2633/2633
f 2632/2632 2633/2633 2634/2634
f 2634/2634 2633/2633 2635/2635
f 2636/2636 2637/2637 2638/2638
f 2638/2638 2637/2637 2639/2639
f 2638/2638 2639/2639 2640/2640
f 2640/2640 2639/2639 2641/2641
f 2640/2640 2641/2641 2642/2642
f 2643/2643 2644/2644 2642/2642
f 2642/2642 2644/2644 2645/2645
f 2642/2642 2645/2645 2640/2640
f 2640/2640 2645/2645 2646/2646
f 2640/2640 2646/2646 2638/2638
f 2638/2638 2646/2646 2636/2636
f 2643/2643 2647/2647 2644/2644
f 2644/2644 2647/2647 2648/2648
f 2644/2644 2648/2648 2645/2645
f 2645/2645 2648/2648 2649/2649
f 2645/2645 2649/2649 2646/2646
f 2646/2646 2649/2649 2650/2650
f 2646/2646 2650/2650 2651/2651
f 2647/2647 2652/2652 2648/2648
f 2648/2648 2652/2652 2653/2653
f 2648/2648 2653/2653 2649/2649
f 2649/2649 2653/2653 2654/2654
f 2649/2649 2654/2654 2650/2650
f 2651/2651 2636/2636 2646/2646
f 2655/2655 2656/2656 2657/2657
f 2657/2657 2656/2656 2658/2658
f 2657/2657 2658/2658 2659/2659
f 2659/2659 2658/2658 2660/2660
f 2659/2659 2660/2660 2661/2661
f 2659/2659 2661/2661 2662/2662
f 2662/2662 2661/2661 2663/2663
f 2662/2662 2663/2663 2664/2664
f 2662/2662 2664/2664 2665/2665
f 2665/2665 2664/2664 2666/2666
f 2665/2665 2666/2666 2667/2667
f 2668/2668 2669/2669 2667/2667
f 2667/2667 2669/2669 2670/2670
f 2667/2667 2670/2670 2665/2665
f 2665/2665 2670/2670 2659/2659
f 2665/2665 2659/2659 2662/2662
f 2668/2668 2671/2671 2669/2669
f 2669/2669 2671/2671 2672/2672
f 2669/2669 2672/2672 2670/2670
f 2670/2670 2672/2672 2657/2657
f 2670/2670 2657/2657 2659/2659
f 2671/2671 2673/2673 2672/2672
f 2672/2672 2673/2673 2655/2655
f 2672/2672 2655/2655 2657/2657
f 2674/2674 2675/2675 2676/2676
f 2676/2676 2675/2675 2677/2677
f 2676/2676 2677/2677 2678/2678
f 2678/2678 2677/2677 2679/2679
f 2678/2678 2679/2679 2680/2680
f 2681/2681 2682/2682 2680/2680
f 2680/2680 2682/2682 2683/2683
f 2680/2680 2683/2683 2678/2678
f 2678/2678 2683/2683 2684/2684
f 2678/2678 2684/2684 2676/2676
f 2676/2676 2684/2684 2674/2674
f 2681/2681 2685/2685 2682/2682
f 2682/2682 2685/2685 2686/2686
f 2682/2682 2686/2686 2683/2683
f 2683/2683 2686/2686 2687/2687
f 2683/2683 2687/2687 2688/2688
f 2688/2688 2687/2687 2689/2689
f 2688/2688 2689/2689 2690/2690
f 2686/2686 2689/2689 2687/2687
f 2690/2690 2691/2691 2688/2688
f 2688/2688 2691/2691 2684/2684
f 2688/2688 2684/2684 2683/2683
f 2691/2691 2692/2692 2684/2684
f 2684/2684 2692/2692 2674/2674
f 2693/2693 2694/2694 2695/2695
f 2695/2695 2694/2694 2696/2696
f 2695/2695 2696/2696 2697/2697
f 2697/2697 2696/2696 2698/2698
f 2697/2697 2698/2698 2699/2699
f 2697/2697 2699/2699 2700/2700
f 2700/2700 2699/2699 2701/2701
f 2700/2700 2701/2701 2702/2702
f 2700/2700 2702/2702 2703/2703
f 2703/2703 2702/2702 2704/2704
f 2703/2703 2704/2704 2705/2705
f 2706/2706 2707/2707 2705/2705
f 2705/2705 2707/2707 2708/2708
f 2705/2705 2708/2708 2703/2703
f 2703/2703 2708/2708 2697/2697
f 2703/2703 2697/2697 2700/2700
f 2706/2706 2709/2709 2707/2707
f 2707/2707 2709/2709 2710/2710
f 2707/2707 2710/2710 2708/2708
f 2708/2708 2710/2710 2711/2711
f 2708/2708 2711/2711 2695/2695
f 2695/2695 2711/2711 2693/2693
f 2710/2710 2693/2693 2711/2711
f 2697/2697 2708/2708 2695/2695
f 2712/2712 2713/2713 2714/2714
f 2714/2714 2713/2713 2715/2715
f 2714/2714 2715/2715 2716/2716
f 2716/2716 2715/2715 2717/2717
f 2716/2716 2717/2717 2718/2718
f 2718/2718 2717/2717 2719/2719
f 2718/2718 2719/2719 2720/2720
f 2720/2720 2719/2719 2721/2721
f 2722/2722 2723/2723 2724/2724
f 2724/2724 2723/2723 2725/2725
f 2724/2724 2725/2725 2726/2726
f 2726/2726 2725/2725 2727/2727
f 2726/2726 2727/2727 2728/2728
f 2728/2728 2727/2727 2729/2729
f 2728/2728 2729/2729 2730/2730
f 2730/2730 2729/2729 2731/2731
f 2732/2732 2733/2733 2734/2734
f 2734/2734 2733/2733 2735/2735
f 2734/2734 2735/2735 2736/2736
f 2736/2736 2735/2735 2737/2737
f 2736/2736 2737/2737 2738/2738
f 2738/2738 2737/2737 2739/2739
f 2738/2738 2739/2739 2740/2740
f 2740/2740 2739/2739 2741/2741
f 2742/2742 2743/2743 2744/2744
f 2744/2744 2743/2743 2745/2745
f 2744/2744 2745/2745 2746/2746
f 2746/2746 2745/2745 2747/2747
f 2746/2746 2747/2747 2748/2748
f 2748/2748 2747/2747 2749/2749
f 2748/2748 2749/2749 2750/2750
f 2750/2750 2749/2749 2751/2751
f 2752/2752 2753/2753 2754/2754
f 2754/2754 2753/2753 2755/2755
f 2754/2754 2755/2755 2756/2756
f 2756/2756 2755/2755 2757/2757
f 2756/2756 2757/2757 2758/2758
f 2756/2756 2758/2758 2759/2759
f 2759/2759 2758/2758 2760/2760
f 2759/2759 2760/2760 2761/2761
f 2759/2759 2761/2761 2762/2762
f 2762/2762 2761/2761 2763/2763
f 2762/2762 2763/2763 2764/2764
f 2765/2765 2766/2766 2764/2764
f 2764/2764 2766/2766 2767/2767
f 2764/2764 2767/2767 2762/2762
f 2762/2762 2767/2767 2756/2756
f 2762/2762 2756/2756 2759/2759
f 2765/2765 2768/2768 2766/2766
f 2766/2766 2768/2768 2769/2769
f 2766/2766 2769/2769 2767/2767
f 2767/2767 2769/2769 2770/2770
f 2767/2767 2770/2770 2754/2754
f 2754/2754 2770/2770 2752/2752
f 2769/2769 2752/2752 2770/2770
f 2756/2756 2767/2767 2754/2754
f 2771/2771 2772/2772 2773/2773
f 2773/2773 2772/2772 2774/2774
f 2773/2773 2774/2774 2775/2775
f 2775/2775 2774/2774 2776/2776
f 2775/2775 2776/2776 2777/2777
f 2778/2778 2779/2779 2777/2777
f 2777/2777 2779/2779 2780/2780
f 2777/2777 2780/2780 2775/2775
f 2775/2775 2780/2780 2781/2781
f 2775/2775 2781/2781 2773/2773
f 2773/2773 2781/2781 2771/2771
f 2778/2778 2782/2782 2779/2779
f 2779/2779 2782/2782 2783/2783
f 2779/2779 2783/2783 2780/2780
f 2780/2780 2783/2783 2784/2784
f 2780/2780 2784/2784 2781/2781
f 2781/2781 2784/2784 2785/2785
f 2781/2781 2785/2785 2786/2786
f 2782/2782 2787/2787 2783/2783
f 2783/2783 2787/2787 2788/2788
f 2783/2783 2788/2788 2784/2784
f 2784/2784 2788/2788 2789/2789
f 2784/2784 2789/2789 2785/2785
f 2786/2786 2771/2771 2781/2781
f 2790/2790 2791/2791 2792/2792
f 2792/2792 2791/2791 2793/2793
f 2792/2792 2793/2793 2794/2794
f 2794/2794 2793/2793 2795/2795
f 2794/2794 2795/2795 2796/2796
f 2794/2794 2796/2796 2797/2797
f 2797/2797 2796/2796 2798/2798
f 2797/2797 2798/2798 2799/2799
f 2797/2797 2799/2799 2800/2800
f 2800/2800 2799/2799 2801/2801
f 2800/2800 2801/2801 2802/2802
f 2803/2803 2804/2804 2802/2802
f 2802/2802 2804/2804 2805/2805
f 2802/2802 2805/2805 2800/2800
f 2800/2800 2805/2805 2794/2794
f 2800/2800 2794/2794 2797/2797
f 2803/2803 2806/2806 2804/2804
f 2804/2804 2806/2806 2807/2807
f 2804/2804 2807/2807 2805/2805
f 2805/2805 2807/2807 2792/2792
f 2805/2805 2792/2792 2794/2794
f 2806/2806 2808/2808 2807/2807
f 2807/2807 2808/2808 2790/2790
f 2807/2807 2790/2790 2792/2792
f 2809/2809 2810/2810 2811/2811
f 2811/2811 2810/2810 2812/2812
f 2811/2811 2812/2812 2813/2813
f 2813/2813 2812/2812 2814/2814
f 2813/2813 2814/2814 2815/2815
f 2816/2816 2817/2817 2815/2815
f 2815/2815 2817/2817 2818/2818
f 2815/2815 2818/2818 2813/2813
f 2813/2813 2818/2818 2819/2819
f 2813/2813 2819/2819 2811/2811
f 2811/2811 2819/2819 2809/2809
f 2816/2816 2820/2820 2817/2817
f 2817/2817 2820/2820 2821/2821
f 2817/2817 2821/2821 2818/2818
f 2818/2818 2821/2821 2822/2822
f 2818/2818 2822/2822 2823/2823
f 2823/2823 2822/2822 2824/2824
f 2823/2823 2824/2824 2825/2825
f 2821/2821 2824/2824 2822/2822
f 2825/2825 2826/2826 2823/2823
f 2823/2823 2826/2826 2819/2819
f 2823/2823 2819/2819 2818/2818
f 2826/2826 2827/2827 2819/2819
f 2819/2819 2827/2827 2809/2809
f 2828/2828 2829/2829 2830/2830
f 2830/2830 2829/2829 2831/2831
f 2830/2830 2831/2831 2832/2832
f 2832/2832 2831/2831 2833/2833
f 2832/2832 2833/2833 2834/2834
f 2834/2834 2833/2833 2835/2835
f 2834/2834 2835/2835 2836/2836
f 2836/2836 2835/2835 2837/2837
f 2838/2838 2839/2839 2840/2840
f 2840/2840 2839/2839 2841/2841
f 2840/2840 2841/2841 2842/2842
f 2842/2842 2841/2841 2843/2843
f 2842/2842 2843/2843 2844/2844
f 2844/2844 2843/2843 2845/2845
f 2844/2844 2845/2845 2846/2846
f 2846/2846 2845/2845 2847/2847
f 2848/2848 2849/2849 2850/2850
f 2850/2850 2849/2849 2851/2851
f 2850/2850 2851/2851 2852/2852
f 2849/2849 2848/2848 2853/2853
f 2853/2853 2848/2848 2854/2854
f 2853/2853 2854/2854 2855/2855
f 2855/2855 2856/2856 2853/2853
f 2853/2853 2856/2856 2857/2857
f 2857/2857 2856/2856 2858/2858
f 2858/2858 2856/2856 2859/2859
f 2858/2858 2859/2859 2860/2860
f 2860/2860 2859/2859 2861/2861
f 2860/2860 2861/2861 2862/2862
f 2862/2862 2863/2863 2860/2860
f 2860/2860 2863/2863 2864/2864
f 2864/2864 2863/2863 2865/2865
f 2865/2865 2863/2863 2866/2866
f 2865/2865 2866/2866 2867/2867
f 2867/2867 2866/2866 2868/2868
f 2867/2867 2868/2868 2869/2869
f 2869/2869 2870/2870 2867/2867
f 2867/2867 2870/2870 2871/2871
f 2871/2871 2870/2870 2872/2872
f 2872/2872 2870/2870 2873/2873
f 2872/2872 2873/2873 2852/2852
f 2852/2852 2873/2873 2874/2874
f 2852/2852 2874/2874 2875/2875
f 2875/2875 2850/2850 2852/2852
f 2876/2876 2877/2877 2878/2878
f 2878/2878 2877/2877 2879/2879
f 2878/2878 2879/2879 2880/2880
f 2880/2880 2879/2879 2881/2881
f 2880/2880 2881/2881 2882/2882
f 2882/2882 2881/2881 2883/2883
f 2882/2882 2883/2883 2884/2884
f 2884/2884 2883/2883 2885/2885
f 2886/2886 2887/2887 2888/2888
f 2888/2888 2887/2887 2889/2889
f 2888/2888 2889/2889 2890/2890
f 2890/2890 2889/2889 2891/2891
f 2890/2890 2891/2891 2892/2892
f 2892/2892 2891/2891 2893/2893
f 2892/2892 2893/2893 2894/2894
f 2894/2894 2893/2893 2895/2895
f 2896/2896 2897/2897 2898/2898
f 2898/2898 2897/2897 2899/2899
f 2898/2898 2899/2899 2900/2900
f 2900/2900 2899/2899 2901/2901
f 2900/2900 2901/2901 2902/2902
f 2902/2902 2901/2901 2903/2903
f 2902/2902 2903/2903 2904/2904
f 2904/2904 2903/2903 2905/2905
f 2906/2906 2907/2907 2908/2908
f 2908/2908 2907/2907 2909/2909
f 2908/2908 2909/2909 2910/2910
f 2910/2910 2909/2909 2911/2911
f 2910/2910 2911/2911 2912/2912
f 2912/2912 2911/2911 2913/2913
f 2912/2912 2913/2913 2914/2914
f 2914/2914 2913/2913 2915/2915
f 2916/2916 2917/2917 2918/2918
f 2918/2918 2917/2917 2919/2919
f 2918/2918 2919/2919 2920/2920
f 2920/2920 2919/2919 2921/2921
f 2920/2920 2921/2921 2922/2922
f 2922/2922 2921/2921 2923/2923
f 2923/2923 2921/2921 2924/2924
f 2923/2923 2924/2924 2925/2925
f 2925/2925 2924/2924 2926/2926
f 2925/2925 2926/2926 2927/2927
f 2927/2927 2926/2926 2928/2928
f 2927/2927 2928/2928 2929/2929
f 2927/2927 2929/2929 2930/2930
f 2930/2930 2929/2929 2931/2931
f 2930/2930 2931/2931 2932/2932
f 2933/2933 2934/2934 2925/2925
f 2925/2925 2934/2934 2935/2935
f 2925/2925 2935/2935 2936/2936
f 2937/2937 2938/2938 2933/2933
f 2933/2933 2938/2938 2934/2934
f 2936/2936 2923/2923 2925/2925

